wave,flux,err,best_fit_spec
1250.0079333700112,1.5036036,0.11929683,1.3346924348982285
1250.0213746407169,1.3502702,0.120663784,1.3375991415496538
1250.0348156466866,1.5592816,0.12521042,1.3404185106252653
1250.0482563879352,1.3287783,0.11773608,1.3431497090812023
1250.0616968644786,1.5052912,0.12677202,1.3457784239241914
1250.0751370763326,1.5415508,0.13024455,1.3483144537195408
1250.0885770235125,1.6305811,0.12630637,1.3507479097951631
1250.1020167060344,1.3131546,0.1141158,1.353078584636904
1250.1154561239132,1.515496,0.12366314,1.355312202743435
1250.1288952771654,1.4348916,0.119534016,1.3574325247381576
1250.1423341658062,1.3702183,0.11582661,1.3594537451337378
1250.1557727898505,1.5688974,0.12462593,1.361369578573527
1250.1692111493155,1.3080553,0.1122133,1.363175992111717
1250.1826492442156,1.453749,0.12918308,1.3648819414106368
1250.196087074567,1.6991191,0.12580709,1.3664733983963893
1250.2095246403849,1.309699,0.1170236,1.367959663156012
1250.2229619416853,1.2447873,0.118350714,1.3693377966303275
1250.2363989784837,1.4160103,0.11829869,1.370596184128541
1250.2498357507957,1.4867302,0.1247978,1.3717432218671888
1250.263272258637,1.363934,0.11261906,1.3727603396591919
1250.2767085020228,1.3290794,0.11225639,1.373646458282518
1250.2901444809695,1.4227047,0.12322111,1.3743986859268758
1250.303580195492,1.1734164,0.112622924,1.3749976249785487
1250.3170156456063,1.395012,0.11448414,1.3754735698369684
1250.3304508313274,1.2463349,0.114380285,1.3758407031438027
1250.343885752672,1.3420733,0.11522948,1.3761414102658343
1250.3573204096547,1.4259746,0.11545819,1.3764122386243298
1250.370754802292,1.3259927,0.11550387,1.376675747248256
1250.3841889305982,1.4917073,0.116459586,1.3769441753883653
1250.3976227945902,1.4475529,0.11687249,1.3772185462667377
1250.4110563942836,1.2780257,0.10920048,1.3774934980513953
1250.4244897296928,1.4350071,0.1148156,1.3777612717122858
1250.437922800834,1.3329648,0.116606124,1.3780103399400732
1250.4513556077234,1.2438238,0.1141113,1.3782321428259257
1250.4647881503756,1.2760947,0.1104195,1.3784170200935109
1250.4782204288072,1.381939,0.11779731,1.3785516889868323
1250.491652443033,1.3438163,0.12010784,1.3786336450505765
1250.505084193069,1.0061966,0.09959904,1.3786492027974941
1250.5185156789303,1.2232546,0.109876014,1.3785956279352558
1250.5319469006333,1.313776,0.109581694,1.3784694120076468
1250.5453778581928,0.831358,0.09571685,1.3782572349969797
1250.558808551625,0.5318429,0.094784714,1.3779657794102564
1250.5722389809448,0.63006175,0.08897828,1.3775847185037458
1250.5856691461684,0.46333975,0.07835295,1.3771146827583793
1250.5990990473115,0.7331423,0.09055016,1.376561269642957
1250.6125286843887,0.55713856,0.09238233,1.375915022800534
1250.6259580574163,0.3234532,0.074808754,1.3751945399173389
1250.63938716641,0.4569951,0.07933158,1.374403010931921
1250.652816011385,0.15913033,0.062162504,1.3735520732333217
1250.666244592357,0.09268311,0.070670605,1.3726573712007335
1250.6796729093421,0.25931415,0.08229051,1.3717255253317273
1250.6931009623545,0.40820253,0.07640152,1.370770236989113
1250.7065287514115,0.6842934,0.08868318,1.3697969591439798
1250.7199562765277,1.1312022,0.115777254,1.3688087316945818
1250.7333835377183,1.193715,0.105235875,1.3678074954052948
1250.746810534999,1.2688779,0.11073257,1.3667889763561563
1250.760237268386,1.5279812,0.11803178,1.365749576976425
1250.773663737895,1.46342,0.11396309,1.3646832776547022
1250.787089943541,1.3787769,0.117801555,1.3635802338871381
1250.800515885339,1.4934155,0.11897417,1.362439073348639
1250.8139415633057,1.2867366,0.11437256,1.3612514279754835
1250.8273669774562,1.5574046,0.12248671,1.3600169521957317
1250.840792127806,1.3305283,0.10888129,1.3587367987675711
1250.8542170143703,1.4555203,0.12246213,1.3574064787812623
1250.8676416371654,1.2254906,0.11105518,1.3560348959101256
1250.8810659962066,1.2850275,0.121368974,1.3546221150132705
1250.8944900915087,1.3078055,0.115269095,1.3531737387086449
1250.9079139230885,1.318215,0.107879035,1.3516967159423556
1250.9213374909602,1.3119965,0.11036615,1.3501932012747755
1250.9347607951408,1.4492784,0.11149461,1.3486734632680037
1250.9481838356442,1.4881071,0.11535436,1.3471435240313927
1250.9616066124875,1.5214275,0.12638356,1.3456113705711432
1250.9750291256855,1.3903903,0.1536624,1.3440834221219677
1250.9884513752534,1.4891472,0.116174854,1.3425666898009088
1251.0018733612076,1.2752094,0.10612315,1.3410642751160888
1251.0152950835625,1.4574882,0.11605652,1.3395790081401608
1251.0287165423345,1.4349058,0.11538573,1.3381133568062962
1251.0421377375392,1.6488843,0.12230402,1.3366663317333598
1251.055558669192,1.1697631,0.10984805,1.3352406719487935
1251.0689793373076,1.3044909,0.11104505,1.3338341192938317
1251.0823997419025,1.5480772,0.11161035,1.3324454246210253
1251.0958198829915,1.3547353,0.11029664,1.331073303619196
1251.109239760591,1.4005654,0.11736699,1.3297129241308296
1251.1226593747162,1.3689133,0.10837607,1.3283613979
1251.1360787253823,1.4091558,0.11314956,1.3270139330816566
1251.1494978126047,1.5507131,0.11534508,1.3256671178099562
1251.162916636399,1.3619348,0.10973389,1.3243179515408707
1251.176335196781,1.2405455,0.108466156,1.322965468435706
1251.1897534937666,1.5160451,0.11413617,1.3216093012545551
1251.203171527371,1.3501287,0.11714462,1.3202509356158694
1251.2165892976086,1.2571203,0.11352733,1.3188927102265615
1251.2300068044965,1.6190917,0.11605344,1.3175385956444132
1251.2434240480495,1.3462063,0.10989661,1.3161918561036925
1251.2568410282831,1.3093209,0.11023042,1.3148567031378038
1251.2702577452126,1.1584362,0.103365906,1.3135366492387182
1251.283674198854,1.2941219,0.10722028,1.3122324514212085
1251.2970903892224,1.6089082,0.115704216,1.3109468965045983
1251.3105063163337,1.4430474,0.10984043,1.3096762602119902
1251.3239219802028,1.4638183,0.10940395,1.3084183683856496
1251.3373373808456,1.5044534,0.12385416,1.3071689157555673
1251.3507525182777,1.4822735,0.11080074,1.3059226396499297
1251.3641673925147,1.3145022,0.10564736,1.304674614514709
1251.3775820035712,1.2236015,0.10354651,1.3034208350992136
1251.3909963514636,1.2615267,0.100514546,1.3021585742703852
1251.4044104362074,1.3089054,0.11433669,1.3008859773623416
1251.4178242578173,1.363111,0.11076047,1.2996044522702177
1251.4312378163095,1.1561676,0.10528564,1.2983146001506363
1251.4446511116994,1.3007545,0.10750897,1.2970196836673775
1251.4580641440016,1.3861824,0.11323416,1.2957225544857518
1251.4714769132331,1.3533356,0.109068125,1.2944265561473833
1251.4848894194083,1.2553831,0.10499306,1.2931342622892759
1251.4983016625433,1.4144329,0.11021824,1.2918482123473571
1251.511713642653,1.351796,0.11001673,1.290569689688707
1251.5251253597528,1.1131757,0.101501495,1.289299484895542
1251.5385368138589,1.2157991,0.1036438,1.2880394264732136
1251.551948004986,1.392273,0.10796608,1.2867888502375888
1251.5653589331503,1.1157175,0.09748183,1.2855492366659087
1251.5787695983665,0.9684389,0.103910305,1.2843210017333524
1251.5921800006508,1.2217001,0.107063584,1.2831040395820223
1251.605590140018,1.1952413,0.11528499,1.2819000066514545
1251.619000016484,1.2622067,0.11641495,1.280706618682122
1251.6324096300646,1.0413475,0.10324029,1.2795233817996083
1251.6458189807743,0.9470279,0.09288672,1.2783479171332994
1251.6592280686293,0.9445123,0.09357374,1.2771772756136983
1251.6726368936447,0.57304025,0.08585947,1.2760087318502746
1251.686045455836,0.26457044,0.07060645,1.2748390855831533
1251.6994537552187,0.2877164,0.079958126,1.2736661180274456
1251.7128617918088,0.14702235,0.06463136,1.2724885975418598
1251.726269565621,-0.01843036,0.07442374,1.2713073759022895
1251.7396770766704,0.10262211,0.059415046,1.2701240799657307
1251.7530843249738,-0.021657651,0.04875585,1.2689423737002432
1251.7664913105452,0.011407166,0.061127387,1.26776627951375
1251.7798980334012,0.013122354,0.06545421,1.266601109949024
1251.7933044935567,0.13065901,0.07488777,1.2654497719594482
1251.8067106910275,0.38570356,0.08134106,1.2643177148769584
1251.8201166258284,0.39301637,0.074917,1.2632049460055705
1251.8335222979754,0.6875384,0.08935488,1.2621119744466756
1251.8469277074832,0.9066514,0.09351298,1.2610379597539585
1251.8603328543684,1.2113473,0.10258757,1.2599777100831926
1251.8737377386456,1.1044481,0.10022086,1.2589279644371005
1251.8871423603302,1.257325,0.10563849,1.2578823673287785
1251.9005467194381,1.2068943,0.10947005,1.2568362115359195
1251.9139508159842,1.217582,0.10021753,1.2557841607772289
1251.9273546499846,1.2894621,0.104307465,1.254723134839651
1251.9407582214542,1.4279289,0.11549788,1.2536485989029624
1251.9541615304083,1.453798,0.10932297,1.25255855974054
1251.967564576863,1.5425862,0.10970326,1.2514512309860915
1251.9809673608333,1.529314,0.110024065,1.2503228630191352
1251.9943698823345,1.3175428,0.09886324,1.249174817344345
1252.0077721413825,1.2685748,0.09935389,1.2480048751309798
1252.0211741379917,1.372795,0.11615012,1.2468153063746574
1252.0345758721785,1.3627052,0.108178504,1.245609364160285
1252.0479773439586,1.3694179,0.10822226,1.2443899074177949
1252.061378553346,1.4939431,0.106665805,1.2431643011758815
1252.0747795003576,1.4039706,0.10466513,1.241939123836287
1252.0881801850076,1.4084828,0.10495906,1.2407232014594693
1252.1015806073121,1.341788,0.10290274,1.239523040110597
1252.1149807672866,1.5420088,0.113063894,1.2383487545327807
1252.1283806649458,1.1596607,0.09987966,1.237202418259976
1252.141780300306,1.5523291,0.116337076,1.2360904576233547
1252.155179673382,1.1474385,0.09736508,1.2350144587142975
1252.1685787841893,1.4689665,0.10620373,1.233972300223777
1252.1819776327436,1.3015014,0.104504034,1.2329678680254734
1252.19537621906,1.3359882,0.10783874,1.2319937551865352
1252.2087745431538,1.3141042,0.099215075,1.2310491795184635
1252.2221726050407,1.3049556,0.10623828,1.2301293344810098
1252.2355704047363,1.3736317,0.10462997,1.2292273462688952
1252.248967942255,1.2681979,0.101597354,1.2283384517628584
1252.2623652176133,1.3715054,0.103302814,1.2274533976499717
1252.2757622308254,1.2605398,0.101604775,1.2265651182557538
1252.2891589819083,1.3341863,0.10203014,1.225665435299823
1252.3025554708763,1.2567762,0.09929029,1.2247493985225055
1252.3159516977448,1.3816836,0.1040371,1.2238085947869561
1252.3293476625297,1.2418396,0.10305487,1.2228430886032566
1252.3427433652453,1.2020258,0.09748138,1.2218509620097715
1252.3561388059088,1.1393468,0.096103035,1.2208329936346207
1252.3695339845337,1.299857,0.10134053,1.2197942431073487
1252.3829289011364,1.152107,0.09832542,1.2187365655366815
1252.3963235557324,1.3633212,0.10589114,1.2176677102104114
1252.4097179483363,1.366104,0.10180546,1.2165932998375173
1252.4231120789639,1.1990488,0.10296711,1.2155210645115926
1252.4365059476308,1.2531862,0.099711426,1.2144576594156382
1252.4498995543522,1.1846412,0.10171017,1.213412046348528
1252.4632928991434,1.3768806,0.100493714,1.2123886551543108
1252.4766859820197,1.1690625,0.10147654,1.2113927045052617
1252.4900788029965,1.1932712,0.0974411,1.210429631722555
1252.5034713620892,1.0098655,0.098280534,1.2094982894406905
1252.5168636593132,1.3765312,0.103372835,1.2086040292057976
1252.530255694684,1.1226034,0.10083831,1.2077437023337303
1252.5436474682167,1.2132889,0.102168955,1.206917364826601
1252.5570389799268,1.2250981,0.10072597,1.2061264453915401
1252.5704302298298,1.3353983,0.104549915,1.2053668261862993
1252.5838212179403,1.2986261,0.10116226,1.2046425089867199
1252.5972119442745,1.1055214,0.09923531,1.2039512117119089
1252.610602408848,1.1501948,0.09436726,1.203293790249124
1252.6239926116748,1.2913147,0.09833231,1.2026735429571929
1252.6373825527717,1.0989648,0.09920977,1.202086577765003
1252.6507722321533,1.2564529,0.09771464,1.2015363778525792
1252.6641616498346,1.453316,0.10828507,1.2010185581222081
1252.6775508058315,1.3675175,0.10249186,1.2005303577356474
1252.6909397001596,1.0548539,0.10372465,1.2000695206693484
1252.7043283328337,1.2710055,0.101105854,1.1996284956355892
1252.7177167038697,1.3861344,0.10166989,1.1992045692261244
1252.7311048132822,1.2360795,0.099495105,1.1987922705630794
1252.744492661087,1.339036,0.10522639,1.198388500848214
1252.7578802472992,1.4037168,0.10224988,1.1979916642685995
1252.771267571934,1.0704602,0.097770855,1.1976002374118302
1252.7846546350074,1.2143003,0.10189027,1.1972155345599091
1252.7980414365347,1.393557,0.09988403,1.1968393552526126
1252.8114279765302,1.3901353,0.10306273,1.196474314110725
1252.8248142550103,1.2317528,0.10039096,1.1961257043888809
1252.8382002719898,1.2507204,0.10748109,1.1957953131486554
1252.8515860274842,1.1768483,0.09785907,1.1954889598944298
1252.8649715215086,1.1961945,0.10130689,1.1952084523370428
1252.878356754079,1.183998,0.10744641,1.1949548818142899
1252.8917417252094,1.2312057,0.09582605,1.1947317133119575
1252.9051264349166,1.2809777,0.0995613,1.194534559042904
1252.9185108832148,1.4548986,0.10979862,1.1943641013088004
1252.9318950701197,1.2162086,0.10885212,1.194215917068604
1252.9452789956472,1.1865455,0.11115856,1.1940859033087483
1252.9586626598118,1.3520939,0.110094026,1.1939716835282375
1252.9720460626293,1.3565809,0.10187403,1.1938677827129391
1252.9854292041143,1.0498254,0.09591565,1.1937719480682345
1252.9988120842827,1.4177818,0.11364834,1.193680879952692
1253.01219470315,1.2113147,0.10196638,1.19359265189386
1253.0255770607314,1.3603039,0.11010306,1.1935062730494073
1253.0389591570417,1.4705962,0.11574578,1.1934210461055241
1253.0523409920966,1.2016522,0.10186533,1.1933370429191632
1253.0657225659113,1.2708611,0.0993422,1.1932548490707755
1253.0791038785014,1.3149327,0.10223018,1.1931751464587002
1253.092484929882,1.1191683,0.09857942,1.1930991194385294
1253.1058657200676,1.0080801,0.092940256,1.1930271114264737
1253.1192462490744,1.2584957,0.103221744,1.1929604572413464
1253.1326265169182,1.3864999,0.11046674,1.1929000442222026
1253.1460065236133,1.082985,0.0997898,1.19284658536708
1253.159386269175,1.2533036,0.09532336,1.1928024210532513
1253.1727657536192,1.2546575,0.09912831,1.192767983870132
1253.1861449769608,1.1844978,0.09910397,1.192746484925522
1253.1995239392145,1.2014482,0.09918243,1.192740575411153
1253.212902640397,1.3350912,0.10163408,1.1927526621159963
1253.2262810805228,1.2777556,0.09955718,1.192789417696132
1253.2396592596072,1.3763379,0.09797755,1.1928513280973714
1253.2530371776654,1.2384211,0.10077641,1.192944296818081
1253.2664148347126,1.1427597,0.10548652,1.1930698485087943
1253.2797922307643,1.4299253,0.10340227,1.193227656216113
1253.2931693658359,1.1465575,0.09549057,1.1934210083972676
1253.3065462399425,1.2881356,0.09783233,1.1936428624338629
1253.3199228530991,1.133078,0.093665384,1.1938913067773878
1253.3332992053215,1.1514019,0.09641211,1.1941583239151874
1253.3466752966247,0.99691296,0.09280919,1.1944356426332383
1253.3600511270238,1.3108201,0.097487465,1.194713936015866
1253.3734266965341,1.3667392,0.10173899,1.1949835889643665
1253.3868020051714,1.2389836,0.10315224,1.1952343984382512
1253.4001770529503,1.2566031,0.09981048,1.195458448410161
1253.4135518398862,1.3360008,0.09857178,1.1956511835086876
1253.4269263659949,1.0984505,0.09197691,1.1958035215640337
1253.440300631291,0.97663766,0.088691436,1.195918095830933
1253.45367463579,1.1798451,0.09808222,1.1959897147119822
1253.4670483795073,1.1110802,0.09455123,1.1960191851759943
1253.480421862458,1.1960793,0.09513022,1.196007593445156
1253.4937950846572,1.1554081,0.09983535,1.1959484147770039
1253.5071680461203,1.1175363,0.09317388,1.1958457132251445
1253.520540746863,1.0501065,0.09594102,1.1956917663763114
1253.5339131868998,1.1962575,0.09066142,1.1954847783983953
1253.547285366246,1.1955395,0.09419108,1.1952234979032372
1253.5606572849174,1.0557625,0.09322721,1.1948984461894054
1253.5740289429289,1.0459062,0.09332155,1.1945168827007824
1253.5874003402957,1.0898237,0.09319974,1.194073815079394
1253.6007714770333,1.2186412,0.09673823,1.1935755096117746
1253.6141423531567,1.2187787,0.09401138,1.1930286224876576
1253.6275129686815,1.1279191,0.08893494,1.1924363789806829
1253.6408833236223,1.0816526,0.09082586,1.19181406425667
1253.6542534179948,1.1686176,0.09502448,1.1911707189184313
1253.667623251814,1.1982912,0.094194144,1.190521141363036
1253.6809928250955,1.1592155,0.09577398,1.1898770664551237
1253.6943621378541,1.0375211,0.08640652,1.189251193719043
1253.7077311901053,1.0580859,0.087484896,1.1886485275171126
1253.7210999818642,0.9504606,0.09213131,1.1880755176861928
1253.734468513146,0.95133007,0.08959056,1.1875303470014338
1253.7478367839662,0.8118873,0.09381762,1.1870087163044265
1253.7612047943396,0.65231574,0.09017572,1.1865052403043423
1253.774572544282,0.4642034,0.06921221,1.1860100919423704
1253.787940033808,0.26432973,0.06499903,1.1855159822375847
1253.8013072629328,0.1662569,0.06811212,1.185016010647363
1253.8146742316721,0.23104244,0.059596498,1.1845058701195992
1253.8280409400413,0.47362104,0.0683296,1.1839814373024626
1253.841407388055,0.13570115,0.06820933,1.1834433834157205
1253.8547735757284,0.1528344,0.07090636,1.1828907987091268
1253.868139503077,0.09819687,0.05184814,1.1823274645860782
1253.881505170116,0.08200919,0.06202207,1.1817579240719112
1253.8948705768605,-0.032363284,0.06387945,1.1811886713110433
1253.9082357233258,0.07644734,0.06692982,1.1806265178979884
1253.9216006095276,0.18309133,0.061127633,1.1800801545434003
1253.93496523548,0.43512878,0.071104184,1.1795557720229173
1253.948329601199,0.5911362,0.10587783,1.1790587618146682
1253.9616937066996,1.1106629,0.09105595,1.178596646016953
1253.9750575519965,1.2164358,0.0937849,1.1781692547181806
1253.9884211371061,1.2223059,0.0994401,1.1777845010476071
1254.0017844620427,1.1166894,0.09129257,1.1774410075418558
1254.0151475268217,1.0322335,0.09354,1.1771400888193468
1254.0285103314577,1.1748779,0.09926789,1.1768836160358962
1254.0418728759673,1.0302323,0.096480764,1.1766645437003993
1254.055235160364,1.008099,0.104373954,1.176482863797683
1254.0685971846644,1.2255594,0.10243593,1.1763285387963192
1254.0819589488833,1.1248907,0.09654459,1.1761950946391808
1254.0953204530354,1.2219144,0.09389858,1.1760749941982882
1254.108681697136,1.252768,0.10144069,1.175960287775262
1254.122042681201,1.2779402,0.09733171,1.1758451803010934
1254.1354034052447,1.1542985,0.096411616,1.1757252148533748
1254.148763869283,1.1892917,0.09161514,1.1755980131175627
1254.16212407333,1.2397157,0.094080426,1.175463047986577
1254.1754840174024,1.0616556,0.10246327,1.1753228458222744
1254.1888437015139,1.2338282,0.095915,1.1751808638048158
1254.2022031256809,1.1905316,0.09952618,1.1750427865085717
1254.215562289918,1.0921035,0.091855004,1.1749147363874761
1254.2289211942398,1.1329542,0.09587986,1.1748039358480948
1254.2422798386629,1.2272525,0.09476844,1.1747139424744066
1254.2556382232012,1.274991,0.09737776,1.1746526578429297
1254.2689963478704,1.0654908,0.09631652,1.1746188578948251
1254.2823542126855,1.2105354,0.10769326,1.174614466331769
1254.2957118176619,1.1351256,0.096306026,1.1746383495999666
1254.3090691628142,1.158668,0.096289404,1.1746856480599657
1254.3224262481583,1.1851883,0.09683265,1.1747563292547483
1254.3357830737089,1.1692064,0.09541905,1.1748438447310197
1254.3491396394813,1.2409338,0.09541573,1.17494691575827
1254.3624959454908,1.2377282,0.09114877,1.175063516946882
1254.3758519917521,1.1921586,0.09739333,1.175191650995091
1254.389207778281,1.1887379,0.09261132,1.1753326401933495
1254.4025633050921,1.0174289,0.08711587,1.1754846232653446
1254.4159185722008,0.9663398,0.08777396,1.1756485713845228
1254.429273579622,0.9898207,0.09789568,1.1758235673780395
1254.4426283273713,1.0316584,0.08978358,1.1760077156648894
1254.4559828154634,1.1715295,0.094752714,1.1761998962582743
1254.4693370439134,1.0058181,0.08728445,1.1763966914685922
1254.4826910127367,0.95852983,0.085842885,1.1765962310814684
1254.4960447219487,1.0848434,0.09000967,1.176796572453983
1254.5093981715647,1.1411524,0.09262406,1.1769971197053084
1254.522751361599,1.0150294,0.092427135,1.1771984785124376
1254.536104292067,1.2195014,0.0902489,1.177402285045154
1254.5494569629836,1.1286076,0.093628086,1.1776113812013689
1254.562809374365,1.1838347,0.09264852,1.17782846153803
1254.5761615262254,1.163539,0.09807085,1.1780552658312324
1254.5895134185803,1.114306,0.08903345,1.178293608153178
1254.6028650514445,1.1194996,0.0906802,1.178540566399967
1254.616216424833,1.0886874,0.090742856,1.1787924064864466
1254.629567538762,1.1243958,0.09076628,1.1790409607004326
1254.6429183932457,1.0213277,0.08781266,1.1792773022892151
1254.656268988299,1.0935532,0.0966729,1.179488750204552
1254.6696193239377,1.2193056,0.092654906,1.179669204914046
1254.682969400177,1.2199646,0.100192904,1.1798070205994777
1254.696319217031,0.9490796,0.09221384,1.1799015472052943
1254.7096687745159,1.0653572,0.086352825,1.1799518200639536
1254.7230180726463,1.0708612,0.089319155,1.1799584154895968
1254.7363671114374,1.129402,0.09398227,1.1799317201482777
1254.7497158909043,0.9718451,0.09542745,1.1798762947152406
1254.7630644110623,0.8350983,0.08327616,1.1798053038847012
1254.7764126719262,0.900574,0.08276517,1.1797278368382869
1254.7897606735112,0.8426447,0.08169364,1.1796540460014868
1254.8031084158329,0.63177806,0.07982561,1.179590186496799
1254.816455898906,0.65669364,0.07903724,1.1795420453178695
1254.8298031227453,0.84385246,0.08613445,1.1795079060524534
1254.843150087366,0.7912695,0.09137223,1.1794852811278542
1254.856496792784,0.7599001,0.07810041,1.1794679154634942
1254.8698432390129,0.8127203,0.080532454,1.1794483850346922
1254.8831894260695,0.6821464,0.08114031,1.1794168527415367
1254.8965353539681,0.39876753,0.07615428,1.179367133230667
1254.9098810227233,0.27162033,0.069058344,1.1792912119384453
1254.923226432351,0.13753122,0.0564981,1.1791829829286489
1254.9365715828658,0.032962948,0.05982947,1.1790410327533798
1254.9499164742833,0.05851511,0.057400443,1.1788568430608357
1254.963261106618,0.065387204,0.052269183,1.1786349343903613
1254.9766054798852,0.0020650919,0.05779385,1.1783710917645265
1254.9899495941004,0.0077815447,0.04638376,1.178067056557254
1255.0032934492776,0.030617274,0.055917185,1.177726225660818
1255.0166370454333,0.026082257,0.063306995,1.1773474948177083
1255.0299803825815,0.0785221,0.051472206,1.1769398611373418
1255.0433234607376,0.15206139,0.06152284,1.1765048693181677
1255.0566662799172,0.2242892,0.06444367,1.1760495171166463
1255.070008840135,0.5274111,0.075402245,1.175579532705305
1255.0833511414055,0.622426,0.0787581,1.1750999150737
1255.0966931837447,0.7338011,0.08220173,1.1746170566737584
1255.1100349671672,0.80280113,0.08241415,1.174136396745191
1255.123376491688,0.9479279,0.08688928,1.173664111019281
1255.136717757322,1.2459825,0.09203546,1.1732062715682139
1255.150058764085,1.0536869,0.092821285,1.172771778045064
1255.1633995119917,1.2533739,0.0940587,1.1723644959317443
1255.1767400010572,1.0352154,0.08910188,1.1719953979068856
1255.1900802312962,1.0609974,0.08866839,1.1716662167289027
1255.203420202724,1.0109729,0.09153608,1.1713813791846
1255.2167599153559,1.116929,0.09123838,1.1711436961125816
1255.2300993692072,0.9750916,0.08674935,1.1709469244419475
1255.2434385642916,1.1157917,0.08899079,1.1707925060626883
1255.2567775006255,0.91381216,0.083837286,1.1706689943369746
1255.2701161782236,0.934733,0.086473204,1.170571029951565
1255.2834545971014,1.0299113,0.094302505,1.1704902309354053
1255.2967927572724,0.95545757,0.08839537,1.1704179570368787
1255.3101306587532,1.0398171,0.08408553,1.1703471098122926
1255.3234683015583,0.8973145,0.08762488,1.1702711367104353
1255.336805685703,1.015453,0.0853022,1.1701842307615327
1255.3501428112024,1.108573,0.09419231,1.1700816404647612
1255.3634796780707,0.84451765,0.087434694,1.1699610759426438
1255.3768162863241,0.96367466,0.09061985,1.169816769813224
1255.3901526359768,1.1459035,0.09291061,1.169649589700731
1255.4034887270443,1.2288818,0.093698815,1.1694547835098092
1255.4168245595415,0.86368865,0.08297425,1.1692313325880197
1255.4301601334828,1.0967604,0.08831291,1.1689784121988513
1255.4434954488845,1.0043541,0.08863,1.1686915688052644
1255.4568305057605,1.053698,0.09375903,1.168374485251054
1255.4701653041266,1.0519345,0.08940213,1.168023367674648
1255.483499843998,1.001849,0.08794123,1.1676413355925757
1255.4968341253884,1.1390686,0.094775386,1.1672302791058127
1255.5101681483143,0.99742675,0.089204594,1.166791930154566
1255.5235019127904,1.2105056,0.094837256,1.1663341779153882
1255.536835418831,1.1955961,0.09659087,1.1658613505814952
1255.550168666452,1.1204342,0.09291555,1.1653832361363303
1255.5635016556676,1.1415135,0.09757975,1.1649078732307008
1255.5768343864934,1.2968397,0.100316614,1.1644452712051403
1255.5901668589443,1.0718101,0.08957425,1.1640015501257692
1255.6034990730357,0.97624874,0.092384785,1.1635871969087737
1255.6168310287812,0.9850638,0.09577008,1.163203020415699
1255.6301627261978,1.1481333,0.09508721,1.1628531239193536
1255.6434941652992,1.0331386,0.09258706,1.1625377648593664
1255.656825346101,1.1098727,0.100779966,1.1622528131427277
1255.6701562686178,1.1996131,0.102646224,1.1620003144220454
1255.6834869328645,1.1306753,0.097148426,1.1617730156878172
1255.6968173388568,1.056078,0.09243612,1.1615712572553938
1255.7101474866088,1.0545192,0.09848612,1.161392608402981
1255.7234773761363,1.2332501,0.10020054,1.161235152846582
1255.7368070074544,1.1670203,0.095488906,1.1611010934701742
1255.7501363805773,0.9000646,0.09106983,1.1609876431820265
1255.763465495521,1.1093435,0.09322172,1.1608976282794654
1255.776794352299,0.9856445,0.088761315,1.1608298000693007
1255.7901229509278,1.155563,0.09993278,1.160783799516283
1255.8034512914219,1.020243,0.0968565,1.160761076623771
1255.816779373796,1.0482423,0.09403596,1.1607585449468372
1255.8301071980654,1.0047823,0.09140302,1.1607783952160087
1255.8434347642449,1.0676985,0.08954338,1.1608180081812187
1255.8567620723495,1.0776942,0.10113037,1.1608773392301819
1255.8700891223946,1.0428174,0.09730675,1.1609565494703025
1255.8834159143948,0.94942784,0.09281553,1.161052917076564
1255.8967424483653,1.0428423,0.09178538,1.1611680517486989
1255.9100687243208,1.2029938,0.10520913,1.161298544776633
1255.9233947422767,0.97278625,0.09497951,1.1614443814584843
1255.936720502248,1.2275107,0.09784224,1.1616046200143384
1255.9500460042486,1.1492046,0.09328891,1.1617775769122218
1255.9633712482948,0.9805708,0.088372536,1.1619650839690359
1255.9766962344008,0.93421155,0.08654315,1.1621655377943738
1255.990020962582,1.0676088,0.094120786,1.1623813216565373
1256.0033454328534,1.0830921,0.08905699,1.1626139694824649
1256.0166696452293,0.91565853,0.08715573,1.1628649928568273
1256.0299935997257,0.9744965,0.09517658,1.1631398650825886
1256.0433172963571,0.9574958,0.08680555,1.1634384713859884
1256.0566407351384,1.1395798,0.09132907,1.1637667944799768
1256.069963916084,0.99080485,0.09125559,1.1641257233633002
1256.0832868392104,1.1020483,0.09354047,1.1645170686937225
1256.0966095045312,1.0932934,0.09795716,1.1649448184605644
1256.1099319120615,1.1396836,0.092671104,1.1654053787464242
1256.123254061817,0.8928369,0.0869419,1.1659032765279824
1256.136575953812,1.2731067,0.09852902,1.166433747378409
1256.149897588062,1.126069,0.0961914,1.1669962640879676
1256.1632189645813,1.1423635,0.100313514,1.1675887373368836
1256.1765400833851,1.1220182,0.09423174,1.1682050095130572
1256.1898609444888,1.068248,0.09285507,1.1688438763634856
1256.2031815479072,1.1387525,0.09672567,1.1694968228423779
1256.2165018936548,0.9964391,0.09314841,1.1701590281447969
1256.2298219817465,0.93148804,0.08979286,1.170823329392047
1256.243141812198,1.1798708,0.09770981,1.171484064085056
1256.2564613850236,1.0791786,0.09582781,1.1721346305037739
1256.2697807002387,0.965846,0.09907363,1.1727721861485512
1256.283099757858,0.9072565,0.09121625,1.1733916424731392
1256.296418557896,1.167224,0.097418666,1.1739910693698214
1256.3097371003685,1.224078,0.099177964,1.1745693498212333
1256.3230553852904,1.2330128,0.099328615,1.175123383886204
1256.3363734126758,1.0303907,0.09324907,1.175656239964519
1256.3496911825403,1.250898,0.10103251,1.1761659948790781
1256.3630086948983,1.0673331,0.096380755,1.17665686457967
1256.3763259497653,1.123019,0.10203722,1.1771313151598068
1256.3896429471565,1.1906403,0.09692607,1.1775930570527344
1256.402959687086,1.0981706,0.10176458,1.1780470343669989
1256.416276169569,1.1199278,0.100024104,1.178495826038316
1256.429592394621,1.1974026,0.10267965,1.1789418310226822
1256.4429083622558,1.2155374,0.10045603,1.1793843610750252
1256.4562240724897,1.2113309,0.107054025,1.1798200569536919
1256.4695395253364,1.0645052,0.10487765,1.1802445158415698
1256.4828547208117,1.0695976,0.0988649,1.180647400969573
1256.4961696589298,1.1463624,0.09945149,1.1810235119295651
1256.509484339706,1.1626188,0.0952331,1.1813617736148438
1256.5227987631554,1.1282339,0.09880848,1.1816560245172336
1256.5361129292928,1.0880259,0.09611395,1.181902172160115
1256.549426838133,1.1779877,0.09834311,1.182089641101225
1256.5627404896907,1.2538905,0.10054042,1.182221611163339
1256.5760538839816,1.1130842,0.098888956,1.1822868879985262
1256.58936702102,1.082185,0.10933981,1.1822888441354933
1256.6026799008205,1.0569267,0.12011114,1.1822257170921053
1256.6159925233987,1.160438,0.09244032,1.182095453115647
1256.6293048887692,1.1435562,0.09895641,1.1819079840041662
1256.6426169969468,1.1236839,0.100616544,1.1816605007437198
1256.6559288479468,1.2773472,0.10501961,1.1813683630247667
1256.6692404417836,1.1489588,0.09923323,1.1810372451481423
1256.6825517784719,1.3774745,0.103618905,1.180677012524578
1256.695862858028,1.2092246,0.099111125,1.1802972665695282
1256.7091736804655,1.1030303,0.09961926,1.1799031597524559
1256.7224842457995,1.1618003,0.095286325,1.1795025376477082
1256.735794554045,1.2836668,0.09826061,1.1791000180045659
1256.7491046052169,1.2569562,0.10801151,1.178701004905274
1256.76241439933,0.97365844,0.091437176,1.1783097556029136
1256.7757239363998,1.2625076,0.0994063,1.1779320822491335
1256.7890332164407,1.0765837,0.09503106,1.1775700785391177
1256.8023422394674,1.1121411,0.09309186,1.17722942996727
1256.8156510054953,0.95581686,0.09955587,1.176910843137513
1256.8289595145386,1.0848461,0.094616026,1.17661646752196
1256.8422677666124,1.0477672,0.09096891,1.1763479940479569
1256.855575761732,1.1941378,0.107224874,1.176102438023922
1256.8688834999123,1.1699187,0.09460041,1.1758817608772807
1256.8821909811677,1.0759422,0.096577615,1.175680382437738
1256.8954982055131,0.97870284,0.09096125,1.1754972691020518
1256.9088051729643,1.2107304,0.103104256,1.1753293777646787
1256.922111883535,1.2719018,0.09638824,1.175173560581707
1256.9354183372402,1.138301,0.09725757,1.175028998572195
1256.9487245340958,1.2391605,0.0964213,1.1748924301712258
1256.9620304741154,1.070103,0.094520845,1.174763063630325
1256.9753361573148,1.1550916,0.097170465,1.1746385884591
1256.9886415837082,1.1632493,0.0950528,1.174516707335227
1257.001946753311,1.0776203,0.0929033,1.174394068086616
1257.015251666138,0.98612046,0.0906273,1.1742674097728458
1257.0285563222037,1.1828527,0.09732852,1.174132076452955
1257.0418607215233,1.1745064,0.10672737,1.1739857292331886
1257.055164864112,1.1408976,0.1058358,1.1738254455400194
1257.0684687499831,1.1768277,0.10575674,1.1736491987733055
1257.0817723791533,1.240982,0.098574854,1.1734580993491945
1257.0950757516366,1.247388,0.10079215,1.1732508357049876
1257.1083788674484,1.3735651,0.10526103,1.1730322112912983
1257.1216817266027,1.4406697,0.10408829,1.1728046734988435
1257.1263906460536,3.3822033,0.2739096,1.1727229974712459
1257.1349843291152,1.2429906,0.099144,1.1725734573007576
1257.1400203739404,3.0851612,0.22621655,1.172485909202027
1257.1482866749998,1.1637372,0.09568592,1.1723436771406266
1257.1536498304245,1.066757,0.14215022,1.1722531086900405
1257.1615887642722,1.1684248,0.110135145,1.1721215127584086
1257.1672790155221,0.77726835,0.12461291,1.1720295178667566
1257.1748905969469,1.4545053,0.1045658,1.1719105487773438
1257.1809079292498,1.1221642,0.14086959,1.171820490701798
1257.1881921730387,1.2025099,0.1011231,1.171716257477685
1257.1945365716238,1.337925,0.17526333,1.171629908742921
1257.2014934925628,1.2788345,0.10311011,1.1715399357833964
1257.2081649426586,1.2330611,0.15795654,1.171458352266405
1257.2147945555337,1.1845796,0.10008299,1.1713828885439452
1257.2217930423724,1.0955871,0.15126227,1.171308475612096
1257.228095361966,1.3140289,0.10494766,1.1712456259736665
1257.2354208707814,0.9601869,0.15470462,1.1711772131531355
1257.2413959118755,1.3212407,0.10227398,1.171124547982254
1257.2490484279003,1.1656901,0.15808935,1.1710621306294622
1257.254696205276,1.3241782,0.106997155,1.1710190732366255
1257.2626757137464,1.1669593,0.15188082,1.1709608010306565
1257.2679962421832,1.2044019,0.10163459,1.170923464568658
1257.2763027283358,0.94620013,0.14193799,1.1708672941559555
1257.2812960226113,1.27605,0.103747055,1.170834298293617
1257.2899294716842,0.96822,0.14138278,1.1707776333744535
1257.294595546575,1.1527451,0.09925381,1.1707468474610256
1257.3035559438083,0.9507925,0.14305209,1.170686901225331
1257.30789481409,1.2669837,0.10330298,1.1706574454805696
1257.3171821447245,0.8811131,0.1428639,1.17059187045589
1257.3211938251702,1.2310019,0.103348404,1.1705622402051994
1257.3308080744484,1.1675045,0.15143402,1.1704890097695
1257.3344925798315,1.1348389,0.0994677,1.1704599306029555
1257.3444337329963,1.1025218,0.1477411,1.1703774062042709
1257.347791078087,1.0526711,0.099913076,1.1703484792050218
1257.358059120384,1.0003012,0.1522886,1.1702566747308032
1257.3610893199534,1.1807429,0.10056777,1.170228286544789
1257.371684236629,1.3369764,0.16505711,1.1701266726800599
1257.3743873054445,1.3902619,0.105962045,1.1701002246646253
1257.3853090817465,1.3717682,0.1668928,1.1699898181661874
1257.3876850345757,1.1387775,0.107685015,1.1699651978553796
1257.398933655753,1.0977073,0.1444936,1.169847186209342
1257.4009825073613,1.2519196,0.10584346,1.1698254393618661
1257.412557958664,0.9898849,0.16053212,1.16970058341537
1257.4142797238164,1.2202921,0.09922462,1.169681874282751
1257.4261819904968,1.0918382,0.16364293,1.1695519499875588
1257.4275766839553,1.0335962,0.09453381,1.1695366831756546
1257.439805751267,1.4023604,0.17268007,1.1694031946782038
1257.4408733877933,1.0244551,0.10747714,1.1693915766034404
1257.4534292409905,1.1924665,0.15409103,1.1692569246450037
1257.4541698353457,1.2822016,0.10424069,1.1692491192844583
1257.467052459684,1.515703,0.16980474,1.1691157610484648
1257.4674660266267,1.110867,0.10178594,1.16911153110814
1257.4806754073636,1.0668046,0.14128178,1.1689841330574269
1257.480761961651,1.0715928,0.09996984,1.168983328017213
1257.494057640434,1.2018176,0.103832096,1.1688669091672905
1257.4942980840447,1.1552465,0.14613429,1.1688650160933585
1257.5073530629893,0.97387856,0.0929938,1.1687679381366025
1257.5079204897445,1.1367943,0.15657723,1.168763994924919
1257.5206482293333,1.1518762,0.10038512,1.168690389570806
1257.5215426244788,1.0785673,0.1678965,1.168686177807351
1257.5339431394798,1.1160239,0.105303064,1.1686377298444042
1257.5351644882633,1.0682422,0.16092327,1.1686341721116025
1257.5472377934436,1.0874058,0.10147416,1.1686158485813474
1257.5487860811154,1.2892897,0.1481194,1.1686149760156104
1257.5605321912406,1.0526466,0.09534886,1.168622258730984
1257.56240740305,1.0825702,0.14032671,1.168626498308964
1257.5738263328842,1.3141105,0.11032141,1.1686593417823203
1257.5760284540836,0.9720153,0.13720961,1.1686671174696655
1257.58712021839,1.2741802,0.098935924,1.1687194731101787
1257.5896492342324,1.0505415,0.1462031,1.168733362743464
1257.6004138477724,1.1202202,0.09900088,1.1687966136818033
1257.6032697435128,0.8426513,0.13874018,1.1688144178950017
1257.6137072210468,1.154158,0.10036558,1.1688810646361834
1257.6168899819413,1.239467,0.15539755,1.168901392850238
1257.6270003382274,1.1951479,0.10332401,1.1689634543852039
1257.630509949533,1.3894855,0.15246794,1.1689827750354451
1257.640293199329,1.0581629,0.099343956,1.169032542916345
1257.6441296463047,1.1544064,0.14442582,1.169050114112266
1257.653585804367,1.0852493,0.11455841,1.1690824837420124
1257.6577490722723,1.0209148,0.13977295,1.169092313462468
1257.6668781533554,1.2973086,0.11124678,1.169105243976425
1257.6713682274526,0.9188985,0.13588472,1.1691062111563315
1257.6801702463101,0.98686516,0.09994431,1.1690979679336995
1257.684987111861,1.124461,0.14467682,1.169088586978304
1257.6934620832446,1.1622816,0.106618576,1.169060839589452
1257.698605725514,1.4099652,0.15935215,1.1690371296850603
1257.7067536641744,1.3348716,0.11174998,1.1689927015978407
1257.7122240684278,0.96804297,0.14845654,1.1689580728165936
1257.7200449891143,1.1453055,0.102394305,1.1689012879597642
1257.7258421406184,1.3498062,0.15387748,1.168854452931078
1257.7333360580785,1.2062241,0.10071588,1.1687901308927202
1257.7394599421018,1.1039683,0.13614812,1.1687351284295713
1257.746626871083,1.1528976,0.09774959,1.1686690540523168
1257.7530774728943,0.9574001,0.13674916,1.1686088744087477
1257.7599174281413,1.2146454,0.10516058,1.1685455663141278
1257.7666947330124,1.25852,0.1514842,1.1684843200261938
1257.7732077292692,1.2451894,0.102939606,1.1684273604709998
1257.7803117224714,1.1645755,0.13999572,1.168367910161272
1257.7864977744805,1.4127688,0.10973376,1.168318553249616
1257.7939284412885,1.0784185,0.1407496,1.1682639671564095
1257.799787563791,1.1515636,0.105969325,1.1682242707467567
1257.8075448894788,1.0649413,0.1268609,1.1681754750024245
1257.8130770972145,1.2281488,0.10749092,1.168143305374457
1257.8211610670592,1.0953732,0.13372678,1.1681008733745293
1257.8263663747664,1.079567,0.09540145,1.168076230865277
1257.8347769740453,1.0710438,0.13430946,1.1680398783314598
1257.839655396462,1.2127845,0.09903134,1.1680208163679078
1257.8483926104532,0.971835,0.13459568,1.1679897937672332
1257.8529441623148,1.3339976,0.113118514,1.1679748684512457
1257.8620079763002,1.1388571,0.14011174,1.1679483595911495
1257.86623267234,1.169541,0.104365386,1.1679375750344987
1257.8756230716008,1.3080184,0.14499868,1.1679153796730368
1257.8795209265531,1.132407,0.10130965,1.1679069955740853
1257.8892378963717,1.199,0.1426027,1.1678893228385174
1257.892808924968,1.0452162,0.0951924,1.1678837544585308
1257.9028524506298,1.0241913,0.14136916,1.1678706031806054
1257.9060966676002,1.0863818,0.101767786,1.1678674194110403
1257.9164667343903,0.998778,0.1430158,1.1678599303466428
1257.9193841544636,1.1389977,0.10008204,1.1678584484596297
1257.9300807476693,0.98675424,0.13549003,1.167856580851204
1257.9326713855735,1.160205,0.10501288,1.167857010024222
1257.9436944904837,1.1832179,0.14218411,1.1678606238380864
1257.945958360945,1.0911853,0.0988143,1.1678616699299424
1257.9573079628494,1.203752,0.13968918,1.1678695980635931
1257.9592450805922,1.2215073,0.1085329,1.1678711299984714
1257.970921164782,1.2055441,0.14162163,1.167880446077035
1257.9725315445303,1.2342618,0.10349921,1.1678815342707598
1257.984534096298,1.156821,0.13625021,1.1678880975073258
1257.985817752774,1.1825441,0.098047376,1.167888591785745
1257.9981467574132,1.1289185,0.1448326,1.16788761137763
1257.9991037053378,1.136174,0.109606646,1.1678869744707088
1258.011759148144,1.1134393,0.14049003,1.1678731174352694
1258.0123894022367,1.1738245,0.11183042,1.1678722185519594
1258.0253712685062,1.1533264,0.13120957,1.167838206164279
1258.0256748434851,1.1354901,0.09846209,1.1678371753937675
1258.038960029099,1.2054243,0.106514044,1.1677803256516048
1258.0389831185164,1.1681626,0.13456295,1.167780190681213
1258.0522449590912,1.1132426,0.102047004,1.1676951824085566
1258.0525946981904,0.886868,0.12128084,1.1676926741501972
1258.065529633478,1.063305,0.09525204,1.1675823973467214
1258.0662060075447,1.2330232,0.14365771,1.1675756777945594
1258.0788140522732,1.1366744,0.102510594,1.1674408612654212
1258.0798170465948,1.13056,0.13463955,1.1674295372280132
1258.0920982154923,1.116955,0.101815164,1.1672705278384776
1258.0934278153568,1.3947198,0.14782308,1.167252068569386
1258.1053821231496,1.1524446,0.10311257,1.167076129426876
1258.1070383138474,1.4617904,0.15505344,1.1670493811619016
1258.11866577526,1.2547811,0.108479686,1.1668568210099406
1258.120648542082,1.0966713,0.13191123,1.1668228751644927
1258.1319491718382,1.0175335,0.09507908,1.1666199621527706
1258.1342585000777,0.9009466,0.13232397,1.1665767596186745
1258.1452323128992,1.1460449,0.10762073,1.1663675799826505
1258.1478681878496,1.0498837,0.13470219,1.166316357140822
1258.1585151984573,1.3749282,0.111506365,1.1661038433670845
1258.1614776054148,1.2878022,0.13949482,1.1660437698874633
1258.1717978285276,1.3334291,0.108006395,1.1658316713301384
1258.1750867527876,1.0538781,0.14805572,1.165762935337282
1258.1850802031245,1.0034086,0.09983139,1.1655522333516477
1258.1886956299857,1.2385937,0.15190607,1.1654754190058096
1258.1983623222634,1.2827735,0.1120993,1.1652673021620918
1258.202304237025,1.0640526,0.13472101,1.1651812538350257
1258.2116441859578,1.2438266,0.11101853,1.1649754698204573
1258.2159125739215,1.003777,0.1294832,1.1648802457810181
1258.2249257942237,1.2380393,0.11088743,1.164675711589855
1258.2295206406905,1.1255084,0.12811823,1.164569685734732
1258.2382071470752,1.1429687,0.11701967,1.1643651331270686
1258.2431284373488,1.1437246,0.13620608,1.1642462752425349
1258.2514882445275,1.0791508,0.10214479,1.16404003669568
1258.256735963913,1.3020505,0.14057472,1.163907935563266
1258.2647690865947,1.1028408,0.10228559,1.16369927365474
1258.2703432203982,0.83610046,0.12114924,1.1635493866021276
1258.2780496732921,1.0881515,0.1062662,1.1633373698358593
1258.2839502068207,1.0553243,0.12727565,1.1631704935621487
1258.2913300046337,1.1153336,0.111254096,1.162955836040603
1258.2975569231967,1.3568232,0.14081694,1.1627693314516572
1258.304610080635,1.0723739,0.10507733,1.1625514888817232
1258.3111633695423,1.140959,0.12849727,1.1623436187899998
1258.3178899013105,0.99860966,0.10010546,1.162124973236459
1258.3247695458738,1.1980528,0.1453256,1.1618956402565956
1258.3311694666745,1.1703295,0.10867546,1.161676551853564
1258.3383754522067,1.1094475,0.12971759,1.161422848348835
1258.3444487767426,0.97295356,0.09201966,1.1612037323309359
1258.3519810885577,1.2599149,0.13369216,1.160925598376464
1258.3577278315286,1.069199,0.10485828,1.1607090399881352
1258.365586454943,1.1493595,0.13103989,1.1604047273324511
1258.3710066310482,1.2881852,0.11281485,1.160188584588252
1258.3791915513775,1.103954,0.12827525,1.159856256540204
1258.384285175315,1.2236896,0.10787135,1.1596452203198961
1258.3927963778785,1.1083044,0.12268888,1.159284572360801
1258.3975634643448,1.0467616,0.096414,1.1590787400873257
1258.4064009344615,1.2039626,0.13273421,1.1586900234826856
1258.4108414981515,1.2314614,0.11124224,1.1584909551295113
1258.420005221143,1.0589924,0.1288957,1.1580747924635828
1258.42411927675,1.2114755,0.100790404,1.1578861322770306
1258.433609237938,1.2008024,0.1354815,1.1574440215058481
1258.437396800155,0.9426633,0.093476586,1.1572655538179462
1258.4472129848637,0.9919037,0.12343445,1.1568003475035298
1258.4506740683814,1.204951,0.109085836,1.1566353859709924
1258.4608164619356,0.9924557,0.12361488,1.1561493435499288
1258.463951081444,1.2050294,0.108588,1.1559987051067813
1258.4744196691702,0.82413524,0.11456018,1.1554948975080879
1258.4772278393577,1.0473653,0.1045524,1.1553596512582778
1258.4880226065827,1.2809488,0.13072181,1.1548400193480879
1258.4905043421363,1.2691084,0.107923865,1.1547206298221824
1258.5016252741902,1.0275203,0.13252547,1.1541871884526071
1258.5037805897953,1.1060394,0.10612893,1.1540841695186654
1258.5152276720082,0.8790762,0.12514794,1.1535388247369354
1258.517056582349,1.1289083,0.101593524,1.153452005904402
1258.528829800053,1.222348,0.12488275,1.1528975808255892
1258.5303323198127,1.1045924,0.1035392,1.1528272204903658
1258.54243165834,1.2672498,0.12641053,1.1522649395860838
1258.5436078022003,1.3385571,0.11696657,1.1522109937324803
1258.5560332468865,1.1307925,0.12780295,1.1516445247437042
1258.5568830295274,1.2664988,0.1073773,1.1516060539309954
1258.5696345657068,1.1674732,0.12904708,1.1510379764165015
1258.5701580018074,1.0807573,0.10312546,1.1510150132254504
1258.5832356148185,1.1845962,0.124304146,1.1504475159273087
1258.5834327190562,1.0894504,0.10653252,1.150439026715955
1258.5967071812884,1.4219238,0.110450506,1.14988206802824
1258.5968363942368,1.1877128,0.1251374,1.1498767259305211
1258.6099813885178,1.2115499,0.10922455,1.149342670644608
1258.6104369039783,1.2661147,0.13698363,1.1493246767660916
1258.6232553407601,1.3236326,0.107456036,1.1488239221334517
1258.6240371440588,0.87316775,0.111172035,1.1487937899365797
1258.6365290380295,0.9846094,0.097621985,1.1483250616131333
1258.6376371144943,1.0736612,0.12444261,1.1482845382066704
1258.649802480341,1.0509198,0.10287642,1.14784692316359
1258.6512368153003,1.2102576,0.12302438,1.147796148623818
1258.6630756677087,1.1387842,0.11136898,1.14739089490678
1258.6648362464935,1.175232,0.12590882,1.1473318596862123
1258.6763486001475,1.2986461,0.109866165,1.1469544953079003
1258.6784354080903,1.2190416,0.12716193,1.1468886297834984
1258.6896212776728,1.3559146,0.11616295,1.1465403015627564
1258.692034300106,1.0976056,0.13855505,1.146466410571388
1258.7028937002983,1.2110051,0.10463074,1.1461436651530916
1258.7056329225566,1.068976,0.12415208,1.1460643001392203
1258.7161658680393,1.2399098,0.10854302,1.1457632875689987
1258.7192312754585,1.2018145,0.12498456,1.1456769998619671
1258.7294377809098,1.1115394,0.10724601,1.1453940727011187
1258.7328293588278,0.93839055,0.11942009,1.1453008979651993
1258.7427094389259,1.3352084,0.117688835,1.14503080315776
1258.7464271726801,1.2677443,0.12750071,1.1449293247057128
1258.755980842101,1.2357941,0.107966684,1.1446679379790434
1258.7600247170315,1.3020755,0.13121141,1.1445569627115675
1258.7692519904497,1.2814145,0.11261952,1.144300733525588
1258.7736219918986,1.0590466,0.124919295,1.1441776491180966
1258.7825228839874,1.1910744,0.10769744,1.143924087155119
1258.7872189972966,1.2989976,0.12553184,1.1437883192737093
1258.7957935227287,1.0138742,0.09917228,1.143536165730644
1258.8008157332422,1.473528,0.13958344,1.1433861460555816
1258.809063906688,1.1897752,0.11356883,1.1431356834591426
1258.8144121997511,0.88041466,0.1179867,1.142970685338878
1258.82233403588,1.1908435,0.10590403,1.1427235402419536
1258.8280083968398,1.1885856,0.129476,1.1425447765394154
1258.835603910319,1.174732,0.10909812,1.1423030678213428
1258.8416043245238,1.2444571,0.12249762,1.1421107873632548
1258.8488735300207,1.1307466,0.108910546,1.1418774472458615
1258.8551999828185,1.1805061,0.12597853,1.1416744233974445
1258.8621428949987,1.3127036,0.11088137,1.1414522689721058
1258.868795371741,1.1103386,0.12377416,1.141240830180089
1258.8754120052683,1.3022029,0.10765711,1.1410331157511848
1258.882390491307,1.2782842,0.12792237,1.140817014363496
1258.888680860844,1.299165,0.10747334,1.140625312136714
1258.8959853415324,1.1618575,0.12530875,1.1404071370425364
1258.9019494617407,1.0369709,0.10680358,1.140233119659752
1258.9095799224333,1.3213348,0.12901843,1.1400169133305338
1258.9152178079723,1.0948884,0.10857347,1.1398619773885612
1258.9231742340257,1.2468848,0.13323538,1.139649830393598
1258.9284858995545,1.3119627,0.12196477,1.1395120177323206
1258.9367682763252,1.0852615,0.12604119,1.1393064679072287
1258.941753736501,1.2101098,0.11526705,1.139188517859759
1258.9503620493483,1.2220341,0.13427463,1.1389913908558567
1258.9550213188274,1.03803,0.1074344,1.1388888007720832
1258.9639555531107,1.0678034,0.12101757,1.1387016160542822
1258.9682886465473,1.2750173,0.111134365,1.1386147413471488
1258.9775487876286,0.98135275,0.11692963,1.1384379021251227
1258.9815557196764,1.1181443,0.112214275,1.1383658700538168
1258.991141752918,1.0086502,0.12758207,1.1382011491337645
1258.9948225382288,1.0602648,0.10764513,1.1381402789999846
1259.0047344489956,1.2512703,0.12975486,1.13798798091264
1259.0080891022187,0.9210733,0.099297404,1.1379399024286214
1259.0183268758758,1.2953129,0.1352802,1.1377996804554538
1259.021355411662,1.1395718,0.10679954,1.137760284177254
1259.0319190335756,1.1765735,0.1234609,1.1376333991922254
1259.0346214665724,1.0985044,0.10852365,1.1376027793163503
1259.045510922111,1.1654015,0.12565514,1.1374866258749818
1259.0478872669648,1.3447436,0.11758886,1.1374635657139835
1259.0591025414974,1.1639912,0.12730977,1.1373594042262891
1259.0611528128534,1.252727,0.11669135,1.1373412397974823
1259.0726938917517,1.3750794,0.13072944,1.1372474851767995
1259.074418104254,1.1859553,0.11296655,1.1372346215295754
1259.0862849728894,1.2159541,0.12333049,1.1371506655611552
1259.0876831411802,1.1075376,0.11095591,1.137141156558481
1259.099875784926,1.4023228,0.13196357,1.1370681658821755
1259.1009479236466,1.4394192,0.12262199,1.1370622085006343
1259.113466327878,1.2635652,0.13417387,1.1369984245838802
1259.114212451669,1.4458467,0.11595628,1.1369951858754095
1259.1270566017618,1.2771055,0.12927367,1.1369429930789752
1259.1274767252607,1.2363058,0.11735274,1.1369414295765148
1259.1406466065926,1.162158,0.12179984,1.1369003395390564
1259.140740744437,1.3301609,0.11477878,1.1369000984309154
1259.1540045092124,1.1460253,0.11475701,1.1368700430159135
1259.1542363423866,1.239639,0.1257079,1.1368695709636703
1259.167268019602,1.1421889,0.11668724,1.1368498183583258
1259.1678258091601,1.1693331,0.12460716,1.1368491219772243
1259.1805312756192,1.0445119,0.103942186,1.1368354619684793
1259.1814150069288,1.1107316,0.11703508,1.1368346848290058
1259.19379427728,1.0768179,0.1127855,1.1368239105264673
1259.195003935709,1.1063572,0.116785854,1.136822869863096
1259.2070570245985,1.2612115,0.11548391,1.1368109693642394
1259.208592595516,1.0070791,0.12501636,1.1368091177018227
1259.2203195175891,0.99224937,0.11304602,1.1367926482803485
1259.2221809863663,1.2815205,0.12558575,1.1367897223727221
1259.2335817562669,1.2644404,0.12074965,1.1367645031285392
1259.2357691082757,1.1719513,0.1207392,1.136758691256332
1259.2468437406455,1.3005769,0.1260078,1.1367235092229688
1259.2493569612607,1.2768359,0.12317087,1.1367132726938014
1259.260105470741,1.4511294,0.121058665,1.1366635476488414
1259.2629445453363,1.3396388,0.12531093,1.1366488036582676
1259.2733669465676,1.0298729,0.123198695,1.1365837659424805
1259.2765318605186,0.96547663,0.122679815,1.1365601675329238
1259.2866281681395,1.4306982,0.12809145,1.1364776036844824
1259.290118906824,1.08394,0.11865126,1.1364460391742317
1259.2998891354707,1.0692122,0.1266441,1.136344259632017
1259.303705684269,1.2882261,0.12042936,1.136300249732416
1259.3131498485777,1.468326,0.118684016,1.1361811659912515
1259.3172921928685,0.9752431,0.111203656,1.1361234267846427
1259.3264103074735,1.1847985,0.11074935,1.1359871331432598
1259.3308784326389,1.198521,0.118190825,1.135916511761378
1259.3396705121727,1.1289825,0.115364335,1.1357666921366094
1259.3444644035962,1.1347029,0.11865169,1.1356791226477791
1259.352930462691,1.0439584,0.10341076,1.135519451245063
1259.3580501057563,0.89831865,0.11742993,1.1354193360506528
1259.3661901590422,0.97054523,0.10928902,1.1352543990971629
1259.3716355391355,1.1937573,0.11215646,1.1351409604967713
1259.3794496012415,1.0758489,0.10623213,1.1349752135824953
1259.3852207037487,1.1324439,0.11354518,1.1348511023866845
1259.3927087893035,0.8879863,0.10666008,1.1346887555557117
1259.3988055996133,0.7481699,0.10249462,1.1345559763631305
1259.4059677232417,1.0491747,0.11015676,1.1343999578735295
1259.412390226744,0.89204055,0.10296263,1.1342606550032224
1259.4192264030721,0.83706117,0.113807775,1.1341132531631843
1259.4259745851573,0.82715327,0.11907852,1.1339688830254162
1259.4324848288086,0.8466462,0.10289124,1.1338308115079365
1259.4395586748692,0.79061365,0.10565223,1.1336827452221574
1259.4457430004659,0.78609514,0.09562568,1.1335548983456063
1259.4531424958957,0.9573103,0.105224326,1.1334036397091969
1259.4590009180583,0.9010197,0.10586756,1.1332852413226435
1259.4667260482522,0.59417135,0.09750313,1.1331312853121442
1259.4722585816012,0.51557547,0.08413893,1.1330226815235922
1259.4803093319551,0.4191019,0.07885191,1.1328668591554523
1259.4855159911085,0.34915322,0.08443058,1.1327676681550412
1259.4938923470206,0.35049006,0.084995136,1.132610734534397
1259.4987731465953,0.18679056,0.07065986,1.1325206395850917
1259.507475093464,0.13436817,0.06297912,1.1323637783515208
1259.512030048076,0.086484104,0.066940315,1.132284002758908
1259.521057571302,0.04502116,0.066562735,1.1321290089781113
1259.525286695565,0.2021351,0.07685399,1.1320579602138843
1259.534639780549,0.0677097,0.06564536,1.1319068617615915
1259.5385430890772,0.18104818,0.06825741,1.131845986732225
1259.5482217212232,0.14150181,0.06775294,1.131699926509586
1259.5517992286266,0.1553155,0.062196594,1.131648162140761
1259.5618033933388,0.08170211,0.058938242,1.1315092889431595
1259.5650551142285,0.043013964,0.06411864,1.1314656819842288
1259.5753847969122,0.062288523,0.06720662,1.1313336816961381
1259.5783107458974,0.028891994,0.061421786,1.131298503354724
1259.5889659319596,0.0662679,0.060058795,1.1311738845776151
1259.5915661236475,-0.07452665,0.063000835,1.1311442542805037
1259.6025467984964,4.670754e-05,0.059302133,1.1310260446820102
1259.604821247494,-0.008136993,0.059960976,1.1310024099398228
1259.6161273965395,0.19472207,0.07030631,1.1308877117110412
1259.618076117451,0.15799828,0.063164614,1.13086847504016
1259.6297077261036,0.15027422,0.06579129,1.1307559147038273
1259.6313307335329,0.2037509,0.0670463,1.1307404007048198
1259.6432877872055,0.51884896,0.083699904,1.1306271713388598
1259.6445850957548,0.2904997,0.08917155,1.1306149677308979
1259.6568675798605,0.6164167,0.090466075,1.1304994726820203
1259.6578392041308,0.78417116,0.09934915,1.130490339738617
1259.6704471040853,0.8427792,0.09394713,1.1303715754396535
1259.6710930586762,1.0983678,0.102527335,1.1303654858762469
1259.6840263598951,0.9823966,0.10316476,1.1302438103335872
1259.6843466594048,0.97982025,0.11045203,1.13024080913587
1259.6976000063319,0.9573495,0.114118166,1.1301181569342655
1259.697605347306,0.99022156,0.109931186,1.1301181080532152
1259.7108530994717,0.94938165,0.09972749,1.1299998578070298
1259.7111840663338,1.0300674,0.10420067,1.1299970305989007
1259.7241059388382,1.0670295,0.107606664,1.129889595815849
1259.7247625169948,1.2966663,0.11995971,1.1298842967844327
1259.737358524447,1.0257181,0.10414948,1.1297908547838031
1259.738340699305,1.1105928,0.103433035,1.1297841629798513
1259.7506108563118,0.9413989,0.105654165,1.1297064422871013
1259.7519186132797,0.90743136,0.104577295,1.129698933127059
1259.7638629344483,0.9997821,0.104408205,1.1296408331770789
1259.7654962589352,0.8517129,0.1039493,1.129633900223387
1259.77711475887,1.1419487,0.12081634,1.1295935472303529
1259.7790736362872,0.9510413,0.10571019,1.1295890561436808
1259.790366329592,1.1715242,0.11262436,1.1295684150705805
1259.792650745352,0.93909174,0.102655895,1.1295654500136845
1259.8036176466285,1.1510369,0.10855825,1.1295625617776504
1259.806227586145,0.90411556,0.11026976,1.1295641044618216
1259.8168687099947,1.1646968,0.12210879,1.1295761371454787
1259.819804158682,1.0262606,0.108650975,1.1295813215457644
1259.8301195197046,0.79203373,0.10574833,1.1296069489046654
1259.83338046298,0.8779374,0.10425231,1.1296167448399066
1259.8433700757726,0.9698505,0.11423703,1.1296519049941338
1259.846956499054,0.7468638,0.09762621,1.1296667812234722
1259.8566203782138,0.8640737,0.10401403,1.1297099049932247
1259.8605322669196,0.9355004,0.10390205,1.1297284629839894
1259.8698704270432,1.1350249,0.1131969,1.1297768731349993
1259.8741077665934,0.9895978,0.10236607,1.1298002093424835
1259.8831202222736,0.95383614,0.10553147,1.1298512878604128
1259.8876829980913,0.9699108,0.112003475,1.1298778889119367
1259.896369763921,0.99897516,0.1051424,1.1299295846489703
1259.9012579614282,1.0920904,0.104585044,1.1299589496058315
1259.9096190520002,1.0570744,0.11564956,1.1300089656377663
1259.9148326566215,0.8430904,0.105499715,1.1300395830843741
1259.9228680865247,0.9679539,0.11632124,1.1300854682089394
1259.9284070836857,1.1432239,0.1100097,1.1301159554886546
1259.9361168675096,1.0297168,0.11681323,1.1301551103205087
1259.9419812426377,1.1900032,0.116956264,1.130181300987261
1259.9493653949694,0.9232195,0.11540923,1.1302102969803496
1259.9555551334925,1.0252669,0.11789755,1.1302302703149871
1259.9626136689192,1.1588635,0.114244126,1.130247413602788
1259.969128756267,0.9260033,0.10548682,1.1302565817474164
1259.975861689372,1.002936,0.1120735,1.1302581696720349
1259.982702110976,1.1471913,0.11594833,1.1302522431863655
1259.989109456344,1.0016037,0.10677156,1.1302395146918818
1259.9962751976364,0.95058745,0.104165144,1.130216215461989
1260.0023569698492,1.057342,0.124669954,1.130187859189699
1260.0098480162633,0.9942114,0.10812652,1.1301425200759696
1260.0156042299018,0.8627384,0.109849446,1.130100095692477
1260.0234205668733,1.2799381,0.11282874,1.130032741139877
1260.0288512365166,1.1242905,0.114667386,1.1299805266489407
1260.0369928494813,1.1436853,0.110884085,1.1298899036973273
1260.0420979897085,1.0720928,0.114035666,1.1298262777299897
1260.050564864104,0.84383947,0.099004,1.1297140559057908
1260.0553444894915,1.2693969,0.123255834,1.1296468499981454
1260.064136610757,0.9996373,0.12260277,1.1295149586698092
1260.0685907358802,1.0197347,0.118339434,1.1294450092740154
1260.0777080894566,0.9090299,0.115463056,1.129297312435658
1260.0818367288896,1.0850178,0.109763674,1.1292286088941454
1260.0912793002174,1.0362089,0.10552077,1.129069016784169
1260.0950824685337,1.160586,0.10960146,1.129004174090445
1260.1048502430567,0.93836665,0.10351797,1.1288371147976815
1260.108327954827,0.7714328,0.09471513,1.1287779435743064
1260.1184209179896,1.0954001,0.10619418,1.1286076279117465
1260.1215731877846,0.8025291,0.09560989,1.128554896896665
1260.1319913250322,1.0111669,0.10372547,1.128385156915642
1260.1348181674207,1.9939944,0.14001402,1.1283401136940312
1260.1455614642,1.1389346,0.107002385,1.1281729786072043
1260.14806289375,0.5923448,0.0818522,1.128135397482796
1260.15913133551,0.84190875,0.09546352,1.1279743708981254
1260.1727009389765,0.92063785,0.09773054,1.1277894636561387
1260.186270274616,1.0121961,0.11086832,1.1276209426270847
1260.199839342445,0.81691533,0.10950209,1.1274687691263974
1260.2134081424786,0.94217205,0.10057297,1.1273331683640841
1260.226976674733,0.82688004,0.091222554,1.1272166297534654
1260.2405449392236,0.8895285,0.095555834,1.1271168928507682
1260.2541129359668,0.61636865,0.08897671,1.1270352805060346
1260.267680664978,0.43053028,0.06943751,1.1269715853893791
1260.281248126273,0.13569367,0.06657886,1.1269243311677266
1260.2948153198688,0.003144395,0.06407147,1.1268950494000305
1260.3083822457795,-0.025725301,0.057879012,1.1268803772413705
1260.3219489040227,-0.0425218,0.063252576,1.126879718456603
1260.3355152946128,0.0471416,0.06837361,1.1268918608728202
1260.3490814175661,-0.13692856,0.049761042,1.1269137570762577
1260.3626472728981,-0.15682195,0.041819867,1.126944340364812
1260.376212860626,-0.065156646,0.05884682,1.1269810989754414
1260.3897781807643,0.08095946,0.056032587,1.127022793458218
1260.4033432333295,0.044211727,0.06353885,1.1270690582168843
1260.4169080183365,0.011753175,0.05857928,1.1271192342914833
1260.4304725358022,-0.06394037,0.05136936,1.1271739399249492
1260.4440367857421,0.1113451,0.051207237,1.1272336050722673
1260.4576007681724,0.07903428,0.048426155,1.1272985354766927
1260.471164483108,-0.009927455,0.055038147,1.1273704043057684
1260.484727930565,0.008080927,0.04826048,1.1274491475756796
1260.4982911105599,0.060054373,0.06335717,1.1275359551559034
1260.5118540231074,-0.035361186,0.052425895,1.1276315824954752
1260.5254166682246,0.013303842,0.048964042,1.127735319279942
1260.5389790459262,-0.024206785,0.049145356,1.1278475187908676
1260.552541156229,-0.07010259,0.054237913,1.1279657791314492
1260.566102999148,-0.023438897,0.048556697,1.1280879779619566
1260.5796645746996,0.10732919,0.06614088,1.1282107784792468
1260.593225882899,0.077878304,0.056956664,1.128330547167904
1260.6067869237627,0.07077366,0.05709652,1.1284427317116852
1260.6203476973062,-0.03251677,0.04668909,1.1285438630627411
1260.6339082035452,0.07111245,0.04923672,1.128631796636642
1260.6474684424957,-0.0017168731,0.04635467,1.1287031964129814
1260.6610284141727,0.0003276131,0.05118045,1.1287603653227634
1260.6745881185934,0.094135895,0.053392243,1.1288040525171845
1260.6881475557727,0.040741574,0.0602521,1.1288382440785671
1260.7017067257266,0.080521904,0.047259334,1.1288683146597909
1260.7152656284707,-0.10760206,0.048374902,1.128900528519641
1260.7288242640211,-0.061671644,0.04516153,1.1289408097678486
1260.742382632394,0.03178555,0.0535163,1.1289946332650538
1260.755940733604,-0.10709279,0.053995058,1.1290673137764944
1260.7694985676678,0.019709771,0.054428667,1.1291595973383586
1260.7830561346013,0.05385466,0.05074967,1.1292747479849705
1260.7966134344194,0.23171999,0.06349866,1.1294100342042654
1260.8101704671387,0.049708635,0.058369488,1.1295633349557892
1260.8237272327747,0.16090867,0.064095266,1.1297326682816693
1260.8372837313436,0.12657522,0.057828173,1.1299127544452325
1260.8508399628602,0.10968441,0.060675956,1.1301011375301362
1260.864395927341,0.11540925,0.051069263,1.1302941653863687
1260.8779516248023,0.10675298,0.0620902,1.130489129330742
1260.8915070552584,0.099367,0.07347695,1.1306837130208978
1260.9050622187262,0.23185004,0.070339665,1.1308766538085473
1260.9186171152212,0.3709501,0.07385776,1.1310671622216169
1260.9321717447597,0.5553023,0.08043476,1.1312550781785053
1260.9457261073558,0.86175627,0.08916671,1.13144074544508
1260.959280203027,0.8268226,0.08889142,1.131624359126162
1260.9728340317888,0.6176733,0.08426062,1.131806977499782
1260.9863875936564,0.52272356,0.08224179,1.1319897083073156
1260.9999408886456,0.2527568,0.06343754,1.1321744126367106
1261.0134939167724,0.18623042,0.058475994,1.1323628899424372
1261.027046678053,0.03826298,0.056176297,1.1325580955923629
1261.0405991725022,0.08872122,0.07760455,1.1327624487501018
1261.0541514001366,-0.013201809,0.05040184,1.1329786879168582
1261.067703360971,0.049236085,0.05525403,1.1332116069171483
1261.0812550550227,0.044000097,0.05122898,1.1334624558840973
1261.0948064823058,-0.049229108,0.05451554,1.1337363108488574
1261.1083576428366,-0.053230938,0.065647595,1.1340354940239017
1261.1219085366315,-0.0045140074,0.046706464,1.134361051914387
1261.135459163706,-0.04839103,0.05451795,1.1347187016353906
1261.1490095240754,0.06660653,0.062170327,1.135105045779626
1261.1625596177557,0.021701759,0.059933603,1.135521616721992
1261.1761094447625,0.096062236,0.061813705,1.135966348610056
1261.1896590051117,0.040629074,0.07058765,1.136434020365165
1261.203208298819,0.15134045,0.053422563,1.1369223802965869
1261.2167573259003,0.1861073,0.07004016,1.1374226279392712
1261.2303060863712,0.27425233,0.062173814,1.1379285481868848
1261.2438545802472,0.14266552,0.061973903,1.1384315261881168
1261.2574028075446,0.17204599,0.07518826,1.1389246262200998
1261.2709507682782,0.27713236,0.059536643,1.1393984621792779
1261.2844984624646,0.3891056,0.072475895,1.1398473475353914
1261.2980458901193,0.32482845,0.06486233,1.140265440305558
1261.3115930512583,0.102117576,0.07729413,1.140644261541505
1261.3251399458968,0.00086774095,0.052937683,1.1409842434713835
1261.3386865740508,0.07313614,0.062241774,1.141278505235429
1261.352232935736,0.038366422,0.05622545,1.141528053017549
1261.3657790309683,-0.083856896,0.055759687,1.1417355257751096
1261.3793248597626,-0.06559718,0.058661357,1.141898943108057
1261.3928704221357,-0.006135636,0.04547416,1.1420286250318232
1261.4064157181028,-0.0006224736,0.04838671,1.142127916378911
1261.4199607476794,-0.06053743,0.05931049,1.1422050760916995
1261.433505510882,-0.09139784,0.05039504,1.142267474884862
1261.4470500077255,0.054566626,0.054600194,1.1423187048861163
1261.4605942382261,-0.059189923,0.04133596,1.142363495706596
1261.474138202399,-0.06646755,0.053968836,1.1424025328419427
1261.4876819002607,0.057656884,0.054997474,1.1424348236807467
1261.5012253318262,0.025333472,0.057068367,1.1424588144678307
1261.5147684971114,-0.067238696,0.051426638,1.1424695892264054
1261.528311396132,0.05247296,0.052186236,1.142464560840525
1261.541854028904,0.04561354,0.047038216,1.1424402216205904
1261.555396395443,-0.07350101,0.053560328,1.1423923749235743
1261.5689384957643,-0.009104619,0.048852697,1.1423220958486022
1261.5824803298842,-0.0117347445,0.040934045,1.1422267104607224
1261.5960218978178,0.003720037,0.05002419,1.1421099212977366
1261.609563199581,0.040220022,0.06431002,1.141974973966874
1261.6231042351899,-0.008997311,0.04831445,1.1418255176226253
1261.6366450046596,-0.07615668,0.061111633,1.1416691970873492
1261.6501855080062,0.021377984,0.04336874,1.141512772979102
1261.663725745245,0.0027559295,0.043973844,1.1413643281976407
1261.677265716392,0.002376401,0.05123263,1.1412296488208045
1261.6908054214628,0.045759477,0.0486584,1.1411162455213415
1261.7043448604732,0.04244928,0.05098174,1.1410244439870558
1261.7178840334388,0.1093745,0.048543822,1.1409571945665404
1261.7314229403755,0.085908376,0.05129021,1.1409135757425428
1261.7449615812984,0.080721654,0.04692065,1.1408893110653762
1261.7584999562237,0.032243837,0.052759983,1.140882861508044
1261.772038065167,0.22681104,0.063287094,1.1408875439223085
1261.7855759081438,0.19033758,0.06205161,1.1409001713211118
1261.7991134851698,0.46204534,0.072553985,1.140917533739757
1261.8126507962604,0.5000384,0.07931998,1.140937549471978
1261.8261878414316,0.43897596,0.07096175,1.1409600525740238
1261.8397246206998,0.7161569,0.07802308,1.14098563450453
1261.8532611340797,0.7074569,0.07945849,1.141015960461528
1261.8667973815866,0.77257174,0.08191442,1.1410538895014397
1261.8803333632377,0.76370615,0.0864002,1.1411011352018012
1261.8938690790471,0.8701613,0.08256313,1.1411616081334415
1261.907404529031,0.67558265,0.08788611,1.141236904389917
1261.9209397132058,0.7498318,0.08457861,1.1413290567559362
1261.934474631586,0.78599817,0.084387235,1.1414421428822141
1261.948009284188,0.83942175,0.093592204,1.1415758117609152
1261.9615436710271,0.91565835,0.09471777,1.1417340668514113
1261.975077792119,0.9074658,0.087396115,1.1419171881945194
1261.9886116474797,0.8961642,0.08799049,1.1421248351674822
1262.0021452371245,1.072674,0.091619305,1.14235942172889
1262.015678561069,0.95960027,0.08808185,1.1426157161650847
1262.0292116193293,1.0597637,0.09108637,1.1428924780755354
1262.0427444119202,1.0076915,0.092243314,1.143184682492304
1262.0562769388584,1.2248328,0.092984684,1.1434867028428015
1262.0698092001587,1.1410784,0.09173616,1.1437937249455135
1262.0833411958376,0.99695754,0.090259425,1.1440996017532525
1262.0968729259096,1.0252095,0.09598368,1.1443993515332764
1262.110404390391,0.9246946,0.09855296,1.144688026926877
1262.1239355892978,0.84797376,0.08831876,1.144963559915979
1262.1374665226451,1.1470237,0.09195817,1.145221668684443
1262.1509971904486,0.953092,0.089752994,1.14546379462666
1262.164527592724,1.0130211,0.10063392,1.1456897413623688
1262.178057729487,1.0894933,0.101083905,1.14590112851454
1262.1915876007527,0.8131545,0.087333195,1.1461021336618626
1262.2051172065378,1.1527368,0.09798421,1.1462953606882684
1262.2186465468571,0.9633736,0.09466398,1.1464854014415589
1262.2321756217264,1.0179919,0.093056135,1.146674933167463
1262.2457044311614,0.985016,0.09526295,1.1468659490546365
1262.2592329751772,1.1061347,0.093543805,1.1470584368235532
1262.2727612537906,1.1961572,0.096032165,1.1472512624604505
1262.2862892670162,0.9453295,0.09685481,1.1474418646490607
1262.29981701487,0.8646162,0.09454042,1.1476277729767947
1262.313344497368,0.9157245,0.09797135,1.1478054906438468
1262.3268717145245,0.98836535,0.0897435,1.147973911616825
1262.3403986663566,0.9611667,0.09954169,1.1481305950905782
1262.3539253528793,1.000658,0.08889867,1.1482761994097568
1262.367451774108,0.9851596,0.08529659,1.148412260202984
1262.3809779300586,1.0730686,0.09565753,1.1485402790169845
1262.3945038207464,0.99585027,0.09736492,1.148664117927976
1262.4080294461871,1.1264076,0.120372705,1.1487863878104496
1262.421554806397,1.0702738,0.088703744,1.1489101099698231
1262.4350799013912,1.0751715,0.10858341,1.1490371798574714
1262.4486047311843,1.1241194,0.089116,1.1491696589981497
1262.462129295794,0.95633936,0.08038854,1.1493072465232426
1262.475653595234,0.9045385,0.088252105,1.14944996653675
1262.4891776295208,0.9281532,0.08946589,1.1495967538186125
1262.5027013986698,1.0366622,0.08698897,1.149746286221793
1262.5162249026964,0.8550548,0.091308095,1.149897669693001
1262.529748141617,0.9552325,0.09276564,1.1500500460345937
1262.5432711154463,0.9536374,0.09235569,1.1502034678633586
1262.5567938242002,1.0958091,0.09458791,1.1503586176612286
1262.5703162678944,0.8683042,0.08527422,1.1505162473472867
1262.583838446544,1.1088395,0.09041186,1.1506776123066493
1262.5973603601653,0.9188231,0.0891102,1.1508425436648464
1262.6108820087734,1.018496,0.09386732,1.1510102831342843
1262.6244033923838,0.9206491,0.086241975,1.1511784869762296
1262.6379245110127,0.9367086,0.08629844,1.151343744059297
1262.651445364675,0.9887412,0.08811897,1.1515005697039316
1262.6649659533866,1.077153,0.08974223,1.1516443319560514
1262.6784862771628,1.0218863,0.090258606,1.1517703757770965
1262.6920063360196,0.9673142,0.08650843,1.1518738069751908
1262.7055261299724,0.9617352,0.08561183,1.1519554355531958
1262.719045659037,1.0536978,0.095566586,1.152012869929208
1262.732564923229,1.0232999,0.08836348,1.1520504658332111
1262.7460839225628,0.87902045,0.08038287,1.152071703218656
1262.7596026570554,0.9447553,0.08357019,1.1520810134187398
1262.7731211267214,0.9613016,0.08302519,1.1520853679499334
1262.7866393315767,1.1633596,0.09010764,1.1520906005798615
1262.800157271637,0.9364166,0.08793007,1.1521029875493773
1262.8136749469181,0.8983242,0.0847418,1.1521275609317403
1262.827192357435,1.0486926,0.0911686,1.152170657531479
1262.8407095032037,1.0472546,0.08924572,1.1522324469755245
1262.8542263842394,1.0277842,0.08826989,1.1523156741518301
1262.8677430005582,0.94882274,0.08736578,1.1524182274195367
1262.8812593521745,1.0892847,0.088983014,1.1525371059454876
1262.8947754391054,1.0005345,0.09356226,1.1526692393054114
1262.9082912613653,0.90260947,0.090349585,1.1528080884368022
1262.92180681897,0.96012664,0.086447574,1.1529488883938928
1262.9353221119352,1.0462326,0.09169537,1.1530860919291148
1262.948837140277,0.9504571,0.087271586,1.1532157411062087
1262.9623519040097,1.1978256,0.09072978,1.1533328471395645
1262.9758664031497,0.92515546,0.084672816,1.1534371009621767
1262.9893806377124,1.0448974,0.0889732,1.1535265704640156
1263.0028946077127,0.8443463,0.08345669,1.153601911081586
1263.0164083131674,0.9697916,0.08304655,1.1536656421753675
1263.0299217540908,0.9386246,0.08563486,1.1537191273956493
1263.0434349304996,0.87241745,0.08694694,1.1537667944771244
1263.0569478424081,0.9818958,0.08717145,1.1538106231463459
1263.0704604898328,1.2249602,0.09358186,1.1538521423931236
1263.0839728727888,0.9757279,0.08372177,1.153891611901948
1263.0974849912918,0.96679395,0.08687302,1.1539268400855962
1263.1109968453568,1.1223022,0.08748696,1.153955488252212
1263.124508435,1.0711726,0.08739083,1.1539734127817403
1263.1380197602366,1.0133344,0.08516734,1.1539760467885183
1263.1515308210824,0.9828592,0.08528308,1.153961177208759
1263.1650416175528,0.9546997,0.083891615,1.1539225911191173
1263.1785521496627,0.94913566,0.0819375,1.1538613178074753
1263.1920624174284,0.86739486,0.08764811,1.1537753515559686
1263.2055724208656,0.9455721,0.086032614,1.1536648544740935
1263.2190821599886,0.9754578,0.09555624,1.1535339907728526
1263.232591634814,0.8574139,0.10666861,1.1533836587216058
1263.2461008453577,0.9150969,0.085785605,1.1532203479540826
1263.2596097916337,0.939647,0.09136525,1.153047540607356
1263.2731184736583,1.042213,0.08503797,1.1528692463916168
1263.2866268914474,1.1591079,0.09426523,1.1526890185522514
1263.3001350450158,1.2598667,0.09763684,1.1525087273412669
1263.3136429343797,0.9936585,0.084718555,1.1523292025689051
1263.3271505595542,1.2005441,0.08847006,1.1521501753202974
1263.3406579205546,1.0404038,0.08565535,1.151970818758013
1263.3541650173968,1.2115768,0.095976144,1.1517903487481984
1263.3676718500958,1.0792348,0.087080196,1.1516080009093816
1263.3811784186676,1.0748148,0.091151655,1.1514239839021525
1263.3946847231277,1.2627879,0.09263542,1.1512386793351186
1263.4081907634913,0.9606712,0.09409178,1.151053035974012
1263.4216965397738,1.119762,0.094197385,1.1508683480683586
1263.4352020519914,0.98601145,0.08905158,1.1506865578436607
1263.448707300159,1.0898706,0.09300064,1.150509345778636
1263.462212284292,1.0639129,0.09360896,1.1503385044566734
1263.475717004406,1.0050625,0.086213164,1.1501765026498576
1263.4892214605165,1.017118,0.08716661,1.1500239400836703
1263.5027256526391,1.14201,0.090926565,1.149883237567877
1263.5162295807893,0.96380174,0.08133213,1.149754208640403
1263.5297332449825,1.0151017,0.09288248,1.1496371035872133
1263.543236645234,1.152629,0.08990981,1.1495323456614688
1263.5567397815594,1.0844046,0.08903855,1.1494372905702246
1263.5702426539742,1.1769537,0.09407058,1.149350987058697
1263.583745262494,1.051228,0.086291604,1.1492701547162427
1263.5972476071342,0.9137033,0.0918988,1.1491923342951025
1263.6107496879101,1.0496516,0.08453453,1.1491149122751305
1263.6242515048375,1.041987,0.08798528,1.1490361570623175
1263.6377530579318,1.0639559,0.089056894,1.148955069878426
1263.6512543472081,1.0388014,0.08924916,1.1488726554953508
1263.6647553726818,1.1691089,0.0888279,1.1487910549632274
1263.6782561343691,1.0361445,0.09208528,1.1487147135098184
1263.6917566322845,0.9798741,0.08529721,1.1486478897555172
1263.7052568664446,1.0677521,0.09407105,1.1485976342402113
1263.718756836864,1.1309421,0.095834024,1.1485690066302077
1263.732256543558,1.1025143,0.08856583,1.1485660619808347
1263.7457559865431,1.0296668,0.08845767,1.1485954955670132
1263.7592551658338,1.1202793,0.09529954,1.1486553276191411
1263.772754081446,1.0756991,0.09075995,1.1487491201202114
1263.7862527333948,1.0769701,0.08952913,1.1488726936898204
1263.7997511216959,1.1448125,0.09212589,1.1490219149543646
1263.8132492463649,1.2514257,0.09902931,1.149193324831814
1263.8267471074168,1.0916251,0.09146833,1.1493781199418336
1263.8402447048675,1.181307,0.09015703,1.149570047328026
1263.8537420387318,1.0065324,0.0893898,1.1497603762920545
1263.867239109026,1.0825772,0.087453865,1.149942080935858
1263.880735915765,1.1588156,0.08597309,1.1501061841195142
1263.894232458964,1.1495585,0.091776624,1.1502488317104635
1263.9077287386397,1.1163466,0.08697432,1.1503624536529349
1263.9212247548062,1.190964,0.09286968,1.1504446204716732
1263.934720507479,1.1336771,0.092872106,1.1504946040564838
1263.9482159966742,1.2123334,0.09207918,1.1505088969937378
1263.961711222407,1.1998177,0.087652035,1.1504938846480226
1263.9752061846928,1.1346121,0.09139134,1.1504500166211518
1263.9887008835467,0.8586127,0.08362778,1.1503838760786291
1264.0021953189844,1.060399,0.08708438,1.150301223929302
1264.0156894910215,1.014759,0.08569323,1.150207001530272
1264.0291833996732,1.1934735,0.087731406,1.1501081473514063
1264.042677044955,1.0976405,0.08690933,1.150009499533348
1264.0561704268825,1.1088623,0.09150109,1.149915591260801
1264.0696635454706,1.0415133,0.08699763,1.1498290069884478
1264.0831564007349,1.1242957,0.091262095,1.1497523997949846
1264.0966489926914,1.058582,0.08469506,1.1496846303407635
1264.1101413213553,1.1924793,0.09048873,1.149625108315859
1264.1236333867407,1.2352874,0.095708236,1.1495701455202225
1264.137125188865,1.3343287,0.09164173,1.1495155013520935
1264.1506167277428,0.93729675,0.0850718,1.1494547614189052
1264.1641080033887,1.0825481,0.08612295,1.1493828100485384
1264.1775990158194,1.0522078,0.088915385,1.149292133299834
1264.1910897650494,1.1879969,0.08781878,1.149177734765951
1264.2045802510945,1.1723897,0.09092602,1.149036199122079
1264.2180704739703,1.1232435,0.091459274,1.1488608875256963
1264.2315604336916,1.1191779,0.089788504,1.148654222710368
1264.2450501302742,1.2215974,0.090595715,1.1484123967648558
1264.2585395637334,1.1858302,0.089575216,1.1481384211351608
1264.2720287340849,1.2638324,0.089965604,1.1478357124119916
1264.2855176413434,1.2105093,0.088148154,1.1475055806594596
1264.299006285525,1.2250401,0.09069087,1.1471563529771782
1264.312494666645,1.0195997,0.088416114,1.1467921977019604
1264.3259827847182,1.1413144,0.08509864,1.146421581170649
1264.3394706397605,1.2416284,0.09251745,1.146052053292846
1264.3529582317874,1.2151744,0.08997793,1.1456937999700079
1264.3664455608136,1.1198641,0.08937121,1.145353661172388
1264.3799326268552,1.11963,0.08430249,1.1450419064385213
1264.3934194299275,1.1877536,0.08964551,1.144763961861926
1264.4069059700455,1.2812138,0.094910115,1.1445234866561198
1264.4203922472248,1.2309935,0.09049206,1.1443260789818148
1264.433878261481,1.089448,0.08700923,1.1441653158237457
1264.4473640128288,1.1397979,0.09099423,1.1440409078794802
1264.4608495012842,1.3444427,0.10021909,1.1439436045850595
1264.4743347268625,1.065454,0.10110361,1.1438647190900997
1264.487819689579,1.1416701,0.100768596,1.1437948453342766
1264.5013043894492,1.0693132,0.087211564,1.143723573959002
1264.5147888264876,1.2401223,0.09284244,1.1436411718511759
1264.528273000711,1.2305325,0.09902066,1.1435397428970768
1264.5417569121337,1.2085392,0.09120951,1.1434133086555074
1264.5552405607716,1.2739058,0.095623784,1.143253679213364
1264.5687239466397,1.1299608,0.09028567,1.1430611623782352
1264.5822070697536,1.2862457,0.09183987,1.1428292334572525
1264.5956899301284,1.1803102,0.09584614,1.1425595988136656
1264.60917252778,1.2026587,0.091944076,1.142252473168113
1264.6226548627228,1.137715,0.09454919,1.1419062647367832
1264.6361369349734,1.212928,0.098868646,1.1415273799169112
1264.6496187445462,1.3403639,0.092541784,1.1411137015411967
1264.6631002914569,1.1006815,0.08844123,1.1406702211228164
1264.676581575721,1.218641,0.10694973,1.1401993099832033
1264.690062597354,1.0580661,0.08507392,1.1397024462341006
1264.7035433563701,1.1927055,0.08962035,1.1391855516703786
1264.717023852786,1.3247685,0.09226102,1.1386497952788066
1264.7305040866163,1.0782026,0.08774836,1.1381006536441594
1264.7439840578763,0.97212106,0.08818114,1.1375415877405055
1264.7574637665823,1.2934259,0.093489446,1.1369767638522819
1264.7709432127488,1.0667368,0.088298,1.136410780561952
1264.784422396391,1.1490573,0.08675112,1.1358479348873112
1264.7979013175247,1.0451375,0.08948764,1.135291789957777
1264.8113799761645,1.2764107,0.093473226,1.1347454618802764
1264.8248583723266,1.2539121,0.09201226,1.1342120481963751
1264.8383365060263,1.3447726,0.10128251,1.1336916357014097
1264.8518143772785,1.2853742,0.090486914,1.1331869019999217
1264.865291986099,1.2324171,0.092354484,1.1326965068816415
1264.878769332502,1.0862476,0.090084545,1.1322208871435162
1264.8922464165043,1.2573656,0.08714057,1.1317603682033688
1264.9057232381206,1.3602676,0.09844473,1.1313131369076863
1264.9191997973662,1.1861639,0.0878389,1.1308806037568082
1264.9326760942558,1.1736753,0.09250737,1.1304604089836365
1264.946152128806,1.2404354,0.0897306,1.130052211517439
1264.9596279010314,1.2792321,0.093346804,1.1296549511123404
1264.973103410947,1.255908,0.09171586,1.1292660008640787
1264.9865786585685,1.0179971,0.08795455,1.128883541504695
1265.0000536439113,1.0822674,0.086940736,1.1285031847345064
1265.0135283669908,1.147584,0.10190074,1.1281208304623238
1265.027002827822,1.2583776,0.09158641,1.1277307864832211
1265.0404770264204,1.2344474,0.09719158,1.1273286330064856
1265.0539509628013,1.2971661,0.09589721,1.126906555896498
1265.0674246369801,1.2388,0.091842115,1.126462974205577
1265.080898048972,1.3626598,0.09190521,1.1259931791394382
1265.0943711987918,1.2424134,0.09172444,1.1254949799824983
1265.107844086456,1.351299,0.10150938,1.1249707217268683
1265.1213167119784,1.2613121,0.09257571,1.12441796208035
1265.1347890753755,1.1175178,0.08720778,1.123844098846653
1265.1482611766621,1.2451118,0.092854895,1.1232517681304457
1265.1617330158535,1.1476245,0.09683045,1.1226476857540961
1265.1752045929652,1.2442784,0.09066548,1.1220388354247974
1265.1886759080123,1.2674592,0.09370848,1.1214334113698317
1265.2021469610102,1.1858785,0.089934975,1.1208383911813413
1265.2156177519744,1.0933806,0.08621695,1.1202616301059405
1265.2290882809195,1.3220085,0.09428193,1.1197090829753453
1265.242558547862,1.234099,0.091571115,1.1191835968873964
1265.2560285528155,1.1152322,0.0870609,1.1186920195447254
1265.2694982957964,1.1965948,0.09315451,1.118231020083182
1265.2829677768204,1.2322853,0.09090064,1.1178035533653075
1265.2964369959018,1.3424642,0.09360812,1.1174065421355381
1265.3099059530564,0.9283432,0.088923305,1.117036837440696
1265.3233746482988,1.3242719,0.09280041,1.1166943136881229
1265.3368430816454,1.2785441,0.09292972,1.1163727575055185
1265.3503112531105,1.0513122,0.08457658,1.1160716256139829
1265.3637791627102,1.3899666,0.09725402,1.1157872278059875
1265.3772468104592,1.2379202,0.09469321,1.1155174879947234
1265.3907141963728,1.1534455,0.08966833,1.1152624238723872
1265.4041813204665,1.2608479,0.09399803,1.115019777901381
1265.4176481827553,1.0756404,0.096258804,1.1147908467707905
1265.4311147832545,1.2287445,0.09152063,1.1145742870501343
1265.44458112198,1.2643672,0.08993765,1.1143693400911727
1265.4580471989461,0.917124,0.08128995,1.11417527111954
1265.4715130141687,1.0886477,0.084723756,1.1139887429169741
1265.484978567663,1.0984539,0.09496939,1.1138076945885091
1265.498443859444,1.031897,0.085956216,1.1136282645424802
1265.5119088895271,1.2223309,0.089923464,1.1134476212142912
1265.5253736579275,1.1525706,0.09623392,1.1132629606083206
1265.538838164661,1.2979144,0.09854409,1.1130736876959462
1265.5523024097417,1.3050983,0.09042501,1.1128794434347622
1265.5657663931854,1.156348,0.09259163,1.1126824008186904
1265.579230115008,1.1342947,0.095107704,1.1124848626635098
1265.5926935752243,1.3307012,0.09186559,1.1122899916644937
1265.6061567738493,1.1548147,0.093664855,1.1120999279704151
1265.6196197108982,1.1758802,0.09103448,1.1119169773021491
1265.633082386387,0.9934634,0.08531546,1.1117402581411269
1265.6465448003298,1.2700025,0.09083245,1.1115689177502484
1265.6600069527426,1.2008295,0.09309812,1.1114002942538757
1265.6734688436406,1.1582115,0.092023365,1.1112311212750279
1265.6869304730392,1.206609,0.08687335,1.1110567497964245
1265.700391840953,1.2218277,0.08960284,1.1108738419301543
1265.7138529473978,1.206183,0.093324736,1.110677763303492
1265.7273137923887,1.0806849,0.089134715,1.1104651182800025
1265.7407743759409,1.0317825,0.087686114,1.1102352465926475
1265.7542346980697,1.15755,0.09210363,1.1099849223796387
1265.7676947587897,1.1570073,0.08706675,1.1097176683593577
1265.7811545581174,1.1034969,0.09515762,1.1094336118457517
1265.7946140960667,1.0926327,0.08505252,1.1091354239018423
1265.8080733726538,0.8779017,0.08036257,1.1088252348003587
1265.8215323878933,0.63789505,0.07072294,1.1085028522708757
1265.834991141801,0.7004166,0.07641879,1.1081700357783497
1265.8484496343915,0.55723715,0.06918321,1.1078243083411776
1265.8619078656802,0.4938542,0.06616035,1.1074642302762354
1265.875365835683,0.47162578,0.06621256,1.1070878287437584
1265.8888235444138,0.26744077,0.056175865,1.1066907832275867
1265.9022809918895,0.18170904,0.0567588,1.106273483724733
1265.9157381781235,0.0850262,0.046457347,1.1058314079414555
1265.9291951031325,0.13021928,0.053100377,1.1053653726123254
1265.9426517669308,0.07801689,0.04720286,1.1048748980244951
1265.9561081695344,0.109603725,0.047931448,1.1043592467755468
1265.9695643109574,0.31510398,0.05722872,1.103822782426978
1265.9830201912164,0.5312576,0.06370657,1.1032657238152144
1265.996475810325,0.833028,0.07409122,1.1026944055289252
1266.0099311682995,0.9638702,0.08014871,1.1021131055013769
1266.023386265155,0.98166907,0.084577605,1.1015278291456385
1266.0368411009063,1.131608,0.08931658,1.10094448408071
1266.0502956755693,0.95119154,0.082874656,1.1003697708939055
1266.0637499891586,1.0750251,0.08951211,1.0998077057863513
1266.0772040416894,1.1327759,0.08770956,1.099263028792177
1266.0906578331774,1.0478243,0.08860854,1.098738852773385
1266.1041113636368,1.0301609,0.08951619,1.0982341552975035
1266.117564633084,0.9069544,0.08337407,1.0977510425163595
1266.1310176415334,1.01095,0.08166068,1.0972840098257828
1266.1444703890006,1.0282419,0.08564591,1.0968317658799664
1266.1579228755004,0.7660031,0.077184364,1.0963913924745285
1266.1713751010486,0.77134746,0.08442257,1.0959609029014648
1266.1848270656592,0.9967504,0.08336,1.0955415024443134
1266.198278769349,0.9207756,0.08391428,1.095132872604892
1266.2117302121317,0.625563,0.07329459,1.0947385220244994
1266.2251813940234,0.80048823,0.07452678,1.094360712882228
1266.2386323150388,0.9274518,0.08241783,1.0940015807181587
1266.2520829751936,1.0004437,0.08859103,1.0936656540022773
1266.2655333745026,1.1851308,0.09180708,1.0933515593177783
1266.2789835129809,1.177308,0.08937343,1.093062451709861
1266.2924333906442,1.1080514,0.096069634,1.0927955685292894
1266.3058830075067,1.0656868,0.09606756,1.0925493817783891
1266.3193323635846,1.0851525,0.092489846,1.0923226325450235
1266.332781458892,1.0498511,0.091531105,1.092111067723877
1266.3462302934452,1.1312782,0.09016761,1.091914540832722
1266.3596788672587,1.1067593,0.089848295,1.0917299426734635
1266.3731271803479,0.9904578,0.08464679,1.0915567018537395
1266.3865752327279,1.1373932,0.09378196,1.0913945455368974
1266.400023024414,1.2340845,0.09543648,1.09124234827758
1266.4134705554206,1.1097699,0.091111064,1.0911022612708425
1266.4269178257637,1.1868591,0.09319168,1.0909735238978278
1266.4403648354585,1.2359812,0.09060011,1.0908578630140688
1266.45381158452,1.0617023,0.0937268,1.0907562202150598
1266.4672580729625,1.2358837,0.09058667,1.0906679986683392
1266.4807043008022,1.0872505,0.089602955,1.0905953777262491
1266.4941502680545,1.001701,0.09045425,1.090535676133503
1266.5075959747332,1.2586297,0.092580505,1.090488971478096
1266.5210414208552,1.1768357,0.09443688,1.090452537988015
1266.5344866064338,1.1951439,0.09119005,1.0904231652347207
1266.5479315314851,1.1421915,0.09434744,1.0903971446939786
1266.5613761960244,1.0581783,0.088290006,1.0903698788769234
1266.5748206000667,1.0598713,0.093538724,1.0903364763887278
1266.588264743627,1.126714,0.08853287,1.0902930226469618
1266.60170862672,1.2238061,0.091474615,1.0902364586242281
1266.615152249362,1.0882136,0.09007157,1.0901635337282523
1266.628595611567,1.0803126,0.08517209,1.0900755801055189
1266.642038713351,1.1250778,0.088814676,1.0899718941371728
1266.6554815547288,1.3158323,0.09995694,1.0898569905289706
1266.6689241357146,1.1708945,0.09235998,1.0897348848011752
1266.6823664563253,1.3492069,0.093813,1.0896114513992472
1266.6958085165745,1.3471814,0.09529399,1.089492435470588
1266.7092503164788,1.0976505,0.08815474,1.089385419212731
1266.7226918560516,1.007651,0.08729068,1.0892946636019556
1266.7361331353093,1.0717655,0.088864,1.0892260205847504
1266.7495741542666,1.1424801,0.089540325,1.0891837516716016
1266.7630149129388,1.0108751,0.08529273,1.0891679543163622
1266.7764554113405,1.1519494,0.08546193,1.0891835605192364
1266.7898956494876,1.1400237,0.091225125,1.0892249291115355
1266.8033356273947,1.1561759,0.091027424,1.0892916814735827
1266.816775345077,1.1861751,0.090085454,1.0893775361938804
1266.8302148025496,1.2020005,0.09111198,1.089475474525345
1266.8436539998277,1.1234008,0.09200956,1.0895774634388078
1266.8570929369264,1.1342924,0.08606508,1.0896744303160644
1266.8705316138603,1.1962528,0.09174478,1.0897560243128843
1266.8839700306455,1.16479,0.09342126,1.089813623601619
1266.8974081872964,1.1724024,0.09034726,1.0898395751951058
1266.9108460838286,0.96964765,0.089981236,1.089823855095661
1266.9242837202567,1.1842815,0.09436578,1.0897669433032462
1266.9377210965959,1.0565296,0.08743503,1.0896598952253571
1266.9511582128616,1.2356457,0.09380164,1.0895077161640732
1266.9645950690683,1.0537195,0.09007675,1.0893103200423953
1266.9780316652318,1.1325557,0.0904548,1.0890710308259743
1266.9914680013671,1.1267176,0.09461617,1.0887993811035717
1267.0049040774893,1.1062688,0.092218645,1.0884998000574195
1267.0183398936128,1.1422529,0.093694694,1.0881864626999642
1267.031775449753,1.2068524,0.09571498,1.0878696741394844
1267.0452107459255,1.2318791,0.093206935,1.0875629278321481
1267.0586457821453,1.0199441,0.09044431,1.0872768746873078
1267.072080558427,1.1347331,0.09492497,1.087027446298881
1267.0855150747861,1.0641955,0.0893371,1.0868191187232408
1267.098949331237,1.0080392,0.09089565,1.086663581120626
1267.112383327796,1.2682961,0.09943254,1.0865624445585924
1267.1258170644771,1.0845649,0.09083992,1.0865154445235021
1267.1392505412957,1.0178859,0.09118747,1.086525416525659
1267.1526837582678,1.1598463,0.096107736,1.0865814049323554
1267.1661167154068,1.0115901,0.09426264,1.0866831027954114
1267.1795494127286,1.1231846,0.09311262,1.0868188501401062
1267.1929818502488,1.0115463,0.09500729,1.0869819731408719
1267.2064140279817,1.1535851,0.09671276,1.0871646463209543
1267.2198459459428,1.2122409,0.09757018,1.0873577759971897
1267.2332776041467,1.1065497,0.095265746,1.0875548685838279
1267.246709002609,1.1251253,0.09326733,1.0877488328763585
1267.2601401413438,1.2415335,0.09985744,1.0879339728573356
1267.2735710203679,1.0689886,0.08921598,1.0881052046501531
1267.2870016396948,0.98699915,0.089961715,1.0882603978297736
1267.3004319993406,1.2061423,0.091386236,1.0883949329879745
1267.3138620993197,1.193464,0.09732205,1.0885116638182308
1267.3272919396475,0.92410135,0.08944979,1.0886100537986907
1267.3407215203385,1.0527331,0.107576914,1.08869381814246
1267.3541508414085,1.1217533,0.09530813,1.0887668978956475
1267.367579902872,1.1110508,0.08927223,1.0888335900131
1267.3810087047445,1.1047822,0.09293881,1.0888991085035444
1267.394437247041,1.1365991,0.09333259,1.0889677216578608
1267.4078655297762,1.0629367,0.09256683,1.0890420977276123
1267.4212935529654,1.2091342,0.09316612,1.0891236763992571
1267.4347213166236,0.92931503,0.08272337,1.08921243080243
1267.4481488207655,1.1510352,0.09548218,1.0893063070144964
1267.461576065407,1.0568768,0.09470739,1.0894037086232389
1267.4750030505622,1.0593954,0.09047713,1.0895017798918887
1267.488429776247,1.128567,0.089793175,1.0895983519773014
1267.5018562424762,1.0899423,0.09562454,1.0896913126063053
1267.515282449264,0.99379385,0.093662865,1.0897797147438422
1267.5287083966264,1.0856725,0.09092558,1.0898618488510916
1267.542134084578,1.0734473,0.08936617,1.0899385182174497
1267.5555595131343,1.074726,0.09289478,1.090009609130992
1267.5689846823097,1.1141217,0.09067873,1.0900764613718148
1267.5824095921196,1.119994,0.09118369,1.090140122765282
1267.5958342425795,1.0216173,0.09031507,1.090201361249498
1267.6092586337033,1.2094733,0.09925511,1.0902607513896336
1267.6226827655066,1.1786996,0.09141087,1.0903173956348646
1267.6361066380048,1.04159,0.08687729,1.0903702464100427
1267.6495302512128,0.9098258,0.0836232,1.090417371224637
1267.6629536051446,1.2183154,0.09443148,1.0904561485460151
1267.6763766998167,1.1635604,0.09094879,1.0904855266076472
1267.689799535243,1.1638503,0.09110976,1.0905023800087297
1267.7032221114393,0.9475028,0.08563395,1.0905077050104592
1267.71664442842,1.2363136,0.09262477,1.0905009890312405
1267.7300664862007,1.1149043,0.09235624,1.090483398995044
1267.7434882847963,1.0248982,0.089253604,1.0904568982272937
1267.7569098242213,1.1258222,0.09136035,1.090421958696499
1267.7703311044913,1.1498525,0.08978155,1.0903811476814786
1267.783752125621,1.1263708,0.094074965,1.0903350767574218
1267.7971728876253,1.230558,0.10027785,1.0902851996989447
1267.8105933905192,0.99665123,0.09503059,1.090232716434437
1267.8240136343181,1.1027379,0.09742035,1.0901791956094007
1267.8374336190375,1.2096229,0.0945911,1.0901268772779458
1267.8508533446907,0.8978593,0.08726699,1.09007921072263
1267.8642728112943,0.91004,0.09236411,1.0900394681075243
1267.8776920188623,1.0280083,0.08579423,1.0900119995925535
1267.8911109674102,1.046,0.08924437,1.0900020482647872
1267.9045296569532,1.0184258,0.092069075,1.0900120248787508
1267.9179480875057,0.8599609,0.096647434,1.090050070695289
1267.9313662590832,1.0063174,0.08958837,1.0901153024686299
1267.9447841717001,1.0321859,0.0917331,1.0902123081036004
1267.958201825372,0.9355719,0.09288971,1.0903405257810856
1267.9716192201138,1.0684041,0.09458115,1.0904972499868173
1267.9730656040347,0.93948627,0.15049514,1.0905159913254363
1267.98503635594,1.0305867,0.09218557,1.0906817035963963
1267.9868156291127,2.7044406,0.20755403,1.0907075207879646
1267.9984532328667,1.1607331,0.094646536,1.0908846427418208
1268.0005653802475,1.2902019,0.14981341,1.0909183034087835
1268.011869850908,1.0532032,0.09680707,1.0911004645497269
1268.0143148574555,0.60099036,0.110490024,1.0911402732819993
1268.0252862100783,1.0255263,0.09251792,1.0913191163248492
1268.028064060753,0.7056983,0.11423391,1.0913639410859748
1268.038702310394,1.1599153,0.1004931,1.09153202895366
1268.0418129901566,1.0884814,0.1515207,1.0915791879222514
1268.052118151869,1.246178,0.09785334,1.0917284167977588
1268.0555616456822,0.9853895,0.14884938,1.0917760059960853
1268.0655337345188,1.0959227,0.094524235,1.0919023644878325
1268.0693100273468,1.1219684,0.1468967,1.091944204161932
1268.0789490583581,0.95448,0.09470411,1.0920424016136145
1268.0830581351665,0.9524326,0.14057957,1.0920796097663672
1268.0923641234021,1.116443,0.10067439,1.092147597623211
1268.0968059691572,1.1869612,0.14566614,1.0921732376200253
1268.105778929666,1.0178657,0.09478292,1.0922120069917165
1268.110553529336,0.87974167,0.14023437,1.0922243523646842
1268.1191934771643,0.9593636,0.090689786,1.0922340950824945
1268.124300815719,0.93842214,0.13861988,1.0922335043557598
1268.1326077659123,0.94855833,0.09013402,1.09221681561497
1268.1380478283227,1.1211851,0.14201172,1.0921961713490047
1268.1460217959243,1.0993026,0.09876974,1.0921569334723609
1268.1517945671626,0.984903,0.13936195,1.092121140572624
1268.1594355672162,1.1383432,0.09587096,1.092063820662983
1268.1655410322564,1.0176649,0.14079146,1.0920102113337231
1268.1728490798027,1.0905553,0.090635605,1.091937833370318
1268.1792872236192,1.008436,0.1404449,1.091867695147994
1268.1862623336983,1.0472981,0.08972031,1.0917858262448101
1268.1930331412684,1.1055177,0.14432286,1.0917009524589978
1268.1996753289188,1.0262777,0.090945475,1.0916122936571773
1268.2067787852197,1.1757594,0.15955433,1.091512583542784
1268.213088065478,1.0099627,0.09520312,1.0914206490360159
1268.2205241554893,1.0041058,0.14685905,1.091308791591105
1268.2265005433921,1.0478028,0.096186385,1.0912166671374852
1268.2342692520942,1.0704829,0.14278495,1.0910937417905155
1268.2399127626747,1.193578,0.102036744,1.091002634008928
1268.2480140750502,1.1712571,0.13654079,1.0908706550128326
1268.2533247233425,1.010552,0.08947169,1.090783523069006
1268.2617586243741,0.7941725,0.1367598,1.0906446846282964
1268.266736425409,1.0907384,0.09464445,1.090562861569511
1268.2755029000818,1.0791543,0.15971196,1.0904199666779162
1268.2801478688898,1.1556515,0.09436509,1.09034542251409
1268.28924690219,1.0541333,0.13924584,1.0902019662461482
1268.2935590537998,1.0559487,0.096419565,1.0901350687200142
1268.3029906307147,0.9955987,0.1414472,1.0899949185437052
1268.3069699801542,1.025264,0.092868,1.0899385121190954
1268.3167340856724,0.9799555,0.13396086,1.08980546858172
1268.3203806479667,1.1025836,0.093698665,1.0897582748574257
1268.3304772670797,0.9455472,0.12814657,1.0896373494794955
1268.333791057254,1.0183727,0.09716705,1.0896002743678141
1268.3442201749522,1.2717005,0.143978,1.0894934880701528
1268.34720120803,0.9049382,0.08711941,1.089467230312416
1268.357962809307,0.91677785,0.1297468,1.089380370615299
1268.36061110031,0.84833735,0.08885415,1.0893608977298204
1268.37170517016,0.93380296,0.14092791,1.089296270238304
1268.3740207341086,0.9350764,0.08964166,1.089285732067259
1268.385447257528,1.0010369,0.13741703,1.0892439478723803
1268.3874301094413,0.9980172,0.093514025,1.0892386991461493
1268.3991890714267,1.0368829,0.13571393,1.0892242474409186
1268.4008392263224,1.1138059,0.09246784,1.0892237492291432
1268.4129306118728,1.1075886,0.13395448,1.0892336742856157
1268.4142480847672,1.1683191,0.09414909,1.0892367850244817
1268.426671878883,1.1335251,0.13556425,1.0892735886651475
1268.4276566847905,1.1682639,0.095586665,1.0892771287458345
1268.4404128724725,1.1544709,0.1431373,1.0893389712174137
1268.441065026408,1.1351107,0.09465528,1.0893427460035419
1268.4541535926583,1.3145849,0.16011615,1.0894261179278613
1268.4544731096335,1.1106807,0.10018831,1.0894282713576098
1268.4678809344823,1.279547,0.10145755,1.089532569346351
1268.467894039457,1.0388982,0.14002302,1.0895326768713534
1268.4812885009696,0.97810405,0.09247621,1.08964826646583
1268.4816342128843,0.97271425,0.13745093,1.0896514096354288
1268.4946958091102,1.1148577,0.096508235,1.0897716006465525
1268.495374112957,1.3056794,0.14610887,1.089777920371202
1268.5081028589193,1.2705723,0.10001638,1.0898971445831362
1268.5091137396914,0.9039378,0.13327034,1.0899065670878822
1268.5215096504114,0.9911626,0.09168569,1.0900206276197715
1268.5228530931038,1.2579938,0.14694354,1.090032685355996
1268.5349161836016,0.92715526,0.09049963,1.0901374154424446
1268.5365921732102,1.1449566,0.13836661,1.0901515271434352
1268.5483224585048,1.1580296,0.098042004,1.0902454594830615
1268.550330980027,1.0260907,0.13293521,1.0902603464994955
1268.5617284751359,0.8427579,0.08799788,1.0903416471789709
1268.5640695135703,0.9594502,0.13314806,1.0903576969383384
1268.57513423351,1.2058527,0.10633527,1.0904263849140143
1268.577807773857,1.2167147,0.14175685,1.0904417824353785
1268.5885397336417,0.9883827,0.08804499,1.0905001006004904
1268.5915457609035,1.1087874,0.13168608,1.0905152300798928
1268.6019449755463,1.0427209,0.09334606,1.0905644274020456
1268.6052834747252,1.171639,0.13999867,1.090579503748246
1268.6153499592388,1.0910456,0.10000841,1.0906230309020974
1268.6190209153388,0.91255426,0.14271247,1.0906383739324943
1268.6287546847334,1.0396808,0.094187275,1.0906791624992134
1268.632758082761,1.108464,0.13243493,1.090696065935976
1268.6421591520457,1.2580004,0.10274024,1.0907374276452169
1268.6464949770075,1.0049264,0.13088883,1.0907575454596097
1268.6555633611906,1.111489,0.09499525,1.0908023173530943
1268.6602315980954,1.3591155,0.1329796,1.0908273803664716
1268.6689673121828,1.0299779,0.097688824,1.0908782639556813
1268.6739679460402,0.9849138,0.12940758,1.09090957497011
1268.6823710050367,1.2877455,0.100089215,1.0909680418646148
1268.6877040208587,1.1116858,0.13590735,1.0910093164931478
1268.6957744397685,1.008221,0.09654178,1.0910764117651135
1268.701439822567,1.0896624,0.12691839,1.0911273149868352
1268.709177616392,0.95453364,0.09816982,1.091202973067547
1268.7151753511807,1.0827615,0.12651694,1.091266923178286
1268.7225805349224,1.0357338,0.09547783,1.091351661228357
1268.7289106067171,1.1204512,0.13137749,1.0914290935584015
1268.7359831953747,1.292382,0.10129473,1.0915207400799039
1268.7426455891923,1.0702707,0.13694558,1.0916118308568616
1268.7493855977636,1.2599329,0.09693659,1.091709623201558
1268.7563802986228,1.0667197,0.12855886,1.0918156447865714
1268.7627877421048,1.0600168,0.10453553,1.091916190996563
1268.7701147350242,0.87070286,0.12989177,1.0920346827643095
1268.7761896284126,0.98059624,0.09915884,1.0921351453235655
1268.783848898413,1.3451073,0.14464298,1.0922646086695782
1268.789591256701,1.0396616,0.10182747,1.092362673875839
1268.7975827888051,1.0006013,0.12649089,1.0924994374587607
1268.8029926269867,1.2238588,0.10228121,1.0925918073388106
1268.8113164062179,0.8459299,0.113967195,1.0927324117813808
1268.8163937392835,0.9530438,0.09341312,1.0928166630868155
1268.8250497506672,1.0837398,0.127723,1.0929568244642076
1268.8297945936065,1.0728052,0.09744973,1.0930311343298704
1268.8387828221687,0.9811285,0.13514124,1.0931668890991513
1268.8431951899702,1.2195296,0.10599507,1.0932313847944475
1268.852515620739,1.1221519,0.13325998,1.0933595130283091
1268.85659552839,1.1129562,0.101659946,1.0934115212407505
1268.8662481463948,0.99755794,0.12237044,1.0935289113497717
1268.8699956088808,1.2714968,0.10175222,1.093571985099178
1268.879980399152,1.1364233,0.13380672,1.0936759443592936
1268.8833954314575,1.0180256,0.09447653,1.0937087075264083
1268.8937123790263,1.0933915,0.12818572,1.0937995372735982
1268.8967949961354,1.0856471,0.102244,1.0938234343680202
1268.907444086035,1.1416633,0.12329466,1.093898258014413
1268.910194302928,1.0885656,0.1032667,1.0939159182806228
1268.9211755201939,1.0289803,0.12314035,1.0939755731310281
1268.9235933518519,1.0776461,0.1007814,1.093986320566642
1268.9349066815194,1.0123125,0.121936075,1.0940305605902558
1268.9369921429209,1.0463696,0.10392105,1.0940378015652166
1268.9486375700278,1.191922,0.12833379,1.0940651017681096
1268.9503906761495,1.0568933,0.10094194,1.0940680860257572
1268.962368185735,0.8409733,0.11750215,1.0940809981874642
1268.9637889515534,1.0008258,0.09920219,1.0940809642936042
1268.9760985286573,1.0695217,0.12219843,1.0940762120204355
1268.9771869691476,1.1662151,0.107538916,1.0940752742386741
1268.989828598811,1.2397696,0.13382325,1.0940537604308826
1268.990584728947,1.0517023,0.09805344,1.0940518487932995
1269.0035583962128,1.1505716,0.12724204,1.0940128862900402
1269.0039822309654,1.1056926,0.103756234,1.0940114620278092
1269.0172879208785,1.0711244,0.120946534,1.0939521651054611
1269.0173794752188,1.115218,0.1077776,1.0939516983661572
1269.030776461722,1.0978851,0.094469614,1.0938746933015826
1269.0310171728247,0.9702898,0.1274788,1.0938730473159886
1269.0441731904893,1.2180744,0.10309976,1.09377840198858
1269.0447461520673,0.9659104,0.12540391,1.0937740107845126
1269.0575696615358,1.0747626,0.10318488,1.0936658041345124
1269.0584748586227,1.1953306,0.12845062,1.0936574859730355
1269.0709658748765,1.1356647,0.09673581,1.0935379247549877
1269.072203292507,1.2452043,0.13149396,1.093525719673368
1269.0843618305264,1.0978768,0.105013914,1.0933965086462833
1269.0859314537363,0.95842046,0.119558334,1.0933792087926963
1269.0977575285,1.0269525,0.09517156,1.0932447564251917
1269.0996593423279,1.1243745,0.1274822,1.0932220506965455
1269.1111529688123,1.2386594,0.10199786,1.0930830080645373
1269.1133869582968,0.99766785,0.12862505,1.0930555082842037
1269.1245481514788,0.98295337,0.09694204,1.092914570087968
1269.1271143016597,1.1646314,0.13666174,1.092881474181175
1269.1379430765132,1.0420879,0.101340435,1.0927405838756066
1269.1408413724337,0.8790177,0.1145832,1.0927025422429832
1269.151337743931,1.1743797,0.10196776,1.0925635731022878
1269.154568170633,1.1163927,0.124303505,1.0925206537880396
1269.164732153747,1.2455511,0.10353159,1.0923857074407661
1269.1682946962756,1.1263261,0.123144925,1.092338663179877
1269.1781263059765,1.2168503,0.10284224,1.092209712454031
1269.182020949377,0.8330124,0.1170975,1.0921590033066473
1269.1915202006337,1.0636902,0.104913525,1.092037691752438
1269.1957469299537,0.98851633,0.11878156,1.0919849979974166
1269.2049138377333,1.1471465,0.100061014,1.0918728645648184
1269.2094726380217,1.1911919,0.12512553,1.0918185342549336
1269.2183072172913,1.3143195,0.10753567,1.0917168186799255
1269.2231980735974,1.0327278,0.117319666,1.0916624473504772
1269.2317003393214,1.1550939,0.10162395,1.0915718920508628
1269.236923236697,1.1320317,0.12094309,1.0915191132362638
1269.2450932038387,1.0676553,0.106317975,1.0914403161567898
1269.2506481273365,1.2324843,0.12442451,1.0913892527230207
1269.2584858108582,1.2078335,0.099014014,1.0913222169024628
1269.264372745533,1.1631291,0.13600315,1.0912759842502042
1269.271878160395,1.0737096,0.101260155,1.0912206315882416
1269.2780970913016,1.2269044,0.12850915,1.0911782149493792
1269.2852702524638,1.1591781,0.10156132,1.0911332045080304
1269.291821164659,1.3151892,0.123705074,1.0910958793010257
1269.2986620870793,1.1130414,0.09976184,1.091061003614223
1269.3055449656215,1.1628182,0.12373857,1.0910292694282224
1269.3120536642562,1.0218064,0.101047456,1.0910022008602238
1269.319268494205,1.346454,0.13354269,1.0909755169058792
1269.32544498401,1.3331525,0.105615,1.0909554395452494
1269.3329917504261,1.1528606,0.12671612,1.090934264393075
1269.3388360463546,1.0894907,0.09938379,1.090920033667688
1269.3467147343013,1.0866225,0.11983365,1.0909033052508832
1269.3522268513059,1.2841675,0.105322726,1.0908929782597612
1269.3604374458462,0.9664937,0.11496744,1.0908801902544065
1269.3656173988775,1.3466785,0.107830435,1.0908736013057165
1269.3741598850759,1.0799928,0.12434217,1.0908641541766158
1269.379007689086,1.3383045,0.10619295,1.0908596869145475
1269.3878820520092,0.9363155,0.11206436,1.0908533577747659
1269.392397721944,1.1929356,0.10070358,1.0908509357773608
1269.401603946661,1.1956452,0.118595876,1.090847858490557
1269.4057874974683,1.199431,0.10118221,1.090847530732771
1269.415325569047,1.3244046,0.13722521,1.0908487500464072
1269.4191770156726,1.1381326,0.104130566,1.0908499168576264
1269.4290469191837,1.0204445,0.11891011,1.0908568453736078
1269.4325662765723,1.2253267,0.10964536,1.0908606956582547
1269.4427679970884,1.2790796,0.12508592,1.0908748985392733
1269.4459552801814,1.0924667,0.10170629,1.0908804736999849
1269.4564888027758,1.0806261,0.11411855,1.0909045436532108
1269.459344026516,0.8958256,0.10025201,1.09091225209508
1269.470209336263,1.054657,0.12983252,1.090946689218562
1269.47273251559,1.1376916,0.10134966,1.0909565283739175
1269.483929597566,1.17363,0.11966958,1.0910037102001224
1269.486120747419,1.2288682,0.1056519,1.0910136763369487
1269.4976495867006,1.1586211,0.12155332,1.0910729412053106
1269.4995087220168,1.1446663,0.10081253,1.0910833681879144
1269.5113693036838,1.1277162,0.117656834,1.0911527732223667
1269.512896439399,1.3521726,0.108447835,1.0911620155700996
1269.5250887485304,1.2782954,0.12517756,1.091239310206172
1269.52628389958,1.075325,0.099768944,1.0912470028189425
1269.5388079212585,1.2163374,0.12841968,1.0913274897649643
1269.539671102575,1.2208269,0.10816827,1.0913329192560748
1269.5525268218826,1.3764162,0.15024063,1.091412141582031
1269.5530580483985,1.2201345,0.10422303,1.0914153364655237
1269.56624545042,1.1904602,0.123591684,1.0914886687435672
1269.5664447370648,1.391868,0.108260974,1.091489685032114
1269.5798311685908,1.3105086,0.11477643,1.0915534266411786
1269.5799638068866,1.2825187,0.12350747,1.0915540269088522
1269.593217342989,1.2303581,0.10228621,1.0916029599562396
1269.5936818912978,1.5056101,0.13844354,1.0916044576543924
1269.606603260275,1.1840725,0.10519935,1.0916396654622043
1269.6073997036708,1.2519381,0.119610704,1.0916412167785174
1269.6199889204643,0.9671438,0.10416036,1.0916625065508931
1269.6211172440217,1.3117229,0.13183372,1.0916640603605037
1269.6333743235707,1.4758224,0.11444782,1.0916747912384828
1269.6348345123658,1.20313,0.12770581,1.0916754682898353
1269.6467594696094,1.3730655,0.11285983,1.0916787522361042
1269.6485515087206,1.4402287,0.12788408,1.0916789357048335
1269.6601443585953,1.2452899,0.11225694,1.0916777149783379
1269.662268233101,1.1986775,0.12371604,1.0916773257096695
1269.6735289905434,1.2933784,0.11068857,1.091675048188353
1269.6759846855243,1.1275551,0.11958985,1.0916746429395803
1269.6869133654682,1.0858536,0.10968721,1.0916734565752608
1269.6897008660055,1.0341444,0.12345107,1.091673344578514
1269.7002974833842,1.3357081,0.11300932,1.091674953438633
1269.703416774562,1.2973734,0.12243303,1.0916760978107771
1269.7136813443071,1.0926398,0.10608724,1.0916816305441173
1269.717132411209,0.8772725,0.11236506,1.091684263710177
1269.7270649482507,1.1834455,0.108111255,1.0916949266655924
1269.7308477759632,1.4238154,0.12743446,1.0916999889453913
1269.7404482952304,1.2332526,0.107348524,1.09171586289197
1269.7445628688406,1.3352569,0.127574,1.0917244031632047
1269.753831385261,1.3714976,0.11550685,1.0917464197028868
1269.758277689857,1.1585604,0.11926519,1.0917581725034922
1269.7672142183571,1.104341,0.10678098,1.0917864641332002
1269.7719922390295,1.2607721,0.11849212,1.091803888987294
1269.7805967945342,1.3941629,0.11442935,1.0918378243649376
1269.7857065163737,1.2067965,0.12723307,1.0918597545776838
1269.793979113806,1.1692401,0.105774105,1.0918980417802282
1269.7994205219052,1.139179,0.120357715,1.091924669061931
1269.8073611761874,1.4006068,0.11540432,1.0919648760286476
1269.8131342556414,1.1034131,0.122067645,1.0919944621450053
1269.8207429816941,1.2780523,0.10949352,1.0920330906517777
1269.826847717597,1.2884152,0.12595503,1.0920632562222714
1269.8341245303402,1.0656484,0.10640355,1.0920967759881957
1269.8405609077897,1.3584911,0.12310314,1.0921225893033761
1269.8475058221409,1.2862587,0.11496149,1.0921460724527858
1269.8542738262345,1.2048943,0.120975696,1.0921634221662766
1269.8608868571102,1.3668458,0.11738693,1.092174282121474
1269.867986472948,1.1399844,0.11668386,1.092176694551776
1269.8742676352638,1.1954883,0.1046673,1.0921684198713546
1269.8816988479466,0.9714068,0.11217307,1.0921479555846116
1269.887648156616,1.2019004,0.10277018,1.0921221457790933
1269.895410951246,1.083081,0.115451865,1.0920737459751966
1269.9010284211818,1.2148821,0.11329741,1.0920276622725387
1269.9091227828624,1.0929201,0.11980608,1.0919434878167538
1269.9144084289758,1.1367719,0.105277,1.0918763670552687
1269.9228343428122,1.238409,0.116102114,1.0917518606621992
1269.9277881800124,1.0954226,0.104195826,1.0916703883497556
1269.9365456311114,1.3333641,0.1211048,1.0915002266548233
1269.9411676743075,1.2197129,0.10830704,1.0913973754822182
1269.9502566477754,1.2565233,0.11830956,1.0911788254379626
1269.954546911875,1.2056218,0.10650705,1.0910668034419673
1269.963967392822,1.2969677,0.1177538,1.090795872202454
1269.96792589273,1.1214445,0.10569896,1.090673633364897
1269.9776778662665,0.8762259,0.108423345,1.0903518470881695
1269.9813046168872,1.1309396,0.10955641,1.0902229167860082
1269.9913880681245,1.061758,0.11478891,1.089847514721455
1269.9946830843612,1.2728114,0.11095121,1.0897203088806955
1270.005097998413,1.2180443,0.11832134,1.0892947564440334
1270.0080612951672,1.3646567,0.113974534,1.0891678950854151
1270.0188076571474,1.1330942,0.11584432,1.0886969477999169
1270.0214392493192,1.2666314,0.11614351,1.0885790474009558
1270.0325170443446,1.280684,0.12109343,1.0880661887299783
1270.0348169468327,1.2358012,0.111190565,1.0879578108117784
1270.04622616002,1.1082484,0.112044066,1.087413167403796
1270.0481943877223,1.1520962,0.10761126,1.0873177842349955
1270.05993500419,0.9634529,0.117602065,1.086747314828243
1270.0615715720028,1.1478785,0.11038879,1.086667596578345
1270.0736435768713,1.0870575,0.12315462,1.0860812457205253
1270.0749484996886,1.1329699,0.108370535,1.0860182964823517
1270.087351878079,1.3760507,0.12052956,1.0854243431916135
1270.0883251707949,1.1573398,0.10318879,1.0853779934432217
1270.1010599078295,1.3710049,0.12523101,1.0847856385545749
1270.1017015853365,1.0547446,0.113401644,1.084756258086921
1270.1147676661399,1.1717626,0.11334196,1.0841690744962031
1270.1150777433277,1.0310813,0.10361197,1.084155608361963
1270.1284536447838,1.2221781,0.1104188,1.0835823096606745
1270.128475153025,1.2563077,0.11068773,1.083581403539006
1270.141829289719,1.216111,0.11290078,1.0830358361860364
1270.1421823685018,1.122417,0.11578537,1.0830218835893164
1270.1552046781483,1.2201403,0.107606605,1.082516461081036
1270.1558893125864,1.3055229,0.12271966,1.0824902836585457
1270.1685798100868,1.1866925,0.10708915,1.0820240363413334
1270.169595985294,1.1115563,0.111989774,1.0819876144982141
1270.1819546855486,1.2474055,0.11387734,1.0815541368913355
1270.1833023866418,1.4173192,0.12513763,1.081508736513757
1270.195329304549,1.1854377,0.108335495,1.0811084319475481
1270.1970085166454,1.3344873,0.119872175,1.0810535139114223
1270.208703667102,1.0990179,0.10768364,1.0806813199147411
1270.210714375321,1.2550403,0.12512885,1.0806191997295886
1270.2220777732236,1.1261296,0.10993911,1.0802735002145043
1270.224419962685,1.1476171,0.12041461,1.0802032534746653
1270.2354516229284,0.94036925,0.10647706,1.0798834404376099
1270.2381252787527,1.4661155,0.120893635,1.0798076424834946
1270.2488252162295,1.0872005,0.104708664,1.0795108303937224
1270.251830323541,1.3823832,0.1280709,1.0794300849243288
1270.2621985531432,1.0058409,0.107529774,1.0791579014945176
1270.265535097066,1.0169666,0.11366542,1.079072191781813
1270.2755716336835,1.1308421,0.10828811,1.0788233063902084
1270.279239599343,0.98409957,0.10624098,1.0787362509105451
1270.2889444578661,1.2438834,0.11527656,1.0785115103679983
1270.2929438303893,1.3496759,0.12150907,1.078421723263516
1270.3023170257047,1.2093306,0.12866119,1.0782213814309105
1270.3066477902198,1.1954929,0.11892987,1.0781328389413136
1270.3156893372143,1.1176134,0.10589458,1.077955829262749
1270.3203514788513,1.2915497,0.12109738,1.0778694425001953
1270.3290613924098,1.1885424,0.109777614,1.0777159485172128
1270.3340548963,1.0837833,0.11184146,1.0776319149559546
1270.342433191306,1.3019345,0.11214658,1.0775006157088474
1270.3477580425815,1.1942388,0.11135405,1.077423220086748
1270.3558047339177,1.1554343,0.11011663,1.0773121824522596
1270.3614609177123,1.0533404,0.11195325,1.077238707155225
1270.3691760202591,1.0581187,0.10573007,1.077145072357889
1270.3751635217086,1.100129,0.11606012,1.077077371493166
1270.3825470503455,1.2331012,0.11588368,1.0769983990280647
1270.3888658545861,1.1276021,0.10915631,1.0769341683731048
1270.3959178241917,1.1541294,0.10677794,1.0768653450041543
1270.4025679163606,1.0931039,0.113889135,1.0768025454798276
1270.4092883418118,1.1341268,0.10524873,1.0767406526911192
1270.416269707049,1.2649835,0.12838805,1.0766766476554588
1270.4226586032212,1.1939418,0.11294172,1.0766176470325153
1270.4299712266668,1.280885,0.115740836,1.0765488824467282
1270.4360286084336,1.2847189,0.12244865,1.0764905600726262
1270.4436724752309,1.0652401,0.10940233,1.0764133002470126
1270.4493983574653,1.2545835,0.10903953,1.076352377218401
1270.4573734527562,1.2173136,0.11011063,1.076263453694162
1270.46276785033,0.97190374,0.10478357,1.0762003895726264
1270.4710741592596,1.1003543,0.109405346,1.0760967163508806
1270.4761370870424,1.0879612,0.10975623,1.0760292991716167
1270.4847745947568,0.9949032,0.10634447,1.0759079677510919
1270.4895060676179,1.2932869,0.117045194,1.0758375538013532
1270.4984747592644,1.2380648,0.109170824,1.075696453204007
1270.5028747920703,1.11282,0.11107859,1.0756241203380923
1270.5121746527975,0.93507403,0.12346309,1.0754626537114487
1270.5162432604147,1.260547,0.11575959,1.0753877003513759
1270.5258742753738,1.1929754,0.11204503,1.0752050393816985
1270.5296114726661,1.3368977,0.11858819,1.07513229942398
1270.5395736270075,1.0627575,0.10240232,1.0749292053020536
1270.542979428839,1.295792,0.11723874,1.074857690752367
1270.553272707716,1.2460065,0.11057663,1.0746373650150274
1270.5563471289483,1.0002332,0.110884205,1.0745702236068617
1270.5669715175145,1.3279455,0.115856625,1.0743343951673154
1270.569714573008,1.0632973,0.10668111,1.074272899614474
1270.5806700564199,0.91673094,0.101114966,1.074025505116063
1270.583081761034,1.0699067,0.104997955,1.0739707999840262
1270.5943683244475,1.1562188,0.11318564,1.0737152215106458
1270.5964486930402,1.1346233,0.10859917,1.0736681930944219
1270.608066321614,1.1512125,0.10424221,1.073408695457373
1270.609815369041,0.9663851,0.10617893,1.0733701223963357
1270.6217640479351,0.99226594,0.10716965,1.0731099911633062
1270.6231817890518,1.1686406,0.11007358,1.073079642695874
1270.6354615034272,1.3277553,0.11772436,1.072823357816121
1270.6365479530875,1.0716347,0.1112913,1.0728010982065785
1270.6491586881064,0.9240892,0.104985036,1.0725492352015322
1270.6499138611616,1.4479145,0.11860812,1.072534675496694
1270.6628556019875,1.3485868,0.1127338,1.072288781861633
1270.66327951329,1.3736395,0.12009662,1.072280852133087
1270.6765522450878,1.2572618,0.108624764,1.0720401606448775
1270.6766449094875,1.4372909,0.12135449,1.072038520881089
1270.6900100497676,1.1630521,0.114899665,1.071805497025429
1270.6902486174235,1.1498035,0.10913345,1.0718013791846273
1270.7033749341465,1.2383705,0.11642763,1.0715813100013163
1270.703944719011,1.169054,0.10946214,1.0715718903467928
1270.7167395626373,1.4378139,0.12550595,1.0713635112397564
1270.7176405498647,1.1131471,0.11979058,1.0713491535825075
1270.7301039352558,1.20441,0.11115264,1.0711521326496518
1270.7313361100016,1.2077695,0.11148452,1.071132837642243
1270.7434680520166,1.2500696,0.11372919,1.0709462472357891
1270.745031399438,1.247777,0.11046956,1.0709225927784285
1270.7568319129334,1.2180287,0.11497217,1.0707459079018087
1270.758726418189,1.0316133,0.10246761,1.0707178635802026
1270.7701955180225,1.0268509,0.10643192,1.0705512503361552
1270.7724211662724,1.1864052,0.10993647,1.0705193268585336
1270.7835588672976,1.0202336,0.11119688,1.0703618093933438
1270.7861156437027,1.045439,0.10732296,1.0703264675597601
1270.7969219607735,1.1879388,0.11903805,1.070178574213728
1270.7998098504959,1.1729347,0.10561947,1.070139498075459
1270.8102847984649,1.0680655,0.11096622,1.0700007629033477
1270.8135037866693,1.0418689,0.10538642,1.069959013575036
1270.8236473803863,1.1560323,0.11415589,1.0698292590721732
1270.827197452238,1.0445652,0.112409405,1.0697846312761357
1270.8370097065529,1.2116454,0.11772602,1.0696642904537077
1270.8408908472181,1.2611903,0.11019529,1.0696177032632839
1270.8503717769795,1.237539,0.120732374,1.069506663867189
1270.8545839716262,1.12506,0.10722481,1.069458954821075
1270.8637335916796,1.0948751,0.10884531,1.0693580689282218
1270.8682768254778,1.0517842,0.10531322,1.069309208192284
1270.8770951506692,1.3209432,0.113795824,1.0692187786143055
1270.8819694087888,1.1575248,0.10782237,1.0691715347438546
1270.8904564539623,0.964671,0.10148196,1.0690923967264512
1270.8956617215758,1.1444434,0.10333658,1.0690463684310845
1270.9038175015735,0.9975918,0.102213256,1.0689789837152937
1270.9093537638541,1.3747052,0.11342256,1.0689366088615908
1270.9171782935184,2.3069243,0.14548509,1.0688817253014171
1270.9230455356408,1.2900875,0.11247047,1.0688445980759806
1270.9305388298103,0.6247922,0.08141405,1.0688019383694787
1270.936737036951,1.1443827,0.11538055,1.068770567597696
1270.950428267801,1.1310785,0.11644917,1.0687184890425578
1270.9641192282068,1.2041723,0.10793844,1.0686868902344049
1270.9778099181847,1.2261429,0.11112427,1.0686763507716337
1270.9915003377503,1.1421115,0.10256983,1.068687700516496
1271.00519048692,1.1270334,0.10429376,1.068717631651173
1271.0188803657095,1.4089882,0.115190364,1.0687662865620318
1271.0325699741347,1.143027,0.103640676,1.0688304124422738
1271.0462593122124,1.2354819,0.102578536,1.0689074751647494
1271.059948379958,1.1899284,0.10887721,1.0689965164031614
1271.0736371773876,1.1234642,0.10780808,1.0690939609859844
1271.0873257045173,1.0852194,0.10686539,1.0691986304631398
1271.1010139613627,0.9541072,0.09721344,1.06930888769946
1271.1147019479406,1.3687938,0.11048265,1.0694232753938224
1271.1283896642663,1.173004,0.103103206,1.069541404123667
1271.1420771103558,1.1502951,0.099809244,1.0696620967953643
1271.1557642862263,1.2378482,0.1051191,1.0697846928547143
1271.169451191892,1.2413762,0.10765597,1.069908156108388
1271.18313782737,1.0847273,0.11053288,1.0700311484824376
1271.1968241926763,1.1993891,0.11020509,1.0701517617905656
1271.2105102878265,0.99293923,0.10705746,1.0702680445366874
1271.2241961128368,0.8641264,0.09796614,1.070378449897619
1271.2378816677233,1.0758934,0.104708605,1.0704806078702538
1271.2515669525021,0.91229993,0.09667241,1.0705748124018049
1271.2652519671879,1.1392591,0.10362514,1.0706602839927628
1271.2789367117987,1.0868157,0.10347679,1.0707379347445616
1271.2926211863496,1.2533096,0.105213426,1.070809277500269
1271.306305390856,1.1934403,0.11555278,1.0708745693743609
1271.319989325335,1.2427833,0.10874126,1.0709348424657923
1271.3336729898012,1.0881312,0.09920771,1.070988898828486
1271.347356384272,1.1792079,0.10213282,1.0710328852927595
1271.361039508763,1.253295,0.10949274,1.071062581733359
1271.3747223632893,1.0760617,0.10336178,1.0710681384116254
1271.3884049478675,1.1738373,0.10280719,1.0710426681441207
1271.4020872625142,1.494891,0.11749508,1.070979605254825
1271.4157693072445,1.1470491,0.101556115,1.0708689397847573
1271.4294510820748,1.2381006,0.10584769,1.0707126914272325
1271.4431325870205,1.0943182,0.102093495,1.070504713621577
1271.4568138220982,1.1800603,0.10336972,1.0702468535417726
1271.4704947873236,1.130612,0.10470028,1.0699433197412078
1271.4841754827125,1.2265681,0.10273514,1.069591137277647
1271.4978559082817,1.109552,0.100492045,1.0692008747425212
1271.5115360640464,1.2124661,0.10319579,1.068774650126426
1271.5252159500221,0.98526454,0.09248913,1.068318844940736
1271.5388955662265,1.0817941,0.1043395,1.0678430202893094
1271.5525749126737,1.0287077,0.099041425,1.0673540501362873
1271.5662539893806,1.1540186,0.10699247,1.0668628352853484
1271.5799327963625,1.2765529,0.107059695,1.066377870013109
1271.5936113336363,1.1762472,0.10655149,1.0659093527676724
1271.6072896012172,1.0707233,0.096917115,1.0654620778143873
1271.6209675991217,1.1517513,0.09993796,1.065043432147914
1271.6346453273652,1.3235595,0.10669553,1.0646542172248439
1271.648322785964,1.0316705,0.09901866,1.0642945901465581
1271.661999974934,1.1639163,0.09985785,1.0639686529424763
1271.675676894291,1.1771314,0.10174596,1.0636730634697449
1271.6893535440508,1.1229603,0.1055685,1.063411827073103
1271.7030299242301,1.0940729,0.09987854,1.0631866414226072
1271.7167060348443,1.1350744,0.10006816,1.0629971265686786
1271.730381875909,1.0280677,0.10121644,1.0628505664226215
1271.7440574474408,1.1290505,0.0965568,1.0627418494939092
1271.7577327494553,1.1939396,0.10489908,1.0626716325542693
1271.7714077819683,0.8359967,0.10585423,1.0626369853733653
1271.7850825449962,1.1381545,0.1074867,1.0626294279702868
1271.7987570385549,0.9486727,0.09177212,1.0626442581316742
1271.8124312626592,1.1783938,0.09794141,1.062670939224117
1271.8261052173266,1.1666747,0.099793375,1.062701764778774
1271.839778902572,1.0377797,0.096605726,1.0627282244204834
1271.8534523184112,0.9286835,0.09800421,1.0627443408682171
1271.8671254648616,1.1002189,0.10503418,1.062743735393873
1271.8807983419374,1.3049924,0.10280376,1.0627234568063622
1271.8944709496554,1.3115807,0.104518324,1.0626829503497004
1271.908143288031,1.1146379,0.09948782,1.0626201537165518
1271.921815357081,1.206322,0.111143306,1.0625403179864388
1271.9354871568207,1.2051703,0.10336321,1.0624458440351925
1271.9491586872657,1.106291,0.09600929,1.0623426393092694
1271.962829948433,1.1126058,0.09968154,1.0622368678850114
1271.9765009403368,1.0537127,0.09959203,1.0621356788758416
1271.9901716629947,1.1648581,0.10956303,1.062044335353294
1272.0038421164215,1.0968246,0.094996184,1.061967763518741
1272.017512300634,1.1305761,0.10015306,1.061910363928024
1272.0311822156475,1.2731475,0.09930456,1.0618724212391772
1272.0448518614778,1.1428912,0.10123924,1.0618574854781557
1272.0585212381413,1.2012529,0.098074034,1.0618634398505677
1272.0721903456536,1.074939,0.09529774,1.0618895526287642
1272.0858591840301,1.1369038,0.09772087,1.0619356861799079
1272.099527753288,1.0708882,0.103235595,1.0619978598664515
1272.1131960534417,1.2863003,0.096858464,1.0620757675526211
1272.1268640845085,1.3241364,0.104310356,1.0621665758056809
1272.140531846503,0.92509913,0.0954257,1.0622681484771763
1272.1541993394424,1.2068118,0.09814717,1.0623797615614112
1272.1678665633412,1.1023052,0.099219695,1.062498610349283
1272.1815335182164,1.2498081,0.099541456,1.0626239081618258
1272.1952002040834,1.1716197,0.102725826,1.0627542826872913
1272.2088666209577,1.1547871,0.0950076,1.0628885551145772
1272.2225327688566,1.3144354,0.10408786,1.0630268897469375
1272.2361986477938,1.2457447,0.101278394,1.0631692822155139
1272.249864257787,1.1509362,0.10004927,1.063317571760811
1272.2635295988516,1.0459366,0.09646206,1.0634748268315437
1272.277194671003,1.2136219,0.09924169,1.0636433367963316
1272.2908594742576,1.1692195,0.097073205,1.0638286160621246
1272.3045240086312,1.0860527,0.10107353,1.0640329210062782
1272.3181882741394,1.104795,0.10009441,1.064259509337234
1272.3318522707987,1.270539,0.09557557,1.064512289008185
1272.3455159986238,1.2460355,0.10068848,1.064789445988298
1272.3591794576316,1.1338468,0.09748373,1.0650935438211853
1272.3728426478376,1.0348928,0.0932214,1.0654217878228571
1272.3865055692581,1.1289272,0.10219543,1.0657721382014185
1272.4001682219077,1.1840436,0.09976043,1.0661450024304913
1272.4138306058037,1.0301301,0.09111907,1.0665362959005307
1272.427492720961,1.1673198,0.09601637,1.0669468731553529
1272.4411545673963,1.1493541,0.10077176,1.0673758544770529
1272.4548161451246,0.95450026,0.08786815,1.0678221152514682
1272.4684774541627,1.0824734,0.090968266,1.0682878858513665
1272.4821384945255,1.0540363,0.09474818,1.068769306823024
1272.4957992662291,1.1865553,0.09879303,1.0692652198866042
1272.5094597692898,1.0645069,0.095367774,1.069771067240206
1272.523120003723,1.057351,0.101747826,1.0702807823661797
1272.5367799695446,1.0916955,0.09217644,1.0707864488263803
1272.5504396667707,1.1980283,0.0979845,1.0712802266804768
1272.5640990954173,1.1741859,0.09634487,1.0717539283518505
1272.5777582554995,1.1437123,0.107408896,1.072198340586532
1272.5914171470333,1.1718391,0.095958605,1.0726105200430704
1272.6050757700352,1.0286567,0.089509524,1.0729818412254832
1272.6187341245209,0.9618731,0.10115174,1.0733139238473368
1272.632392210505,1.0967674,0.09077551,1.073607238055909
1272.6460500280054,1.0069381,0.0923834,1.073861771480586
1272.6597075770367,0.9706299,0.08827676,1.0740850915621465
1272.6733648576142,1.153499,0.0980867,1.0742779575636763
1272.6870218697547,0.9915439,0.09206827,1.0744467295433038
1272.7006786134739,1.0283446,0.09330114,1.0745962440166499
1272.7143350887877,1.0285337,0.09211568,1.0747291736434987
1272.727991295711,1.130592,0.09485765,1.0748517529654908
1272.7416472342607,0.92532635,0.08671117,1.0749679691559488
1272.7553029044523,1.0188797,0.094380416,1.0750836799297776
1272.7689583063013,0.9624671,0.09290871,1.0752038518945901
1272.782613439824,1.0953315,0.08987501,1.075334604672533
1272.796268305036,1.0239121,0.09196946,1.0754779872284435
1272.8099229019529,1.1956677,0.09468736,1.0756366941340614
1272.823577230591,1.006579,0.09079917,1.0758108770612078
1272.8372312909655,1.0800241,0.09623997,1.0759974241346322
1272.8508850830926,1.0231078,0.093271755,1.0761933531162025
1272.8645386069882,1.2106985,0.09246443,1.076391650443015
1272.8781918626682,1.2317666,0.09811832,1.0765861135924257
1272.8918448501477,1.3304583,0.09674555,1.0767690749122107
1272.9054975694432,1.2369306,0.095310666,1.076935653604922
1272.91915002057,1.138043,0.09151721,1.0770776205956387
1272.9328022035443,1.1201882,0.096986756,1.0771926438468655
1272.9464541183825,1.3163997,0.0990271,1.0772774979929296
1272.960105765099,1.1015007,0.09212203,1.0773282163880453
1272.97375714371,1.0579946,0.09330115,1.0773485053904288
1272.9874082542317,1.1434846,0.09556044,1.0773364667981582
1273.00105909668,0.9992349,0.09717368,1.077297545926519
1273.0147096710705,1.0441883,0.09257019,1.077235953641407
1273.0283599774186,1.0632787,0.08896225,1.0771553709756583
1273.042010015741,1.0166917,0.095236905,1.0770642392019074
1273.0556597860523,0.9234676,0.092305966,1.0769691102271053
1273.0693092883694,1.0761642,0.08960601,1.0768781797804738
1273.0829585227073,1.0091834,0.090139136,1.0767978385321855
1273.0966074890816,1.062231,0.09099478,1.0767369848219719
1273.1102561875095,1.0970563,0.09569249,1.0766986220414143
1273.1239046180049,1.0647289,0.09177683,1.076688594560858
1273.1375527805856,0.8464488,0.091892414,1.0767092118820623
1273.1512006752655,1.2127323,0.0953211,1.0767591417961109
1273.164848302061,1.1147194,0.09324291,1.076842900796439
1273.1784956609883,1.0284835,0.08872864,1.0769545963284302
1273.1921427520633,0.9374506,0.090018585,1.0770945289375364
1273.2057895753007,0.88785774,0.088483006,1.077260676775991
1273.219436130718,1.0591308,0.08685779,1.0774490659621017
1273.2330824183286,1.1819388,0.091160744,1.077661015798051
1273.2467284381505,1.0414304,0.08558105,1.0778924348947903
1273.2603741901983,0.8761025,0.08793604,1.078143402057978
1273.2740196744876,1.016932,0.08672898,1.0784143641264563
1273.287664891035,0.990967,0.088706344,1.0787037627312674
1273.3013098398558,1.0064491,0.1056001,1.0790151033054802
1273.3149545209658,1.0001225,0.08961619,1.0793478197633066
1273.3285989343806,1.1112456,0.09549699,1.0797036851701964
1273.342243080116,1.089315,0.0931628,1.080085263548417
1273.3558869581882,1.1306224,0.08679655,1.0804894262972211
1273.3695305686126,1.175065,0.090475865,1.0809165658884605
1273.3831739114046,1.1760898,0.091236465,1.0813600443527995
1273.3968169865807,1.0252455,0.08705574,1.0818132166384786
1273.410459794156,1.1117507,0.09809445,1.0822654948810546
1273.4241023341465,1.0454147,0.09092612,1.0827055491481765
1273.437744606568,1.0505003,0.091649584,1.0831182509061892
1273.451386611436,1.1282218,0.090604104,1.0834908420747478
1273.4650283487665,1.0221826,0.08588842,1.0838128003095733
1273.4786698185753,1.0743347,0.085864425,1.0840652508326194
1273.492311020878,0.9219007,0.08477559,1.0842475169565997
1273.5059519556903,1.0207573,0.08964647,1.084345938628474
1273.5195926230278,0.82317173,0.08695931,1.0843587431976585
1273.533233022907,0.9521537,0.08481166,1.084289628533318
1273.5468731553424,1.1793538,0.09428217,1.0841299002218514
1273.5605130203505,1.066728,0.08747522,1.0838967703391624
1273.5741526179468,0.9655343,0.08563614,1.0835914515128808
1273.5877919481477,0.9522865,0.09309877,1.0832265280616205
1273.6014310109676,1.0069895,0.08831312,1.082817757495963
1273.6150698064237,1.0551966,0.09301798,1.0823751608254788
1273.6287083345308,1.0078183,0.08827613,1.0819181746299442
1273.6423465953044,0.99867743,0.082472585,1.0814585134534391
1273.655984588761,1.0921992,0.08933293,1.0810090182082424
1273.6696223149156,0.9766056,0.081362106,1.0805773951521496
1273.6832597737848,0.83467656,0.08294063,1.0801742313914446
1273.696896965383,0.8966247,0.087368414,1.079800129072966
1273.7105338897272,1.1494002,0.09219979,1.079458095436017
1273.724170546833,1.2361189,0.09133833,1.0791486691414331
1273.737806936715,1.0612563,0.08734083,1.078867589974087
1273.75144305939,0.9864433,0.08533463,1.0786166236616934
1273.7650789148738,0.95769876,0.08592068,1.07839069620387
1273.778714503181,1.0976012,0.086204655,1.0781892925991448
1273.7923498243283,1.0486313,0.09610376,1.0780122526603695
1273.805984878331,1.0167656,0.088626914,1.077856493967349
1273.8196196652048,0.75548565,0.08068124,1.0777244693751968
1273.8332541849652,1.0557098,0.08744867,1.0776139877647688
1273.8468884376282,0.9549305,0.08598744,1.0775254503638756
1273.8605224232099,1.1458479,0.086660415,1.0774604439781221
1273.874156141725,1.1201041,0.088766515,1.0774166317293994
1273.8877895931898,1.1188504,0.08774005,1.0773967460803269
1273.9014227776204,1.0875217,0.09198064,1.077399021376245
1273.9150556950315,0.92806935,0.08297788,1.0774234026624807
1273.92868834544,1.0336248,0.088121705,1.0774715989849206
1273.94232072886,1.1123296,0.09116019,1.0775408075212254
1273.9559528453085,1.0523475,0.08739229,1.0776332625153267
1273.9695846948007,1.1139418,0.08858373,1.0777474287704196
1273.9832162773525,0.8885033,0.079995416,1.0778829266140544
1273.9968475929797,0.9369019,0.08238192,1.0780420559724584
1274.010478641697,1.1895648,0.0882624,1.0782224122761463
1274.0241094235216,1.0715289,0.0869375,1.0784271022872047
1274.0377399384677,0.97885436,0.085784316,1.078656118772909
1274.0513701865518,1.0719991,0.08641435,1.0789098056348416
1274.0650001677898,0.9627352,0.08477742,1.0791924991157986
1274.0786298821963,0.9419107,0.08264362,1.0795018433832035
1274.092259329788,0.916979,0.085563704,1.0798417457189649
1274.1058885105804,1.0793986,0.08568363,1.0802123522222316
1274.1195174245886,1.0115082,0.09325003,1.0806128881277333
1274.1331460718293,0.9149343,0.11707129,1.0810475121054026
1274.146774452317,0.9121496,0.0809145,1.0815115412596923
1274.1604025660681,1.0490555,0.09087301,1.0820070909491968
1274.1740304130974,1.0742904,0.08296771,1.0825323644270572
1274.187657993422,1.0361276,0.09224566,1.0830844392969599
1274.2012853070569,1.004225,0.08733962,1.08366551977736
1274.214912354017,0.9887913,0.085887484,1.0842703408259124
1274.228539134319,1.1699601,0.08703933,1.0848999654676794
1274.2421656479776,1.0184025,0.0842729,1.0855534201185428
1274.2557918950097,0.9931748,0.08126049,1.0862287262882635
1274.2694178754296,1.1986601,0.0884547,1.0869293729554785
1274.2830435892538,1.0485108,0.08911395,1.0876520668863174
1274.2966690364976,1.101586,0.0844001,1.0883985312575404
1274.3102942171772,1.0726603,0.08846488,1.0891678640197557
1274.3239191313073,0.96066785,0.08388647,1.0899559814987942
1274.3375437789043,0.9330281,0.086246125,1.0907599098354117
1274.3511681599837,1.111212,0.0874739,1.0915687993331342
1274.364792274561,0.9952619,0.08479087,1.0923712730678485
1274.3784161226517,0.9708067,0.08358608,1.0931523394049913
1274.392039704272,0.94135296,0.079606205,1.0939011770194842
1274.405663019437,1.0759865,0.08600101,1.0945983262398054
1274.4192860681624,1.1186209,0.0851924,1.0952393943837193
1274.4329088504637,0.8988456,0.08607976,1.0958133269176866
1274.446531366357,1.2803246,0.08846195,1.0963127583907395
1274.4601536158577,0.8504566,0.083843686,1.096742253532179
1274.4737755989813,0.9328522,0.08517099,1.0970914605029547
1274.487397315744,1.1608328,0.0942957,1.0973724861122176
1274.5010187661603,1.0572952,0.08746588,1.0975857307768497
1274.5146399502462,1.1254863,0.09130106,1.097736278629333
1274.5282608680186,0.9576227,0.080839425,1.097837016986994
1274.5418815194914,1.2233983,0.08909462,1.0978910918187441
1274.5555019046815,0.9741823,0.08634395,1.0979137039618088
1274.5691220236033,1.0512538,0.08687202,1.09791285889222
1274.5827418762733,1.107213,0.08797965,1.0978978208399874
1274.5963614627074,1.0310323,0.083557345,1.0978770101034845
1274.60998078292,0.9974391,0.08648596,1.097855427498966
1274.6235998369273,1.0089322,0.088310175,1.0978362604844316
1274.6372186247459,1.1521609,0.08403477,1.0978210283164116
1274.65083714639,1.0464948,0.08555347,1.0978106420348503
1274.6644554018758,1.032873,0.086292505,1.0978051229433623
1274.6780733912192,1.0210673,0.1073002,1.0978059753092928
1274.6916911144344,1.0829176,0.08698927,1.0978140956726037
1274.7053085715388,0.9706107,0.08633607,1.0978315770713825
1274.718925762547,0.9586335,0.084326,1.0978613377557773
1274.7325426874754,1.0277364,0.08951024,1.0979040607818817
1274.7461593463381,0.92640984,0.084247656,1.0979631958269538
1274.7597757391522,1.0798322,0.08744822,1.0980380771465488
1274.773391865933,1.2832981,0.09090561,1.0981290783094038
1274.7870077266953,1.1803151,0.08735661,1.0982362378656954
1274.8006233214553,1.1744081,0.09380603,1.0983565874362824
1274.8142386502284,1.0562081,0.08218991,1.0984900708646392
1274.827853713031,0.94738877,0.08379312,1.0986335741840694
1274.8414685098774,1.1239234,0.08752187,1.0987855936780317
1274.8550830407835,1.1025652,0.08372961,1.0989444651193125
1274.8686973057654,1.1994772,0.086743765,1.0991075272067041
1274.8823113048384,0.946736,0.07947403,1.0992727441948755
1274.8959250380185,1.1901938,0.08621887,1.0994371918042256
1274.9095385053206,1.0276767,0.08825657,1.0995981378400932
1274.9231517067603,1.0155603,0.08349301,1.0997518875867773
1274.9367646423536,1.1206537,0.0859013,1.099896385645738
1274.950377312116,1.0375897,0.08075755,1.1000277548251278
1274.9639897160628,1.1747808,0.09297895,1.100145416458305
1274.9776018542102,1.1108316,0.08560685,1.1002485793262535
1274.9912137265726,0.90852726,0.08408331,1.1003368410623404
1275.004825333167,1.0137137,0.08111525,1.1004134937052625
1275.0184366740082,1.1008252,0.08481678,1.1004802247256882
1275.0320477491114,1.0691788,0.08566106,1.100542247211227
1275.0456585584927,0.96769714,0.08353804,1.100603489059126
1275.0592691021677,1.157296,0.08933633,1.1006684765275183
1275.0728793801518,1.1472898,0.08665313,1.1007397711786118
1275.0864893924606,1.0838116,0.086706236,1.1008207629589355
1275.100099139109,1.1614555,0.08314223,1.1009120173358529
1275.1137086201138,1.1202893,0.08648119,1.1010142494215716
1275.1273178354902,1.1059886,0.086284176,1.1011281638545272
1275.1409267852532,0.8593039,0.0757064,1.1012523345472913
1275.1545354694183,1.0069468,0.082128815,1.1013878437919407
1275.1681438880019,1.161079,0.09031337,1.101533513394139
1275.1817520410189,1.016224,0.08142879,1.101689489737264
1275.1953599284848,1.0246317,0.082144685,1.10185633775355
1275.208967550415,1.1200281,0.08696051,1.1020327461553518
1275.222574906826,1.2365471,0.0940569,1.1022197721599223
1275.2361819977325,1.1929947,0.08951581,1.1024165198167295
1275.2497888231503,1.0864924,0.08289541,1.1026231164405202
1275.2633953830948,1.158505,0.09268846,1.1028399859371274
1275.2770016775821,0.9274369,0.08363003,1.1030656420110803
1275.2906077066266,1.0203238,0.07974139,1.1033005401231364
1275.3042134702448,1.1779883,0.08697234,1.103542858690258
1275.3178189684522,1.1348516,0.086935446,1.1037916843675755
1275.3314242012636,1.2448467,0.09115389,1.104046205753715
1275.3450291686952,1.1474451,0.087257944,1.1043052127349333
1275.358633870762,1.0137784,0.08386073,1.1045693773284708
1275.37223830748,1.1772029,0.08675434,1.1048391111938591
1275.385842478865,1.1480515,0.08739554,1.1051161439691166
1275.3994463849315,1.2970392,0.090499796,1.1054036389839668
1275.4130500256963,1.095755,0.08369079,1.1057036414798431
1275.4266534011738,1.2025409,0.08994142,1.1060222432601374
1275.4402565113805,1.1928905,0.0868913,1.106362362668652
1275.4538593563307,1.2185698,0.088241555,1.106728850254314
1275.467461936041,1.1230762,0.08697313,1.1071277591634419
1275.4810642505263,1.0222027,0.083121315,1.1075591530842734
1275.4946662998022,1.1369582,0.08418833,1.1080306131986415
1275.5082680838848,1.2263291,0.09188743,1.1085392411829234
1275.521869602789,1.057343,0.08023083,1.109085752108203
1275.5354708565303,1.2821566,0.092095375,1.1096693649873677
1275.5490718451244,1.1625406,0.08627994,1.110283108522982
1275.5626725685875,1.1467526,0.085608065,1.1109257496296236
1275.5762730269332,1.1041553,0.08526385,1.1115877187678795
1275.5898732201788,1.1233205,0.08546747,1.1122631585334226
1275.6034731483394,1.2048752,0.087404296,1.1129443816788565
1275.6170728114298,1.1997948,0.088303655,1.1136246260479339
1275.6306722094662,1.1318914,0.082145244,1.1142966250157127
1275.644271342464,1.2195305,0.089267656,1.1149554437367573
1275.6578702104382,1.1661943,0.09104565,1.1155954838621773
1275.6714688134055,1.1465065,0.08540538,1.1162114994202268
1275.6850671513798,1.0893344,0.08506247,1.1168027568361005
1275.698665224377,1.2201902,0.08446047,1.117362977055787
1275.7122630324138,1.2143556,0.09006279,1.1178949288959572
1275.7258605755046,1.2091954,0.091037184,1.1183973764475428
1275.739457853665,1.1200131,0.08539569,1.118871765243641
1275.7530548669108,1.1236811,0.09455797,1.1193236855369737
1275.766651615257,1.3272586,0.08872023,1.1197545384513896
1275.7802480987193,1.1533643,0.08691213,1.1201721260282913
1275.7938443173134,1.1009797,0.08748337,1.1205803421135534
1275.8074402710552,1.1502893,0.08670634,1.1209844638490742
1275.821035959959,1.0483738,0.08488196,1.121388543631888
1275.8346313840407,1.07192,0.08847663,1.1217962414520488
1275.8482265433163,1.2041308,0.08585745,1.1222086620207532
1275.861821437801,1.1930048,0.08606879,1.1226264387913827
1275.8754160675098,1.1710578,0.08744897,1.1230482929023125
1275.889010432459,1.3390614,0.088518545,1.1234718882329113
1275.9026045326634,1.1439657,0.08923438,1.1238934391635902
1275.9161983681388,1.2522769,0.0867098,1.1243087358672001
1275.9297919389007,1.1955619,0.09760755,1.124711698750399
1275.943385244964,1.1498284,0.085722096,1.1250960266300207
1275.956978286345,1.1471319,0.09085367,1.1254577996850952
1275.9705710630585,1.1116053,0.08956022,1.1257876389368182
1275.9841635751202,1.0708636,0.0837431,1.1260858172076156
1275.9977558225457,1.0845369,0.08696053,1.1263466644519224
1276.0113478053504,1.066142,0.082115,1.1265699121164385
1276.0249395235496,1.0217875,0.0851513,1.1267583527811964
1276.0385309771593,1.1565465,0.088509224,1.1269102401815851
1276.0521221661936,1.2321413,0.08914328,1.127034543191547
1276.0657130906695,1.1502838,0.08369203,1.1271337073189382
1276.0793037506016,1.1337051,0.08909616,1.1272150826640275
1276.0928941460056,1.2707096,0.089385666,1.1272850883930448
1276.1064842768965,1.1888354,0.0872935,1.1273491654358005
1276.1200741432908,1.1298565,0.08582249,1.1274130718142439
1276.1336637452027,1.2233461,0.08761373,1.1274807490891465
1276.1472530826484,1.1155983,0.08789382,1.1275550282471813
1276.1608421556432,1.0723367,0.081585504,1.1276373036265415
1276.1744309642022,1.079067,0.08408616,1.1277295989786167
1276.1880195083415,1.2014978,0.09133539,1.1278312541901645
1276.2016077880758,1.1514384,0.08647783,1.1279441122088534
1276.2151958034212,1.1348058,0.088629134,1.1280685733131992
1276.2287835543927,1.1740003,0.08553944,1.1282059887471743
1276.2423710410055,1.1011057,0.081216305,1.1283600351915841
1276.2559582632762,1.2272803,0.089079484,1.1285313458202069
1276.2695452212186,1.0451564,0.079076864,1.1287253463456113
1276.2831319148495,1.2091973,0.094082706,1.1289434095879172
1276.2967183441838,1.173297,0.09372953,1.1291883343595008
1276.3103045092366,1.1345778,0.08836109,1.129465116500808
1276.3238904100238,0.96171683,0.08192443,1.1297727099971697
1276.3374760465604,1.0895233,0.08603202,1.1301175993089196
1276.3510614188622,1.1879725,0.087874286,1.1304979763592766
1276.3646465269444,1.1416012,0.084637724,1.1309153706261321
1276.3782313708223,1.2003039,0.086589105,1.1313716431705896
1276.3918159505117,1.2015259,0.08818499,1.13186151437295
1276.405400266028,1.1574608,0.08570873,1.1323864901829026
1276.4189843173863,1.1800082,0.08664369,1.1329373492542119
1276.4325681046018,1.1167927,0.08438672,1.1335086943128796
1276.4461516276904,1.0069059,0.08702176,1.134092299408085
1276.4597348866675,1.0833461,0.083657235,1.1346792431454609
1276.4733178815484,1.1308457,0.08456366,1.1352598934327436
1276.486900612348,1.0336747,0.08314152,1.135826184344488
1276.5004830790826,1.1467713,0.089765206,1.1363692394795184
1276.514065281767,1.2656717,0.08907478,1.1368804954237102
1276.5276472204173,0.9462908,0.08632841,1.1373568481350125
1276.5412288950472,0.9791536,0.082424946,1.1377858336802973
1276.554810305674,1.1522325,0.088531815,1.1381690018164432
1276.5683914523122,0.97413546,0.083675064,1.138498215660051
1276.5819723349775,0.990628,0.082821466,1.1387698886041084
1276.5955529536848,1.0673025,0.08060929,1.138985843587686
1276.6091333084503,1.1160243,0.08940884,1.1391362774972393
1276.6227133992884,1.0653243,0.08788361,1.139230142159131
1276.636293226215,0.98854584,0.08652381,1.1392626154326575
1276.649872789246,1.0793232,0.090641886,1.1392374802342229
1276.6634520883958,1.0207912,0.08885753,1.139160510929252
1276.6770311236803,1.0385076,0.08646411,1.1390303696496475
1276.6906098951151,1.0300338,0.08545815,1.138858924263784
1276.704188402715,0.9915131,0.08837605,1.1386468858601726
1276.717766646496,0.94516885,0.07910556,1.1384016527779535
1276.7313446264727,1.0549073,0.08278527,1.1381286816814942
1276.7449223426613,1.1626604,0.08843232,1.137830842524928
1276.7584997950764,0.9642324,0.08615453,1.1375160382636202
1276.7720769837342,0.97525156,0.08085503,1.1371875662054012
1276.7856539086497,1.2136244,0.08767921,1.136851963254902
1276.799230569838,1.2151554,0.08965838,1.1365143192387783
1276.8128069673146,1.0738459,0.081913345,1.1361807563244766
1276.8263831010952,1.0275533,0.08686533,1.1358557769116144
1276.8399589711953,0.9642935,0.0789503,1.1355459201924034
1276.853534577629,1.2227534,0.08812222,1.1352546335149907
1276.8671099204134,1.2340045,0.08878455,1.1349860375615426
1276.8806849995624,1.1116863,0.08497527,1.1347446032106636
1276.8942598150923,1.2201341,0.085400574,1.134529448608266
1276.9078343670174,1.1841259,0.086295545,1.1343456067963267
1276.9214086553545,1.2998273,0.09082627,1.1341895813550098
1276.9349826801183,1.139231,0.08296473,1.1340619053225345
1276.9485564413237,1.1247153,0.08429612,1.1339621120117904
1276.9621299389867,1.2097601,0.08600368,1.1338866391399733
1276.9757031731224,0.9777514,0.08530347,1.133838083181122
1276.9892761437459,1.2213027,0.08966672,1.1338114852209675
1277.0028488508729,1.0634764,0.086857796,1.133807313700853
1277.0164212945188,1.2553334,0.09320139,1.1338241756713332
1277.0299934746986,1.2808462,0.09091311,1.1338594225404295
1277.0435653914276,1.1700279,0.093810104,1.1339144124564575
1277.0571370447217,1.3423786,0.08622851,1.13398514924626
1277.0707084345959,1.0194527,0.08187784,1.1340720957663464
1277.0842795610652,1.0432991,0.08356813,1.1341739980020558
1277.0978504241457,1.0809124,0.09150638,1.1342898449196352
1277.111421023852,1.1993372,0.08660141,1.1344214636655752
1277.1249913601996,1.2151308,0.08437007,1.1345672994287739
1277.1385614332046,1.2031381,0.08828759,1.1347299195494989
1277.1521312428813,1.0818998,0.08276567,1.1349097509912704
1277.165700789245,1.0299648,0.084361255,1.1351078811094344
1277.1792700723122,1.0610127,0.08958219,1.1353277814432974
1277.192839092097,0.93296456,0.081405334,1.135568289513816
1277.2064078486158,0.7443295,0.072029606,1.1358334758324813
1277.219976341883,0.3530638,0.06830088,1.1361225316676644
1277.2335445719139,0.36459285,0.07175159,1.136436379452937
1277.2471125387242,0.6131772,0.07255303,1.1367767340575845
1277.26068024233,0.6473888,0.07948588,1.1371404251332913
1277.2742476827448,0.8345537,0.078686796,1.1375299547520703
1277.2878148599855,0.81701726,0.08056971,1.137941091156419
1277.3013817740666,0.8719002,0.07812736,1.1383728701705327
1277.314948425004,0.68156064,0.074149445,1.138822824025952
1277.3285148128123,0.65618014,0.07026638,1.1392860726949021
1277.3420809375075,0.59959126,0.06750908,1.1397593690581758
1277.3556467991043,0.71629,0.07454036,1.1402357540997536
1277.3692123976182,0.68505967,0.0747797,1.1407095852239528
1277.3827777330648,1.0444453,0.088592306,1.141173769965657
1277.3963428054594,1.1476719,0.090617485,1.14162299738831
1277.4099076148168,1.1066977,0.085859194,1.1420477272494571
1277.4234721611529,1.0231881,0.087934844,1.1424462676846296
1277.4370364444824,1.3861934,0.09466285,1.1428117165537846
1277.4506004648206,1.1216443,0.092357546,1.1431420421517786
1277.4641642221836,1.1606015,0.086621836,1.1434372322050508
1277.4777277165858,1.0661434,0.08651227,1.1436933355320247
1277.4912909480433,0.9130272,0.08000261,1.1439169941694616
1277.504853916571,0.9252658,0.08600384,1.1441076123367033
1277.518416622184,0.8294852,0.07797032,1.144272393560601
1277.531979064898,0.90744275,0.080255866,1.1444171741000129
1277.5455412447277,1.0267464,0.08563549,1.144547705474144
1277.5591031616887,1.1025438,0.086967625,1.1446716717701475
1277.5726648157965,1.3316258,0.09545487,1.1447943444519866
1277.586226207066,1.002251,0.084436715,1.1449207781095558
1277.5997873355127,1.2009703,0.08784738,1.145054318941743
1277.6133482011521,1.106959,0.085990034,1.1451979661379605
1277.626908803999,1.0206959,0.086028874,1.1453520917324485
1277.6404691440691,1.3115995,0.09439783,1.1455194162334896
1277.6540292213772,1.1735961,0.09069371,1.1456988517690625
1277.6675890359393,1.0866319,0.08762622,1.1458915248036052
1277.6811485877702,1.0956972,0.0921501,1.1460976616253213
1277.6947078768846,1.0513797,0.086660326,1.1463161354126183
1277.7082669032989,1.1663394,0.08862156,1.1465484867562705
1277.7218256670276,1.0278683,0.08408816,1.1467920430042804
1277.7353841680865,1.2115415,0.09048953,1.1470469140365
1277.74894240649,1.29344,0.09248024,1.1473112931281138
1277.7625003822545,1.1833661,0.0891458,1.1475832461163118
1277.7760580953945,1.1380906,0.089369625,1.1478615939305492
1277.789615545926,1.2863663,0.092097975,1.1481438932964332
1277.803172733863,1.1688836,0.089359485,1.1484293459025967
1277.8167296592212,1.1757804,0.094861485,1.1487170056729972
1277.830286322017,1.0940447,0.08417415,1.1490067886100301
1277.8438427222645,1.1502663,0.08806213,1.1492992880324102
1277.8573988599792,1.1616552,0.09241019,1.1495949396473506
1277.8709547351768,1.199108,0.08830668,1.1498952420618356
1277.8845103478711,1.2056607,0.08998579,1.1502007865767643
1277.8980656980793,1.0515151,0.09047412,1.1505124069132577
1277.9116207858156,1.1744251,0.087667584,1.1508303943709226
1277.925175611095,1.1147491,0.08826356,1.1511536500320256
1277.9387301739337,1.1960338,0.09286923,1.1514816774696843
1277.952284474346,1.068698,0.08875687,1.1518123257580601
1277.9658385123473,1.2873634,0.09029897,1.152144240376918
1277.9793922879535,1.0577831,0.08271399,1.1524759324958362
1277.992945801179,1.2416543,0.090945855,1.1528066039429006
1278.00649905204,1.2883134,0.09245311,1.1531358510123555
1278.020052040551,1.1561574,0.08582764,1.1534644630758317
1278.0336047667272,1.3408225,0.09254796,1.1537935209508159
1278.0471572305844,1.181495,0.08912042,1.154124565703733
1278.060709432137,1.1600224,0.09039378,1.1544585096403852
1278.074261371401,1.117929,0.09319661,1.1547962402888585
1278.0878130483914,1.1422431,0.09062527,1.1551369983241033
1278.1013644631228,1.069626,0.08751043,1.1554799418463015
1278.1149156156116,1.2639788,0.092907146,1.155822792311448
1278.1284665058718,1.066639,0.09299834,1.1561631609570993
1278.1420171339198,1.1309704,0.09386991,1.156498080255559
1278.15556749977,1.1304106,0.08824239,1.156825976674455
1278.1691176034378,1.2558153,0.09232067,1.1571437771672497
1278.1826674449385,1.3004006,0.092635565,1.1574515641946344
1278.1962170242878,1.182887,0.09508597,1.1577486055870205
1278.2097663415002,1.1455889,0.09358163,1.1580356059069827
1278.2233153965906,1.0868436,0.089886695,1.1583150102035413
1278.2368641895753,1.1148561,0.087528914,1.1585885005530434
1278.2504127204688,1.1682919,0.093026824,1.1588599740108008
1278.2639609892863,1.2098802,0.097282335,1.1591321209069354
1278.2775089960433,1.2135458,0.09136798,1.159407589951472
1278.291056740755,1.2204168,0.09444522,1.159687593766708
1278.3046042234364,1.1124241,0.08534889,1.1599729013264712
1278.3181514441026,1.0921508,0.08764752,1.1602617697293114
1278.331698402769,0.9769174,0.08587094,1.1605521826798215
1278.345245099451,1.0288188,0.087148,1.1608407292645568
1278.3587915341636,0.9371215,0.08297178,1.1611239817288972
1278.372337706922,0.7855299,0.07896232,1.161397445197951
1278.3858836177408,1.0217113,0.080784015,1.1616589405357223
1278.3994292666366,0.819128,0.083590806,1.161903375933597
1278.4129746536235,0.9781206,0.08465926,1.16213041186935
1278.426519778717,1.0158002,0.0865471,1.1623378319904811
1278.4400646419322,0.73946494,0.08379845,1.1625249638718893
1278.4536092432843,0.60614413,0.08022564,1.162694235522338
1278.4671535827883,0.46596047,0.066426985,1.1628445741316558
1278.4806976604598,0.6308395,0.078760736,1.1629812665849348
1278.4942414763138,0.5795026,0.080816194,1.1631057746191062
1278.5077850303655,0.7748565,0.08071663,1.1632217226486616
1278.5213283226303,0.95673776,0.08964639,1.163331873528443
1278.5348713531228,1.0485479,0.08840534,1.1634378324130477
1278.5484141218585,1.1119273,0.098278604,1.1635408104065366
1278.561956628853,1.1038213,0.08764469,1.1636397861050356
1278.5754988741205,1.04465,0.08800919,1.1637328673627036
1278.5890408576772,1.2611994,0.09036169,1.1638170994961787
1278.6025825795375,0.9496457,0.08290532,1.163887941651868
1278.616124039717,1.0403793,0.088928916,1.1639436819833615
1278.629665238231,0.97555214,0.089539565,1.1639789233703532
1278.6432061750943,0.92052543,0.08470318,1.1639943293240151
1278.6567468503222,1.064812,0.089401595,1.1639883615336604
1278.6702872639294,1.0707583,0.090133786,1.1639618237875993
1278.683827415932,1.2062843,0.09175933,1.1639185889127281
1278.6973673063449,1.2852,0.09428195,1.1638603947811348
1278.7109069351825,1.0007482,0.0846888,1.163794421337308
1278.7244463024604,0.8517081,0.08686533,1.1637256179447817
1278.737985408195,0.98585224,0.08667341,1.1636608522668734
1278.7515242523993,1.0527585,0.08502726,1.1636058053720795
1278.7650628350896,0.9794548,0.08772843,1.1635683398580225
1278.778601156281,1.0348316,0.08584679,1.163551084188864
1278.7921392159883,0.94962615,0.08661103,1.163560848175289
1278.805677014228,0.9162016,0.091161326,1.163597611840407
1278.8192145510134,1.1456735,0.08958088,1.1636625118845612
1278.8327518263604,0.9461295,0.08990573,1.163755904920701
1278.846288840284,1.1045909,0.09149479,1.1638732495413253
1278.8598255927998,0.9964062,0.08595147,1.1640159548224644
1278.8733620839228,1.1074696,0.09207033,1.1641784836279732
1278.8868983136679,1.0025506,0.086566515,1.1643605499018845
1278.9004342820501,1.0229117,0.090692885,1.1645603517015293
1278.9139699890848,1.128312,0.09390659,1.1647753531837362
1278.9275054347872,1.0688323,0.08959946,1.1650056270435774
1278.9410406191726,1.1359029,0.09026433,1.1652471713802088
1278.9545755422555,1.1775651,0.09434953,1.1654988854632133
1278.9681102040515,1.085337,0.08909714,1.1657569543321669
1278.981644604576,0.9818457,0.089951776,1.166017913282233
1278.9951787438436,0.9951536,0.087093845,1.1662771946473398
1279.0084653141423,0.8228679,0.13370241,1.1665261911825644
1279.0087126218696,0.9456855,0.08517559,1.1665306709055514
1279.0222462386694,0.9932577,0.09403235,1.1667722002420942
1279.0223377016946,1.8803422,0.16569042,1.1667737971387577
1279.0357795942575,1.1729633,0.09679419,1.1669984687928125
1279.03620981272,1.0069754,0.12718791,1.167005259668092
1279.0493126886495,0.96692306,0.086694196,1.1672051297428192
1279.0500816472352,0.4866865,0.096277125,1.1672165047004086
1279.0628455218607,0.9373405,0.089791745,1.1673886673216116
1279.0639532052564,0.9483606,0.11968845,1.1674026424384383
1279.0763780939055,1.1510133,0.091325276,1.1675497358989186
1279.0778244868004,0.9845761,0.13922764,1.1675647483834586
1279.0899104047992,1.1408876,0.09205194,1.167684143433398
1279.0916954918837,0.97144186,0.14028549,1.167700603779121
1279.103442454558,1.1376181,0.08834121,1.1677968110666166
1279.1055662205226,1.2414212,0.14628853,1.167811936538989
1279.1169742431955,1.0127349,0.08595057,1.1678870122023188
1279.1194366727339,1.3991336,0.15000719,1.1679018759109852
1279.130505770728,1.15122,0.09084361,1.1679576030809025
1279.1333068485342,1.081613,0.1385448,1.1679699375757986
1279.14403703717,1.1707592,0.08882401,1.1680108131968494
1279.1471767479395,0.9120121,0.14758621,1.1680201734054452
1279.1575680425367,1.0626839,0.09595167,1.1680461745251138
1279.161046370967,1.1403865,0.14507136,1.1680533474384454
1279.1710987868428,1.1147759,0.09125792,1.1680665270674002
1279.1749157176323,1.0469148,0.13831174,1.1680687224628494
1279.1846292701046,0.9580253,0.08608812,1.1680700320661928
1279.1887847879534,0.9622076,0.14499399,1.1680683022979232
1279.1981594923361,1.0561182,0.091414504,1.1680581182250775
1279.2026535819455,1.1075543,0.13804817,1.1680506884672028
1279.2116894535525,1.1107067,0.09277673,1.1680303840569195
1279.2165220996258,1.144859,0.14304437,1.1680162425218095
1279.2252191537693,1.1275517,0.08814297,1.1679864899367427
1279.2303903410104,1.1738117,0.14186238,1.1679664624148285
1279.2387485930014,1.0892422,0.0913926,1.167928635728511
1279.244258306116,0.94458354,0.14458993,1.1679001681783472
1279.2522777712645,1.0574178,0.092496134,1.167855507445113
1279.258125994959,0.82081825,0.13555986,1.1678201321658763
1279.2658066885729,1.1752894,0.09350961,1.1677700051469433
1279.2719934075562,0.73869747,0.117449254,1.167726687265334
1279.2793353449417,1.0187223,0.09838426,1.1676712682239663
1279.285860543924,1.1684673,0.13452639,1.16761877383771
1279.2928637403868,1.1624203,0.09671932,1.167559182642587
1279.299727404078,0.9192029,0.13603222,1.16749736260194
1279.3063918749228,0.9916931,0.0919788,1.1674337967250055
1279.3135939880365,0.9376763,0.13159464,1.167360388289676
1279.3199197485644,1.0483383,0.09313922,1.1672922995688042
1279.3274602958147,1.0379885,0.12705705,1.1672068503726842
1279.333447361327,1.1548157,0.096395634,1.1671357763248635
1279.3413263274292,0.9147433,0.12928489,1.1670367151953485
1279.346974713226,0.91709733,0.09247809,1.1669612275302297
1279.3551920828972,1.3540107,0.14767829,1.166846605861388
1279.3605018042763,1.0257118,0.09839815,1.166769059065637
1279.369057562234,1.0492616,0.13205923,1.1666380784670836
1279.3740286344928,1.0211627,0.08942932,1.1665589901357931
1279.3829227654574,0.87618273,0.12736666,1.1664110457646208
1279.3875552038905,1.1339631,0.096332066,1.1663304058280108
1279.3967876925833,1.0197146,0.13571304,1.166165031353699
1279.401081512485,1.0079882,0.089999095,1.1660862333525037
1279.4106523436283,1.0101866,0.12316789,1.165903339373005
1279.414607560291,1.0492429,0.09149569,1.1658254803672776
1279.4245167186086,0.9468531,0.13204227,1.165626263430684
1279.4281333473239,0.9957997,0.08869319,1.1655518172198702
1279.4383808175405,1.0126883,0.12759477,1.1653361882761317
1279.4416588735983,1.0640244,0.09578519,1.1652661226387402
1279.4522446404414,1.1790454,0.13610065,1.1650358880159006
1279.4551841391296,0.99960375,0.089618884,1.1649706857253717
1279.4661081873273,1.1696875,0.13373724,1.164726649480527
1279.4687091439328,0.852676,0.08533597,1.1646681592520116
1279.4799714582143,0.8955458,0.12049616,1.1644115970339128
1279.4822338880235,1.2958714,0.09891944,1.1643596827866867
1279.4938344531195,1.3236393,0.14014429,1.1640923554343288
1279.4957583714154,1.1791112,0.100379124,1.1640478239383063
1279.507697172059,1.2787799,0.1390829,1.16377093728209
1279.5092825941247,1.1424595,0.10009159,1.163734144359864
1279.5215596150495,0.92810416,0.12756684,1.163449763315013
1279.5228065561669,1.2480891,0.09924738,1.16342100776553
1279.5354217821075,1.2482272,0.12874673,1.1631312929963527
1279.5363302575556,1.074092,0.08960345,1.1631105072809538
1279.5492836732487,1.0509368,0.12854993,1.1628181739292436
1279.549853698307,0.9640913,0.09473118,1.162805451905894
1279.5631452884904,1.056943,0.13159668,1.1625121740624043
1279.5633768784357,1.0446128,0.093908384,1.1625071850909456
1279.5768997979571,1.2803277,0.09729039,1.1622181251589088
1279.5770066278494,1.0785148,0.12488356,1.1622158678412384
1279.590422456886,1.1705393,0.09847201,1.1619371946150259
1279.5908676913414,1.1732527,0.13425538,1.1619281193178532
1279.6039448552376,1.155259,0.09292859,1.1616634216130262
1279.6047284789836,1.282943,0.13219029,1.1616476604210213
1279.6174669930265,1.1221056,0.097804815,1.1613934249300535
1279.6185889907915,1.174703,0.13300942,1.1613710648049247
1279.6309888702685,1.1928588,0.09651243,1.1611226987084258
1279.632449226782,1.2624793,0.13213815,1.1610929454787264
1279.6445104869783,1.24963,0.09851667,1.1608440427961937
1279.6463091869718,1.2088143,0.1311661,1.1608063409333822
1279.6580318431713,1.0416483,0.097415335,1.160552372102264
1279.6601688713772,0.8209982,0.14079908,1.1605040448845083
1279.6715529388616,0.9833153,0.0970756,1.1602398623715409
1279.6740282800151,1.0416065,0.12694888,1.160181023864205
1279.6850737740651,1.2005788,0.094433054,1.1599020160815503
1279.6878874129006,1.0355871,0.12502627,1.1598280326411372
1279.6985943487966,1.1112329,0.093063354,1.1595353222902498
1279.7017462700517,1.1384609,0.13738555,1.1594443745108791
1279.7121146630714,1.0823355,0.10023794,1.15913410836323
1279.7156048514844,0.7390659,0.11105587,1.159026288334877
1279.725634716904,0.9845259,0.09020809,1.158700744114897
1279.7294631572147,1.2318861,0.13505341,1.1585698798138482
1279.73915451031,0.92394495,0.09575255,1.1582294944707405
1279.7433211872594,1.2784033,0.12983672,1.1580782904197984
1279.7526740433045,1.210729,0.0969975,1.1577243968323259
1279.7571789416347,1.2717708,0.12935644,1.1575480816266686
1279.7661933159022,0.89700377,0.09022842,1.1571839940961006
1279.7710364203574,0.92917013,0.114553645,1.1569813501206188
1279.7797123281182,1.0671492,0.09729048,1.1566083654290429
1279.784893623444,1.0782189,0.12881826,1.1563805863274337
1279.7932310799674,1.0773227,0.09471126,1.1560011926148945
1279.7987505509107,1.1352419,0.123902634,1.1557419869788563
1279.8067495714654,1.2179211,0.099100776,1.1553589440324779
1279.8126072027735,1.1192278,0.13553493,1.1550720553228346
1279.8202678026264,0.99811935,0.08773446,1.1546883465334123
1279.8264635790501,1.1065066,0.13029313,1.1543710857632514
1279.8337857734662,1.1719142,0.09414164,1.1539884219190497
1279.8403196797558,1.1140932,0.12554318,1.1536409696939451
1279.8473034839994,1.0303687,0.09689319,1.153264123288176
1279.8541755049073,1.0776616,0.12164259,1.1528881818883963
1279.8608209342415,1.0871865,0.0904097,1.1525197299034413
1279.8680310545212,0.82456475,0.120455354,1.1521155071814753
1279.8743381242068,1.0537244,0.09503786,1.1517591463379202
1279.8818863286144,1.0707649,0.12971355,1.1513300607542831
1279.8878550539107,1.0420033,0.09797523,1.1509893415529
1279.8957413272026,1.1311693,0.12611264,1.1505377090327369
1279.9013717233688,1.0209445,0.096634895,1.1502150578436234
1279.9095960503023,1.2806189,0.13603386,1.1497443163588068
1279.9148881325953,1.1662457,0.09705315,1.1494420888133652
1279.92345049793,1.0007161,0.12773992,1.1489551184245437
1279.9284042816055,1.2109832,0.10023394,1.1486747700884459
1279.937304670102,0.8859411,0.118464805,1.1481745227525275
1279.9419201704147,0.92350596,0.088939495,1.147917439338206
1279.9511585668356,1.1356989,0.122658394,1.1474070283799198
1279.9554357990376,1.0211395,0.094852984,1.1471723235862885
1279.9650121881466,0.825086,0.11014001,1.1466544740295737
1279.9689511674892,0.85558665,0.09359863,1.1464444441309332
1279.9788655340512,1.0291333,0.118462496,1.1459211066838686
1279.9824662757846,1.115959,0.09196063,1.1457333049255987
1279.9927186045657,1.0095956,0.122431986,1.1452074084908648
1279.9959811239396,0.9582763,0.09245874,1.145042216723021
1280.0065713997071,0.9106761,0.116362676,1.1445137607596556
1280.0094957119675,1.0082335,0.093904264,1.1443709277423944
1280.0204239194918,1.0974436,0.12045406,1.1438429785076552
1280.0230100398846,0.9436985,0.09061807,1.1437193660719907
1280.0342761639356,0.9570734,0.11675157,1.1431921456585816
1280.036524107706,0.9194681,0.09931487,1.1430888627406266
1280.0481281330556,0.88441753,0.11377049,1.142562052041118
1280.0500379154462,1.1226336,0.09420906,1.1424764135840757
1280.061979826868,0.8690801,0.10956819,1.1419518990105884
1280.0635514631197,0.9911206,0.101579174,1.1418837458676216
1280.0758312453888,1.1166551,0.11885468,1.1413588120937095
1280.0770647507431,0.9628281,0.094482474,1.14130716452865
1280.089682388635,0.7969061,0.111686595,1.1407827624732592
1280.0905777783303,0.84077674,0.09349692,1.1407458595060609
1280.1035332566228,0.7720549,0.10687531,1.1402196610925006
1280.1040905458965,0.73715574,0.08275557,1.1401972803758136
1280.1173838493687,0.7513481,0.10458314,1.1396664678773307
1280.1176030534566,0.75547856,0.08599579,1.139657747989258
1280.1311153010254,0.62072146,0.087115966,1.1391241714683007
1280.1312341668886,0.81893533,0.11045721,1.1391194881690037
1280.1446272886187,0.8392847,0.09215389,1.1385916027919596
1280.1450842092,0.94825935,0.11395143,1.138573533232848
1280.1581390162507,1.0380139,0.10076094,1.138055616640647
1280.1589339763182,1.0455638,0.12315316,1.1380239635397598
1280.1716504839371,1.1232227,0.09757853,1.1375119673857241
1280.1727834682595,1.041462,0.119384564,1.1374658287055814
1280.1851616916922,1.025313,0.092974626,1.1369571857658165
1280.1866326850413,0.9528137,0.11535246,1.1368960982237395
1280.1986726395319,0.88417935,0.092009276,1.1363872284871464
1280.20048162668,0.89068395,0.109700285,1.1363098616031644
1280.21218332747,0.7113714,0.07769158,1.1358021044199615
1280.2143302931909,0.672242,0.101802014,1.1357068339717074
1280.2256937555226,0.93053526,0.09397581,1.1351982368731277
1280.2281786845908,0.7593589,0.10391223,1.1350859356727
1280.2392039237036,0.84245235,0.087689266,1.1345779071505049
1280.2420268008966,1.0783224,0.11881546,1.1344457902638225
1280.2527138320293,0.95542157,0.09678964,1.1339405405708212
1280.2558746421244,1.0519202,0.11627911,1.1337892720111236
1280.2662234805136,0.95824385,0.09377786,1.1332877085045463
1280.2697222082907,1.0766741,0.11406234,1.13311655465876
1280.2797328691722,0.9878464,0.0949857,1.13262215598009
1280.283569499412,1.1127334,0.115973726,1.1324305442305853
1280.2932419980198,1.0577924,0.09141705,1.131945054477437
1280.2974165155038,0.91344106,0.10983579,1.1317345543414752
1280.306750867071,1.0699952,0.097156145,1.1312608287154546
1280.3112632565835,0.8817129,0.11491076,1.1310309382037764
1280.3202594763416,1.1883094,0.1004778,1.1305719064216906
1280.325109722667,1.0012023,0.11406576,1.1303241846092273
1280.3337678258458,1.1201289,0.09336959,1.1298820833606962
1280.338955913771,1.0316466,0.11462943,1.129617471539942
1280.3472759155995,1.1254628,0.09599721,1.1291944746344489
1280.3528018299116,1.0218791,0.1115287,1.128914945117575
1280.3607837456166,0.9728892,0.09345385,1.1285132346984164
1280.3666474711056,1.0626035,0.111338146,1.1282199279777076
1280.374291315913,1.0957885,0.094340175,1.1278407829712735
1280.3804928373688,1.0810592,0.11762361,1.127536618476633
1280.3877986265034,0.9204291,0.09810705,1.1271814853135453
1280.3943379287175,1.3148437,0.124034695,1.1268668572683276
1280.401305677402,0.99403656,0.09385062,1.1265349984601656
1280.408182745169,1.091834,0.12120445,1.1262109504720137
1280.414812468625,0.98223054,0.096365884,1.125902736188756
1280.4220272867385,1.0061696,0.113828085,1.1255705195818404
1280.428319000187,1.2718906,0.10519955,1.1252834210271763
1280.4358715534431,1.139376,0.11630411,1.1249417600675815
1280.4418252721023,0.9625008,0.09316613,1.1246743510310029
1280.4497155452993,1.1382812,0.11651623,1.1243222473236922
1280.4553312843868,0.97575533,0.09324098,1.1240724802186126
1280.4635592623235,1.173243,0.11954695,1.123706840817837
1280.4688370370548,0.9237716,0.08969802,1.123472182201848
1280.477402704531,1.0610754,0.11357051,1.1230898006967995
1280.482342530122,1.2709129,0.102123864,1.1228676462109002
1280.4912458719396,0.9758609,0.109344006,1.1224639001573162
1280.4958477636023,1.0240114,0.09443393,1.1222528548941157
1280.5050887645646,1.0999054,0.11661466,1.1218229072711567
1280.5093527375113,1.0705222,0.093305245,1.1216218668614144
1280.518931382423,0.8942872,0.10928816,1.1211617223412809
1280.522857451864,1.0499963,0.098179236,1.1209684156220923
1280.5327737255307,1.0001866,0.11192365,1.1204729348164078
1280.536361906676,0.99725115,0.10320077,1.1202914008887292
1280.5466157939043,1.0936474,0.11817551,1.119757310216942
1280.5498661019603,1.036326,0.091675736,1.1195844243829525
1280.5604575875602,0.9478639,0.110375196,1.1190121599417697
1280.563370037734,0.94766295,0.09312982,1.1188518900152302
1280.574299106515,1.0259838,0.11108227,1.118238832593174
1280.576873714011,0.98217124,0.0975305,1.1180924516863155
1280.5881403507842,0.8877467,0.11683177,1.117442182954927
1280.5903771308065,1.133785,0.097695984,1.1173107110101177
1280.601981320385,1.0922776,0.124645405,1.1166244939877108
1280.603880288135,1.1480937,0.10265107,1.1165115077411039
1280.6158220153332,1.1158053,0.115577795,1.1157943522601381
1280.6173831860126,1.0039535,0.098830484,1.115700140217724
1280.6296624356455,0.9043665,0.104766496,1.1149583145939568
1280.6308858244527,1.1857816,0.09778683,1.1148844249919716
1280.6435025813385,1.1114726,0.11562797,1.114125103725891
1280.6443882034719,1.092942,0.1043,1.114072014358768
1280.6573424524279,1.1374688,0.11733762,1.113302417239005
1280.6578903230834,0.9817846,0.097183436,1.113270346918243
1280.6711820489302,1.0127959,0.12420698,1.1124990200807354
1280.6713921833039,1.192372,0.104078665,1.1124869331967284
1280.684893784147,1.1573197,0.098195784,1.11172858443009
1280.6850213708617,0.8691836,0.11188105,1.1117215662378728
1280.6983951256282,0.9428647,0.091415405,1.1109977223186551
1280.6988604182397,1.0994395,0.11528102,1.110972973164164
1280.7118962077627,1.2530413,0.10543433,1.1103016087462996
1280.7126991910793,1.099481,0.119429216,1.1102610599472411
1280.7253970305646,1.2470682,0.10298546,1.1096363780822087
1280.7265376893972,1.049765,0.107864685,1.109582331036953
1280.73889759405,1.1604292,0.105396025,1.1090057795226966
1280.74037591321,1.1809995,0.12489718,1.1089379815335751
1280.752397898233,1.0677353,0.099230334,1.1084060237379925
1280.7542138625336,1.0733496,0.11083921,1.1083279570206181
1280.765897943129,1.2206361,0.10447073,1.107835459252361
1280.768051537385,1.1785209,0.120924905,1.107746942831885
1280.7793977287522,1.1793256,0.10063672,1.1072929364579525
1280.78188893778,1.1858811,0.11549441,1.1071952176416382
1280.7928972551183,0.9261065,0.09851932,1.1067732301379896
1280.795726063735,1.351258,0.12319397,1.10666834583411
1280.8063965222418,1.1540943,0.103648946,1.1062777974827214
1280.8095629152663,1.1896434,0.11380103,1.1061635387916968
1280.8198955301384,1.1494915,0.105276294,1.1058016992048392
1280.8233994923908,1.2323107,0.11749176,1.1056818375522566
1280.833394278822,0.94829255,0.09529371,1.1053458330000532
1280.837235795124,1.0416071,0.11681711,1.1052195220424166
1280.8468927683084,1.1727842,0.10026481,1.104909292713015
1280.8510718234822,1.0880541,0.109817065,1.104777694640245
1280.8603909986118,1.1214004,0.1037565,1.1044914415111067
1280.8649075774829,1.4112723,0.12600717,1.1043569591463869
1280.8738889697477,1.0227438,0.09535742,1.1040949934167545
1280.8787430571408,0.98201126,0.12046689,1.103956469611639
1280.8873866817303,0.9824185,0.09513328,1.1037181725558414
1280.8925782624735,1.3284718,0.11958952,1.1035800104449658
1280.9008841345753,1.1031139,0.10390269,1.1033649484727601
1280.9064131934967,1.4047711,0.11947949,1.1032265170099849
1280.9143813282974,1.078489,0.09686467,1.1030338237148885
1280.920247850227,1.0328953,0.10586981,1.102896754329984
1280.9278782629117,1.26136,0.10525761,1.1027261154943595
1280.9340822326808,1.1585318,0.10909151,1.1025929958644385
1280.9413749384319,1.2811885,0.10632396,1.1024421162389633
1280.947916340874,1.1713719,0.1153617,1.102311927247958
1280.9548713548747,1.1936401,0.10446301,1.1021791605775886
1280.961750174823,1.1915436,0.1208743,1.1020544312776535
1280.9683675122544,1.144047,0.10421743,1.1019390829497375
1280.9755837345438,0.9824621,0.105977714,1.1018182033316957
1280.9818634105852,1.2426138,0.10500394,1.1017168479313815
1280.9894170200537,1.1969953,0.112715274,1.10160007761964
1280.9953590498824,1.0451164,0.10319473,1.1015125916169055
1281.0032500313682,0.9954854,0.10642839,1.1014001339408828
1281.0088544301616,0.9549885,0.09881601,1.1013230030868604
1281.017082768504,1.2917645,0.11351917,1.101213803485011
1281.0223495514374,0.90470845,0.09189207,1.1011460681544358
1281.0309152314774,1.232397,0.110446274,1.1010396162903937
1281.0358444137237,1.1901604,0.105377704,1.100980375032312
1281.0447474203038,0.9902382,0.107039586,1.100875904955723
1281.0493390170368,1.1667401,0.105349086,1.1008230735353064
1281.0585793350006,1.1325467,0.11925492,1.100720119657226
1281.0628333613906,1.0622854,0.10852012,1.10067392926926
1281.0724109755838,1.1490375,0.11286449,1.1005717594680444
1281.0763274468006,1.1011987,0.101558246,1.1005308233773574
1281.0862423420697,1.1036888,0.10496309,1.1004296081391147
1281.0898212732816,1.1248145,0.10449386,1.1003937454132133
1281.1000734344748,1.1753764,0.11400627,1.1002931980907775
1281.1033148408485,1.0856053,0.1055075,1.1002623618944891
1281.1139042528143,0.9012945,0.111333445,1.1001632801279262
1281.116808149516,1.0441171,0.10245788,1.1001365396073206
1281.127734797106,1.0230441,0.107823424,1.1000396062567614
1281.1303011992989,1.0383538,0.101550825,1.1000176170258142
1281.1415650673653,1.0376548,0.11661548,1.0999237696179425
1281.1437939902123,1.2188251,0.10357296,1.0999058131439912
1281.1553950636085,1.1479982,0.11149107,1.0998175676178699
1281.1572865222713,1.0759552,0.10176001,1.099803797765153
1281.1692247858525,0.8994108,0.101960525,1.0997220101658773
1281.170778795491,1.0353811,0.097671166,1.0997124460847085
1281.1830542341122,1.1533121,0.103298806,1.0996406403119903
1281.1842708098854,1.1433495,0.10731404,1.0996339426848958
1281.1968834084062,1.2525415,0.10935912,1.0995739999088034
1281.1977625654702,1.2284857,0.10832917,1.09957041130994
1281.2107123087487,1.064995,0.102370545,1.0995233977733472
1281.2112540622597,1.1854187,0.10288212,1.099521593941234
1281.2245409351567,1.2191511,0.11063059,1.0994906792952814
1281.2247453002701,1.1964694,0.10970259,1.0994903084463798
1281.2382362795142,1.2253462,0.104261674,1.099473728027791
1281.2383692876458,1.3295871,0.11307443,1.0994736787092345
1281.2517270000085,1.1628463,0.10536631,1.099472760431847
1281.252197366234,0.91408145,0.09646756,1.0994728991482512
1281.265217461767,1.0718083,0.11469528,1.0994846674537224
1281.2660251709362,0.94431174,0.101723015,1.0994858256549676
1281.2787076648053,1.1097603,0.112958245,1.0995074972477592
1281.2798527017687,0.9779145,0.10060042,1.099509679790714
1281.2921976091375,0.879981,0.09901117,1.099539311734024
1281.293679958748,1.0672249,0.100411564,1.0995432096572644
1281.3056872947793,0.9141855,0.095634155,1.0995772922290945
1281.3075069418908,1.0977534,0.11197428,1.0995830422744088
1281.3191767217452,0.79923236,0.09707912,1.099621130044164
1281.321333651213,1.0181061,0.10658769,1.0996284545047526
1281.3326658900498,1.0313706,0.09917304,1.099669757123648
1281.3351600867313,1.1434361,0.10202491,1.099679495675737
1281.346154799709,0.92069197,0.10606136,1.0997244293229784
1281.3489862484612,0.8820265,0.094887294,1.0997366340750903
1281.3596434507363,0.9325307,0.105513394,1.0997866859911583
1281.3628121364188,0.8637474,0.09780029,1.0998025888823133
1281.3731318431476,0.9757475,0.10018382,1.0998584032777272
1281.3766377506215,0.9197848,0.10307988,1.099879444104284
1281.3866199769568,1.131144,0.100246795,1.0999435092137386
1281.3904630910847,0.9419894,0.10047125,1.0999697069442522
1281.4001078521796,1.1544465,0.11151665,1.1000428976746774
1281.4042881578246,0.9155798,0.0961853,1.1000780411253563
1281.4135954688306,1.1122913,0.10365224,1.1001611041587263
1281.4181129508584,1.2398329,0.1113436,1.1002043670442256
1281.4270828269252,1.0818061,0.1037033,1.1002974627311282
1281.431937470201,1.0944833,0.11354769,1.1003513665686402
1281.4405699264773,1.0724277,0.10854246,1.100453533020211
1281.4457617158698,1.2140833,0.107053995,1.100519165063281
1281.4540567675026,1.0225469,0.10113126,1.1006294547217328
1281.4595856878807,1.0470933,0.10529179,1.1007062121119717
1281.4675433500151,1.1532109,0.10979659,1.1008234802403143
1281.4734093862494,1.2310133,0.11992823,1.1009146792861795
1281.4810296740304,0.7872966,0.10319834,1.1010374716350058
1281.4872328109932,1.0895394,0.09847558,1.10114142391237
1281.4945157395632,0.93145007,0.110809036,1.1012682259482145
1281.5010559621276,1.1887943,0.10921298,1.1013868888151837
1281.5080015466285,1.0448503,0.1066277,1.1015178992335188
1281.5148788396687,1.0835963,0.10089919,1.1016521692561396
1281.5214870952407,1.0476478,0.10369217,1.1017854305437336
1281.528701443633,1.1511524,0.10696464,1.1019359788836234
1281.534972385415,1.097692,0.103952706,1.1020717965134292
1281.5425237740371,0.9691287,0.098035716,1.102241080660838
1281.5484574171662,0.95717704,0.098876886,1.1023784310787217
1281.5563458308966,1.1600108,0.10244974,1.1025666331153932
1281.5619421905092,1.2157512,0.106366865,1.1027033859860724
1281.5701676142285,1.0633732,0.11002073,1.1029115686535336
1281.575426705459,1.0170444,0.10430636,1.1030487101488544
1281.5839891240482,1.1306744,0.10046081,1.1032760734664924
1281.5889109620298,1.2400602,0.11389383,1.103409099320732
1281.5978103603723,1.0180237,0.103064194,1.1036544590213058
1281.6023949602368,1.1151398,0.1097643,1.1037826597460858
1281.6116313232174,1.2163676,0.10338816,1.1040432277805674
1281.6158787000957,1.1130487,0.10200088,1.1041638075723175
1281.6254520125995,1.0030236,0.099001214,1.1044360380480245
1281.6293621816196,1.3158897,0.110701755,1.1045471506637647
1281.6392724285345,1.0525088,0.10038946,1.1048266189005833
1281.642845404825,1.1185142,0.10541092,1.1049258314135926
1281.6530925710388,1.2093873,0.10869643,1.1052068418414247
1281.6563283697258,1.152282,0.113093324,1.1052944088013998
1281.666912440129,0.99195445,0.115772866,1.1055706728935237
1281.6698110763375,1.2039442,0.10848382,1.1056440893877961
1281.6807320358207,1.2765484,0.11747344,1.105911896875535
1281.6832935246744,1.1826494,0.10954074,1.1059717307551813
1281.694551358131,1.2350132,0.10496728,1.1062234862787637
1281.6967757147515,1.2331508,0.11336423,1.1062713520897245
1281.7083704070753,1.2051971,0.10462454,1.1065055453597648
1281.7102576465836,1.1611434,0.109903134,1.1065406998907976
1281.7221891826698,1.2503532,0.10618936,1.1067539099784198
1281.7237393201856,0.9099782,0.104958765,1.1067805666083586
1281.736007684931,1.0624373,0.096808694,1.1069716488528893
1281.7372207355722,1.1765325,0.10829407,1.1069892761064202
1281.7498259138756,1.3260317,0.10625601,1.1071628826756916
1281.7507018927586,1.0188104,0.11104553,1.1071739788707011
1281.7636438695192,1.1317573,0.10586588,1.1073302188888567
1281.7641827917594,1.3109999,0.11615433,1.1073364575061675
1281.7774615518783,1.2468587,0.12850565,1.1074831407892296
1281.7776634325894,1.25033,0.119885795,1.1074852710001588
1281.791143815263,1.2028095,0.11034625,1.107626067107168
1281.7912789609686,1.2471071,0.10327164,1.107627464678412
1281.8046239397963,1.0749286,0.11099454,1.1077654794046257
1281.8050960968071,1.2447189,0.113277145,1.10777040639617
1281.8181038062032,1.095769,0.109692745,1.1079082716028499
1281.818912959409,1.0895561,0.102464706,1.1079170809276204
1281.8315834144983,1.1678536,0.10578662,1.1080591610639752
1281.8327295487918,1.0074531,0.101634756,1.1080723358443738
1281.8450627646969,1.1734093,0.10265373,1.1082191742923055
1281.8465458649705,0.8702912,0.09372583,1.1082376913426115
1281.8585418568134,0.97197634,0.09747181,1.1083904390243393
1281.860361907962,1.210118,0.1062515,1.1084140874549409
1281.8720206908638,0.98506105,0.097454526,1.1085717899313197
1281.8741776777827,0.9825623,0.09934894,1.1086018236761883
1281.8854992668616,2.1895528,0.13652828,1.1087622860255693
1281.887993174448,1.0704603,0.10370858,1.1087983554215064
1281.8989775848218,0.6149786,0.07753524,1.1089601502355702
1281.9018083979747,1.1651504,0.10518863,1.1090023396725583
1281.915623348379,1.0630145,0.09954478,1.1092105538791524
1281.9294380256765,1.155533,0.1128143,1.1094202574999779
1281.9432524298845,1.1730536,0.10647353,1.1096284766077724
1281.9570665610183,1.3888348,0.10784036,1.1098332313773942
1281.9708804190939,1.3421212,0.109827675,1.1100329205140693
1281.9846940041284,1.3524705,0.10749515,1.1102269720048958
1281.9985073161372,1.1130421,0.10038374,1.1104162698368314
1282.012320355137,1.249026,0.11504737,1.110601621970692
1282.0261331211436,1.0750186,0.10244005,1.1107854860957203
1282.0399456141733,1.2805417,0.11116201,1.1109700917339997
1282.0537578342428,1.1446618,0.102207385,1.1111587605480613
1282.0675697813676,1.0971143,0.101856954,1.1113540581295582
1282.0813814555638,0.9967545,0.10221853,1.1115597987848833
1282.0951928568481,1.1098738,0.09846796,1.1117783885090535
1282.1090039852365,0.8483083,0.08681958,1.1120113416985729
1282.1228148407456,1.3948264,0.108509,1.1122621325579927
1282.13662542339,1.2707309,0.10373708,1.1125285213317628
1282.1504357331883,1.1220278,0.102112666,1.112810086263452
1282.1642457701544,1.1053319,0.10274129,1.1131035309610815
1282.1780555343057,0.99474233,0.09367401,1.113404115707793
1282.191865025658,1.0904694,0.09704144,1.113707507151137
1282.2056742442278,1.2673264,0.10169036,1.114008332911821
1282.219483190031,1.2434156,0.101928584,1.1143023629276034
1282.233291863084,0.94752705,0.09143974,1.1145850279995606
1282.247100263402,1.2104969,0.10601743,1.1148552010424675
1282.2609083910027,1.0401562,0.09838626,1.1151103460002154
1282.2747162459016,1.1002773,0.09829998,1.1153514012688908
1282.2885238281142,1.1295222,0.10095158,1.1155795182893038
1282.3023311376564,1.2220024,0.09852986,1.1157945704876209
1282.3161381745465,1.096127,0.097167835,1.1159994132185673
1282.3299449387987,1.2731031,0.100687645,1.1161941831832636
1282.34375143043,1.2287782,0.09908746,1.1163793387566945
1282.3575576494563,1.0707715,0.09547017,1.1165551648429275
1282.3713635958936,1.1028028,0.10243962,1.1167190717238762
1282.3851692697583,1.0325493,0.102781795,1.1168708628961783
1282.3989746710663,1.2269171,0.100613266,1.1170079504366692
1282.4127797998333,1.001765,0.09551679,1.1171265508929793
1282.426584656077,1.2223457,0.10008164,1.1172257034789392
1282.4403892398116,1.0127403,0.098597355,1.1173002190908863
1282.4541935510551,1.1321082,0.1011549,1.1173501587331678
1282.467997589822,1.2056782,0.10682545,1.1173753353327467
1282.4818013561294,1.2476847,0.10088862,1.1173739256048973
1282.4956048499928,1.1705799,0.10482013,1.1173506366308736
1282.5094080714298,1.1229421,0.10194977,1.117306305677289
1282.5232110204545,1.0762209,0.0929736,1.1172453085232597
1282.537013697084,1.2973763,0.10733501,1.117172531188648
1282.550816101335,1.2660302,0.10702293,1.117091698680481
1282.564618233222,1.0604136,0.093409464,1.1170092968901437
1282.5784200927633,1.1779037,0.098770745,1.116930092493883
1282.5922216799731,1.1938068,0.09990551,1.1168593485980303
1282.6060229948687,1.2170197,0.10279551,1.1167995636908716
1282.6198240374656,1.0987171,0.099293105,1.1167545801827485
1282.6336248077803,1.0552286,0.09993677,1.1167235796789121
1282.6474253058284,1.2076005,0.10277624,1.1167059001737372
1282.6612255316265,1.3222587,0.10073627,1.1167005955426057
1282.6750254851909,1.1544331,0.09968864,1.1167042566768268
1282.688825166537,1.1591777,0.10396887,1.1167157634470122
1282.7026245756813,1.3410995,0.09934917,1.1167332254268834
1282.7164237126397,1.2190865,0.10329913,1.1167559189194258
1282.7302225774288,1.3712412,0.1019251,1.1167847261384707
1282.7440211700643,1.0015295,0.09428614,1.116819781945919
1282.7578194905623,1.0741934,0.0927879,1.1168629364159213
1282.771617538939,1.1852567,0.09808953,1.1169160146122448
1282.785415315211,1.129503,0.09475022,1.1169795469401844
1282.7992128193935,1.0764583,0.09476775,1.1170559355599536
1282.813010051503,1.2292677,0.09823714,1.1171436874687486
1282.8268070115555,1.2211891,0.10589986,1.1172425048828856
1282.8406036995673,1.098891,0.10409014,1.1173512581284506
1282.8544001155544,1.1918318,0.10316024,1.117467224874704
1282.8681962595326,1.0414255,0.093785964,1.1175892061503796
1282.8819921315185,1.1096177,0.095065914,1.117714962707817
1282.8957877315283,1.1655716,0.100901686,1.117843366647841
1282.9095830595768,1.2012261,0.09452321,1.1179739243806357
1282.9233781156818,1.0543875,0.10477026,1.1181064650310581
1282.9371728998583,1.0782052,0.09731411,1.1182419122641736
1282.9509674121225,1.1841437,0.095430024,1.11838167585336
1282.9647616524908,1.4233949,0.10463086,1.1185272084415248
1282.978555620979,1.1904194,0.10167387,1.1186819612171337
1282.9923493176036,1.1121337,0.09939253,1.1188470662793522
1283.0061427423802,1.070973,0.1034863,1.1190255303298866
1283.0199358953248,1.222904,0.09572559,1.1192199276824137
1283.0337287764542,1.1843097,0.09811374,1.1194308574932539
1283.0475213857835,1.1293504,0.09656203,1.1196627287318008
1283.0613137233297,1.3065605,0.107047334,1.1199150889738023
1283.0751057891082,1.252227,0.0959794,1.1201900662321889
1283.088897583135,1.2491161,0.10561898,1.120490660138542
1283.1026891054266,1.365294,0.10377167,1.120815561630993
1283.116480355999,1.1599625,0.0956809,1.1211686164357364
1283.1302713348684,1.074756,0.09724025,1.121547951513925
1283.1440620420503,1.2847528,0.09989595,1.1219523884700897
1283.1578524775607,1.205552,0.09884391,1.1223820605738932
1283.1716426414166,0.9581113,0.093764,1.1228307616895707
1283.1854325336335,1.1448922,0.09424987,1.1232955795828048
1283.1992221542275,1.18044,0.09855048,1.1237700655126908
1283.2130115032146,1.1316816,0.10353212,1.1242482142746382
1283.2268005806102,1.3416761,0.09882587,1.1247232446583084
1283.2405893864313,1.4068756,0.108813435,1.125189335770054
1283.2543779206937,1.2471955,0.10232152,1.1256401968191385
1283.268166183414,1.1319667,0.09643145,1.1260698840284789
1283.2819541746067,1.2614528,0.09890209,1.1264764765238848
1283.295741894289,1.2254913,0.10285191,1.1268537169120778
1283.3095293424767,1.0005853,0.09475952,1.1272039667439253
1283.323316519186,1.1356342,0.09510182,1.1275268876663342
1283.3371034244326,1.0548594,0.09202239,1.12782336237079
1283.3508900582324,1.2538321,0.09475065,1.12809916287513
1283.3646764206023,1.1662407,0.09306985,1.1283570784853802
1283.3784625115575,1.1673857,0.10225083,1.1286047315980479
1283.3922483311144,1.1967139,0.09878086,1.1288482019167623
1283.406033879289,1.1153616,0.09692016,1.1290944669420153
1283.4198191560972,1.187959,0.095505364,1.1293487833150417
1283.4336041615545,1.2888614,0.099602774,1.1296165335478383
1283.447388895678,1.1021247,0.090951316,1.1299001823790282
1283.4611733584836,0.9940719,0.1443053,1.1301993064100788
1283.4749575499864,1.2142879,0.098270506,1.1305137787692343
1283.488741470203,1.0353687,0.08816262,1.1308372896584227
1283.5025251191494,1.1900918,0.096246235,1.1311645215734203
1283.5163084968415,1.1094692,0.09348986,1.1314872611128943
1283.5300916032957,1.2406701,0.09193453,1.1317987400847043
1283.5438744385274,1.2127862,0.095863,1.132089000931951
1283.557657002553,1.1248196,0.096572004,1.1323543014932427
1283.5714392953885,1.2429351,0.09268077,1.1325889590882579
1283.58522131705,1.440209,0.098785624,1.1327881951624519
1283.5990030675532,1.3188864,0.09699895,1.1329537875366167
1283.612784546914,1.1756133,0.09149954,1.133081222947902
1283.6265657551494,1.1210905,0.08947603,1.1331753048742192
1283.6403466922739,1.1365473,0.08970106,1.1332378954678046
1283.6541273583043,1.1459498,0.09961744,1.1332705212368557
1283.6679077532567,1.0714942,0.08870011,1.1332799297473068
1283.6816878771472,1.2638923,0.0950765,1.1332673906426824
1283.6954677299914,1.1196289,0.0957591,1.133237398422357
1283.7092473118055,1.1636603,0.08992504,1.1331923977104212
1283.7230266226054,1.2104138,0.09305278,1.1331317366051425
1283.7368056624066,1.1272693,0.089735314,1.1330572162195538
1283.750584431226,1.3132718,0.09902949,1.132966691296295
1283.7643629290792,1.1893069,0.091496244,1.1328594465364066
1283.7781411559822,1.0866445,0.087392576,1.1327356575136924
1283.791919111951,1.3168572,0.09769484,1.1325921203520333
1283.8056967970015,1.1508193,0.09333586,1.1324313743342054
1283.81947421115,1.2069956,0.09154186,1.132252647078483
1283.8332513544117,1.083156,0.08961051,1.1320572868845564
1283.847028226803,1.202111,0.09642646,1.1318482339656304
1283.8608048283404,1.078189,0.091862544,1.131625819901931
1283.8745811590395,1.1364669,0.091782235,1.1313937599214305
1283.888357218916,1.1498256,0.091618925,1.1311535464899702
1283.9021330079863,1.0862008,0.08646545,1.1309069764211834
1283.9159085262656,1.0883261,0.08865734,1.1306562925144208
1283.9296837737706,1.1067419,0.08548332,1.13040279338404
1283.9434587505173,1.0775769,0.08568937,1.1301485057463045
1283.9572334565216,1.2473007,0.09783433,1.129895065669656
1283.9710078917992,1.179316,0.09196343,1.1296448125373568
1283.9847820563664,1.2270678,0.09334916,1.1293996015381298
1283.998555950238,1.2084975,0.09964037,1.129162707350925
1284.0123295734315,1.1261966,0.102922544,1.1289366177167157
1284.0261029259623,1.0662266,0.08809233,1.1287237462606807
1284.0398760078465,1.2256525,0.092597544,1.1285285624267278
1284.0536488190994,1.0819294,0.093407705,1.1283512656803034
1284.0674213597374,1.1617051,0.08960519,1.1281955707377354
1284.0811936297764,1.0372252,0.09120837,1.1280624613623538
1284.0949656292332,1.225699,0.09095957,1.1279515783686023
1284.1087373581222,1.1409056,0.09078206,1.1278661773559924
1284.1225088164604,1.1383806,0.10307062,1.1278021903834246
1284.1362800042634,1.1591585,0.098484434,1.1277603279765378
1284.150050921547,1.2563226,0.094704546,1.1277390484134457
1284.163821568328,1.1641428,0.093976006,1.1277356062670643
1284.177591944621,0.9612793,0.08852334,1.1277511952291777
1284.1913620504429,1.0530668,0.09130859,1.1277822128636878
1284.2051318858091,1.2699995,0.09651005,1.1278288070005973
1284.218901450736,1.0489116,0.09127407,1.1278908198734583
1284.2326707452391,1.1946764,0.0945589,1.127966590879926
1284.246439769335,1.0373667,0.08888786,1.12805760884503
1284.2602085230387,1.3712662,0.09441335,1.1281616359469455
1284.2739770063667,1.0425445,0.08817801,1.1282779551465636
1284.287745219335,0.989326,0.085929066,1.1284048427248146
1284.3015131619593,1.1441754,0.090778805,1.1285381972097432
1284.3152808342556,1.073099,0.09011495,1.12867443315799
1284.3290482362395,0.9871625,0.081714496,1.128808285558528
1284.3428153679276,0.9316279,0.0874028,1.1289349438577112
1284.3565822293356,1.0957054,0.090377375,1.1290475124761374
1284.370348820479,1.2969587,0.09552845,1.1291424617421078
1284.3841151413737,1.1426032,0.09286311,1.1292127482321774
1284.3978811920365,1.1165555,0.0938174,1.1292558933398562
1284.4116469724822,1.1227437,0.08759837,1.129270496436019
1284.4254124827278,1.2011933,0.0949986,1.1292530160325478
1284.439177722788,1.1738895,0.08946255,1.1292087490525522
1284.4529426926795,0.978619,0.082593694,1.1291383732686389
1284.4667073924181,0.95380396,0.08952482,1.129047824670836
1284.48047182202,0.9975944,0.08700762,1.1289434813854957
1284.4942359815002,1.2164117,0.092575796,1.1288311201709982
1284.5079998708754,1.1346319,0.087649986,1.128718883033671
1284.521763490162,1.1194975,0.088073105,1.128613746569776
1284.5355268393741,1.1017122,0.08648033,1.1285230313891497
1284.5492899185292,1.121294,0.08556558,1.1284506390211944
1284.5630527276421,0.9560099,0.08200977,1.1284045098742812
1284.5768152667301,1.0136269,0.08079834,1.1283841556213534
1284.5905775358076,0.93028516,0.085522845,1.1283933119230038
1284.6043395348913,0.97416574,0.08513116,1.128433077699969
1284.618101263997,1.0939522,0.085528985,1.1285008430317236
1284.6318627231403,1.23931,0.08822999,1.1286001761762507
1284.6456239123377,1.1380831,0.08807787,1.1287265039237524
1284.6593848316043,1.1649301,0.084237576,1.1288800177086937
1284.6731454809567,1.1566653,0.08984776,1.1290600873115832
1284.68690586041,0.9144273,0.08415877,1.1292627421193189
1284.700665969981,1.2959856,0.09005378,1.1294890647716955
1284.7144258096846,0.9756146,0.08614356,1.129734714843316
1284.7281853795373,1.1619636,0.085338116,1.1299984602084268
1284.7419446795552,0.93568087,0.08188159,1.1302794450842606
1284.755703709754,1.1258658,0.08376681,1.1305745710821553
1284.769462470149,1.1232666,0.08485272,1.1308843252383762
1284.7832209607564,1.1715046,0.087353885,1.1312065606697284
1284.7969791815929,1.1276852,0.08660188,1.1315406704250215
1284.8107371326728,1.122292,0.088188395,1.1318867626188465
1284.8244948140132,1.1844218,0.08757348,1.1322427581476298
1284.8382522256293,1.0184631,0.080401674,1.1326089916898634
1284.8520093675374,1.1890274,0.08728883,1.1329840940476272
1284.865766239753,0.9382944,0.078624055,1.1333674087125136
1284.8795228422923,1.2182959,0.088172734,1.1337593019145333
1284.8932791751708,1.0176185,0.08358215,1.1341585957530398
1284.9070352384051,1.1442924,0.087151386,1.1345658299188435
1284.9207910320101,1.0763999,0.08389192,1.1349800433295039
1284.934546556002,1.1108308,0.08244551,1.135400075080673
1284.9483018103963,0.88457644,0.08440731,1.1358247569451163
1284.9620567952102,1.2124466,0.087843895,1.1362511624102616
1284.9758115104582,0.99526954,0.086665936,1.1366762799750512
1284.9895659561564,1.1619756,0.089610904,1.1370962264980542
1285.003320132321,1.1559968,0.08632363,1.137507878457863
1285.0170740389676,1.1726941,0.08594716,1.1379062096490866
1285.030827676112,1.0669047,0.082802616,1.1382904220235315
1285.0445810437704,1.0515085,0.084869884,1.1386578613536043
1285.0583341419583,1.0235461,0.09057009,1.13900877199522
1285.0720869706915,1.0281541,0.08244348,1.139346022515218
1285.085839529986,1.0809115,0.08508172,1.139671336907593
1285.0995918198573,1.1424692,0.09089382,1.1399909450851926
1285.1133438403222,1.172388,0.08408152,1.1403095426385657
1285.1270955913953,0.9597322,0.08096353,1.1406335195371906
1285.1408470730933,1.0159816,0.0900132,1.1409674085410935
1285.1545982854316,1.0102984,0.08363845,1.1413179840917147
1285.1683492284262,1.0357308,0.081882514,1.1416862110441486
1285.182099902093,1.119222,0.08435997,1.1420745615760914
1285.1958503064475,1.0499122,0.08530727,1.1424833373408998
1285.2096004415057,1.060065,0.080794916,1.1429093489409992
1285.2233503072832,0.9546303,0.0795424,1.1433516880854702
1285.237099903797,0.9893975,0.08148714,1.1438039519007404
1285.2508492310608,1.2096276,0.0885148,1.1442617197193405
1285.2645982890924,1.170383,0.08527169,1.1447189736721581
1285.2783470779066,1.070526,0.08387017,1.1451708356836858
1285.2920955975196,1.1336418,0.08508093,1.1456111883873095
1285.3058438479466,1.1811336,0.090391114,1.1460375551194097
1285.319591829204,1.0123745,0.08605755,1.1464474443596375
1285.3333395413072,1.3173848,0.0901594,1.1468396868984319
1285.347086984273,1.0903847,0.085763395,1.1472171024820497
1285.360834158116,1.1432662,0.08469285,1.1475803694832694
1285.3745810628527,1.1674961,0.08674847,1.1479341724125007
1285.388327698498,0.99810684,0.08100464,1.1482817085553694
1285.4020740650692,1.1708615,0.094345145,1.1486260333648983
1285.415820162581,1.2163976,0.088337615,1.1489692914827456
1285.4295659910495,1.0508335,0.087945335,1.1493119172413575
1285.4433115504903,0.9876853,0.08223851,1.1496528526678131
1285.4570568409197,1.2229953,0.08545385,1.1499898544578109
1285.4708018623526,0.93755084,0.08417785,1.1503186675503512
1285.4845466148058,1.2105459,0.085111,1.1506364913559533
1285.4982910982947,1.0474279,0.08666536,1.1509377168660997
1285.5120353128355,1.1493405,0.08348342,1.1512199960739404
1285.5257792584425,0.98928034,0.08603706,1.1514808666529484
1285.5395229351327,1.1623672,0.08189934,1.1517164922109333
1285.5532663429224,1.1740643,0.089076996,1.151928804096608
1285.5670094818258,1.0837172,0.0883737,1.1521148283877627
1285.5807523518604,1.0096191,0.09056566,1.1522764687621885
1285.5944949530408,1.1038725,0.083892696,1.1524144107778447
1285.608237285383,1.0713289,0.08902392,1.152526820229595
1285.621979348903,1.060091,0.08307132,1.1526168160320058
1285.6357211436164,1.0631286,0.09026332,1.1526818013486562
1285.6494626695392,1.1011522,0.08264103,1.1527228867228765
1285.6632039266863,0.8174596,0.08118905,1.1527402196565657
1285.6769449150754,1.0342956,0.083994575,1.1527304823673568
1285.6906856347205,1.2958518,0.08346717,1.1526956121187142
1285.7044260856378,1.1801903,0.08909228,1.1526304618647476
1285.7181662678431,1.1286721,0.086357445,1.1525322330070784
1285.7319061813528,1.0852015,0.082772925,1.1523969295887306
1285.7456458261813,0.96953464,0.0796839,1.1522124502347317
1285.7593852023454,0.9367317,0.07915096,1.1519778860731935
1285.773124309861,1.0649768,0.100311734,1.1516808687261484
1285.7868631487434,1.0272483,0.08227683,1.1513181282739273
1285.8006017190085,1.0122106,0.08388603,1.150889361552957
1285.8143400206716,1.0941675,0.08561299,1.1503856816047662
1285.828078053749,0.9987665,0.08132939,1.1498181984809903
1285.8418158182567,1.16836,0.08687982,1.1491836019546964
1285.85555331421,1.131712,0.081087306,1.1484889320628178
1285.8692905416244,1.2411678,0.09159439,1.1477408160362597
1285.8830275005164,1.05779,0.0807636,1.146937234041645
1285.896764190901,0.90943867,0.079552464,1.1460879767569652
1285.910500612794,1.1046813,0.08167582,1.1451893591127216
1285.9242367662118,1.1076102,0.08294654,1.1442412095106431
1285.9379726511695,1.1261401,0.0826919,1.1432430696115052
1285.951708267683,1.0790774,0.080250725,1.1421844139909816
1285.9654436157684,1.1165249,0.08272421,1.141070507802002
1285.979178695441,1.0180898,0.08114638,1.1398948441193604
1285.992913506717,1.0141828,0.07973906,1.1386596979313133
1286.0066480496114,1.0138499,0.08198351,1.1373706332277826
1286.0203823241404,1.2863147,0.08817551,1.136025450854243
1286.0341163303196,0.89445555,0.075486794,1.1346380257474982
1286.047850068165,1.0460402,0.077874295,1.1332124947669655
1286.0615835376918,0.9781906,0.08016101,1.131760853819488
1286.0753167389169,1.1165457,0.0833084,1.1302953714630692
1286.0890496718544,1.0024183,0.083512776,1.1288302157953765
1286.1027823365212,1.0516425,0.082748696,1.1273798797662447
1286.1165147329325,1.193766,0.08399146,1.125960540303853
1286.130246861104,1.1331061,0.082927965,1.1245853044455183
1286.1439787210516,1.1451825,0.08491146,1.123260164649589
1286.157710312791,1.0951825,0.08110512,1.1219979419826636
1286.1714416363384,1.1173612,0.080525786,1.1207905519812338
1286.1851726917087,1.2318554,0.08701985,1.119639785623169
1286.1989034789178,1.1390444,0.085931756,1.118538041047153
1286.2126339979814,1.2095882,0.085846685,1.1174758034140415
1286.2263642489158,0.9918803,0.081809126,1.116449582687835
1286.2400942317358,1.083405,0.08148388,1.1154470367623883
1286.2538239464577,1.0337676,0.07991874,1.1144636407742516
1286.2675533930972,1.108304,0.092953816,1.113493035859176
1286.2812825716694,0.9621191,0.07760127,1.112530344535156
1286.2950114821913,1.1685823,0.08739505,1.1115729686455238
1286.3087401246773,1.0210688,0.082713775,1.1106184172205613
1286.3224684991433,1.1366651,0.085841306,1.1096667404578713
1286.336196605606,1.079395,0.08092489,1.1087188476918706
1286.3499244440795,1.0371324,0.0810532,1.1077763892375283
1286.363652014581,0.9839583,0.079504535,1.1068433247289975
1286.3773793171254,1.1635835,0.08346692,1.1059216690464013
1286.3911063517285,1.1710918,0.08260231,1.1050157004946657
1286.4048331184058,1.2224408,0.08426452,1.1041284941329903
1286.4185596171733,1.0568074,0.09283622,1.1032612852367303
1286.4322858480468,1.1969889,0.08531158,1.1024194036361912
1286.4460118110414,1.0728989,0.08017367,1.101600871940814
1286.4597375061735,1.2250929,0.08678615,1.1008089037183217
1286.4734629334582,1.1427531,0.080955684,1.100043320501835
1286.4871880929118,1.1137518,0.09695643,1.0993025665362968
1286.5009129845496,1.0624092,0.08393725,1.09858926569403
1286.5146376083871,1.0400527,0.0811961,1.0978985500748597
1286.5283619644404,1.1207063,0.084180005,1.0972307909630903
1286.5420860527242,1.0183709,0.079669744,1.0965828598643579
1286.5558098732554,0.9977601,0.07908941,1.095951171866129
1286.5695334260495,1.0245416,0.08313541,1.0953343384385354
1286.583256711121,1.0715759,0.07938466,1.0947274268546276
1286.5969797284874,1.1123914,0.08138051,1.0941288743076139
1286.6107024781627,0.9484234,0.082981534,1.0935365675998787
1286.6244249601637,0.9536351,0.07545099,1.092949686891441
1286.6381471745049,1.142454,0.087057255,1.0923698509645883
1286.6518691212032,1.1536821,0.0932418,1.0917981630731812
1286.6655908002738,1.0302079,0.080472775,1.0912384700046935
1286.6793122117322,1.0702064,0.08220329,1.0906939576946852
1286.6930333555938,1.0346222,0.086478814,1.0901668146065921
1286.7067542318748,1.1247452,0.08499367,1.089661480086206
1286.7204748405904,1.0962273,0.08423052,1.0891756406957378
1286.7341951817568,1.1429772,0.08943318,1.0887097502062897
1286.7479152553901,1.148613,0.08671372,1.0882593674070296
1286.7616350615042,1.0322436,0.07719059,1.0878191267296
1286.7753546001159,1.1682765,0.083929226,1.0873831070085684
1286.789073871241,0.9983214,0.08444316,1.086944466653915
1286.8027928748945,1.0634056,0.07917351,1.0864964168294462
1286.8165116110927,1.2096759,0.0827738,1.086033248916256
1286.8302300798507,0.9983038,0.08324159,1.0855513444099454
1286.8439482811846,1.0343682,0.08342037,1.0850453416187225
1286.8576662151092,1.0456505,0.08550177,1.0845170361534995
1286.8713838816411,1.0355227,0.07897848,1.0839641637898005
1286.8851012807959,0.9914716,0.08056782,1.083389689267602
1286.898818412589,1.0661225,0.081900924,1.0827963838008725
1286.9125352770359,1.0252498,0.079041824,1.0821861631242369
1286.9262518741516,0.9770369,0.08124014,1.081564753308757
1286.939968203953,1.1116629,0.0848371,1.0809352880939362
1286.9536842664552,1.070282,0.07895514,1.080302680676093
1286.9674000616733,0.9057335,0.088284746,1.0796704300031355
1286.9811155896232,1.0026199,0.08311298,1.0790424618803327
1286.9948308503215,1.0443981,0.07900086,1.0784212964916873
1287.0085458437827,0.9943896,0.079150476,1.0778102653629
1287.0222605700226,0.9786683,0.07476913,1.0772100992587919
1287.035975029057,0.9346665,0.08400264,1.0766215186113015
1287.0496892209017,0.97394866,0.086243555,1.0760458883719057
1287.063403145572,1.1300024,0.0838772,1.0754821234855667
1287.0771168030835,1.0126389,0.079917565,1.0749322576069043
1287.090830193452,0.9989027,0.07657315,1.0743958046990143
1287.104543316693,1.1907352,0.08639985,1.0738734063161264
1287.1182561728226,1.2176298,0.08611557,1.0733663478174014
1287.1319687618552,1.0931857,0.0839546,1.072872807787251
1287.1456810838079,1.1019644,0.083354436,1.0723937948645756
1287.1593931386951,1.0686494,0.07888269,1.0719267778159993
1287.1731049265334,1.0211747,0.07800742,1.0714707983062013
1287.1868164473372,1.1261574,0.08701226,1.071025009971419
1287.200527701123,0.9486517,0.077612594,1.0705873004402444
1287.2142386879063,1.0296849,0.07722418,1.0701578941838623
1287.2279494077025,1.0039376,0.080593914,1.0697357664200184
1287.241659860527,1.1176744,0.07909911,1.0693215439019188
1287.2553700463964,1.0253626,0.08287345,1.0689166467980478
1287.2690799653249,1.0783195,0.082376435,1.0685215033160773
1287.2827896173292,0.84427285,0.07348735,1.0681397032032787
1287.2964990024238,1.0799301,0.08230052,1.0677717551210502
1287.3102081206252,1.0843856,0.080365166,1.067420157682939
1287.3239169719493,1.0235503,0.08353201,1.0670870756803155
1287.3376255564108,1.1550606,0.08267494,1.0667718604149432
1287.3513338740252,1.0213662,0.08028488,1.0664779877326682
1287.365041924809,1.1480448,0.078732826,1.0662027359750774
1287.3787497087771,1.1623402,0.07986285,1.0659466020782342
1287.3924572259448,1.0111187,0.07953476,1.065708251925672
1287.4061644763287,0.97998434,0.088790566,1.0654842465227452
1287.4198714599431,1.0808216,0.089526586,1.0652737060818855
1287.4335781768052,1.1185691,0.08329971,1.0650716393165491
1287.4472846269286,1.1643925,0.083153546,1.0648756803992006
1287.4609908103307,1.1507317,0.08833683,1.0646826815530237
1287.4746967270257,1.0037796,0.08139385,1.0644900965791946
1287.4884023770303,1.1779008,0.08695354,1.0642956593279804
1287.502107760359,1.0486997,0.08378194,1.064098285403632
1287.515812877028,1.1794375,0.08346352,1.063897257699818
1287.5295177270532,1.0244136,0.0796082,1.0636933035098735
1287.5432223104494,1.0784171,0.08192752,1.0634883071329293
1287.556926627232,0.918935,0.07865125,1.0632851915028267
1287.5706306774175,1.0679824,0.08670112,1.0630868235477156
1287.5843344610212,1.083803,0.083633184,1.0628973454862898
1287.5980379780578,0.906063,0.07671981,1.0627205406221754
1287.6117412285441,1.0671332,0.0873289,1.062558886951675
1287.625444212495,1.0244311,0.07978668,1.0624171412239143
1287.6391469299258,0.91828775,0.08475287,1.062294642551127
1287.6528493808526,1.1594604,0.08449238,1.0621950329712984
1287.6665515652905,0.9911314,0.0782344,1.0621179360899906
1287.680253483255,0.9422405,0.079771556,1.0620633383836322
1287.6939551347627,1.0850075,0.084720604,1.0620337872392844
1287.7076565198274,1.0896274,0.079730816,1.0620265913557763
1287.721357638466,0.86477524,0.084933914,1.0620448784310699
1287.735058490694,1.0841925,0.086587474,1.0620872188644175
1287.7487590765259,0.85270935,0.08174513,1.0621540284223292
1287.762459395978,1.0127627,0.085866936,1.062247505799251
1287.7761594490662,1.1200243,0.08658694,1.0623647181349976
1287.7898592358051,0.95676,0.0810934,1.062508331941762
1287.8035587562113,0.97152287,0.0792857,1.0626745226878789
1287.8172580102994,1.1339102,0.08812044,1.0628615350309896
1287.8309569980852,1.0157375,0.08039124,1.0630665334874658
1287.8446557195841,0.94640297,0.07751952,1.0632838648309972
1287.8583541748121,0.9750359,0.08021528,1.0635102686688997
1287.8720523637846,0.9566429,0.080696106,1.063740245190694
1287.885750286517,1.0386358,0.07959599,1.063970137371578
1287.8994479430244,1.0668911,0.08552221,1.0641963530734362
1287.913145333323,1.1290896,0.08406008,1.0644169533991088
1287.9268424574282,1.1608733,0.08105165,1.064628812748362
1287.9405393153547,1.0356627,0.083935045,1.064831527476931
1287.9542359071193,1.0414008,0.07773046,1.065023456990822
1287.967932232737,1.107162,0.08132064,1.0652036056272323
1287.9816282922227,1.0860417,0.083799526,1.0653723169809317
1287.9953240855923,1.0217301,0.08108816,1.0655269078761973
1288.009019612862,0.9461544,0.081606664,1.0656688074070646
1288.0227148740466,0.960208,0.082236364,1.065796519314347
1288.0364098691618,1.0992881,0.08122596,1.0659105869743015
1288.0501045982228,1.0151722,0.076104365,1.066012576203878
1288.0637990612456,1.0228374,0.07968214,1.0661027031491754
1288.0774932582456,1.2697893,0.08555728,1.0661852463047004
1288.091187189238,0.94754887,0.08048987,1.0662632294702048
1288.1048808542384,1.0307455,0.0814523,1.0663413317765318
1288.1185742532625,1.1056776,0.08332819,1.0664235007888136
1288.1322673863253,1.0629244,0.08190176,1.0665150133159782
1288.1459602534433,1.1871985,0.08783844,1.0666184495508497
1288.1596528546306,1.136337,0.08850534,1.0667386591975134
1288.1733451899038,0.9452123,0.07621151,1.0668774066814917
1288.1870372592784,1.1133654,0.08367292,1.0670365442077316
1288.2007290627691,1.1503199,0.08646783,1.0672198118210983
1288.2144206003925,0.94227743,0.08003273,1.0674259701371624
1288.2281118721623,0.89968723,0.07719896,1.0676595465229035
1288.2418028780965,0.9433886,0.07578428,1.0679190095256685
1288.255493618208,0.9229713,0.080632724,1.0682052004367293
1288.2691840925138,0.96179956,0.07795578,1.0685193547140435
1288.2828743010296,1.0325735,0.08261835,1.068857992768976
1288.2965642437694,1.1701514,0.083376095,1.0692235115927726
1288.3102539207505,1.0663587,0.080849946,1.0696114896659292
1288.3239433319866,1.175394,0.082791165,1.0700217514504422
1288.3376324774943,1.0531889,0.08337926,1.0704537777027836
1288.3513213572892,1.2162514,0.09097728,1.0709051965921792
1288.3650099713861,1.0219711,0.08500796,1.0713793634136715
1288.378698319801,1.1567789,0.08666166,1.0718737751572947
1288.3923864025492,0.9451957,0.08106118,1.0723910158835404
1288.406074219646,0.88548726,0.0816215,1.0729322954724079
1288.4197617711068,0.9685645,0.08431011,1.0734969992374728
1288.4334490569472,0.8527938,0.07697148,1.0740899491217322
1288.4471360771831,1.0230454,0.08400977,1.0747083576778529
1288.4608228318295,1.0335884,0.08294342,1.075356196046059
1288.4745093209015,0.8272413,0.074464045,1.0760341197660612
1288.4881955444157,0.9967119,0.085004844,1.076742491432895
1288.501881502386,1.0959985,0.08533223,1.0774869262705788
1288.5155671948294,1.1666441,0.08987867,1.078264545468122
1288.5292526217604,1.2366449,0.09336225,1.0790810049294532
1288.5429377831947,1.1411346,0.08707059,1.0799352725689269
1288.556622679148,0.99087197,0.08442652,1.0808277230915584
1288.570307309635,1.1361594,0.09247962,1.0817617222071187
1288.583991674672,1.0978642,0.084749386,1.0827321460898398
1288.597675774274,1.2502108,0.08844637,1.0837431650776241
1288.6113596084565,1.234119,0.08930949,1.0847900344035555
1288.625043177235,1.2437783,0.09118246,1.0858726870064552
1288.6387264806253,1.2128483,0.08621405,1.0869920753505777
1288.6524095186423,1.0355344,0.08591446,1.0881444912609233
1288.6660922913013,1.1881304,0.08831562,1.089336121351172
1288.6797747986186,1.1795119,0.084417924,1.0905643524168327
1288.6934570406083,1.155867,0.08705361,1.0918342660878653
1288.707139017287,1.2840855,0.086878896,1.0931505575930027
1288.72082072867,0.9955002,0.07939278,1.0945125230907518
1288.734502174772,1.1871401,0.08519293,1.0959306462132967
1288.7481833556094,1.2058015,0.08677233,1.097396932328995
1288.7618642711966,1.1050432,0.08772052,1.0989136477997075
1288.7755449215506,1.1713419,0.08680438,1.1004744890538325
1288.7892253066848,1.0287491,0.08449504,1.102069965810049
1288.8029054266158,1.0359743,0.087031126,1.1036938182031497
1288.8165852813595,1.0847336,0.084047556,1.1053324633444512
1288.83026487093,0.94710785,0.080579326,1.1069778441513414
1288.8439441953435,1.1232171,0.08200166,1.1086206403243244
1288.8576232546154,1.0963416,0.081226766,1.110254637083336
1288.8713020487612,1.0703275,0.08119984,1.1118731323377715
1288.8849805777961,1.0918387,0.08641616,1.1134747449675628
1288.8986588417351,1.1198533,0.08301412,1.1150551168863068
1288.912336840595,1.2587308,0.08746347,1.116614750886347
1288.9260145743892,1.069862,0.08202756,1.1181520812576526
1288.9396920431345,1.0877806,0.08436211,1.1196627560355594
1288.9533692468463,1.1138871,0.08361529,1.1211454694348455
1288.9670461855396,0.9728347,0.08263056,1.1225892665183541
1288.9807228592297,1.0544108,0.08408146,1.1239917628262603
1288.9943992679323,1.2133094,0.08674365,1.1253439744940856
1289.008075411663,1.2051755,0.084437564,1.1266379110599598
1289.021751290437,1.171758,0.08852819,1.1278735702192888
1289.0354269042691,1.0602442,0.08139323,1.1290354914724945
1289.0491022531753,1.1069789,0.083622016,1.1301308081478751
1289.0627773371712,1.0297786,0.08491865,1.1311504223084905
1289.0764521562717,1.2079071,0.085937105,1.1320947654277147
1289.090126710492,1.05007,0.083111994,1.13296837675622
1289.1038009998485,1.0898467,0.08398867,1.133766404733408
1289.1174750243558,1.076642,0.08407719,1.1345053210708957
1289.1311487840294,1.1403939,0.08725694,1.13518867568196
1289.1448222788847,1.1203419,0.08321867,1.1358328698284408
1289.1584955089374,1.267159,0.08657146,1.1364510193228847
1289.1721684742024,1.2389134,0.089381285,1.1370552168132764
1289.1858411746953,1.1841466,0.088238984,1.137657110370183
1289.1995136104315,0.96408075,0.08129077,1.1382644930012693
1289.2131857814263,1.2688315,0.091142856,1.1388814759570853
1289.226857687695,1.2143015,0.087374374,1.139509831312141
1289.2405293292534,1.1017784,0.091409355,1.1401492670126927
1289.2542007061168,1.144261,0.088077605,1.140796340325403
1289.2678718183001,1.1587152,0.0988759,1.141447989198617
1289.2815426658187,1.1909436,0.09274221,1.1420993534344472
1289.2952132486887,1.1085793,0.089597315,1.1427459792091206
1289.3088835669248,1.0534865,0.090613164,1.1433829254436514
1289.3225536205425,1.1590353,0.08632498,1.1440071830409346
1289.3362234095569,1.0663414,0.08500851,1.1446131359098886
1289.3498929339844,1.1646483,0.09621953,1.1452012150413844
1289.3635621938386,1.1090345,0.08986468,1.1457684940024835
1289.3772311891366,1.0692242,0.0899746,1.1463159413979926
1289.3908999198932,1.0987743,0.09106495,1.146845178015467
1289.4045683861232,1.1926962,0.08940561,1.1473565610742518
1289.4182365878423,1.2235171,0.08702177,1.1478546942442036
1289.4319045250663,1.123823,0.08549725,1.1483405440564791
1289.44557219781,1.0039945,0.08496454,1.148817858942307
1289.459239606089,1.2822691,0.092320874,1.1492886678910732
1289.4729067499188,0.9852882,0.08640025,1.1497551348327226
1289.4865736293145,1.1893498,0.08900242,1.1502196307515917
1289.500240244291,1.1017343,0.09062945,1.1506843087365282
1289.5139065948642,1.2152658,0.092456326,1.1511515254101605
1289.5275726810503,1.0215915,0.08474163,1.151623982288565
1289.5412385028626,1.1457434,0.088313244,1.1521047934651927
1289.554904060318,1.1792066,0.08915564,1.1525958100047173
1289.5685693534313,1.0347898,0.08936642,1.1531014763282763
1289.5822343822183,1.1320791,0.08990503,1.1536214318045983
1289.5958991466937,1.1663269,0.09033469,1.1541580513912344
1289.6095636468733,1.0427238,0.08974722,1.1547105724452373
1289.6232278827722,1.141906,0.09149159,1.1552773200490585
1289.6368918544053,1.2347451,0.090521365,1.15585744225654
1289.6505555617894,1.299568,0.094268,1.15644667383934
1289.664219004938,1.1586635,0.085256994,1.1570430713435864
1289.6778821838677,1.1939336,0.09031252,1.1576429509976844
1289.6915450985932,1.0330944,0.08309481,1.158243951229618
1289.7052077491305,1.0157942,0.085810326,1.1588439667784498
1289.718870135494,1.2359155,0.08825317,1.1594420663464002
1289.7325322576996,1.1303474,0.08514563,1.1600375517034551
1289.7461941157626,1.2061627,0.08840599,1.1606308713305746
1289.7598557096978,1.2966362,0.09617065,1.1612223120633565
1289.7735170395213,1.2299758,0.086409114,1.161812113371201
1289.7871781052484,1.1709011,0.08907264,1.162400250411491
1289.8008389068934,1.1339811,0.08803596,1.1629856511777064
1289.8144994444726,1.262558,0.089845456,1.163567392724677
1289.828159718001,1.241674,0.09025183,1.16414309094346
1289.8418197274939,1.3165246,0.090859056,1.1647102037368973
1289.8554794729666,1.1579927,0.090170145,1.1652660994991302
1289.8691389544344,1.1292186,0.0855172,1.1658057773375803
1289.8827981719128,1.1581963,0.08655089,1.1663280163133316
1289.896457125417,1.1510317,0.08936422,1.166827097815628
1289.910115814962,1.1039702,0.084473774,1.167302193511148
1289.9237742405637,1.0839213,0.08765762,1.1677509252093756
1289.9374324022365,1.1548436,0.09034281,1.1681708314012933
1289.9510902999968,1.0193547,0.08349845,1.1685649404629104
1289.9647479338591,0.9709496,0.084329486,1.1689303420924688
1289.978405303839,1.325091,0.10238518,1.1692726393178974
1289.9920624099514,1.2283814,0.090644024,1.169592327385349
1290.0057192522124,1.0943421,0.09157331,1.1698927701956423
1290.0193758306366,1.2448528,0.088375896,1.1701783090604339
1290.0330321452395,1.2876399,0.09169939,1.1704506157105508
1290.0466881960365,1.0949023,0.08732001,1.1707145897551878
1290.0603439830431,1.1891958,0.08966069,1.1709723292815548
1290.0739995062743,1.2774388,0.09440495,1.1712274390958883
1290.0876547657444,1.0936543,0.087866776,1.1714830579741136
1290.1013097614705,1.2350624,0.089053325,1.171743265141826
1290.1149644934667,1.0949452,0.09147175,1.1720109778666568
1290.1286189617492,1.1919212,0.090183176,1.1722911242332856
1290.1422731663315,1.1451372,0.09205513,1.1725856090609634
1290.155927107231,1.1315492,0.093666814,1.1728970602909827
1290.1695807844621,1.2673635,0.092685536,1.1732269621787235
1290.1832341980394,1.1196865,0.090679646,1.173573274264537
1290.1968873479793,1.2695447,0.09982545,1.1739370014440704
1290.2105402342963,1.2040642,0.092906594,1.174313074418206
1290.224192857006,1.3921084,0.09560762,1.174699689226133
1290.2375584174774,1.0567565,0.14199026,1.1750848190131287
1290.2378452161236,1.2111022,0.09362369,1.175093143799494
1290.251497311665,1.2875528,0.09411081,1.1754904799123296
1290.2515552863617,2.150068,0.16849387,1.1754921704088142
1290.2651491436438,1.2627573,0.096630245,1.1758896324191352
1290.2655518760907,1.0848715,0.12553072,1.1759014163895745
1290.2788007120766,1.2111088,0.08951735,1.1762890002911395
1290.2795481866815,0.74358916,0.107374564,1.1763108453260154
1290.2924520169786,1.2416341,0.09531779,1.1766876984207304
1290.2935442181515,0.74908096,0.10596805,1.1767195696678083
1290.3061030583651,1.0521417,0.0914213,1.1770852267688627
1290.307539970516,1.2058171,0.13984478,1.1771269653581
1290.3197538362504,1.2118427,0.09573628,1.177481047546537
1290.321535443792,1.345731,0.15005195,1.177532557154414
1290.333404350651,1.3762308,0.10246986,1.1778740453071999
1290.3355306379967,1.0986884,0.13330427,1.1779349705196533
1290.347054601581,1.1738058,0.09627804,1.1782629275226204
1290.3495255531468,1.3650764,0.13979325,1.178332339225026
1290.3607045890567,1.2728019,0.09487826,1.1786441629792745
1290.363520189259,1.0012015,0.12854733,1.178722089447293
1290.374354313093,1.1995139,0.09396485,1.1790154273802285
1290.3775145463494,1.4005644,0.14681032,1.1790992550568957
1290.3880037737042,1.3079131,0.09666191,1.1793724710855293
1290.3915086244353,1.3166814,0.13953641,1.179461423783574
1290.4016529709074,1.215696,0.093446776,1.1797114814803682
1290.405502423533,1.3199439,0.14228062,1.1798039373101912
1290.4153019047164,1.0568409,0.090252295,1.180031139218231
1290.4194959436595,1.0522932,0.13285239,1.1801237944318006
1290.428950575147,1.1828836,0.103636704,1.1803270575020435
1290.4334891848312,1.3899921,0.14191349,1.1804216514279235
1290.4425989822146,1.2019815,0.093320645,1.1806026090732005
1290.4474821470653,1.2122779,0.14329015,1.1806955853605956
1290.4562471259337,1.1920991,0.09282121,1.1808571779841162
1290.4614748303773,1.097702,0.12809066,1.1809501607791177
1290.4698950063203,1.4125524,0.10190858,1.1810954510938818
1290.4754672347851,1.0206181,0.1342724,1.1811892826089203
1290.4835426233892,1.2450304,0.09980592,1.1813217933723168
1290.4894593603049,1.0686715,0.12505083,1.1814172822160678
1290.497189977156,1.0308956,0.09373859,1.1815411644445533
1290.5034512069535,1.1818558,0.13605823,1.1816411965935132
1290.5108370676357,1.3855846,0.09676663,1.1817595023903487
1290.5174427747472,1.1573832,0.12956044,1.181866500955041
1290.524483894844,1.1410686,0.09438086,1.181982424477789
1290.531434063703,0.9963586,0.1241516,1.1820991656862556
1290.5381304587954,1.3121623,0.097004585,1.1822141582838024
1290.545425073838,1.2107097,0.1300878,1.18234281864608
1290.5517767595052,1.0397737,0.102749035,1.1824586859919828
1290.5594158051679,1.2474498,0.12867883,1.1826024682974887
1290.5654227969892,1.089541,0.09127023,1.1827191413585079
1290.57340625771,1.1348329,0.13185687,1.1828791513386632
1290.579068571262,1.3175336,0.09661964,1.182995615015033
1290.587396431481,1.375307,0.13566288,1.1831736910820416
1290.5927140823399,1.2894576,0.09679812,1.1832915923837413
1290.601386326497,1.2217588,0.1316712,1.1834886367677344
1290.606359330237,1.2266294,0.09228354,1.1836045360708884
1290.6153759427757,1.0735747,0.13070932,1.1838216790518776
1290.6200043149684,1.112697,0.09010696,1.1839362611222162
1290.6293652803329,0.8731192,0.12869489,1.1841738356306744
1290.6336490365504,1.2146806,0.09589714,1.1842856433520255
1290.6433543391852,1.2347513,0.12891147,1.1845447972407759
1290.6472934949975,1.1713023,0.09186983,1.1846518690585799
1290.6573431193497,0.91422606,0.12813872,1.184932827432169
1290.6609376903255,1.2694355,0.094650865,1.185036179879938
1290.6713316208427,1.3929642,0.14019588,1.1853397147497677
1290.6745816225489,1.3129377,0.09426765,1.185436200344463
1290.6853198436813,1.3041282,0.14310771,1.1857638050379127
1290.6882252916828,1.1950612,0.09692674,1.1858541200191126
1290.6993077878822,1.2762091,0.13508861,1.1862050248698277
1290.7018686977435,1.1759206,0.09334111,1.186288327036675
1290.713295453461,1.1203849,0.12914439,1.1866656507237243
1290.715511840745,1.1773255,0.09258785,1.186739870140478
1290.7272828404355,1.117569,0.13300827,1.1871441722931806
1290.7291547207033,1.1504718,0.0917036,1.187210050361846
1290.7412699488223,1.3504026,0.13608666,1.187642789051673
1290.7427973376336,1.0169315,0.08453752,1.1876979173484299
1290.7552567786367,1.3777828,0.13729288,1.1881629144579937
1290.756439691551,1.0595639,0.091576554,1.188207853509162
1290.769243329897,1.1662956,0.13385588,1.188704128423045
1290.7700817824705,1.4093885,0.106587104,1.1887376875415518
1290.783229602619,1.2607669,0.13023394,1.1892702400515502
1290.7837236104074,1.2486705,0.094146214,1.189290534224172
1290.7972155968198,1.0260572,0.12299479,1.189859912910155
1290.797365175377,1.2022116,0.09171521,1.1898663782672076
1290.811006477394,1.3086334,0.10193209,1.190464278740015
1290.8112013125153,1.198002,0.15632021,1.1904729037661983
1290.8246475164747,1.3057705,0.09584881,1.191085043756586
1290.8251867497231,1.2915895,0.13349877,1.1911099445052766
1290.8382882926333,1.0800678,0.08943067,1.1917226146450306
1290.8391719084589,1.3236997,0.12871546,1.1917646337856793
1290.851928805885,1.1949103,0.09983873,1.1923736464471406
1290.85315678874,1.2168585,0.13534714,1.192432545646206
1290.8655690562462,1.338485,0.099720664,1.1930295960513444
1290.8671413905824,1.155382,0.13172548,1.1931051629326985
1290.879209043731,1.2756524,0.09295409,1.1936827664278487
1290.8811257140042,1.2663503,0.13832004,1.1937739408627532
1290.8928487683545,1.3374671,0.10060437,1.194323613870369
1290.8951097590195,1.1891499,0.12735213,1.194428325821044
1290.9064882301325,1.1259449,0.09637213,1.1949460312429527
1290.909093525647,1.1590006,0.12887636,1.1950606620544355
1290.9201274290797,1.0957179,0.09373916,1.195538826291145
1290.9230770139027,1.4407034,0.1391067,1.1956643640610818
1290.9337663652118,1.296539,0.09884159,1.1961007331767672
1290.9370602238034,1.3615395,0.1359972,1.1962301282596586
1290.9474050385438,1.1087481,0.1017587,1.1966248323758675
1290.9510431553654,1.1421155,0.12741116,1.196758356892428
1290.961043449091,1.240102,0.092087,1.1971092147815914
1290.9650258086058,1.2736332,0.1325381,1.197243637024175
1290.9746815968679,1.2080164,0.09140786,1.1975543428458573
1290.9790081835401,1.4750062,0.1379092,1.1976850696591212
1290.9883194818904,1.1345356,0.09609796,1.1979554926637106
1290.9929902801864,1.0179302,0.11768687,1.198085660271738
1291.0019571041732,1.2570945,0.0935533,1.1983190478793406
1291.0069720985603,1.321572,0.13326246,1.1984412963475273
1291.0155944637324,1.2551423,0.097221375,1.1986413118314874
1291.0209536386787,1.1443195,0.12420812,1.1987582817054485
1291.029231560582,1.1574136,0.09525476,1.1989281497624744
1291.034934900559,1.0078279,0.120685354,1.1990385199394706
1291.042868394738,1.2868065,0.0969573,1.1991811344421235
1291.0489158842158,1.3764076,0.13202593,1.1992825012163684
1291.056504966215,1.1363227,0.09408526,1.1994025458712163
1291.0628965896676,1.2401462,0.12691073,1.1994975988699497
1291.070141275029,1.20706,0.0970182,1.1995984833259556
1291.0768770169307,1.2433523,0.12939286,1.19968493360121
1291.0837773211942,1.3022338,0.0947755,1.1997684133590452
1291.090857166021,1.263604,0.12556188,1.1998490493984446
1291.097413104727,1.2881864,0.10009601,1.1999196622865262
1291.1048370369554,1.1752445,0.13013715,1.1999950239496553
1291.1110486256412,1.036968,0.09202005,1.2000542243713364
1291.1188166297504,1.134367,0.1207618,1.2001251805897222
1291.124683883953,1.1739093,0.09202539,1.2001766527444975
1291.1327959444234,1.0604162,0.12477122,1.200245271181787
1291.1383188796765,1.0778528,0.09542609,1.2002907253659396
1291.1467749809901,1.2907898,0.12702103,1.2003584671316188
1291.151953612828,1.2615063,0.09610132,1.2003991813638593
1291.1607537394675,1.3995107,0.13244872,1.2004677776159627
1291.165588083422,1.1802541,0.09541778,1.2005052421511149
1291.1747322198714,1.0461961,0.12047779,1.200575847733149
1291.1792222914742,1.178821,0.10062206,1.2006105105785168
1291.1887104222199,1.2236166,0.12280775,1.200683899115117
1291.192856236999,1.0756475,0.08983589,1.2007160621956852
1291.2026883465282,1.255503,0.12127314,1.200792589212465
1291.2064899200122,1.0473044,0.095444575,1.2008222532011181
1291.216665992814,1.144909,0.122055374,1.200901901219186
1291.220123340529,1.0906073,0.09864623,1.2009290629132254
1291.2306433610927,1.2296423,0.12885542,1.2010118374456784
1291.2337564985642,1.2812029,0.099396385,1.2010363670940236
1291.2446204513822,1.1348169,0.11655188,1.2011222188690622
1291.2473893941333,1.2649428,0.1052104,1.2011441426476146
1291.258597263698,1.5684261,0.1345956,1.2012330331259153
1291.2610220272509,1.1986367,0.0990862,1.2012523032457554
1291.2725737980575,1.3295897,0.12662782,1.2013442263914311
1291.2746543979324,1.1758857,0.10046477,1.20136079510439
1291.2865500544765,1.2479985,0.12518515,1.2014554698850375
1291.2882865061933,1.0532004,0.095773056,1.2014692534724145
1291.3005260329721,1.0660217,0.11783733,1.201566080511394
1291.3019183520482,1.2285373,0.105267026,1.201577062347174
1291.3145017335605,1.0860574,0.11739287,1.2016749030584941
1291.3155499355128,1.2018101,0.09927239,1.201682952234012
1291.3284771562587,1.37747,0.13338828,1.2017807785394725
1291.3291812566024,1.3324519,0.09873773,1.2017859182573458
1291.3424523010829,1.2720795,0.12419311,1.2018814110118126
1291.3428123153312,1.1766914,0.09260659,1.2018839467602165
1291.3564271680505,1.1336372,0.11997423,1.2019759991652519
1291.356443111715,1.326943,0.09583546,1.201976101558244
1291.3700736457695,1.2948874,0.0999205,1.202061163102573
1291.370401757177,1.1122568,0.11805301,1.2020631563995305
1291.383703917508,1.3224813,0.09754498,1.2021383709221596
1291.384376068479,1.3333988,0.12536457,1.2021419751928197
1291.397333926948,1.1417795,0.09723918,1.2022085131116482
1291.398350101974,1.2154874,0.119943336,1.2022133016875103
1291.410963674103,1.1639249,0.09822735,1.2022709827712246
1291.4123238576778,1.2426686,0.12397674,1.2022769547010128
1291.4245931589887,1.1786174,0.09850065,1.20232785424216
1291.4262973356074,1.1010797,0.12837043,1.2023344897319275
1291.4382223816199,1.2158657,0.09310416,1.202379708133646
1291.4402705357797,0.9778459,0.11217751,1.2023872921921528
1291.4518513420123,1.365463,0.10128477,1.2024281054783514
1291.45424345821,1.2639072,0.12625311,1.2024363176373287
1291.465480040181,1.207875,0.09885224,1.202474260285939
1291.4682161029154,1.0198156,0.11582352,1.2024833349503827
1291.4791084761403,1.1362314,0.09543191,1.202519220051226
1291.4821884699134,1.2222288,0.12967962,1.2025293342759453
1291.4927366499066,1.2508148,0.09927931,1.2025641440780626
1291.4961605592193,1.1713196,0.1252516,1.20257560227455
1291.5063645614937,0.89985687,0.08917996,1.2026102027311187
1291.5101323708504,1.0701059,0.11717589,1.2026232031984787
1291.5199922109177,1.2529112,0.09755764,1.2026584596015661
1291.524103904823,1.4854537,0.13276628,1.2026736624401266
1291.5336195981936,1.1658641,0.098009735,1.2027101288254063
1291.538075161154,1.1266644,0.12251098,1.2027280344424172
1291.547246723336,1.1837592,0.09555611,1.202766474702457
1291.5520461398592,1.4802909,0.13457133,1.2027873549907346
1291.5608735863605,1.2788912,0.09675289,1.2028281355513448
1291.5660168409556,1.1266787,0.11941944,1.2028535080786187
1291.5745001872817,1.2408868,0.102027565,1.2028971017162813
1291.57998726446,1.1246475,0.11728246,1.2029266944244166
1291.588126526116,1.174893,0.09385972,1.2029730081890828
1291.5939574103884,1.3042417,0.13007097,1.2030079406516399
1291.6017526028768,1.2865503,0.10780318,1.2030567627713198
1291.6079272787579,1.2604028,0.12949517,1.2030970804878849
1291.6153784175804,1.2240326,0.09752121,1.2031474228368289
1291.6218968695846,0.9637904,0.11681447,1.2031928104480698
1291.629003970242,1.0658053,0.09306657,1.203243909187077
1291.6358661828854,1.2246919,0.1224375,1.2032943670273302
1291.6426292608755,1.195172,0.09719426,1.2033447947199218
1291.6498352186761,1.3851295,0.13393575,1.2033990380856265
1291.6562542894972,1.1531713,0.09340348,1.203447571999912
1291.6638039769744,1.0624858,0.11634583,1.203504499930362
1291.6698790561215,1.3750244,0.10294599,1.203549753696637
1291.677772457796,1.0417273,0.112314045,1.203607587961577
1291.6835035607644,1.1628145,0.1029449,1.2036486734697405
1291.6917406611574,1.0923742,0.13179685,1.2037057580545278
1291.69712780344,1.2805066,0.10059312,1.2037415901111168
1291.705708587076,1.2436376,0.11591015,1.2037959641852125
1291.710751784164,1.131519,0.09873449,1.2038260686873405
1291.719676235567,1.111289,0.12178897,1.2038761779894869
1291.7243755029513,1.1558964,0.09923334,1.203901180240148
1291.7336436066482,1.064668,0.11577181,1.2039459255470346
1291.737998959817,1.0599118,0.094944835,1.203964660016741
1291.7476107003356,1.1313524,0.11408197,1.2040031979426316
1291.7516221547767,1.359096,0.100448765,1.2040179663312447
1291.7615775166453,1.2773716,0.120949365,1.204049914948429
1291.7652450878447,1.2826787,0.104480155,1.2040604313684415
1291.7755440555943,1.2275536,0.11732662,1.2040870447969707
1291.7788677590365,1.1643256,0.095824145,1.2040945823649298
1291.789510317199,1.0871593,0.11786467,1.204116766986272
1291.7924901683677,1.0756963,0.09615425,1.2041225847347201
1291.8034763014764,1.0215014,0.10966753,1.204142750967319
1291.8061123158525,1.0606946,0.100639924,1.2041474795078706
1291.8174420084426,1.070913,0.11031614,1.2041682191857843
1291.8197342015064,1.1931031,0.100326024,1.204172497339954
1291.8314074381137,1.1856393,0.117202364,1.2041967845003925
1291.8333558253441,1.303501,0.10104951,1.2042011838636177
1291.845372590507,0.9720429,0.11108669,1.2042310324435128
1291.8469771873818,1.424306,0.10349893,1.2042357467606237
1291.8593374656386,1.2238774,0.1138762,1.2042746986108104
1291.8605982876334,1.1093028,0.09658872,1.2042789953824937
1291.8733020635248,1.19499,0.11588672,1.204328521651344
1291.8742191261147,1.1679637,0.097801596,1.2043325778400589
1291.8872663841823,1.1437831,0.10976045,1.2043943067111886
1291.8878397028402,1.1644238,0.1018937,1.2043971574522478
1291.9012304276278,1.3126233,0.11474692,1.2044730064504334
1291.901460017826,1.3402576,0.10461007,1.2044744018752371
1291.915080071086,1.4013718,0.102729596,1.204562493379009
1291.915194193878,1.1494715,0.115487374,1.2045633064500594
1291.9286998626358,1.2740388,0.1043769,1.204662218820426
1291.9291576829487,1.1537548,0.11157355,1.2046656981354467
1291.9423193924908,1.2381791,0.11079529,1.204771166411435
1291.9431208948574,1.112414,0.11124698,1.2047779212599186
1291.9559386606659,1.2914732,0.10197929,1.2048883899561562
1291.9570838296195,1.2951812,0.120818935,1.2048984386251602
1291.969557667176,1.2587594,0.10326508,1.205012398045028
1291.9710464872517,1.2094223,0.1198346,1.2050262924268933
1291.9831764120358,1.2530998,0.107100084,1.2051412675485234
1291.9850088677715,1.170985,0.11462335,1.2051590262713272
1291.9967948952615,1.2827048,0.10251765,1.2052740845046979
1291.998970971195,1.3044902,0.11155489,1.2052954962884028
1292.0104131168673,1.2992206,0.10185351,1.2054091621266174
1292.0129327975371,1.1565185,0.11197257,1.2054344018515735
1292.0240310768681,1.3550332,0.10824108,1.205545968809217
1292.0268943468168,1.2176498,0.10926918,1.2055748594760485
1292.0376487752799,1.2924994,0.110666655,1.205684099127556
1292.0408556190484,1.3100576,0.12021135,1.2057168316225597
1292.0512662121166,1.4545995,0.11341658,1.2058236602330477
1292.0548166142503,1.3465736,0.11228049,1.2058603913511634
1292.0648833873947,1.2787164,0.10956015,1.2059652423347242
1292.0687773324378,1.2320899,0.112214826,1.2060060595701652
1292.078500301128,1.2258146,0.10786489,1.2061091897562233
1292.0827377736273,1.2080132,0.11409296,1.2061548070051662
1292.0921169533324,1.1238667,0.10495489,1.2062567039859253
1292.0966979378359,1.4065355,0.11485436,1.2063070599757981
1292.1057333440226,1.4164808,0.11254194,1.2064079366906497
1292.11065782508,1.2704344,0.1130599,1.2064636844766647
1292.1193494732133,1.4272681,0.11497523,1.206563330232776
1292.1246174353757,1.1625718,0.11097548,1.2066245180318347
1292.1329653409202,1.2360003,0.1035214,1.2067224069567468
1292.1385767687395,1.2651576,0.11460681,1.2067886846276623
1292.146580947158,1.341485,0.11146121,1.2068839107050864
1292.1525358251888,1.3224539,0.11355312,1.2069549286245649
1292.1601962919424,1.3539943,0.112245545,1.2070461492262896
1292.1664946047388,1.220249,0.10802634,1.2071208208945443
1292.1738113752874,1.1693194,0.09824177,1.20720688523653
1292.1804531074067,1.2420404,0.10764478,1.207283926107546
1292.1874261972089,1.5782554,0.1158974,1.2073633125646914
1292.1944113332088,1.3117509,0.120670885,1.2074411687479092
1292.2010407577216,1.1820815,0.10459901,1.2075133569093244
1292.2083692821614,1.4119332,0.11917571,1.2075909204134418
1292.2146550568402,1.1514196,0.10792582,1.2076551660860493
1292.2223269542815,1.3688849,0.1118962,1.2077309193922197
1292.2282690945808,1.2178938,0.10315262,1.2077876157648828
1292.2362843495848,1.2082065,0.11248574,1.2078615813421294
1292.2418828709576,1.1023294,0.09955956,1.2079118638509758
1292.2502414680891,1.2462012,0.110561125,1.2079841281500099
1292.255496385986,1.4796969,0.12503517,1.208028195036817
1292.2641983098092,1.3884871,0.113815606,1.208100091802118
1292.269109639681,1.3401736,0.111376,1.2081401791193227
1292.278154874762,1.2122343,0.11122029,1.2082134910129612
1292.2827226320571,1.2749578,0.109420955,1.2082505909828705
1292.292111162965,1.0651134,0.10595937,1.208327789807687
1292.29633536313,1.2940546,0.109148666,1.2083633214578113
1292.3060671744338,1.1653161,0.117834814,1.208447410253522
1292.3099478329152,1.1534041,0.10275098,1.2084817828715055
1292.3200229091854,1.1903244,0.11022413,1.2085753230726346
1292.3235600414264,1.4127532,0.109561324,1.2086101095619253
1292.3339783672352,1.0742414,0.1045245,1.208716015785141
1292.3371719886795,1.1780095,0.10838048,1.2087495549648035
1292.3479335486008,1.2867821,0.11930174,1.2088702370387998
1292.3507836746896,1.2461898,0.106550485,1.2089036238859792
1292.3618884532982,1.2868317,0.11792817,1.2090388206053204
1292.3643950994713,1.2802494,0.10387972,1.2090709062564704
1292.3758430813436,1.3421459,0.11679268,1.2092224024799512
1292.3780062630403,1.286,0.11446255,1.2092518038319402
1292.3897974327535,1.1790763,0.1221945,1.2094181385145977
1292.3916171654107,0.9715281,0.09941283,1.2094447794151388
1292.4037515075452,1.0829707,0.10744861,1.209625311065987
1292.4052278065988,1.2437873,0.10103578,1.2096475700723954
1292.4177053057342,1.2288319,0.11293623,1.2098412890819212
1292.4188381866186,1.2508184,0.10432705,1.2098591665253302
1292.431658827337,1.2317839,0.10807204,1.210063841324307
1292.4324483054852,1.3193418,0.12346065,1.2100766968255432
1292.4456120723705,1.2418116,0.108456075,1.2102921230338723
1292.446058163214,1.074243,0.10392026,1.2102994765099588
1292.4595650408512,1.2950037,0.109102726,1.2105243960253071
1292.4596677598197,1.1632581,0.10329181,1.210526125176573
1292.4732770953183,1.3384289,0.113188796,1.2107564580494954
1292.4735177327952,1.2300597,0.10999103,1.2107605505461536
1292.486886169723,1.0341103,0.109519675,1.2109908767478488
1292.4874701482188,1.3781456,0.12666692,1.2110010368086177
1292.5004949830507,1.3377497,0.110507034,1.2112296351500484
1292.5014222871387,1.1060833,0.104459845,1.2112462005902134
1292.514103535315,1.091913,0.11387347,1.2114747082920951
1292.5153741495715,1.1841445,0.106953084,1.211497844207015
1292.527711826532,1.4257284,0.113980845,1.211726340022952
1292.5293257355331,1.027759,0.10007149,1.2117568953270335
1292.5413198567157,1.3384025,0.10788001,1.2119865400316778
1292.5432770450411,1.1158795,0.10740167,1.2120244041219785
1292.554927625882,1.107493,0.09946554,1.2122559019469294
1292.5572280781103,1.1820207,0.11085766,1.212302478809316
1292.5685351340464,1.2729819,0.10925141,1.2125350019990588
1292.571178834758,1.306948,0.110369526,1.212590542678757
1292.5821423812217,1.1315098,0.104595594,1.2128248999942275
1292.5851293150006,1.2598345,0.110004656,1.2128896744508681
1292.595749367425,1.2427937,0.11165274,1.2131243546432606
1292.5990795188548,1.2245846,0.1152844,1.21319972109621
1292.6093560926709,1.3426802,0.10962057,1.2134346971313115
1292.6130294463367,1.1647835,0.106467545,1.213519645273869
1292.6229625569742,1.2076175,0.10317783,1.2137541110902612
1292.626979097463,1.304033,0.118109174,1.213850379778188
1292.6365687603493,1.0013361,0.10738831,1.2140830284043747
1292.6409284722492,1.2391015,0.11064732,1.2141903499023288
1292.650174702812,1.2461245,0.11489055,1.2144209773167094
1292.654877570713,1.2473366,0.10805844,1.2145396009639342
1292.663780384377,1.0283182,0.104777776,1.2147674215409665
1292.6688263928702,1.2611313,0.11707758,1.2148985572219826
1292.6773858050597,1.3066863,0.110401586,1.2151232206194655
1292.682774938737,1.0374111,0.11004788,1.2152661888192196
1292.6909909648748,1.3149886,0.11268834,1.2154870574757926
1292.6967232083302,1.2123266,0.10917954,1.2156432315208714
1292.7045958638369,1.2415833,0.10816285,1.2158598546205512
1292.710671201666,1.1857562,0.10611344,1.2160287793287656
1292.7182005019617,1.2330225,0.109359756,1.2162401114172243
1292.724618918761,1.2477392,0.10539696,1.2164218197360763
1292.731804879264,1.3006272,0.118636854,1.2166273163617745
1292.7385663596312,1.2477711,0.112426676,1.2168220317724903
1292.745408995759,1.320033,0.109635755,1.2170202018612233
1292.7525135242936,1.2037749,0.10795796,1.2172270089906168
1292.7590128514605,1.1892748,0.11310005,1.2174169835627482
1292.7664604127642,1.1068075,0.099545844,1.2176354931883033
1292.7726164463847,1.286621,0.10839046,1.217816460708131
1292.7804070250593,1.4245543,0.11309523,1.2180457232683877
1292.7862197805468,1.2159408,0.1066524,1.2182168653152994
1292.794353361196,1.1397896,0.10523618,1.2184562836653539
1292.7998228539611,1.512445,0.11842078,1.2186170931194935
1292.8082994211902,1.2218693,0.107342504,1.218865960225409
1292.8134256666424,1.1284695,0.10960962,1.2190161765238747
1292.822245205058,1.204586,0.10455285,1.2192739733890559
1292.827028218607,1.3051983,0.10784722,1.2194134384322286
1292.836190712816,1.1298106,0.104424015,1.219679702313629
1292.8406305098683,1.1283737,0.10916668,1.2198081861492718
1292.8501359444815,1.1928506,0.10652341,1.2200824160689738
1292.8542325404421,1.234573,0.114282675,1.2202002964137146
1292.8640809000692,1.2865604,0.10734475,1.2204818660344117
1292.867834310343,1.2771597,0.11525838,1.2205885470790971
1292.878025579597,1.1428202,0.10180438,1.2208766782791738
1292.8814358195866,1.164897,0.10972888,1.2209724309387409
1292.8919699830808,1.3349736,0.113067396,1.2212653220457128
1292.8950370681873,1.174991,0.10718933,1.221349880256641
1292.9059141105367,1.2345226,0.10478285,1.2216462613646448
1292.9086380561603,1.2368134,0.11167245,1.2217189741815007
1292.9198579619817,1.0513211,0.1060952,1.222015537406446
1292.922238783521,1.1479118,0.10947595,1.2220777828028315
1292.9338015374315,1.1716233,0.10182606,1.2223722636602488
1292.9358392502834,1.2095214,0.112577446,1.2224229044735664
1292.9477448369025,1.1014467,0.106612556,1.2227133129847707
1292.949439456463,1.104298,0.1069687,1.2227538652494077
1292.9616878604118,1.2299572,0.10070711,1.2230357211214413
1292.9630394020755,1.0785004,0.108004406,1.2230660322680766
1292.975630607975,1.0309149,0.10478251,1.2233392403866827
1292.9766390871348,1.1076936,0.10724366,1.2233599693276802
1292.9895730796095,1.4388547,0.1063359,1.2236198548899808
1292.9902385116563,1.1433218,0.10253511,1.2236328697306045
1293.0035152753305,1.1810603,0.096765526,1.2238779518116973
1293.003837675655,1.1122994,0.09755055,1.2238835789425098
1293.0174365791459,0.91863114,0.09295047,1.2241121260549304
1293.017457195155,1.2145964,0.10014678,1.224112463126259
1293.0310352221436,1.0681404,0.098280594,1.2243145402701248
1293.0313988390994,1.1431669,0.0994171,1.224319640423921
1293.0446336046634,2.606491,0.1446552,1.2244931460397108
1293.04534020718,1.1575258,0.09746594,1.2245013159727525
1293.0582317267208,0.61155605,0.075317636,1.224643163159416
1293.059281299413,1.2109436,0.10616178,1.2246539575178255
1293.073222115815,1.2109678,0.10756861,1.2247772851086454
1293.087162656402,1.1111097,0.09734831,1.2248726267823795
1293.1011029211909,1.2167313,0.10088464,1.2249356988644926
1293.1150429101979,1.1044177,0.10117467,1.224971277489574
1293.1289826234392,1.2135247,0.100593604,1.224978817995914
1293.142922060931,1.1340561,0.09973521,1.2249590063971774
1293.1568612226904,1.1751962,0.09891348,1.2249165845895225
1293.1708001087331,1.0837072,0.09498182,1.2248524121765627
1293.184738719075,1.1303383,0.10515331,1.224772382840366
1293.1986770537342,1.0150974,0.09458744,1.2246808170104895
1293.2126151127252,1.2201259,0.09920871,1.2245826097801253
1293.2265528960652,1.0948837,0.10024282,1.2244839809060917
1293.2404904037708,1.4312649,0.103191555,1.2243905379052744
1293.2544276358576,1.0814649,0.09858487,1.2243078789897859
1293.2683645923428,1.2342415,0.10456386,1.2242394180012788
1293.2823012732422,1.2304566,0.10644115,1.2241916110459017
1293.2962376785717,1.1535594,0.10031118,1.224164655690336
1293.310173808349,1.1773973,0.09762609,1.2241615411447493
1293.3241096625893,1.1941162,0.100248575,1.2241845967920035
1293.3380452413091,1.1099966,0.09945616,1.2242320464694876
1293.3519805445253,1.1563461,0.097544074,1.2243068286309675
1293.365915572254,1.2793665,0.09697528,1.224406134372442
1293.3798503245112,1.3092031,0.10095645,1.2245284646765398
1293.3937848013131,1.0691612,0.09500314,1.224673574405372
1293.4077190026767,1.2483898,0.09866246,1.2248358506963104
1293.421652928618,1.3178263,0.104606524,1.225012793686583
1293.435586579153,1.211918,0.09695524,1.2251988622726817
1293.4495199542991,1.318187,0.103853986,1.2253889320450502
1293.4634530540716,1.2150388,0.099552915,1.2255777375766987
1293.4773858784868,1.161415,0.09608396,1.225760889851597
1293.4913184275617,1.1228578,0.09600044,1.225934593640336
1293.5052507013122,1.1717054,0.09904909,1.2260957131713703
1293.5191826997548,1.0828701,0.09654036,1.226244134571885
1293.5331144229058,1.2559644,0.099434614,1.226378346573496
1293.547045870781,1.267474,0.10178339,1.2265008142064275
1293.5609770433978,1.2890573,0.09619877,1.226613616893074
1293.5749079407708,1.2483562,0.09779592,1.2267191628465905
1293.588838562919,1.1488944,0.0945227,1.2268214268728022
1293.6027689098553,1.4944552,0.10326649,1.2269232624060988
1293.6166989815988,1.2892162,0.099887386,1.2270278187828445
1293.6306287781651,1.2005184,0.09508806,1.227137332259651
1293.6445582995696,1.3558875,0.10981952,1.2272553530639665
1293.6584875458293,1.1589801,0.099172555,1.2273826842847697
1293.672416516961,1.1718751,0.103585914,1.2275213545403332
1293.68634521298,1.2731783,0.09956915,1.2276727617035492
1293.7002736339025,1.1477008,0.10258449,1.2278364261351735
1293.7142017797464,1.1554332,0.10312106,1.228014287792001
1293.7281296505266,1.1706898,0.10276166,1.228205092984193
1293.742057246259,1.10786,0.090466686,1.2284089741279771
1293.7559845669616,1.1326733,0.10340418,1.228626964603708
1293.7699116126494,1.2695788,0.10577075,1.2288578148643161
1293.7838383833387,1.2309749,0.09995513,1.229103496913591
1293.7977648790463,1.1916908,0.10646587,1.2293645341758
1293.811691099788,1.3766818,0.107907735,1.2296416713655571
1293.825617045581,1.1456708,0.1026126,1.2299392541033112
1293.8395427164405,1.3402221,0.10173698,1.2302566096263152
1293.8534681123833,1.2638491,0.10051674,1.2305968668056235
1293.8673932334254,1.2890671,0.10148499,1.2309607286406141
1293.881318079584,1.2165143,0.09687577,1.2313457795769283
1293.8952426508745,1.0544832,0.09924951,1.2317523541725774
1293.909166947313,1.2502633,0.10398844,1.2321741520157412
1293.923090968916,1.3385938,0.10516218,1.2326069191731333
1293.9370147157001,1.2548945,0.10211328,1.2330447969418592
1293.950938187682,1.0451919,0.100684084,1.2334814818169377
1293.9648613848763,1.2943318,0.09454449,1.2339105042085197
1293.9787843073009,1.242241,0.09940264,1.2343263454006372
1293.9927069549713,1.0468627,0.09129649,1.234724660346295
1294.0066293279037,1.2036022,0.10073518,1.2350982750907882
1294.0205514261152,1.0398092,0.0949322,1.2354463902622252
1294.0344732496212,1.2194965,0.10120545,1.2357634334037841
1294.048394798438,1.0776991,0.09389893,1.2360470974122497
1294.0623160725825,1.2474132,0.09462066,1.2362972965508696
1294.0762370720702,1.1519464,0.09538178,1.236505510187769
1294.090157796918,1.1393219,0.102107264,1.2366733648096089
1294.1040782471418,1.2317116,0.097071566,1.23679325301075
1294.1179984227576,1.30324,0.09963882,1.236857282557067
1294.1319183237824,1.2468987,0.099851176,1.2368675542579288
1294.145837950232,1.0018789,0.10090816,1.236815555644321
1294.159757302122,1.2231815,0.09723481,1.2367055059702714
1294.1736763794697,1.3063816,0.09841909,1.236533300653154
1294.187595182291,1.2023661,0.09768317,1.236284915096389
1294.2015137106025,1.1265403,0.09215906,1.2359570552320014
1294.215431964419,1.0593115,0.09053199,1.2355263778338461
1294.2293499437585,1.198493,0.09307233,1.2349847093475388
1294.2432676486367,1.2378738,0.09633272,1.2343276943679617
1294.2571850790691,1.1002392,0.09108423,1.2335356737330698
1294.2711022350727,1.259645,0.09912434,1.2326254186785226
1294.2850191166633,0.96736395,0.08766672,1.2315908462280312
1294.298935723858,1.26339,0.095545314,1.2304383617470025
1294.3128520566718,1.2128353,0.09218419,1.229182437766473
1294.3267681151215,1.0858958,0.09262849,1.227815624117499
1294.340683899224,1.1972009,0.09143788,1.226359053921246
1294.354599408994,1.1456848,0.0927031,1.224816099780526
1294.3685146444486,1.1709585,0.09155948,1.223193528180233
1294.3824296056046,1.2688355,0.093861,1.2215084657411324
1294.3963442924774,0.9532982,0.08759607,1.219766376076934
1294.4102587050832,1.0965192,0.08784027,1.2179875038814423
1294.424172843439,1.2841746,0.09464544,1.2161874351530106
1294.43808670756,1.1503694,0.09398118,1.2143839077325393
1294.452000297463,1.2358704,0.09252809,1.2125922875913926
1294.4659136131643,1.1438155,0.095076084,1.2108255415542304
1294.4798266546795,1.2025967,0.0943819,1.209090242328724
1294.4937394220253,1.3116026,0.0937565,1.2073869084927356
1294.507651915218,1.1662792,0.10014349,1.2057194178417634
1294.5215641342736,1.3192135,0.09499305,1.2040821010045981
1294.5354760792086,1.361807,0.098086946,1.2024774506059048
1294.5493877500385,1.2206284,0.09567879,1.2009078994835576
1294.56329914678,1.2594056,0.10088124,1.1993739280840827
1294.5772102694493,1.3183799,0.09542462,1.1978839914873745
1294.5911211180626,1.3469818,0.09395299,1.196435019028788
1294.605031692636,1.1047871,0.090017214,1.195030119443048
1294.6189419931857,1.2957909,0.09930042,1.1936719178507087
1294.6328520197283,1.2170025,0.088758096,1.192356190985821
1294.6467617722792,1.2953234,0.100606576,1.1910880826656043
1294.6606712508553,1.2476331,0.0935931,1.1898629602023432
1294.6745804554723,1.1632069,0.09086787,1.1886802070853582
1294.6884893861468,1.132845,0.08934351,1.187542079741437
1294.7023980428944,1.1522537,0.0927055,1.1864424525132513
1294.7163064257313,1.248013,0.09539001,1.1853838480791223
1294.7302145346746,1.0929955,0.10382603,1.1843625395039585
1294.7441223697401,1.1744379,0.08792057,1.183375525094034
1294.7580299309434,1.2325644,0.09465805,1.182424908093093
1294.7719372183014,1.0311195,0.0864683,1.1815040659528393
1294.78584423183,1.2174475,0.09249755,1.1806133751188128
1294.7997509715447,1.2411975,0.09111681,1.1797502599870269
1294.8136574374628,1.3429226,0.09701586,1.1789111376420187
1294.8275636296003,1.0894847,0.09300112,1.178097991546557
1294.841469547972,1.1537135,0.08593386,1.1773063564569477
1294.855375192596,1.3570167,0.092509724,1.1765369095906855
1294.8692805634873,1.1674476,0.089285344,1.1757899611180027
1294.883185660662,1.1508559,0.09189123,1.175063455906174
1294.8970904841367,1.208162,0.08909324,1.1743601128098407
1294.910995033928,1.0457655,0.09180359,1.1736776703173408
1294.9248993100514,1.3097687,0.09582692,1.1730163425221278
1294.9388033125229,1.350341,0.09120555,1.1723767043822215
1294.9527070413587,1.2074906,0.09613929,1.1717552548181984
1294.9666104965754,1.1559094,0.090047,1.1711518549934201
1294.9805136781893,1.1163502,0.08946241,1.1705623286481683
1294.9944165862155,1.1706907,0.09009715,1.169983122341458
1295.0083192206712,1.2305983,0.096255645,1.169410615796502
1295.0222215815722,1.0678966,0.09154968,1.1688397430073252
1295.0361236689348,1.1824456,0.092596896,1.168266558119767
1295.050025482775,1.0418246,0.089841165,1.1676874401673516
1295.0639270231084,1.1906825,0.09369209,1.1671007157860338
1295.0778282899523,1.3631526,0.09906453,1.166504332623157
1295.0917292833217,1.2506034,0.091680154,1.1659005570652103
1295.1056300032333,1.1150922,0.08758332,1.1652913175172135
1295.1195304497035,1.102717,0.08942895,1.1646811088125355
1295.1334306227477,1.2148824,0.09655953,1.1640746952608578
1295.1473305223828,1.2008944,0.0956422,1.1634793898272333
1295.1612301486248,1.1924324,0.0932782,1.1629001394451832
1295.1751295014892,1.1532794,0.08955186,1.162343331355047
1295.1890285809927,1.3480843,0.096267976,1.161815247279633
1295.2029273871515,1.2235698,0.09147126,1.1613162217529018
1295.2168259199814,0.99396425,0.08412528,1.1608515117160676
1295.2307241794986,1.221449,0.09530413,1.1604170317339122
1295.2446221657192,1.184967,0.09058701,1.160010729780566
1295.2585198786592,1.1487314,0.09293795,1.1596300529106258
1295.272417318335,1.2530568,0.099383585,1.1592682920857322
1295.286314484763,1.1489489,0.09882149,1.1589233083294288
1295.3002113779585,1.0477319,0.0873417,1.1585906949208955
1295.314107997938,1.2187825,0.088611245,1.1582682170595942
1295.3280043447178,1.0797054,0.088388264,1.1579558916808623
1295.3419004183138,1.194506,0.085693784,1.1576526862554994
1295.3557962187422,1.184101,0.088056505,1.1573605558418218
1295.3696917460193,1.2758743,0.09280441,1.157080767346008
1295.3835870001606,1.195593,0.088332586,1.1568139307531338
1295.397481981183,1.0946927,0.088094965,1.156562835227968
1295.411376689102,1.0158373,0.08698912,1.156325169899949
1295.4252711239342,1.2593418,0.08801828,1.1561008871348422
1295.4391652856953,1.1472714,0.09025102,1.155887521223848
1295.4530591744015,1.2161981,0.08933001,1.1556817783498081
1295.4669527900683,1.2211974,0.08686668,1.1554812257197402
1295.4808461327134,1.0381331,0.08509677,1.1552821631703911
1295.4947392023514,1.0735292,0.082515694,1.1550822597821029
1295.5086319989987,1.1075311,0.08635644,1.1548798041850639
1295.522524522672,1.2708154,0.08960523,1.154674566188825
1295.5364167733867,1.1876526,0.08538115,1.154466780251524
1295.5503087511593,1.0804893,0.08687442,1.1542581365079905
1295.564200456006,1.1376946,0.087261386,1.1540505499485583
1295.578091887942,1.2488822,0.09095199,1.153846724246136
1295.5919830469845,1.1449685,0.08902687,1.153648601694332
1295.605873933149,1.127165,0.084130965,1.1534594357174772
1295.6197645464515,0.9877885,0.08254807,1.1532809042947014
1295.6336548869085,1.2167832,0.086845495,1.153114884743009
1295.647544954536,1.1904619,0.08907111,1.1529645739075984
1295.6614347493494,1.2601103,0.089247234,1.1528298515777395
1295.6753242713658,1.1579847,0.08365884,1.1527141449451963
1295.6892135206003,1.2830286,0.08801244,1.1526180256677823
1295.70310249707,1.217101,0.090903826,1.1525423010508158
1295.71699120079,1.0203971,0.08086919,1.1524910875749155
1295.730879631777,1.0252268,0.08206543,1.1524629607914314
1295.7447677900466,0.96682906,0.09091767,1.1524616065430842
1295.7586556756155,1.152138,0.08549528,1.1524876912741178
1295.7725432884988,1.0974628,0.0839922,1.1525406971890633
1295.7864306287133,1.1181157,0.08231019,1.1526253841418694
1295.8003176962752,1.2004107,0.08659511,1.1527381172646152
1295.8142044912001,1.1660188,0.084490575,1.1528817139550338
1295.8280910135038,1.1976819,0.09094503,1.1530565028651365
1295.8419772632035,1.131112,0.0873654,1.153260559997972
1295.8558632403144,1.1352149,0.08288642,1.153498865300024
1295.8697489448518,1.1123564,0.08762975,1.153766993481606
1295.8836343768332,1.0975813,0.08128862,1.154066550574656
1295.897519536274,1.1753583,0.08722392,1.1543969293585903
1295.9114044231908,1.356168,0.089312136,1.1547533163983663
1295.9252890375985,1.1748936,0.08486262,1.1551347548502433
1295.9391733795146,1.2847731,0.08684601,1.155531627672216
1295.9530574489536,1.2399138,0.08547379,1.1559360138167485
1295.9669412459323,1.2318474,0.08825874,1.1563352536133893
1295.980824770467,1.2013993,0.08795669,1.1567169965217823
1295.9947080225734,1.212415,0.09185366,1.1570624119072124
1296.0085910022676,1.0805527,0.08121974,1.1573591018803202
1296.0224737095657,1.0959377,0.0847739,1.1575933556710605
1296.0363561444835,1.1976342,0.08625868,1.1577479178641863
1296.0502383070375,1.0793529,0.08499105,1.157822896220424
1296.0641201972428,1.204566,0.090256296,1.1578028065306356
1296.078001815117,1.1976926,0.08501041,1.15769147065048
1296.0918831606743,1.0481495,0.08628108,1.157488998173212
1296.1057642339322,1.1589507,0.08598878,1.1571881413416627
1296.119645034906,1.2001019,0.08485976,1.1568019283881634
1296.133525563612,1.150251,0.08937281,1.156323177111572
1296.1474058200656,1.2350632,0.0908085,1.1557589141909697
1296.1612858042838,1.1868433,0.084982894,1.155111821604216
1296.1751655162814,1.4195817,0.09083705,1.1543708036810063
1296.189044956076,1.1671455,0.084198676,1.1535444325422914
1296.2029241236824,1.0858991,0.08251848,1.152620313076856
1296.216803019117,1.0911404,0.08627723,1.151598468789143
1296.2306816423954,1.0950446,0.088859476,1.1504815419764154
1296.2445599935347,1.0842887,0.08693058,1.1492570333561836
1296.2584380725498,1.0585748,0.086559676,1.1479406784994812
1296.2723158794565,1.2343857,0.0883622,1.146527391520761
1296.286193414272,1.2033969,0.0849604,1.1450232457439022
1296.300070677012,1.0491937,0.08297742,1.1434387512638018
1296.3139476676918,1.0638888,0.08193737,1.1417683876830789
1296.327824386328,1.1594658,0.084930964,1.1400312638498173
1296.3417008329363,1.1663997,0.097140625,1.1382299439544457
1296.3555770075327,1.0095881,0.07935099,1.1363746726261486
1296.3694529101333,1.0687801,0.0827875,1.1344776978935942
1296.3833285407545,1.3254492,0.0927186,1.1325412288663268
1296.3972038994114,0.98666865,0.08178412,1.1305743158128445
1296.4110789861209,1.2144248,0.08443201,1.128575425776418
1296.424953800898,1.0317024,0.08151364,1.1265410692378197
1296.4388283437595,1.0680857,0.0820989,1.1244705715371237
1296.4527026147211,1.2088996,0.084352255,1.1223542607814936
1296.4665766137994,0.9726118,0.10416232,1.1201944632901066
1296.4804503410091,0.9493247,0.10731056,1.1179878504244167
1296.494323796367,0.99417716,0.07770497,1.115732779280688
1296.5081969798896,1.1737674,0.0842796,1.113435112829121
1296.5220698915914,1.0431173,0.08007029,1.1110918513119263
1296.53594253149,1.1473131,0.08348676,1.1087121000728475
1296.5498148995998,1.0312954,0.078864746,1.10630020059996
1296.5636869959378,1.139359,0.08540749,1.1038635072273741
1296.5775588205197,1.211693,0.08359588,1.1014139659954463
1296.5914303733623,1.2417636,0.090897635,1.0989636615223224
1296.60530165448,1.0419762,0.0858779,1.0965283681206868
1296.6191726638895,1.1118374,0.08192605,1.0941239415943185
1296.6330434016072,1.0926871,0.08114125,1.0917701320210267
1296.6469138676487,0.9170398,0.074812025,1.0894740602204682
1296.6607840620295,1.0619984,0.083376415,1.087252203065346
1296.6746539847668,1.0862942,0.08034561,1.0851038045077026
1296.688523635875,1.1721665,0.08762557,1.0830304497767809
1296.702393015371,0.9510761,0.08012754,1.0810392950944987
1296.7162621232706,1.1850588,0.085764654,1.0791244194778042
1296.7301309595896,0.96214634,0.08283202,1.077300699569434
1296.7439995243449,0.9084289,0.07409599,1.075567503557476
1296.7578678175507,1.0907946,0.08277794,1.073926870832955
1296.7717358392244,1.3316259,0.08778981,1.0723862034973257
1296.7856035893815,1.1234037,0.08821338,1.0709307211687893
1296.799471068037,1.0474341,0.07774593,1.069565686740403
1296.813338275209,0.991092,0.08180958,1.0682819332425608
1296.8272052109112,1.131288,0.07974572,1.0670745965263326
1296.8410718751609,1.0180962,0.07861243,1.0659487582633598
1296.8549382679737,0.99711967,0.0828979,1.064892532266619
1296.8688043893653,1.0668837,0.078275084,1.0639115698672914
1296.8826702393521,1.0140048,0.07665537,1.06300093205944
1296.8965358179498,1.1257588,0.07944736,1.0621570818018118
1296.9104011251738,1.2084496,0.08318625,1.0613865235025421
1296.9242661610413,0.9698177,0.0846723,1.0606787807444455
1296.9381309255673,1.0376077,0.077189624,1.0600387815970305
1296.9519954187672,1.0176822,0.080523126,1.0594624873731908
1296.9658596406584,1.2174381,0.08414109,1.0589459062835187
1296.9797235912554,1.1840384,0.07899157,1.0584956089008541
1296.9935872705753,1.1307055,0.08524435,1.0581025841359148
1297.0074506786339,0.95513165,0.074020855,1.0577725795070165
1297.0213138154459,1.0506186,0.081462696,1.0575050030065665
1297.0351766810284,0.9797165,0.07783992,1.0572983123876418
1297.0490392753966,1.1541299,0.08344377,1.0571640181322812
1297.0629015985674,1.1873931,0.08316428,1.0570958086376117
1297.0767636505554,1.2145686,0.08314122,1.0571034397379622
1297.090625431378,0.96149087,0.07975172,1.0571895596137881
1297.1044869410498,1.0475738,0.07971576,1.0573519173826642
1297.1183481795872,0.9976756,0.077957176,1.0576028575074587
1297.1322091470065,0.9771643,0.07771081,1.0579278007552986
1297.146069843323,1.0979486,0.07899891,1.0583264137577653
1297.159930268553,1.0363951,0.080906875,1.0587893216512367
1297.1737904227125,0.9614754,0.07454381,1.0593062339835924
1297.1876503058168,1.015242,0.0765925,1.059880176629812
1297.201509917882,0.9681015,0.07674247,1.0605000745896787
1297.2153692589245,1.049599,0.08336652,1.0611653831895185
1297.2292283289598,0.98882085,0.07996923,1.0618675099366746
1297.2430871280042,1.0478934,0.077095635,1.0625922001632917
1297.2569456560725,1.0795598,0.08150096,1.0633245233880604
1297.2708039131817,1.0274405,0.08132773,1.0640453301608668
1297.2846618993478,0.96963024,0.07776352,1.064736814263037
1297.2985196145858,0.98738635,0.080250904,1.0653816543985586
1297.3123770589123,1.1635479,0.08374188,1.065972030952343
1297.3262342323428,1.0392277,0.0799449,1.066487456032482
1297.340091134893,1.1356668,0.07937307,1.06693098233497
1297.3539477665795,1.1272498,0.0809883,1.067291122127693
1297.367804127418,1.1433518,0.08223015,1.0675623246799137
1297.3816602174236,1.1588019,0.08044778,1.067747877142442
1297.395516036613,1.0296956,0.08098001,1.0678298761746843
1297.409371585002,0.972923,0.075748876,1.067819767546826
1297.423226862606,1.1394049,0.08571089,1.067709155366791
1297.4370818694408,1.0848287,0.08149068,1.0674978407387625
1297.4509366055236,1.0673549,0.07839506,1.0671979451959077
1297.4647910708686,1.2826645,0.08628317,1.0668049115066511
1297.4786452654928,0.9887603,0.091278404,1.0663443235955077
1297.4924991894113,1.0092626,0.089673094,1.0658257958854693
1297.5063528426406,1.1001544,0.082771145,1.065266298131777
1297.520206225196,0.98230773,0.085015595,1.0646815864606256
1297.5340593370938,1.0784801,0.07851397,1.0640797774971484
1297.54791217835,1.1156131,0.08171122,1.06347038262805
1297.5617647489798,1.1864086,0.0855573,1.062857428079399
1297.5756170489994,1.0801218,0.08251557,1.062245159888086
1297.5894690784253,1.0606575,0.08755466,1.0616376522962514
1297.603320837272,1.0614837,0.08351457,1.0610406907504577
1297.617172325556,1.0971609,0.08096185,1.0604570272390306
1297.631023543294,0.9561576,0.07774656,1.0598908790055066
1297.644874490501,1.019439,0.080241874,1.0593457030403186
1297.6587251671929,1.0574,0.08236565,1.0588219331766822
1297.6725755733853,1.0680829,0.07904265,1.0583254131648983
1297.6864257090945,1.1510459,0.08420082,1.05785436382102
1297.7002755743367,1.0224019,0.07576773,1.0574120612387359
1297.7141251691269,1.0076549,0.084981054,1.05700018847795
1297.727974493481,0.97576183,0.0761343,1.0566170906668995
1297.7418235474156,1.1828842,0.07901995,1.0562682072067406
1297.7556723309458,1.0947247,0.07994058,1.0559496023045642
1297.7695208440878,1.0267856,0.07896407,1.0556640459277442
1297.7833690868574,1.0273358,0.087016284,1.0554127404131972
1297.7972170592702,0.9555629,0.07865823,1.0551937324988052
1297.8110647613423,1.1210725,0.085634895,1.0550135857474698
1297.8249121930899,1.0118289,0.07981143,1.0548683991785002
1297.8387593545276,0.9609762,0.0746327,1.0547621202742345
1297.8526062456729,1.2328713,0.08065127,1.0546966464924306
1297.8664528665402,1.1838561,0.0819683,1.0546698036220377
1297.8802992171456,1.0045673,0.07615396,1.0546892430025012
1297.8941452975055,1.145183,0.08392572,1.0547496653887483
1297.9079911076358,1.2427818,0.084557734,1.0548550947438153
1297.9218366475518,1.066572,0.07783876,1.0550065774697654
1297.9356819172692,1.0759994,0.079380386,1.0552010924296529
1297.949526916804,1.0179417,0.0815518,1.0554466894065229
1297.9633716461722,1.147737,0.07965416,1.0557370349601949
1297.9772161053897,1.0899376,0.08185149,1.0560765405388088
1297.991060294472,1.0777328,0.08238131,1.0564658978275934
1298.0049042134347,1.1560194,0.07964267,1.056901375087016
1298.018747862294,1.0892601,0.08106072,1.057389868233913
1298.0325912410665,1.0880201,0.08579214,1.057922060522848
1298.0464343497665,1.0396758,0.077152945,1.0584986911476162
1298.06027718841,1.0908095,0.07699039,1.059114666922283
1298.0741197570142,0.9393273,0.075208694,1.0597620391473532
1298.0879620555936,1.0614043,0.08195094,1.0604380811885625
1298.1018040841643,1.1146512,0.07777398,1.0611317840905954
1298.1156458427427,1.2130808,0.08207978,1.0618379398427988
1298.1294873313434,1.1670102,0.08206185,1.0625498868059027
1298.1433285499827,1.1585432,0.08042516,1.063262870048895
1298.1571694986767,1.0961977,0.07940522,1.0639735321166617
1298.1710101774418,1.210871,0.08237665,1.0646807248567973
1298.1848505862922,1.2204454,0.08270302,1.0653843823231577
1298.1986907252451,1.045534,0.08076587,1.0660865119814933
1298.2125305943157,0.9718097,0.07477233,1.06679040940991
1298.2263701935196,1.0490391,0.08026067,1.0675016499822536
1298.2402095228726,1.0510334,0.07764399,1.0682244713871096
1298.2540485823913,1.0737011,0.078412846,1.068965265322806
1298.2678873720904,1.0938929,0.08962095,1.0697289855676846
1298.2817258919865,0.9606095,0.08072305,1.070517901638448
1298.2955641420945,1.1212345,0.07947591,1.0713384368760885
1298.3094021224313,1.039367,0.08024427,1.0721878010300567
1298.3232398330122,1.1820031,0.07946848,1.0730694750077492
1298.3370772738524,1.171927,0.086740054,1.0739821248771115
1298.350914444968,1.126671,0.08094651,1.0749236419287282
1298.3647513463752,1.0838833,0.0805799,1.0758962468554316
1298.3785879780894,1.1526157,0.08369121,1.076894560839573
1298.3924243401264,1.0923259,0.07889102,1.0779197713731872
1298.406260432502,0.96372896,0.07765497,1.0789689140244552
1298.4200962552322,0.93763345,0.07940545,1.0800393132681507
1298.4339318083323,1.1254864,0.08796137,1.0811304541686988
1298.4477670918186,1.2406707,0.08295646,1.0822365100346436
1298.4616021057063,1.0765225,0.07810501,1.0833548831512938
1298.4754368500116,1.2608732,0.085541435,1.0844793967161401
1298.4892713247502,1.0117148,0.08415596,1.085604875579485
1298.5031055299376,1.1601481,0.08590523,1.0867247770755772
1298.5169394655898,0.99377763,0.07723127,1.0878322135800234
1298.5307731317218,1.01978,0.07829159,1.0889145757639334
1298.5446065283506,1.0990846,0.078836426,1.0899579929555743
1298.5584396554916,0.99775374,0.07918053,1.0909470891649866
1298.57227251316,1.013854,0.08038845,1.0918564720310082
1298.586105101372,1.122797,0.07820567,1.092679286332421
1298.5999374201429,1.0569416,0.08466006,1.093390366357549
1298.6137694694883,0.9332078,0.07551178,1.093988761619886
1298.6276012494254,1.0776699,0.07935799,1.0944723344497798
1298.6414327599684,1.0783159,0.0798533,1.0948342736602725
1298.6552640011337,1.0950714,0.08164635,1.095092095603231
1298.669094972937,1.0798653,0.07956519,1.0952374182320592
1298.6829256753938,1.126348,0.08081166,1.0952858928036615
1298.6967561085198,1.1925449,0.08172037,1.0952412214929086
1298.7105862723313,0.96754116,0.08517504,1.095104463245551
1298.7244161668439,1.149568,0.086765446,1.0948905475251867
1298.7382457920721,1.254282,0.08471162,1.0945951195807602
1298.7520751480333,1.177507,0.08284255,1.0942329199885208
1298.7659042347425,1.3106965,0.084228136,1.0938084688631173
1298.7797330522153,0.9927393,0.07741689,1.0933274273357079
1298.7935616004672,1.1820059,0.08071269,1.0928028973693644
1298.8073898795153,1.2734272,0.08833518,1.09223868520547
1298.8212178893739,1.0892749,0.07850357,1.0916500816727845
1298.8350456300589,1.1290956,0.08128656,1.091048181503462
1298.8488731015864,0.98740596,0.07479737,1.0904506105170064
1298.862700303972,1.233726,0.083574586,1.0898759861424738
1298.8765272372311,1.1136094,0.083847396,1.0893555526483434
1298.8903539013802,1.1275995,0.08182998,1.0889092222524315
1298.904180296434,1.0319253,0.076117836,1.0885643096399564
1298.918006422409,1.0645477,0.08114974,1.0883405659311005
1298.9318322793208,1.0406073,0.07699827,1.088236380596218
1298.945657867185,0.98574734,0.07707591,1.0882750471074092
1298.959483186017,1.2585801,0.081873015,1.0884379690740211
1298.9733082358332,1.1444201,0.079971604,1.088738074398949
1298.987133016648,1.1033945,0.07892562,1.0891767208463015
1299.0009575284787,1.0213081,0.07795625,1.0897444441853814
1299.0147817713403,0.99900967,0.07472287,1.090454475348845
1299.0286057452483,1.0923007,0.07929826,1.0912754892145984
1299.042429450218,1.1369641,0.07899751,1.0922039307456166
1299.0562528862665,1.1058981,0.080243394,1.093219468696753
1299.0700760534082,1.0896271,0.077289104,1.0943030944310892
1299.0838989516594,1.1841639,0.0804378,1.0954462715908235
1299.0977215810353,1.0899628,0.08129369,1.0966291489735631
1299.1115439415523,1.1620358,0.07918018,1.0978463630525566
1299.1253660332256,1.1210446,0.07997126,1.0990900221678401
1299.1391878560712,1.0879165,0.07913918,1.1003562765703307
1299.1530094101042,1.1460128,0.080546364,1.1016466519061057
1299.1668306953409,1.1331497,0.079604,1.1029588010668459
1299.1806517117968,0.98912627,0.07626294,1.104297266127097
1299.1944724594873,1.0556998,0.0805756,1.1056620491540456
1299.2082929384287,1.0629963,0.082488135,1.107053092312015
1299.2221131486356,1.0270315,0.079399295,1.1084704707345818
1299.235933090125,1.0717403,0.077433825,1.1099067001472358
1299.249752762912,0.97928727,0.08125288,1.1113573138924695
1299.2635721670122,1.0572046,0.07683177,1.1128128687988372
1299.277391302441,1.1542186,0.08054935,1.1142662622085797
1299.291210169214,1.058535,0.07955062,1.115709127007215
1299.3050287673475,1.1275026,0.083056994,1.1171363201370619
1299.3188470968573,1.0086795,0.082311936,1.1185383940061144
1299.3326651577581,1.0102617,0.0803357,1.1199110231487173
1299.3464829500667,0.92425406,0.07389979,1.1212464826663442
1299.3603004737977,1.0363945,0.084096044,1.1225358690414853
1299.3741177289673,1.1720091,0.0859143,1.1237781347955746
1299.3879347155912,1.0951252,0.08246416,1.124961675465022
1299.401751433685,1.0707653,0.08305233,1.1260925288500834
1299.415567883264,0.9240719,0.07490637,1.1271694255986506
1299.4293840643445,1.0884767,0.08225059,1.1281951037362856
1299.4431999769415,1.0646886,0.076086104,1.1291768133819042
1299.4570156210714,1.0881547,0.079589985,1.1301090217660128
1299.4708309967493,1.1127989,0.08404877,1.1309981394654252
1299.4846461039904,1.1343185,0.079440296,1.131838282549133
1299.4984609428116,1.1675413,0.08228687,1.1326262062699133
1299.5122755132277,1.1584642,0.08403372,1.1333617594176397
1299.5260898152544,1.1712353,0.082985945,1.134032450583408
1299.5399038489072,1.1244681,0.0825955,1.1346429501771842
1299.5537176142022,1.1095965,0.08619217,1.1351823490626705
1299.5675311111547,1.1421504,0.08466793,1.1356478040827147
1299.5813443397806,1.0673637,0.08418378,1.1360375285260806
1299.5951573000955,1.296183,0.091219984,1.1363372214716891
1299.6089699921147,1.0606978,0.08104355,1.1365543850368838
1299.6227824158543,1.2001704,0.08118467,1.136676608456547
1299.6365945713296,1.2266432,0.08420551,1.136709187870291
1299.650406458556,1.0356416,0.07923158,1.1366568998378839
1299.6642180775502,1.1714079,0.08757436,1.1365209487116839
1299.6780294283265,0.9563121,0.081856154,1.1363212241444813
1299.6918405109016,1.2116282,0.08412504,1.1360616127749612
1299.7056513252899,1.2795935,0.08781239,1.1357581127187972
1299.7194618715084,1.1680291,0.08384348,1.1354176690350295
1299.7332721495716,1.0933977,0.08134581,1.1350438896766075
1299.7470821594961,1.165482,0.08610799,1.1346440444808679
1299.7608919012962,1.1368622,0.09098437,1.1342216311216486
1299.774701374989,1.0467386,0.079080366,1.1337883845068923
1299.7885105805892,1.2655451,0.08779871,1.1333547758528484
1299.8023195181127,0.94203734,0.07709683,1.1329327065422121
1299.816128187575,1.0289458,0.07907591,1.1325283213151598
1299.829936588992,1.1061809,0.07805453,1.1321510701634188
1299.8437447223791,1.204726,0.090431064,1.1318009606061774
1299.8575525877516,1.0668666,0.081298396,1.1314826432978773
1299.8713601851257,1.1603171,0.08148003,1.1311981903427215
1299.8851675145163,0.97986454,0.07534273,1.1309465576757867
1299.8989745759397,1.0392032,0.07893831,1.1307341255042518
1299.912781369411,1.1068734,0.07993964,1.1305561385526803
1299.9265878949466,1.1231297,0.08692625,1.1304164912520698
1299.9403941525609,1.2180705,0.08808538,1.1303136790543347
1299.9542001422703,1.0770543,0.07996998,1.1302452912151233
1299.96800586409,1.1190788,0.08342484,1.1302129145563813
1299.981811318036,1.1536036,0.08329678,1.1302087348449186
1299.9956165041237,1.1716254,0.08087345,1.1302313338605925
