wave,flux,err,best_fit_spec
1135.0042247422105,0.29899436,0.019279791,1.0604958766503103
1135.014178488237,0.29544273,0.01920446,1.061351227628065
1135.0241322342636,0.35844737,0.021030826,1.062006938275268
1135.0340859802902,0.39865988,0.02213024,1.0625439566843073
1135.0440397263167,0.411051,0.022427564,1.0630189438650632
1135.0539934723433,0.51245177,0.024904083,1.0634800289882158
1135.0639472183698,0.47497207,0.024024604,1.0639417801611082
1135.0739009643964,0.5632528,0.026059879,1.0644088274942651
1135.083854710423,0.5950373,0.026753062,1.064879524379751
1135.0938084564496,0.6500813,0.027924122,1.065352015893103
1135.1037622024762,0.6436228,0.02780806,1.0658261365468389
1135.1137159485027,0.74900424,0.029872926,1.066302780789705
1135.1236696945293,0.75957924,0.03008006,1.066782616492792
1135.133623440556,0.7878532,0.03059933,1.0672660115590207
1135.1435771865824,0.801473,0.030869028,1.0677520895355614
1135.153530932609,0.7616553,0.030126879,1.0682393135531663
1135.1634846786355,0.8037698,0.03088396,1.0687274357354095
1135.1734384246622,0.8586406,0.031868376,1.0692182836328186
1135.1833921706889,0.82164484,0.031210216,1.0697148138624457
1135.1933459167153,0.79049486,0.030620836,1.070220968611901
1135.203299662742,0.8469593,0.03165474,1.0707420054154368
1135.2132534087687,0.7814696,0.030442005,1.0712746567420544
1135.223207154795,0.7661153,0.030126667,1.071813502265338
1135.2331609008218,0.8114113,0.030993875,1.0723467501286041
1135.2431146468482,0.76280075,0.03005479,1.0728613263062974
1135.2530683928749,0.83346206,0.031396747,1.0733469292275886
1135.2630221389015,0.7292435,0.029411552,1.0737917979013505
1135.272975884928,0.71176636,0.029073354,1.074197846209313
1135.2829296309546,0.65570587,0.027944023,1.074572705463891
1135.292883376981,0.6226044,0.02729005,1.0749244195046315
1135.3028371230077,0.6360887,0.027519973,1.0752662805962747
1135.3127908690344,0.6127206,0.027040878,1.075609922922314
1135.3227446150609,0.5891915,0.026508102,1.0759640103685504
1135.3326983610875,0.5443124,0.025539989,1.0763357095859092
1135.342652107114,0.5355617,0.02534637,1.0767259387426271
1135.3526058531406,0.47982237,0.024029244,1.0771357099372492
1135.3625595991673,0.5156738,0.024863645,1.0775659083453817
1135.3725133451937,0.4812432,0.024075778,1.0780109848117525
1135.3824670912204,0.470521,0.023803717,1.0784690742258454
1135.3924208372468,0.41665164,0.022460591,1.0789412512023302
1135.4023745832735,0.43029648,0.022781778,1.0794250655988187
1135.4123283293002,0.35932907,0.020911014,1.0799201457786913
1135.4222820753266,0.3204046,0.019785617,1.0804262400243327
1135.4322358213533,0.31346434,0.019585196,1.0809385210841764
1135.4421895673797,0.2939152,0.019018957,1.0814519987792797
1135.4521433134064,0.27796355,0.018510956,1.08196059129595
1135.462097059433,0.26052526,0.017956017,1.0824579015979556
1135.4720508054595,0.26918346,0.018203543,1.0829378566508778
1135.4820045514862,0.3009688,0.019187247,1.0833887899710002
1135.4919582975126,0.30526856,0.019332988,1.0837933563421884
1135.5019120435393,0.3126532,0.019572128,1.0841368394986195
1135.511865789566,0.3309911,0.020100793,1.0843938781277729
1135.5218195355924,0.37287918,0.021251267,1.0845276463405487
1135.531773281619,0.35827792,0.020812403,1.0845345273513147
1135.5417270276455,0.38094068,0.021465626,1.08440404262673
1135.5516807736722,0.38351572,0.021525444,1.0841137300759154
1135.5616345196988,0.41980088,0.022471024,1.0837038082869
1135.5715882657253,0.5348793,0.0252401,1.0831966265797697
1135.581542011752,0.51271015,0.024698691,1.0826128481013633
1135.5914957577784,0.5680608,0.025981149,1.0819948533029242
1135.601449503805,0.63380677,0.027409026,1.0813703253213283
1135.6114032498317,0.68740255,0.029176014,1.0807642334592826
1135.6213569958582,0.70698047,0.03002498,1.08019226084171
1135.6313107418848,0.7816955,0.031209392,1.0796600228241662
1135.6412644879115,0.7742603,0.031248486,1.079173581081791
1135.651218233938,0.8490392,0.032673698,1.0787319935491424
1135.6611719799646,0.8411216,0.03286404,1.0783281142119596
1135.671125725991,0.8945994,0.03391441,1.0779604622279195
1135.6810794720177,0.8545581,0.033663213,1.0776280318442641
1135.6910332180444,0.95180124,0.036268782,1.0773238185889926
1135.7009869640708,0.8586054,0.034099426,1.0770463696387365
1135.7109407100975,0.9617211,0.0358332,1.0767975108294463
1135.720894456124,0.9700589,0.03636141,1.076571086293297
1135.7308482021506,0.9691766,0.036310263,1.0763651461797858
1135.7408019481772,0.9564983,0.03611512,1.0761801004894407
1135.7507556942037,0.9847988,0.03715896,1.0760099499164464
1135.7607094402304,0.96689296,0.037336994,1.0758516895875418
1135.7706631862568,0.96026653,0.036060262,1.0757038205375142
1135.7806169322835,0.9861125,0.03650547,1.0755629397360926
1135.7905706783101,0.9544124,0.036057223,1.0754266359537492
1135.8005244243366,0.979254,0.036071498,1.0752934376104628
1135.8104781703632,0.97082365,0.036167182,1.0751619612714869
1135.8204319163897,1.0139196,0.03736192,1.0750316771003043
1135.8303856624163,1.0315125,0.03731912,1.074903683307041
1135.840339408443,0.9316621,0.035503212,1.0747811385478945
1135.8502931544695,0.9629589,0.035677385,1.0746674618062526
1135.8602469004961,0.99801296,0.036484547,1.074567470316744
1135.8702006465226,0.9806613,0.03645958,1.0744882677393008
1135.8801543925492,0.95477545,0.035556246,1.0744304768485986
1135.890108138576,1.0135661,0.03743134,1.0743959206143525
1135.9000618846023,0.9654612,0.036139708,1.0743896736810288
1135.910015630629,0.97873604,0.03619334,1.0744067003954256
1135.9199693766554,1.0743992,0.038405813,1.0744455549220335
1135.929923122682,1.0790846,0.03850337,1.0745074308849116
1135.9398768687088,0.9824338,0.0365925,1.074588267040865
1135.9498306147352,1.0218889,0.03708109,1.0746857516819164
1135.959784360762,1.0699319,0.038372733,1.0747997260205475
1135.9697381067886,1.0434101,0.03753682,1.0749267742156896
1135.979691852815,1.0644836,0.03777041,1.0750622225431916
1135.9896455988417,1.026683,0.03753525,1.0752017050523244
1135.999599344868,1.1247245,0.03909462,1.075340002889741
1136.0095530908948,1.1302671,0.0399047,1.0754738299435613
1136.0195068369214,0.97771055,0.036440615,1.0756017044726072
1136.0294605829479,1.0926497,0.03761188,1.0757236789384597
1136.0394143289745,1.0473429,0.03649325,1.0758423899970377
1136.049368075001,1.0837578,0.03703186,1.0759595345261175
1136.0593218210277,1.0937642,0.037200756,1.0760757285009657
1136.0692755670543,1.058302,0.036406316,1.0761905523340702
1136.0792293130808,1.0686756,0.035921894,1.0763028687823857
1136.0891830591074,1.0837655,0.03627306,1.0764112150690774
1136.0991368051339,1.0775999,0.035640202,1.0765166019574965
1136.1090905511605,1.0333523,0.03441726,1.0766218789871773
1136.1190442971872,1.1260828,0.035810303,1.0767339863329706
1136.1289980432136,1.0696394,0.03492775,1.0768631167326685
1136.1389517892403,1.0008501,0.033800233,1.0770202681231313
1136.1489055352667,1.041997,0.034466434,1.0772227090202016
1136.1588592812934,1.0882366,0.035193413,1.0774864678125493
1136.16881302732,1.1120619,0.035534125,1.0778162347959637
1136.1787667733465,1.0428942,0.034452453,1.0782216226146004
1136.1887205193732,1.0424427,0.03443785,1.0787116451534664
1136.1986742653996,1.0713023,0.034910668,1.079273316429965
1136.2086280114263,1.024856,0.034129348,1.0799029745879112
1136.218581757453,1.0552388,0.034611445,1.0806040189329968
1136.2285355034794,1.0696234,0.03485536,1.0813564052398508
1136.238489249506,1.1019361,0.03537641,1.0821490602213935
1136.2484429955325,1.0959977,0.03527159,1.082967181577749
1136.2583967415592,1.0420247,0.034411915,1.0837819034806337
1136.2683504875858,1.0581852,0.034670305,1.084565948228226
1136.2783042336123,0.9700962,0.033224776,1.0852801263281617
1136.288257979639,1.0642055,0.034756295,1.0858993097739331
1136.2982117256654,1.1269488,0.035721134,1.0864120643961255
1136.308165471692,1.0745229,0.034901217,1.0868029319213093
1136.3181192177187,1.1011939,0.035301935,1.0870788488704508
1136.3280729637452,1.136604,0.035853513,1.087267258476676
1136.3380267097718,1.0603328,0.03464955,1.0873871331959077
1136.3479804557983,1.1083612,0.035412822,1.087462798148026
1136.357934201825,1.08876,0.035104748,1.0875232892606579
1136.3678879478516,1.0862825,0.0350709,1.087584962549387
1136.377841693878,1.0631074,0.034689598,1.0876610789793877
1136.3877954399047,1.0523152,0.034500338,1.08775385913811
1136.3977491859314,1.0727458,0.03481337,1.0878625744768218
1136.4077029319578,1.1016225,0.035273492,1.0879855176983204
1136.4176566779845,1.0766718,0.034881335,1.0881161037285907
1136.427610424011,1.1233726,0.03560254,1.0882507545873485
1136.4375641700376,1.1242344,0.035624873,1.088387644779506
1136.4475179160643,1.0229077,0.03402582,1.0885261017136922
1136.4574716620907,1.076294,0.034925863,1.088666491392492
1136.4674254081174,1.0818881,0.035545733,1.088809334305185
1136.4773791541438,1.0983177,0.036260422,1.0889531766694007
1136.4873329001705,1.0504748,0.035873976,1.0890935574280372
1136.4972866461972,1.1174866,0.036987573,1.0892209434226592
1136.5072403922236,1.080928,0.036352333,1.0893170892664794
1136.5171941382503,1.1351526,0.0376442,1.0893648114841261
1136.5271478842767,1.1351054,0.03773476,1.089340230720859
1136.5371016303034,1.0942576,0.037087347,1.0892045285555871
1136.54705537633,1.1114768,0.037554193,1.088956149351949
1136.5570091223565,1.1143416,0.03777559,1.088588335607386
1136.5669628683831,1.1168051,0.037685856,1.0880850620054858
1136.5769166144096,1.0939646,0.037645053,1.0874788772273536
1136.5868703604363,1.052621,0.037243463,1.086789817114941
1136.596824106463,1.1365833,0.038726535,1.0860324669373655
1136.6067778524894,1.085901,0.037993606,1.0852352195268153
1136.616731598516,1.0572339,0.037519153,1.0844178381316203
1136.6266853445425,1.1255425,0.03881705,1.0835939434892696
1136.6366390905691,1.2071484,0.04081834,1.082775542923678
1136.6465928365958,1.1012782,0.038753267,1.0819702250874998
1136.6565465826222,1.1332798,0.03989618,1.0811859578728467
1136.666500328649,1.1482139,0.039438196,1.0804318809682731
1136.6764540746753,1.0907581,0.038130734,1.0797101766908637
1136.686407820702,1.0562986,0.037478685,1.07902511138122
1136.6963615667287,1.0955101,0.038605127,1.0783839837767641
1136.7063153127551,1.1292136,0.03877841,1.0777801063628913
1136.7162690587818,1.0802507,0.03741914,1.0772115590793279
1136.7262228048085,1.067128,0.037441604,1.0766797880460925
1136.736176550835,1.0137461,0.03659086,1.0761731280179923
1136.7461302968616,0.9837637,0.036049783,1.0756833181594074
1136.756084042888,0.99669,0.036425576,1.0752008054444668
1136.7660377889147,1.0482857,0.03757157,1.0747133039777184
1136.7759915349413,1.0781195,0.03831677,1.0742124624481608
1136.7859452809678,1.0155497,0.036930677,1.073691618947265
1136.7958990269944,1.0134641,0.03697288,1.0731505301471023
1136.805852773021,1.0736587,0.03808948,1.0725948320598697
1136.8158065190476,1.0463997,0.03767699,1.072030955437955
1136.8257602650742,1.0481657,0.03790931,1.071468062904003
1136.8357140111007,0.9917137,0.03673451,1.070911603456397
1136.8456677571273,1.0292286,0.036762528,1.0703578607954858
1136.8556215031538,1.0274796,0.03654254,1.0697860680729776
1136.8655752491804,0.9866943,0.036071237,1.0691726023813841
1136.875528995207,1.0148469,0.036438156,1.0684988336751313
1136.8854827412335,1.0009503,0.03594222,1.0677459475428368
1136.8954364872602,1.0412712,0.036287785,1.0669288456662949
1136.9053902332867,1.0689415,0.036618527,1.0660547876140303
1136.9153439793133,1.0786965,0.03677943,1.0651230659724396
1136.92529772534,1.0542573,0.036293905,1.064143277684452
1136.9352514713664,1.0680052,0.036342915,1.063121841818352
1136.945205217393,1.0324386,0.03517199,1.0620590629634425
1136.9551589634195,0.98895437,0.03354958,1.0609602633457198
1136.9651127094462,1.0756336,0.03456324,1.0598337726721325
1136.9750664554729,1.0460844,0.034102798,1.0586849144033064
1136.9850202014993,1.0459279,0.034090616,1.0575230068707313
1136.994973947526,1.0577008,0.034283888,1.0563621924661895
1137.0049276935524,1.0314221,0.0338381,1.055215054783473
1137.014881439579,1.035117,0.033873778,1.0540893242331788
1137.0248351856058,1.1329873,0.035420258,1.0529714309990412
1137.0347889316322,1.0435247,0.03401959,1.0518443371992119
1137.0447426776589,1.0196414,0.033637885,1.0506903219322197
1137.0546964236853,1.0262765,0.033759262,1.0495143595992165
1137.064650169712,1.1198063,0.03517358,1.0483328020441827
1137.0746039157386,0.9895232,0.03312928,1.047178246279727
1137.084557661765,1.1141492,0.03509676,1.046084309937892
1137.0945114077917,0.99362284,0.033184744,1.0450757894752813
1137.1044651538182,1.079162,0.034517765,1.0441843454426758
1137.1144188998448,1.012074,0.033469368,1.0434249660483894
1137.1243726458715,1.0051981,0.03336866,1.0427932254178691
1137.134326391898,1.0536643,0.034131724,1.042299854572988
1137.1442801379246,1.0318897,0.03378999,1.0419565725516127
1137.1542338839513,0.9967269,0.033223446,1.0417453881448693
1137.1641876299777,1.0300801,0.033763286,1.0416666826264223
1137.1741413760044,1.0253874,0.033664074,1.041734548468385
1137.1840951220308,1.0169297,0.033507366,1.0419184166304207
1137.1940488680575,1.0312836,0.033749655,1.042208074718012
1137.2040026140842,1.0203276,0.033578973,1.0426067321044494
1137.2139563601106,1.0263805,0.03365676,1.0430890938698067
1137.2239101061373,0.986868,0.03302172,1.043646966546108
1137.2338638521637,1.0037414,0.033301085,1.0442865209572398
1137.2438175981904,1.0257484,0.033631228,1.045000327731264
1137.253771344217,1.051666,0.034056712,1.045779206993397
1137.2637250902435,1.0624208,0.034214526,1.0466159691788568
1137.2736788362702,1.041916,0.033875503,1.047488390489858
1137.2836325822966,1.0826956,0.034482982,1.04836744190048
1137.2935863283233,1.0737275,0.034370936,1.0492258417606442
1137.30354007435,1.1274155,0.03518079,1.0500341360442043
1137.3134938203764,1.0984944,0.03474939,1.0507813162051771
1137.323447566403,1.1383334,0.035346683,1.0514586699921247
1137.3334013124295,1.0233971,0.033571523,1.0520539790541665
1137.3433550584562,1.0455322,0.033885535,1.0525860552534496
1137.3533088044828,1.0593754,0.034080256,1.0530651092797523
1137.3632625505093,1.0901753,0.034562483,1.0534993300816715
1137.373216296536,1.1132476,0.03488138,1.0539101885684918
1137.3831700425624,1.0601909,0.03408936,1.0543121135956897
1137.393123788589,1.0592325,0.034056544,1.0547191337570976
1137.4030775346157,0.98543966,0.032864526,1.0551437000780712
1137.4130312806421,1.0463626,0.033856325,1.0555941211239486
1137.4229850266688,1.0571895,0.03402453,1.0560808644092468
1137.4329387726953,1.0612288,0.034079343,1.0566120565628034
1137.442892518722,1.0763944,0.034296986,1.0571895543978702
1137.4528462647486,1.0851725,0.034433614,1.0578215190591698
1137.462800010775,1.0933367,0.03454809,1.0585200139962108
1137.4727537568017,1.0502715,0.033878595,1.059280854526562
1137.4827075028284,1.0650444,0.03411123,1.060105606524664
1137.4926612488548,1.0732472,0.034226943,1.0610024459847855
1137.5026149948815,1.0260136,0.03348979,1.061952557774072
1137.512568740908,1.1476068,0.03535786,1.062946466085671
1137.5225224869346,1.0635127,0.034032606,1.0639782381017941
1137.5324762329612,1.134157,0.035114605,1.065034618772373
1137.5424299789877,1.1661788,0.03558269,1.0661108677676474
1137.5523837250144,1.0679767,0.034112524,1.0672115637746995
1137.5623374710408,1.1467106,0.03531217,1.0683458545063882
1137.5722912170675,1.1180767,0.034858268,1.0695259502590553
1137.5822449630941,1.1039462,0.034649793,1.0707693260020827
1137.5921987091206,1.0915575,0.034448657,1.0720790757419214
1137.6021524551472,1.0716169,0.034148756,1.0734316548472618
1137.6121062011737,1.1072745,0.034679662,1.0748014657016198
1137.6220599472003,1.1100183,0.034719434,1.076159717759866
1137.632013693227,1.086806,0.034345187,1.0774892539263847
1137.6419674392534,1.0269302,0.033434153,1.0787787949226504
1137.6519211852801,1.1201133,0.03485711,1.0800096669153456
1137.6618749313066,1.043486,0.033668328,1.081184639708733
1137.6718286773332,1.1125238,0.034735363,1.082301053151697
1137.68178242336,1.039895,0.03360312,1.0833505395467582
1137.6917361693863,0.98718977,0.03276909,1.08434275686768
1137.701689915413,1.0333818,0.033496868,1.0852847408453354
1137.7116436614394,1.0272518,0.03340794,1.086176766838047
1137.721597407466,1.039448,0.033581465,1.0870252385553996
1137.7315511534928,1.0379295,0.03356594,1.0878393825743145
1137.7415048995192,1.0584819,0.033865582,1.088626586674689
1137.7514586455459,1.0772203,0.03416116,1.089393768431461
1137.7614123915723,1.0773716,0.034154113,1.0901377162651833
1137.771366137599,1.0611277,0.033888202,1.090837508929209
1137.7813198836257,1.0318431,0.033442106,1.0914537288698556
1137.791273629652,1.1009798,0.03448103,1.0919750972462106
1137.8012273756788,1.0876329,0.034276918,1.092393888814954
1137.8111811217052,0.9971913,0.032861833,1.092702061887323
1137.8211348677319,1.0469601,0.03364783,1.0929381066451451
1137.8310886137585,1.0280555,0.033344675,1.0931280514861808
1137.841042359785,1.0580323,0.033796515,1.093294125478953
1137.8509961058116,1.0176195,0.03316042,1.0934573149135958
1137.860949851838,1.0168667,0.033147838,1.0936273000189833
1137.8709035978648,1.0834568,0.034178123,1.0938095610569851
1137.8808573438914,1.0613459,0.0338435,1.0940067402509104
1137.8908110899179,1.0217407,0.033225466,1.0942204062881924
1137.9007648359445,1.0515022,0.03368546,1.0944561688669117
1137.9107185819712,1.0951698,0.034338914,1.0947220749499067
1137.9206723279976,1.1431861,0.035072155,1.0950187409551064
1137.9306260740243,1.0925494,0.034273267,1.0953471484905752
1137.9405798200507,1.112374,0.034588695,1.0957065234668484
1137.9505335660774,1.0276464,0.03329114,1.0960817739943103
1137.960487312104,1.054409,0.033696234,1.0964607135593585
1137.9704410581305,1.0887761,0.034213427,1.0968272659633809
1137.9803948041572,0.9959727,0.032754995,1.0971709206994573
1137.9903485501836,1.1080383,0.034476377,1.0974861216812322
1138.0003022962103,1.0072434,0.032931276,1.0977683759492676
1138.010256042237,1.0009037,0.03280996,1.0980240876208447
1138.0202097882634,1.0011169,0.032828435,1.0982622655516314
1138.03016353429,0.98638904,0.032577388,1.0984902840616957
1138.0401172803165,1.1284138,0.03479533,1.0987152179528736
1138.0500710263432,1.1078755,0.034468878,1.0989401070391038
1138.0600247723698,1.0438826,0.033472292,1.0991634579424732
1138.0699785183963,1.0762233,0.033969928,1.0993791029900895
1138.079932264423,1.0521059,0.033607595,1.09958083448545
1138.0898860104494,1.0631492,0.033760108,1.0997628048221582
1138.099839756476,1.0846871,0.034096714,1.0999164782174082
1138.1097935025027,1.0123225,0.032980174,1.100046032264164
1138.1197472485292,1.0761887,0.033972908,1.1001544522753068
1138.1297009945558,1.1026932,0.03436127,1.1002448788380539
1138.1396547405823,1.0822568,0.034055334,1.1003249605025738
1138.149608486609,1.051173,0.033567324,1.1003989946320591
1138.1595622326356,1.105029,0.03436815,1.1004683795958714
1138.169515978662,1.1005199,0.034320638,1.1005330548399233
1138.1794697246887,1.0436015,0.03343654,1.1005920678112417
1138.1894234707152,1.0490072,0.033511892,1.1006434275667607
1138.1993772167418,1.0683582,0.033838168,1.1006854735889433
1138.2093309627685,1.102499,0.03431547,1.1007187583540712
1138.219284708795,1.0872161,0.03411737,1.100743124725123
1138.2292384548216,1.1367463,0.034851212,1.1007579614523608
1138.2391922008483,1.1052617,0.034348823,1.1007653198381537
1138.2491459468747,1.0579951,0.033634577,1.1007657160960485
1138.2590996929014,1.0978701,0.03424113,1.1007579939598195
1138.2690534389278,1.1039073,0.034327406,1.100742421632215
1138.2790071849545,1.0810562,0.03395103,1.1007173701941209
1138.288960930981,1.101181,0.034263298,1.1006779476874702
1138.2989146770076,1.0800263,0.033951424,1.1006203231527059
1138.3088684230343,1.066974,0.033742484,1.10054025313061
1138.3188221690607,1.0573893,0.03361031,1.1004290285458118
1138.3287759150874,1.0626831,0.03366786,1.1002791757512247
1138.338729661114,1.1425848,0.034846198,1.1000877352901726
1138.3486834071405,1.0489523,0.033455543,1.0998468811412503
1138.3586371531671,1.0687888,0.03375799,1.0995482449692084
1138.3685908991936,1.0720602,0.03378728,1.0991976360252886
1138.3785446452202,1.0545386,0.03352178,1.0987947806288973
1138.388498391247,1.02111,0.03300291,1.0983324423016583
1138.3984521372734,1.0487779,0.033436414,1.0978218828276405
1138.4084058833,1.0209466,0.032995675,1.0972651455812439
1138.4183596293265,1.1027569,0.03423293,1.0966576802817674
1138.4283133753531,1.0177706,0.03292606,1.0960078073036692
1138.4382671213798,1.0750021,0.033811253,1.0953202348648652
1138.4482208674062,1.0862261,0.033976685,1.094597638414216
1138.458174613433,1.0654615,0.033641614,1.0938522828731259
1138.4681283594593,1.1285042,0.034609783,1.093098236013353
1138.478082105486,1.065994,0.033667434,1.0923490360321382
1138.4880358515127,1.087989,0.03396227,1.09161769426307
1138.4979895975391,1.0818292,0.03390127,1.0909084605800707
1138.5079433435658,1.0902472,0.03402031,1.0902216653432466
1138.5178970895922,1.1320723,0.03464122,1.089553262771818
1138.527850835619,1.0712577,0.03372008,1.0888924423254558
1138.5378045816456,1.1273456,0.03457223,1.0882327367515363
1138.547758327672,1.0689393,0.033677533,1.087570822537128
1138.5577120736987,1.0631429,0.033586636,1.0869106551988719
1138.567665819725,1.0571328,0.033483464,1.086260767120461
1138.5776195657518,1.079475,0.033835784,1.0856375278949608
1138.5875733117784,1.0718292,0.03371333,1.0850533670221125
1138.5975270578049,1.0088834,0.032725018,1.08451700237074
1138.6074808038315,1.0452862,0.033264216,1.0840409224381418
1138.617434549858,1.0751386,0.033756316,1.0836278442281917
1138.6273882958847,0.98074234,0.032259345,1.0832707282309813
1138.6373420419113,1.036927,0.033149563,1.0829678651374954
1138.6472957879378,1.0368438,0.033125035,1.0827159954868244
1138.6572495339644,1.0172846,0.032829806,1.0825023336689745
1138.667203279991,0.9662807,0.03202127,1.082322142136809
1138.6771570260175,0.9815242,0.032374762,1.0821759893999523
1138.6871107720442,1.027783,0.033597678,1.0820562294206324
1138.6970645180706,1.0796309,0.034782235,1.081961566604117
1138.7070182640973,1.0299721,0.03450748,1.081894070766926
1138.716972010124,0.9782874,0.03348515,1.0818477661568366
1138.7269257561504,0.9950352,0.03381351,1.0818182828049794
1138.736879502177,0.9417363,0.033355333,1.0818022996227084
1138.7468332482035,0.99073696,0.034089975,1.0817944554982701
1138.7567869942302,1.0180703,0.034666922,1.0817912203020286
1138.7667407402569,0.95634294,0.03398809,1.0817916872704714
1138.7766944862833,0.9249132,0.033319026,1.0817965903290216
1138.78664823231,0.95870614,0.03400284,1.0818066274254579
1138.7966019783364,0.98136705,0.034434695,1.0818220361502335
1138.806555724363,0.9349567,0.03413097,1.0818404731718352
1138.8165094703897,0.97064495,0.03474537,1.0818554901064814
1138.8264632164162,0.9060234,0.0338448,1.081859217268357
1138.8364169624429,0.9484814,0.034672298,1.0818377789626128
1138.8463707084693,0.9265312,0.034541186,1.0817856224164921
1138.856324454496,0.9861558,0.03569596,1.0816971266105146
1138.8662782005226,0.96487814,0.035583064,1.0815641238362308
1138.876231946549,0.98521864,0.03613245,1.0813916022918724
1138.8861856925757,0.997439,0.035844795,1.0811866634018121
1138.8961394386022,1.0266777,0.035884887,1.0809563288795978
1138.9060931846288,1.0206409,0.035585634,1.0807150228210256
1138.9160469306555,1.0415235,0.0363202,1.0804790383487846
1138.926000676682,1.0318911,0.035973128,1.0802653798711037
1138.9359544227086,1.0466142,0.035638038,1.0800936292615466
1138.945908168735,1.0379467,0.035682637,1.0799695026192728
1138.9558619147617,0.9794317,0.034906,1.0798975795148968
1138.9658156607884,0.9749861,0.03477812,1.07988636097179
1138.9757694068148,1.0036646,0.03540383,1.0799241104902264
1138.9857231528415,0.93394285,0.03437598,1.080008959169271
1138.995676898868,0.9970525,0.035664476,1.0801468864776234
1139.0056306448946,1.019537,0.035808183,1.0803308588136953
1139.0155843909213,0.9886878,0.035238564,1.0805565961167465
1139.0255381369477,1.0031604,0.035894603,1.080821715978751
1139.0354918829744,0.97599715,0.035397526,1.0811130397408126
1139.0454456290008,0.98184115,0.035796072,1.081413957110244
1139.0553993750275,1.0464822,0.036744896,1.0817059533658164
1139.0653531210542,1.018552,0.035429392,1.0819663661638597
1139.0753068670806,1.0236588,0.035414584,1.0821803883798817
1139.0852606131073,0.97769207,0.034743935,1.0823324098613354
1139.095214359134,0.9722176,0.034481507,1.0824022014373096
1139.1051681051604,0.94046307,0.033915404,1.0823972045522514
1139.115121851187,0.93818796,0.033252902,1.0823194503691496
1139.1250755972135,0.9746667,0.033841584,1.082167285429804
1139.1350293432401,0.9243629,0.03305453,1.0819676406773218
1139.1449830892668,0.91381276,0.0328036,1.0817401293466062
1139.1549368352933,0.91827595,0.032498598,1.0815035628904752
1139.16489058132,0.85351604,0.03097166,1.0812724591248501
1139.1748443273464,0.8474828,0.030116132,1.0810480605477357
1139.184798073373,0.86291707,0.030140338,1.08082143319453
1139.1947518193997,0.8584794,0.030023515,1.0805783844217651
1139.2047055654261,0.8002285,0.029039698,1.0803105878862262
1139.2146593114528,0.868244,0.030196542,1.0800132481755893
1139.2246130574792,0.8533881,0.029960249,1.0796872973127227
1139.234566803506,0.8722457,0.030279197,1.079345196712371
1139.2445205495326,0.8695667,0.03020989,1.0789968232346456
1139.254474295559,0.88428396,0.030432668,1.078653312068439
1139.2644280415857,0.9533271,0.031592544,1.0783201287914372
1139.2743817876121,0.9516315,0.03154275,1.0779983544975118
1139.2843355336388,0.9508475,0.03153204,1.0776876061302363
1139.2942892796655,1.0059056,0.032406844,1.0773847305047324
1139.304243025692,1.0022908,0.032347433,1.0770893313079863
1139.3141967717186,0.980407,0.032004215,1.0768052330526894
1139.324150517745,1.0755866,0.03346964,1.0765378743279828
1139.3341042637717,1.0143334,0.03252166,1.0762918649676894
1139.3440580097983,1.0578694,0.03318017,1.0760745959388007
1139.3540117558248,1.0299357,0.032781582,1.0758939591669745
1139.3639655018515,1.0246753,0.03266883,1.0757495545281937
1139.373919247878,1.0583655,0.033180486,1.0756442460210995
1139.3838729939046,1.0840298,0.0335707,1.0755853843666054
1139.3938267399312,1.0417874,0.032926135,1.0755650081598196
1139.4037804859577,1.0412401,0.032915503,1.0755796297677644
1139.4137342319843,1.0094818,0.032428715,1.0756252253012575
1139.423687978011,1.1460956,0.03447206,1.0756841148187208
1139.4336417240374,1.0423633,0.03292209,1.0757395309602855
1139.443595470064,1.0958382,0.033721235,1.0757698393265875
1139.4535492160906,1.1019965,0.033797026,1.0757593649966246
1139.4635029621172,1.0224072,0.032620724,1.0757037855198441
1139.4734567081439,1.0655814,0.03327783,1.0756006625023045
1139.4834104541703,1.0453765,0.032953292,1.0754554220338524
1139.493364200197,1.1432155,0.03440071,1.0752824297563996
1139.5033179462234,1.0999757,0.033778016,1.075092762092082
1139.51327169225,1.0366999,0.03278763,1.0749023931214405
1139.5232254382768,1.0878769,0.033580378,1.0747298432669616
1139.5331791843032,1.0857182,0.03353881,1.0745930958272218
1139.5431329303299,1.0231605,0.032568708,1.0745201364411097
1139.5530866763563,1.0304581,0.032700516,1.0745115583216795
1139.563040422383,1.1107178,0.033887077,1.0745629036283373
1139.5729941684097,1.1742382,0.034821104,1.074664680385457
1139.582947914436,1.0833644,0.03348141,1.0747907189476829
1139.5929016604628,1.0788778,0.033404082,1.0749198924832695
1139.6028554064892,1.0656219,0.033208556,1.0750363943259411
1139.6128091525159,1.0506483,0.032985207,1.0751314996681185
1139.6227628985425,1.0545131,0.033041246,1.075205926929533
1139.632716644569,1.0956147,0.033654705,1.0752617431727363
1139.6426703905956,1.0652349,0.03318441,1.0753039441346584
1139.652624136622,1.0747849,0.03332206,1.0753425262015914
1139.6625778826487,1.0350826,0.03272515,1.0753869873403192
1139.6725316286754,0.99960124,0.03217039,1.075454428345335
1139.6824853747019,1.0568995,0.03305564,1.0755551841126152
1139.6924391207285,1.0349154,0.032704398,1.0756990564719693
1139.702392866755,1.0169991,0.03241257,1.0758998859261792
1139.7123466127816,1.0668746,0.03319494,1.076155599475839
1139.7223003588083,1.0862774,0.033474207,1.076463881966235
1139.7322541048347,1.0613878,0.033104267,1.076829183335119
1139.7422078508614,1.089846,0.033519052,1.0772500747694076
1139.7521615968878,1.0634197,0.033112135,1.0777201943794192
1139.7621153429145,1.0559176,0.032996677,1.078238035476259
1139.7720690889412,1.0107133,0.03230471,1.07879784580536
1139.7820228349676,1.0329319,0.032635003,1.0793812926575197
1139.7919765809943,1.0339463,0.032648366,1.0799718634338276
1139.8019303270207,0.9869298,0.0319102,1.080544390802467
1139.8118840730474,0.98920196,0.031940676,1.0810775273579882
1139.821837819074,1.0122548,0.032304052,1.081549369919221
1139.8317915651005,0.9781911,0.031767745,1.0819213099749456
1139.8417453111272,1.0423489,0.03276275,1.08217833921231
1139.8516990571538,0.98881656,0.031937618,1.0823068460825056
1139.8616528031803,1.0471381,0.032825164,1.0822842392939769
1139.871606549207,1.0461813,0.03280784,1.0821197438326873
1139.8815602952334,1.0761502,0.033260696,1.0818380182424678
1139.89151404126,0.97277,0.031676177,1.0814524514106079
1139.9014677872867,1.0062388,0.03219468,1.080982494096751
1139.9114215333132,1.024713,0.032474894,1.0804564814178228
1139.9213752793398,1.0385369,0.03267848,1.0798846052395419
1139.9313290253663,1.0344303,0.032614227,1.079269671169103
1139.941282771393,1.0275371,0.032497615,1.0786276048246657
1139.9512365174196,1.1118978,0.03376076,1.0779717090617955
1139.961190263446,1.0867634,0.03340138,1.07732488601403
1139.9711440094727,1.0607057,0.032994553,1.0767098689667085
1139.9810977554991,0.9888986,0.031886313,1.0761425449599853
1139.9910515015258,1.0552812,0.032913417,1.075641837961229
1140.0010052475525,1.1295346,0.034021392,1.0752120632018263
1140.010958993579,1.1212803,0.033904497,1.0748516266436376
1140.0209127396056,1.0642921,0.033022378,1.0745675693288241
1140.030866485632,0.9910211,0.031906094,1.0743648014444187
1140.0408202316587,1.0262419,0.03245902,1.074236327916267
1140.0507739776854,1.0615201,0.032995272,1.074183625553353
1140.0607277237118,1.0452774,0.03273866,1.0742069948786188
1140.0706814697385,1.0702642,0.033107214,1.0742753053688354
1140.080635215765,1.083659,0.03331391,1.0743618429643362
1140.0905889617916,1.0433184,0.0326886,1.0744352567427673
1140.1005427078182,1.0798732,0.03325746,1.074477948289041
1140.1104964538447,1.1478621,0.034246214,1.074483843426378
1140.1204501998714,1.0788946,0.033232067,1.0744482701175315
1140.1304039458978,1.1251637,0.033901494,1.0743785752419672
1140.1403576919245,1.0054158,0.032106318,1.074284127529051
1140.1503114379511,1.0541602,0.032847088,1.0741720477031813
1140.1602651839776,1.108977,0.033647038,1.074048818789457
1140.1702189300042,1.1039686,0.033582553,1.0739155812583019
1140.180172676031,1.0846446,0.033287313,1.0737641936869315
1140.1901264220573,1.07858,0.033186413,1.0735760889683896
1140.200080168084,1.1275046,0.033916574,1.0733422847799905
1140.2100339141105,1.0561284,0.03285293,1.0730565434008514
1140.2199876601371,1.0769117,0.033154503,1.0727154617872894
1140.2299414061638,1.0854398,0.03327868,1.0723446199657376
1140.2398951521902,1.1419698,0.034091074,1.0719635481530556
1140.249848898217,1.09219,0.03337247,1.0715888231450474
1140.2598026442433,1.0774843,0.033141892,1.0712277636307608
1140.26975639027,1.0683594,0.032999795,1.0708833666462132
1140.2797101362967,1.1056974,0.033561647,1.0705652694978238
1140.289663882323,1.0766037,0.03313829,1.0702854520143048
1140.2996176283498,1.1485183,0.034186278,1.0700484369467134
1140.3095713743762,1.1397041,0.03406458,1.06985734295538
1140.319525120403,1.0263561,0.03237344,1.069709205120621
1140.3294788664296,1.0721962,0.033045784,1.06958754185783
1140.339432612456,1.0690516,0.033005904,1.069482915070544
1140.3493863584827,1.113824,0.03364915,1.0693910094909012
1140.359340104509,1.0688663,0.03298752,1.0693097017900834
1140.3692938505358,1.065819,0.032936458,1.0692434014186474
1140.3792475965624,1.0780028,0.033117708,1.0692031743194708
1140.3892013425889,1.0296698,0.03238522,1.0691957863228594
1140.3991550886155,1.0294027,0.03237174,1.0692265516452446
1140.409108834642,1.0518471,0.032721054,1.0693050598787779
1140.4190625806687,1.0262853,0.032325063,1.0694357791908695
1140.4290163266953,1.0374157,0.032487955,1.0696172655174587
1140.4389700727218,1.0584103,0.032808457,1.0698550534630002
1140.4489238187484,1.0501025,0.032675948,1.0701581045305852
1140.4588775647749,1.0850778,0.033211477,1.070521970301818
1140.4688313108015,1.1285186,0.033827458,1.0709500608160494
1140.4787850568282,1.0344073,0.032424327,1.0714582639462649
1140.4887388028546,1.0478593,0.032637425,1.0720361679710095
1140.4986925488813,1.0366508,0.032451946,1.0726843501014107
1140.5086462949077,1.0523025,0.03269682,1.0734112781911875
1140.5186000409344,1.0616989,0.032815576,1.0742057361278483
1140.528553786961,0.97673094,0.031525914,1.0750594919621472
1140.5385075329875,1.0182914,0.032149125,1.0759724720504846
1140.5484612790142,1.0330561,0.032385617,1.0769401211567953
1140.5584150250406,1.1030974,0.033428896,1.077955629366158
1140.5683687710673,1.0561824,0.032718986,1.0790181152455172
1140.578322517094,1.0427315,0.0325161,1.0801213010072357
1140.5882762631204,1.0109209,0.032021344,1.0812445747635153
1140.598230009147,1.0526329,0.03266173,1.0823708956650981
1140.6081837551737,1.0594856,0.032764185,1.0834787100868497
1140.6181375012002,1.1051583,0.03343745,1.0845535815159781
1140.6280912472268,1.0229961,0.032206543,1.085581642517102
1140.6380449932533,1.0242486,0.0322248,1.0865398964911366
1140.64799873928,1.0266626,0.032242287,1.087423033517056
1140.6579524853066,1.0370386,0.03241924,1.0882260539844897
1140.667906231333,1.0101726,0.031977966,1.0889348470767957
1140.6778599773597,0.9971745,0.03179738,1.0895488789981762
1140.6878137233862,1.088137,0.033166707,1.0900787750261098
1140.6977674694128,1.1377485,0.033881105,1.0905287341772076
1140.7077212154395,1.0278603,0.03225538,1.090906290027711
1140.717674961466,1.1379485,0.033889472,1.0912271840735377
1140.7276287074926,1.0769907,0.0329853,1.0914890029040865
1140.737582453519,1.0454147,0.0325125,1.091672385607066
1140.7475361995457,1.0635797,0.032773305,1.0917828483440404
1140.7574899455724,1.0013759,0.03183412,1.0918196762924786
1140.7674436915988,1.0559634,0.03265843,1.0917781847933723
1140.7773974376255,1.0583911,0.032682784,1.09167699838661
1140.787351183652,1.0567607,0.032669626,1.0915303305417652
1140.7973049296786,1.0054007,0.031867772,1.09134753463728
1140.8072586757053,1.0974367,0.033256307,1.0911375699957704
1140.8172124217317,1.046092,0.032502618,1.0909009033006232
1140.8271661677584,1.1084257,0.033420134,1.090628175215687
1140.8371199137848,1.0369399,0.03237461,1.0903109832555702
1140.8470736598115,1.0808713,0.03299676,1.0899568715901928
1140.8570274058382,1.0278075,0.03221259,1.0895728354989072
1140.8669811518646,1.076059,0.03293049,1.0891664115653579
1140.8769348978913,1.0442101,0.03244563,1.0887521969732383
1140.8868886439177,1.1437805,0.03391306,1.088338660457571
1140.8968423899444,1.1327435,0.033756573,1.0879315531562428
1140.906796135971,1.0790901,0.032952566,1.0875272718731819
1140.9167498819975,1.1156381,0.033496093,1.0871153390010022
1140.9267036280241,1.1531352,0.034044296,1.086676757469073
1140.9366573740508,1.1133797,0.033446413,1.0861926903670314
1140.9466111200773,1.157422,0.0340921,1.0856519496560346
1140.956564866104,1.0911624,0.033112787,1.0850434052352949
1140.9665186121304,1.1337788,0.03374811,1.0843690937346815
1140.976472358157,1.1612499,0.03414433,1.0836569971242884
1140.9864261041837,1.116112,0.033490613,1.082931618538172
1140.9963798502101,1.0901798,0.033099078,1.082219110443483
1141.0063335962368,1.1282191,0.033647593,1.0815321265244844
1141.0162873422632,1.1288944,0.03365487,1.0808764316813275
1141.02624108829,1.079812,0.032941807,1.0802597903181528
1141.0361948343166,1.0829295,0.032991264,1.0796791279241897
1141.046148580343,1.0766902,0.03289148,1.0791334320128245
1141.0561023263697,1.122202,0.033558857,1.0786266703168599
1141.0660560723961,1.1169245,0.033473,1.0781584395885178
1141.0760098184228,1.1404821,0.033808526,1.0777260537204274
1141.0859635644495,1.0782723,0.0328911,1.0773318965984267
1141.095917310476,1.0554267,0.03254945,1.0769788680959533
1141.1058710565026,1.0764743,0.032858543,1.076662198956071
1141.115824802529,1.1336272,0.033697024,1.076382175349601
1141.1257785485557,1.0938026,0.033108167,1.0761445308024378
1141.1357322945823,1.1220239,0.033524595,1.0759419409101534
1141.1456860406088,1.0900898,0.033042632,1.0757732104303377
1141.1556397866354,1.1536961,0.033986595,1.075641293300193
1141.165593532662,1.0803176,0.03290193,1.0755398764515085
1141.1755472786886,1.07058,0.032756332,1.075465049096282
1141.1855010247152,1.0489513,0.032442424,1.075416113727539
1141.1954547707417,1.0933957,0.033090595,1.075389597446224
1141.2054085167683,1.1324921,0.033661194,1.075382204866013
1141.2153622627948,1.1433989,0.03380549,1.0753953379246368
1141.2253160088214,1.0158379,0.031911574,1.0754334117370883
1141.235269754848,1.0413678,0.032356977,1.0754977740081775
1141.2452235008745,1.0440301,0.032917965,1.075593129224274
1141.2551772469012,1.0521313,0.033392005,1.0757301774686936
1141.2651309929277,1.0756445,0.034226254,1.0759056284688011
1141.2750847389543,1.1303233,0.03505543,1.0761209883998362
1141.285038484981,1.0803242,0.03424918,1.0763836221549212
1141.2949922310074,1.0575444,0.034292456,1.076690900151026
1141.304945977034,1.0653957,0.03454344,1.07704434816098
1141.3148997230605,1.0454303,0.034079168,1.0774545750285451
1141.3248534690872,1.0818834,0.035041466,1.0779282325577821
1141.3348072151139,1.0664439,0.034753468,1.0784663516874895
1141.3447609611403,1.0782113,0.03490569,1.079076085574282
1141.354714707167,1.0535777,0.03480177,1.0797623143014625
1141.3646684531936,1.0680186,0.03551048,1.0805102051345512
1141.37462219922,1.0928266,0.03597704,1.0813116019033209
1141.3845759452468,1.0813285,0.035914563,1.082163633881723
1141.3945296912732,1.1786088,0.037399836,1.0830499278650747
1141.4044834372999,1.1096295,0.03641565,1.0839666433156256
1141.4144371833265,1.0715704,0.036269337,1.0849176347734293
1141.424390929353,1.0347629,0.035722718,1.0858998554872494
1141.4343446753796,1.0648254,0.036385622,1.0869067425034395
1141.444298421406,1.0860741,0.036514465,1.0879233855211325
1141.4542521674327,1.1088214,0.03639081,1.0889234267227743
1141.4642059134594,1.131172,0.036689546,1.0898843230882265
1141.4741596594858,1.1436869,0.037019726,1.090784845195604
1141.4841134055125,1.1420034,0.03687439,1.0916031300803761
1141.494067151539,1.0314409,0.0346566,1.0923378345753165
1141.5040208975656,1.1767046,0.036970504,1.0929809358508409
1141.5139746435923,1.1282543,0.03630508,1.0935057866842162
1141.5239283896187,1.0831381,0.035657693,1.0939215422613187
1141.5338821356454,1.0636883,0.035303105,1.0942164907820922
1141.5438358816718,1.0866667,0.035801835,1.094354592347207
1141.5537896276985,1.0927819,0.03631927,1.0943311870598176
1141.5637433737252,1.1122793,0.036484994,1.0941426752896546
1141.5736971197516,1.0523596,0.03556398,1.0937712786438905
1141.5836508657783,1.103729,0.03645969,1.0932281521904028
1141.5936046118047,1.104091,0.036509015,1.0925538311276177
1141.6035583578314,1.0977163,0.036875073,1.0917831781988467
1141.613512103858,1.1051636,0.036914457,1.0909677806672076
1141.6234658498845,1.1118866,0.036208972,1.090164820620785
1141.6334195959112,1.0204084,0.03444421,1.0894068796853298
1141.6433733419376,1.0501858,0.035123397,1.0887246835401774
1141.6533270879643,1.0591722,0.0353083,1.0881109997340324
1141.663280833991,1.0767467,0.035280306,1.087560823668339
1141.6732345800174,1.015805,0.033776965,1.0870723407844272
1141.683188326044,1.1011155,0.035035532,1.086631001516717
1141.6931420720707,1.0759326,0.03461073,1.086227344119677
1141.7030958180972,1.0942171,0.034947988,1.0858597210369145
1141.7130495641238,1.0772424,0.03438967,1.0855255387459797
1141.7230033101503,1.0255499,0.033057265,1.0852184021127942
1141.732957056177,1.1150609,0.033617213,1.0849321989539344
1141.7429108022036,1.0630188,0.032490574,1.0846514440676682
1141.75286454823,1.0689954,0.032577872,1.084352231465577
1141.7628182942567,1.0863328,0.032825746,1.0840116927743966
1141.7727720402831,1.1245928,0.033368073,1.0835971617280629
1141.7827257863098,1.0908244,0.03288359,1.083107244956564
1141.7926795323365,1.0565977,0.032370348,1.082541393705299
1141.802633278363,1.120747,0.033310346,1.08189604985274
1141.8125870243896,1.143625,0.03363843,1.0811866828909467
1141.822540770416,1.0861626,0.032803904,1.0804282150573312
1141.8324945164427,1.1004874,0.033013374,1.0796283095257124
1141.8424482624694,1.0717708,0.032589484,1.078795471214673
1141.8524020084958,1.1300237,0.03342874,1.0779386207899895
1141.8623557545225,1.1525451,0.03375546,1.0770598677979588
1141.872309500549,1.120055,0.03329931,1.0761575200296116
1141.8822632465756,1.0779114,0.032660943,1.075234792087986
1141.8922169926022,1.1301343,0.033418234,1.0742919222541367
1141.9021707386287,1.1029232,0.033019766,1.0733268931248676
1141.9121244846554,1.1067896,0.033071782,1.0723442233962122
1141.9220782306818,1.1033102,0.03301523,1.0713452606902658
1141.9320319767085,1.0971361,0.03293897,1.0703280334299856
1141.9419857227351,1.0740315,0.03258638,1.069292327746699
1141.9519394687616,1.1554987,0.03376737,1.0682381496199942
1141.9618932147882,1.1105291,0.033121258,1.0671638053328645
1141.9718469608147,1.1196072,0.033245493,1.0660700852856275
1141.9818007068413,1.0891585,0.03280341,1.0649626618060204
1141.991754452868,1.0795375,0.032654405,1.0638463825339817
1142.0017081988944,1.0823989,0.032709446,1.0627280410199125
1142.0116619449211,1.0418282,0.032092568,1.0616157070441217
1142.0216156909476,1.106306,0.03303222,1.0605172011282984
1142.0315694369742,1.0996007,0.03294078,1.0594480029004374
1142.041523183001,1.1164834,0.03318506,1.0584212204595123
1142.0514769290273,1.0183553,0.031732004,1.0574558378894865
1142.061430675054,1.0898927,0.032805827,1.056587246069703
1142.0713844210804,1.0899154,0.032797497,1.0558391796385145
1142.081338167107,1.1269809,0.033321604,1.0552195243270468
1142.0912919131338,1.061103,0.03236453,1.0547439984199316
1142.1012456591602,1.050205,0.03219593,1.0544233927332995
1142.1111994051869,1.0482316,0.032169353,1.0542396928585402
1142.1211531512135,1.0881234,0.03274979,1.054194495409208
1142.13110689724,1.0512888,0.03219722,1.054311675612078
1142.1410606432667,1.0823411,0.032665364,1.0545673268419866
1142.151014389293,1.0806359,0.032634057,1.0549615198731186
1142.1609681353198,1.094201,0.032826904,1.0555137057295076
1142.1709218813464,1.0238608,0.031788617,1.056202201182436
1142.1808756273729,1.0171326,0.031679023,1.0570059825600648
1142.1908293733995,1.0572696,0.032282975,1.0579030773007556
1142.200783119426,1.0754151,0.032549024,1.0588508995876926
1142.2107368654526,1.0230602,0.031755406,1.0598135981552146
1142.2206906114793,1.0206789,0.031725675,1.0607717328132482
1142.2306443575058,1.0920316,0.0327809,1.0617121239380558
1142.2405981035324,1.0520513,0.03219488,1.062630847030056
1142.2505518495589,1.0051177,0.03148372,1.0635245467095267
1142.2605055955855,1.0065317,0.031498298,1.0643846044439078
1142.2704593416122,1.0313175,0.03187621,1.0652127199342925
1142.2804130876386,1.0006851,0.031408105,1.066004889787094
1142.2903668336653,1.0043466,0.031457733,1.0667494543755336
1142.3003205796917,1.0114448,0.031566024,1.067442340093764
1142.3102743257184,1.0265028,0.031794485,1.0680779516234835
1142.320228071745,0.9744927,0.031001225,1.068641777351853
1142.3301818177715,1.0158005,0.031626046,1.069126691047104
1142.3401355637982,0.9741769,0.03099437,1.0695438627046532
1142.3500893098246,1.0075209,0.03148434,1.0699102249070553
1142.3600430558513,1.0051048,0.03144889,1.0702610765426652
1142.369996801878,0.9744754,0.03098305,1.0706365979189432
1142.3799505479044,0.9547147,0.030681953,1.0710627832493875
1142.389904293931,0.92367935,0.030180324,1.0715710831901093
1142.3998580399575,0.9680742,0.030876053,1.0721617593396604
1142.4098117859842,0.92228734,0.030158458,1.0728401483757515
1142.4197655320108,0.9502,0.030594109,1.0736214724821522
1142.4297192780373,0.9758035,0.030991321,1.0744995594510374
1142.439673024064,0.99443346,0.031277966,1.0754631007616926
1142.4496267700906,0.9639877,0.030802097,1.07650500565056
1142.459580516117,0.95801455,0.030717699,1.077606474761223
1142.4695342621437,0.9727726,0.030933864,1.0787404971325036
1142.4794880081702,0.9811309,0.031059634,1.0798877849083155
1142.4894417541968,1.0204448,0.031656224,1.0810209602054872
1142.4993955002233,1.0099759,0.031501208,1.08211121216567
1142.50934924625,1.0722924,0.032426875,1.0831277969622661
1142.5193029922766,1.1045533,0.0328939,1.0840214477558088
1142.529256738303,1.0075,0.031452563,1.084784109375578
1142.5392104843297,1.0317109,0.031810302,1.0854117604830549
1142.5491642303564,1.0738652,0.032430936,1.0858955040493705
1142.5591179763828,1.0971332,0.032774102,1.0862573545309093
1142.5690717224095,1.0746897,0.03244595,1.0865270351975607
1142.579025468436,1.1199768,0.0330986,1.0867213804568636
1142.5889792144626,1.1000004,0.032807343,1.0868572552688207
1142.5989329604893,1.0571553,0.03218288,1.0869548865022
1142.6088867065157,1.0632368,0.03226512,1.0870197421690275
1142.6188404525424,1.0000595,0.0313227,1.0870416796196734
1142.6287941985688,1.0105692,0.031481925,1.0870119984944715
1142.6387479445955,0.99443936,0.031230416,1.0869138538554248
1142.6487016906221,1.0946063,0.032724705,1.0867219674592945
1142.6586554366486,1.1204426,0.03309581,1.0864393436298745
1142.6686091826753,1.0534686,0.032115072,1.0860685906365424
1142.6785629287017,1.0778137,0.032474093,1.0856018005958343
1142.6885166747284,1.1028844,0.032822777,1.0850405219377157
1142.698470420755,1.058838,0.03218202,1.084393733955542
1142.7084241667815,1.0278164,0.03171696,1.0836582339075047
1142.7183779128081,1.0738161,0.03239707,1.0828257482082522
1142.7283316588346,1.0400531,0.031894322,1.0819072982708997
1142.7382854048612,1.0117258,0.031476177,1.0809004187364244
1142.748239150888,1.0019429,0.031319357,1.079783438004912
1142.7581928969144,1.0700313,0.03233996,1.0785672196719314
1142.768146642941,1.0403868,0.031891495,1.0772477413922794
1142.7781003889675,1.036036,0.03183107,1.0758103071636154
1142.7880541349941,1.040799,0.031900026,1.0742742231070412
1142.7980078810208,1.0602996,0.03218868,1.0726737411201
1142.8079616270472,1.0205041,0.03158289,1.0710565924437168
1142.817915373074,1.0048982,0.03134375,1.0694840026956085
1142.8278691191003,1.0124631,0.031458247,1.0679896917478373
1142.837822865127,0.9820151,0.030993896,1.0665904923397789
1142.8477766111537,1.0149283,0.031502835,1.0653017627066272
1142.8577303571801,0.9370108,0.030290203,1.0641086742889163
1142.8676841032068,0.9407132,0.030351361,1.0630133648880573
1142.8776378492335,1.0107249,0.03142724,1.0620370705215516
1142.88759159526,0.9588027,0.030629657,1.0611692662103183
1142.8975453412866,1.0277995,0.03167767,1.0604093806988217
1142.907499087313,0.9820722,0.030983536,1.059768429103107
1142.9174528333397,0.8965907,0.02964299,1.0592368908916607
1142.9274065793663,0.9220626,0.030040964,1.058799922538106
1142.9373603253928,0.9604738,0.030637436,1.0584542121368805
1142.9473140714194,0.9483603,0.030449366,1.058194438484242
1142.9572678174459,0.9424664,0.030357853,1.0580025241418145
1142.9672215634725,0.9345401,0.030237744,1.057872912798845
1142.9771753094992,0.9757424,0.030879969,1.0578091414951873
1142.9871290555257,1.0364997,0.031790055,1.057796486773259
1142.9970828015523,0.9934441,0.031136038,1.0578314905350843
1143.0070365475788,0.96932435,0.030770736,1.0579172209296617
1143.0169902936054,1.0224489,0.03157111,1.0580455406772251
1143.026944039632,0.96879345,0.030752942,1.0582122029576853
1143.0368977856585,1.0036883,0.031284183,1.0584186446042665
1143.0468515316852,0.94360024,0.030364383,1.058663971459691
1143.0568052777116,0.9941631,0.03113879,1.0589463976276625
1143.0667590237383,0.94454473,0.030376777,1.059271635519446
1143.076712769765,0.99487084,0.03114149,1.0596508266665152
1143.0866665157914,0.96993655,0.03075706,1.0600820546807554
1143.096620261818,0.9446112,0.030369308,1.060563294992717
1143.1065740078445,0.91215986,0.029860435,1.0610827839133299
1143.1165277538712,0.9465778,0.030390205,1.0616033129005702
1143.1264814998979,0.9051061,0.029744849,1.06210072902335
1143.1364352459243,0.8593695,0.029005658,1.0625637118797424
1143.146388991951,0.8710948,0.029186323,1.0630048957426086
1143.1563427379774,0.82511103,0.02842581,1.0634426183106191
1143.166296484004,0.846354,0.02877703,1.0638973821474478
1143.1762502300307,0.8647631,0.02907811,1.0643909318870328
1143.1862039760572,0.83233756,0.028541904,1.0649329482401966
1143.1961577220839,0.8140466,0.028241793,1.0655280506730183
1143.2061114681105,0.7879849,0.02779684,1.066174279055482
1143.216065214137,0.80089605,0.028011443,1.0668482189464772
1143.2260189601636,0.77349937,0.02754323,1.067532654414882
1143.23597270619,0.7230704,0.02665089,1.0682058541763433
1143.2459264522167,0.6841569,0.0259569,1.0688474238801169
1143.2558801982432,0.69903874,0.026219426,1.0694382582731825
1143.2658339442698,0.74709916,0.027077237,1.0699497713555728
1143.2757876902965,0.8362426,0.028596403,1.0703655804096153
1143.285741436323,0.8371299,0.028606627,1.0706871952247656
1143.2956951823496,0.86103946,0.02899684,1.07092168087429
1143.3056489283763,0.89307344,0.029508611,1.071098266333211
1143.3156026744027,0.8880603,0.029435063,1.0712641303191255
1143.3255564204294,0.9269592,0.030043857,1.071448769872418
1143.3355101664558,0.87965,0.029290646,1.0716749955165814
1143.3454639124825,0.959698,0.030552246,1.0719421851754571
1143.3554176585092,0.9885244,0.030992737,1.072252844230207
1143.3653714045356,1.0044527,0.031231655,1.072609211416936
1143.3753251505623,0.9340663,0.030150518,1.072993977228258
1143.3852788965887,1.0123619,0.031345583,1.0733891473691615
1143.3952326426154,0.9724058,0.030739352,1.073778784417569
1143.405186388642,0.972495,0.030745149,1.074148353923201
1143.4151401346685,0.9531648,0.030438593,1.0744877621178262
1143.4250938806952,0.96153075,0.030562732,1.0747825603353889
1143.4350476267216,0.92832077,0.03005217,1.0750082677743555
1143.4450013727483,0.9595939,0.030528348,1.0751570414407055
1143.454955118775,1.004711,0.031226091,1.0752162489600054
1143.4649088648014,0.9469889,0.03033802,1.0751611323875556
1143.474862610828,0.9571735,0.030488862,1.0750043170480543
1143.4848163568545,0.9646775,0.030602433,1.0747487984650341
1143.4947701028811,0.90806365,0.029718276,1.074385788195047
1143.5047238489078,0.9179876,0.029875442,1.0739226735134868
1143.5146775949343,0.9446056,0.03029102,1.0733691760021842
1143.524631340961,0.88076085,0.029274624,1.0727228220530438
1143.5345850869874,0.9309182,0.03007227,1.0719835367258426
1143.544538833014,0.84381896,0.028676923,1.0711733191784085
1143.5544925790407,0.9035826,0.02963929,1.0703121902035508
1143.5644463250671,0.87077147,0.029109819,1.069424458577378
1143.5744000710938,0.88207144,0.029293329,1.0685367815180125
1143.5843538171202,0.89731824,0.02953733,1.067663065188245
1143.594307563147,0.8944396,0.029490797,1.0668213730095664
1143.6042613091736,0.8478181,0.028735107,1.0660253385066039
1143.6142150552,0.8363337,0.028542925,1.0652895076421125
1143.6241688012267,0.8315959,0.028461156,1.064637608412512
1143.6341225472534,0.83663464,0.028542105,1.0640843279499936
1143.6440762932798,0.8330546,0.028483123,1.0636277971661117
1143.6540300393065,0.8285255,0.028404213,1.0632723204563475
1143.663983785333,0.8710484,0.029096892,1.0630239697106234
1143.6739375313596,0.7822917,0.027615767,1.0628627846578824
1143.6838912773862,0.7937151,0.027815022,1.0627829337250434
1143.6938450234127,0.80635744,0.028030433,1.0627896544743036
1143.7037987694393,0.79081553,0.027758818,1.0628596537586483
1143.7137525154658,0.7569101,0.02717845,1.0629757816245882
1143.7237062614925,0.74359995,0.026943898,1.0631159515314963
1143.7336600075191,0.70809805,0.026315112,1.0632505911697416
1143.7436137535456,0.70688945,0.026293295,1.0633612420517236
1143.7535674995722,0.7525065,0.027098818,1.0634386359558217
1143.7635212455987,0.72460765,0.026608136,1.0634824595363985
1143.7734749916253,0.7245357,0.026600529,1.0634994720963138
1143.783428737652,0.71044713,0.026347687,1.0634916588488716
1143.7933824836784,0.73238635,0.02673972,1.0634582890622188
1143.803336229705,0.779116,0.027548794,1.06340798690841
1143.8132899757315,0.74078363,0.026876755,1.0633491605233067
1143.8232437217582,0.71670353,0.026454307,1.063299452228251
1143.8331974677849,0.8251699,0.0283201,1.0632805932991787
1143.8431512138113,0.8679294,0.029020958,1.0633077960840285
1143.853104959838,0.86466926,0.028968547,1.0633833852428893
1143.8630587058644,0.8912793,0.02939031,1.0634803860156823
1143.873012451891,0.8939194,0.02943252,1.063567033942877
1143.8829661979178,0.99394804,0.03098211,1.0636216923712276
1143.8929199439442,0.953909,0.030369215,1.0636272791785992
1143.9028736899709,0.94473743,0.03022868,1.0635832307142739
1143.9128274359973,0.9908515,0.030931212,1.0634849129343122
1143.922781182024,1.0187556,0.03147234,1.063317055307191
1143.9327349280506,1.0255418,0.032010913,1.0630849730910086
1143.942688674077,1.0157752,0.032132775,1.0627862368152443
1143.9526424201038,1.0969356,0.033654276,1.0624098589363296
1143.9625961661302,1.0262625,0.032489233,1.0619584959210837
1143.9725499121569,0.9995247,0.03213392,1.0614373112484565
1143.9825036581835,1.042702,0.033059947,1.060844097342419
1143.99245740421,0.99925923,0.03232239,1.0601820646696534
1144.0024111502366,1.083994,0.03393017,1.0594708924422498
1144.012364896263,1.058841,0.03369905,1.0587283678032908
1144.0223186422897,1.0644128,0.03374838,1.0579777400954382
1144.0322723883164,1.0539864,0.033693694,1.0572396996735676
1144.0422261343429,1.0302433,0.033505592,1.0565254635485233
1144.0521798803695,1.07853,0.034314234,1.0558574003484413
1144.0621336263962,1.076952,0.0344911,1.055256416758379
1144.0720873724226,1.1332065,0.035210453,1.0547397994665149
1144.0820411184493,1.0476717,0.03417885,1.054326551566218
1144.0919948644757,1.099828,0.03507616,1.054018941708431
1144.1019486105024,1.0944145,0.035141025,1.053805682814954
1144.111902356529,1.1006802,0.035326995,1.053686272517585
1144.1218561025555,1.086417,0.035385173,1.053664217758016
1144.1318098485822,1.0993234,0.034972686,1.0537212463465333
1144.1417635946086,1.0728524,0.034507792,1.0538530635449788
1144.1517173406353,1.163031,0.036237594,1.0540687878249735
1144.161671086662,1.0991428,0.035152595,1.0543541952735815
1144.1716248326884,1.0950361,0.03456406,1.0547046148551567
1144.181578578715,1.0879626,0.034389783,1.0551200138792793
1144.1915323247415,1.0883255,0.034572814,1.0555861066762366
1144.2014860707682,1.0774873,0.03415333,1.0560883827315624
1144.2114398167948,1.1196431,0.03511166,1.056619464942465
1144.2213935628213,1.0790256,0.034674983,1.0571737900716065
1144.231347308848,1.1261472,0.03532201,1.0577464160293018
1144.2413010548744,1.1670998,0.03616715,1.0583396085068242
1144.251254800901,1.0629225,0.034361318,1.0589661464378004
1144.2612085469277,1.0762004,0.03459272,1.0596344492752376
1144.2711622929542,1.091337,0.03508686,1.0603582539454273
1144.2811160389808,1.0545288,0.03454494,1.0611563252021634
1144.2910697850073,1.0875236,0.035022985,1.0620164125569185
1144.301023531034,1.0714035,0.03456811,1.0629138947620285
1144.3109772770606,1.1232262,0.034940656,1.0638133158573893
1144.320931023087,1.0759495,0.03441356,1.0646705918670993
1144.3308847691137,1.0667015,0.034060713,1.0654569318875724
1144.3408385151401,1.0171077,0.033169344,1.066150568516382
1144.3507922611668,1.1455424,0.035213344,1.0667344632190607
1144.3607460071935,1.1717292,0.035169225,1.0672314855588243
1144.37069975322,1.0728112,0.033604313,1.067657835068237
1144.3806534992466,1.132288,0.03443312,1.0680297996709776
1144.3906072452733,1.1019229,0.03400627,1.0683811387007847
1144.4005609912997,1.1011058,0.033719413,1.0687364101066117
1144.4105147373264,1.1000166,0.033240773,1.0691247958094288
1144.4204684833528,1.0536441,0.03189397,1.0695714625001198
1144.4304222293795,1.0887185,0.032304317,1.0700904433711935
1144.4403759754061,1.0841085,0.032232746,1.070695667524265
1144.4503297214326,1.1502934,0.03317554,1.0713914103037503
1144.4602834674592,1.0834163,0.03222331,1.0721519056478364
1144.4702372134857,1.1147392,0.032667782,1.0729492412413368
1144.4801909595124,1.085746,0.032251876,1.0737386052588398
1144.490144705539,1.1423496,0.033062514,1.0744799562266554
1144.5000984515655,1.1000825,0.03245371,1.075149007407253
1144.5100521975921,1.143915,0.03307342,1.0757173557130906
1144.5200059436186,1.0994123,0.03243896,1.0761801625070728
1144.5299596896452,1.061898,0.03189592,1.076534221657789
1144.539913435672,1.0652567,0.031950343,1.0767651920013268
1144.5498671816983,1.0635401,0.0319197,1.0768700287901085
1144.559820927725,1.0781369,0.032127075,1.0768671046899665
1144.5697746737515,1.1301218,0.032874074,1.0767649414761828
1144.5797284197781,1.0959096,0.032382328,1.0765689248528307
1144.5896821658048,1.0733378,0.03205298,1.0763084393146194
1144.5996359118312,1.0645852,0.03192512,1.075994355249239
1144.609589657858,1.117229,0.032679457,1.0756267026673505
1144.6195434038843,1.062656,0.031894565,1.075216568579439
1144.629497149911,1.1305639,0.032870766,1.074770423403
1144.6394508959377,1.077327,0.032108087,1.0742934914870583
1144.649404641964,1.0397104,0.031554986,1.0737984013825332
1144.6593583879908,1.0550015,0.03177601,1.0732978814005807
1144.6693121340172,1.0335964,0.03146351,1.072799263899733
1144.6792658800439,1.0521474,0.031734046,1.0723029219645732
1144.6892196260706,1.0490468,0.031687126,1.0718009513649511
1144.699173372097,1.054372,0.031766813,1.0712825069122056
1144.7091271181237,1.0326645,0.03144585,1.0707290080364689
1144.71908086415,1.0349218,0.03147632,1.0701331193318617
1144.7290346101768,1.0057616,0.031042302,1.0694854354450851
1144.7389883562034,1.017773,0.031221159,1.068771446395071
1144.7489421022299,0.9577629,0.03031125,1.0679975372321748
1144.7588958482565,0.9933925,0.030852078,1.0671848708780163
1144.768849594283,0.94720006,0.030144433,1.0663640046045597
1144.7788033403097,0.93604624,0.029969612,1.0655708578365621
1144.7887570863363,0.9361077,0.02997129,1.0648198092441508
1144.7987108323628,0.91021484,0.029589,1.0641112227356295
1144.8086645783894,0.8769022,0.029340988,1.063435399931053
1144.818618324416,0.8263619,0.029219883,1.062765558357969
1144.8285720704425,0.88673663,0.03047596,1.0620838399322943
1144.8385258164692,0.81821,0.029194983,1.0613754766746972
1144.8484795624956,0.7761444,0.028677339,1.060640106652325
1144.8584333085223,0.7296416,0.028018143,1.0598813936947673
1144.868387054549,0.67999494,0.027868405,1.0591020734797971
1144.8783408005754,0.7047181,0.028392537,1.0583061298749405
1144.888294546602,0.6166547,0.026915153,1.0574976044616848
1144.8982482926285,0.6065247,0.026111173,1.056678656444256
1144.9082020386552,0.5502769,0.025146278,1.0558541188160517
1144.9181557846819,0.54915786,0.025517505,1.0550347269516802
1144.9281095307083,0.49105248,0.02399083,1.054233853583351
1144.938063276735,0.47797847,0.023346018,1.0534753480933998
1144.9480170227614,0.48654917,0.023630336,1.0527711213883868
1144.957970768788,0.4841377,0.02384499,1.0521316429723602
1144.9679245148147,0.49493158,0.023750419,1.0515742927249154
1144.9778782608412,0.4781324,0.02318135,1.0511063779440262
1144.9878320068678,0.5328912,0.024555327,1.050731629524682
1144.9977857528943,0.580157,0.026021414,1.050469115828969
1145.007739498921,0.61548203,0.026614768,1.0503488111669634
1145.0176932449476,0.63044417,0.026510138,1.0503743933851546
1145.027646990974,0.64178514,0.026570734,1.050562094652228
1145.0376007370007,0.6051963,0.025780309,1.0509528703778093
1145.0475544830272,0.6395769,0.026653236,1.0515115704752986
1145.0575082290538,0.7027093,0.028373767,1.0522215027222743
1145.0674619750805,0.7247241,0.02864901,1.0530704529198156
1145.077415721107,0.74804056,0.0288439,1.054015609362217
1145.0873694671336,0.77472115,0.029658098,1.0550219070161106
1145.09732321316,0.78044933,0.029800769,1.0560647476940133
1145.1072769591867,0.81583357,0.030179905,1.0571150321990719
1145.1172307052134,0.77498585,0.02961713,1.058142832754276
1145.1271844512398,0.8752472,0.03151118,1.0591182286886616
1145.1371381972665,0.8598741,0.03225464,1.0600004301833303
1145.1470919432932,0.7445347,0.029729186,1.060791887250631
1145.1570456893196,0.7874608,0.0306673,1.0615004038867735
1145.1669994353463,0.8018988,0.031056674,1.0621389957975516
1145.1769531813727,0.76375943,0.029916286,1.0627391820801997
1145.1869069273994,0.68290174,0.028161377,1.0633197557508491
1145.196860673426,0.67719686,0.028030297,1.0638922741061092
1145.2068144194525,0.64004225,0.027198877,1.064463983611637
1145.2167681654792,0.6420483,0.026800832,1.0650344047856926
1145.2267219115056,0.6466513,0.0269003,1.065597197472123
1145.2366756575323,0.54418004,0.024567114,1.066141665313057
1145.246629403559,0.5421159,0.024590934,1.0666648657615625
1145.2565831495854,0.5484812,0.02467354,1.0671655550229018
1145.266536895612,0.47666734,0.022880396,1.0676410482997767
1145.2764906416385,0.48013115,0.022744663,1.068097585464428
1145.2864443876651,0.42495152,0.021479562,1.0685409868426765
1145.2963981336918,0.4105195,0.020904552,1.0689773863758356
1145.3063518797182,0.45392096,0.021759389,1.0694125300857407
1145.316305625745,0.40770197,0.020748606,1.0698467910310734
1145.3262593717714,0.4123702,0.020910501,1.0702731167155306
1145.336213117798,0.45757043,0.021979403,1.0706763533608727
1145.3461668638247,0.3683127,0.01978379,1.0710460661568177
1145.3561206098511,0.36843437,0.019852828,1.0713729173370834
1145.3660743558778,0.36277944,0.019506007,1.0716422820671105
1145.3760281019042,0.34498248,0.018655233,1.071862491850884
1145.385981847931,0.37512058,0.019251995,1.0720395708851784
1145.3959355939576,0.35682347,0.018796474,1.0721827871220826
1145.405889339984,0.33036444,0.018119702,1.0723130157409577
1145.4158430860107,0.32260928,0.01791722,1.0724480363347497
1145.4257968320371,0.31972924,0.017839773,1.0726010216843158
1145.4357505780638,0.29946378,0.01729046,1.0727780443444366
1145.4457043240905,0.29679763,0.01722024,1.0729737499503784
1145.455658070117,0.28731808,0.01695307,1.0731816454584278
1145.4656118161436,0.27740574,0.016673895,1.0733929679331724
1145.47556556217,0.33496433,0.018234877,1.073599659458456
1145.4855193081967,0.30888876,0.017544447,1.0737995718710642
1145.4954730542233,0.32125983,0.01787484,1.073997575820564
1145.5054268002498,0.3260344,0.017999662,1.0742078225770983
1145.5153805462764,0.3783379,0.019322244,1.074447845642427
1145.525334292303,0.38500875,0.019484064,1.0747425412011333
1145.5352880383296,0.3778472,0.019312115,1.075113544731196
1145.5452417843562,0.43761972,0.02071044,1.0755628657112217
1145.5551955303827,0.48820487,0.021826476,1.0760887991354529
1145.5651492764093,0.52385134,0.022576353,1.076681077686734
1145.575103022436,0.5543974,0.02319974,1.0773056177200115
1145.5850567684624,0.58848923,0.023876073,1.0779409318420918
1145.595010514489,0.6294306,0.024658542,1.0785626932807293
1145.6049642605155,0.6412902,0.024883209,1.079149783494331
1145.6149180065422,0.676705,0.025536507,1.0796825048951042
1145.6248717525689,0.72719157,0.026436886,1.0801293550259072
1145.6348254985953,0.7871222,0.027469754,1.080464011351134
1145.644779244622,0.79305595,0.027570575,1.0806749448917867
1145.6547329906484,0.83646655,0.028286086,1.0807431476740987
1145.664686736675,0.83442384,0.02825395,1.080651314199283
1145.6746404827018,0.84164196,0.028368719,1.0804347484326082
1145.6845942287282,0.90183765,0.02933271,1.0801203139083346
1145.6945479747549,0.9105104,0.029466625,1.07974003814362
1145.7045017207813,0.9253117,0.029700054,1.0793467927780123
1145.714455466808,0.9815051,0.030558703,1.0789742678672942
1145.7244092128346,1.0026311,0.030877791,1.0786542945013973
1145.734362958861,0.9960152,0.030777343,1.078402394812985
1145.7443167048878,0.9531372,0.03012584,1.078220040240982
1145.7542704509142,0.9910947,0.03070488,1.0781119689397742
1145.7642241969409,1.0099704,0.03098094,1.0780827523807948
1145.7741779429675,1.0328087,0.03132251,1.0781221773232428
1145.784131688994,1.0224327,0.031166388,1.0782304083215069
1145.7940854350206,1.0436122,0.031481937,1.0784218371148768
1145.804039181047,1.0290403,0.03126072,1.0786860888107515
1145.8139929270737,1.0032152,0.03087808,1.0790250206303202
1145.8239466731004,1.0574672,0.03167542,1.0794508353433636
1145.8339004191268,1.0290706,0.031258706,1.0799611518677783
1145.8438541651535,1.0328352,0.031315085,1.0805516371094073
1145.85380791118,1.1095788,0.032421798,1.0812220411603113
1145.8637616572066,1.0590962,0.03169947,1.0819557319675754
1145.8737154032333,1.0538856,0.031619914,1.082713137150676
1145.8836691492597,1.0283152,0.031244563,1.0834579070968444
1145.8936228952864,1.0069121,0.03092471,1.0841461174281406
1145.903576641313,1.0742645,0.03190966,1.0847643164183762
1145.9135303873395,1.05091,0.031568695,1.0853042367411283
1145.9234841333662,1.0657941,0.031786192,1.085752254916066
1145.9334378793926,1.0730413,0.03189235,1.0861166348483031
1145.9433916254193,1.0890156,0.032121878,1.086404239897427
1145.953345371446,1.0252846,0.0311912,1.0866140551205365
1145.9632991174724,1.0140507,0.03102831,1.0867512043443
1145.973252863499,1.1720781,0.03328538,1.08682971575958
1145.9832066095255,1.1014421,0.032291077,1.0868545793382767
1145.9931603555522,1.0993052,0.032260347,1.0868245948870068
1146.0031141015788,1.0498806,0.03154946,1.0867518193645775
1146.0130678476053,1.1284243,0.03267259,1.0866401565148784
1146.023021593632,1.0738939,0.03189686,1.0864937992290415
1146.0329753396584,1.0153974,0.031039014,1.086333487766731
1146.042929085685,1.0990292,0.03225402,1.0861815267367596
1146.0528828317117,1.0815637,0.032006457,1.0860666833053105
1146.0628365777382,1.0470784,0.031504113,1.086013682532187
1146.0727903237648,1.0529408,0.031591173,1.0860287080821152
1146.0827440697913,1.0318747,0.03127515,1.0861145294404477
1146.092697815818,1.0583304,0.03166442,1.0862706215261193
1146.1026515618446,1.0396322,0.031391516,1.0864756035074334
1146.112605307871,1.0292857,0.03123505,1.086718471599843
1146.1225590538977,1.0768038,0.031926785,1.086994094890624
1146.1325127999241,1.0406078,0.031400792,1.087293198639315
1146.1424665459508,1.0982331,0.032230258,1.087614632965924
1146.1524202919775,1.0738994,0.031885263,1.0879639718862717
1146.162374038004,1.0496429,0.031531252,1.0883462898105765
1146.1723277840306,1.0637043,0.031734116,1.088764097231777
1146.182281530057,1.0811398,0.031982593,1.0892220794940042
1146.1922352760837,1.0532614,0.031582486,1.089723403942375
1146.2021890221104,1.0646638,0.03174891,1.0902573242869078
1146.2121427681368,1.0465568,0.03148537,1.0908149432163698
1146.2220965141635,1.043915,0.03144165,1.0913848187879247
1146.23205026019,1.1121271,0.032425515,1.0919517675801258
1146.2420040062166,1.1312625,0.03269517,1.0925070412203028
1146.2519577522432,1.0948874,0.03217608,1.093045029326395
1146.2619114982697,1.0162662,0.031032752,1.093568781531417
1146.2718652442964,1.1120608,0.032420337,1.0940858724908549
1146.2818189903228,1.0718994,0.03184405,1.0946047715254474
1146.2917727363495,1.1105547,0.032397844,1.0951354688760713
1146.3017264823761,1.1155185,0.032467432,1.09568379727091
1146.3116802284026,1.0826458,0.03200065,1.0962546505138608
1146.3216339744292,1.1055526,0.032321658,1.0968570183999038
1146.331587720456,1.1237242,0.032582793,1.0974881307978401
1146.3415414664823,1.1416892,0.03282613,1.0981464410446595
1146.351495212509,1.107483,0.032345835,1.0988277835945837
1146.3614489585354,1.1187814,0.03250668,1.0995169171130372
1146.3714027045621,1.1308335,0.03268122,1.1001952749166954
1146.3813564505888,1.1192952,0.032514993,1.1008389982383893
1146.3913101966152,1.1110969,0.03239529,1.101418955410824
1146.401263942642,1.1104678,0.032388873,1.1019196357678231
1146.4112176886683,1.1811477,0.03337447,1.102324750805467
1146.421171434695,1.1317846,0.032688968,1.1026075268314754
1146.4311251807217,1.0955732,0.03217643,1.1027913951820283
1146.441078926748,1.1097887,0.032375794,1.102892046485127
1146.4510326727748,1.1175281,0.0324786,1.1029276556233931
1146.4609864188012,1.160359,0.03308294,1.1029321801621192
1146.4709401648279,1.104928,0.03230556,1.102929864889337
1146.4808939108545,1.1221288,0.032544218,1.1029380337320387
1146.490847656881,1.1430478,0.03283619,1.1029681901990225
1146.5008014029077,1.0872352,0.032048732,1.1030210187060017
1146.510755148934,1.0843326,0.03200062,1.1030937758738322
1146.5207088949608,1.0357858,0.031297605,1.103177101943241
1146.5306626409874,1.1458868,0.032870144,1.1032505937311994
1146.5406163870139,1.1044389,0.032291427,1.1032930279026623
1146.5505701330405,1.1387532,0.03276914,1.1032747688581812
1146.560523879067,1.0861487,0.032025978,1.1031883915949494
1146.5704776250936,1.0604565,0.031651877,1.1030385729919954
1146.5804313711203,1.1279429,0.032616872,1.102831222791626
1146.5903851171468,1.1401291,0.032788772,1.1025789273192002
1146.6003388631734,1.1219208,0.032534167,1.1022951260280331
1146.6102926091999,1.1334717,0.032696415,1.1019816403267695
1146.6202463552265,1.0807815,0.031946506,1.1016293805241615
1146.6302001012532,1.0639209,0.031699263,1.1012355269286371
1146.6401538472796,1.0565815,0.031594396,1.1007933286750524
1146.6501075933063,1.1250062,0.032568093,1.100294983560161
1146.660061339333,1.1061307,0.032300867,1.0997574859689863
1146.6700150853594,1.0605483,0.03164937,1.0992000700466455
1146.679968831386,1.1351157,0.032709688,1.0986402484266122
1146.6899225774125,1.0776504,0.03189252,1.0980901479831613
1146.6998763234392,1.0942839,0.03212919,1.0975515970931102
1146.7098300694656,1.0872619,0.03202813,1.0970229286481537
1146.7197838154923,1.0904057,0.032075405,1.0965040037542364
1146.729737561519,1.133955,0.032690503,1.095995611942728
1146.7396913075454,1.139967,0.032773472,1.0955016377886926
1146.749645053572,1.108198,0.032324392,1.0950295098458693
1146.7595987995987,1.1296376,0.03262621,1.094579247216719
1146.7695525456252,1.0990486,0.032194898,1.094150158169934
1146.7795062916518,1.1510962,0.032925136,1.0937431791670644
1146.7894600376783,1.1323432,0.03265953,1.0933573751654735
1146.799413783705,1.1110195,0.032363012,1.0929916047214288
1146.8093675297316,1.0865074,0.03201336,1.0926490847350343
1146.819321275758,1.061061,0.031645108,1.0923372963849989
1146.8292750217847,1.0468712,0.03143544,1.0920568312127124
1146.8392287678112,1.0440911,0.0313926,1.0918107761045306
1146.8491825138378,1.1269224,0.032581177,1.0916059333877284
1146.8591362598645,1.1399285,0.03276158,1.0914353569893627
1146.869090005891,1.0908841,0.0320656,1.09129457797078
1146.8790437519176,1.1073309,0.032303452,1.091181482746084
1146.888997497944,1.1186947,0.032462228,1.091090963156657
1146.8989512439707,1.1648381,0.033104163,1.0910186264767034
1146.9089049899974,1.0767257,0.03186438,1.0909643511097105
1146.9188587360238,1.1423558,0.032787856,1.0909304255984988
1146.9288124820505,1.0937581,0.0321041,1.0909152322705566
1146.938766228077,1.10616,0.032277584,1.090919391198559
1146.9487199741036,1.0775797,0.031870518,1.090945966002821
1146.9586737201303,1.0578656,0.031581398,1.0909909001886207
1146.9686274661567,1.0526122,0.03150577,1.0910524672922985
1146.9785812121834,1.0912863,0.03206236,1.091131774585913
1146.9885349582098,1.0927929,0.03208671,1.091230953924289
1146.9984887042365,1.0950003,0.03211464,1.0913547605918477
1147.0084424502631,1.0988224,0.032168288,1.091513372772312
1147.0183961962896,1.0862033,0.03203199,1.09172045416167
1147.0283499423163,1.0485405,0.031861886,1.091976367290138
1147.0383036883427,1.0983975,0.033371795,1.092281552693143
1147.0482574343694,1.0687785,0.03315859,1.0926360635800498
1147.058211180396,1.0418929,0.032533452,1.0930188551198619
1147.0681649264225,1.1162497,0.034078695,1.0934144730626327
1147.0781186724491,1.1222758,0.03423883,1.093807907992262
1147.0880724184758,1.1336856,0.035331525,1.0941874255841593
1147.0980261645022,1.1269135,0.035399877,1.0945480568855706
1147.107979910529,1.1335056,0.03626171,1.0948871747007058
1147.1179336565554,1.0932024,0.034726232,1.0952040719001055
1147.127887402582,1.1047492,0.034847222,1.0955030208614023
1147.1378411486087,1.1535498,0.03617465,1.095785378053456
1147.1477948946351,1.1069223,0.03524247,1.0960480209416774
1147.1577486406618,1.0988365,0.03488212,1.0962912633708202
1147.1677023866882,1.0948906,0.034599517,1.0965115031949209
1147.177656132715,1.0856476,0.03480211,1.096701367633437
1147.1876098787416,1.105059,0.034386247,1.0968605367714495
1147.197563624768,1.1548058,0.035208534,1.096993098480638
1147.2075173707947,1.1381187,0.03518704,1.097102919907408
1147.2174711168211,1.1162938,0.035215877,1.0971980427732722
1147.2274248628478,1.0923884,0.034498364,1.0972914851749755
1147.2373786088745,1.1712658,0.03557364,1.09739597130489
1147.247332354901,1.0777898,0.03413817,1.0975341361416935
1147.2572861009276,1.1196944,0.03459215,1.0977190253573323
1147.267239846954,1.1406511,0.03529949,1.0979624716102478
1147.2771935929807,1.1621264,0.035983637,1.098274310906779
1147.2871473390073,1.1284728,0.035093144,1.098638470768384
1147.2971010850338,1.067982,0.03426709,1.099030230687194
1147.3070548310604,1.1551629,0.035862003,1.0994270368867598
1147.3170085770869,1.1401997,0.035417512,1.0998084722846162
1147.3269623231135,1.1006781,0.03502815,1.100164614516928
1147.3369160691402,1.0640426,0.034188252,1.1004887325136399
1147.3468698151667,1.1619577,0.036330793,1.100767866072046
1147.3568235611933,1.1294714,0.036421165,1.101002986062725
1147.3667773072198,1.0991384,0.035667367,1.10118770665354
1147.3767310532464,1.1772789,0.03690486,1.101305668834315
1147.386684799273,1.116402,0.03566192,1.1013503246147325
1147.3966385452995,1.1640544,0.036286127,1.1013208880747953
1147.4065922913262,1.1288671,0.035799883,1.1012180205005873
1147.4165460373529,1.1173924,0.035242125,1.1010560102320726
1147.4264997833793,1.113054,0.035065867,1.1008626283311362
1147.436453529406,1.1268659,0.035080124,1.1006543572580636
1147.4464072754324,1.1116291,0.034565967,1.1004396372726397
1147.456361021459,1.1811981,0.03551871,1.1002189226240953
1147.4663147674855,1.160582,0.035506517,1.0999864795533774
1147.4762685135122,1.1295459,0.034874003,1.0997320350842517
1147.4862222595389,1.0819527,0.033679612,1.0994505529537082
1147.4961760055653,1.1646973,0.034883536,1.0991413337823355
1147.506129751592,1.1495018,0.034555975,1.0988037673295827
1147.5160834976186,1.1568282,0.034256727,1.0984412642591703
1147.526037243645,1.1315114,0.033619095,1.098063778734286
1147.5359909896717,1.0840293,0.033050966,1.097679931469853
1147.5459447356982,1.1088856,0.033481408,1.097302285022152
1147.5558984817249,1.162037,0.034346238,1.096941185795508
1147.5658522277515,1.1476974,0.034144703,1.0966039461045876
1147.575805973778,1.0868229,0.033156447,1.0962976103097226
1147.5857597198046,1.120809,0.033272155,1.0960179535898553
1147.595713465831,1.1547892,0.033133104,1.0957556409818645
1147.6056672118577,1.0848386,0.031924576,1.095498579471215
1147.6156209578844,1.08375,0.031912934,1.0952283607121522
1147.6255747039108,1.094093,0.032057405,1.0949283873785847
1147.6355284499375,1.0427101,0.03131526,1.0945843039540775
1147.645482195964,1.0918006,0.03202002,1.0941761903380365
1147.6554359419906,1.0843667,0.031916086,1.0937111393901173
1147.6653896880173,1.119494,0.032416347,1.0931925700424836
1147.6753434340437,1.0927713,0.032030724,1.0926227343370751
1147.6852971800704,1.0985755,0.032113142,1.092016445149714
1147.6952509260968,1.0631552,0.03160637,1.0913877345787601
1147.7052046721235,1.0753945,0.03178174,1.0907482711675476
1147.7151584181502,1.0467029,0.03136512,1.0901092002722401
1147.7251121641766,1.1161759,0.03236369,1.0894764767864338
1147.7350659102033,1.1371986,0.032656576,1.0888531396927275
1147.7450196562297,0.99358803,0.030581556,1.0882461977073814
1147.7549734022564,1.1100236,0.032272782,1.0876619740318472
1147.764927148283,1.0729245,0.03174318,1.0871132447745275
1147.7748808943095,1.0508037,0.031421818,1.086623828632578
1147.7848346403362,1.0159332,0.030907152,1.0862050390230604
1147.7947883863626,1.1156361,0.032348134,1.0858578037883593
1147.8047421323893,1.1119727,0.032300387,1.0855800999567298
1147.814695878416,1.0596945,0.03154939,1.0853572117856163
1147.8246496244424,1.1093115,0.03225953,1.0851634240748842
1147.834603370469,1.0698737,0.031696495,1.0849830798562108
1147.8445571164957,1.043393,0.031314034,1.0848058224084558
1147.8545108625221,1.0951285,0.032057416,1.0846291810155089
1147.8644646085488,1.047814,0.031374324,1.0844581734593635
1147.8744183545753,1.0622787,0.031588208,1.0843049742642668
1147.884372100602,1.0322363,0.03114884,1.0841805686154304
1147.8943258466286,1.0429424,0.031306718,1.0840918959560193
1147.904279592655,1.0099324,0.03081649,1.084045438212909
1147.9142333386817,1.0118779,0.030845834,1.0840407082889962
1147.9241870847081,1.0730611,0.031736467,1.0840648084168798
1147.9341408307348,1.0707358,0.03170191,1.0841071269701348
1147.9440945767615,1.0329417,0.031152572,1.084155220498377
1147.954048322788,1.1094489,0.03225517,1.0841958725811387
1147.9640020688146,1.0952936,0.032053754,1.0842203193371254
1147.973955814841,1.0651381,0.03161648,1.0842181755812907
1147.9839095608677,1.1445338,0.032740723,1.0841861595754998
1147.9938633068944,0.9978537,0.030625133,1.0841249630338516
1148.0038170529208,1.0611908,0.0315605,1.084035663396252
1148.0137707989475,1.0712962,0.031705342,1.083924320359189
1148.023724544974,1.0847876,0.031898417,1.083802629154384
1148.0336782910006,1.0724854,0.031715155,1.0836799367533083
1148.0436320370272,1.0842997,0.031880643,1.0835691886699217
1148.0535857830537,1.1178347,0.03235526,1.0834787235081673
1148.0635395290803,1.114485,0.032307878,1.0834159888092065
1148.0734932751068,1.1439667,0.03271957,1.0833915732269954
1148.0834470211335,1.1450096,0.032732736,1.0834082480679084
1148.0934007671601,1.117726,0.032348834,1.083466578026636
1148.1033545131866,1.1238163,0.032433163,1.0835711854141408
1148.1133082592132,1.1546723,0.032865044,1.0837257521215014
1148.1232620052397,1.073146,0.031713586,1.0839229253603115
1148.1332157512663,1.067993,0.031636663,1.0841572363175036
1148.143169497293,1.1336737,0.032567993,1.0844198109095093
1148.1531232433194,1.0908182,0.03196068,1.084685519869548
1148.163076989346,1.1228888,0.032413896,1.08493366253012
1148.1730307353725,1.0859522,0.031889897,1.0851414715351397
1148.1829844813992,1.0682572,0.031632558,1.0853003992301424
1148.1929382274259,1.1484296,0.032762855,1.085411048436804
1148.2028919734523,1.1557558,0.03286131,1.0854697965690945
1148.212845719479,1.165079,0.032989006,1.0854695366829212
1148.2227994655054,1.1848067,0.03325813,1.0854117964122716
1148.232753211532,1.1335224,0.032550488,1.0852923390875402
1148.2427069575588,1.0918293,0.031962037,1.0850981983283179
1148.2526607035852,1.1249925,0.032425433,1.0848439910180752
1148.2626144496119,1.1094571,0.03220705,1.0845386242271338
1148.2725681956385,1.0946864,0.03199663,1.0841939017325548
1148.282521941665,1.0666068,0.031594258,1.083833713794974
1148.2924756876916,1.0879833,0.031898748,1.083476923811261
1148.302429433718,1.0566896,0.031450808,1.0831339485910458
1148.3123831797448,1.0421176,0.0312316,1.0828092719024185
1148.3223369257714,1.1394767,0.032619283,1.0825028529129481
1148.3322906717979,1.0754036,0.031713285,1.0822189205808663
1148.3422444178245,1.0584995,0.031466704,1.0819692681343542
1148.352198163851,1.1380403,0.032591857,1.0817560968034239
1148.3621519098776,1.0950593,0.03198799,1.0815829092798293
1148.3721056559043,1.069634,0.031618718,1.0814530992064622
1148.3820594019307,1.0751594,0.031697538,1.081358519706082
1148.3920131479574,1.0932487,0.031956725,1.0812870071432457
1148.4019668939839,1.1028242,0.032092273,1.0812271551655204
1148.4119206400105,1.1415877,0.032634314,1.0811648760083146
1148.4218743860372,1.0567415,0.031426,1.081088861344709
1148.4318281320636,1.0665233,0.031566963,1.080991979029795
1148.4417818780903,1.0698742,0.031613678,1.080866349079637
1148.4517356241167,1.1297703,0.032459352,1.0807146351365153
1148.4616893701434,1.1439228,0.032657277,1.0805334621540736
1148.47164311617,1.1131586,0.032225203,1.0803069210720173
1148.4815968621965,1.1530889,0.032778874,1.0800173485829643
1148.4915506082232,1.1039978,0.032091934,1.0796538773803959
1148.5015043542496,1.1028308,0.032076925,1.0792063084414167
1148.5114581002763,1.080633,0.0317544,1.0786708509338552
1148.521411846303,1.0993248,0.032017753,1.0780679761420597
1148.5313655923294,1.1296487,0.032446727,1.077406730421501
1148.541319338356,1.1611795,0.03287957,1.076686836266184
1148.5512730843825,1.0407022,0.031173104,1.0759212263412137
1148.5612268304092,1.1048687,0.03208974,1.0751142495462176
1148.5711805764358,1.1075828,0.032129772,1.0742683635288774
1148.5811343224623,1.149193,0.03270894,1.073399293524879
1148.591088068489,1.1208402,0.032313086,1.0725322167473728
1148.6010418145156,1.1149471,0.03222704,1.071697871312673
1148.610995560542,1.1390269,0.032561153,1.070934694503566
1148.6209493065687,1.096813,0.031966306,1.0702531339977668
1148.6309030525952,1.0922786,0.03190125,1.0696584419132702
1148.6408567986218,1.1307312,0.032443035,1.0691591586958622
1148.6508105446485,1.0999691,0.032008354,1.068733089289476
1148.660764290675,1.1067255,0.032100655,1.0683654794411666
1148.6707180367016,1.1256937,0.032365233,1.0680451720851174
1148.680671782728,1.1251085,0.032359585,1.0677548453343335
1148.6906255287547,1.0816568,0.03174387,1.067479013916934
1148.7005792747814,1.1084735,0.032123767,1.067209981593801
1148.7105330208078,1.1215156,0.032304738,1.0669457422222732
1148.7204867668345,1.0434223,0.031184638,1.0666889305969334
1148.730440512861,1.1279919,0.032388166,1.0664465984683291
1148.7403942588876,1.0928689,0.031890757,1.0662333886756015
1148.7503480049143,1.0371302,0.031091977,1.0660584766554602
1148.7603017509407,1.0693513,0.031554364,1.065930889774091
1148.7702554969674,1.0603838,0.031419087,1.0658641088801852
1148.7802092429938,1.0097817,0.030684376,1.0658646493765072
1148.7901629890205,1.062796,0.031455662,1.065928833985677
1148.8001167350471,1.108365,0.032102317,1.06605867994127
1148.8100704810736,1.0929612,0.031884547,1.0662629214757533
1148.8200242271002,1.1083925,0.032099046,1.0665308753033549
1148.8299779731267,1.0151149,0.03075207,1.0668623746605563
1148.8399317191534,1.0517622,0.031289812,1.0672673569635958
1148.84988546518,1.0593104,0.03139451,1.0677411693036323
1148.8598392112065,1.0381428,0.031087497,1.0682850980238787
1148.8697929572331,1.078148,0.031662628,1.06891121984793
1148.8797467032596,1.0929421,0.03186841,1.069627304158474
1148.8897004492862,1.0862254,0.031770036,1.0704245075460284
1148.899654195313,1.0603572,0.031398702,1.071293736704188
1148.9096079413393,1.1237339,0.032301884,1.072218057771551
1148.919561687366,1.0876726,0.031791773,1.0731597842991305
1148.9295154333925,1.0758296,0.03161891,1.0740958325337528
1148.9394691794191,1.0891181,0.031807017,1.0750051272125924
1148.9494229254458,1.0738477,0.031586573,1.0758788737323646
1148.9593766714722,1.121584,0.032256965,1.0767137958743846
1148.969330417499,1.1284695,0.032354478,1.0775040283047712
1148.9792841635253,1.1115817,0.032117896,1.0782450699807808
1148.989237909552,1.1236233,0.032284867,1.0789389534200295
1148.9991916555787,1.0557688,0.031320967,1.0795823090210088
1149.009145401605,1.0615432,0.03140185,1.0801655781213138
1149.0190991476318,1.1634597,0.03282902,1.080703860979146
1149.0290528936584,1.1102844,0.0320893,1.0812100448118787
1149.0390066396849,1.1660539,0.032857418,1.0816992207090865
1149.0489603857116,1.0623766,0.031407442,1.0821836799590863
1149.058914131738,1.1405303,0.032503687,1.082664026307204
1149.0688678777647,1.0686514,0.031490993,1.083133785464072
1149.0788216237913,1.1024816,0.031971943,1.083583071648854
1149.0887753698178,1.0853895,0.031724077,1.0840066921018108
1149.0987291158444,1.1022518,0.0319611,1.0844006697348703
1149.1086828618709,1.0611248,0.031373244,1.0847593453984152
1149.1186366078975,1.0438129,0.031120732,1.0850930923051296
1149.1285903539242,1.1022127,0.0319592,1.085410273553519
1149.1385440999506,1.0222555,0.030797673,1.08572176448165
1149.1484978459773,1.0463109,0.031152219,1.0860401419886458
1149.1584515920038,1.0949332,0.031844668,1.0863743019892085
1149.1684053380304,1.1003933,0.03192082,1.0867334981980352
1149.178359084057,1.0933634,0.031821106,1.0871294781643748
1149.1883128300835,1.0436991,0.031106358,1.0875677415651352
1149.1982665761102,1.0881641,0.031740803,1.0880575077669543
1149.2082203221366,1.092469,0.031800963,1.0886153294426122
1149.2181740681633,1.0274765,0.030862559,1.0892289712570098
1149.22812781419,1.1092063,0.03203322,1.089886425952176
1149.2380815602164,1.0885106,0.031739395,1.0905735031347872
1149.248035306243,1.1013459,0.031920243,1.0912726016616934
1149.2579890522695,1.0710475,0.03148389,1.091972193880534
1149.2679427982962,1.0820898,0.031641267,1.0926628573850699
1149.2778965443229,1.1077826,0.03200369,1.0933301493381535
1149.2878502903493,1.081536,0.031628348,1.0939615759682555
1149.297804036376,1.1121441,0.032061256,1.0945397658911786
1149.3077577824024,1.1065421,0.031981483,1.095026559428193
1149.317711528429,1.0661987,0.03140626,1.095401834420647
1149.3276652744557,1.1078755,0.031994775,1.095638855071199
1149.3376190204822,1.0951691,0.031811148,1.0956963188218016
1149.3475727665088,1.1432459,0.032484,1.095562031590946
1149.3575265125355,1.1480008,0.032549597,1.0952543357874767
1149.367480258562,1.0568928,0.03126124,1.094784383126223
1149.3774340045886,1.0972792,0.03183466,1.0941690727749371
1149.387387750615,1.109923,0.032012112,1.093471312495128
1149.3973414966417,1.0914408,0.03174476,1.0927368957040584
1149.4072952426682,1.0961047,0.031809818,1.092020186606359
1149.4172489886948,1.0686197,0.031416554,1.0913630977883888
1149.4272027347215,1.127665,0.03225185,1.090784966983163
1149.437156480748,1.1003559,0.031865925,1.0902947002913963
1149.4471102267746,1.1041228,0.031918608,1.0898779645761114
1149.4570639728013,1.0907695,0.03172552,1.0895066339926842
1149.4670177188277,1.1573837,0.03265417,1.0891616103827249
1149.4769714648544,1.0958165,0.031797137,1.088828709451856
1149.4869252108808,1.0931511,0.031755477,1.08849917842711
1149.4968789569075,1.0620519,0.031309366,1.0881737015319355
1149.5068327029342,1.0885658,0.03168637,1.0878595962129691
1149.5167864489606,1.1076931,0.031953447,1.0875645720181888
1149.5267401949873,1.119617,0.032118674,1.0872951497637715
1149.5366939410137,1.105696,0.03191762,1.0870594268519977
1149.5466476870404,1.1345116,0.032323584,1.0868632212706066
1149.556601433067,1.1618084,0.032697607,1.0867050520913213
1149.5665551790935,1.1060368,0.031921383,1.0865862401174216
1149.5765089251202,1.0956191,0.03179879,1.086512918945048
1149.5864626711466,1.1036173,0.032246396,1.0864758393317184
1149.5964164171733,1.1610405,0.033762682,1.086471725945485
1149.6063701632,1.0598615,0.032631774,1.0865001480066012
1149.6163239092264,1.0782108,0.032731537,1.0865554567192741
1149.626277655253,1.0807891,0.03315204,1.0866341223150937
1149.6362314012795,1.0503312,0.0328379,1.0867366586002865
1149.6461851473061,1.0633403,0.033817332,1.0868638859854969
1149.6561388933328,1.0322324,0.033438534,1.0870112621035792
1149.6660926393592,1.0713035,0.034670454,1.0871756159270785
1149.676046385386,1.1323538,0.035193432,1.0873543106266084
1149.6860001314126,1.1064682,0.03448662,1.087540200175955
1149.695953877439,1.1283395,0.03545751,1.087730095607569
1149.7059076234657,1.016293,0.033484038,1.0879232378650086
1149.7158613694921,1.0660039,0.03377127,1.0881209964471188
1149.7258151155188,1.0413303,0.03342178,1.088326184371284
1149.7357688615452,1.0871937,0.034134705,1.0885427631746876
1149.745722607572,1.0389816,0.033029474,1.088774482313391
1149.7556763535986,1.0736657,0.033533875,1.0890195399823779
1149.765630099625,1.0632344,0.033671472,1.089275756716851
1149.7755838456517,1.06408,0.034352683,1.0895395655501607
1149.7855375916783,1.0534807,0.033754766,1.0898038320133974
1149.7954913377048,1.0589776,0.03340323,1.090062363961612
1149.8054450837315,1.0920057,0.03395358,1.0903074383987383
1149.815398829758,1.1003742,0.03408506,1.0905337390220557
1149.8253525757846,1.0656453,0.033514977,1.0907402946438693
1149.8353063218112,1.0770844,0.034239113,1.090926482306127
1149.8452600678377,1.0824219,0.034316204,1.0910928417332024
1149.8552138138643,1.1623219,0.035122566,1.0912463109391684
1149.8651675598908,1.0842239,0.034368794,1.091391670238673
1149.8751213059174,1.0915093,0.034312237,1.0915346961560632
1149.885075051944,1.0453559,0.033419028,1.0916818872630247
1149.8950287979706,1.1400062,0.0350827,1.0918380132793604
1149.9049825439972,1.0944818,0.034677584,1.0920082252562853
1149.9149362900237,1.1371888,0.03573323,1.0921957491761838
1149.9248900360503,1.0900046,0.034806155,1.0923996508042244
1149.934843782077,1.1219404,0.035307035,1.0926189279005303
1149.9447975281034,1.1377798,0.03561161,1.0928532834914861
1149.95475127413,1.0921267,0.03458283,1.0930991349330612
1149.9647050201565,1.0845174,0.03456377,1.0933574897211398
1149.9746587661832,1.1191545,0.035074238,1.093635107033946
1149.9846125122099,1.0869817,0.034356613,1.0939385913839643
1149.9945662582363,1.1143641,0.034560405,1.0942758611067538
1150.004520004263,1.0586485,0.033461407,1.0946598873718343
1150.0144737502894,1.0574884,0.033287045,1.0951040166330075
1150.024427496316,1.0600857,0.033474565,1.095610487535011
1150.0343812423428,1.0739923,0.033729192,1.0961861149275478
1150.0443349883692,1.1722637,0.034614973,1.0968515998610615
1150.0542887343959,1.0805839,0.03311127,1.0975968014822979
1150.0642424804223,1.0503991,0.032552965,1.0984194748838103
1150.074196226449,1.053348,0.032482803,1.099313039087086
1150.0841499724756,1.0165372,0.03150771,1.1002427665951102
1150.094103718502,0.9696852,0.030949257,1.1011644281881008
1150.1040574645288,0.9238892,0.030254886,1.102024061271508
1150.1140112105554,0.9873182,0.031249166,1.102753050399599
1150.1239649565819,1.041479,0.03225553,1.1033183032104492
1150.1339187026085,0.95232564,0.030556919,1.103688394109826
1150.143872448635,0.96579087,0.030619431,1.1038089111380387
1150.1538261946616,0.9289218,0.029481644,1.1037147648441
1150.163779940688,0.92144924,0.029096415,1.1034303389589422
1150.1737336867147,0.9187852,0.029053647,1.1029779704674127
1150.1836874327414,0.9211651,0.029088126,1.1024078042844792
1150.1936411787678,0.8462968,0.027912484,1.101766337169463
1150.2035949247945,0.88210267,0.02847841,1.1010801431258537
1150.2135486708212,0.81999236,0.027488027,1.1003703212346834
1150.2235024168476,0.79372495,0.027056932,1.099656093291867
1150.2334561628743,0.81494015,0.02740031,1.098947599706504
1150.2434099089007,0.8152393,0.027404927,1.0982562425315334
1150.2533636549274,0.80899644,0.027299784,1.0975890629278382
1150.263317400954,0.8475932,0.02792285,1.0969532009666891
1150.2732711469805,0.7898898,0.026984718,1.0963580670897228
1150.2832248930072,0.8237816,0.027538057,1.0958043077487898
1150.2931786390336,0.84794426,0.027923418,1.095281646932728
1150.3031323850603,0.84749687,0.027914217,1.0947821376760845
1150.313086131087,0.91365427,0.028946606,1.0942990150885736
1150.3230398771134,0.84604776,0.027887814,1.0938230742140296
1150.33299362314,0.8848176,0.02849729,1.0933502753611555
1150.3429473691665,0.85965246,0.028100112,1.0928786741741434
1150.3529011151932,0.89760166,0.028697984,1.0924093279207732
1150.3628548612198,0.99319035,0.03013797,1.0919461493295286
1150.3728086072463,0.9696338,0.029786427,1.091496423150546
1150.382762353273,0.97627735,0.029885804,1.0910697000297218
1150.3927160992994,0.9792937,0.029925782,1.0906707306380148
1150.402669845326,1.0500855,0.03095688,1.0903044564664381
1150.4126235913527,1.0755706,0.031318124,1.0899807833748876
1150.4225773373792,1.0404125,0.030813983,1.08969405118617
1150.4325310834058,1.0198039,0.03051083,1.0894429379082662
1150.4424848294323,1.0949548,0.031581637,1.0892274577355476
1150.452438575459,1.0449712,0.030871058,1.089039397395073
1150.4623923214856,1.0359651,0.030739667,1.0888684144546312
1150.472346067512,1.0876229,0.031473998,1.0887048931482104
1150.4822998135387,1.0781165,0.031336423,1.0885380355537335
1150.4922535595651,1.0699428,0.031218741,1.0883608982046211
1150.5022073055918,1.0811403,0.031377625,1.08817003978767
1150.5121610516185,1.0742038,0.031276654,1.0879630915679
1150.522114797645,1.078003,0.031325005,1.0877448660701836
1150.5320685436716,1.0672472,0.031172153,1.087519047205709
1150.5420222896983,1.0484376,0.030901905,1.0872879810219958
1150.5519760357247,1.0793481,0.03133952,1.0870531648879869
1150.5619297817514,1.0849931,0.03141672,1.0868152313786505
1150.5718835277778,1.0881902,0.031461008,1.0865742750573628
1150.5818372738045,1.0298501,0.030625386,1.0863311994081992
1150.5917910198311,1.09723,0.03158509,1.0860882220182841
1150.6017447658576,1.0647897,0.031124823,1.0858469646693485
1150.6116985118842,1.0490893,0.030898955,1.0856099240573305
1150.6216522579107,1.0364628,0.030712424,1.0853793425751566
1150.6316060039373,1.1165376,0.031844877,1.0851578509360646
1150.641559749964,1.0874261,0.03143507,1.084949802795581
1150.6515134959905,1.0497137,0.030899476,1.0847592287852812
1150.6614672420171,1.0868647,0.031424228,1.0845859245393266
1150.6714209880436,1.0483059,0.030874256,1.0844284585475865
1150.6813747340702,1.0965126,0.03155416,1.0842824496828447
1150.691328480097,1.0743003,0.031238107,1.0841369841697956
1150.7012822261233,1.1276733,0.03198296,1.0839834438429043
1150.71123597215,1.0896904,0.03145089,1.0838123375169428
1150.7211897181764,1.1196936,0.031867165,1.0836210644611768
1150.7311434642031,1.0182036,0.030424217,1.08341270662565
1150.7410972102298,1.1186047,0.03184601,1.0831925161203886
1150.7510509562562,1.1367495,0.03209428,1.0829692770306525
1150.761004702283,1.0927312,0.03148175,1.0827521156118092
1150.7709584483093,1.1213582,0.03188208,1.082547895413124
1150.780912194336,1.0729374,0.03120047,1.082366818027155
1150.7908659403627,1.0921837,0.03146974,1.0822126897952589
1150.800819686389,1.0464247,0.030818777,1.0820921684180034
1150.8107734324158,1.0881237,0.031408776,1.0820189772080493
1150.8207271784422,1.1375297,0.03209253,1.0820043430888173
1150.8306809244689,1.0890517,0.031414796,1.082054578191196
1150.8406346704955,1.0947834,0.0314926,1.0821808607902432
1150.850588416522,1.1047345,0.03163388,1.0823991101020223
1150.8605421625487,1.1111717,0.031721395,1.0826982745426805
1150.8704959085753,1.1283534,0.031958017,1.083072944157661
1150.8804496546018,1.0714691,0.031161647,1.0835143041331303
1150.8904034006284,1.1034218,0.031604838,1.0839821430401044
1150.9003571466549,1.1149452,0.031762846,1.0844332726907535
1150.9103108926815,1.0681882,0.03110652,1.0848165178647784
1150.920264638708,1.1025716,0.031587426,1.0850887668496476
1150.9302183847346,1.1641277,0.032429516,1.0852396302428766
1150.9401721307613,1.0691365,0.031115767,1.0852615687169993
1150.9501258767878,1.075806,0.031206764,1.085140221693091
1150.9600796228144,1.0565302,0.03092821,1.0849130686595374
1150.970033368841,1.1019372,0.031567097,1.0846003156224238
1150.9799871148675,1.0940818,0.031458978,1.0842211777349433
1150.9899408608942,1.1013639,0.03155466,1.083809945761912
1150.9998946069206,1.1264123,0.03190036,1.0833944068772758
1151.0098483529473,1.0726057,0.031150108,1.0829985370259034
1151.019802098974,1.0853045,0.031327203,1.0826450927280145
1151.0297558450004,1.0912223,0.03140706,1.0823393696581336
1151.039709591027,1.0706949,0.031113334,1.0820822863339283
1151.0496633370535,1.0685413,0.031083435,1.0818760720650165
1151.0596170830802,1.108176,0.031636193,1.0817056088245296
1151.0695708291069,1.0667424,0.031052556,1.0815628790718628
1151.0795245751333,1.0547429,0.030879995,1.081442040509007
1151.08947832116,1.0565609,0.030903297,1.081334870734577
1151.0994320671864,1.1213714,0.03180895,1.0812350892756442
1151.109385813213,1.0320982,0.030549848,1.0811400154958435
1151.1193395592397,1.0855446,0.031304102,1.081049859276326
1151.1292933052662,1.0708238,0.03109588,1.0809663316291416
1151.1392470512928,1.0584924,0.030919727,1.0808933966905516
1151.1492007973193,1.1016501,0.031524684,1.0808395759767024
1151.159154543346,1.0010954,0.030089933,1.0808102992010085
1151.1691082893726,1.0791101,0.031203328,1.0808115944359504
1151.179062035399,1.0859245,0.031296764,1.0808534462011727
1151.1890157814257,1.0851654,0.03128518,1.0809435016220212
1151.1989695274522,1.07861,0.031191053,1.0810800448501074
1151.2089232734788,1.1029757,0.03152775,1.081261617750465
1151.2188770195055,1.0816275,0.031231355,1.081483968114958
1151.228830765532,1.0811355,0.031220011,1.0817218571260971
1151.2387845115586,1.0823205,0.031234758,1.0819506278664999
1151.248738257585,1.0244936,0.030410917,1.0821308226194988
1151.2586920036117,1.1158351,0.03170047,1.0822280685358343
1151.2686457496384,1.0426847,0.030667009,1.0822205406985392
1151.2785994956648,1.0302498,0.030487053,1.08208463663908
1151.2885532416915,1.0794362,0.03118558,1.081801538747335
1151.2985069877182,1.0437869,0.030675046,1.0813877185322212
1151.3084607337446,1.0254278,0.030408356,1.0808472252525032
1151.3184144797713,0.9718852,0.029624153,1.080171625802109
1151.3283682257977,0.9804629,0.029746195,1.0793984293625374
1151.3383219718244,1.039929,0.030612439,1.0785534211721726
1151.348275717851,1.0097396,0.030173235,1.0776607246588341
1151.3582294638775,1.0443904,0.030671034,1.076748121239298
1151.3681832099041,1.013567,0.030224118,1.0758321758821423
1151.3781369559306,0.96386737,0.029492006,1.0749183693048376
1151.3880907019573,0.9163098,0.028776972,1.0740089777858963
1151.398044447984,0.95499504,0.029358951,1.0731057194597304
1151.4079981940104,0.95965344,0.029423632,1.072212064927971
1151.417951940037,0.90740854,0.028632933,1.0713337481770357
1151.4279056860635,0.9736302,0.0296266,1.0704720295597996
1151.4378594320901,0.9124769,0.028707614,1.069627146772637
1151.4478131781168,0.8608561,0.027905826,1.0687999614449275
1151.4577669241432,0.8435235,0.027627729,1.067988660544214
1151.46772067017,0.84028006,0.027575726,1.0671881389027367
1151.4776744161964,0.8754925,0.028126713,1.0663959572429256
1151.487628162223,0.81641716,0.027190186,1.0656136984900426
1151.4975819082497,0.8042434,0.026989872,1.0648441212473503
1151.5075356542761,0.77255493,0.026463613,1.0640945872529797
1151.5174894003028,0.82485366,0.027319757,1.0633782049384097
1151.5274431463292,0.7810076,0.02660418,1.062702311203765
1151.537396892356,0.721916,0.025607588,1.062068620358446
1151.5473506383826,0.7699527,0.026416564,1.061480881495596
1151.557304384409,0.76999885,0.02641518,1.060945105895614
1151.5672581304357,0.80847013,0.02704534,1.060458359040068
1151.5772118764621,0.8328304,0.027434424,1.0600260647323552
1151.5871656224888,0.8522068,0.02774042,1.0596662958793788
1151.5971193685155,0.87539434,0.028103707,1.05937937425696
1151.607073114542,0.88314277,0.028220946,1.0591708038424803
1151.6170268605686,0.94156915,0.029110825,1.0590540724356008
1151.6269806065952,0.9880079,0.029797213,1.0590326072402891
1151.6369343526217,0.9624394,0.02941562,1.0590948464449863
1151.6468880986483,0.92997384,0.028929433,1.0592321877577737
1151.6568418446748,1.0208383,0.03026707,1.0594347512330518
1151.6667955907014,1.0460559,0.03062562,1.0596725830701546
1151.6767493367279,1.0161443,0.030197753,1.0599284015682144
1151.6867030827545,1.0002322,0.029959638,1.0601855925343622
1151.6966568287812,1.0099142,0.03009875,1.0604298308323574
1151.7066105748077,1.0260918,0.03033128,1.060653133933398
1151.7165643208343,1.0285203,0.03036572,1.060850130342218
1151.726518066861,1.1007392,0.031380966,1.0610221897772114
1151.7364718128874,1.092945,0.031273227,1.061181964269546
1151.746425558914,1.0793014,0.03107889,1.061343616880523
1151.7563793049405,1.0867604,0.031178704,1.061528028518547
1151.7663330509672,1.0046455,0.030010574,1.0617460742635245
1151.7762867969939,1.0704002,0.03094652,1.0620051379062045
1151.7862405430203,1.0619928,0.030824875,1.0623140107713451
1151.796194289047,1.0835737,0.031129008,1.0626726693640227
1151.8061480350734,1.102554,0.031388257,1.0630768059596518
1151.8161017811,1.0565592,0.030744685,1.0635271441205327
1151.8260555271268,1.1045169,0.031412594,1.0640285098440878
1151.8360092731532,1.0575008,0.0307508,1.0645739647979626
1151.8459630191799,1.0502256,0.030646358,1.0651628940244875
1151.8559167652063,1.0503707,0.030646421,1.0657984178409392
1151.865870511233,1.0531938,0.030683825,1.0664690649828172
1151.8758242572596,1.0422399,0.030524787,1.0671625983403397
1151.885778003286,1.0507923,0.030645547,1.0678641368358466
1151.8957317493127,1.0813198,0.031070035,1.0685542492063522
1151.9056854953392,1.1117947,0.03149012,1.0692195797334694
1151.9156392413659,1.0990428,0.03131706,1.069853725796059
1151.9255929873925,1.1083102,0.03143917,1.0704563620147158
1151.935546733419,1.1366112,0.03182789,1.0710487279232108
1151.9455004794456,1.1057619,0.03139921,1.07165335826559
1151.955454225472,1.0895778,0.031172805,1.0723044143346372
1151.9654079714987,1.1238223,0.031642772,1.0730300811170546
1151.9753617175254,1.0581715,0.03072998,1.0738449966324684
1151.9853154635518,1.1062386,0.031398732,1.0747604065355918
1151.9952692095785,1.0671889,0.03084974,1.0757763481905211
1152.005222955605,1.0460378,0.030549554,1.0768601555069834
1152.0151767016316,1.0974844,0.03127117,1.0779885162657947
1152.0251304476583,1.0258113,0.030256782,1.0791387062957745
1152.0350841936847,1.0448554,0.03052621,1.0802866353330258
1152.0450379397114,1.0732106,0.030923912,1.081417148597702
1152.054991685738,1.0873427,0.031119935,1.0825131032954602
1152.0649454317645,1.1276895,0.03167399,1.0835596275114752
1152.0748991777912,1.0435311,0.030496668,1.0845519105813912
1152.0848529238176,1.123324,0.031607933,1.0854863274622628
1152.0948066698443,1.0592088,0.03071598,1.0863593515412668
1152.104760415871,1.1524965,0.032001544,1.0871893278218705
1152.1147141618974,1.1126698,0.03145387,1.0879832946024723
1152.124667907924,1.0640302,0.0307742,1.0887387641149446
1152.1346216539505,1.0946934,0.031202348,1.0894542967847918
1152.1445753999772,1.0973225,0.031234793,1.090126100049215
1152.1545291460038,1.1191368,0.03153513,1.0907442965074778
1152.1644828920303,1.0465428,0.030516766,1.091295196168934
1152.174436638057,1.0584555,0.030685565,1.0917766756546274
1152.1843903840834,1.1424314,0.031844344,1.0921803243132722
1152.19434413011,1.1407882,0.03182004,1.092485517646947
1152.2042978761367,1.0991877,0.031247454,1.0927029773745316
1152.2142516221631,1.0867853,0.031071184,1.092836288954557
1152.2242053681898,1.1007546,0.03126503,1.0928842686864029
1152.2341591142163,1.0751209,0.030906066,1.092858529628759
1152.244112860243,1.028899,0.030249573,1.0927778845481622
1152.2540666062696,1.0131204,0.030018914,1.0926556483110401
1152.264020352296,1.0054324,0.0299694,1.092505784390399
1152.2739740983227,1.0529666,0.03100361,1.092347060888939
1152.2839278443491,1.0487201,0.03151485,1.0921887540411443
1152.2938815903758,1.0747058,0.031883463,1.0920379961694293
1152.3038353364025,1.0427603,0.031487986,1.0918974576876566
1152.313789082429,1.0546856,0.0319288,1.0917678571972749
1152.3237428284556,1.0506358,0.0319999,1.0916504420760067
1152.333696574482,1.0504315,0.032738052,1.0915455512977617
1152.3436503205087,1.0707517,0.032942154,1.0914498320585662
1152.3536040665354,1.0375686,0.03294811,1.091358443420645
1152.3635578125618,1.1099685,0.033367142,1.0912584755950334
1152.3735115585885,1.0751365,0.033157215,1.0911327672991276
1152.3834653046151,1.0451622,0.03275252,1.090961912870425
1152.3934190506416,1.0409788,0.032622926,1.0907189436111338
1152.4033727966682,1.0378331,0.032249145,1.0903898573204887
1152.4133265426947,1.0389535,0.032290366,1.0899761579160823
1152.4232802887213,1.074617,0.032994464,1.0894779850841732
1152.4332340347478,1.0645276,0.032272566,1.0888947361657364
1152.4431877807745,1.0669645,0.032462507,1.088249245479677
1152.4531415268011,1.0904576,0.03321605,1.0875544840891154
1152.4630952728276,1.1387863,0.033977404,1.0868240995095508
1152.4730490188542,1.0249593,0.031953663,1.0860837196708433
1152.483002764881,1.041971,0.031974107,1.0853546355580508
1152.4929565109073,1.0352615,0.03190447,1.084657333134098
1152.502910256934,1.0868499,0.032735597,1.08400679165608
1152.5128640029604,1.0990518,0.033218797,1.0834023842440943
1152.522817748987,1.0682555,0.032960027,1.082843749030128
1152.5327714950138,1.0224425,0.031932298,1.0823385924238984
1152.5427252410402,1.0067217,0.03185658,1.0818802810375108
1152.5526789870669,1.0155923,0.032206673,1.0814719000516466
1152.5626327330933,1.015799,0.03178276,1.0811240055397557
1152.57258647912,0.9968985,0.031529576,1.0808398934026207
1152.5825402251467,1.0803059,0.0329593,1.0806187801948575
1152.592493971173,1.0185984,0.032455932,1.0804651048214404
1152.6024477171998,1.0288843,0.032917995,1.0803861158975006
1152.6124014632262,0.9863381,0.032033995,1.0803683720161352
1152.6223552092529,1.0576992,0.033199452,1.0804035594218038
1152.6323089552795,0.9666862,0.031551458,1.0804801566400621
1152.642262701306,0.9943075,0.03177151,1.0805687642534085
1152.6522164473326,1.0009232,0.03208332,1.0806420269933712
1152.662170193359,1.024784,0.0322797,1.0806696794835042
1152.6721239393858,0.96685266,0.031289432,1.0806268381035355
1152.6820776854124,0.9781248,0.031066382,1.0805118023203597
1152.6920314314389,0.93327624,0.030422369,1.0803287528574848
1152.7019851774655,0.9963384,0.031376973,1.080086339925792
1152.711938923492,0.89408773,0.029832216,1.079819436070973
1152.7218926695186,0.9479252,0.03048925,1.0795510699965043
1152.7318464155453,0.89830625,0.02949871,1.0793036515522578
1152.7418001615717,0.8897639,0.02926904,1.079089996350422
1152.7517539075984,0.88605887,0.029070722,1.0789123710449386
1152.7617076536249,0.83364373,0.028009798,1.0787707919095746
1152.7716613996515,0.8621678,0.028426021,1.0786628640771345
1152.7816151456782,0.83810246,0.028113503,1.078577362734571
1152.7915688917046,0.80612814,0.027543707,1.0785076527900326
1152.8015226377313,0.8322645,0.028018491,1.0784473394595997
1152.811476383758,0.79335874,0.027399002,1.0783878583074271
1152.8214301297844,0.6897314,0.025503827,1.0783234467250469
1152.831383875811,0.71038646,0.025651548,1.0782497495149337
1152.8413376218375,0.7007412,0.025054242,1.0781662123886195
1152.8512913678642,0.6831832,0.024680603,1.0780777462172797
1152.8612451138906,0.7356618,0.025580201,1.0779913809906518
1152.8711988599173,0.6824718,0.024667116,1.0779191150591314
1152.881152605944,0.7393705,0.025639374,1.0778673052521799
1152.8911063519704,0.7558775,0.02591238,1.0778399566932142
1152.901060097997,0.8119346,0.026823368,1.077839253187564
1152.9110138440237,0.8230387,0.026999982,1.0778583770118306
1152.9209675900502,0.82222587,0.026985364,1.0778876121940861
1152.9309213360768,0.8091007,0.02677658,1.077916950172417
1152.9408750821033,0.84808767,0.0273901,1.0779320827103736
1152.95082882813,0.8280478,0.027072579,1.077918606095316
1152.9607825741566,0.8906375,0.02804065,1.0778546722960767
1152.970736320183,0.9200164,0.028484082,1.0776874214519236
1152.9806900662097,0.87724566,0.027832042,1.0773711150332361
1152.9906438122362,0.93241495,0.028665524,1.0768551240654043
1153.0005975582628,0.8404533,0.027258605,1.0760711065328152
1153.0105513042895,0.919631,0.028471846,1.0749792428210192
1153.020505050316,0.9349282,0.028695455,1.0736066835314169
1153.0304587963426,0.91041654,0.02832691,1.0719710025991063
1153.040412542369,0.8985498,0.028142324,1.070076687630023
1153.0503662883957,0.9089931,0.028297337,1.068025811877134
1153.0603200344224,0.9331499,0.028661609,1.0658838707774616
1153.0702737804488,0.90368706,0.028212022,1.063725977728307
1153.0802275264755,0.93468183,0.028676854,1.0616304111691135
1153.090181272502,0.897704,0.02811687,1.0596457162929112
1153.1001350185286,0.9046416,0.028251873,1.0578051817200103
1153.1100887645553,0.9517862,0.029243631,1.0561292759251653
1153.1200425105817,0.92435044,0.028996151,1.0545828482387969
1153.1299962566084,0.9151582,0.028808836,1.0531429980826605
1153.139950002635,0.9392672,0.02942261,1.0517919780625362
1153.1499037486615,0.90285474,0.028963918,1.0504936769415165
1153.1598574946881,0.9126393,0.029188497,1.0492295052861809
1153.1698112407146,0.92471296,0.029564615,1.0479924991803735
1153.1797649867412,0.87291855,0.028645545,1.0467792868628194
1153.1897187327677,0.8802533,0.029576814,1.0455837629436668
1153.1996724787944,0.93946636,0.030987745,1.044398321963527
1153.209626224821,0.9090463,0.030838571,1.0432057883855543
1153.2195799708475,0.87063414,0.030727552,1.041986425735529
1153.2295337168741,0.8382935,0.02999512,1.0407206410708774
1153.2394874629008,0.8704667,0.030234301,1.0393797122653714
1153.2494412089272,0.81293327,0.02933845,1.0379449297577497
1153.259394954954,0.80685955,0.02911072,1.0364076413006744
1153.2693487009803,0.7810558,0.028710375,1.0347571357254357
1153.279302447007,0.77933085,0.028312651,1.0329892236188258
1153.2892561930337,0.7665665,0.028410742,1.0311436692555982
1153.2992099390601,0.78539634,0.028941015,1.029256425335918
1153.3091636850868,0.7300079,0.02798937,1.0273805514301753
1153.3191174311132,0.80518794,0.02995649,1.0255736914539746
1153.32907117714,0.7437162,0.028281683,1.0238817763112082
1153.3390249231666,0.7481052,0.028163701,1.022355287664264
1153.348978669193,0.7599402,0.028473148,1.021029065685656
1153.3589324152197,0.758704,0.028580774,1.0198894898433937
1153.368886161246,0.7949496,0.028914867,1.0189260157198006
1153.3788399072728,0.7819486,0.028635189,1.0181356067869003
1153.3887936532994,0.7564853,0.028055951,1.017449637917444
1153.3987473993259,0.7903132,0.02829649,1.0168264781056486
1153.4087011453526,0.75441515,0.027860804,1.0162276675366084
1153.418654891379,0.78493106,0.028333263,1.0156201651324208
1153.4286086374057,0.7918807,0.028815998,1.0149898524268617
1153.4385623834323,0.84157926,0.029720677,1.014333904983186
1153.4485161294588,0.8642204,0.030421857,1.0136596928001191
1153.4584698754854,0.88217807,0.031000324,1.0129882581845868
1153.4684236215119,0.87447226,0.03155051,1.0123417808399364
1153.4783773675385,0.8390492,0.030250335,1.01175347283472
1153.4883311135652,0.8988794,0.031193824,1.011239985297059
1153.4982848595916,0.9539055,0.031701423,1.0108077544564635
1153.5082386056183,0.91710114,0.030890055,1.0104630587492078
1153.5181923516448,0.8835416,0.030457513,1.010206670268057
1153.5281460976714,0.94350475,0.031279527,1.0100267431241214
1153.538099843698,0.9578767,0.03162986,1.0099236905856361
1153.5480535897245,0.9893465,0.031767506,1.009915276953155
1153.5580073357512,0.9831009,0.031707797,1.0099940454834038
1153.5679610817779,1.0165136,0.031922575,1.010165587375872
1153.5779148278043,1.0435933,0.03240361,1.010446858760203
1153.587868573831,0.985307,0.031006288,1.0108422768418757
1153.5978223198574,0.9543179,0.029957553,1.0113455476726814
1153.607776065884,0.99059993,0.030276438,1.0119606401695052
1153.6177298119105,0.9804773,0.030280799,1.0127062379488385
1153.6276835579372,0.94622093,0.030080635,1.0135711030706287
1153.6376373039639,1.0047019,0.03079643,1.0145634185662344
1153.6475910499903,0.9733673,0.030247385,1.0157102103783846
1153.657544796017,1.0116985,0.030985411,1.017007028674547
1153.6674985420436,1.011112,0.03017182,1.0184500566810277
1153.67745228807,1.0213503,0.029792845,1.0200507016768974
1153.6874060340967,0.99724656,0.02945045,1.0218251949026207
1153.6973597801232,0.9774811,0.029159352,1.0237630744065032
1153.7073135261498,0.97931695,0.02918389,1.0258737203482837
1153.7172672721765,0.9901306,0.02933934,1.0281882476956148
1153.727221018203,0.99853426,0.029457828,1.030660864951955
1153.7371747642296,0.99748975,0.02943977,1.0332461729419578
1153.747128510256,1.0326899,0.029937044,1.0358798501090956
1153.7570822562827,1.0307046,0.0299095,1.0384719512871743
1153.7670360023094,1.0210102,0.029769931,1.040945719316726
1153.7769897483358,1.0315368,0.029911827,1.0432287018809763
1153.7869434943625,1.0550276,0.030246314,1.045215538295762
1153.796897240389,0.9856372,0.029254815,1.0469052873908815
1153.8068509864156,1.0739671,0.030501584,1.0482853935921583
1153.8168047324423,1.068019,0.030418875,1.0493372907469833
1153.8267584784687,1.0130662,0.029639665,1.0501283420156027
1153.8367122244954,1.049339,0.030151865,1.0507309167474321
1153.8466659705218,1.0884118,0.030689007,1.0511923538462509
1153.8566197165485,1.0223792,0.029765563,1.051550617911318
1153.8665734625752,1.0472227,0.03011757,1.0518468098805098
1153.8765272086016,1.01376,0.029637838,1.0520977246837422
1153.8864809546283,1.0357399,0.02994624,1.052316179920811
1153.896434700655,1.0227071,0.029762296,1.0525268692485779
1153.9063884466814,1.0347005,0.029928489,1.0527520505382646
1153.916342192708,1.0277944,0.029827718,1.0530182878456105
1153.9262959387345,1.061711,0.030299803,1.0533514203524237
1153.9362496847612,1.0230895,0.029754337,1.0537656470808823
1153.9462034307876,1.0909762,0.030701566,1.054277982700372
1153.9561571768143,1.0250878,0.029782083,1.0549207886548577
1153.966110922841,1.0589453,0.030250922,1.0556767898235715
1153.9760646688674,0.9870394,0.02922954,1.056536035831818
1153.986018414894,1.0087638,0.029541431,1.057480612704014
1153.9959721609207,1.0444944,0.030045634,1.0584621781581833
1154.0059259069471,1.0225742,0.02973296,1.0594284691051463
1154.0158796529738,1.0742911,0.030454857,1.0603271421901386
1154.0258333990002,1.0531958,0.030158186,1.0610960343408684
1154.035787145027,1.0895135,0.030655785,1.0617197993033454
1154.0457408910536,1.0668831,0.03034319,1.0621877535770787
1154.05569463708,0.977702,0.029077914,1.0624867772186888
1154.0656483831067,0.99989855,0.029397795,1.0626590794221902
1154.0756021291331,1.017992,0.02964858,1.0627432012370486
1154.0855558751598,1.0066808,0.029486682,1.0627720228861
1154.0955096211865,1.0620906,0.030264443,1.0627813232684988
1154.105463367213,1.0285491,0.029794997,1.0627998852080318
1154.1154171132396,1.0288879,0.029795194,1.0628445073589439
1154.125370859266,1.0063026,0.029473422,1.0629304096941266
1154.1353246052927,0.9831791,0.029140605,1.0630483052488011
1154.1452783513193,1.0523717,0.030115947,1.0631843061308102
1154.1552320973458,1.035907,0.02988369,1.0633165461235137
1154.1651858433725,1.0656078,0.03029333,1.0634194875596037
1154.175139589399,0.99873286,0.029354509,1.0634762511460707
1154.1850933354256,1.0056887,0.02944622,1.0634724986310196
1154.1950470814522,1.0541562,0.03012338,1.0633899284776152
1154.2050008274787,1.0227321,0.029679578,1.06323799252374
1154.2149545735053,0.99711835,0.029316926,1.0630227113319322
1154.2249083195318,1.0178597,0.029611468,1.0627531206604954
1154.2348620655584,0.9993987,0.029346561,1.0624552890172003
1154.244815811585,0.98328596,0.02911535,1.0621501395001682
1154.2547695576116,0.9967923,0.029300628,1.0618516537420999
1154.2647233036382,0.9728893,0.028958794,1.061567676374102
1154.2746770496647,0.96999997,0.0289196,1.0612941625130992
1154.2846307956913,0.94985956,0.028618304,1.061021443245047
1154.294584541718,0.92853904,0.028301505,1.0607299753881023
1154.3045382877444,0.92475563,0.028244134,1.0604004479722549
1154.314492033771,0.9051884,0.027946899,1.0600146114878028
1154.3244457797978,0.8916571,0.027747544,1.0595522393709214
1154.3343995258242,0.8978387,0.027836327,1.0590073901038013
1154.3443532718509,0.8331246,0.026839713,1.058392837117151
1154.3543070178773,0.8123045,0.02651396,1.0577165682091865
1154.364260763904,0.80506015,0.02639134,1.0569787208710142
1154.3742145099304,0.7979024,0.026277222,1.0561968818584069
1154.384168255957,0.76899725,0.025806772,1.0553784709345864
1154.3941220019838,0.773931,0.025889508,1.054530566820174
1154.4040757480102,0.7535855,0.025551043,1.0536690901420196
1154.4140294940369,0.7168111,0.024940267,1.0528121163580972
1154.4239832400635,0.75741166,0.02560658,1.0519786064892496
1154.43393698609,0.6914445,0.024501946,1.0511885205881362
1154.4438907321166,0.74325144,0.0253758,1.0504408344973606
1154.453844478143,0.7667905,0.025759397,1.0497297882770142
1154.4637982241698,0.71511596,0.024895705,1.0490485112145336
1154.4737519701964,0.7859533,0.026064105,1.04838776582652
1154.4837057162229,0.78140646,0.025991343,1.047747861300125
1154.4936594622495,0.8321867,0.026790908,1.0471374933996938
1154.503613208276,0.8783237,0.027501142,1.0465708952027903
1154.5135669543026,0.85368174,0.027123798,1.046055926794295
1154.5235207003293,0.863046,0.027260328,1.045601928300185
1154.5334744463557,0.89461994,0.027740944,1.0452252975045269
1154.5434281923824,0.9644784,0.02876891,1.0449133215738071
1154.5533819384088,0.88628215,0.02760898,1.0446579800145857
1154.5633356844355,0.94320273,0.028455395,1.0444520077576132
1154.5732894304622,0.92312074,0.02815753,1.044280259799918
1154.5832431764886,0.9374195,0.028367545,1.0441262043048616
1154.5931969225153,0.9966529,0.029217154,1.0439760282432577
1154.6031506685417,0.96619135,0.028783195,1.0438106148615822
1154.6131044145684,1.0186187,0.029526535,1.043615530440549
1154.623058160595,1.0045934,0.02932847,1.0433784779782493
1154.6330119066215,0.99365646,0.029168237,1.0430855345241452
1154.6429656526482,1.0307052,0.02968736,1.0427418807034705
1154.6529193986746,1.0023705,0.029287023,1.0423636965376826
1154.6628731447013,1.0260764,0.029619075,1.0419716076631478
1154.672826890728,1.0674534,0.030191835,1.0415925554275687
1154.6827806367544,1.0180289,0.029498897,1.041247044526244
1154.692734382781,1.0058647,0.029326418,1.0409506878645771
1154.7026881288075,1.0502648,0.02994702,1.0407250209261991
1154.7126418748342,1.0439334,0.029856777,1.040569886266461
1154.7225956208608,1.0387249,0.029780434,1.0404854338278757
1154.7325493668873,1.0633153,0.03012003,1.040476693683725
1154.742503112914,1.0730988,0.030251315,1.0405445088328773
1154.7524568589406,1.0825435,0.030382324,1.040679092179036
1154.762410604967,1.037852,0.029759547,1.0408776668326714
1154.7723643509937,1.0560836,0.030010037,1.0411459646963266
1154.7823180970202,1.006502,0.029314367,1.0414664311816542
1154.7922718430468,1.0580974,0.030029818,1.041830460879175
1154.8022255890735,1.0447301,0.029844679,1.0422300846089674
1154.8121793351,1.0110781,0.02937106,1.0426506655485732
1154.8221330811266,1.0295688,0.029627578,1.0430767593863788
1154.832086827153,1.0317352,0.02965679,1.0434926873348624
1154.8420405731797,0.9907534,0.029075854,1.043873940209401
1154.8519943192064,1.0327915,0.029669795,1.044204784900098
1154.8619480652328,1.0407432,0.02977563,1.0444702228854186
1154.8719018112595,1.0206745,0.029492646,1.0446514375773566
1154.881855557286,1.0263445,0.029568177,1.0447547255204641
1154.8918093033126,1.0250788,0.029549705,1.0447935693826087
1154.9017630493393,0.9971247,0.029153982,1.0447820419500646
1154.9117167953657,1.0396383,0.029748699,1.044741465762439
1154.9216705413924,1.0710374,0.030177476,1.0446980093245504
1154.9316242874188,1.0298581,0.029604081,1.0446691274143203
1154.9415780334455,1.0513462,0.029905148,1.0446708565602245
1154.9515317794721,1.0239822,0.02951802,1.044702478003929
1154.9614855254986,1.049012,0.029862909,1.0447596773458845
1154.9714392715252,1.0141926,0.029375339,1.044837586833458
1154.9813930175517,1.0675102,0.030111618,1.0449294182572182
1154.9913467635783,1.0502679,0.029869694,1.0450297568319893
1155.001300509605,1.012097,0.029337654,1.0451385314313966
1155.0112542556315,1.087353,0.030377764,1.0452644410041763
1155.0212080016581,1.1058757,0.030624501,1.0454160216460546
1155.0311617476846,1.0681019,0.030106634,1.0456048691675788
1155.0411154937112,1.0420865,0.029745998,1.0458488785049307
1155.051069239738,1.045972,0.029795727,1.0461565910884476
1155.0610229857643,1.0049695,0.029218063,1.046524653774306
1155.070976731791,1.0563923,0.029939547,1.0469480379347076
1155.0809304778177,1.0424312,0.029743914,1.04741943775531
1155.0908842238441,1.0600713,0.029980442,1.047919162030948
1155.1008379698708,1.0292227,0.02955607,1.0484370260364366
1155.1107917158972,1.052431,0.029872729,1.0489641121170818
1155.120745461924,1.0642414,0.030034805,1.049490412401733
1155.1306992079503,1.0589023,0.029955104,1.0500088174213782
1155.140652953977,0.99541944,0.029064057,1.0505131875487963
1155.1506067000037,1.0713906,0.030124372,1.050999255313207
1155.16056044603,1.1098212,0.030642234,1.0514709538159281
1155.1705141920568,1.0828825,0.030275265,1.0519341553815005
1155.1804679380834,1.046954,0.02978186,1.052395625541941
1155.1904216841099,1.0491743,0.029813904,1.052856110263832
1155.2003754301365,1.0725694,0.030127075,1.0533056280706725
1155.210329176163,1.0933789,0.030407278,1.0537219289221096
1155.2202829221897,1.06408,0.030002004,1.0540787658720299
1155.2302366682163,1.0935376,0.030402293,1.0543617564888015
1155.2401904142428,1.0440269,0.029722136,1.054555676248251
1155.2501441602694,1.0344248,0.029585786,1.0546288711021992
1155.2600979062959,1.0275061,0.029489521,1.0545934123671832
1155.2700516523225,1.0146071,0.02930317,1.0544500924433633
1155.2800053983492,1.0527797,0.029826544,1.0541976002870155
1155.2899591443756,1.06609,0.030015396,1.0538581253645158
1155.2999128904023,1.0715742,0.03008322,1.0534631063833586
1155.3098666364288,1.0440998,0.029706167,1.0530400613695015
1155.3198203824554,1.0216491,0.02943523,1.0526214884231104
1155.329774128482,0.98890835,0.029302765,1.0522338322535465
1155.3397278745085,1.006897,0.029659826,1.0518940133227914
1155.3496816205352,1.0090861,0.029670386,1.0516167694906797
1155.3596353665616,1.046872,0.030457823,1.0513937530720026
1155.3695891125883,1.0350425,0.030359395,1.0512123404763292
1155.379542858615,1.0924155,0.031348374,1.0510633800561813
1155.3894966046414,1.0312477,0.03053402,1.0509392306418355
1155.399450350668,0.965284,0.029557658,1.0508325765790423
1155.4094040966945,1.1260158,0.032840967,1.0507440320468902
1155.4193578427212,1.0362767,0.03197473,1.0506817906740833
1155.4293115887479,1.044522,0.032573584,1.0506507012908748
1155.4392653347743,1.051283,0.032997426,1.0506580987993275
1155.449219080801,1.0307906,0.03251403,1.0507153628362944
1155.4591728268274,1.0438365,0.032558285,1.0508303053240386
1155.469126572854,0.97952247,0.031692497,1.050999259574571
1155.4790803188807,1.0433053,0.032162976,1.051220985890302
1155.4890340649072,1.0594376,0.032615233,1.0515016021607322
1155.4989878109338,1.046011,0.032023724,1.051830770182986
1155.5089415569605,1.1166263,0.033698786,1.0522099133503933
1155.518895302987,1.0620284,0.03304471,1.052649964937591
1155.5288490490136,1.0675608,0.032998435,1.053158888338983
1155.53880279504,1.1255908,0.034475062,1.053738849373921
1155.5487565410667,1.0767144,0.03303493,1.0543942482304025
1155.5587102870934,1.0379916,0.032451194,1.055129012728873
1155.5686640331198,1.0246758,0.032397304,1.0559139635769481
1155.5786177791465,1.0382068,0.03258633,1.0567209804544708
1155.588571525173,1.0806636,0.03277592,1.057505101354626
1155.5985252711996,1.0695419,0.032540563,1.058217605750877
1155.6084790172263,1.0732348,0.032432087,1.0588230168290813
1155.6184327632527,1.05943,0.032203335,1.059287325682988
1155.6283865092794,1.0479422,0.032055236,1.0595781054037439
1155.6383402553058,1.0123005,0.031459313,1.0597111652349265
1155.6482940013325,0.97456294,0.031189995,1.0596912490283017
1155.6582477473592,1.0703685,0.033000596,1.0595138067087626
1155.6682014933856,1.1111935,0.033676818,1.0592213669307438
1155.6781552394123,1.0515224,0.033385865,1.0588503361601467
1155.6881089854387,1.0152181,0.033154078,1.0584369126200197
1155.6980627314654,1.0513451,0.033264074,1.058024893349424
1155.708016477492,1.0401887,0.032848217,1.057648196998298
1155.7179702235185,0.9809182,0.03143332,1.057328605376034
1155.7279239695451,1.0780765,0.032778934,1.0570901738445153
1155.7378777155716,0.98950976,0.031674374,1.056921151388626
1155.7478314615983,1.0065314,0.03161912,1.0568108350616
1155.757785207625,1.0773774,0.032976672,1.0567461702773597
1155.7677389536514,1.0145389,0.031918824,1.0567048814055484
1155.777692699678,1.0584698,0.03229623,1.0566662221058465
1155.7876464457045,1.0567659,0.031880856,1.0566169600880857
1155.7976001917311,1.0687456,0.03222001,1.0565468898384704
1155.8075539377578,1.0409842,0.031066563,1.0564600214375122
1155.8175076837842,1.0457778,0.030746717,1.0563638594781448
1155.827461429811,1.0241786,0.030148542,1.0562724276590696
1155.8374151758376,0.9925466,0.029934278,1.0562027080499974
1155.847368921864,1.064064,0.03121296,1.0561675283420464
1155.8573226678907,1.0934279,0.031477667,1.0561787423693771
1155.8672764139171,1.0864184,0.031293474,1.056249116318114
1155.8772301599438,1.0505489,0.03099415,1.0563738008374868
1155.8871839059702,1.031703,0.0297363,1.0565539182612937
1155.897137651997,1.0049154,0.029008038,1.0567988359889942
1155.9070913980236,1.080856,0.030050706,1.0571059613208316
1155.91704514405,1.0022508,0.028962756,1.0574747097343853
1155.9269988900767,1.0812316,0.030049559,1.057907656624925
1155.9369526361033,0.97917783,0.028633103,1.0584005633819924
1155.9469063821298,0.97653353,0.028593566,1.0589313641184768
1155.9568601281564,1.0567473,0.029705342,1.059481034524102
1155.966813874183,1.0526639,0.02964952,1.0600260214690844
1155.9767676202096,1.0000958,0.028917337,1.060545568408547
1155.9867213662362,1.0341424,0.029391646,1.0610248259898536
1155.9966751122627,1.0064926,0.028998412,1.0614481484515597
1156.0066288582893,1.0104357,0.029052274,1.0618070320913109
1156.0165826043158,1.0353383,0.029398985,1.062106670481237
1156.0265363503424,0.9814229,0.028640538,1.062350193997476
1156.036490096369,1.0438975,0.02951077,1.0625350783025636
1156.0464438423955,1.0303742,0.029321209,1.0626777735878632
1156.0563975884222,1.0239633,0.02922655,1.062784413278566
1156.0663513344487,1.0362399,0.029396296,1.0628572276745014
1156.0763050804753,1.0063651,0.0289781,1.0629017160744083
1156.086258826502,1.0060192,0.028971277,1.0629236510059275
1156.0962125725284,1.0807425,0.029999113,1.062923808646159
1156.106166318555,1.0557933,0.02965526,1.0628946966841333
1156.1161200645815,1.054178,0.029634029,1.0628321240957534
1156.1260738106082,1.069027,0.029830916,1.0627273266924404
1156.1360275566349,1.0434312,0.029479684,1.062563493711475
1156.1459813026613,1.0610459,0.029719518,1.062332779864734
1156.155935048688,1.0507803,0.02957298,1.062031416403574
1156.1658887947144,1.0833325,0.030013487,1.0616524959344715
1156.175842540741,1.0406933,0.029430684,1.0611890513450637
1156.1857962867678,1.0586549,0.029670225,1.0606559426364202
1156.1957500327942,1.0487866,0.029537505,1.0600587893105504
1156.2057037788209,1.0897326,0.030092848,1.0593967446753574
1156.2156575248473,1.0788176,0.029940335,1.05868351127767
1156.225611270874,1.0679513,0.029789211,1.0579283122371592
1156.2355650169006,1.0668534,0.029771471,1.0571373373331736
1156.245518762927,1.0738784,0.029865358,1.0563197296019038
1156.2554725089537,1.0069046,0.028941842,1.0554890929162517
1156.2654262549804,1.0515983,0.029555792,1.05465506073033
1156.2753800010069,1.0942482,0.03012937,1.0538285533676652
1156.2853337470335,1.0895455,0.030063488,1.0530172638188322
1156.29528749306,1.0657146,0.029742124,1.05222794653345
1156.3052412390866,1.0217474,0.02913267,1.0514711428247654
1156.3151949851133,1.063458,0.029705077,1.050756982537686
1156.3251487311397,1.0549289,0.029583327,1.0500878936588083
1156.3351024771664,1.0190351,0.029090233,1.0494654814832465
1156.3450562231928,1.0415328,0.029395284,1.048892845711872
1156.3550099692195,1.0075129,0.028922498,1.0483539249231768
1156.3649637152462,1.0665517,0.029732665,1.047842706576004
1156.3749174612726,1.0441533,0.029428666,1.0473579234056336
1156.3848712072993,1.0394124,0.029357547,1.0468955025713513
1156.3948249533257,0.9971965,0.028768886,1.0464488907227416
1156.4047786993524,1.0166876,0.029041935,1.0460111504100837
1156.414732445379,0.9482705,0.028068602,1.0455727459557684
1156.4246861914055,1.0475374,0.029458119,1.0451259379554296
1156.4346399374322,1.0101514,0.028941093,1.0446680480611619
1156.4445936834586,1.0164887,0.029027341,1.04420345852286
1156.4545474294853,1.0208577,0.0290888,1.0437465789378455
1156.464501175512,1.0228302,0.029109746,1.0433138096482475
1156.4744549215384,1.0561591,0.029565286,1.042923223323176
1156.484408667565,1.0439903,0.029395657,1.0425935867139997
1156.4943624135915,1.0097706,0.028918317,1.0423228608459054
1156.5043161596182,1.0384758,0.029315593,1.0421099294106932
1156.5142699056448,1.0140841,0.028974338,1.0419557676666014
1156.5242236516713,1.0381414,0.029309275,1.0418452350322895
1156.534177397698,1.046529,0.029419748,1.0417668197879881
1156.5441311437244,1.0206587,0.029059516,1.0417126688147302
1156.554084889751,1.0124261,0.02894254,1.0416756378432077
1156.5640386357777,0.9697915,0.028338838,1.041649052275216
1156.5739923818041,1.0053173,0.028835889,1.0416313657241631
1156.5839461278308,1.0436417,0.029363861,1.0416259293722003
1156.5938998738575,1.0484027,0.029430047,1.0416363964583464
1156.603853619884,1.01771,0.029001612,1.0416693672471982
1156.6138073659106,0.9898124,0.02860739,1.0417359469309742
1156.623761111937,1.040793,0.02931084,1.0418473018632457
1156.6337148579637,1.0528396,0.029482778,1.042008177422679
1156.6436686039901,0.95954704,0.028173408,1.0422257871281664
1156.6536223500168,1.0158902,0.028965868,1.042518061630242
1156.6635760960435,1.0650756,0.029636582,1.042877938389768
1156.67352984207,1.0411825,0.029308759,1.0433066915985683
1156.6834835880966,1.0248318,0.029080274,1.0438097300364202
1156.6934373341232,1.0492263,0.02941348,1.0443808448498493
1156.7033910801497,1.0654976,0.029631594,1.045006223353008
1156.7133448261764,1.0209587,0.029021753,1.0456751478087274
1156.7232985722028,1.0293787,0.029129323,1.0463755404205048
1156.7332523182295,1.0499806,0.029413708,1.0470860147556533
1156.7432060642561,1.0239828,0.02905402,1.0477936774363787
1156.7531598102826,1.00699,0.028815107,1.0484876649580035
1156.7631135563092,1.0368752,0.029222606,1.0491656944174776
1156.7730673023357,1.0325768,0.029165242,1.0498333652819618
1156.7830210483623,1.0792435,0.029794026,1.0505011452090685
1156.792974794389,1.0056897,0.028786477,1.051187370478851
1156.8029285404155,1.0409662,0.02926981,1.0519069063230981
1156.8128822864421,1.077775,0.029764969,1.0526732540601014
1156.8228360324686,1.0576968,0.029490853,1.0535052299470389
1156.8327897784952,1.0334797,0.029160444,1.0544036069526008
1156.842743524522,1.0465091,0.0293389,1.0553652533527362
1156.8526972705483,1.0502306,0.029381102,1.0563894401755864
1156.862651016575,1.0448906,0.029305164,1.0574742471112049
1156.8726047626014,1.0175025,0.02893121,1.0586078056330548
1156.882558508628,1.0356095,0.029176494,1.0597868212096464
1156.8925122546548,1.0261647,0.029042039,1.0610120918286083
1156.9024660006812,1.039257,0.029221643,1.0622694717589924
1156.9124197467079,1.0737791,0.02968339,1.0635463954000333
1156.9223734927343,1.080772,0.029776165,1.0648291118948354
1156.932327238761,1.0670743,0.02958879,1.0661007151748274
1156.9422809847877,1.0059134,0.028753547,1.06734703701743
1156.952234730814,1.0603815,0.029494047,1.0685534861733388
1156.9621884768408,1.0170677,0.02890098,1.0696907178143098
1156.9721422228672,1.0421057,0.029240847,1.0707455956595364
1156.9820959688939,1.0782559,0.029727928,1.0716991421258877
1156.9920497149205,1.0713977,0.029634196,1.0725230449793501
1157.002003460947,1.0645541,0.029537687,1.073204448728247
1157.0119572069736,1.0956664,0.029954266,1.0737540537948975
1157.0219109530003,1.0809603,0.029752895,1.0741749953690398
1157.0318646990268,1.0652533,0.029542169,1.0744523797876802
1157.0418184450534,1.0560381,0.029411137,1.0746142524945737
1157.0517721910799,1.0279096,0.029029697,1.0746656271380701
1157.0617259371065,1.0126655,0.028811386,1.0746016056872587
1157.071679683133,1.0368831,0.029146826,1.0744329939468027
1157.0816334291596,1.0781848,0.029701326,1.0741773846634055
1157.0915871751863,1.0770744,0.029686349,1.0738471251169328
1157.1015409212127,1.0103874,0.028771654,1.073456952218258
1157.1114946672394,1.0616496,0.029467806,1.0730403728524267
1157.121448413266,1.0088266,0.028745184,1.0726182471222958
1157.1314021592925,1.0252596,0.02896785,1.0722102928636057
1157.1413559053192,1.0308129,0.029041275,1.0718288050348777
1157.1513096513456,1.0130907,0.028796066,1.0714783730599204
1157.1612633973723,1.0253899,0.028963871,1.0711626552084732
1157.171217143399,1.065071,0.029501569,1.070886030153595
1157.1811708894254,1.079666,0.029693615,1.0706432756627091
1157.191124635452,1.0075805,0.028706774,1.0704335755596466
1157.2010783814785,1.0166792,0.028834209,1.070259443642804
1157.2110321275052,1.0142905,0.02880097,1.0701150079586625
1157.2209858735318,0.979065,0.028303364,1.0699953216397793
1157.2309396195583,1.0155302,0.028807689,1.0698971483823558
1157.240893365585,1.0317224,0.029033292,1.0698167188755978
1157.2508471116114,1.0744174,0.0296077,1.0697479872759614
1157.260800857638,1.0478963,0.029248139,1.0696884087260523
1157.2707546036647,1.002403,0.028615683,1.0696378525296941
1157.2807083496912,0.9980176,0.028554784,1.0695955769504888
1157.2906620957178,0.9771891,0.028262477,1.069562582989073
1157.3006158417443,1.0334027,0.029038625,1.0695411567848585
1157.310569587771,1.0517528,0.029285938,1.0695328589960094
1157.3205233337976,1.0335201,0.02903582,1.069536104494086
1157.330477079824,1.0050333,0.02864038,1.069549300380034
1157.3404308258507,1.0370501,0.029074641,1.0695700301604696
1157.3503845718774,1.0597234,0.029382039,1.0695923282452093
1157.3603383179038,1.0570879,0.029346265,1.0696106573337012
1157.3702920639305,1.07953,0.02964662,1.0696164367797314
1157.380245809957,1.0613858,0.029395055,1.0695985533139387
1157.3901995559836,1.0691173,0.02950216,1.0695478263126468
1157.40015330201,1.0749204,0.029571429,1.0694539586280922
1157.4101070480367,1.0626338,0.029405622,1.0692988543246924
1157.4200607940634,1.0540833,0.029289471,1.0690881915460846
1157.4300145400898,1.0658145,0.029444484,1.0688235201172547
1157.4399682861165,1.0435586,0.029140007,1.0685060026410476
1157.4499220321431,1.0701042,0.02949398,1.0681464099716518
1157.4598757781696,1.0478766,0.02919251,1.0677597877699754
1157.4698295241963,0.99699533,0.02849335,1.0673599212656353
1157.4797832702227,1.0645396,0.029413862,1.0669654066621361
1157.4897370162494,1.0853866,0.02969102,1.0665921118434003
1157.499690762276,1.0168164,0.028759342,1.0662506110879408
1157.5096445083025,1.1128792,0.03004968,1.0659504873013157
1157.5195982543291,1.0199498,0.028795166,1.0656894636233023
1157.5295520003556,1.0444793,0.02913182,1.0654608798783152
1157.5395057463822,1.0726507,0.029509716,1.065260523452938
1157.549459492409,1.0961704,0.029820438,1.0650865599657606
1157.5594132384354,1.0357803,0.02900324,1.0649330262461056
1157.569366984462,1.0381354,0.029033884,1.0647995766476956
1157.5793207304885,1.0237551,0.028834887,1.0646900488020496
1157.5892744765151,1.0626493,0.029363025,1.0646049325241884
1157.5992282225418,1.0577812,0.029291544,1.064545019370515
1157.6091819685682,1.0902032,0.029723266,1.0645131913400847
1157.619135714595,1.0407429,0.029057952,1.0645133738053607
1157.6290894606213,1.0501456,0.029180206,1.0645423616888747
1157.639043206648,1.0368484,0.02899771,1.064600465825126
1157.6489969526747,0.9753928,0.02814443,1.0646923563420274
1157.6589506987011,0.98744714,0.028311804,1.0648159388515577
1157.6689044447278,0.957266,0.027885554,1.064971661323624
1157.6788581907542,0.9861989,0.028290262,1.0651643813356029
1157.688811936781,1.0097922,0.028615065,1.0654010814914328
1157.6987656828076,0.9579503,0.027888402,1.0656813662373028
1157.708719428834,0.98693186,0.02829534,1.0660078339475256
1157.7186731748607,0.9986137,0.028454855,1.0663856157523224
1157.728626920887,0.9944176,0.02839196,1.066800056211752
1157.7385806669138,0.9612165,0.027924784,1.0672365076805184
1157.7485344129404,0.96135557,0.027926257,1.0676771921239707
1157.7584881589669,1.0055476,0.028539596,1.0681006242591573
1157.7684419049936,0.9599936,0.027901903,1.0684905868460781
1157.7783956510202,0.9397845,0.02761089,1.0688315189507491
1157.7883493970467,1.0387416,0.02898846,1.0690950030986173
1157.7983031430733,0.9701404,0.02803619,1.0692758245445941
1157.8082568890998,1.005338,0.028525649,1.0693644831302436
1157.8182106351264,0.9719524,0.028057365,1.0693464011500153
1157.8281643811529,0.9847574,0.028234163,1.0692206568467626
1157.8381181271795,0.95390874,0.027799314,1.0690038444043848
1157.8480718732062,1.0012158,0.028456636,1.0687088082356637
1157.8580256192326,0.9338432,0.027512632,1.0683464694009008
1157.8679793652593,0.9787128,0.028141137,1.0679495621805486
1157.877933111286,0.9950379,0.028397223,1.0675335602652
1157.8878868573124,0.9488954,0.02802403,1.0671078897402007
1157.897840603339,0.9979796,0.028843267,1.0666773971731496
1157.9077943493655,0.97510505,0.028466595,1.0662434679508348
1157.9177480953922,0.9776304,0.028829163,1.0658065010453903
1157.9277018414189,1.0009284,0.029162556,1.0653687536555871
1157.9376555874453,0.90456903,0.0278731,1.0649358520191705
1157.947609333472,0.942503,0.02861782,1.0645154396198306
1157.9575630794984,0.95065564,0.028627915,1.0641204071380423
1157.967516825525,0.994258,0.029980617,1.0637610397155908
1157.9774705715517,1.0306067,0.03103581,1.063443061306096
1157.9874243175782,1.042634,0.031739496,1.0631728765379114
1157.9973780636049,1.0279801,0.031761657,1.0629595593560595
1158.0073318096313,0.9109661,0.030128628,1.0627952609579703
1158.017285555658,0.9799383,0.030588498,1.0626785318876588
1158.0272393016846,1.0062041,0.031259313,1.0626131879087843
1158.037193047711,0.95827615,0.030381855,1.0625951043919875
1158.0471467937377,1.0129372,0.031060265,1.0626214245724026
1158.0571005397642,0.9929282,0.030491216,1.062694119656634
1158.0670542857908,1.0004979,0.031042721,1.0628180657077857
1158.0770080318175,1.0263062,0.031669624,1.0629862273249757
1158.086961777844,1.0280358,0.03164826,1.0631977544390874
1158.0969155238706,1.0411376,0.032205015,1.0634574939841088
1158.1068692698973,0.9612388,0.030770665,1.0637612285587776
1158.1168230159237,1.0177737,0.03110845,1.064106340668845
1158.1267767619504,1.010902,0.031403817,1.064492336118157
1158.1367305079768,1.0270236,0.031669147,1.0649148494132814
1158.1466842540035,1.0217927,0.031403568,1.0653573660399878
1158.15663800003,0.9898666,0.030727062,1.0658048271471483
1158.1665917460566,0.9967646,0.03069946,1.0662362618856727
1158.1765454920833,0.9519718,0.02990007,1.0666344377665133
1158.1864992381097,0.92978853,0.029444404,1.0669869872685378
1158.1964529841364,0.9250786,0.029376058,1.0672802555549339
1158.206406730163,0.9645155,0.030358182,1.0675033452429834
1158.2163604761895,0.97199696,0.030588597,1.0676627111591805
1158.2263142222162,0.99741083,0.031118596,1.0677627451405467
1158.2362679682426,0.9762851,0.03156824,1.067806063961383
1158.2462217142693,0.9581095,0.031452637,1.0678118388219617
1158.256175460296,0.97448546,0.03124197,1.067789604557543
1158.2661292063224,0.9753148,0.030978587,1.0677402511924774
1158.276082952349,0.8939736,0.029330432,1.067656777975806
1158.2860366983755,1.0030555,0.03092351,1.06753112729113
1158.2959904444022,0.94975114,0.030452294,1.0673518528689137
1158.3059441904288,0.9332704,0.029852439,1.0670981440708267
1158.3158979364553,1.0275402,0.03144747,1.0667730712942167
1158.325851682482,1.0066837,0.030996075,1.0663733180868402
1158.3358054285084,0.9343409,0.02980313,1.0658884677565708
1158.345759174535,0.9550631,0.029611083,1.0653135151988757
1158.3557129205617,0.95338273,0.029690003,1.0646553520312727
1158.3656666665881,0.9907541,0.029742597,1.06391564763159
1158.3756204126148,0.9628783,0.028896648,1.0630872172939378
1158.3855741586412,1.0039555,0.029172132,1.0621943074154365
1158.395527904668,1.0225763,0.029538518,1.0612502708963947
1158.4054816506946,1.0165985,0.029834226,1.0602687204806427
1158.415435396721,1.0179085,0.029611578,1.059270496391327
1158.4253891427477,1.0383675,0.029908046,1.0582765655046316
1158.4353428887741,1.0115001,0.02972068,1.057304940977914
1158.4452966348008,1.018814,0.029062863,1.0563761806409286
1158.4552503808275,0.99037546,0.028168583,1.0554854105901492
1158.465204126854,1.0196614,0.028562399,1.0546217759553622
1158.4751578728806,0.9847104,0.028079653,1.0537686748323858
1158.485111618907,0.91669816,0.027116861,1.0529101728688595
1158.4950653649337,0.97821784,0.027983924,1.0520400538619794
1158.5050191109603,0.9343949,0.027365034,1.0511576473850008
1158.5149728569868,0.96862817,0.027846828,1.0502648943346473
1158.5249266030135,1.0219938,0.028579174,1.0493676090774062
1158.5348803490401,1.0066452,0.028369013,1.0484691823282228
1158.5448340950666,0.9584063,0.027694808,1.0475734096574358
1158.5547878410932,1.0339586,0.028735757,1.0466858343231251
1158.5647415871197,0.98748344,0.028097253,1.0458142694993844
1158.5746953331463,0.91942346,0.027136162,1.0449698617444392
1158.5846490791728,0.91125995,0.027014384,1.0441689861553618
1158.5946028251994,0.9378679,0.027393838,1.0434138886504285
1158.604556571226,0.953029,0.027603485,1.0427083946232747
1158.6145103172526,1.0338705,0.028719587,1.042059901144179
1158.6244640632792,0.90512586,0.026917577,1.0414636130217554
1158.634417809306,0.95598054,0.027641505,1.0409128363187579
1158.6443715553323,1.0369233,0.028753381,1.0404036211266519
1158.654325301359,0.9665842,0.02778641,1.03993234451136
1158.6642790473854,1.0052199,0.02831695,1.0394866749002578
1158.674232793412,0.9451678,0.027478633,1.0390601217601891
1158.6841865394388,0.96737003,0.027793072,1.0386479708220613
1158.6941402854652,0.9889864,0.028082876,1.038244018593516
1158.7040940314919,1.0134106,0.028418347,1.0378451307019616
1158.7140477775183,0.9575914,0.027645845,1.037450456568051
1158.724001523545,0.9513291,0.027553536,1.037060778632405
1158.7339552695717,0.8951494,0.026749272,1.0366771546408344
1158.743909015598,0.96115786,0.027689973,1.0363022170770444
1158.7538627616248,0.9402487,0.027388943,1.035942172594348
1158.7638165076512,0.96805465,0.02777992,1.035601990532175
1158.7737702536779,0.95708144,0.02762075,1.0352876708342937
1158.7837239997045,0.9862345,0.028028814,1.0350088016106138
1158.793677745731,0.9961058,0.028161198,1.034777822094001
1158.8036314917576,1.0047532,0.028280078,1.0345973816740925
1158.813585237784,1.0376552,0.02872407,1.0344735999672905
1158.8235389838107,1.0158999,0.028428348,1.0344200948597453
1158.8334927298374,0.9902426,0.028073885,1.0344315934088597
1158.8434464758639,0.9964051,0.028152525,1.0345046734418708
1158.8534002218905,1.0103868,0.028345078,1.034639347195332
1158.863353967917,1.058063,0.028989939,1.0348336641218068
1158.8733077139436,1.0390825,0.028726911,1.035076583446477
1158.8832614599703,1.0430796,0.028778777,1.0353653339125128
1158.8932152059967,1.0789127,0.02925317,1.0357061194290285
1158.9031689520234,1.064714,0.029060846,1.0360943340672413
1158.9131226980498,1.0635357,0.029047165,1.036530897493989
1158.9230764440765,1.0681081,0.029104894,1.037021934194424
1158.9330301901032,1.0324502,0.028624436,1.0375727416314886
1158.9429839361296,1.0386801,0.028708573,1.038179645287243
1158.9529376821563,1.0296443,0.028583255,1.0388449500339647
1158.962891428183,1.0453721,0.028793162,1.039582033349935
1158.9728451742094,0.98782754,0.028007569,1.0403866271795827
1158.982798920236,1.087397,0.029347116,1.0412632400698723
1158.9927526662625,1.0475599,0.028816702,1.0422258980095234
1159.0027064122892,1.0689294,0.029097382,1.0432876452604192
1159.0126601583158,1.0604066,0.02898426,1.044447360150447
1159.0226139043423,1.0181234,0.028410882,1.045708519564939
1159.032567650369,1.0704492,0.02911002,1.0470821963398462
1159.0425213963954,0.9852894,0.0279553,1.0485371156727759
1159.052475142422,1.0380956,0.028672919,1.0500515651795883
1159.0624288884487,1.0416793,0.028720995,1.051602480538676
1159.0723826344752,0.9925324,0.02804905,1.0531590466297995
1159.0823363805018,1.0422868,0.02872279,1.0546932880237319
1159.0922901265283,1.0537125,0.028872456,1.0561821556530093
1159.102243872555,1.0712558,0.029102467,1.0575917039637632
1159.1121976185816,1.0521383,0.028848391,1.0589177239813217
1159.122151364608,1.0425214,0.02871653,1.0601528290230284
1159.1321051106347,1.0435778,0.028729444,1.0612861776606897
1159.1420588566612,1.0497414,0.028808137,1.0623207534210564
1159.1520126026878,1.0634521,0.028990304,1.0632717085249073
1159.1619663487145,1.0279115,0.028511936,1.064147388138193
1159.171920094741,1.0648327,0.029002726,1.0649495935946278
1159.1818738407676,1.08199,0.029227799,1.06570778092767
1159.191827586794,1.0388077,0.028649786,1.0664425395309116
1159.2017813328207,0.9955512,0.028063044,1.0671751930376348
1159.2117350788474,1.0935755,0.029373277,1.0679177818968197
1159.2216888248738,1.0313666,0.028544746,1.0686634242237234
1159.2316425709005,1.0182647,0.028365353,1.0693927267102286
1159.241596316927,1.004421,0.028172975,1.070067075399764
1159.2515500629536,1.053111,0.028827965,1.0706617213731926
1159.2615038089803,1.0236654,0.028430939,1.0711499928586963
1159.2714575550067,1.085774,0.029253956,1.0714944464286509
1159.2814113010334,1.010962,0.028252784,1.0716796288057964
1159.29136504706,1.0695201,0.029035524,1.0717105680827497
1159.3013187930865,1.0436112,0.02869006,1.0715900210286806
1159.3112725391131,1.0732403,0.029080182,1.0713187912602762
1159.3212262851396,0.96646756,0.027631862,1.0709518657391153
1159.3311800311662,1.0702797,0.02903632,1.0705234875026708
1159.3411337771927,1.0672033,0.028994966,1.0700651686816611
1159.3510875232193,1.0300841,0.028496249,1.0696055005387881
1159.361041269246,1.0712383,0.029044248,1.0691587775111318
1159.3709950152725,1.0180734,0.028329197,1.0687313658812396
1159.3809487612991,1.0520332,0.028782398,1.0683282546038515
1159.3909025073258,1.0452596,0.02868929,1.0679461346255423
1159.4008562533522,1.0249095,0.028413158,1.0675845096852958
1159.410809999379,1.0224386,0.028377913,1.0672446052168065
1159.4207637454053,1.0265863,0.028433656,1.0669239257575636
1159.430717491432,1.0086979,0.02818741,1.066619361737645
1159.4406712374587,1.0846658,0.029198337,1.0663291407441617
1159.450624983485,1.036387,0.028559629,1.0660518477350114
1159.4605787295118,1.0388365,0.028586457,1.0657821098023441
1159.4705324755382,1.0434748,0.028648755,1.0655159678209107
1159.480486221565,1.0363891,0.028550819,1.065248352655007
1159.4904399675916,1.0120053,0.02821965,1.064974131559171
1159.500393713618,1.0130404,0.028230561,1.06468988701229
1159.5103474596447,1.0518817,0.028749712,1.0643927205638593
1159.520301205671,0.99630624,0.027997244,1.0640792206105791
1159.5302549516978,0.9689628,0.027618924,1.0637503008786686
1159.5402086977244,1.0061655,0.028128833,1.0634040601339687
1159.5501624437509,1.0768943,0.029071424,1.0630339516256722
1159.5601161897775,1.0343095,0.028504757,1.0626354642562448
1159.570069935804,1.0067787,0.028131012,1.0622044487895537
1159.5800236818307,1.0608671,0.028855579,1.061735057416978
1159.5899774278573,1.0127211,0.028204149,1.06122056203699
1159.5999311738838,1.06518,0.02890527,1.0606680791042182
1159.6098849199104,1.0317016,0.028455773,1.060081754645537
1159.6198386659369,1.0625311,0.028866408,1.0594650197794833
1159.6297924119635,1.0392411,0.028554767,1.0588275206975586
1159.6397461579902,1.0339508,0.028481483,1.058175360090335
1159.6496999040166,1.0049075,0.02808423,1.0575094558042137
1159.6596536500433,1.0060011,0.028099282,1.0568251968332016
1159.6696073960698,1.0442393,0.028613959,1.0561202849567224
1159.6795611420964,0.9342364,0.027100265,1.0553922445618737
1159.689514888123,1.0203022,0.02828715,1.054639436229449
1159.6994686341495,1.0340493,0.02846878,1.0538698667100566
1159.7094223801762,1.0382544,0.028524484,1.0530934795139884
1159.7193761262029,1.0156248,0.028215969,1.0523213458066558
1159.7293298722293,1.0063776,0.02808733,1.0515674345365595
1159.739283618256,1.1032181,0.029371837,1.050839920993546
1159.7492373642824,1.0436873,0.028585019,1.050146221980303
1159.759191110309,1.04813,0.028643455,1.0494979409439307
1159.7691448563357,1.0467321,0.028621763,1.0488946552188991
1159.7790986023622,1.0696846,0.028924204,1.0483328773602647
1159.7890523483889,1.0404501,0.028534448,1.047807094200972
1159.7990060944153,1.0536222,0.028705154,1.0473047634304873
1159.808959840442,1.0564411,0.028741172,1.0468072200893896
1159.8189135864686,1.0637971,0.028835325,1.0463015343027828
1159.828867332495,1.1098087,0.029433804,1.0457722158393563
1159.8388210785217,1.0856946,0.02911808,1.0452097247736922
1159.8487748245482,1.0757997,0.028983092,1.0446065330592378
1159.8587285705748,1.0808582,0.029051209,1.0439533892027495
1159.8686823166015,1.0302846,0.028376918,1.0432433391690732
1159.878636062628,1.0951529,0.029232182,1.0424875714435464
1159.8885898086546,1.0543901,0.028695483,1.0416977183392748
1159.898543554681,1.04383,0.028554285,1.0408936120142345
1159.9084973007077,1.1046594,0.0293497,1.040105321623519
1159.9184510467344,1.082334,0.029056173,1.039357620273551
1159.9284047927608,1.0366707,0.028452022,1.0386723405903466
1159.9383585387875,0.9972332,0.027914414,1.0380636247591284
1159.948312284814,1.0584742,0.028734766,1.0375205527241214
1159.9582660308406,1.0653899,0.028823461,1.0370363357693506
1159.9682197768673,1.066558,0.028837057,1.0366098754848714
1159.9781735228937,1.0023936,0.0279771,1.0362272184668186
1159.9881272689204,1.06362,0.02879144,1.0358784944424144
1159.9980810149468,1.0778866,0.028979894,1.03555481633708
1160.0080347609735,1.0279818,0.028317066,1.0352435138555949
1160.0179885070002,1.0337623,0.028391529,1.0349299829973024
1160.0279422530266,1.0361501,0.028417744,1.0346030741023735
1160.0378959990533,1.0898514,0.029126413,1.034249537460795
1160.04784974508,1.0193752,0.028190311,1.033867742554439
1160.0578034911064,1.0679071,0.028834356,1.033462039719049
1160.067757237133,1.0729914,0.028899694,1.033041941199675
1160.0777109831595,1.0521674,0.028622204,1.0326238173803837
1160.0876647291861,1.032706,0.0283607,1.0322231395250543
1160.0976184752126,1.0356215,0.02839744,1.0318519798718881
1160.1075722212393,1.0649132,0.028782066,1.0315259423036542
1160.117525967266,1.029787,0.02831322,1.0312461687279224
1160.1274797132924,1.0244329,0.02824024,1.0310133941999138
1160.137433459319,1.0091081,0.028030898,1.0308315648737014
1160.1473872053457,1.0396785,0.028436612,1.0307048446325249
1160.1573409513721,1.0650846,0.028773276,1.0306280706759496
1160.1672946973988,1.0331097,0.028346464,1.0306018280036249
1160.1772484434252,1.082281,0.028993431,1.0306339241481586
1160.187202189452,1.0981573,0.029199671,1.0307179644559858
1160.1971559354786,1.0509619,0.028576802,1.0308516531201823
1160.207109681505,1.0598588,0.028692437,1.0310367045774043
1160.2170634275317,1.0246158,0.028220352,1.0312738657286362
1160.2270171735581,1.0683035,0.028801113,1.031554869312723
1160.2369709195848,1.0340271,0.028343992,1.031877336688491
1160.2469246656115,1.0384474,0.028398372,1.0322455948618323
1160.256878411638,1.0414516,0.028436707,1.0326548590987032
1160.2668321576646,1.0773567,0.02890792,1.033105651276692
1160.276785903691,1.0171651,0.028105723,1.0336033119471877
1160.2867396497177,0.99504066,0.027805649,1.034152399660603
1160.2966933957443,1.0505261,0.028549021,1.0347454703352823
1160.3066471417708,1.0341171,0.028327705,1.0353759543134151
1160.3166008877974,1.0198578,0.028133815,1.0360341885539013
1160.326554633824,1.0159231,0.028078228,1.036698939881665
1160.3365083798506,1.0201002,0.028132947,1.037352729512409
1160.3464621258772,0.98865896,0.02770723,1.0379781852333894
1160.3564158719037,1.0056033,0.027933322,1.0385611311719851
1160.3663696179303,0.9419621,0.027056992,1.0391025746365097
1160.3763233639568,0.9590205,0.027289953,1.0396066587307873
1160.3862771099834,1.0009563,0.027862586,1.0400809300515825
1160.39623085601,0.96310496,0.027342347,1.0405438669066935
1160.4061846020365,0.9983928,0.02782327,1.0410075740973483
1160.4161383480632,0.9810931,0.027587526,1.041478689749392
1160.4260920940897,0.9446478,0.027079666,1.0419559062200414
1160.4360458401163,0.914051,0.02664777,1.0424294150367244
1160.445999586143,0.98177,0.027588645,1.0428858514912558
1160.4559533321694,1.0089685,0.027955184,1.0433044355672387
1160.465907078196,0.99445426,0.027757758,1.0436782837447793
1160.4758608242228,1.0121752,0.027993966,1.044006235980389
1160.4858145702492,1.0462589,0.0284483,1.044289892596767
1160.4957683162759,1.0181597,0.028070038,1.0445368143420277
1160.5057220623023,1.0243925,0.028153269,1.0447614809894887
1160.515675808329,0.99856603,0.027801527,1.0449735093005736
1160.5256295543556,1.0173461,0.028052822,1.045181077787542
1160.535583300382,1.0601014,0.028617984,1.0453890663228402
1160.5455370464088,0.9926775,0.027712623,1.0455945408383953
1160.5554907924352,1.048916,0.028464254,1.045787314040754
1160.5654445384619,1.0735742,0.028856782,1.0459532238863825
1160.5753982844885,1.074387,0.029135013,1.0460864980917521
1160.585352030515,1.0375559,0.028665358,1.0461851116402143
1160.5953057765416,1.051164,0.028853085,1.0462483870551829
1160.605259522568,1.0777491,0.029416036,1.0462863540756209
1160.6152132685947,1.0198159,0.028650537,1.0463022749546325
1160.6251670146214,1.048394,0.029106446,1.0462923004378544
1160.6351207606479,1.0577896,0.029373119,1.0462494950226793
1160.6450745066745,1.0967188,0.029913006,1.0461744881529789
1160.655028252701,1.0816447,0.030487163,1.0460700401690461
1160.6649819987276,1.0239744,0.029867057,1.0459451208263097
1160.6749357447543,1.1049263,0.031457562,1.045819872767438
1160.6848894907807,1.0634484,0.030978648,1.0457093453977673
1160.6948432368074,1.095845,0.03127192,1.045622948883016
1160.7047969828338,1.0393502,0.03036166,1.0455578706344555
1160.7147507288605,1.0236814,0.030361393,1.0454957056863399
1160.7247044748872,1.0919353,0.030984046,1.0454117648491932
1160.7346582209136,1.0386859,0.030304467,1.045261039687547
1160.7446119669403,1.0106897,0.029660879,1.0450112533543834
1160.7545657129667,1.0837375,0.031072278,1.0446370042490207
1160.7645194589934,1.0214534,0.03025228,1.0441140689681667
1160.77447320502,1.0468639,0.030854156,1.0434347754913507
1160.7844269510465,1.0625635,0.031280454,1.0426350694202882
1160.7943806970732,1.0399426,0.03062247,1.0417448453264366
1160.8043344430998,1.0521103,0.030735476,1.0407983656389137
1160.8142881891263,0.9870066,0.029973896,1.039845193244766
1160.824241935153,0.9710157,0.029536624,1.0389184258124895
1160.8341956811794,1.0415587,0.03021294,1.0380439642277937
1160.844149427206,1.0201542,0.029877884,1.0372388102939003
1160.8541031732325,1.0022131,0.029597538,1.0364987732667579
1160.8640569192592,1.0521346,0.030140707,1.0358229913130357
1160.8740106652858,1.0597547,0.030311007,1.0352178459929597
1160.8839644113123,1.0362588,0.029891808,1.034673047275146
1160.893918157339,1.0762972,0.030904606,1.0341838705290463
1160.9038719033656,1.0308372,0.030279398,1.033750800320745
1160.913825649392,1.055852,0.030993331,1.0333748082879874
1160.9237793954187,1.0796144,0.03190033,1.0330470740000735
1160.9337331414451,1.094338,0.03185654,1.0327648877361875
1160.9436868874718,1.0750085,0.03137114,1.0325297460464082
1160.9536406334985,1.0392727,0.030548057,1.0323297457920626
1160.963594379525,1.0399683,0.030326748,1.0321535627760685
1160.9735481255516,1.0738903,0.030752739,1.031988016177704
1160.983501871578,1.0324525,0.03028891,1.0318150449759742
1160.9934556176047,1.0550606,0.030247262,1.0316203879685815
1161.0034093636314,1.102985,0.031301554,1.0313954946919384
1161.0133631096578,1.0728586,0.030626187,1.0311342183575563
1161.0233168556845,1.064374,0.030423522,1.0308458658993656
1161.033270601711,1.1233783,0.030944237,1.0305421961857912
1161.0432243477376,1.0863802,0.030436754,1.0302384356491734
1161.0531780937642,1.0649862,0.029605277,1.0299569950057612
1161.0631318397907,1.0444325,0.029100547,1.0297153629375408
1161.0730855858174,1.0934963,0.029626323,1.029528292952655
1161.0830393318438,1.090057,0.029792726,1.029414424886924
1161.0929930778705,1.071379,0.02969873,1.029368697984371
1161.1029468238971,1.0612315,0.029390587,1.029383044446028
1161.1129005699236,1.0516744,0.029332116,1.029451052810235
1161.1228543159502,1.0532777,0.029323667,1.029565780649899
1161.1328080619767,1.0179937,0.02805245,1.0297142210545325
1161.1427618080033,1.0440129,0.028270213,1.0298930371288044
1161.15271555403,1.0578985,0.028449055,1.030107306148389
1161.1626693000565,1.0248222,0.028010327,1.0303598780516345
1161.1726230460831,1.0250211,0.028011944,1.0306574337301768
1161.1825767921096,1.0758764,0.028676938,1.0310114472456684
1161.1925305381362,1.0851879,0.02879586,1.0314342389073434
1161.202484284163,1.0147597,0.0278666,1.0319172942202843
1161.2124380301893,1.0150824,0.027868787,1.03245454296204
1161.222391776216,1.0728822,0.02862966,1.0330414194813646
1161.2323455222427,1.0921113,0.02887551,1.0336621895924152
1161.242299268269,1.0466061,0.028280543,1.0343050413463482
1161.2522530142958,1.0526003,0.02835656,1.0349605692374242
1161.2622067603222,1.0845486,0.028772704,1.03561779847146
1161.2721605063489,1.0662282,0.028531384,1.0362661546560494
1161.2821142523753,1.0324787,0.028085742,1.0368970227826535
1161.292067998402,1.027309,0.028015371,1.037498622769442
1161.3020217444287,1.0699039,0.028572058,1.0380659646414219
1161.311975490455,1.0628669,0.028478328,1.0385966092830134
1161.3219292364818,1.0666975,0.028526574,1.039087208292466
1161.3318829825084,1.0349234,0.028106052,1.0395347516330293
1161.3418367285349,1.0206275,0.027915485,1.039949545445855
1161.3517904745615,1.0889277,0.028807852,1.0403393137147068
1161.361744220588,1.0615964,0.02845285,1.0407116349073868
1161.3716979666146,1.0282649,0.028009487,1.04107364982562
1161.3816517126413,1.0242777,0.027955787,1.0414257450117923
1161.3916054586678,1.0502337,0.02833761,1.041764096029656
1161.4015592046944,1.0363778,0.028537413,1.0420831566633872
1161.4115129507209,1.0350903,0.028708184,1.042385223927839
1161.4214666967475,1.0255789,0.028694825,1.0426740160858992
1161.4314204427742,1.1035179,0.030136734,1.0429575838554137
1161.4413741888006,0.99627626,0.028862704,1.0432498127392467
1161.4513279348273,1.0953029,0.030935917,1.0435646783559474
1161.4612816808537,1.0642914,0.030993989,1.0439175426469118
1161.4712354268804,1.074438,0.03173325,1.0443260487462245
1161.481189172907,1.0339675,0.031105824,1.044783892788162
1161.4911429189335,1.0591167,0.03150673,1.045279839842397
1161.5010966649602,1.0772011,0.031500876,1.0457904316982385
1161.5110504109866,1.0418589,0.030908927,1.046280617988361
1161.5210041570133,1.0865555,0.03163126,1.0467213917538198
1161.53095790304,1.0384891,0.030910013,1.04708852326835
1161.5409116490664,1.0091956,0.029887551,1.0473586152080738
1161.550865395093,1.0597054,0.03077064,1.047547344709197
1161.5608191411197,1.0530276,0.030970426,1.0476669088827828
1161.5707728871462,1.0505952,0.031044625,1.0477314607398032
1161.5807266331728,1.0364485,0.030899793,1.0477655197934888
1161.5906803791993,0.9972334,0.029936371,1.0477868990499868
1161.600634125226,1.0460894,0.030932091,1.0478031912533312
1161.6105878712524,1.0975276,0.032117404,1.0478115709970512
1161.620541617279,1.0658838,0.031373747,1.047800707627812
1161.6304953633057,0.9868835,0.029885245,1.047752360812484
1161.6404491093322,0.9866398,0.029923895,1.0476399309310294
1161.6504028553588,1.0252941,0.030838087,1.047452593868434
1161.6603566013855,1.0023806,0.031065712,1.0471962721552885
1161.670310347412,1.0169975,0.031195711,1.0468775836176145
1161.6802640934386,1.0088099,0.031186605,1.0464998937832222
1161.690217839465,0.99129266,0.031018514,1.046083600123885
1161.7001715854917,0.9995399,0.03045937,1.0456385970997346
1161.7101253315184,1.0119631,0.030526923,1.0451718597382258
1161.7200790775448,0.9717131,0.029835487,1.0446894482313651
1161.7300328235715,1.017389,0.0311973,1.0441929167049624
1161.739986569598,1.005616,0.03142781,1.0436780944188864
1161.7499403156246,0.99815404,0.03078181,1.0431316076531427
1161.7598940616513,1.0385373,0.031116867,1.0425465943305066
1161.7698478076777,1.0823959,0.03214909,1.0419101317782906
1161.7798015537044,1.0137163,0.031152286,1.0411998568536944
1161.7897552997308,1.0079771,0.030324928,1.0404000172433614
1161.7997090457575,1.0155002,0.029944904,1.039509350025092
1161.8096627917841,1.0548742,0.030780086,1.0385274775001805
1161.8196165378106,1.0456213,0.030941892,1.0374475806655652
1161.8295702838373,1.0813278,0.031198712,1.0362985940106095
1161.8395240298637,1.0619912,0.030730527,1.0350947919900413
1161.8494777758904,1.0466866,0.030103145,1.033847046504982
1161.859431521917,1.0426903,0.029347252,1.0325687004209114
1161.8693852679435,1.1508332,0.0308434,1.0312722916344996
1161.8793390139701,1.1144958,0.030258015,1.029965866233717
1161.8892927599966,1.0599173,0.02921292,1.0286593633191328
1161.8992465060232,1.0451788,0.028468585,1.027364939816649
1161.90920025205,1.0677131,0.02847259,1.0260957087452411
1161.9191539980764,1.0740006,0.028487494,1.0248715100120454
1161.929107744103,1.0638943,0.028355042,1.0237127591461206
1161.9390614901295,1.0573857,0.028268628,1.0226268256426276
1161.9490152361561,1.070427,0.02843526,1.0216192881522688
1161.9589689821828,1.0454946,0.028108526,1.0207024462932741
1161.9689227282092,1.0380281,0.028008047,1.0198604175915356
1161.978876474236,1.0067958,0.027592573,1.0190881232752511
1161.9888302202626,1.063315,0.02833473,1.0183871094894215
1161.998783966289,1.0820239,0.028574325,1.017757392138935
1162.0087377123157,1.1035593,0.028846957,1.0171907344448812
1162.0186914583421,1.0535195,0.0282002,1.016686595876085
1162.0286452043688,0.9836841,0.027270522,1.016254674082362
1162.0385989503952,0.9967668,0.027444558,1.0158864427472787
1162.048552696422,1.0196328,0.02774874,1.015580368599463
1162.0585064424486,0.96153504,0.02696332,1.0153394334788663
1162.068460188475,1.0195255,0.027741116,1.015163456255601
1162.0784139345017,1.0493817,0.028131649,1.0150391574067272
1162.0883676805283,1.0275074,0.027842553,1.0149562051594403
1162.0983214265548,1.0580003,0.02823974,1.0149014421315898
1162.1082751725814,1.0167282,0.027696248,1.0148506951599385
1162.1182289186079,1.0098239,0.027601326,1.014783094627242
1162.1281826646346,1.0360796,0.02794725,1.0146747153777849
1162.1381364106612,1.0044265,0.027525587,1.0144998003112704
1162.1480901566877,1.0112894,0.027614204,1.0142520890667597
1162.1580439027143,1.0759571,0.028457943,1.0139290170420039
1162.1679976487408,1.0488937,0.028106907,1.0135310647206537
1162.1779513947674,1.0311537,0.02786973,1.0130854288916247
1162.187905140794,1.0439568,0.0280369,1.0126155957115652
1162.1978588868205,1.0697069,0.028369777,1.0121410131098283
1162.2078126328472,1.0295247,0.027842028,1.0116774859891242
1162.2177663788736,1.0720584,0.028395453,1.011230356847934
1162.2277201249003,1.0312884,0.02786186,1.010800518483996
1162.237673870927,1.018397,0.027689157,1.010389036631
1162.2476276169534,1.0613993,0.02825001,1.0099949467951337
1162.25758136298,1.0123441,0.027603472,1.0096211980654064
1162.2675351090065,1.0146,0.027631428,1.0092743436424134
1162.2774888550332,1.0375223,0.027933903,1.0089631444879736
1162.2874426010599,1.0724021,0.028384408,1.00868727721964
1162.2973963470863,1.100966,0.028747557,1.0084497844054514
1162.307350093113,1.1302032,0.029114384,1.0082595417865634
1162.3173038391396,1.0969911,0.028692374,1.0081177154207666
1162.327257585166,1.1001431,0.028730704,1.0080245750470276
1162.3372113311927,1.0437313,0.028000362,1.0079833585236426
1162.3471650772192,1.0645181,0.028268235,1.00800302295164
1162.3571188232459,1.0740205,0.028388347,1.0080799214314988
1162.3670725692723,1.0722063,0.028362783,1.008217816870614
1162.377026315299,1.0617924,0.028226558,1.0084236044278871
1162.3869800613256,1.0521526,0.028099721,1.0086852832945512
1162.396933807352,1.074976,0.028392084,1.0089869640277496
1162.4068875533787,1.0541687,0.028120108,1.009320833578078
1162.4168412994054,1.0601959,0.028196767,1.0096886431607244
1162.4267950454318,1.0443412,0.027988056,1.0100865495130453
1162.4367487914585,1.0248455,0.027730787,1.0105138322900007
1162.446702537485,1.0356131,0.027870048,1.0109679615738663
1162.4566562835116,1.0581995,0.028163215,1.0114384306383073
1162.4666100295383,1.0737432,0.0283616,1.0119141279290107
1162.4765637755647,1.0180466,0.027632963,1.0123864752665783
1162.4865175215914,1.0175546,0.027623259,1.0128480005270972
1162.4964712676178,0.96651125,0.02693834,1.013300372651841
1162.5064250136445,1.0601897,0.0281786,1.0137496757872295
1162.5163787596712,1.0350596,0.027848635,1.0142065255262
1162.5263325056976,1.0468374,0.02800156,1.014679338527969
1162.5362862517243,1.0536649,0.02808752,1.0151685165615592
1162.5462399977507,1.0702405,0.028301084,1.01567002509645
1162.5561937437774,0.9762331,0.027057154,1.0161740954737546
1162.566147489804,1.0452552,0.027970096,1.0166665748440138
1162.5761012358305,1.014649,0.027567964,1.017134464091641
1162.5860549818572,1.0341893,0.027822891,1.0175620058176091
1162.5960087278836,1.0124471,0.027534358,1.017939228904355
1162.6059624739103,0.9765554,0.02705123,1.0182672780821787
1162.615916219937,1.0194457,0.027622225,1.0185477957302413
1162.6258699659634,1.0030707,0.027402919,1.0187788751685662
1162.63582371199,1.029821,0.027754229,1.0189735256311363
1162.6457774580165,0.9963618,0.027308658,1.0191365058248698
1162.6557312040431,1.0187124,0.02760278,1.019269349377547
1162.6656849500698,1.0283061,0.027729068,1.0193758753585678
1162.6756386960963,1.0672644,0.028233398,1.0194653066195438
1162.685592442123,0.9757339,0.027023932,1.019546780676059
1162.6955461881494,1.0522286,0.02803279,1.0196306361226803
1162.705499934176,1.0378299,0.027844487,1.019721247601379
1162.7154536802027,1.0429708,0.027909255,1.0198164880471683
1162.7254074262291,1.039457,0.027860604,1.019910366791192
1162.7353611722558,1.09343,0.028554466,1.0199947107428187
1162.7453149182825,1.0456797,0.0279388,1.0200647374052791
1162.755268664309,1.0538535,0.028041441,1.0201180312547977
1162.7652224103356,1.0360044,0.027806688,1.0201547213204667
1162.775176156362,1.0332468,0.02776923,1.0201851941830595
1162.7851299023887,1.036448,0.02780857,1.0202229787108288
1162.7950836484151,1.060149,0.028114552,1.0202870849711285
1162.8050373944418,1.0803666,0.028371552,1.0204017431926937
1162.8149911404685,1.1280524,0.028973846,1.0205789203184357
1162.824944886495,1.0393791,0.02783682,1.0208308869279616
1162.8348986325216,1.0887064,0.028472992,1.021176497402426
1162.8448523785482,1.097519,0.028583268,1.0216076039231685
1162.8548061245747,1.0356351,0.02778305,1.0221127123677567
1162.8647598706013,1.0214587,0.027594518,1.0226792033721437
1162.8747136166278,1.0711579,0.028240837,1.023286506124455
1162.8846673626545,1.0592839,0.028083935,1.0239020949459825
1162.8946211086811,1.0542849,0.02801676,1.0245003125101548
1162.9045748547076,1.0550325,0.02802538,1.0250507607886197
1162.9145286007342,1.0992291,0.028589265,1.0255395732405126
1162.9244823467607,1.0648053,0.028146949,1.0259675095252345
1162.9344360927873,1.0605131,0.02809003,1.0263428602585956
1162.944389838814,1.055542,0.028022647,1.0266836781214546
1162.9543435848404,1.0325618,0.027721511,1.0270193827135767
1162.964297330867,1.0839891,0.028383462,1.027369341020356
1162.9742510768936,1.0200273,0.027552808,1.0277503754161803
1162.9842048229202,0.99709064,0.027245518,1.0281655288344318
1162.994158568947,1.0377628,0.02778053,1.0286085011449335
1163.0041123149733,1.0848445,0.02838592,1.0290720251035337
1163.014066061,1.0358094,0.027750209,1.0295493392782833
1163.0240198070264,1.0102426,0.027413655,1.03003125940256
1163.033973553053,1.0581087,0.028035643,1.0305113972157645
1163.0439272990798,1.0486081,0.027910324,1.0309814206285184
1163.0538810451062,1.0297868,0.027663488,1.0314336670712687
1163.0638347911329,1.0334387,0.027708817,1.0318643772329628
1163.0737885371593,1.0109366,0.027411718,1.0322714409159381
1163.083742283186,1.008119,0.02737161,1.0326502305931733
1163.0936960292127,1.0153095,0.027463958,1.0330038661866692
1163.103649775239,1.024366,0.027580788,1.0333301965192738
1163.1136035212658,1.0111957,0.027405586,1.0336231675428804
1163.1235572672922,0.9913766,0.027140101,1.0338786139495926
1163.1335110133189,1.0473161,0.027874216,1.0340971110803343
1163.1434647593455,1.0734739,0.028208826,1.0342781005529171
1163.153418505372,1.0158163,0.027458917,1.0344190258387838
1163.1633722513986,1.0426782,0.027807761,1.0345343379659222
1163.1733259974253,1.0488746,0.027885834,1.034636143990377
1163.1832797434517,1.0129839,0.027414037,1.0347391031366786
1163.1932334894784,1.0005201,0.027246645,1.0348586739150964
1163.2031872355049,0.951186,0.026581956,1.035002697055852
1163.2131409815315,0.9986739,0.027219249,1.0351753172525378
1163.2230947275582,1.0211394,0.027513728,1.0353817282435502
1163.2330484735846,0.9945774,0.027160898,1.0356157010276181
1163.2430022196113,1.0329303,0.027662205,1.0358736033493956
1163.2529559656377,1.0249574,0.02755622,1.036153768241748
1163.2629097116644,1.0054324,0.027296517,1.0364555781867126
1163.272863457691,1.0443757,0.027804509,1.036777414577163
1163.2828172037175,0.964134,0.026741425,1.0371216898608142
1163.2927709497442,1.0577779,0.027974254,1.0374958169008734
1163.3027246957706,1.0388654,0.027726853,1.037899800486367
1163.3126784417973,0.9749764,0.026881114,1.0383324060212555
1163.322632187824,1.0127404,0.027379867,1.038790707482439
1163.3325859338504,1.0399823,0.027735084,1.0392672296832992
1163.342539679877,1.0071859,0.027303224,1.0397492830255652
1163.3524934259035,1.0703336,0.028121853,1.0402278868041057
1163.3624471719302,1.007967,0.027308283,1.0406948323328231
1163.3724009179568,1.0607134,0.027994163,1.0411489405860825
1163.3823546639833,1.0563494,0.027936026,1.0415938718766131
1163.39230841001,1.046896,0.027811233,1.04203578043523
1163.4022621560364,1.0040413,0.027248198,1.042483817474399
1163.412215902063,1.059285,0.027966706,1.0429446853987943
1163.4221696480897,1.0959728,0.028432613,1.0434229055297262
1163.4321233941162,1.0260924,0.027532274,1.0439228234740263
1163.4420771401428,1.0487102,0.027823376,1.0444422837183462
1163.4520308861693,1.0877571,0.028321607,1.0449756392040277
1163.461984632196,1.076088,0.028170966,1.0455144184834855
1163.4719383782226,1.0838865,0.028266987,1.0460414235652036
1163.481892124249,1.0707359,0.028098233,1.0465374895131174
1163.4918458702757,1.0541143,0.027882686,1.0469814250930813
1163.5017996163024,1.0808195,0.028222471,1.0473424042966935
1163.5117533623288,1.1013471,0.028480338,1.0476013050246809
1163.5217071083555,1.0649681,0.028014718,1.0477553899187189
1163.531660854382,1.0959077,0.028407555,1.0478044492679568
1163.5416146004086,1.027002,0.027518936,1.047744674610485
1163.551568346435,0.9995097,0.027154991,1.047613857806541
1163.5615220924617,1.0558422,0.027888887,1.0474344705069698
1163.5714758384884,1.0616306,0.027960716,1.0472277773085654
1163.5814295845148,1.0679742,0.028040905,1.0470141038137704
1163.5913833305415,1.0311482,0.027563905,1.0468042383849352
1163.6013370765681,1.0801095,0.028191235,1.046601346929693
1163.6112908225946,1.104622,0.0285656,1.0464059430939228
1163.6212445686213,1.0984701,0.028944936,1.0462148819598491
1163.6311983146477,1.1007355,0.029048387,1.0460266272871421
1163.6411520606744,1.0862633,0.029049765,1.0458407075819212
1163.651105806701,1.0851227,0.029365152,1.0456575243975503
1163.6610595527275,1.056506,0.029247167,1.045477732286963
1163.6710132987541,1.1006343,0.03053057,1.0453025803347615
1163.6809670447806,1.0905994,0.0307871,1.0451348252152888
1163.6909207908072,1.0960504,0.03202244,1.0449754889523832
1163.700874536834,1.0829955,0.031118302,1.0448256972792707
1163.7108282828603,1.0578732,0.030984119,1.044686878507789
1163.720782028887,1.047821,0.030620478,1.0445596252748417
1163.7307357749135,1.0307916,0.030028302,1.044441243673533
1163.7406895209401,1.091545,0.031090213,1.0443293544846628
1163.7506432669668,1.0692073,0.030620478,1.0442210234171545
1163.7605970129932,1.0331154,0.029661333,1.0441126814280652
1163.77055075902,1.1018227,0.030827839,1.0440024854981442
1163.7805045050463,1.0633477,0.03065743,1.0438898425360632
1163.790458251073,1.0473772,0.030363793,1.0437752136305796
1163.8004119970997,1.0950886,0.031026201,1.0436598065484495
1163.810365743126,1.0348557,0.030026402,1.0435438811166138
1163.8203194891528,1.0729506,0.031094655,1.0434263963764507
1163.8302732351792,1.0587955,0.030994454,1.0433059390948212
1163.840226981206,1.0850155,0.031224813,1.0431818191937619
1163.8501807272326,1.0902532,0.031006567,1.043054137309059
1163.860134473259,1.060788,0.030581709,1.042924204480068
1163.8700882192857,1.0904837,0.03136591,1.0427947605921037
1163.880041965312,0.99970555,0.030575708,1.0426679920993265
1163.8899957113388,1.0550928,0.03135505,1.0425459235496013
1163.8999494573654,1.0896401,0.03233751,1.0424285933712696
1163.9099032033919,1.0626228,0.031085478,1.0423145149118738
1163.9198569494185,1.0070893,0.029986506,1.0422021652983302
1163.9298106954452,1.0417329,0.030299751,1.042090497092888
1163.9397644414717,1.062847,0.03068615,1.041979705278295
1163.9497181874983,1.0404269,0.03137553,1.0418715392698914
1163.9596719335248,1.0669651,0.03162746,1.041769770669715
1163.9696256795514,1.0242418,0.030478824,1.0416789599945078
1163.979579425578,0.9993782,0.030327836,1.041602010463276
1163.9895331716045,1.0576483,0.031218585,1.041541559361265
1163.9994869176312,1.0270779,0.030483857,1.0415020073860848
1164.0094406636576,0.9998678,0.029586509,1.0414800636576493
1164.0193944096843,1.0415208,0.029827196,1.0414733130505374
1164.029348155711,1.0222582,0.030019907,1.041478140344194
1164.0393019017374,1.0374328,0.030266965,1.0414873771318875
1164.049255647764,1.0976466,0.030824758,1.041492120630632
1164.0592093937905,1.042304,0.029946836,1.0414840002428045
1164.0691631398172,1.0187355,0.029041845,1.0414502433319868
1164.0791168858439,1.0171144,0.028517697,1.0413847378669499
1164.0890706318703,1.0276467,0.028722178,1.0412820846682032
1164.099024377897,1.0260036,0.028578686,1.0411359232349306
1164.1089781239234,1.0637504,0.028680025,1.0409421726924406
1164.11893186995,1.0205243,0.02758145,1.040709964002479
1164.1288856159767,1.0220568,0.027370008,1.0404468030197154
1164.1388393620032,1.0221893,0.027326435,1.0401626494748273
1164.1487931080298,1.0567755,0.027770009,1.0398746266901164
1164.1587468540563,1.0354254,0.027493166,1.0395969112034653
1164.168700600083,1.0159135,0.027238209,1.0393427320996143
1164.1786543461096,1.0400825,0.027549792,1.0391277474113343
1164.188608092136,1.0086527,0.027138703,1.0389558585700178
1164.1985618381627,1.0615615,0.027820995,1.0388321778230991
1164.2085155841892,1.0563673,0.027752511,1.0387646179920098
1164.2184693302158,1.080117,0.028052734,1.0387487639818744
1164.2284230762425,1.0554051,0.027734831,1.0387751041115325
1164.238376822269,1.074504,0.027977647,1.0388328831782325
1164.2483305682956,1.074693,0.027975453,1.0389049633950413
1164.2582843143223,1.0218562,0.027294837,1.0389665872319231
1164.2682380603487,1.0040958,0.02706098,1.0389976129119856
1164.2781918063754,1.0738082,0.027959857,1.038975195471946
1164.2881455524018,1.0386182,0.02750605,1.0388868600164094
1164.2980992984285,1.0590228,0.027766243,1.0387329917262695
1164.308053044455,1.0697612,0.027900655,1.038514934284903
1164.3180067904816,1.0563308,0.02772705,1.0382298319961278
1164.3279605365083,1.0377897,0.027486386,1.037899127783509
1164.3379142825347,0.9980656,0.02696581,1.0375348265837145
1164.3478680285614,1.0191318,0.027240755,1.0371472667097374
1164.357821774588,1.0626798,0.02780033,1.0367473974305241
1164.3677755206145,1.044333,0.027562618,1.0363439373195593
1164.3777292666412,0.9886123,0.026834643,1.0359411665508629
1164.3876830126676,1.057304,0.027724994,1.0355418800107135
1164.3976367586943,1.010318,0.02711464,1.0351466205573108
1164.407590504721,1.0698761,0.027879853,1.034756352713812
1164.4175442507474,1.104167,0.028310023,1.0343744692660768
1164.427497996774,1.0536652,0.027668582,1.0340079895587273
1164.4374517428005,1.0083743,0.027080636,1.0336628933410714
1164.4474054888271,1.0321167,0.02738752,1.0333464391810605
1164.4573592348538,1.0241704,0.027282208,1.033070051701596
1164.4673129808803,1.0305853,0.027362833,1.0328344551874977
1164.477266726907,1.0536462,0.027657326,1.0326388430271245
1164.4872204729334,1.0016837,0.026981458,1.0324828516563043
1164.49717421896,1.0204419,0.027226454,1.0323653047549908
1164.5071279649867,1.0370929,0.027438516,1.0322749572268797
1164.5170817110131,1.0042491,0.027009161,1.032205091878329
1164.5270354570398,1.0967968,0.028193787,1.0321499078935314
1164.5369892030662,1.099444,0.028226258,1.0321021221310231
1164.546942949093,1.0487632,0.02757927,1.0320578017818913
1164.5568966951196,1.0624434,0.027753865,1.0320162302636187
1164.566850441146,1.0355858,0.02740767,1.0319800728153021
1164.5768041871727,1.0714215,0.027861893,1.0319524962221274
1164.5867579331991,1.0224068,0.027230296,1.0319376506506335
1164.5967116792258,1.0706168,0.027847372,1.0319417695053328
1164.6066654252525,1.087092,0.028052399,1.0319690498330416
1164.616619171279,1.1106244,0.028346924,1.0320208210879933
1164.6265729173056,1.0667539,0.027793022,1.0320990460347093
1164.636526663332,1.0399052,0.027445996,1.0322097428971173
1164.6464804093587,1.0122583,0.027086498,1.0323479183914257
1164.6564341553853,1.0551829,0.027638046,1.0325120522959237
1164.6663879014118,1.1106174,0.028334856,1.0327008626899232
1164.6763416474384,1.0835382,0.02799398,1.0329097174672413
1164.6862953934651,1.0652415,0.027760493,1.0331311518499326
1164.6962491394916,1.0736427,0.027864398,1.0333599382255945
1164.7062028855182,1.0395464,0.02742653,1.033591513526447
1164.7161566315447,1.0526829,0.027592322,1.0338228119702682
1164.7261103775713,1.1258758,0.028510988,1.034054268511716
1164.736064123598,1.0116595,0.027059436,1.0342896700148532
1164.7460178696244,1.0729575,0.02784444,1.0345369290767628
1164.755971615651,1.0593718,0.02767026,1.0348032701994583
1164.7659253616775,1.0540044,0.027598841,1.0350967561043913
1164.7758791077042,1.036847,0.027376477,1.0354301098855672
1164.7858328537309,1.0524603,0.027574524,1.0358056515444032
1164.7957865997573,1.0265132,0.027239341,1.036222822820302
1164.805740345784,1.0451152,0.027476132,1.0366803034604568
1164.8156940918104,1.1047944,0.028227981,1.0371745742384828
1164.825647837837,1.0367404,0.027363671,1.0376912497456892
1164.8356015838638,1.0162054,0.027098013,1.0382198819639168
1164.8455553298902,1.038316,0.027380114,1.0387474348927008
1164.8555090759169,1.064897,0.027716853,1.0392591111101086
1164.8654628219433,1.0938517,0.028081125,1.0397430986886818
1164.87541656797,1.007086,0.026969822,1.040188168557337
1164.8853703139966,1.0072205,0.02696845,1.040577744838154
1164.895324060023,1.0216811,0.027155666,1.0409138338680515
1164.9052778060498,1.0377654,0.027360752,1.0411934188173868
1164.9152315520762,1.026818,0.0272176,1.0414089709565286
1164.9251852981029,1.0328673,0.027293047,1.041558702626482
1164.9351390441295,1.0289876,0.0272399,1.0416470784165583
1164.945092790156,1.0387245,0.027364453,1.0416758255221743
1164.9550465361826,1.0281918,0.027225213,1.0416412157308315
1164.965000282209,1.0382174,0.027354682,1.0415612453538294
1164.9749540282357,1.0588814,0.027615346,1.0414472379205932
1164.9849077742624,1.0911524,0.028020397,1.041310990410675
1164.9948615202889,1.0701867,0.027754435,1.0411677796357268
1165.0048152663155,1.0436054,0.027414938,1.0410315944276185
1165.0147690123422,1.0400015,0.027366156,1.0409124070807882
1165.0247227583686,1.029566,0.027227871,1.0408215461986425
1165.0346765043953,1.010208,0.02697625,1.0407595881304519
1165.0446302504217,1.0019606,0.02686643,1.0407253058036774
1165.0545839964484,1.0784826,0.027843975,1.040717031871504
1165.0645377424748,1.0085295,0.026947726,1.0407310192042596
1165.0744914885015,0.98850614,0.026684087,1.0407581681916054
1165.0844452345282,1.0091736,0.026952725,1.0407920015807348
1165.0943989805546,1.0384262,0.02732763,1.0408254769703658
1165.1043527265813,1.0459517,0.02742158,1.0408524433996198
1165.114306472608,0.98221177,0.026591627,1.0408696148376513
1165.1242602186344,0.946451,0.026113803,1.0408749327852513
1165.134213964661,1.0237508,0.02713026,1.0408657158166754
1165.1441677106875,0.99,0.026688082,1.040842524216068
1165.1541214567142,1.019375,0.027069414,1.040802962258072
1165.1640752027408,0.9805331,0.02656005,1.0407411656847059
1165.1740289487673,0.9881642,0.026657427,1.0406539674074582
1165.183982694794,1.0014732,0.02682974,1.0405420713795417
1165.1939364408204,0.9473729,0.026111858,1.0404075228988858
1165.203890186847,1.0227877,0.027103039,1.0402535269095177
1165.2138439328737,0.9753436,0.026480114,1.0400911785976028
1165.2237976789002,1.0003898,0.026808213,1.0399276572083964
1165.2337514249268,0.97041106,0.026409466,1.0397696299842616
1165.2437051709533,0.94940686,0.026128879,1.0396217699288552
1165.25365891698,0.99361086,0.02671186,1.0394850568214484
1165.2636126630066,0.99481857,0.026725825,1.0393597753118367
1165.273566409033,0.96259934,0.026297266,1.0392470824202371
1165.2835201550597,0.96018267,0.026264634,1.0391446433471994
1165.2934739010861,0.9877852,0.026627503,1.0390515082724363
1165.3034276471128,0.95302564,0.026165139,1.0389674501743018
1165.3133813931395,1.0249434,0.0271062,1.0388920692170645
1165.323335139166,1.0068101,0.026869062,1.038823308122186
1165.3332888851926,0.9848879,0.026581593,1.0387599408191275
1165.343242631219,1.0534966,0.027464079,1.0387009662870457
1165.3531963772457,0.98121756,0.02652808,1.038644416233857
1165.3631501232724,1.0139598,0.026952663,1.038588736395746
1165.3731038692988,1.0218647,0.027053911,1.038532170818569
1165.3830576153255,1.0213299,0.027045472,1.0384714879059218
1165.393011361352,0.9636697,0.026286788,1.0384034964304283
1165.4029651073786,0.98130584,0.026518641,1.0383241588779257
1165.4129188534052,1.0480586,0.02738115,1.0382273849624286
1165.4228725994317,1.0509094,0.027414646,1.0381103163752896
1165.4328263454584,1.0351782,0.027210722,1.0379729936720619
1165.442780091485,0.98964757,0.026619054,1.0378158479078103
1165.4527338375115,1.0220631,0.027038028,1.0376380005722732
1165.4626875835381,1.0357082,0.027211264,1.0374449155806056
1165.4726413295646,0.9511537,0.026102524,1.0372385670873725
1165.4825950755912,1.0064003,0.026828198,1.0370197543015776
1165.4925488216177,0.99426526,0.026668027,1.0367905979040102
1165.5025025676443,0.97896236,0.02646566,1.0365550467560443
1165.512456313671,1.0163465,0.026949208,1.036317361488188
1165.5224100596974,1.0484567,0.027360009,1.0360848065812704
1165.5323638057241,0.99362254,0.026649231,1.0358643061117285
1165.5423175517508,0.95595163,0.026152214,1.0356619324113934
1165.5522712977772,0.90381205,0.025444495,1.0354841856362627
1165.562225043804,0.9229554,0.025703376,1.0353360003300454
1165.5721787898303,0.9828097,0.026500033,1.0352152132710377
1165.582132535857,0.91670597,0.02561471,1.0351214863233251
1165.5920862818837,0.9839382,0.026510656,1.035057669806706
1165.60204002791,0.9567244,0.026149532,1.0350207384374652
1165.6119937739368,0.9799445,0.026453657,1.0350097099452427
1165.6219475199632,1.0138878,0.026895883,1.0350263200873766
1165.6319012659899,1.0006663,0.02672139,1.0350753413064058
1165.6418550120165,0.9418553,0.025941974,1.0351547301651607
1165.651808758043,1.0005662,0.026716081,1.0352660420765063
1165.6617625040697,0.9571586,0.026141841,1.035413028731894
1165.671716250096,1.0128772,0.026870867,1.0355914254067193
1165.6816699961228,0.994714,0.026633631,1.0357929846960254
1165.6916237421494,0.976488,0.026390452,1.0360086290166552
1165.7015774881759,1.0077014,0.026797304,1.036225728800948
1165.7115312342025,0.99355996,0.026611367,1.0364309684978854
1165.721484980229,0.99108005,0.026576038,1.0366143118273514
1165.7314387262556,1.0251862,0.027016345,1.0367653523447748
1165.7413924722823,0.99428433,0.026613582,1.0368790964595433
1165.7513462183088,1.0277821,0.027045675,1.0369584427070242
1165.7612999643354,0.94399077,0.025945801,1.0370063210460025
1165.771253710362,1.0246336,0.027000204,1.0370243794608245
1165.7812074563885,0.9816875,0.026441248,1.037022744292607
1165.7911612024152,0.99589413,0.026624493,1.037005972383758
1165.8011149484416,0.9708596,0.0262945,1.036975917318888
1165.8110686944683,0.9509951,0.026028298,1.0369334836324235
1165.8210224404947,1.0211433,0.026944457,1.036881225217352
1165.8309761865214,0.99510664,0.026602449,1.03682087834814
1165.840929932548,1.0322165,0.027083198,1.0367536770742691
1165.8508836785745,0.950893,0.02601952,1.0366797191724704
1165.8608374246012,1.0592289,0.02741921,1.036592145435433
1165.8707911706279,1.0345842,0.027105093,1.0364705420058924
1165.8807449166543,1.083296,0.027718436,1.03626617968634
1165.890698662681,1.0159358,0.026862273,1.0359354325019747
1165.9006524087074,1.033572,0.027085321,1.035425738062107
1165.910606154734,1.0317236,0.027060939,1.0346619436847324
1165.9205599007607,1.0581031,0.027394682,1.0336185466446293
1165.9305136467872,1.0021888,0.0266757,1.0323072599565881
1165.9404673928138,1.0161353,0.026853953,1.030742352442163
1165.9504211388403,1.0464814,0.027240146,1.0289295424814309
1165.960374884867,1.04717,0.027246831,1.026964839745031
1165.9703286308936,1.0189509,0.026883923,1.0249092609142973
1165.98028237692,0.9592216,0.026101885,1.0228279135204135
1165.9902361229467,0.9964373,0.026588993,1.0207885251397704
1166.0001898689732,1.0080173,0.026736667,1.0188303140433157
1166.0101436149998,1.0004987,0.026636962,1.016973563909012
1166.0200973610265,1.071681,0.027541157,1.0152407196855038
1166.030051107053,1.0321226,0.027040325,1.0136134796254268
1166.0400048530796,1.013696,0.026801629,1.0120848575128376
1166.049958599106,1.02026,0.02688376,1.0106559358596803
1166.0599123451327,1.0275669,0.026974205,1.0093296824898965
1166.0698660911594,1.0537515,0.027304629,1.0080920385934682
1166.0798198371858,0.9927861,0.026521767,1.0069403545794553
1166.0897735832125,1.0577371,0.027351884,1.0058818332574921
1166.099727329239,1.0071683,0.026704554,1.0049056793295925
1166.1096810752656,1.0641696,0.027427824,1.004004890121094
1166.1196348212923,1.0504991,0.027253378,1.0031793081331544
1166.1295885673187,1.0336441,0.027036402,1.0024368404626443
1166.1395423133454,1.0464071,0.027196309,1.0017660787454015
1166.1494960593718,0.9772994,0.026303124,1.0011661688328348
1166.1594498053985,1.0059894,0.026673144,1.0006410804027563
1166.1694035514251,1.015427,0.026835103,1.0001825596313045
1166.1793572974516,1.074618,0.027969588,0.9997775264628321
1166.1893110434783,1.0312937,0.027608447,0.9994167126626963
1166.199264789505,1.0503992,0.027984967,0.999095039792763
1166.2092185355314,1.0624461,0.028443871,0.9987963468570639
1166.219172281558,1.0766386,0.028774433,0.9985126492965921
1166.2291260275845,1.0424176,0.029154956,0.9982364408368128
1166.2390797736111,1.0125873,0.02913352,0.9979577813282092
1166.2490335196376,1.0430809,0.030360987,0.9976662059776953
1166.2589872656642,0.9967632,0.02956692,0.9973507730476592
1166.268941011691,1.036207,0.030034544,0.9969948924104955
1166.2788947577174,1.0004809,0.029026799,0.9965952504999299
1166.288848503744,0.9532052,0.028139139,0.9961517458908209
1166.2988022497707,1.0005844,0.02927338,0.995666481101246
1166.3087559957971,0.97954834,0.028940056,0.9951458183042109
1166.3187097418238,0.97720903,0.028263636,0.9946053196635647
1166.3286634878502,0.9923446,0.028537925,0.9940571477697968
1166.338617233877,1.0196171,0.029435763,0.9935180474159571
1166.3485709799036,1.0072759,0.02927055,0.9930070156157103
1166.35852472593,0.9965169,0.029105378,0.9925407478705403
1166.3684784719567,1.027942,0.029342232,0.9921357607316891
1166.3784322179831,0.98138034,0.029010959,0.9918143765075188
1166.3883859640098,0.9601756,0.028809357,0.9915695519521649
1166.3983397100365,1.0256562,0.029897917,0.991400726168508
1166.408293456063,0.98723596,0.02901927,0.9913125469253963
1166.4182472020896,1.0592234,0.029831897,0.991303290132165
1166.428200948116,0.95493287,0.028846249,0.9913671802322264
1166.4381546941427,1.0019037,0.02995376,0.9915063196969705
1166.4481084401693,1.0153675,0.030224975,0.9917365964786388
1166.4580621861958,0.96344215,0.02947592,0.992047744515167
1166.4680159322224,1.0299864,0.030091066,0.9924379974179168
1166.4779696782489,0.971552,0.029009832,0.992907903262522
1166.4879234242756,0.97721076,0.029006073,0.9934523917746232
1166.4978771703022,0.99271446,0.02900589,0.9940524664614574
1166.5078309163287,0.9973976,0.029727979,0.9946965611869448
1166.5177846623553,0.94673634,0.029419718,0.9953775563607754
1166.527738408382,0.9611585,0.029075755,0.9960852472073096
1166.5376921544084,0.98373973,0.029439641,0.9968179533997987
1166.547645900435,1.0164568,0.029649815,0.9975812064153502
1166.5575996464615,0.9854645,0.029368848,0.9983893005418368
1166.5675533924882,1.0130283,0.029430285,0.9992489184415239
1166.5775071385146,0.95630246,0.028121557,1.0001731024613174
1166.5874608845413,1.0131966,0.029188218,1.0011866294068597
1166.597414630568,1.0022919,0.029276028,1.0023058333290809
1166.6073683765944,1.0296724,0.029345034,1.0035399985538016
1166.617322122621,1.0082699,0.028954545,1.004901219535148
1166.6272758686478,0.99215263,0.028265527,1.0064143717328569
1166.6372296146742,1.0788411,0.028787876,1.0080387215352529
1166.6471833607009,0.97374624,0.027357725,1.0097363138322284
1166.6571371067273,1.0309331,0.028103499,1.0114463295463347
1166.667090852754,1.0203314,0.027573656,1.013082440579292
1166.6770445987806,1.0044398,0.026866112,1.0145730827837083
1166.686998344807,1.066069,0.02737663,1.0158559863456011
1166.6969520908337,1.000194,0.02647994,1.016840646493343
1166.7069058368602,0.96689695,0.026045809,1.017529718805852
1166.7168595828869,1.055149,0.02717679,1.0179303408240084
1166.7268133289135,1.0299424,0.026854483,1.0180510055176304
1166.73676707494,1.0327907,0.026888898,1.0179155580444483
1166.7467208209666,1.0596702,0.027227307,1.0176076358211068
1166.756674566993,0.9981646,0.026441338,1.0171744889950483
1166.7666283130197,1.0029166,0.026502717,1.0166479384713925
1166.7765820590464,0.9952314,0.0264006,1.0160636435605839
1166.7865358050728,1.0261699,0.026794685,1.0154436565541023
1166.7964895510995,1.0364617,0.026924701,1.014803519602527
1166.806443297126,0.9772927,0.026160127,1.0141618630579043
1166.8163970431526,1.0083556,0.026560709,1.0135375520942809
1166.8263507891793,0.9976518,0.026420817,1.0129448795810703
1166.8363045352057,1.0513273,0.027102914,1.0123988261041414
1166.8462582812324,0.98417217,0.026240492,1.0119058853799698
1166.8562120272588,1.0601519,0.027207326,1.0114622005320717
1166.8661657732855,1.0153364,0.026636126,1.0110651022541457
1166.8761195193122,1.0445644,0.027006598,1.010716207453965
1166.8860732653386,1.0439181,0.026997538,1.0104039385580927
1166.8960270113653,1.0125883,0.026597386,1.0101236848377741
1166.9059807573917,1.0508039,0.027079282,1.0098750425976946
1166.9159345034184,1.0019923,0.026455825,1.009660657968079
1166.925888249445,1.0280406,0.026787363,1.0094801934345001
1166.9358419954715,1.050207,0.027065564,1.0093389339083454
1166.9457957414982,1.0657545,0.027256696,1.0092500887273037
1166.9557494875248,1.0397213,0.02692923,1.0092173785108296
1166.9657032335513,1.0319107,0.026827818,1.0092431730778353
1166.975656979578,1.0261576,0.026752772,1.009330803558396
1166.9856107256044,1.0290263,0.026786244,1.0094849842438414
1166.995564471631,0.99441916,0.026341742,1.0096884245096371
1167.0055182176575,0.96028996,0.02589349,1.0099283431194703
1167.0154719636841,1.0236125,0.026710268,1.0101874052956041
1167.0254257097108,1.0168501,0.026624087,1.0104408157433828
1167.0353794557373,1.0043793,0.026461111,1.0106671434030123
1167.045333201764,1.0099947,0.026530337,1.010848358113108
1167.0552869477906,1.039159,0.026899837,1.010957628748574
1167.065240693817,1.0469348,0.026994368,1.0109928676035005
1167.0751944398437,1.0121679,0.026553174,1.010947654877412
1167.0851481858701,1.0183932,0.026629386,1.0108133237593686
1167.0951019318968,1.0262246,0.026728231,1.010588641201859
1167.1050556779235,0.9794079,0.026123423,1.0102932391813937
1167.11500942395,1.079899,0.027393447,1.0099443334771374
1167.1249631699766,1.0124846,0.026545858,1.009564061814963
1167.134916916003,1.0107993,0.026520653,1.0091838852348047
1167.1448706620297,1.0609132,0.027151434,1.0088249220040295
1167.1548244080564,0.97205544,0.026014108,1.0085008245907263
1167.1647781540828,1.0152166,0.026570372,1.0082199538258485
1167.1747319001095,1.022239,0.026658962,1.007973898850616
1167.184685646136,1.0483928,0.026985921,1.007758170952282
1167.1946393921626,1.0511647,0.027021049,1.0075734920817596
1167.2045931381892,1.0373125,0.026844222,1.0074219940231468
1167.2145468842157,1.0192019,0.026612317,1.007308347329219
1167.2245006302423,1.0428891,0.02690782,1.0072411356292346
1167.2344543762688,0.99662596,0.026317153,1.0072390462244032
1167.2444081222955,1.0048194,0.02641938,1.0072964193623977
1167.2543618683221,1.0263135,0.026693014,1.007409921380785
1167.2643156143486,0.9972413,0.026318274,1.0075708041558422
1167.2742693603752,1.007713,0.026450874,1.0077586195775807
1167.2842231064017,1.0335718,0.026776839,1.0079489810507
1167.2941768524283,1.0177542,0.02657456,1.0081247689528072
1167.304130598455,0.9572417,0.025789024,1.00826956667499
1167.3140843444814,0.9464959,0.025645278,1.0083815316475515
1167.324038090508,1.0207461,0.026606081,1.0084640787331391
1167.3339918365346,0.9792848,0.02606953,1.0085237423584141
1167.3439455825612,0.9954612,0.026277691,1.0085722143342335
1167.3538993285879,1.0256314,0.026660228,1.0086259400077375
1167.3638530746143,1.0004066,0.026336282,1.0086991835304102
1167.373806820641,0.96238273,0.025843093,1.008810067766452
1167.3837605666677,1.0062767,0.026406758,1.0089694668500315
1167.393714312694,1.0037351,0.026372254,1.009180401858012
1167.4036680587208,1.0208237,0.02658853,1.0094432016286303
1167.4136218047472,0.9802661,0.026067175,1.0097592072200658
1167.4235755507739,0.908831,0.025121951,1.0101092286610729
1167.4335292968005,0.95725393,0.02576198,1.010481441746155
1167.443483042827,0.97339654,0.02597294,1.0108642859530805
1167.4534367888537,0.9574521,0.025758976,1.0112465064317764
1167.46339053488,0.9859562,0.026129358,1.0116218159190615
1167.4733442809068,0.9426244,0.025559222,1.0119880614912264
1167.4832980269334,0.9872599,0.026143067,1.0123449088178966
1167.4932517729599,1.0132096,0.02647135,1.0126960486464627
1167.5032055189865,0.9610353,0.025793947,1.013043531695331
1167.513159265013,0.9813486,0.026057541,1.0133867151819689
1167.5231130110396,0.9864576,0.026122173,1.0137205166925647
1167.5330667570663,0.9562335,0.025727645,1.0140392136504084
1167.5430205030927,1.0108811,0.02643025,1.014336321482793
1167.5529742491194,1.0123259,0.026445547,1.014604347244421
1167.5629279951459,1.0060312,0.026361872,1.0148447547696153
1167.5728817411725,1.0318959,0.026691426,1.0150641681378358
1167.5828354871992,1.0533282,0.026957523,1.0152701425063861
1167.5927892332256,1.0277556,0.026632875,1.0154723524809337
1167.6027429792523,1.0121905,0.026433427,1.015681072773436
1167.6126967252787,1.0599113,0.027034314,1.0159036832650745
1167.6226504713054,1.0380354,0.026757993,1.0161484780777834
1167.632604217332,1.0330312,0.02669411,1.0164220571932363
1167.6425579633585,1.022703,0.026559483,1.0167253445966251
1167.6525117093852,1.0483283,0.026877629,1.0170595301989638
1167.6624654554116,1.0207276,0.026529672,1.017427935526096
1167.6724192014383,0.9969742,0.026224894,1.0178237397260332
1167.682372947465,1.01393,0.026435921,1.018242507878317
1167.6923266934914,1.0243708,0.026566627,1.018682276460986
1167.702280439518,0.974085,0.025923003,1.0191439964666318
1167.7122341855447,1.0271099,0.026600117,1.0196268170465963
1167.7221879315712,0.96307564,0.025776425,1.0201342331405394
1167.7321416775978,0.99040973,0.026128842,1.020673589732369
1167.7420954236243,1.046218,0.026834736,1.0212459628761184
1167.752049169651,0.96159446,0.025751732,1.0218482210301745
1167.7620029156774,0.97036505,0.025861237,1.022475857297824
1167.771956661704,0.99372584,0.026162174,1.0231226692447066
1167.7819104077307,1.0128129,0.026403157,1.0237750551256446
1167.7918641537572,0.9816999,0.02600173,1.024423470155692
1167.8018178997838,1.0231048,0.026528517,1.0250576764204653
1167.8117716458105,1.0300643,0.026614401,1.0256684752859568
1167.821725391837,0.9949757,0.026164895,1.0262515206837748
1167.8316791378636,0.97547203,0.025912868,1.0268016853091941
1167.84163288389,0.9893371,0.026090516,1.0273081212043285
1167.8515866299167,0.98157287,0.025987875,1.027770268410313
1167.8615403759434,1.0405053,0.026733968,1.0281846532601686
1167.8714941219698,1.0253494,0.026541578,1.0285418150160461
1167.8814478679965,1.0228766,0.026508367,1.0288185117209427
1167.891401614023,1.010293,0.026346907,1.0289956808397778
1167.9013553600496,1.0136895,0.026388707,1.0290329956997337
1167.9113091060763,1.0560008,0.02691849,1.0288498149024856
1167.9212628521027,1.0137665,0.026386287,1.0283881824105308
1167.9312165981294,1.0234586,0.02650448,1.0276176931162357
1167.9411703441558,1.0501641,0.026839852,1.0265090889642918
1167.9511240901825,1.0390531,0.02669664,1.0249948469105656
1167.9610778362091,1.0058553,0.02627512,1.0231522908368924
1167.9710315822356,1.0528249,0.02686383,1.021017429910842
1167.9809853282622,0.99978334,0.026194511,1.018630985115042
1167.9909390742887,0.96783835,0.025781233,1.0160719498787458
1168.0008928203154,1.0475667,0.026793217,1.0134418352155528
1168.010846566342,0.9958453,0.026136177,1.0108176779406266
1168.0208003123685,1.0235312,0.026488373,1.0082854009187552
1168.0307540583951,1.0618591,0.026964441,1.0058867310504955
1168.0407078044216,1.0595088,0.02693184,1.0036341200686636
1168.0506615504482,1.0944111,0.027360084,1.0015296544962848
1168.060615296475,1.0320208,0.026585966,0.9995727073937659
1168.0705690425013,1.1114231,0.027562097,0.9977294761896836
1168.080522788528,1.0266284,0.026512513,0.9959875288852916
1168.0904765345545,1.055661,0.026874943,0.994344290614801
1168.1004302805811,1.080481,0.02717727,0.9927840422037736
1168.1103840266078,1.0446672,0.026729943,0.9912900648054406
1168.1203377726342,1.010782,0.026303688,0.9898519361394824
1168.130291518661,1.0647703,0.026977338,0.9884664019525782
1168.1402452646876,1.0270783,0.026504023,0.9871158482481848
1168.150199010714,1.0408871,0.026674867,0.985793010450831
1168.1601527567407,0.9804113,0.02590572,0.9844922341940515
1168.170106502767,0.9589653,0.02562605,0.9832071266924136
1168.1800602487938,1.0277858,0.026503535,0.9819314107380381
1168.1900139948204,0.98846626,0.026002407,0.9806628240777464
1168.199967740847,1.0178206,0.026372062,0.9794030405885968
1168.2099214868736,1.0056239,0.02621486,0.9781556946163159
1168.2198752329,1.0035871,0.026189938,0.9769275069227978
1168.2298289789267,1.0267682,0.026479883,0.9757287272848076
1168.2397827249533,1.0388879,0.026628219,0.9745756007328377
1168.2497364709798,1.0146189,0.026321616,0.9734731084338795
1168.2596902170064,1.0301275,0.02651521,0.9724294468865397
1168.2696439630329,1.0471298,0.026724555,0.9714574424314832
1168.2795977090595,0.9935273,0.02604502,0.9705568107742802
1168.2895514550862,1.041416,0.026649494,0.9697158474388867
1168.2995052011127,0.9869374,0.025957875,0.9689218740584832
1168.3094589471393,0.9908667,0.026006695,0.9681622573269629
1168.3194126931658,0.9712979,0.025751073,0.9674171518269874
1168.3293664391924,1.0365833,0.026580371,0.9666788689387266
1168.339320185219,0.95889467,0.025587682,0.9659450207982601
1168.3492739312455,0.9885487,0.02596767,0.9652168282642666
1168.3592276772722,1.00115,0.026126415,0.9644972821910354
1168.3691814232986,1.005998,0.026187608,0.9637922507416721
1168.3791351693253,0.9462382,0.02541375,0.9631157481775177
1168.389088915352,0.99158514,0.025998859,0.9624821235116499
1168.3990426613784,0.95924294,0.025577676,0.9619078385174928
1168.408996407405,0.9685133,0.025697535,0.9614135597137856
1168.4189501534315,1.011323,0.02624458,0.9610291576486635
1168.4289038994582,1.0109928,0.026238305,0.9607489771552017
1168.4388576454849,1.0401275,0.026601436,0.9605745937529282
1168.4488113915113,1.0290316,0.02646039,0.9605130571554517
1168.458765137538,1.0564903,0.02680129,0.9605589228165581
1168.4687188835646,1.0079999,0.026190279,0.9606990594111846
1168.478672629591,0.99214965,0.025988087,0.9609293179641761
1168.4886263756177,1.0353099,0.026530227,0.9612592048832695
1168.4985801216442,1.0176551,0.026302824,0.961672670778395
1168.5085338676708,1.0750432,0.027015053,0.9621661822227752
1168.5184876136973,1.0267903,0.02641885,0.9627429232503051
1168.528441359724,1.0175521,0.026300812,0.9634094104752802
1168.5383951057506,1.0307379,0.026462888,0.9641581782508055
1168.548348851777,1.0649859,0.02688321,0.9649932737185067
1168.5583025978037,1.0749937,0.027005624,0.9659323832935942
1168.5682563438304,1.0585577,0.026801573,0.9669782249193095
1168.5782100898568,1.0539346,0.026738785,0.9681340429664493
1168.5881638358835,1.070456,0.02694111,0.9694108345444736
1168.59811758191,1.0964687,0.027257182,0.9708406295320577
1168.6080713279366,1.100893,0.027306357,0.9724146373904792
1168.6180250739633,1.094287,0.027227823,0.9741463529906128
1168.6279788199897,1.0909486,0.027183607,0.9760671393287965
1168.6379325660164,1.0819069,0.027073063,0.97819795236748
1168.6478863120428,1.0221089,0.026329376,0.9805271359663901
1168.6578400580695,1.0569979,0.026759733,0.9830432561357082
1168.6677938040962,1.0508162,0.026679961,0.9857244565807712
1168.6777475501226,1.046435,0.026624795,0.988479359000386
1168.6877012961493,1.076697,0.026996497,0.9912267972195187
1168.6976550421757,1.0318158,0.026438452,0.9938808384538711
1168.7076087882024,1.0418812,0.02656093,0.9963384553441061
1168.717562534229,1.0545356,0.026715344,0.9985538001430054
1168.7275162802555,1.0064287,0.026111932,1.0004806532656076
1168.7374700262822,1.0550796,0.026717577,1.00205454725668
1168.7474237723086,1.0117025,0.026172383,1.003283725182988
1168.7573775183353,1.031053,0.026414156,1.004211867480953
1168.767331264362,1.0740349,0.026943855,1.004880314727596
1168.7772850103884,1.0078734,0.02611876,1.0053215953806947
1168.787238756415,1.1002455,0.027258188,1.0056415084961146
1168.7971925024415,1.0389605,0.026505105,1.0058921632715758
1168.8071462484681,1.0331404,0.026429009,1.006110027441443
1168.8170999944948,1.030157,0.02639131,1.006320938218764
1168.8270537405213,1.041422,0.026528472,1.0065390169515798
1168.837007486548,1.0200431,0.026259162,1.0067712340768946
1168.8469612325744,1.0566971,0.02671396,1.0070255104581363
1168.856914978601,1.0275671,0.02644513,1.0073045967713081
1168.8668687246277,1.0346284,0.02683736,1.0076115265980445
1168.8768224706541,1.098934,0.027681129,1.0079515181847654
1168.8867762166808,1.0867577,0.027700702,1.008334682720704
1168.8967299627075,1.0842499,0.027989108,1.0087602830010678
1168.906683708734,1.0744289,0.028047938,1.0092306374327729
1168.9166374547606,1.0949064,0.02891027,1.009747805780909
1168.926591200787,1.1107285,0.02935277,1.0103025335691629
1168.9365449468137,1.0643178,0.02930829,1.010878278766085
1168.9464986928404,1.1008792,0.029471671,1.011458271394909
1168.9564524388668,1.0821854,0.029362481,1.0120192083347932
1168.9664061848935,1.0651757,0.028714007,1.012545360256571
1168.97635993092,1.0024596,0.027968626,1.013027270887158
1168.9863136769466,1.0214683,0.02841702,1.0134599423536264
1168.9962674229732,1.0564928,0.028625278,1.0138467051643478
1169.0062211689997,0.986317,0.027388848,1.0142059252557225
1169.0161749150263,1.0111375,0.02788785,1.0145545013113295
1169.0261286610528,1.0603995,0.028857084,1.0149155999669557
1169.0360824070794,0.9997878,0.028019767,1.0153105262246442
1169.0460361531061,1.0105047,0.028065797,1.0157490319428795
1169.0559898991326,1.0300871,0.028361244,1.0162282450800462
1169.0659436451592,0.9755933,0.027860397,1.0167196060103052
1169.0758973911857,1.0358741,0.028836515,1.0171521624267787
1169.0858511372123,1.0009762,0.02794171,1.017408502860723
1169.095804883239,0.96549594,0.027428133,1.0172481892277168
1169.1057586292654,1.0548939,0.02860327,1.0163383068872323
1169.115712375292,0.95627993,0.027669638,1.0144626462751323
1169.1256661213185,1.0215658,0.028702933,1.0114395046132338
1169.1356198673452,0.98527426,0.028464245,1.0069989107733341
1169.1455736133719,0.95774996,0.027821882,1.0012810164881998
1169.1555273593983,0.9660332,0.027811358,0.9943766640909758
1169.165481105425,0.9201446,0.027050255,0.9863228684941413
1169.1754348514514,0.9153774,0.026669059,0.9771094580087747
1169.185388597478,0.9047568,0.026757633,0.9669783754667136
1169.1953423435048,0.92804027,0.027749844,0.9560136418638143
1169.2052960895312,0.9085613,0.027156511,0.9442329844617545
1169.2152498355579,0.9146901,0.027059026,0.9317692433232831
1169.2252035815845,0.9518092,0.027611919,0.9187901916574694
1169.235157327611,0.91719943,0.027196221,0.9054381569979433
1169.2451110736376,0.95329475,0.027427327,0.89190169480253
1169.255064819664,0.9211205,0.026675781,0.8784753768781444
1169.2650185656908,0.9021319,0.026256025,0.8654176163522913
1169.2749723117172,0.9435261,0.027127592,0.8530003232474337
1169.2849260577439,0.90945387,0.026667742,0.8414155550371087
1169.2948798037705,0.8720409,0.025971238,0.8305855198376052
1169.304833549797,0.8937132,0.026105009,0.8204484208962692
1169.3147872958236,0.90222585,0.025857404,0.8109958884126496
1169.3247410418503,0.92664224,0.025857996,0.8021084880865237
1169.3346947878767,0.94959944,0.02627976,0.7937113101928626
1169.3446485339034,0.9132104,0.025581945,0.7857798801313054
1169.3546022799298,0.92635566,0.025465991,0.7783528632936398
1169.3645560259565,0.8661144,0.024294255,0.7713398520624454
1169.3745097719832,0.90425944,0.02466982,0.7647253090363095
1169.3844635180096,0.8518725,0.023945201,0.7585240076126517
1169.3944172640363,0.87338644,0.024236497,0.752722064008471
1169.4043710100627,0.8689907,0.024174182,0.747267306458054
1169.4143247560894,0.8387085,0.023761975,0.7421445568137256
1169.424278502116,0.85361326,0.023962513,0.7373853528291835
1169.4342322481425,0.87292504,0.024224205,0.7329389311575216
1169.4441859941692,0.79223067,0.02310447,0.7287886900402105
1169.4541397401956,0.7557259,0.022580776,0.7249415025916988
1169.4640934862223,0.7746973,0.02285144,0.7214266250272718
1169.474047232249,0.75425535,0.022553926,0.7182053750141008
1169.4840009782754,0.74766815,0.02245398,0.7152811525662267
1169.493954724302,0.67098063,0.021302864,0.712689794666465
1169.5039084703285,0.6866682,0.021542044,0.7104274269725322
1169.5138622163552,0.60336804,0.02023095,0.708476972564197
1169.5238159623818,0.61617565,0.020437302,0.706845368847287
1169.5337697084083,0.62972355,0.020648679,0.7055993017223614
1169.543723454435,0.59770143,0.020133544,0.7046970357214266
1169.5536772004614,0.59655726,0.020112554,0.7041458414416407
1169.563630946488,0.5981547,0.02013688,0.7039737541154912
1169.5735846925147,0.5935133,0.020059519,0.7042035397378081
1169.5835384385412,0.55058616,0.019343354,0.704787695214343
1169.5934921845678,0.5780116,0.019802043,0.7057178852133565
1169.6034459305943,0.5720449,0.019702252,0.7070251564389811
1169.613399676621,0.57926965,0.019819371,0.7086736666171847
1169.6233534226476,0.57124895,0.019686066,0.7106372169209247
1169.633307168674,0.5554134,0.019417465,0.7129117595690341
1169.6432609147007,0.54540896,0.019246446,0.7155330327391733
1169.6532146607274,0.59789246,0.020118011,0.718444285045777
1169.6631684067538,0.59325063,0.020041877,0.7216406994675079
1169.6731221527805,0.5781594,0.019793388,0.7251438550723833
1169.683075898807,0.58473116,0.01989866,0.7289633527134465
1169.6930296448336,0.6219523,0.020499926,0.7330795166058426
1169.7029833908603,0.642337,0.02082238,0.7375021097891991
1169.7129371368867,0.64108986,0.020800903,0.742288943986879
1169.7228908829134,0.66778713,0.021217566,0.7474157616061433
1169.7328446289398,0.71547014,0.021936197,0.7528833760972344
1169.7427983749665,0.72994184,0.02214866,0.7587170162448821
1169.7527521209931,0.7540096,0.022535186,0.7649744629487643
1169.7627058670196,0.7469621,0.022802804,0.7716207930118071
1169.7726596130462,0.79258305,0.023946881,0.7786751196650511
1169.7826133590727,0.825239,0.024569008,0.7862074840507003
1169.7925671050994,0.8341576,0.024841256,0.7942464733779222
1169.802520851126,0.85212886,0.025606498,0.8027996943635991
1169.8124745971525,0.8829658,0.026459968,0.8119195111932707
1169.8224283431791,0.8624811,0.026304694,0.8217874819035993
1169.8323820892056,0.8748489,0.026432103,0.8323928891648666
1169.8423358352322,0.84517354,0.025900513,0.8437903644821323
1169.852289581259,0.92584753,0.02728957,0.8560214118689614
1169.8622433272853,0.90868104,0.027426045,0.8689931946161931
1169.872197073312,0.9491112,0.027863622,0.8823721938449447
1169.8821508193384,0.9505093,0.027968055,0.8958914058797813
1169.8921045653651,0.91977936,0.026989387,0.9092658745104394
1169.9020583113918,0.97066444,0.027427329,0.9222717229946038
1169.9120120574182,0.9177354,0.026549345,0.9347728836147395
1169.921965803445,0.955897,0.027193652,0.946649182258671
1169.9319195494713,0.910627,0.02666609,0.9576752728990472
1169.941873295498,0.9370149,0.026816346,0.9678850421334375
1169.9518270415247,0.9304209,0.026744595,0.9772063166272889
1169.961780787551,0.9196604,0.02636256,0.9854947134881589
1169.9717345335778,0.9003786,0.026144398,0.9926338010507776
1169.9816882796044,0.93944395,0.02754236,0.9986647523536084
1169.9916420256309,0.90585655,0.026938526,1.0035428642164363
1170.0015957716575,0.9200838,0.02678322,1.007107916700234
1170.011549517684,0.93163085,0.027129931,1.0095540513907089
1170.0215032637107,0.9456375,0.027235208,1.01109573322281
1170.031457009737,0.92036253,0.02685187,1.011963549601647
1170.0414107557638,0.9622909,0.027642965,1.0124011799679895
1170.0513645017904,0.9029631,0.027018959,1.012680210473842
1170.0613182478169,0.8874703,0.02649632,1.012905633673237
1170.0712719938435,0.9470896,0.026948184,1.0131278116756066
1170.0812257398702,0.9088876,0.026737828,1.013366717347971
1170.0911794858966,0.9516238,0.027552051,1.0136255387557274
1170.1011332319233,0.89288205,0.026411848,1.0139047069499512
1170.1110869779498,0.9273568,0.027107166,1.0142067661339789
1170.1210407239764,0.9303714,0.02701519,1.0145287311057956
1170.130994470003,0.9333395,0.027213829,1.0148703897415683
1170.1409482160295,0.92785853,0.026844723,1.0152332689678905
1170.1509019620562,0.96125185,0.027084734,1.0156197497139625
1170.1608557080826,0.9166808,0.026338603,1.0160259981212265
1170.1708094541093,0.9338615,0.02617454,1.0164490053735458
1170.180763200136,0.9575419,0.02655211,1.016883525171815
1170.1907169461624,0.9577459,0.026262589,1.017318880883475
1170.200670692189,0.9240109,0.025916575,1.0177439978733214
1170.2106244382155,0.94666487,0.026427273,1.0181482679044316
1170.2205781842422,1.0011477,0.02732237,1.0185155281607836
1170.2305319302689,0.9650805,0.026389306,1.0188430345424628
1170.2404856762953,0.9417292,0.025268752,1.0191270044287764
1170.250439422322,0.9584974,0.02518847,1.019363365688378
1170.2603931683484,0.96966183,0.025326721,1.0195500761079543
1170.270346914375,1.0194128,0.025953323,1.019694245359846
1170.2803006604017,0.9523838,0.02510041,1.0197987009777791
1170.2902544064282,0.9747097,0.025387239,1.019864545119798
1170.3002081524548,0.99783283,0.025675725,1.0199026348858005
1170.3101618984813,0.95931995,0.025186555,1.019924127739148
1170.320115644508,0.98465145,0.025504485,1.0199390865006737
1170.3300693905346,0.98612976,0.025522558,1.0199576803321402
1170.340023136561,0.96372247,0.025235511,1.019984520127287
1170.3499768825877,0.97425085,0.025366796,1.0200194689229285
1170.3599306286142,1.0184914,0.025922935,1.0200591614645986
1170.3698843746408,0.97399306,0.025360152,1.0200981226755954
1170.3798381206675,0.9970524,0.025650578,1.0201324439575297
1170.389791866694,0.9765981,0.025389114,1.020159882450415
1170.3997456127206,1.0190762,0.025919393,1.020177365639493
1170.4096993587473,0.9996214,0.025676047,1.0201827438500821
1170.4196531047737,0.9696325,0.02529463,1.0201723533069036
1170.4296068508004,1.0054675,0.025744352,1.0201407339223025
1170.4395605968268,0.98599195,0.025498386,1.0200789891118602
1170.4495143428535,1.0018806,0.025693126,1.019986419820051
1170.45946808888,0.9930814,0.025581317,1.019858631144031
1170.4694218349066,1.0190127,0.025906289,1.0196856457477081
1170.4793755809333,0.9569327,0.025117746,1.0194579685815965
1170.4893293269597,0.98769784,0.025507033,1.019169412750585
1170.4992830729864,0.9411288,0.02491171,1.018809452013835
1170.509236819013,0.95065117,0.025035288,1.0183546142351665
1170.5191905650395,0.9733311,0.025320107,1.0178072763878179
1170.5291443110661,0.99750936,0.025625495,1.017167903002215
1170.5390980570926,0.9805908,0.025408462,1.016438799343699
1170.5490518031193,1.000834,0.025659,1.0156295439573035
1170.559005549146,0.98172736,0.025419446,1.0147750052584472
1170.5689592951724,0.95561326,0.025086055,1.0139033041924708
1170.578913041199,1.001414,0.025664125,1.013048800279516
1170.5888667872255,1.011534,0.025786757,1.0122430059343048
1170.5988205332521,0.96941423,0.025254602,1.011502221988498
1170.6087742792788,1.0009001,0.025650354,1.0108347960447996
1170.6187280253052,1.0211929,0.025901483,1.0102508533553676
1170.628681771332,0.98387927,0.025431957,1.0097294260748915
1170.6386355173584,0.9742503,0.025308296,1.009257842204153
1170.648589263385,0.9957688,0.025580082,1.0088258647015798
1170.6585430094117,0.97783947,0.025347926,1.0084245323497765
1170.6684967554381,1.0371095,0.026085692,1.0080436766955505
1170.6784505014648,1.0075715,0.025719456,1.0076801655488918
1170.6884042474912,1.0176004,0.025842251,1.0073347353325863
1170.698357993518,1.0195596,0.025865871,1.0070068087716773
1170.7083117395446,1.0006595,0.02562679,1.0066959533138107
1170.718265485571,0.9972502,0.025582604,1.0064021577558937
1170.7282192315977,0.972613,0.025268693,1.0061256660674294
1170.7381729776243,0.96827847,0.025211625,1.0058571504557583
1170.7481267236508,0.96786964,0.025206296,1.0055852592541328
1170.7580804696775,0.99000806,0.025483834,1.0052907533467341
1170.768034215704,0.96733385,0.025194751,1.0049484255566348
1170.7779879617306,0.9748937,0.025288539,1.0045458410856423
1170.787941707757,0.9496656,0.0249628,1.0040757020801707
1170.7978954537837,0.99018365,0.02547707,1.0035296840800314
1170.8078491998103,1.0145191,0.025777895,1.002918212793491
1170.8178029458368,1.0158759,0.025794355,1.0022506973240894
1170.8277566918634,0.97730565,0.025306402,1.0015331997758252
1170.83771043789,1.0364467,0.026040275,1.0007681431679476
1170.8476641839165,1.0148058,0.025773615,0.9999725438539904
1170.8576179299432,1.006961,0.025674405,0.9991581554290618
1170.8675716759697,1.0374929,0.026049394,0.9983416172879066
1170.8775254219963,1.0041933,0.025636004,0.9975467685226036
1170.887479168023,1.0315356,0.025971705,0.9967927888563208
1170.8974329140494,1.0296586,0.02594617,0.996094248347815
1170.907386660076,0.98358405,0.025372684,0.9954673345774507
1170.9173404061025,1.0594409,0.0263052,0.9949047474324542
1170.9272941521292,1.0304797,0.025946448,0.9943996299281694
1170.9372478981559,1.0289961,0.025932766,0.9939492577031462
1170.9472016441823,0.99765015,0.025539173,0.9935571476358875
1170.957155390209,1.0449876,0.026123863,0.9932139962370887
1170.9671091362354,0.99563646,0.025508856,0.9929190435573041
1170.977062882262,1.045191,0.026121255,0.9926756480077601
1170.9870166282888,1.0358049,0.026002439,0.9924827823674427
1170.9969703743152,1.0967035,0.026739478,0.9923345529240648
1171.0069241203419,1.0095638,0.025675233,0.9922284842818061
1171.0168778663683,0.98721707,0.0253936,0.9921660029095248
1171.026831612395,1.0051861,0.02561866,0.9921364459422145
1171.0367853584216,1.000493,0.025557104,0.9921322695006689
1171.046739104448,0.9709648,0.025185786,0.9921468860352969
1171.0566928504747,0.98898405,0.02540907,0.9921738743820073
1171.0666465965012,1.0607374,0.026290735,0.9922065665284525
1171.0766003425279,1.0147271,0.02572431,0.9922435077018105
1171.0865540885545,1.0380788,0.026010158,0.9922867553559442
1171.096507834581,1.0527833,0.02618936,0.9923404909285857
1171.1064615806076,1.0091666,0.025648465,0.9924088789873908
1171.116415326634,0.99447256,0.025466299,0.9924962370321863
1171.1263690726607,1.0298169,0.025902625,0.9926093358343199
1171.1363228186874,1.0706229,0.026393684,0.9927457012851113
1171.1462765647138,1.0292556,0.025891459,0.9929029466784496
1171.1562303107405,1.0509908,0.026152592,0.9930776870483649
1171.1661840567672,0.99813265,0.025501065,0.9932644028570555
1171.1761378027936,1.0334706,0.025935868,0.9934553207346697
1171.1860915488203,1.0197114,0.025764948,0.9936461373914065
1171.1960452948467,1.0013856,0.02553344,0.9938350183174566
1171.2059990408734,1.0575953,0.026220322,0.9940253719033681
1171.2159527868998,0.98310226,0.025301537,0.994224966329854
1171.2259065329265,1.0245143,0.025813613,0.9944441760844105
1171.2358602789532,0.9731348,0.0251713,0.9947007227495869
1171.2458140249796,1.0361025,0.025951982,0.9949984566977552
1171.2557677710063,1.0142676,0.025679683,0.9953381521511855
1171.265721517033,1.0525535,0.026149245,0.9957134412974804
1171.2756752630594,1.0296719,0.02586838,0.9961051049739834
1171.285629009086,1.0151641,0.02568479,0.9964855578384384
1171.2955827551125,1.0432258,0.026029563,0.9968304756847004
1171.3055365011392,1.0196011,0.02573766,0.9971111619055605
1171.3154902471658,1.0266504,0.025821678,0.9973171525589097
1171.3254439931923,0.9944372,0.025420595,0.9974528381766403
1171.335397739219,1.0426339,0.02601294,0.9975291792868269
1171.3453514852454,1.0321232,0.0258808,0.9975625115288753
1171.355305231272,1.0052142,0.02554794,0.9975860966964362
1171.3652589772987,1.0471317,0.026057923,0.9976213821440882
1171.3752127233251,1.0075532,0.025572885,0.9976866406672061
1171.3851664693518,1.0380005,0.025947295,0.9977939999966761
1171.3951202153783,0.98469853,0.025284944,0.997941602723426
1171.405073961405,1.0648019,0.026264934,0.9981283078354242
1171.4150277074316,1.0338901,0.025891779,0.9983566360621621
1171.424981453458,1.044628,0.026016911,0.9986233227497507
1171.4349351994847,1.0497555,0.026077967,0.9989273261598632
1171.4448889455111,1.0638834,0.026248403,0.9992711145999355
1171.4548426915378,0.9864504,0.025294127,0.9996653021415633
1171.4647964375645,1.0491269,0.026064351,1.0001065002164
1171.474750183591,1.0198963,0.025706613,1.000598631529213
1171.4847039296176,0.9759189,0.025154484,1.001150034699147
1171.494657675644,0.95246184,0.024856504,1.0017677291091618
1171.5046114216707,0.9871254,0.025293764,1.0024458222088417
1171.5145651676974,0.9830057,0.025242457,1.0031785953777927
1171.5245189137238,0.9660052,0.025024857,1.0039549514473727
1171.5344726597505,0.99031496,0.025327768,1.0047475825872991
1171.544426405777,0.9687267,0.025054127,1.0055343944957407
1171.5543801518036,0.9773326,0.025161358,1.0062989827365623
1171.5643338978302,0.9961258,0.025395053,1.0070229463237652
1171.5742876438567,0.9924041,0.02534337,1.0077023902170121
1171.5842413898833,0.96609586,0.025011927,1.008329910645831
1171.59419513591,0.9302103,0.024551857,1.0088931221396762
1171.6041488819365,1.0022501,0.025460294,1.0093807934674333
1171.6141026279631,0.96631825,0.025010193,1.0097930481072797
1171.6240563739896,0.9775807,0.025150467,1.0101272829252361
1171.6340101200162,0.9675782,0.025021216,1.01037946202021
1171.643963866043,0.9341041,0.024597503,1.0105720197812291
1171.6539176120693,0.9410654,0.024680188,1.0107270431557478
1171.663871358096,0.9696972,0.025043584,1.010863149918664
1171.6738251041224,0.9228431,0.024443092,1.0109949702638863
1171.683778850149,0.86069083,0.023620639,1.01113005854351
1171.6937325961758,0.85682684,0.02356726,1.0112695350240477
1171.7036863422022,0.87964,0.023873953,1.0114116608137034
1171.7136400882289,0.89634305,0.024088874,1.0115521137400745
1171.7235938342553,0.9275448,0.024495611,1.0116864323518207
1171.733547580282,0.91452754,0.024319595,1.0118107706946393
1171.7435013263087,0.8555727,0.023544984,1.011920852475075
1171.753455072335,0.88620263,0.023946756,1.012018262303136
1171.7634088183618,0.87197006,0.023757163,1.012106686592871
1171.7733625643882,0.8970144,0.024087632,1.0121914310476494
1171.7833163104149,0.9074978,0.024221689,1.0122799891500556
1171.7932700564415,0.90085965,0.024133053,1.0123772047165587
1171.803223802468,0.89730525,0.024082942,1.012484427540505
1171.8131775484947,0.8604544,0.023596114,1.012598536633626
1171.823131294521,0.8911756,0.02400285,1.0127096600430623
1171.8330850405478,0.91674274,0.024330083,1.012806022152582
1171.8430387865744,0.9394315,0.024622101,1.012875358426784
1171.8529925326009,0.91521335,0.02430699,1.0128984260142473
1171.8629462786275,0.90271866,0.024143465,1.0128683836674575
1171.872900024654,0.9234029,0.024409423,1.012781455958006
1171.8828537706806,0.91753167,0.024333531,1.0126365027789281
1171.8928075167073,0.94497985,0.02468369,1.0124350135800193
1171.9027612627337,0.9678635,0.024970861,1.012196997072235
1171.9127150087604,1.0182052,0.025594236,1.011935241711231
1171.922668754787,0.97911114,0.025106171,1.0116605961430323
1171.9326225008135,0.9619894,0.024888,1.0113800577046002
1171.9425762468402,0.9513011,0.024753548,1.0110918158275635
1171.9525299928666,1.0269166,0.025691556,1.0107838728223122
1171.9624837388933,1.0400066,0.025847377,1.0104240668370552
1171.9724374849197,0.99528486,0.025364595,1.0099838646743367
1171.9823912309464,1.001248,0.02592446,1.0094379958936932
1171.992344976973,1.0638112,0.027238965,1.0087653377036254
1172.0022987229995,1.0551913,0.02716567,1.007950077457822
1172.0122524690262,1.0971944,0.02790284,1.0070293074825942
1172.0222062150528,1.0444499,0.028065423,1.0060333247183775
1172.0321599610793,1.0774436,0.028616164,1.0049998965010223
1172.042113707106,1.0482191,0.028353719,1.0039742990611882
1172.0520674531324,1.012543,0.028088626,1.002987885195342
1172.062021199159,1.0524768,0.028381083,1.0020591274369077
1172.0719749451857,1.0819006,0.028921729,1.0012063324962703
1172.0819286912122,0.98410535,0.028039891,1.000421691821154
1172.0918824372388,1.0697308,0.029130852,0.9996994016359639
1172.1018361832653,1.0506853,0.028739894,0.9990360496961646
1172.111789929292,1.0751984,0.028543284,0.9984316131477112
1172.1217436753186,1.0552124,0.02784718,0.9978729657184362
1172.131697421345,1.0337346,0.027570881,0.9973550162897477
1172.1416511673717,1.0729746,0.028264364,0.9968749451774865
1172.1516049133982,1.0744886,0.028180394,0.9964257489655318
1172.1615586594248,1.0594182,0.027931873,0.9959992633524691
1172.1715124054515,1.0731323,0.028114073,0.9955913286784988
1172.181466151478,1.005039,0.026974073,0.9952016816286513
1172.1914198975046,1.0215601,0.027499713,0.9948279951171988
1172.201373643531,1.0170608,0.028164186,0.9944712364530541
1172.2113273895577,1.0423893,0.028109938,0.9941343459829906
1172.2212811355844,1.0483449,0.028154215,0.9938225169651134
1172.2312348816108,1.0410285,0.027994104,0.9935346233212554
1172.2411886276375,1.0308815,0.028013548,0.9932716302985668
1172.251142373664,1.0333078,0.02789887,0.993035818775448
1172.2610961196906,1.0146759,0.027838157,0.9928256930322668
1172.2710498657173,1.0258658,0.0282052,0.9926365619715003
1172.2810036117437,0.9827252,0.027192092,0.9924645082008079
1172.2909573577704,1.0264688,0.027577631,0.9923047034928392
1172.3009111037968,1.0175887,0.02769136,0.9921471414885632
1172.3108648498235,1.0020689,0.027779847,0.9919828112335038
1172.3208185958501,1.0020914,0.027591936,0.991802413969321
1172.3307723418766,1.039277,0.028141333,0.99159586454243
1172.3407260879032,0.97840255,0.027297137,0.9913633105727409
1172.35067983393,1.0390693,0.028166825,0.9911067550362502
1172.3606335799564,0.96316946,0.02670981,0.9908325925066239
1172.370587325983,0.9928037,0.027166465,0.9905554126010822
1172.3805410720095,1.0167485,0.027101481,0.9902913014776233
1172.3904948180361,0.9890986,0.026427098,0.990054891117365
1172.4004485640628,0.9549221,0.026017651,0.9898660897888175
1172.4104023100892,1.0035651,0.026390504,0.9897294948150641
1172.420356056116,1.0111192,0.026714735,0.9896483110599574
1172.4303098021423,1.0343515,0.027113583,0.9896258328036552
1172.440263548169,1.0239706,0.02723124,0.989667346072182
1172.4502172941957,1.0212375,0.026550232,0.9897621423151695
1172.4601710402221,1.0432036,0.02599866,0.9899070037601545
1172.4701247862488,1.0074329,0.025349587,0.9901015299502827
1172.4800785322752,1.0584764,0.025969755,0.990339039687143
1172.490032278302,0.9862277,0.025085902,0.9906089212287108
1172.4999860243286,0.99438214,0.025183367,0.9909036042167039
1172.509939770355,0.99488056,0.025187666,0.9912169760122063
1172.5198935163817,0.942242,0.02452715,0.9915398319564693
1172.529847262408,0.9759302,0.024948824,0.9918681989274059
1172.5398010084348,1.0293974,0.025606485,0.9922020321541491
1172.5497547544614,0.9571458,0.02470753,0.9925465177792827
1172.559708500488,1.0021919,0.025270078,0.9929076170228461
1172.5696622465146,0.9644709,0.02479929,0.9932931853614985
1172.579615992541,0.9951936,0.025177734,0.9937140443223367
1172.5895697385677,1.0156795,0.025427107,0.9941765756487828
1172.5995234845943,1.0152189,0.025419343,0.994679144549542
1172.6094772306208,0.99102056,0.025120866,0.9952179609069578
1172.6194309766474,0.9869465,0.025068715,0.9957842290673415
1172.6293847226739,1.0133744,0.025390854,0.9963544112525919
1172.6393384687005,0.9360023,0.024423683,0.9969055946774981
1172.6492922147272,0.9012672,0.02397629,0.9974143202804768
1172.6592459607537,0.9530895,0.024637504,0.9978549591731596
1172.6691997067803,0.9673179,0.024812765,0.9982278765900244
1172.679153452807,0.9525698,0.024627255,0.9985333983135121
1172.6891071988334,0.90218484,0.023982314,0.9987724665216875
1172.69906094486,0.9570382,0.02467929,0.9989558322021777
1172.7090146908865,0.9400297,0.024459077,0.9990989326746267
1172.7189684369132,0.95932436,0.02470316,0.9992093636062851
1172.7289221829396,0.9262747,0.024282727,0.9992841398317036
1172.7388759289663,0.9321213,0.024354948,0.9993195055680933
1172.748829674993,0.93517643,0.024393791,0.9993037257808197
1172.7587834210194,0.92905045,0.024311572,0.9992198525291709
1172.768737167046,0.9663051,0.024781093,0.9990446840031617
1172.7786909130728,0.93243206,0.024354221,0.9987859743966143
1172.7886446590992,0.956199,0.02465209,0.9984500385404373
1172.7985984051259,0.9179988,0.024163779,0.9980483156083415
1172.8085521511523,0.951721,0.024592277,0.9976047031706085
1172.818505897179,0.95728195,0.0246578,0.997143307884101
1172.8284596432056,0.91338354,0.024101429,0.9966765981293066
1172.838413389232,0.9416005,0.024457294,0.9962087032008148
1172.8483671352587,0.9321849,0.024333848,0.9957353920667686
1172.8583208812852,0.9937536,0.025105206,0.9952486971288086
1172.8682746273118,0.94403994,0.024484245,0.9947401899949155
1172.8782283733385,0.9192657,0.024166463,0.9942008545061065
1172.888182119365,0.94163084,0.024446856,0.9936345994725949
1172.8981358653916,0.9126544,0.024074575,0.9930455865419161
1172.908089611418,0.9746408,0.024858925,0.9924408849296313
1172.9180433574447,0.9662162,0.024749944,0.9918333463207346
1172.9279971034714,0.9614882,0.024693463,0.9912372414977808
1172.9379508494978,0.9632654,0.024710363,0.9906662668269011
1172.9479045955245,0.9162847,0.024116654,0.9901394886724326
1172.957858341551,0.9611314,0.024682729,0.9896633452704613
1172.9678120875776,0.9878007,0.025011374,0.9892402152083765
1172.9777658336043,0.9159308,0.024103574,0.9888716215128401
1172.9877195796307,0.94122857,0.024424182,0.9885632206667663
1172.9976733256574,0.9651909,0.024725147,0.9883046677606578
1173.0076270716838,0.94853616,0.024510605,0.9880950010473858
1173.0175808177105,0.9780448,0.024878144,0.9879379364617804
1173.0275345637372,0.96367806,0.024698751,0.9878360026450907
1173.0374883097636,0.97522986,0.024841497,0.987785154845187
1173.0474420557903,0.98487,0.024958564,0.9877855165932863
1173.0573958018167,0.9816894,0.02491588,0.9878409703954064
1173.0673495478434,0.9538306,0.024566747,0.9879400523051491
1173.07730329387,0.9637595,0.02469299,0.9880687665945538
1173.0872570398965,0.9201531,0.024136484,0.9882100956113202
1173.0972107859232,0.9700202,0.024762474,0.9883363001060989
1173.1071645319498,0.9840619,0.024938552,0.9884205371352912
1173.1171182779763,1.0178958,0.025349408,0.9884386366316176
1173.127072024003,0.97747654,0.024853008,0.9883657402742538
1173.1370257700294,0.9820104,0.024904117,0.9881890808350919
1173.146979516056,0.94533587,0.024444612,0.987922824513938
1173.1569332620827,1.0129161,0.02527881,0.9875794433531389
1173.1668870081091,0.9612363,0.024642337,0.9871718280715134
1173.1768407541358,0.9906839,0.02500173,0.9867283772910226
1173.1867945001623,0.95936376,0.024614915,0.9862731806311567
1173.196748246189,0.9710441,0.02475445,0.9858267331111259
1173.2067019922156,0.9360169,0.0243159,0.9854141652478732
1173.216655738242,0.9845781,0.024921633,0.985045752268525
1173.2266094842687,0.9649646,0.024675818,0.9847290733484907
1173.2365632302951,0.96031696,0.02461426,0.9844700345307129
1173.2465169763218,0.95867354,0.024592461,0.9842703240804228
1173.2564707223485,0.95235187,0.024510438,0.9841209999733375
1173.266424468375,1.0130149,0.025260864,0.9840194373041075
1173.2763782144016,0.9620443,0.02462862,0.9839688376437385
1173.286331960428,0.97813094,0.024826586,0.9839651742641031
1173.2962857064547,0.9470499,0.02443793,0.9840052702721043
1173.3062394524813,1.0047252,0.025149915,0.984088934851113
1173.3161931985078,0.9967126,0.02504973,0.9842238019777954
1173.3261469445345,1.0058537,0.025160352,0.9844029871996152
1173.336100690561,1.0122849,0.025234299,0.9846276395405689
1173.3460544365876,1.028325,0.025425725,0.9849029858203748
1173.3560081826142,1.0378022,0.025540529,0.9852374876407615
1173.3659619286407,1.0091807,0.025193432,0.9856302385547779
1173.3759156746673,1.0345458,0.0254983,0.9860853715656341
1173.3858694206938,1.0123178,0.025226863,0.9866104921528462
1173.3958231667204,0.97584337,0.024776783,0.987197133054381
1173.4057769127471,1.0518284,0.025698569,0.9878300398065187
1173.4157306587736,1.0549797,0.025733644,0.9884946801294885
1173.4256844048002,0.9987869,0.02505263,0.9891757458845283
1173.435638150827,1.009957,0.025186034,0.9898541793274225
1173.4455918968533,1.0187672,0.025290744,0.9905162222498323
1173.45554564288,0.9946821,0.024997002,0.9911467633587207
1173.4654993889064,0.9734213,0.024733217,0.9917272756959439
1173.475453134933,0.9840074,0.02486152,0.9922522034075001
1173.4854068809595,1.0173217,0.025266754,0.9927160422013837
1173.4953606269862,1.010807,0.02518835,0.9931137455452403
1173.5053143730129,1.0103551,0.02517974,0.993455732735902
1173.5152681190393,1.0260422,0.02536288,0.993758532069428
1173.525221865066,1.0159572,0.02524179,0.9940356789816531
1173.5351756110927,1.004474,0.025098894,0.9943007274186897
1173.545129357119,1.0262291,0.02536248,0.9945688679858726
1173.5550831031458,0.9642502,0.024602119,0.9948500499790007
1173.5650368491722,0.9502339,0.02442599,0.9951531365416737
1173.5749905951989,0.9594521,0.024536036,0.9954877252456613
1173.5849443412255,0.99518603,0.024976792,0.9958534315807075
1173.594898087252,0.99818105,0.02501194,0.9962499375500424
1173.6048518332786,0.9943029,0.02496479,0.996674509841321
1173.614805579305,0.969198,0.024651643,0.9971155933447311
1173.6247593253318,0.9879073,0.02487984,0.9975583148369707
1173.6347130713584,0.9357165,0.02422896,0.9979894098834183
1173.6446668173849,0.98585576,0.024853425,0.9983920170832192
1173.6546205634115,0.9736999,0.02469914,0.9987586460957893
1173.664574309438,1.0025903,0.02505335,0.999084328360445
1173.6745280554646,1.0241992,0.025312068,0.9993652076391928
1173.6844818014913,0.96254355,0.024557091,0.9995971303653818
1173.6944355475177,0.978927,0.024757102,0.9997921869439164
1173.7043892935444,1.0092378,0.025125733,0.9999590500134203
1173.7143430395708,1.0004936,0.025016781,1.000107478090142
1173.7242967855975,0.95625806,0.024470441,1.0002492668397855
1173.7342505316242,0.9597219,0.024511084,1.000393467763558
1173.7442042776506,1.0012274,0.025024356,1.0005452114961153
1173.7541580236773,0.9707887,0.024642792,1.000709316229874
1173.7641117697037,0.96727467,0.024598727,1.00088687014216
1173.7740655157304,0.9944544,0.024930922,1.001078776993206
1173.784019261757,1.004824,0.025056243,1.0012866833812004
1173.7939730077835,0.96721363,0.024593422,1.001515141439942
1173.8039267538102,0.98172605,0.024771538,1.0017637567166093
1173.8138804998366,0.96030474,0.024501603,1.002035234769357
1173.8238342458633,0.93280125,0.024159003,1.002334856389855
1173.83378799189,0.95839894,0.024475792,1.0026678340290334
1173.8437417379164,0.96310455,0.024533652,1.0030339377773145
1173.853695483943,1.0084506,0.02508676,1.003433591667946
1173.8636492299697,0.90400714,0.023782363,1.0038660580321057
1173.8736029759962,0.97974294,0.024731947,1.0043181958336165
1173.8835567220228,0.9483271,0.024342805,1.0047741404930586
1173.8935104680493,0.94913757,0.024349168,1.0052170910303508
1173.903464214076,0.9345488,0.02416375,1.005621655123509
1173.9134179601026,0.93663776,0.024189359,1.0059742392921407
1173.923371706129,0.9655698,0.024550246,1.0062584600691717
1173.9333254521557,0.96039265,0.024481805,1.0064520614443953
1173.9432791981822,0.9410509,0.02423956,1.0065305206927018
1173.9532329442088,1.0172949,0.025175145,1.0064935068232757
1173.9631866902355,0.96260947,0.024504531,1.0063368054648576
1173.973140436262,1.011479,0.025103187,1.0060534573013469
1173.9830941822886,0.9895861,0.024832772,1.0056673870386992
1173.993047928315,1.0458913,0.02551243,1.0052102901657993
1174.0030016743417,0.99765223,0.024929617,1.0047102358783948
1174.0129554203684,1.0175266,0.025167434,1.0041969314225985
1174.0229091663948,1.0457264,0.025504097,1.0036994712011236
1174.0328629124215,1.0064713,0.025029678,1.0032349370641547
1174.042816658448,1.0276649,0.02528221,1.002815038553709
1174.0527704044746,1.0531726,0.02558693,1.0024457796622395
1174.0627241505013,0.97607106,0.024650497,1.0021170221455027
1174.0726778965277,1.0847478,0.025953557,1.0018219347772204
1174.0826316425544,1.0559072,0.025612876,1.001554678728136
1174.0925853885808,0.9680535,0.02454879,1.0013061593973918
1174.1025391346075,1.0432383,0.025457717,1.0010686988871726
1174.1124928806341,1.0226239,0.025208453,1.0008378640570192
1174.1224466266606,1.006989,0.025017325,1.0006108419190918
1174.1324003726872,1.0002364,0.024935221,1.0003853539033212
1174.1423541187137,1.0059203,0.025001124,1.0001607491440883
1174.1523078647404,1.0291333,0.025280735,0.9999371048394574
1174.162261610767,1.0735902,0.025805278,0.9997153256443488
1174.1722153567935,1.0138849,0.025093703,0.9994965321783482
1174.1821691028201,1.0649984,0.02570224,0.9992825007154131
1174.1921228488468,1.0285286,0.025267158,0.9990761307444556
1174.2020765948732,1.0304128,0.025286786,0.9988799249153993
1174.2120303409,1.0482526,0.025499042,0.9986945570365529
1174.2219840869263,0.9680075,0.024522673,0.9985205489538833
1174.231937832953,0.9963525,0.024868982,0.9983590431921461
1174.2418915789794,1.0594311,0.025622286,0.99820797941114
1174.2518453250061,0.9755316,0.024613205,0.9980660987186505
1174.2617990710328,1.0203459,0.02515523,0.9979329038364306
1174.2717528170592,0.99476945,0.024841154,0.9978089446617502
1174.281706563086,0.99963987,0.024899397,0.9976922957826684
1174.2916603091126,1.0023963,0.024933321,0.9975822139390813
1174.301614055139,1.0244545,0.02519344,0.9974781552479768
1174.3115678011657,0.99615604,0.024851764,0.9973793169714004
1174.321521547192,1.023868,0.025184091,0.9972845514684776
1174.3314752932188,0.9979664,0.024869919,0.9971934602845516
1174.3414290392454,1.0418828,0.025397455,0.9971059397579589
1174.3513827852719,1.0175326,0.025104046,0.9970209099943029
1174.3613365312985,1.0019087,0.024914088,0.9969370250971901
1174.371290277325,1.0497155,0.025482766,0.9968527137057214
1174.3812440233517,1.0282853,0.025226697,0.9967653014457889
1174.3911977693783,1.000253,0.024888435,0.9966727752555686
1174.4011515154048,1.0210595,0.025136832,0.9965726462300756
1174.4111052614314,0.99404037,0.024807012,0.9964610618519181
1174.4210590074579,1.0113392,0.025014961,0.9963323760695713
1174.4310127534845,0.99695045,0.024842221,0.9961835691902172
1174.4409664995112,1.0200531,0.025117347,0.9960106326072002
1174.4509202455376,1.0178155,0.025089702,0.9958083443261836
1174.4608739915643,0.97445893,0.024558933,0.9955788163460482
1174.4708277375908,1.0100151,0.024989957,0.9953285846138423
1174.4807814836174,1.0228648,0.025144171,0.9950647233947294
1174.490735229644,1.0288042,0.025209319,0.9947960404546152
1174.5006889756705,0.9837989,0.024668915,0.9945324094121183
1174.5106427216972,1.0235718,0.025148556,0.9942799767649957
1174.5205964677236,0.98333216,0.024659736,0.9940433151416725
1174.5305502137503,1.0164992,0.025099728,0.9938264613800076
1174.540503959777,0.99135,0.02521201,0.9936277403285211
1174.5504577058034,1.0243815,0.026158476,0.9934472469226581
1174.56041145183,1.0522586,0.026638098,0.993286602708121
1174.5703651978565,1.0084574,0.026233029,0.99314575791308
1174.5803189438832,1.044424,0.027353132,0.9930232170041071
1174.5902726899099,0.9895018,0.027056962,0.9929190844081346
1174.6002264359363,1.0060633,0.02737492,0.9928361664482962
1174.610180181963,1.0263014,0.027614689,0.992772727006923
1174.6201339279896,1.0431437,0.027652262,0.9927285603080133
1174.630087674016,1.0436295,0.027917298,0.9927047655676093
1174.6400414200427,1.0132403,0.027910927,0.99270566493214
1174.6499951660692,1.0245775,0.027747793,0.9927301110652053
1174.6599489120958,1.0107355,0.027550828,0.992780764440739
1174.6699026581223,1.0319779,0.027555032,0.992862870133584
1174.679856404149,1.0187137,0.02707695,0.9929798597098979
1174.6898101501756,1.0166881,0.026888888,0.9931274021006642
1174.699763896202,0.9809523,0.026441175,0.9932994932991712
1174.7097176422287,1.0451295,0.027130814,0.9934836745939464
1174.7196713882554,0.9479858,0.02595637,0.9936576607551659
1174.7296251342818,1.0594703,0.027381606,0.9937991476657988
1174.7395788803085,0.9741726,0.026119545,0.9938867132141868
1174.749532626335,1.0303915,0.026948478,0.9938903149498325
1174.7594863723616,0.9702425,0.026884666,0.9938160289644573
1174.7694401183883,0.9782958,0.026774365,0.9936682443785239
1174.7793938644147,1.0099772,0.027129248,0.993456095510509
1174.7893476104414,0.98764557,0.02674932,0.9931956476130843
1174.7993013564678,0.949532,0.026160378,0.9929099017114814
1174.8092551024945,0.9814605,0.026653146,0.9926107205022799
1174.8192088485212,1.0316395,0.027636308,0.9923033016256124
1174.8291625945476,0.9814516,0.026984809,0.9919865356269937
1174.8391163405743,0.9872729,0.026820308,0.9916544942243763
1174.8490700866007,0.97295177,0.02637353,0.9912985038626128
1174.8590238326274,0.9535979,0.026259188,0.9909036549601775
1174.868977578654,1.0249698,0.027437756,0.9904679859235009
1174.8789313246805,1.0371457,0.027560271,0.9899908689711117
1174.8888850707071,1.0014107,0.026914852,0.9894740708217424
1174.8988388167336,0.9791036,0.026769571,0.9889218406431874
1174.9087925627603,1.0549432,0.027904186,0.988348425152237
1174.918746308787,1.0005975,0.026765648,0.9877629605875977
1174.9287000548134,0.993361,0.026649319,0.987173696278828
1174.93865380084,0.98531735,0.026319627,0.9865880229289273
1174.9486075468667,1.0178707,0.026332319,0.986010293543085
1174.9585612928931,0.9994573,0.026127785,0.9854432963233782
1174.9685150389198,0.9624017,0.025368696,0.98489040488541
1174.9784687849462,1.0122156,0.026171682,0.9843505764389107
1174.988422530973,1.0880718,0.027250687,0.9838218492978279
1174.9983762769994,1.000103,0.026401734,0.9833011345466829
1175.008330023026,1.0268462,0.02615325,0.9827827578703849
1175.0182837690527,1.0023196,0.025076427,0.9822584238520254
1175.0282375150791,1.0041529,0.024824485,0.9817198125469375
1175.0381912611058,0.99756724,0.024739763,0.9811561719554251
1175.0481450071325,0.98318964,0.02456415,0.980556042418345
1175.058098753159,0.9700565,0.024397854,0.9799128645690516
1175.0680524991856,0.95060015,0.024155501,0.9792116509562906
1175.078006245212,0.9530031,0.024187261,0.9784064094201042
1175.0879599912387,1.0031481,0.024798088,0.9774286272901878
1175.0979137372653,1.0040953,0.024806516,0.97618418807688
1175.1078674832918,0.9734374,0.024432275,0.9745479655313105
1175.1178212293185,0.99434376,0.02468627,0.9722859022134189
1175.127774975345,1.0107136,0.024881309,0.9693730076182184
1175.1377287213716,1.0266455,0.025071366,0.96575937497536
1175.1476824673982,1.0012394,0.024763424,0.9613875403342758
1175.1576362134247,0.98801374,0.024601184,0.9561866599868668
1175.1675899594513,0.9835834,0.024544857,0.9502625037082367
1175.1775437054778,0.9814311,0.024517402,0.9436336154971787
1175.1874974515044,0.98063457,0.024506655,0.9362678561480722
1175.197451197531,0.96015525,0.02425303,0.9282216874739775
1175.2074049435575,0.97434473,0.024425294,0.9195992075823385
1175.2173586895842,0.9451933,0.024064794,0.9104595085102412
1175.2273124356107,0.892758,0.023400357,0.9008188525984767
1175.2372661816373,0.96530175,0.02431097,0.8908241888013256
1175.247219927664,0.91618335,0.023697495,0.880583591221438
1175.2571736736904,0.9176241,0.023714388,0.8702032756633227
1175.267127419717,0.92265755,0.023772739,0.8598232508119468
1175.2770811657435,0.9133487,0.023656769,0.8495930267015303
1175.2870349117702,0.92864066,0.0238466,0.8396451941425943
1175.2969886577969,0.90938056,0.023603063,0.8301296648225374
1175.3069424038233,0.9094695,0.023603454,0.8211466294360525
1175.31689614985,0.9049058,0.02354115,0.8126668971144446
1175.3268498958764,0.8341666,0.022625301,0.8046718656130789
1175.336803641903,0.8796395,0.023217274,0.7971801462762464
1175.3467573879298,0.84621227,0.022780282,0.7901215065472544
1175.3567111339562,0.81510353,0.022367394,0.7834432837203166
1175.3666648799829,0.8803404,0.023220455,0.7771208718325184
1175.3766186260095,0.7939504,0.022082014,0.7711870619672154
1175.386572372036,0.8495743,0.022821782,0.765561395561182
1175.3965261180626,0.80008835,0.02216029,0.7602173366055258
1175.406479864089,0.812671,0.0223278,0.7551265653738288
1175.4164336101157,0.8375125,0.022654926,0.7502301515896856
1175.4263873561422,0.8088194,0.022274217,0.7454011007968054
1175.4363411021689,0.7858358,0.021960463,0.7405145605592138
1175.4462948481955,0.8014957,0.022169,0.7354089312117302
1175.456248594222,0.75927114,0.021593468,0.7299580997510968
1175.4662023402486,0.73255396,0.021218183,0.7241091583330057
1175.4761560862753,0.67846817,0.020438043,0.7178240793189361
1175.4861098323017,0.7108074,0.020906644,0.7110202624729093
1175.4960635783284,0.69458306,0.02067069,0.7037565641165503
1175.5060173243548,0.6801355,0.020460233,0.6960631389148695
1175.5159710703815,0.66655767,0.0202601,0.6879607025216203
1175.5259248164082,0.67576194,0.020392632,0.6794523616477919
1175.5358785624346,0.55285966,0.018500162,0.6706523031475344
1175.5458323084613,0.5639326,0.018676367,0.6616256739343725
1175.5557860544877,0.57683975,0.018880088,0.6524414407034097
1175.5657398005144,0.5626988,0.018653825,0.6431985828281169
1175.575693546541,0.5286194,0.018097239,0.634002323010084
1175.5856472925675,0.5031575,0.017669003,0.6249507945105897
1175.5956010385942,0.48875952,0.017422948,0.6161956712520674
1175.6055547846206,0.52070916,0.017963659,0.6078547194212249
1175.6155085306473,0.48438516,0.017342692,0.6000313648926876
1175.625462276674,0.46919507,0.017075865,0.5928245934190085
1175.6354160227004,0.50465417,0.017688306,0.5864132363896174
1175.645369768727,0.48075974,0.017276732,0.5806878555828238
1175.6553235147535,0.4931986,0.01748935,0.5756221188251934
1175.6652772607802,0.53189915,0.01813854,0.5712126809710881
1175.6752310068068,0.5161738,0.017877268,0.5674754589680545
1175.6851847528333,0.5637455,0.01865503,0.5643139203230214
1175.69513849886,0.6105188,0.019389821,0.5617157045042492
1175.7050922448864,0.62230825,0.019569352,0.5597252123649308
1175.715045990913,0.6219351,0.019561583,0.5583208187307275
1175.7249997369397,0.59929645,0.019211376,0.5574471094130491
1175.7349534829661,0.61277574,0.019419711,0.5570819110573728
1175.7449072289928,0.65637416,0.02007676,0.5572474729448418
1175.7548609750193,0.6623582,0.020160673,0.5578102436668484
1175.764814721046,0.61299795,0.019418346,0.5586591214798327
1175.7747684670726,0.64776844,0.019943789,0.5596825517707227
1175.784722213099,0.63769454,0.019790832,0.560765511086222
1175.7946759591257,0.6706869,0.020278174,0.561813132564559
1175.8046297051524,0.66055304,0.020127699,0.5627882651756011
1175.8145834511788,0.6230948,0.019561982,0.5636826784052987
1175.8245371972055,0.61330235,0.01941478,0.564525623704742
1175.834490943232,0.5818491,0.018922871,0.5653718131217237
1175.8444446892586,0.5887836,0.01903147,0.5662726329753491
1175.8543984352852,0.5705215,0.018741209,0.5672816405918107
1175.8643521813117,0.576791,0.018839253,0.568395002537769
1175.8743059273384,0.55280596,0.01845365,0.5695587191538409
1175.8842596733648,0.5084143,0.017721223,0.570689392670131
1175.8942134193915,0.49505875,0.017490294,0.5716407988382922
1175.9041671654181,0.48271838,0.01727738,0.5722976726967315
1175.9141209114446,0.47349024,0.017117646,0.5725227376813327
1175.9240746574712,0.44142562,0.016546063,0.5721398923538106
1175.9340284034977,0.41858175,0.016125845,0.5709291400233223
1175.9439821495243,0.43793416,0.016481252,0.5688680586844983
1175.953935895551,0.42136988,0.016174855,0.5658810496468056
1175.9638896415775,0.48816517,0.017366221,0.5618280896966512
1175.9738433876041,0.46546218,0.016968848,0.5566990969603358
1175.9837971336306,0.4225893,0.016193477,0.5505894062711093
1175.9937508796572,0.4508316,0.016707828,0.5435365844483667
1176.003704625684,0.5039591,0.01762956,0.535488190883092
1176.0136583717103,0.51512295,0.017816436,0.5266422831146766
1176.023612117737,0.52112556,0.017914876,0.5171472444640396
1176.0335658637634,0.50977373,0.017723177,0.5071483714883114
1176.04351960979,0.56061625,0.01855546,0.49682767308185216
1176.0534733558168,0.5981527,0.019145435,0.4864956168957517
1176.0634271018432,0.5694665,0.0186932,0.4764145099251017
1176.0733808478699,0.5889339,0.019000858,0.46689711792656474
1176.0833345938963,0.58954394,0.0190091,0.4582463789187614
1176.093288339923,0.626377,0.019574359,0.45053958720972576
1176.1032420859497,0.6191054,0.01946239,0.44384486254103395
1176.113195831976,0.59629965,0.019109745,0.4382809753340148
1176.1231495780028,0.5869461,0.01896356,0.43375811281913557
1176.1331033240294,0.5617583,0.018561827,0.43016280956764474
1176.1430570700559,0.59099126,0.019021057,0.42743735097309565
1176.1530108160825,0.5378927,0.018175624,0.42562462971176973
1176.162964562109,0.5456083,0.018298028,0.42449824321258045
1176.1729183081356,0.51182944,0.017739348,0.4239311824715206
1176.182872054162,0.48511338,0.017285023,0.4238133334277525
1176.1928258001888,0.46640006,0.016958408,0.4240333857365668
1176.2027795462154,0.4927157,0.017411426,0.4244038935235823
1176.2127332922419,0.41047364,0.015942866,0.4247860835648576
1176.2226870382685,0.4029419,0.015799008,0.42502016863405223
1176.2326407842952,0.36136442,0.014989065,0.4249601767831286
1176.2425945303216,0.37234637,0.015205674,0.4245332642605564
1176.2525482763483,0.3238072,0.014217579,0.4236745056144856
1176.2625020223747,0.29310104,0.013552099,0.42227412523476593
1176.2724557684014,0.29675812,0.013632887,0.4203487481674867
1176.282409514428,0.26275644,0.0128608495,0.41791959123603517
1176.2923632604545,0.2643475,0.012896528,0.4150023808798684
1176.3023170064812,0.25748795,0.012736168,0.4115665706832611
1176.3122707525076,0.27665406,0.013180579,0.40775411379019877
1176.3222244985343,0.2655689,0.012923087,0.4036457511647371
1176.332178244561,0.26541594,0.01291774,0.39934736799838444
1176.3421319905874,0.26539457,0.012913835,0.39501464238860273
1176.352085736614,0.26745334,0.01296306,0.39080415129416557
1176.3620394826405,0.27417174,0.013116892,0.38683698720020177
1176.3719932286672,0.2746635,0.013128743,0.38326587080235464
1176.3819469746938,0.31908762,0.014104136,0.3802120849930871
1176.3919007207203,0.31757393,0.014069835,0.37775251506943763
1176.401854466747,0.31723025,0.014063457,0.37597293753742644
1176.4118082127734,0.34681085,0.014677372,0.37504441659969967
1176.4217619588,0.34087482,0.014554655,0.374910440870876
1176.4317157048267,0.38502088,0.01543176,0.3755629382700231
1176.4416694508532,0.383482,0.015402128,0.37702557585158714
1176.4516231968798,0.4311448,0.016294723,0.37941410977009515
1176.4615769429063,0.43097332,0.016289243,0.3826147688279842
1176.471530688933,0.47146502,0.01700985,0.3866405579015836
1176.4814844349596,0.4535542,0.016695416,0.391567052092505
1176.491438180986,0.5096162,0.017660365,0.39745208296237944
1176.5013919270127,0.4964677,0.01743677,0.4042174909237266
1176.5113456730392,0.51700276,0.017780349,0.4118552138901823
1176.5212994190658,0.54084337,0.018172948,0.4203960678541645
1176.5312531650925,0.55305594,0.018368704,0.4296414384470084
1176.541206911119,0.5376406,0.018118195,0.43933620393249817
1176.5511606571456,0.5517249,0.018343877,0.44923124966509387
1176.5611144031723,0.5594425,0.018467236,0.45904239113027034
1176.5710681491987,0.5321698,0.018022552,0.4685674474708569
1176.5810218952254,0.5561512,0.018411271,0.4776803254235611
1176.5909756412518,0.538561,0.018124461,0.4862677566506627
1176.6009293872785,0.5188964,0.01780272,0.49419073246294387
1176.6108831333052,0.47193268,0.017002441,0.5014847111690063
1176.6208368793316,0.48937178,0.017301269,0.5081390283968291
1176.6307906253583,0.46676093,0.016909609,0.5141247877012152
1176.6407443713847,0.48429707,0.017212784,0.5194979344908079
1176.6506981174114,0.454752,0.016696787,0.5243926686599729
1176.660651863438,0.47883928,0.01711649,0.5288948065526314
1176.6706056094645,0.45526066,0.016701913,0.5330496401346958
1176.6805593554911,0.4572326,0.016735628,0.5369438385572395
1176.6905131015176,0.44822735,0.016575584,0.5406190940416702
1176.7004668475442,0.47214392,0.016995098,0.5440966479091539
1176.710420593571,0.4698227,0.016952785,0.5473831227959464
1176.7203743395974,0.5397759,0.018129505,0.5505570820194986
1176.730328085624,0.5064893,0.01757741,0.5536667467238572
1176.7402818316505,0.56627434,0.018552465,0.5567445741799733
1176.7502355776771,0.5924471,0.018962717,0.5597849358895679
1176.7601893237038,0.5859556,0.018859562,0.5627493699022414
1176.7701430697302,0.58372295,0.01882339,0.5655821171653042
1176.780096815757,0.66792846,0.020090694,0.5682112779122985
1176.7900505617833,0.65984267,0.019974835,0.5706003562371726
1176.80000430781,0.6623333,0.020008234,0.572753613088848
1176.8099580538367,0.6871332,0.020367792,0.5746789469025627
1176.8199117998631,0.70643204,0.020643348,0.5763854809912135
1176.8298655458898,0.6813384,0.020281592,0.5779741067044044
1176.8398192919162,0.6933941,0.020452404,0.579569408889596
1176.849773037943,0.70031595,0.020551715,0.5813276967756646
1176.8597267839696,0.67114115,0.0201303,0.5834780872068501
1176.869680529996,0.6896134,0.020395745,0.5861120935836003
1176.8796342760227,0.7093782,0.020676613,0.5893197912692059
1176.8895880220493,0.71321636,0.020726869,0.5932045454395366
1176.8995417680758,0.6926099,0.020435024,0.5978530633178736
1176.9094955141024,0.7090736,0.020667152,0.6032109934979222
1176.9194492601289,0.6713874,0.020123368,0.6092693177456181
1176.9294030061556,0.6330165,0.019555949,0.6160331667978138
1176.939356752182,0.60500425,0.01912849,0.6233515740636979
1176.9493104982087,0.60789865,0.01917349,0.6310474225619158
1176.9592642442353,0.61484414,0.019276282,0.638992102525078
1176.9692179902618,0.5641256,0.01848694,0.647080047562782
1176.9791717362884,0.5322452,0.017971938,0.6551836894938587
1176.989125482315,0.54423505,0.018166743,0.6632134208080355
1176.9990792283415,0.52368283,0.017830424,0.6710840602649666
1177.0090329743682,0.51343834,0.017659804,0.6786836538451291
1177.0189867203947,0.5386371,0.018071685,0.6859781896002248
1177.0289404664213,0.5074333,0.017557519,0.6929160174424892
1177.038894212448,0.50731814,0.017551495,0.6994246975156755
1177.0488479584744,0.48195517,0.017121295,0.7054532439349139
1177.058801704501,0.5200463,0.01776166,0.7110282333391844
1177.0687554505275,0.53304017,0.017974358,0.7161444013018903
1177.0787091965542,0.5148985,0.01767399,0.7207564337175056
1177.0886629425809,0.5784535,0.018697655,0.7249218542993684
1177.0986166886073,0.6043314,0.01909926,0.7287321668621256
1177.108570434634,0.6010476,0.019045813,0.732290747397979
1177.1185241806604,0.6182287,0.019307489,0.7357287545118523
1177.128477926687,0.6333484,0.019534953,0.7392077224248833
1177.1384316727138,0.68206906,0.020249331,0.7428300953107914
1177.1483854187402,0.71378666,0.02070017,0.7466795226984322
1177.1583391647669,0.71106523,0.02065905,0.7508416021524273
1177.1682929107933,0.7225839,0.02082083,0.7553064268287417
1177.17824665682,0.80807775,0.02198188,0.7600825849918587
1177.1882004028466,0.8046785,0.021935815,0.7651909270943851
1177.198154148873,0.81370705,0.022053773,0.770624513241827
1177.2081078948997,0.81966466,0.022132883,0.7763418791533732
1177.2180616409262,0.86378545,0.022800494,0.7823342667004713
1177.2280153869528,0.89841336,0.023682093,0.7886340728683708
1177.2379691329795,0.9038714,0.024019284,0.7952329889925083
1177.247922879006,0.9022606,0.024062589,0.8021404078576742
1177.2578766250326,0.92961425,0.024700545,0.8093907132410522
1177.267830371059,0.94321334,0.025227029,0.8170997362571679
1177.2777841170857,0.941543,0.025291864,0.8252543805470232
1177.2877378631124,1.0045949,0.026345626,0.8338852116025313
1177.2976916091388,0.99321306,0.026121717,0.8430144336989569
1177.3076453551655,0.9867948,0.025961367,0.8526229354955273
1177.3175991011922,1.0028934,0.026423732,0.8625352164791964
1177.3275528472186,0.9964004,0.026588622,0.8726177570491955
1177.3375065932453,1.0140615,0.02668462,0.8827343402254373
1177.3474603392717,0.9986045,0.026385123,0.8927460910654534
1177.3574140852984,0.96581423,0.025509145,0.902550321524884
1177.367367831325,0.9942126,0.025777008,0.9120516359573316
1177.3773215773515,1.0272415,0.026078695,0.9210995539931612
1177.3872753233782,0.9600983,0.025436427,0.9296364680557495
1177.3972290694046,0.99830997,0.02576126,0.9376122969058255
1177.4071828154313,1.0096856,0.02584021,0.9449676011819674
1177.417136561458,0.95694774,0.025152031,0.9515317197757911
1177.4270903074844,0.9491359,0.02493822,0.9573812385187959
1177.437044053511,1.024227,0.026322715,0.962494102897429
1177.4469977995375,1.027343,0.02671495,0.9668271176868559
1177.4569515455642,1.0256922,0.026344802,0.9703271540963381
1177.4669052915908,0.9897395,0.025848238,0.9731181557474657
1177.4768590376173,0.92401487,0.02503579,0.9752546778526181
1177.486812783644,0.9708251,0.025624476,0.9767846401800984
1177.4967665296704,0.9618339,0.025447205,0.9778596374875145
1177.506720275697,0.96877676,0.025943909,0.9786556650657512
1177.5166740217237,0.95287585,0.025626611,0.9792839266897886
1177.5266277677501,0.9679266,0.02547224,0.9798172137298431
1177.5365815137768,0.9545679,0.02520105,0.9803114333457101
1177.5465352598032,0.9898281,0.025907237,0.9807871999209699
1177.55648900583,1.0084083,0.02620422,0.9812511635786001
1177.5664427518566,0.95063853,0.025429908,0.9817025461782876
1177.576396497883,0.9622093,0.02556082,0.9821422734292283
1177.5863502439097,0.9065516,0.024807142,0.9825699406071129
1177.5963039899361,0.9299428,0.0251342,0.9829854168634995
1177.6062577359628,0.93246996,0.024951011,0.9833893958183073
1177.6162114819895,0.94834125,0.025204169,0.98378515538248
1177.626165228016,0.9141434,0.024316432,0.9841747993369004
1177.6361189740426,0.907444,0.024129497,0.9845602761403587
1177.6460727200692,0.9194188,0.024261191,0.9849439128903958
1177.6560264660957,0.89944494,0.023886694,0.9853272132881066
1177.6659802121223,0.88258296,0.02385376,0.9857102616913731
1177.6759339581488,0.9126366,0.024262138,0.9860903913648624
1177.6858877041755,0.9384535,0.024774402,0.9864619464444577
1177.695841450202,0.9005608,0.023660813,0.9868165206145539
1177.7057951962286,0.87277776,0.02281869,0.9871430766167231
1177.7157489422552,0.8701605,0.02271085,0.9874224636912478
1177.7257026882817,0.9628084,0.023856767,0.9876512004838396
1177.7356564343083,0.91012144,0.02320829,0.9878248314683864
1177.745610180335,0.90412855,0.023131505,0.9879413857117533
1177.7555639263614,0.97956425,0.024052534,0.9880050184661666
1177.7655176723881,0.984827,0.024113761,0.9880331454348285
1177.7754714184146,0.9425908,0.023602517,0.9880385128920584
1177.7854251644412,0.97043365,0.023938075,0.9880341185797009
1177.795378910468,0.97246534,0.023962403,0.9880328571995968
1177.8053326564943,0.97730494,0.024019822,0.9880421014739849
1177.815286402521,0.96494836,0.023868753,0.9880656725207879
1177.8252401485474,0.97065955,0.023936193,0.9881070745689304
1177.835193894574,0.98957497,0.024159418,0.9881633198608437
1177.8451476406008,1.023662,0.02456269,0.9882305829110705
1177.8551013866272,1.0007473,0.024290126,0.9883039594314124
1177.8650551326539,1.0508269,0.024873625,0.9883764711648404
1177.8750088786803,1.0158225,0.02446447,0.9884420301995462
1177.884962624707,0.99886984,0.024263667,0.98849777772984
1177.8949163707337,1.0164179,0.024468573,0.988545025604398
1177.90487011676,1.0004568,0.024279669,0.9885929467427162
1177.9148238627868,1.0238794,0.02455287,0.9886562791542919
1177.9247776088132,1.0010015,0.024281401,0.9887515571587254
1177.9347313548399,0.9940337,0.024197109,0.9889007628671621
1177.9446851008665,0.9440182,0.023591224,0.9891160220495707
1177.954638846893,0.9795398,0.024020862,0.989395822188341
1177.9645925929196,1.0200562,0.024499053,0.9897342548968058
1177.974546338946,0.9903035,0.02414715,0.9901215998511088
1177.9845000849728,0.99284965,0.024175448,0.9905301759152014
1177.9944538309994,1.0104432,0.024381272,0.9909364613332079
1178.0044075770259,1.0155777,0.024441449,0.9913196318763966
1178.0143613230525,0.98752373,0.024107898,0.9916554783750007
1178.024315069079,0.97142947,0.023952354,0.9919403651039543
1178.0342688151056,0.976459,0.02442428,0.9921719856251009
1178.0442225611323,1.0079055,0.025376774,0.9923501815085345
1178.0541763071587,1.0195453,0.025293034,0.9924770080569616
1178.0641300531854,1.0269382,0.025741564,0.9925604202566869
1178.074083799212,0.9624255,0.025186772,0.9925965190618581
1178.0840375452385,1.0099931,0.025808707,0.9925659484424687
1178.0939912912652,0.97823113,0.025702542,0.9924457377271196
1178.1039450372916,1.0720727,0.027599165,0.99221770364355
1178.1138987833183,0.992844,0.02624871,0.9918623265121311
1178.123852529345,0.99117124,0.026294379,0.9913494747396495
1178.1338062753714,1.0381775,0.027445776,0.9906985347890692
1178.143760021398,1.0617881,0.027883511,0.9899340072532374
1178.1537137674245,0.9911758,0.026681874,0.9890862490945336
1178.1636675134512,1.0192444,0.026786136,0.9881899035856561
1178.1736212594778,1.0220649,0.026934102,0.9872908831191116
1178.1835750055043,1.0014052,0.026710285,0.9864162568296762
1178.193528751531,1.0008891,0.026794067,0.9855854967479685
1178.2034824975574,0.9978728,0.026956944,0.9848086771248756
1178.213436243584,1.0255847,0.027266014,0.9840780157969674
1178.2233899896107,1.0086211,0.026420336,0.9833887845232977
1178.2333437356372,0.95479655,0.025906282,0.9827393652350058
1178.2432974816638,1.0123217,0.026994837,0.9821255746220778
1178.2532512276903,1.0093682,0.027465215,0.9815437932785971
1178.263204973717,1.0147024,0.026837813,0.9809948497051243
1178.2731587197436,1.0206047,0.02666962,0.9804858134782088
1178.28311246577,0.99144787,0.02643401,0.9800162123673246
1178.2930662117967,1.002242,0.02666965,0.9795869828804444
1178.3030199578232,1.0261809,0.026631543,0.9791996634513045
1178.3129737038498,0.98964095,0.026571915,0.9788612257954621
1178.3229274498765,0.9893236,0.026312668,0.9785634698019657
1178.332881195903,1.0351855,0.026730962,0.9783044543198147
1178.3428349419296,0.9905256,0.026645076,0.9780833866777503
1178.352788687956,0.98521453,0.026842352,0.977899916877198
1178.3627424339827,0.97708195,0.026408022,0.9777471515932243
1178.3726961800094,1.0534998,0.027696745,0.9776229740848386
1178.3826499260358,0.97010416,0.027028263,0.9775279374112777
1178.3926036720625,1.0149884,0.027245574,0.9774605296866468
1178.4025574180891,0.98481196,0.026741007,0.977418061644906
1178.4125111641156,0.9923866,0.026398333,0.9774005477020922
1178.4224649101423,0.9616122,0.025672223,0.9774118118882564
1178.4324186561687,0.9912552,0.026006818,0.9774501001654787
1178.4423724021954,0.99282277,0.026240233,0.9775142304902176
1178.4523261482218,1.0143064,0.026104404,0.9776028210924714
1178.4622798942485,0.9878254,0.02568868,0.977715209143276
1178.4722336402751,1.0458542,0.02623195,0.9778412835487609
1178.4821873863016,0.94873226,0.024030944,0.9779739615547209
1178.4921411323282,0.9588773,0.023690159,0.9781057190915168
1178.502094878355,0.9640738,0.023750082,0.9782289302148632
1178.5120486243814,0.95680314,0.023662202,0.9783402087165743
1178.522002370408,0.9746547,0.023874702,0.978437765972529
1178.5319561164345,0.97572356,0.023885382,0.9785207904776262
1178.5419098624611,0.95530784,0.023638463,0.978591883361289
1178.5518636084878,1.0157759,0.02435503,0.9786562174339866
1178.5618173545142,1.0080125,0.024263393,0.9787186971825435
1178.571771100541,0.9837952,0.023974018,0.9787856057912907
1178.5817248465673,0.9709077,0.023818133,0.9788629047565518
1178.591678592594,0.9849781,0.0239853,0.9789556935874417
1178.6016323386207,1.0253245,0.024457073,0.9790689493257869
1178.6115860846471,0.94871855,0.023545042,0.9792117247668537
1178.6215398306738,1.0084239,0.024257332,0.979383368748406
1178.6314935767002,0.972437,0.023828378,0.9795850640482688
1178.641447322727,0.9821633,0.023943013,0.9798176034444275
1178.6514010687536,0.9161504,0.023142034,0.9800821932741197
1178.66135481478,0.9926498,0.024064261,0.9803730210060707
1178.6713085608067,0.9904592,0.024037404,0.9806886962009449
1178.681262306833,1.035364,0.024560943,0.9810299853108673
1178.6912160528598,0.9878586,0.02400361,0.9813962617159664
1178.7011697988864,1.0023564,0.024173612,0.9817838495448821
1178.7111235449129,1.0258658,0.024447799,0.9821905035685496
1178.7210772909395,1.0262234,0.024449464,0.9826143590764763
1178.731031036966,0.9758196,0.023852982,0.9830497575832161
1178.7409847829927,0.979789,0.023899565,0.9834922400065493
1178.7509385290193,1.0259415,0.024442537,0.9839394004549299
1178.7608922750458,1.0505947,0.024725698,0.9843917626455403
1178.7708460210724,1.0183035,0.024348771,0.9848517143207486
1178.7807997670989,1.0414245,0.024617512,0.9853246989869415
1178.7907535131255,1.0417494,0.024619699,0.9858194360045603
1178.8007072591522,1.0305169,0.024486214,0.986351353674179
1178.8106610051786,1.0300577,0.024480944,0.9869281474599201
1178.8206147512053,1.0273451,0.02444714,0.9875604469941417
1178.830568497232,1.0316181,0.024495104,0.9882611125642449
1178.8405222432584,1.0486504,0.024691174,0.9890348581527575
1178.850475989285,0.9926189,0.0240357,0.9898660361750777
1178.8604297353115,1.0626798,0.024848647,0.9907351685704724
1178.8703834813382,1.0095217,0.024230791,0.9916099901969362
1178.8803372273646,1.0040848,0.024165971,0.9924473096390191
1178.8902909733913,1.070909,0.024936907,0.9932110083961142
1178.900244719418,1.0535188,0.024736872,0.9938709396919871
1178.9101984654444,1.0438601,0.024624618,0.9943887601643902
1178.920152211471,1.0011244,0.024125505,0.994777730454135
1178.9301059574977,0.99893916,0.024098288,0.9950525006075837
1178.9400597035242,0.996257,0.02406413,0.9952326850232251
1178.9500134495509,0.98355895,0.023913926,0.9953387869959334
1178.9599671955773,1.0955087,0.025203748,0.9954076429824922
1178.969920941604,0.96967405,0.023744546,0.9954571631804308
1178.9798746876306,0.9928773,0.024018016,0.9954995953778388
1178.989828433657,1.0585896,0.024779785,0.9955434168651337
1178.9997821796837,1.0173829,0.024303041,0.9955925355260871
1179.0097359257102,1.035405,0.024511266,0.9956482884540413
1179.0196896717368,1.0043651,0.02414793,0.9957111613312446
1179.0296434177635,0.93382806,0.023302702,0.9957795056492363
1179.03959716379,1.0120355,0.024234725,0.9958508404049625
1179.0495509098166,1.0392832,0.024549251,0.9959230502972412
1179.059504655843,1.0546166,0.02472365,0.9959941228871689
1179.0694584018697,1.021457,0.024340538,0.9960632953630608
1179.0794121478964,1.0394533,0.024546744,0.9961308452405968
1179.0893658939228,1.0253208,0.024382003,0.9961973444401009
1179.0993196399495,1.0111871,0.024215916,0.9962623909821875
1179.109273385976,1.0280997,0.02441177,0.9963231751165125
1179.1192271320026,1.0318425,0.024453389,0.9963725574232745
1179.1291808780293,1.0097471,0.024194388,0.9963959690029729
1179.1391346240557,1.010051,0.024195973,0.996366096342507
1179.1490883700824,1.0352371,0.024488695,0.996259632823685
1179.159042116109,1.0281625,0.0244051,0.9960474255585017
1179.1689958621355,1.0282971,0.024405451,0.9956898490282702
1179.1789496081622,0.99710053,0.024038887,0.9951664625857481
1179.1889033541886,1.0166928,0.02426737,0.9944876204167965
1179.1988571002153,0.9915212,0.023971066,0.9936662737532482
1179.2088108462417,0.9763562,0.023790095,0.9927174732779864
1179.2187645922684,1.0169525,0.024265831,0.9916889316861278
1179.228718338295,0.9984088,0.024047192,0.9906193794939682
1179.2386720843215,0.957683,0.023561243,0.989538418474455
1179.2486258303481,0.9930982,0.02398217,0.9884750972931764
1179.2585795763748,1.0172226,0.024263343,0.9874471492234036
1179.2685333224013,0.9676557,0.023677573,0.9864671519551556
1179.278487068428,0.99484575,0.023998117,0.9855461680275419
1179.2884408144544,0.96108866,0.02359615,0.9846960565903827
1179.298394560481,0.9550876,0.023522006,0.9839077140478681
1179.3083483065077,0.9949186,0.023994967,0.9831771544813691
1179.3183020525341,0.9531505,0.023496183,0.9825014918897307
1179.3282557985608,0.9646855,0.023633169,0.9818735467786439
1179.3382095445872,0.9466339,0.023415033,0.9812814248564805
1179.348163290614,0.9447533,0.023390202,0.9807193706496384
1179.3581170366406,0.9375176,0.023300972,0.9801854710451312
1179.368070782667,0.9415524,0.02334961,0.9796746336506728
1179.3780245286937,0.9275066,0.023176529,0.9791822496556981
1179.3879782747201,0.9478158,0.023422552,0.9787043664875585
1179.3979320207468,0.90791696,0.022933487,0.9782365566247726
1179.4078857667735,0.9682014,0.023664085,0.9777709247213907
1179.4178395128,0.93336153,0.023242373,0.9773018160414377
1179.4277932588266,0.95146084,0.023460288,0.9768254166706507
1179.437747004853,0.95857245,0.023544151,0.9763396569084395
1179.4477007508797,1.0174272,0.024238992,0.9758480162663263
1179.4576544969063,0.95698464,0.02352267,0.9753545927818645
1179.4676082429328,0.9096609,0.02294621,0.9748649520073586
1179.4775619889595,0.9781891,0.023772614,0.9743857404873274
1179.487515734986,0.95306253,0.023471175,0.9739206094412622
1179.4974694810126,0.9644524,0.023607098,0.9734726438815429
1179.5074232270392,0.9210726,0.023080636,0.9730458975715879
1179.5173769730657,0.9671323,0.023635874,0.9726414269680153
1179.5273307190923,0.9723841,0.023697084,0.9722582772134982
1179.5372844651188,0.9305176,0.023192823,0.9718965869376186
1179.5472382111454,0.9672743,0.02363356,0.9715591363791989
1179.557191957172,0.95452595,0.02348093,0.9712442340571383
1179.5671457031985,0.93039227,0.023188105,0.9709520836558849
1179.5770994492252,0.9021263,0.02283909,0.9706844289418681
1179.5870531952519,0.91550106,0.023003288,0.9704483376465323
1179.5970069412783,0.8750866,0.022500748,0.970241327258869
1179.606960687305,0.8509088,0.022193689,0.9700646834094324
1179.6169144333314,0.85188633,0.022205561,0.9699204096439573
1179.626868179358,0.91723377,0.023018587,0.969811956252002
1179.6368219253845,0.8975201,0.022774715,0.9697356092523635
1179.6467756714112,0.90574414,0.022874957,0.9696919135279244
1179.6567294174379,0.9017428,0.022824017,0.9696838725001997
1179.6666831634643,0.85632867,0.022255393,0.9697116865050176
1179.676636909491,0.8743615,0.022481155,0.9697705108702076
1179.6865906555176,0.89778006,0.022771433,0.9698571051272136
1179.696544401544,0.89677054,0.022756848,0.9699690549172924
1179.7064981475708,0.9503763,0.02341115,0.9700991477448897
1179.7164518935972,0.94655,0.02336286,0.9702424283270434
1179.7264056396239,0.9480053,0.023378797,0.9703974618581992
1179.7363593856505,0.9768069,0.023720779,0.9705682904146753
1179.746313131677,0.97186667,0.02366107,0.9707585769782507
1179.7562668777036,0.9627078,0.023550598,0.9709752048121942
1179.76622062373,0.98382014,0.023799343,0.9712270215376503
1179.7761743697567,0.9503592,0.023400277,0.9715283138347988
1179.7861281157834,0.9424949,0.023304198,0.9718789779326772
1179.7960818618099,0.9501791,0.02339622,0.9722822258531219
1179.8060356078365,0.9680996,0.023608917,0.9727426061448747
1179.815989353863,0.97934073,0.02374021,0.9732632941248142
1179.8259430998896,0.95586604,0.023460424,0.9738383887796112
1179.8358968459163,0.98952925,0.023859315,0.9744691901482658
1179.8458505919427,0.9814728,0.02376246,0.9751646793748558
1179.8558043379694,0.981502,0.023760783,0.9759293454970317
1179.8657580839958,0.9988399,0.023963796,0.976765084421866
1179.8757118300225,0.97307324,0.023658862,0.9776784934051808
1179.8856655760492,0.95113766,0.023395274,0.9786863313700008
1179.8956193220756,0.95416176,0.023430172,0.9797810831455038
1179.9055730681023,0.9972722,0.02394029,0.9809521136609868
1179.9155268141287,0.97424006,0.023667894,0.9821820954865204
1179.9254805601554,0.9818586,0.023755329,0.9834422011678976
1179.935434306182,0.9547319,0.023431897,0.9846849550862439
1179.9453880522085,0.9763132,0.023687333,0.9858696193543248
1179.9553417982352,0.90905577,0.022875654,0.9869537611079676
1179.9652955442616,0.97505045,0.023670174,0.9878949271190609
1179.9752492902883,0.9604405,0.023495957,0.988697724324875
1179.985203036315,0.9715218,0.023625515,0.9893647306894371
1179.9951567823414,0.96026117,0.023490774,0.9899002216143307
1180.005110528368,0.91552556,0.022947945,0.9903242248898014
1180.0150642743947,0.92992026,0.023122951,0.9906679050385896
1180.0250180204212,0.96391314,0.023529869,0.99094970329567
1180.0349717664478,0.9105895,0.022884829,0.9911823231111716
1180.0449255124743,0.90919906,0.022866746,0.9913833470094637
1180.054879258501,0.9123087,0.022903899,0.9915630689576609
1180.0648330045276,0.9285168,0.023099393,0.9917242723375932
1180.074786750554,0.92629814,0.023071649,0.9918612371143773
1180.0847404965807,0.8779757,0.02247605,0.9919713439361025
1180.0946942426071,0.9387564,0.023220764,0.9920515865136779
1180.1046479886338,0.90439636,0.0227997,0.992100910466755
1180.1146017346605,0.9532771,0.02339227,0.9921183344388509
1180.124555480687,0.9281497,0.02308805,0.9921134423312987
1180.1345092267136,0.9308013,0.02311933,0.9920921101888384
1180.14446297274,0.93856245,0.023210807,0.9920595846183233
1180.1544167187667,0.9230571,0.023022199,0.9920191731691128
1180.1643704647934,0.9027174,0.022771865,0.9919717887115566
1180.1743242108198,0.94300026,0.023259824,0.99191469022643
1180.1842779568465,0.9496676,0.02333938,0.9918420174282773
1180.194231702873,0.9669896,0.023545012,0.9917489545718283
1180.2041854488996,0.9801924,0.023700772,0.9916339225835744
1180.2141391949262,0.9806316,0.023704777,0.9914955945169678
1180.2240929409527,0.96146554,0.023476483,0.9913310202858432
1180.2340466869794,0.98975414,0.02380971,0.9911434417473821
1180.2440004330058,0.9313767,0.023178263,0.9909359363920477
1180.2539541790325,0.996832,0.024437571,0.9907111924156826
1180.2639079250591,0.9284682,0.024126789,0.9904712738224739
1180.2738616710856,0.9573057,0.024171071,0.9902237698086506
1180.2838154171122,0.96743476,0.024836252,0.989974558039636
1180.2937691631387,0.9824429,0.025097666,0.9897301872924642
1180.3037229091653,1.0117927,0.025454735,0.989498258150843
1180.313676655192,0.9723054,0.025405068,0.9892810939256679
1180.3236304012185,1.0227606,0.026717532,0.989079276122196
1180.3335841472451,1.0238923,0.02624592,0.9888913265653685
1180.3435378932718,1.0180571,0.026527721,0.9887126146443872
1180.3534916392982,1.0334413,0.027188776,0.9885371782218741
1180.363445385325,1.0341008,0.027186237,0.9883615036156723
1180.3733991313513,1.0227789,0.026727572,0.9881841429422975
1180.383352877378,1.0163043,0.026421728,0.9880073060242547
1180.3933066234044,1.0166407,0.026820917,0.9878360102079391
1180.403260369431,0.9852492,0.026119452,0.9876771105595241
1180.4132141154578,0.9919055,0.026376944,0.9875424375957591
1180.4231678614842,1.0578008,0.02736451,0.9874382550920491
1180.4331216075109,1.0387783,0.026963012,0.9873689136535617
1180.4430753535376,1.0216751,0.026263503,0.9873365118254791
1180.453029099564,1.0086613,0.026246231,0.9873440444355664
1180.4629828455907,1.0253534,0.026900042,0.9873784067529077
1180.472936591617,0.9600075,0.02633942,0.9874301629689585
1180.4828903376438,1.0372933,0.026554862,0.9874888028539781
1180.4928440836704,0.99474823,0.026078196,0.9875438624210353
1180.5027978296969,0.9983878,0.026316985,0.9875907781575111
1180.5127515757235,0.9846141,0.026073553,0.98763102089925
1180.52270532175,0.9904856,0.025868298,0.9876729885576955
1180.5326590677766,1.005596,0.026371785,0.9877322717932824
1180.5426128138033,1.0010254,0.026090877,0.9878231871278471
1180.5525665598298,1.0156602,0.026219897,0.9879583930753943
1180.5625203058564,0.97438085,0.02618766,0.9881520995112996
1180.5724740518829,0.9884899,0.026698759,0.9884027618325402
1180.5824277979095,1.0074285,0.026457867,0.9887023329638724
1180.5923815439362,0.9922618,0.026708726,0.9890430795279976
1180.6023352899626,1.0646778,0.027925702,0.9894213244373022
1180.6122890359893,1.0192963,0.026888687,0.9898275110683792
1180.6222427820157,0.9899733,0.026340207,0.9902599361986549
1180.6321965280424,1.0120357,0.026243411,0.9907202606458413
1180.642150274069,1.0005697,0.025768455,0.9912139386321592
1180.6521040200955,0.98438704,0.025457809,0.9917343599471655
1180.6620577661222,0.997885,0.025947511,0.9922756681091363
1180.6720115121486,0.96189445,0.02508144,0.9928287608015268
1180.6819652581753,1.0161192,0.025689365,0.993381352757819
1180.691919004202,0.9985583,0.025229545,0.9939240906503068
1180.7018727502284,0.9731124,0.023874724,0.994452687081222
1180.711826496255,1.0234323,0.024140684,0.9949665349578084
1180.7217802422815,0.9768646,0.02359579,0.9954711918857639
1180.7317339883082,0.9714811,0.023531625,0.995975077464895
1180.7416877343348,1.0010779,0.023877684,0.9964857026093807
1180.7516414803613,0.9811611,0.023642719,0.9970116297029463
1180.761595226388,0.96357524,0.023434322,0.9975571430671103
1180.7715489724146,0.98661286,0.023704194,0.9981241464355921
1180.781502718441,1.052157,0.024460508,0.9987140964615806
1180.7914564644677,0.9665361,0.023465693,0.9993313282970944
1180.8014102104942,1.0072324,0.023940776,0.9999723840699055
1180.8113639565208,0.99861205,0.023839343,1.0006356987524572
1180.8213177025475,1.000375,0.023858903,1.00131911439939
1180.831271448574,1.0413599,0.024330001,1.0020184138056272
1180.8412251946006,1.0,0.023851253,1.0027206373809454
1180.851178940627,1.0184392,0.024064431,1.003411952110243
1180.8611326866537,1.0209862,0.024092268,1.0040741996967586
1180.8710864326804,0.9888446,0.023717945,1.00468625792975
1180.8810401787068,1.0187196,0.024064349,1.0052388939424586
1180.8909939247335,0.9963133,0.023802446,1.0057225904209766
1180.90094767076,1.0051112,0.023904048,1.006125481272835
1180.9109014167866,1.0102612,0.02396231,1.0064485148484938
1180.9208551628133,1.0464771,0.02437651,1.006702875524386
1180.9308089088397,1.0294987,0.024181971,1.0068960099172024
1180.9407626548664,0.96828085,0.023467198,1.0070312175338738
1180.9507164008928,0.9714928,0.023504116,1.0071224194457427
1180.9606701469195,0.9795849,0.02359761,1.007178711320989
1180.9706238929462,0.96946967,0.023476671,1.0072047180666535
1180.9805776389726,0.96560395,0.023429733,1.00719825360338
1180.9905313849993,0.96161026,0.023381606,1.0071625770046042
1181.0004851310257,0.9891043,0.023703475,1.0070946513815857
1181.0104388770524,0.95498425,0.023299824,1.0069884082248302
1181.020392623079,0.9759449,0.023546195,1.006832423987132
1181.0303463691055,0.95890224,0.023343457,1.0066290794798276
1181.0403001151321,1.0200514,0.02405871,1.0063771774591055
1181.0502538611586,0.97277665,0.023506666,1.0060766805494379
1181.0602076071852,0.99665684,0.023784572,1.0057322365930703
1181.070161353212,0.9858997,0.023658246,1.0053564325197712
1181.0801150992384,0.9558067,0.02330132,1.0049568207404684
1181.090068845265,0.9687476,0.023454012,1.004539886893433
1181.1000225912917,0.9685062,0.023448722,1.0041136113024742
1181.1099763373181,0.96974015,0.023463264,1.0036833060234496
1181.1199300833448,0.96233386,0.023374034,1.0032500203340868
1181.1298838293712,0.9401161,0.02310822,1.0028096504185047
1181.139837575398,0.9465748,0.023184272,1.0023546961176824
1181.1497913214243,0.9472001,0.023191033,1.001876651809274
1181.159745067451,0.93891263,0.023089068,1.001367909656792
1181.1696988134777,0.9829663,0.023611372,1.0008188760310144
1181.1796525595041,0.9746396,0.023512166,1.0002375874906628
1181.1896063055308,0.9838717,0.023619523,0.9996326286206278
1181.1995600515575,0.94991094,0.023216998,0.9990150792579346
1181.209513797584,0.99781454,0.023780089,0.9983978777759531
1181.2194675436106,0.98605347,0.023642143,0.9977905001047624
1181.229421289637,0.9819173,0.02359187,0.9971970235685036
1181.2393750356637,0.9732382,0.023488166,0.9966180938806071
1181.2493287816903,1.0302014,0.02414881,0.9960499798693075
1181.2592825277168,0.9804581,0.023571152,0.9954855973166372
1181.2692362737434,1.031036,0.024155984,0.9949197649043886
1181.2791900197699,0.9422729,0.0231152,0.9943488018516959
1181.2891437657966,1.0047781,0.02385047,0.9937739399144899
1181.2990975118232,0.97152174,0.02346066,0.9932014419968469
1181.3090512578497,0.97259164,0.02347245,0.9926405516340258
1181.3190050038763,0.9803223,0.023562277,0.9921068917440118
1181.3289587499028,0.97937506,0.023549747,0.9916112337627958
1181.3389124959294,1.0063854,0.023863321,0.9911603411638297
1181.348866241956,1.0168806,0.023982938,0.9907583144455367
1181.3588199879825,1.009155,0.023893017,0.9904126159317473
1181.3687737340092,1.0134342,0.023939975,0.9901125644684481
1181.3787274800356,0.9925803,0.023698151,0.9898545291713189
1181.3886812260623,0.9486702,0.023179062,0.9896385095564126
1181.398634972089,0.98317367,0.023585651,0.989472880147672
1181.4085887181154,0.9729401,0.0234635,0.98935629074448
1181.418542464142,0.9736709,0.02347057,0.9892930591989354
1181.4284962101685,0.9711128,0.02344007,0.9892877494846251
1181.4384499561952,0.93355596,0.022991769,0.9893393119711218
1181.4484037022219,0.99590737,0.023728417,0.9894327415475045
1181.4583574482483,0.9696256,0.023419172,0.9895571002480053
1181.468311194275,1.0058942,0.023841662,0.9897024802960812
1181.4782649403014,1.0375911,0.024204712,0.9898590799667986
1181.488218686328,0.9782471,0.023516458,0.9900220342444965
1181.4981724323547,0.9612274,0.023315221,0.9901921480902871
1181.5081261783812,0.9945111,0.02370523,0.9903761468610626
1181.5180799244079,1.0068556,0.023846949,0.9905813134551922
1181.5280336704345,1.0132675,0.02392014,0.9908145328149147
1181.537987416461,0.9960232,0.023719704,0.9910824242545935
1181.5479411624876,0.99398816,0.023693267,0.9913962567089405
1181.557894908514,0.9994482,0.023756495,0.9917520437707532
1181.5678486545407,1.000961,0.023772975,0.9921471802116758
1181.5778024005674,0.9975525,0.023731217,0.9925773573413899
1181.5877561465938,1.0033594,0.023797974,0.9930381674102642
1181.5977098926205,0.98486954,0.023582047,0.9935168467321032
1181.607663638647,1.0028762,0.023790983,0.9940061276993777
1181.6176173846736,1.0287311,0.024085905,0.9944994792300925
1181.6275711307003,1.0112028,0.023882981,0.9949902783359759
1181.6375248767267,1.0355881,0.024161862,0.9954735976206246
1181.6474786227534,1.0060585,0.023822444,0.9959453169892745
1181.6574323687798,0.99437165,0.023685731,0.9964004142277394
1181.6673861148065,0.98310536,0.023552312,0.9968361693116242
1181.6773398608332,1.0379871,0.024183746,0.997253630421693
1181.6872936068596,1.0393418,0.024198372,0.9976542694407932
1181.6972473528863,1.0170697,0.023942167,0.9980405514884175
1181.7072010989127,0.97008485,0.02339378,0.9984201118606857
1181.7171548449394,0.98401225,0.023556318,0.9988008226898346
1181.727108590966,1.0595136,0.024421386,0.9991901407892427
1181.7370623369925,1.0503976,0.024315938,0.999598282637141
1181.7470160830192,0.9915647,0.023640737,1.0000291597082338
1181.7569698290456,1.0084634,0.023835473,1.0004851354440336
1181.7669235750723,1.0157562,0.023918597,1.000966062265618
1181.776877321099,1.0106417,0.023858242,1.0014694798568122
1181.7868310671254,1.0507687,0.02431451,1.0019832958188486
1181.796784813152,1.0303307,0.024081971,1.0024972321442973
1181.8067385591785,1.0255837,0.024026375,1.0029990281009804
1181.8166923052052,0.973193,0.023417544,1.003475480669215
1181.8266460512318,0.9694089,0.02337135,1.0039218664473466
1181.8365997972583,0.97597504,0.023446716,1.0043336048660765
1181.846553543285,1.05788,0.024387583,1.0047046603041152
1181.8565072893116,1.0276587,0.024043376,1.0050335899107903
1181.866461035338,1.0199727,0.023954114,1.0053265534256486
1181.8764147813647,0.950455,0.02314169,1.005588807687479
1181.8863685273911,1.0575008,0.024378931,1.0058257806336677
1181.8963222734178,1.023701,0.023992501,1.0060467219664633
1181.9062760194442,1.0299368,0.024063436,1.0062559246387368
1181.916229765471,1.0048392,0.023773866,1.0064503054362153
1181.9261835114976,1.0150441,0.023890536,1.0066141619852256
1181.936137257524,0.9948523,0.023655266,1.0067315382670725
1181.9460910035507,0.9965832,0.023674207,1.0067850937367049
1181.9560447495774,0.9979521,0.023688793,1.0067598210915918
1181.9659984956038,0.9789148,0.023465859,1.0066332665525912
1181.9759522416305,0.9999066,0.023709236,1.0064215008527437
1181.985905987657,0.94816566,0.023101367,1.0061325418542904
1181.9958597336836,0.9987576,0.023693524,1.0057766471971479
1182.0058134797102,0.9925182,0.023619212,1.005366023030204
1182.0157672257367,1.0185843,0.023919644,1.0049254514289192
1182.0257209717633,1.0088938,0.0238071,1.004471554124521
1182.0356747177898,0.95128274,0.023131974,1.0040208335190672
1182.0456284638165,0.9969746,0.02366723,1.003587999627161
1182.0555822098431,0.99354446,0.023625549,1.0031787616944294
1182.0655359558696,0.9831287,0.023502966,1.0027950363514535
1182.0754897018962,1.0019507,0.023720743,1.0024379048833976
1182.0854434479227,1.0143263,0.023862777,1.0021035443368473
1182.0953971939493,0.9759795,0.023416016,1.0017876349694428
1182.105350939976,0.9855205,0.023526497,1.0014882594814345
1182.1153046860024,0.9839979,0.023507135,1.001206292671183
1182.125258432029,1.0284086,0.024018072,1.0009401112820593
1182.1352121780556,0.99259496,0.023604289,1.0006895091240344
1182.1451659240822,0.9906459,0.023580242,1.0004550229636124
1182.155119670109,0.966848,0.023301369,1.0002395696463355
1182.1650734161353,0.9914357,0.023587652,1.0000399965276672
1182.175027162162,0.97509235,0.023395067,0.9998545506125917
1182.1849809081884,0.98224354,0.02347789,0.9996809023124162
1182.194934654215,0.9946764,0.02362177,0.9995165374867454
1182.2048884002418,0.97937346,0.023441838,0.9993571136981927
1182.2148421462682,0.974573,0.023384707,0.9992006637896085
1182.2247958922949,1.0423688,0.024164258,0.9990462746071498
1182.2347496383213,0.9636364,0.02325279,0.998894015428512
1182.244703384348,0.97494286,0.023385165,0.9987441850942623
1182.2546571303747,1.0260663,0.023975836,0.9985973360789642
1182.264610876401,0.9877527,0.023533387,0.9984543783097016
1182.2745646224278,0.9933463,0.023597194,0.9983164917654594
1182.2845183684544,0.9795152,0.0234343,0.9981854692950587
1182.2944721144809,0.9863759,0.023512883,0.9980647438547163
1182.3044258605075,0.9855707,0.023502978,0.9979615442643492
1182.314379606534,0.9336506,0.022888804,0.9978815346739328
1182.3243333525606,1.0059345,0.023736272,0.9978288928423364
1182.3342870985873,0.967129,0.023282645,0.9978065183837757
1182.3442408446138,0.9260651,0.022794077,0.9978175124557178
1182.3541945906404,1.0031295,0.023700606,0.99785135764348
1182.3641483366669,0.9686662,0.023298973,0.9978969203157361
1182.3741020826935,0.93010414,0.022839518,0.997941092633751
1182.3840558287202,0.94118804,0.02296993,0.9979660757106057
1182.3940095747466,0.93094367,0.022847038,0.9979624759762157
1182.4039633207733,0.9630515,0.023226706,0.9979252020612166
1182.4139170667997,0.9617371,0.023210336,0.9978539654636069
1182.4238708128264,0.9652159,0.023249999,0.9977540459072844
1182.433824558853,0.96859413,0.02328871,0.9976402005526316
1182.4437783048795,0.929175,0.022819618,0.9975238094431917
1182.4537320509062,0.95485234,0.023124477,0.9974159663578148
1182.4636857969326,0.9204949,0.022713404,0.9973252765585588
1182.4736395429593,0.98134553,0.023432396,0.9972543224251682
1182.483593288986,0.88177824,0.02223895,0.9972046339075953
1182.4935470350124,0.9797252,0.023411281,0.997178600894916
1182.503500781039,0.97149473,0.023314262,0.9971749991380539
1182.5134545270655,0.9316299,0.022840593,0.9971917332697283
1182.5234082730922,0.9598546,0.023174923,0.9972282336953618
1182.5333620191188,0.94901,0.0230452,0.9972864725882036
1182.5433157651453,0.9679885,0.023267683,0.9973640965040869
1182.553269511172,0.9664382,0.023249062,0.9974599676613796
1182.5632232571984,0.92461807,0.022751274,0.9975737888879543
1182.573177003225,0.9815818,0.023424042,0.9977083192264853
1182.5831307492517,0.96256983,0.023199227,0.9978608427198623
1182.5930844952782,0.93273,0.022844512,0.9980313797433453
1182.6030382413048,0.9350111,0.022869857,0.9982205618914243
1182.6129919873315,0.9262369,0.022764126,0.9984310121043691
1182.622945733358,0.9115614,0.02258684,0.9986603887130352
1182.6328994793846,0.93352664,0.022849035,0.998909309110398
1182.642853225411,0.9467224,0.023005102,0.9991800333469227
1182.6528069714377,0.97269017,0.023309397,0.9994762161585031
1182.6627607174642,0.9231085,0.022720713,0.9997980275648412
1182.6727144634908,0.9520234,0.023064198,1.0001484079420695
1182.6826682095175,0.9162168,0.022636507,1.0005320345960877
1182.692621955544,0.9121037,0.022585016,1.0009477014351997
1182.7025757015706,0.90035784,0.022442097,1.0013864160518136
1182.7125294475973,0.9390374,0.022905331,1.001836723256005
1182.7224831936237,0.929189,0.022787454,1.0022804885170205
1182.7324369396504,1.0109335,0.02374469,1.0026975719251445
1182.7423906856768,0.9442373,0.022963222,1.003072306156845
1182.7523444317035,0.9717387,0.023287576,1.0033910043281307
1182.7622981777301,0.9417837,0.022932893,1.003632636474893
1182.7722519237566,0.9443569,0.022962607,1.0037985131703586
1182.7822056697833,0.94595546,0.022979718,1.0038903924119595
1182.7921594158097,0.9636611,0.023188513,1.0039132728049434
1182.8021131618364,1.0167431,0.023842636,1.003869254386856
1182.812066907863,1.012713,0.0242068,1.0037823412269304
1182.8220206538895,1.0450867,0.025156656,1.0036637749642883
1182.8319743999161,1.0122752,0.024546647,1.0035203723043231
1182.8419281459426,0.9658014,0.024329921,1.003352710777044
1182.8518818919692,1.065378,0.025718262,1.0031620707500566
1182.861835637996,1.0510825,0.025530962,1.0029454972267584
1182.8717893840223,1.0455266,0.025918266,1.0026994541821772
1182.881743130049,0.98428434,0.025747176,1.0024245184909304
1182.8916968760755,0.9917938,0.025537869,1.0021296970670994
1182.9016506221021,1.014621,0.025923567,1.0018242238428645
1182.9116043681288,1.0467128,0.02682031,1.0015202183649485
1182.9215581141552,1.009006,0.026420005,1.0012307843937984
1182.931511860182,1.0116066,0.02632592,1.0009642698923353
1182.9414656062083,1.0446817,0.02634445,1.0007258890851445
1182.951419352235,1.0607233,0.02689413,1.0005206873070822
1182.9613730982617,0.99195284,0.025770066,1.0003442166749417
1182.9713268442881,1.0291058,0.026454985,1.0001912568356615
1182.9812805903148,0.9715876,0.025997015,1.0000579800865101
1182.9912343363412,1.0123948,0.026195502,0.9999434299234209
1183.001188082368,1.0391917,0.026126275,0.9998433445167729
1183.0111418283946,1.0381681,0.026290333,0.999756428925191
1183.021095574421,1.022375,0.026383866,0.9996818598288983
1183.0310493204477,1.0056751,0.026457062,0.999619494540661
1183.0410030664743,1.0221575,0.026312992,0.9995650291598202
1183.0509568125008,1.006381,0.025800474,0.9995158104561235
1183.0609105585274,1.042621,0.026517356,0.9994698282591052
1183.0708643045539,0.9954033,0.025846913,0.9994267633227559
1183.0808180505805,0.98560256,0.025376024,0.999388189216045
1183.090771796607,1.0084677,0.026151624,0.9993579915615067
1183.1007255426337,1.0038776,0.025876746,0.9993424999067698
1183.1106792886603,1.0157646,0.025913341,0.9993482036377281
1183.1206330346868,0.98528826,0.025908124,0.9993763366832078
1183.1305867807134,0.9850033,0.02607718,0.9994261792023307
1183.14054052674,0.93603563,0.025359558,0.9994935434259484
1183.1504942727665,0.999052,0.02635095,0.9995660987588857
1183.1604480187932,0.96057874,0.026161926,0.9996286753748841
1183.1704017648196,0.98161256,0.025982687,0.9996656557807914
1183.1803555108463,1.0323765,0.02655595,0.9996542054386639
1183.190309256873,0.97149336,0.02546078,0.9995813003349436
1183.2002630028994,0.9682876,0.025043845,0.9994381771267722
1183.210216748926,0.93285453,0.024470618,0.9992174916281453
1183.2201704949525,0.90347266,0.024363955,0.9989012468412455
1183.2301242409792,0.9102322,0.024118943,0.9984977814979827
1183.2400779870059,0.9349144,0.024358245,0.99800694738898
1183.2500317330323,0.9557626,0.024406904,0.9974266037702548
1183.259985479059,0.9249078,0.023117686,0.9967422197716806
1183.2699392250854,0.95321745,0.023013553,0.9959669985845832
1183.279892971112,0.9462899,0.022924822,0.9951018256941742
1183.2898467171387,0.92087436,0.022622172,0.9941474561471628
1183.2998004631652,0.94123757,0.022863805,0.993107720785446
1183.3097542091919,0.9313041,0.022744643,0.9920085184717753
1183.3197079552183,0.9226214,0.022639098,0.9908691858823026
1183.329661701245,0.96341944,0.023121025,0.9897130111734938
1183.3396154472716,0.97599417,0.02326706,0.9885696491271552
1183.349569193298,0.95464677,0.023015205,0.9874628162274732
1183.3595229393247,0.93823683,0.02282012,0.9864107092545704
1183.3694766853514,0.9697605,0.023192273,0.9854337326712793
1183.3794304313778,0.91493165,0.02253984,0.984537928812084
1183.3893841774045,0.9455363,0.022903468,0.9837190746021032
1183.399337923431,0.96992356,0.023188755,0.9829745109970519
1183.4092916694576,0.9427749,0.022869138,0.9823077025102069
1183.419245415484,0.9182379,0.022574304,0.9817069712075827
1183.4291991615107,0.9208711,0.02260599,0.9811650576165083
1183.4391529075374,0.9806074,0.02330949,0.980678764926437
1183.4491066535638,0.9590445,0.023056896,0.9802539835226368
1183.4590603995905,0.9573226,0.02303476,0.979881783486994
1183.4690141456172,0.89255637,0.022259148,0.9795603342891537
1183.4789678916436,0.917784,0.022563512,0.9792888923712766
1183.4889216376703,0.9141078,0.022517964,0.9790712754835569
1183.4988753836967,0.89602345,0.022297826,0.9788946644842712
1183.5088291297234,0.9173723,0.02255489,0.9787510311688776
1183.51878287575,0.8174165,0.021319637,0.978628942297917
1183.5287366217765,0.8503473,0.02173225,0.9785113277028348
1183.5386903678032,0.8114475,0.021240948,0.9783808053222646
1183.5486441138296,0.8025812,0.021127217,0.9782251170184191
1183.5585978598563,0.80236393,0.021123275,0.9780341479945243
1183.568551605883,0.8189635,0.021334723,0.9778050842491983
1183.5785053519094,0.75598377,0.020517202,0.9775458500000773
1183.588459097936,0.7534496,0.02048283,0.9772644322912676
1183.5984128439625,0.75867724,0.02055159,0.9769714766742015
1183.6083665899891,0.76794946,0.020671414,0.9766812700016333
1183.6183203360158,0.7213487,0.020049134,0.9764051468650716
1183.6282740820423,0.68208796,0.019510921,0.9761509403417348
1183.638227828069,0.6830472,0.019523755,0.975925607642158
1183.6481815740954,0.7006804,0.019764611,0.9757261644302835
1183.658135320122,0.6885843,0.019596178,0.9755481430290233
1183.6680890661487,0.6752796,0.01940956,0.9753887813335953
1183.6780428121751,0.66863793,0.01931666,0.97525037050795
1183.6879965582018,0.6730965,0.019377856,0.975133280204127
1183.6979503042282,0.64670575,0.019004606,0.975041669406356
1183.707904050255,0.67390996,0.019387975,0.9749808765636241
1183.7178577962816,0.69435346,0.019671503,0.9749615977705091
1183.727811542308,0.65956026,0.019183699,0.9749818510112288
1183.7377652883347,0.69781435,0.019715834,0.9750438633301017
1183.7477190343611,0.6944466,0.019669479,0.9751508537419353
1183.7576727803878,0.70555943,0.019819854,0.9753088195193854
1183.7676265264145,0.7665956,0.020636622,0.9755130560268978
1183.777580272441,0.74086547,0.020293823,0.9757646146269116
1183.7875340184676,0.774565,0.020737609,0.9760670685318952
1183.7974877644942,0.82025033,0.021324532,0.9764218379618883
1183.8074415105207,0.8203689,0.021325273,0.9768213894643871
1183.8173952565473,0.8085583,0.021172998,0.9772617450677339
1183.8273490025738,0.835328,0.02151165,0.9777403833140559
1183.8373027486005,0.8480057,0.021669513,0.9782502351580763
1183.847256494627,0.8651961,0.021880617,0.9787839574108645
1183.8572102406536,0.87175196,0.021961454,0.9793390108763653
1183.8671639866802,0.9151507,0.02248648,0.9799182165036628
1183.8771177327067,0.91188985,0.022445997,0.9805238285562432
1183.8870714787333,0.9413217,0.022794653,0.9811599362026764
1183.89702522476,0.93530965,0.022723284,0.9818323090177322
1183.9069789707864,0.9310576,0.02267202,0.9825526095923995
1183.916932716813,0.92624354,0.022614246,0.9833198080282679
1183.9268864628395,0.9535251,0.022934997,0.9841342368361512
1183.9368402088662,0.92545515,0.02260145,0.9849959918138677
1183.9467939548929,0.9395366,0.022768196,0.9859111868987609
1183.9567477009193,0.9289058,0.022640161,0.9868685386500261
1183.966701446946,0.9274383,0.022621393,0.9878634927552732
1183.9766551929724,0.89934367,0.022283372,0.9888909188270572
1183.986608938999,0.8880836,0.022145027,0.9899447143139901
1183.9965626850258,0.9496783,0.022881536,0.9910104920946223
1184.0065164310522,0.96707034,0.023084199,0.9920761454835946
1184.0164701770789,0.9217238,0.022547573,0.9931252593019617
1184.0264239231053,0.9289915,0.022632765,0.9941326155630696
1184.036377669132,0.9657,0.023065139,0.9950753186343324
1184.0463314151586,0.94102347,0.022774389,0.995924467195606
1184.056285161185,0.9433364,0.022800006,0.9966376153802661
1184.0662389072118,0.9407661,0.022767356,0.9971822975904882
1184.0761926532382,0.9518898,0.022898499,0.9975545854836279
1184.0861463992649,0.95272946,0.022906695,0.9977488810399311
1184.0961001452915,0.9353002,0.022700705,0.9977523890216882
1184.106053891318,0.9721442,0.023132863,0.997590154091945
1184.1160076373446,0.971723,0.023125121,0.9972947007121665
1184.125961383371,0.92569774,0.022582991,0.996890279952077
1184.1359151293977,0.9631848,0.023023997,0.996393984331855
1184.1458688754244,1.0004244,0.023453174,0.9958419615179837
1184.1558226214509,0.9762095,0.023172615,0.9952598152150873
1184.1657763674775,0.96533096,0.023045342,0.9946687355625959
1184.175730113504,1.021507,0.023689963,0.9940929835650519
1184.1856838595306,0.993952,0.023374444,0.9935505379116435
1184.1956376055573,1.0118428,0.02357827,0.993055348453048
1184.2055913515837,0.9629305,0.023012828,0.992618504174029
1184.2155450976104,1.0128466,0.023586156,0.9922551862336686
1184.225498843637,0.97728693,0.023177546,0.9919576470488027
1184.2354525896635,1.0054226,0.023500754,0.9917257766309655
1184.2454063356902,1.0062771,0.023508828,0.9915616374206362
1184.2553600817166,1.0052139,0.023495017,0.991470556290825
1184.2653138277433,1.0118573,0.0235712,0.9914439052909803
1184.27526757377,0.9877005,0.02329322,0.9914805225884988
1184.2852213197964,1.0129614,0.023581121,0.9915800053319894
1184.295175065823,0.968653,0.02306919,0.991733625871785
1184.3051288118495,1.0303228,0.023775185,0.9919218545256057
1184.3150825578762,0.9814442,0.023215085,0.9921290122723724
1184.3250363039028,0.98554015,0.023261132,0.9923380278343824
1184.3349900499293,1.027833,0.023742782,0.992532214148893
1184.344943795956,0.974861,0.023136035,0.9927009331975791
1184.3548975419824,0.9879754,0.02328558,0.9928362364674661
1184.364851288009,0.9787385,0.023176942,0.9929285119321245
1184.3748050340357,0.971297,0.023090081,0.9929794999986415
1184.3847587800622,1.0081962,0.023513604,0.9929950073070398
1184.3947125260888,1.0397954,0.02387063,0.9929822222570304
1184.4046662721153,1.003271,0.023457214,0.9929487690019254
1184.414620018142,0.93700004,0.022684515,0.9929069914423132
1184.4245737641686,0.9563308,0.022910852,0.9928642426729505
1184.434527510195,0.9907092,0.023309208,0.9928255513446442
1184.4444812562217,0.9729116,0.023100631,0.9927965200572333
1184.4544350022481,0.95040154,0.022836566,0.9927791517481399
1184.4643887482748,0.98776513,0.02327104,0.9927760982972993
1184.4743424943015,0.90386933,0.022282721,0.9927902671357538
1184.484296240328,0.9496358,0.022824537,0.9928264156562745
1184.4942499863546,0.9965427,0.023366464,0.9928838550905212
1184.504203732381,0.9619105,0.022964433,0.9929643597557795
1184.5141574784077,0.98129493,0.023189161,0.9930710399987304
1184.5241112244344,0.9763022,0.023130111,0.9932079214564732
1184.5340649704608,0.9735954,0.023097366,0.9933737718418949
1184.5440187164875,0.94657445,0.022780275,0.9935701710091616
1184.5539724625141,0.99798673,0.023375295,0.9938004856067407
1184.5639262085406,1.0141793,0.023558797,0.994065012433933
1184.5738799545672,0.9719846,0.023074584,0.9943586529911441
1184.5838337005937,0.9760834,0.023120424,0.9946776724917139
1184.5937874466204,1.0253842,0.023682512,0.9950184777893397
1184.6037411926468,0.9844821,0.023215365,0.9953738822914155
1184.6136949386735,0.9863453,0.023235932,0.9957378621668163
1184.6236486847001,0.91873926,0.022443058,0.9961074887095229
1184.6336024307266,0.98571634,0.023226596,0.9964831894302382
1184.6435561767532,0.9763348,0.023117166,0.9968673511961678
1184.65350992278,0.9580627,0.022903841,0.9972637727987216
1184.6634636688063,0.9658727,0.022993544,0.9976763072747423
1184.673417414833,0.9527972,0.022840697,0.9981088503648776
1184.6833711608595,0.9357673,0.022638485,0.9985540274136383
1184.6933249068861,0.93067795,0.022576068,0.9989989232464029
1184.7032786529128,0.9955261,0.023329757,0.9994228482846458
1184.7132323989392,0.97839403,0.023129817,0.9997847342063964
1184.723186144966,0.95953166,0.022910042,1.0000542624138624
1184.7331398909923,1.0002667,0.023379479,1.000196230272606
1184.743093637019,1.0554898,0.023999272,1.0001757899527413
1184.7530473830457,0.9843246,0.023193711,0.9999522420400502
1184.763001129072,0.9516351,0.02281268,0.9995463459561917
1184.7729548750988,0.9607497,0.02292086,0.9989674528939259
1184.7829086211252,0.97390467,0.023070967,0.9982286356225962
1184.7928623671519,1.0017316,0.023389839,0.9973557610820849
1184.8028161131786,1.0273315,0.023678234,0.9963973866583002
1184.812769859205,0.9799569,0.023138294,0.9953828582549058
1184.8227236052317,0.9722444,0.023048958,0.9943341913641388
1184.832677351258,0.98734754,0.02321963,0.9932684522440705
1184.8426310972848,0.9869479,0.02321432,0.992196025901785
1184.8525848433114,0.96082985,0.022909755,0.9911216153092636
1184.8625385893379,0.9615917,0.02291878,0.9900470363991947
1184.8724923353645,0.96260804,0.022929735,0.9889702067623054
1184.882446081391,0.95483065,0.022836745,0.9878853404043599
1184.8923998274176,0.9324342,0.02257023,0.9867830611522932
1184.9023535734443,0.9552964,0.022839407,0.9856454433980638
1184.9123073194708,0.97800744,0.023102077,0.9844602731707239
1184.9222610654974,0.93762857,0.02263149,0.9832199291395596
1184.9322148115239,0.9689435,0.022996744,0.9819217681714005
1184.9421685575505,0.9645239,0.022945488,0.9805658748194814
1184.9521223035772,0.95392597,0.022818582,0.9791774276612358
1184.9620760496036,0.97209597,0.023029014,0.9777801704308564
1184.9720297956303,0.91822827,0.022395521,0.9763989988368085
1184.981983541657,0.9023722,0.022204941,0.9750661349698871
1184.9919372876834,0.937034,0.022615587,0.9737942616429724
1185.00189103371,0.8811927,0.021946335,0.9725943241456698
1185.0118447797365,0.87022495,0.021810701,0.9714743679251683
1185.0217985257632,0.87992704,0.021929782,0.9704445683951566
1185.0317522717899,0.8579053,0.021660304,0.9694912971197802
1185.0417060178163,0.8823722,0.02195812,0.9686102946505069
1185.051659763843,0.8380068,0.021409573,0.9677995683489491
1185.0616135098694,0.8414666,0.021453446,0.9670567957007945
1185.071567255896,0.82853466,0.02129063,0.9663699626440863
1185.0815210019227,0.8002407,0.020931352,0.9657363687676666
1185.0914747479492,0.7971024,0.02089058,0.9651591686392964
1185.1014284939758,0.7914625,0.020816686,0.9646404754588425
1185.1113822400023,0.78870714,0.020780135,0.9641776116452883
1185.121335986029,0.7481596,0.020251788,0.9637730634653321
1185.1312897320556,0.74630594,0.020224903,0.9634352046517107
1185.141243478082,0.65778613,0.019021386,0.9631637537560225
1185.1511972241087,0.6761153,0.019275922,0.9629545258640935
1185.1611509701352,0.67044145,0.01919474,0.9628065202230471
1185.1711047161618,0.67186546,0.019213429,0.9627247515377008
1185.1810584621885,0.6679173,0.019158185,0.9627013425800311
1185.191012208215,0.66378284,0.019097455,0.9627302845144667
1185.2009659542416,0.6604621,0.019052159,0.9628086079853235
1185.210919700268,0.6303308,0.018621568,0.9629409996133933
1185.2208734462947,0.61989933,0.018471584,0.963120919322707
1185.2308271923214,0.63849777,0.018737705,0.9633482482592233
1185.2407809383478,0.62294203,0.018512221,0.9636251492814605
1185.2507346843745,0.6169847,0.01842465,0.963963947278422
1185.260688430401,0.65885663,0.019022156,0.9643591290709381
1185.2706421764276,0.63190645,0.018639542,0.9648133723202297
1185.2805959224543,0.6387912,0.018736627,0.9653301958746656
1185.2905496684807,0.68332267,0.019357406,0.9659188970996813
1185.3005034145074,0.67391187,0.019226402,0.9665712182254127
1185.310457160534,0.70887786,0.019706612,0.9672880202739691
1185.3204109065605,0.7108759,0.019732025,0.9680737170902491
1185.3303646525871,0.76304495,0.020422649,0.9689358292018123
1185.3403183986136,0.7955193,0.020840505,0.9698684467009269
1185.3502721446403,0.77544004,0.020582974,0.9708736092270911
1185.3602258906667,0.8190483,0.02113696,0.9719578658292789
1185.3701796366934,0.82587785,0.021222964,0.973123996369696
1185.38013338272,0.86753815,0.02173737,0.974363754067481
1185.3900871287465,0.9372234,0.022571752,0.9756756951288295
1185.4000408747731,0.86549735,0.021710183,0.9770648200915384
1185.4099946207998,0.89110774,0.022019295,0.9785295309829127
1185.4199483668262,0.9213691,0.022380278,0.980065578675049
1185.429902112853,0.94902545,0.022706924,0.9816762273766937
1185.4398558588794,0.9710808,0.02295838,0.98337717406099
1185.449809604906,0.95787364,0.022803854,0.9851725112736428
1185.4597633509327,0.9467992,0.022675546,0.9870646871060051
1185.4697170969591,0.95589036,0.022779785,0.9890572941503457
1185.4796708429858,0.8991396,0.022108894,0.9911604559438756
1185.4896245890122,0.98488146,0.023216361,0.9933482407124147
1185.499578335039,0.94636226,0.023197915,0.9955911215745619
1185.5095320810656,1.0017356,0.024156407,0.9978537206765447
1185.519485827092,0.9715234,0.023559239,1.0000847694628017
1185.5294395731187,0.98982066,0.024235118,1.0022398856988683
1185.5393933191451,0.966732,0.023885438,1.0042799402796514
1185.5493470651718,0.99481636,0.024382468,1.0061680407685016
1185.5593008111985,1.0373869,0.025195196,1.007847441523425
1185.569254557225,0.99773985,0.025119882,1.0093275510131505
1185.5792083032516,0.973219,0.024421778,1.0106035233343507
1185.589162049278,1.0356053,0.025573604,1.0116749663745535
1185.5991157953047,1.0528582,0.026147762,1.0125418266752708
1185.6090695413313,1.0412802,0.025604628,1.013253424535363
1185.6190232873578,1.0243384,0.025390105,1.0138367355087992
1185.6289770333844,1.0079948,0.02518312,1.0143165394546791
1185.6389307794109,1.0263246,0.025524167,1.0147217862070235
1185.6488845254376,0.9908046,0.025068017,1.0150858529059488
1185.6588382714642,1.0123119,0.02544471,1.0154252216818445
1185.6687920174907,0.98835295,0.025256744,1.0157468863488186
1185.6787457635173,1.0074692,0.02512072,1.0160493954733927
1185.6886995095438,0.9580682,0.024328982,1.0163264938342857
1185.6986532555704,0.991617,0.02502189,1.0165683888309798
1185.708607001597,0.9887388,0.025180165,1.0167609450193342
1185.7185607476235,0.95205516,0.024731,1.016899552219842
1185.7285144936502,1.0346862,0.025341226,1.0169874470211597
1185.7384682396769,1.0136149,0.025088992,1.0170289771418217
1185.7484219857033,0.9949923,0.025158241,1.017028240568906
1185.75837573173,1.0216373,0.025228547,1.016999619923101
1185.7683294777564,0.99272203,0.024879131,1.0169549534514317
1185.778283223783,0.96825314,0.024734847,1.0169033995377905
1185.7882369698098,0.9520284,0.02424687,1.0168532402812347
1185.7981907158362,0.9567442,0.024498088,1.0168098721552619
1185.8081444618629,0.9798481,0.025093839,1.0167754213865314
1185.8180982078893,0.9896729,0.02521925,1.01674995783701
1185.828051953916,1.0000095,0.025202407,1.0167324307302672
1185.8380056999426,1.001743,0.0255609,1.0167180894067693
1185.847959445969,0.9731302,0.025261799,1.0167034059278324
1185.8579131919957,0.9755103,0.024900299,1.0166852604505405
1185.8678669380222,1.0153965,0.025394592,1.0166606560720153
1185.8778206840489,1.0098045,0.024973556,1.0166295117962048
1185.8877744300755,1.0053906,0.02472511,1.0165915229303932
1185.897728176102,0.9871953,0.024514118,1.0165456977114986
1185.9076819221286,1.0046803,0.024875954,1.0164891749432174
1185.917635668155,0.9609855,0.024008622,1.0164200602716
1185.9275894141817,1.0200046,0.024730094,1.016334876709948
1185.9375431602084,0.92977655,0.023281034,1.016228821456884
1185.9474969062348,0.94564885,0.022719525,1.0160983037018791
1185.9574506522615,0.9572503,0.0227396,1.0159457279092745
1185.967404398288,0.94732636,0.022619551,1.0157733670928202
1185.9773581443146,1.0043467,0.023274202,1.0155846069314998
1185.9873118903413,0.9695312,0.022873227,1.0153864421770746
1185.9972656363677,0.96333927,0.022802295,1.0151866411962536
1186.0072193823944,0.9569283,0.022726923,1.014991558128549
1186.0171731284208,0.9784408,0.022975503,1.0148083583080245
1186.0271268744475,0.99076277,0.023114493,1.014641710924854
1186.0370806204742,0.9895628,0.023101354,1.0144936471814434
1186.0470343665006,0.9533039,0.022679819,1.0143656819208833
1186.0569881125273,0.9525269,0.022668686,1.0142605071763877
1186.066941858554,0.9909565,0.0231115,1.0141750200904818
1186.0768956045804,0.9714851,0.022887127,1.0141055998616066
1186.086849350607,0.9893945,0.023090301,1.0140485043863083
1186.0968030966335,0.9653587,0.022812914,1.0139998461270903
1186.1067568426602,0.9530226,0.022669641,1.0139539821461394
1186.1167105886866,0.97128135,0.022878297,1.0139079229954726
1186.1266643347133,0.9674475,0.022834804,1.0138605152121334
1186.13661808074,0.932773,0.022429269,1.013812355237392
1186.1465718267664,0.995541,0.023151143,1.0137650139308891
1186.156525572793,0.93430877,0.022443308,1.0137183995971468
1186.1664793188197,0.94405365,0.022557968,1.0136692210833562
1186.1764330648462,0.9218615,0.02229769,1.01360669675587
1186.1863868108728,0.9607753,0.022746963,1.0135190625888528
1186.1963405568993,0.9361046,0.022463502,1.013393949358102
1186.206294302926,0.9308035,0.022397356,1.01322053638757
1186.2162480489526,0.9080706,0.022128593,1.0129925896701373
1186.226201794979,0.9146069,0.022202482,1.0127249015358375
1186.2361555410057,0.927149,0.02234997,1.012432671426266
1186.2461092870321,0.9248701,0.022320641,1.0121360027440873
1186.2560630330588,0.9337361,0.022424206,1.0118589739030432
1186.2660167790855,0.95549095,0.022679292,1.011616986753394
1186.275970525112,0.9137004,0.022184417,1.0114200188433422
1186.2859242711386,0.97289443,0.022878788,1.0112773856933668
1186.295878017165,0.9021049,0.022046875,1.011191124016624
1186.3058317631917,0.95843744,0.02270867,1.0111552266670247
1186.3157855092184,0.9090873,0.022130104,1.0111664404980663
1186.3257392552448,0.88106084,0.021791277,1.0112220875732136
1186.3356930012715,0.87749773,0.021749461,1.0113086550122812
1186.345646747298,0.9565234,0.022681931,1.0114084705906488
1186.3556004933246,0.919348,0.022292241,1.011504046454969
1186.3655542393512,0.8798341,0.022259012,1.011572346903277
1186.3755079853777,0.9020512,0.022784136,1.0115962842252961
1186.3854617314043,0.8927718,0.023061765,1.011566392145657
1186.3954154774308,0.92524743,0.023643386,1.0114779826153688
1186.4053692234575,0.9660535,0.024399208,1.0113262995230368
1186.4153229694841,0.9415674,0.02426389,1.0111285913146826
1186.4252767155106,0.93349004,0.024278026,1.0109006625186643
1186.4352304615372,0.96128416,0.024779309,1.0106576439295543
1186.4451842075637,1.0014036,0.025744053,1.0104148787333762
1186.4551379535903,0.9971073,0.025741946,1.010183814531265
1186.465091699617,0.9938003,0.025670229,1.009970261191124
1186.4750454456434,0.92780864,0.02508562,1.009776938653608
1186.48499919167,0.9505005,0.025245901,1.0096068940506877
1186.4949529376968,0.9536577,0.024707647,1.0094557778654707
1186.5049066837232,0.92419124,0.02432253,1.0093225615123855
1186.51486042975,0.98503274,0.025558626,1.0092072745025664
1186.5248141757763,0.96034193,0.0251675,1.0091121812870942
1186.534767921803,1.0022271,0.025298076,1.0090357716978835
1186.5447216678297,0.9283228,0.02435267,1.0089790066821154
1186.554675413856,0.9783632,0.024887567,1.0089434410490186
1186.5646291598828,0.9822417,0.024855264,1.0089299728409027
1186.5745829059092,1.0005231,0.025101874,1.0089344717076698
1186.5845366519359,0.99007004,0.024941841,1.0089543817173054
1186.5944903979625,0.96577597,0.024495423,1.0089874972418413
1186.604444143989,1.0095677,0.025510056,1.0090312615909036
1186.6143978900157,0.98116565,0.025434786,1.0090835587254743
1186.624351636042,0.94213575,0.024833726,1.0091452681503421
1186.6343053820688,0.94851923,0.024829485,1.0092204958369824
1186.6442591280954,0.9688925,0.025282765,1.00931408780187
1186.6542128741219,0.9357681,0.024520107,1.0094293139104749
1186.6641666201485,0.94134766,0.024958285,1.0095694639798396
1186.674120366175,0.9842803,0.02587012,1.0097387340303652
1186.6840741122016,0.9536159,0.02531046,1.0099344753655823
1186.6940278582283,0.9493169,0.024877032,1.0101516179583203
1186.7039816042547,0.94369733,0.024855865,1.010385219037178
1186.7139353502814,0.95491546,0.025153233,1.0106301042643266
1186.7238890963079,0.97931796,0.025154473,1.0108789911697276
1186.7338428423345,0.9997006,0.025037149,1.0111270891102015
1186.7437965883612,0.9290259,0.023943527,1.0113714003576242
1186.7537503343876,0.9280526,0.024125334,1.0116097584509283
1186.7637040804143,0.9539546,0.024426078,1.0118430757972559
1186.7736578264407,0.97190946,0.024776839,1.012072380685746
1186.7836115724674,0.91929656,0.02388836,1.0122980853016854
1186.793565318494,0.94442385,0.024240365,1.012517807523044
1186.8035190645205,0.91920465,0.023750983,1.0127282107252245
1186.8134728105472,0.943111,0.023477254,1.0129240869096559
1186.8234265565738,0.9266941,0.022882236,1.0130998963458948
1186.8333803026003,0.88007295,0.021903893,1.013248614584072
1186.843334048627,0.9063669,0.022037612,1.0133742927069163
1186.8532877946534,0.86346215,0.021518722,1.013481340446086
1186.86324154068,0.86930114,0.021588018,1.0135770191541646
1186.8731952867065,0.88424325,0.021766955,1.0136718374516094
1186.8831490327332,0.8772687,0.021682356,1.0137763464304874
1186.8931027787598,0.8734124,0.021634461,1.013899327414122
1186.9030565247863,0.8994731,0.021946158,1.014050726288902
1186.913010270813,0.8887826,0.021815203,1.014241259199969
1186.9229640168396,0.88918227,0.021821024,1.014472746405426
1186.932917762866,0.8813883,0.021723488,1.0147472710437533
1186.9428715088927,0.9241902,0.022230957,1.0150642217646904
1186.9528252549192,0.9145024,0.022117293,1.0154115788912765
1186.9627790009458,0.88560385,0.021769937,1.0157676909351474
1186.9727327469725,0.9330765,0.022334099,1.016111868670288
1186.982686492999,0.91998833,0.022177953,1.0164193240749282
1186.9926402390256,0.89809966,0.021918094,1.0166726007765476
1187.002593985052,0.8765,0.021657187,1.0168690548235502
1187.0125477310787,0.94950074,0.022513987,1.0170114218459292
1187.0225014771054,0.90957826,0.022050582,1.0171067297717153
1187.0324552231318,0.88790697,0.021791816,1.0171748715182278
1187.0424089691585,0.91853905,0.022152849,1.0172334890322252
1187.052362715185,0.9837332,0.02290139,1.0172950164700603
1187.0623164612116,0.952278,0.02254323,1.0173705172958938
1187.0722702072383,0.93739015,0.022369992,1.017464564151842
1187.0822239532647,0.92701775,0.02224762,1.0175782375083007
1187.0921776992914,0.95941454,0.022623364,1.0177111889107597
1187.1021314453178,0.9128902,0.02208372,1.0178631257780406
1187.1120851913445,0.96534115,0.02268628,1.0180265209421888
1187.1220389373711,0.9501834,0.02251113,1.018193619401954
1187.1319926833976,0.9294283,0.022268683,1.018355269001074
1187.1419464294243,0.93871444,0.022378758,1.018497366608375
1187.1519001754507,0.9104987,0.022046426,1.0186123176338795
1187.1618539214774,0.9711294,0.022750834,1.0186941027904033
1187.171807667504,0.96509147,0.022675358,1.018739612142774
1187.1817614135305,0.914376,0.022086894,1.0187460331641323
1187.1917151595571,0.9220586,0.02217832,1.0187257272210308
1187.2016689055836,0.94712436,0.022466011,1.0186874602733207
1187.2116226516102,0.9209021,0.022157203,1.0186404774398359
1187.221576397637,0.9196834,0.022145808,1.0185942235484071
1187.2315301436633,0.90283614,0.021943806,1.0185548930651893
1187.24148388969,0.9346226,0.0223162,1.0185247722573765
1187.2514376357167,0.9276755,0.02223556,1.0185038522072705
1187.2613913817431,0.92521256,0.022203218,1.0184903503542309
1187.2713451277698,0.8888375,0.021768628,1.0184812119557518
1187.2812988737962,0.91421473,0.022071257,1.0184754722464564
1187.291252619823,0.93704635,0.022336368,1.0184741090364602
1187.3012063658493,0.90250957,0.021933485,1.0184801202689115
1187.311160111876,0.9035133,0.021943813,1.0184964859129813
1187.3211138579027,0.9255457,0.022200417,1.0185267384458156
1187.3310676039291,0.95177096,0.022503031,1.0185752907404648
1187.3410213499558,0.9831666,0.022863423,1.0186439241308265
1187.3509750959824,0.9487897,0.022468392,1.018730655339386
1187.360928842009,0.95315415,0.022517089,1.0188334678295363
1187.3708825880356,0.98373425,0.022865953,1.0189498419035108
1187.380836334062,0.9719972,0.022730706,1.019074153427731
1187.3907900800887,0.9601361,0.022593172,1.0192009242049322
1187.4007438261153,0.9909957,0.022943452,1.0193258428083587
1187.4106975721418,0.9764288,0.022778524,1.019444299753286
1187.4206513181684,0.98080367,0.022825494,1.0195538618507372
1187.4306050641949,0.9340839,0.02228864,1.01965391893397
1187.4405588102215,0.9408337,0.02236459,1.0197449581832203
1187.4505125562482,0.96405166,0.022632688,1.0198286358255282
1187.4604663022747,0.9616836,0.022603808,1.0199103372101261
1187.4704200483013,0.9177414,0.022092652,1.0199958922010963
1187.4803737943278,1.000672,0.023048118,1.0200916131432978
1187.4903275403544,0.9773002,0.02278087,1.0202070280136033
1187.500281286381,1.0198396,0.023256699,1.0203456319640114
1187.5102350324075,0.99553734,0.022983797,1.0205101576230788
1187.5201887784342,0.999737,0.023031244,1.0207015808079622
1187.5301425244606,1.0042791,0.023077197,1.0209220967608663
1187.5400962704873,1.0031879,0.023064258,1.0211612568792816
1187.550050016514,0.95988774,0.022572037,1.021408561765122
1187.5600037625404,0.9908205,0.022922464,1.021647984125824
1187.569957508567,0.992127,0.022936326,1.021851823178272
1187.5799112545938,1.027915,0.023334887,1.0220007148198813
1187.5898650006202,1.0117621,0.023152404,1.0220763475664756
1187.5998187466469,0.97983956,0.022792574,1.0220614782889876
1187.6097724926733,0.95724785,0.022533005,1.0219364957758281
1187.6197262387,0.9655792,0.022629205,1.0217124481478432
1187.6296799847264,0.9898767,0.022905795,1.0213936214861337
1187.639633730753,0.9846391,0.022846503,1.0209866103463345
1187.6495874767797,0.9917308,0.022923946,1.0205050691628164
1187.6595412228062,0.96571094,0.022622308,1.0199785088449977
1187.6694949688329,0.9640588,0.022602081,1.0194274363566926
1187.6794487148595,0.97609735,0.02274024,1.0188713859374723
1187.689402460886,1.0066739,0.023083476,1.0183276365510832
1187.6993562069126,0.9360312,0.022275802,1.0178032744888124
1187.709309952939,0.9409649,0.022333117,1.0172992867098691
1187.7192636989657,0.9335794,0.02224732,1.0168130125887256
1187.7292174449924,0.99639845,0.022964586,1.0163368272306146
1187.7391711910188,0.9777095,0.02274934,1.0158633240513695
1187.7491249370455,1.0087143,0.02309933,1.0153889829642546
1187.759078683072,0.95036024,0.022434339,1.014914163696646
1187.7690324290986,1.0058379,0.023061829,1.0144444306027942
1187.7789861751253,1.016308,0.023182653,1.0139879923511936
1187.7889399211517,0.9940474,0.02292744,1.013554481451777
1187.7988936671784,1.0101051,0.02311167,1.013158335450361
1187.8088474132048,1.0326741,0.023359591,1.0128061603636325
1187.8188011592315,0.97961354,0.02276004,1.012499186951286
1187.8287549052582,0.9862932,0.022834234,1.0122360864619238
1187.8387086512846,0.97139114,0.022668997,1.0120135101882923
1187.8486623973113,0.9409247,0.022317782,1.0118129049572515
1187.8586161433377,0.98199177,0.022787027,1.0116159760052594
1187.8685698893644,0.9819564,0.022782251,1.0114051465612202
1187.878523635391,0.9897042,0.022874145,1.0111590300826
1187.8884773814175,0.9886207,0.022858405,1.0108692705357774
1187.8984311274442,0.9890792,0.02286062,1.010529674210495
1187.9083848734706,0.99003935,0.022868363,1.0101356627975346
1187.9183386194973,0.99672735,0.022942783,1.009675940225006
1187.928292365524,1.0082114,0.023071868,1.009161523091441
1187.9382461115504,1.0016911,0.022995543,1.0085993808146696
1187.948199857577,0.94429445,0.022341534,1.0080008265797247
1187.9581536036035,0.98009044,0.02275038,1.0073822297635215
1187.9681073496301,0.97000086,0.02263576,1.0067680858948271
1187.9780610956568,0.9824235,0.022774436,1.0061761039876411
1187.9880148416833,0.94196296,0.02231003,1.0056209944979202
1187.99796858771,0.95732147,0.022486499,1.0051172169390654
1188.0079223337366,0.92941606,0.022160416,1.004661660971203
1188.017876079763,0.95629907,0.02246851,1.0042533919623233
1188.0278298257897,0.95176536,0.022415282,1.0038905874973185
1188.0377835718161,0.9436395,0.022323465,1.0035708422467473
1188.0477373178428,1.0021781,0.022986675,1.0032839060592929
1188.0576910638692,0.9625724,0.022538282,1.0030264597707612
1188.067644809896,0.988299,0.022828678,1.002799038195326
1188.0775985559226,0.9260445,0.022117043,1.0026049610074153
1188.087552301949,0.97257584,0.022650357,1.0024443172084945
1188.0975060479757,0.9567963,0.022468906,1.0023207042066098
1188.1074597940024,0.9672544,0.022586098,1.002240335811213
1188.1174135400288,0.94283,0.022305217,1.0022068959188277
1188.1273672860555,0.97060686,0.022624042,1.0022177034192379
1188.137321032082,0.93911713,0.022258671,1.0022735342609266
1188.1472747781086,0.8874891,0.021651693,1.0023789096761018
1188.1572285241352,0.8734639,0.0214847,1.0025337107307497
1188.1671822701617,0.93660957,0.022225842,1.0027333656784325
1188.1771360161883,0.9666997,0.022567868,1.0029752474564624
1188.1870897622148,0.90875715,0.021896113,1.0032569256449775
1188.1970435082414,0.93522125,0.02220476,1.0035658095678373
1188.2069972542681,0.92030525,0.02203333,1.0038857790899158
1188.2169510002946,0.9305428,0.022150435,1.0041997988368032
1188.2269047463212,0.94065547,0.02226556,1.0044833848971093
1188.2368584923477,0.91724646,0.021993306,1.0047165078932392
1188.2468122383743,0.9298232,0.022138057,1.0048865032617367
1188.256765984401,0.9378336,0.02222764,1.0049857215724587
1188.2667197304274,0.94196707,0.022274302,1.0050063891340824
1188.276673476454,0.97261906,0.022624968,1.0049678388540229
1188.2866272224805,0.90954906,0.021898182,1.0048924197331166
1188.2965809685072,0.91832656,0.021996344,1.0048056778823844
1188.3065347145339,0.9192843,0.022005856,1.0047421732305062
1188.3164884605603,0.93500227,0.022187604,1.0047285272277238
1188.326442206587,0.9519302,0.0223852,1.0047814995870652
1188.3363959526137,0.9647827,0.022530809,1.0049073259541375
1188.34634969864,0.91873324,0.021996511,1.0051096342064576
1188.3563034446668,0.93541986,0.02218598,1.0053620237776149
1188.3662571906932,0.8874721,0.021623468,1.0056472630065543
1188.3762109367199,0.88119996,0.0215489,1.0059491782261496
1188.3861646827463,0.9326318,0.0221528,1.006252344583623
1188.396118428773,0.93449867,0.02217337,1.006544776842148
1188.4060721747996,0.97427493,0.02262644,1.0068195413844192
1188.416025920826,0.93574286,0.022188667,1.0070725661588908
1188.4259796668528,0.9175198,0.021973502,1.0073026843711927
1188.4359334128794,0.9302587,0.022122568,1.0075197991196538
1188.4458871589059,0.9262243,0.022072945,1.0077341895037684
1188.4558409049325,0.9256795,0.02206977,1.0079592069959826
1188.465794650959,0.8873021,0.021610213,1.0082109949472822
1188.4757483969856,0.91015047,0.021880962,1.0084957290780674
1188.4857021430123,0.94576585,0.022292823,1.0088166681125856
1188.4956558890387,0.8904939,0.021645857,1.0091736829039912
1188.5056096350654,0.9388461,0.022214051,1.0095615349367906
1188.5155633810919,0.89847857,0.021736473,1.009968229356102
1188.5255171271185,0.90311575,0.02178966,1.0103862731450242
1188.5354708731452,0.913819,0.021919377,1.0108107183473436
1188.5454246191716,0.8578564,0.02124847,1.0112405798739736
1188.5553783651983,0.8904235,0.021636479,1.0116790492769248
1188.5653321112247,0.9038213,0.021795291,1.012133514074263
1188.5752858572514,0.8685765,0.02144772,1.01261711043851
1188.585239603278,0.90388775,0.02235378,1.013143579590506
1188.5951933493045,0.8712602,0.022127558,1.0137204154223944
1188.6051470953312,0.8925823,0.022794036,1.0143546444250084
1188.6151008413576,0.82521135,0.022131484,1.0150529670008386
1188.6250545873843,0.89308393,0.023283247,1.0158065502013212
1188.635008333411,0.89646924,0.02342648,1.0165969139879556
1188.6449620794374,0.86149675,0.023105621,1.0174062968336122
1188.654915825464,0.8908452,0.02362825,1.0182150878427314
1188.6648695714905,0.9333414,0.024776815,1.0190052481579575
1188.6748233175172,0.8989799,0.02400307,1.019765054258251
1188.6847770635438,0.8850245,0.023686884,1.0204850799052994
1188.6947308095703,0.8930274,0.024263153,1.0211514204921348
1188.704684555597,0.9030609,0.024170076,1.0217617114398423
1188.7146383016234,0.8717024,0.023283938,1.0223156451621151
1188.72459204765,0.90674096,0.02387176,1.0228128195220056
1188.7345457936767,0.892604,0.023990689,1.0232478179974205
1188.7444995397032,0.9027932,0.02392317,1.0236292021382807
1188.7544532857298,0.8947203,0.023733864,1.0239601992351863
1188.7644070317565,0.88008845,0.023412198,1.0242403303460805
1188.774360777783,0.9090826,0.023688681,1.0244610192601242
1188.7843145238096,0.90331465,0.023684634,1.024630530457601
1188.794268269836,0.89351106,0.023529645,1.0247541530841113
1188.8042220158627,0.9254292,0.023747059,1.0248385045496962
1188.8141757618891,0.9436309,0.024099987,1.0248890234155694
1188.8241295079158,0.92143655,0.02413946,1.0249227517671085
1188.8340832539425,0.9154417,0.024356572,1.0249526407529403
1188.844036999969,0.94679356,0.024586907,1.0249922180289344
1188.8539907459956,0.8826489,0.0237811,1.025058954380804
1188.8639444920223,0.9493952,0.02470088,1.0251596236999876
1188.8738982380487,0.917365,0.023961468,1.025299989186648
1188.8838519840754,0.9514927,0.024831844,1.0254837147658813
1188.8938057301018,0.9565322,0.02508361,1.0257168422160399
1188.9037594761285,0.9599904,0.02509194,1.0259922759874245
1188.9137132221551,0.96293396,0.024890332,1.0263094496961571
1188.9236669681816,0.90020037,0.024111861,1.0266698789867923
1188.9336207142082,0.95285517,0.02483974,1.027079377891562
1188.9435744602347,0.99295634,0.024882397,1.0275347321726298
1188.9535282062614,0.910582,0.023506884,1.028039094314622
1188.963481952288,0.88874185,0.023095269,1.0285981440736447
1188.9734356983145,0.9691424,0.024385104,1.02921809627925
1188.9833894443411,0.9487527,0.023974076,1.029890714121141
1188.9933431903676,0.9575198,0.024263259,1.0306093276246917
1189.0032969363942,0.9774984,0.024404721,1.0313620624063253
1189.013250682421,0.9403541,0.024000265,1.03212637088299
1189.0232044284473,1.011688,0.024534924,1.032874448991844
1189.033158174474,0.94997233,0.02314903,1.0335800948245224
1189.0431119205005,0.9363403,0.022666227,1.0342114760664194
1189.0530656665271,0.92684233,0.02214154,1.0347417401475816
1189.0630194125538,0.92751014,0.022011086,1.0351655665447046
1189.0729731585802,0.93803304,0.02213231,1.0354787968429437
1189.082926904607,0.9350677,0.022096917,1.0356775796095778
1189.0928806506333,0.9696326,0.022491775,1.0357774248114295
1189.10283439666,0.960351,0.022385014,1.0358059961017396
1189.1127881426867,0.9486538,0.022251224,1.0357837333915068
1189.122741888713,0.94080734,0.022163756,1.0357285804068175
1189.1326956347398,0.9484209,0.02224818,1.035660398845476
1189.1426493807662,0.9162147,0.021874476,1.0355925162540023
1189.1526031267929,0.96651787,0.022450717,1.0355324439072424
1189.1625568728196,0.93356043,0.022071784,1.0354861049064152
1189.172510618846,0.95947087,0.02236877,1.0354549257498848
1189.1824643648727,0.9472877,0.02222524,1.0354383499159712
1189.1924181108993,0.9079277,0.021768704,1.0354359058433682
1189.2023718569258,0.94190747,0.02215864,1.0354483080528007
1189.2123256029524,0.948249,0.022230761,1.0354735589089947
1189.2222793489789,0.9296984,0.022017075,1.0355103689678486
1189.2322330950055,0.9626887,0.02239579,1.0355583384346776
1189.2421868410322,0.9417711,0.022157406,1.0356189285607609
1189.2521405870586,0.95972717,0.022359675,1.0356914130348516
1189.2620943330853,0.985253,0.022646425,1.03577595945484
1189.2720480791118,0.96441776,0.022411061,1.0358731537799022
1189.2820018251384,0.95021385,0.022250205,1.0359854587253898
1189.291955571165,0.9762878,0.022543162,1.0361115887926398
1189.3019093171915,0.93051594,0.0220194,1.0362513741040515
1189.3118630632182,0.9570797,0.022328164,1.0364048349504436
1189.3218168092446,0.9683489,0.02245181,1.036574113856042
1189.3317705552713,0.9745902,0.022518683,1.0367572405169505
1189.341724301298,0.97748375,0.022548335,1.0369541903673225
1189.3516780473244,0.9364414,0.022080468,1.037165153422623
1189.361631793351,0.98414165,0.022625558,1.0373926898353028
1189.3715855393775,0.97235745,0.022488158,1.0376346843465274
1189.3815392854042,0.9525055,0.02226165,1.0378912871650507
1189.3914930314309,0.94740003,0.022204729,1.038162763060492
1189.4014467774573,0.909132,0.021761535,1.038451096803287
1189.411400523484,0.9339594,0.022048285,1.0387538689163913
1189.4213542695104,0.9190463,0.021871537,1.039070820676058
1189.431308015537,0.9661226,0.022414403,1.0394019261113463
1189.4412617615637,0.90499884,0.021706184,1.0397481848317263
1189.4512155075902,0.92330426,0.021922294,1.0401070621266348
1189.4611692536168,0.95347935,0.022262724,1.0404778431025892
1189.4711229996433,0.9472247,0.022193892,1.0408600554548337
1189.48107674567,0.94483113,0.022165496,1.0412533763802765
1189.4910304916966,0.92850363,0.021973487,1.0416546021421396
1189.500984237723,0.9670036,0.022412868,1.042060431769348
1189.5109379837497,1.0166363,0.022965152,1.042464633278088
1189.5208917297764,0.98414886,0.022604808,1.0428555090933473
1189.5308454758028,0.9726494,0.02247087,1.0432203377882139
1189.5407992218295,0.96572715,0.022396982,1.0435442666741503
1189.550752967856,0.9852568,0.022615068,1.0438092359916555
1189.5607067138826,0.96329844,0.022368599,1.0439996143006627
1189.570660459909,0.9468856,0.022179391,1.0441161493939197
1189.5806142059357,0.9766311,0.022515716,1.0441574287722266
1189.5905679519624,0.93150014,0.022001293,1.044121183048443
1189.6005216979888,0.9772885,0.02252174,1.0440145290714917
1189.6104754440155,0.9447505,0.022149308,1.043856822141703
1189.6204291900422,0.93251806,0.022009114,1.0436634213313296
1189.6303829360686,0.9287403,0.02196642,1.043450506131639
1189.6403366820953,0.902963,0.021660006,1.043236308428844
1189.6502904281217,0.9137166,0.021786168,1.043033531357075
1189.6602441741484,0.9295843,0.021969467,1.0428494577631449
1189.670197920175,0.9265211,0.021931551,1.0426896839495856
1189.6801516662015,0.9126649,0.021771416,1.0425540067730925
1189.6901054122281,0.95658785,0.02227517,1.0424390613170518
1189.7000591582546,0.9481443,0.022174533,1.042342595060004
1189.7100129042813,0.9269729,0.021928657,1.0422637451687626
1189.719966650308,0.8844361,0.021435624,1.0421994864821447
1189.7299203963344,0.90181684,0.021636503,1.0421472420789328
1189.739874142361,0.84921974,0.021011036,1.0421056547894043
1189.7498278883875,0.88298327,0.021411728,1.042074262815898
1189.7597816344141,0.87431353,0.021313636,1.0420505660852006
1189.7697353804408,0.8964829,0.02156745,1.0420321164778725
1189.7796891264672,0.899601,0.021605825,1.0420169220992803
1189.789642872494,0.8792626,0.021365335,1.042003435779045
1189.7995966185204,0.920737,0.021853536,1.0419907929704215
1189.809550364547,0.905723,0.021674013,1.0419795965203849
1189.8195041105737,0.91484004,0.021777423,1.0419713149989935
1189.8294578566001,0.84498197,0.020950673,1.041968072858166
1189.8394116026268,0.9099903,0.021720974,1.0419698437227791
1189.8493653486532,0.88451004,0.02142356,1.0419754045773242
1189.85931909468,0.90054387,0.021606129,1.0419825910760026
1189.8692728407066,0.91389745,0.021760067,1.0419883479071874
1189.879226586733,0.8989741,0.021587556,1.0419906645751495
1189.8891803327597,0.92741406,0.021916227,1.0419891540013304
1189.8991340787861,0.90123665,0.021610558,1.0419848771422793
1189.9090878248128,0.8911826,0.02149027,1.04198030650109
1189.9190415708395,0.9085909,0.021694487,1.0419785985814884
1189.928995316866,0.91249657,0.021738868,1.0419823308593221
1189.9389490628926,0.9233729,0.021863839,1.0419935104096565
1189.9489028089192,0.90927225,0.021700172,1.0420149781047532
1189.9588565549457,0.8671797,0.021205198,1.0420458437623865
1189.9688103009723,0.903902,0.021630535,1.042086135706003
1189.9787640469988,0.92409486,0.021872297,1.0421357921045589
1189.9887177930254,0.8627602,0.021148227,1.0421960625952682
1189.998671539052,0.8604368,0.021117508,1.042265752619253
1190.0086252850786,0.8653844,0.02117904,1.0423454717188607
1190.0185790311052,0.8746562,0.02128436,1.0424363783623407
1190.0285327771317,0.8548979,0.021050746,1.0425412889541519
1190.0384865231583,0.83998007,0.020865673,1.0426596953396108
1190.048440269185,0.8366393,0.020826843,1.042792658248901
1190.0583940152114,0.811959,0.020522628,1.0429415941150486
1190.068347761238,0.81273615,0.020529473,1.043109175601466
1190.0783015072645,0.7816437,0.020143105,1.0432939813454358
1190.0882552532912,0.7866378,0.02020537,1.0434967306886527
1190.0982089993179,0.73776203,0.01957938,1.0437188190442692
1190.1081627453443,0.74835604,0.019719504,1.043962408390406
1190.118116491371,0.7350811,0.019547565,1.0442251916280365
1190.1280702373974,0.6932572,0.01899561,1.0445069096429662
1190.138023983424,0.67398065,0.018735493,1.0448078840945292
1190.1479777294508,0.67019635,0.018684128,1.0451285225805118
1190.1579314754772,0.64156353,0.01828773,1.0454661594789534
1190.1678852215039,0.6317782,0.018151172,1.0458205298957532
1190.1778389675303,0.6596623,0.018537194,1.0461926264032233
1190.187792713557,0.6187609,0.017968837,1.0465835219270758
1190.1977464595836,0.58012027,0.017418656,1.0469917056779308
1190.20770020561,0.5573084,0.017077684,1.0474174627441093
1190.2176539516367,0.50977784,0.016356109,1.04786224319449
1190.2276076976632,0.5180011,0.016479041,1.0483266133493017
1190.2375614436899,0.5121374,0.016387705,1.048808421602616
1190.2475151897165,0.44897148,0.015374728,1.049306730730411
1190.257468935743,0.4539583,0.015460412,1.049820849071479
1190.2674226817696,0.44850516,0.015367757,1.0503475553213166
1190.2773764277963,0.4492722,0.015382833,1.0508814949511234
1190.2873301738227,0.4260643,0.0149913905,1.0514174642444334
1190.2972839198494,0.42206475,0.014921398,1.0519479989106622
1190.3072376658758,0.41163394,0.014738604,1.0524641424723309
1190.3171914119025,0.42534062,0.01497708,1.0529586846506847
1190.327145157929,0.41801444,0.014846026,1.0534242530886748
1190.3370989039556,0.3815493,0.01420909,1.053848753868323
1190.3470526499823,0.40508983,0.014621344,1.0542195392388365
1190.3570063960087,0.39864784,0.014511476,1.0545192647218868
1190.3669601420354,0.3913705,0.014384663,1.0547193318671686
1190.376913888062,0.36045012,0.01381618,1.0547748722117747
1190.3868676340885,0.3330106,0.013305198,1.0546772262123743
1190.3968213801152,0.3106614,0.01286643,1.0544426312791457
1190.4067751261416,0.2974548,0.012599604,1.0540864865339277
1190.4167288721683,0.28171405,0.012272833,1.0536139518352607
1190.426682618195,0.27728978,0.012182597,1.0530473661029036
1190.4366363642214,0.24190822,0.011411444,1.0524029473868
1190.446590110248,0.25222582,0.01163539,1.0516893620493422
1190.4565438562745,0.23060918,0.011152834,1.0509062255294082
1190.4664976023012,0.27955645,0.012226654,1.0500642721441489
1190.4764513483278,0.25175554,0.011630018,1.0491698699530807
1190.4864050943543,0.25106382,0.011611669,1.048225922122119
1190.496358840381,0.26327398,0.01188355,1.0472286803479074
1190.5063125864074,0.2626625,0.011866308,1.0461845546537356
1190.516266332434,0.28062567,0.012249958,1.045095639501205
1190.5262200784607,0.27209798,0.012067066,1.0439609560034493
1190.5361738244872,0.2921182,0.012485777,1.0427704853960569
1190.5461275705138,0.31535602,0.0129505545,1.041526184359538
1190.5560813165403,0.29924852,0.012628392,1.0402300344318216
1190.566035062567,0.3095251,0.012834581,1.0388907567453112
1190.5759888085936,0.31892464,0.013019782,1.0375201803899152
1190.58594255462,0.36004177,0.013801159,1.0361267973269321
1190.5958963006467,0.3578424,0.013758638,1.0346959003899265
1190.6058500466731,0.35253027,0.013659473,1.0332069355750295
1190.6158037926998,0.34932843,0.013596537,1.0316440728958682
1190.6257575387265,0.3564623,0.013730785,1.0300320309440187
1190.635711284753,0.32488236,0.013129904,1.0283897592650335
1190.6456650307796,0.31895798,0.013012867,1.0267311043075402
1190.655618776806,0.3104409,0.012844977,1.0250636159596493
1190.6655725228327,0.28389943,0.012305032,1.0233916879724436
1190.6755262688594,0.27788532,0.012179412,1.021714624911966
1190.6854800148858,0.2534247,0.011653918,1.020030286459508
1190.6954337609125,0.23506728,0.011240034,1.018334663794524
1190.7053875069391,0.20324719,0.010483847,1.0166279002187646
1190.7153412529656,0.17698352,0.009815135,1.0149101936629445
1190.7252949989922,0.16369998,0.0094572855,1.0131828589311527
1190.7352487450187,0.13863723,0.008742994,1.0114478069799875
1190.7452024910453,0.11603242,0.008045657,1.009709685488453
1190.755156237072,0.12692602,0.008386918,1.007972603179329
1190.7651099830985,0.10086255,0.007532834,1.006243958023254
1190.7750637291251,0.094241954,0.0073020137,1.0045442881936815
1190.7850174751516,0.074333996,0.0065395073,1.002898958143901
1190.7949712211782,0.06690237,0.006230123,1.00133679857813
1190.804924967205,0.051237233,0.0055103903,0.9998797740219736
1190.8148787132313,0.05216362,0.005552531,0.9985414109252249
1190.824832459258,0.054744698,0.005677053,0.9973006171899573
1190.8347862052844,0.048491046,0.0053704153,0.9961509205854022
1190.844739951311,0.04792774,0.0053435853,0.9950918353289827
1190.8546936973378,0.034963023,0.0046308073,0.9941301674059941
1190.8646474433642,0.038500864,0.0048352983,0.993255921425982
1190.874601189391,0.039997492,0.0049233087,0.9924706766987251
1190.8845549354173,0.042107392,0.0050391243,0.9917800635841798
1190.894508681444,0.038527872,0.0048386003,0.9911916269174943
1190.9044624274707,0.040523034,0.004951655,0.99069416166354
1190.914416173497,0.03809139,0.0048074913,0.9902868274468231
1190.9243699195238,0.04459565,0.005167506,0.9899732282862597
1190.9343236655502,0.044769675,0.0051733265,0.989757068940633
1190.9442774115769,0.04782361,0.0053331708,0.9896271949755038
1190.9542311576035,0.04890047,0.005386303,0.9895827064656448
1190.96418490363,0.053115223,0.0055923676,0.9896281233330542
1190.9741386496567,0.057727538,0.005810827,0.9897666212256084
1190.984092395683,0.05618543,0.005740077,0.989989021934885
1190.9940461417098,0.076482534,0.006616,0.9902952377263298
1191.0039998877364,0.085978426,0.0069845887,0.9906910867527126
1191.0139536337629,0.095399566,0.007332334,0.9911790668458973
1191.0239073797895,0.10114189,0.0075358446,0.9917507572249262
1191.0338611258162,0.1120805,0.00790845,0.9924054075275991
1191.0438148718426,0.117387995,0.00807743,0.993146985340874
1191.0537686178693,0.1257267,0.008340537,0.9939716838093402
1191.0637223638957,0.14904246,0.009038112,0.9948655642905835
1191.0736761099224,0.16692221,0.00953566,0.9958209381385539
1191.0836298559489,0.17688031,0.009801716,0.9968354090223045
1191.0935836019755,0.19721971,0.010320573,0.9979061511227637
1191.1035373480022,0.20348734,0.010477379,0.9990324731806784
1191.1134910940286,0.22490907,0.010987874,1.0002222615453473
1191.1234448400553,0.24526514,0.011452295,1.001489377533168
1191.133398586082,0.25683683,0.011734524,1.0028289117211484
1191.1433523321084,0.28120396,0.012520731,1.004214326898233
1191.153306078135,0.3066018,0.013204756,1.0056174882264426
1191.1632598241615,0.36703217,0.014635367,1.0070163568477513
1191.1732135701882,0.362651,0.014734891,1.0084042052092912
1191.1831673162148,0.40538666,0.015645508,1.0097855772590016
1191.1931210622413,0.45361248,0.016606973,1.0111678291982666
1191.203074808268,0.48486367,0.017251441,1.0125613149787351
1191.2130285542944,0.51212007,0.01788533,1.0139750679930315
1191.222982300321,0.5365753,0.018765315,1.0154140078754657
1191.2329360463477,0.55934286,0.019018661,1.0168811514171259
1191.2428897923742,0.5723471,0.019109942,1.0183803982547126
1191.2528435384008,0.6153617,0.01999716,1.0199087274606375
1191.2627972844273,0.67527807,0.020967491,1.0214618393763986
1191.272751030454,0.6479172,0.020045841,1.0230359079798639
1191.2827047764806,0.6583301,0.020191384,1.024626749792146
1191.292658522507,0.7360421,0.021591142,1.0262247685921468
1191.3026122685337,0.731495,0.021490943,1.0278193702554272
1191.3125660145602,0.77934647,0.02181803,1.029398001280433
1191.3225197605868,0.8104036,0.022306314,1.030941282602175
1191.3324735066135,0.7831,0.02181027,1.0324420581164706
1191.34242725264,0.78607136,0.02185665,1.033909161956103
1191.3523809986666,0.85456073,0.022763254,1.035361957095032
1191.362334744693,0.8707041,0.022744399,1.0368150349328134
1191.3722884907197,0.8599592,0.022701086,1.038258905144281
1191.3822422367464,0.86907613,0.023028728,1.0396726160288787
1191.3921959827728,0.9023479,0.023758257,1.0410424779797842
1191.4021497287995,0.91457397,0.023918584,1.0423615555996233
1191.412103474826,0.923201,0.023806151,1.0436412641841897
1191.4220572208526,0.9097995,0.02392452,1.0448892084052166
1191.4320109668793,0.966325,0.024229214,1.0461097750042474
1191.4419647129057,0.91290843,0.024081925,1.0473006375159453
1191.4519184589324,0.92337865,0.024401186,1.0484625892395045
1191.461872204959,0.92368466,0.024344828,1.0495916278501887
1191.4718259509855,0.9176923,0.023971632,1.0506815769080595
1191.4817796970121,0.92119616,0.024025237,1.0517177194223204
1191.4917334430386,0.95385665,0.024471948,1.0526985102552064
1191.5016871890653,0.9216159,0.023717942,1.0536186801505232
1191.5116409350917,0.9224723,0.023545451,1.0544723230333415
1191.5215946811184,0.9669743,0.023749785,1.0552403572447744
1191.531548427145,0.95751846,0.02395184,1.0559238172060734
1191.5415021731715,0.9579492,0.02373812,1.056515965875043
1191.5514559191981,0.97264326,0.024235096,1.057016682220016
1191.5614096652248,0.9785133,0.024162618,1.057431454188228
1191.5713634112512,0.9642187,0.023888271,1.0578006513302578
1191.581317157278,0.9991912,0.024127223,1.058145525241822
1191.5912709033043,0.9622044,0.023115246,1.0584764094821588
1191.601224649331,0.93930095,0.022449395,1.0587938753254078
1191.6111783953577,0.9562825,0.022258438,1.0590990081981095
1191.6211321413841,0.9112543,0.021564176,1.0593918068445807
1191.6310858874108,0.9610817,0.022130089,1.0596741479992748
1191.6410396334372,0.89108306,0.021327373,1.0599496398248185
1191.650993379464,0.94651574,0.021962265,1.0602250668842053
1191.6609471254906,0.9565416,0.022074247,1.0605054467589035
1191.670900871517,0.9379654,0.02186224,1.0607950027713973
1191.6808546175437,0.91758484,0.021627901,1.0610983660561089
1191.69080836357,0.93791586,0.021861121,1.0614146433573433
1191.7007621095968,0.9013765,0.021441579,1.0617433039984836
1191.7107158556234,0.91260076,0.021569036,1.0620829563962833
1191.72066960165,0.90988696,0.021536417,1.0624320325975842
1191.7306233476766,0.9155798,0.021599604,1.0627864022988596
1191.740577093703,0.9272024,0.021734403,1.063144003136864
1191.7505308397297,0.89711434,0.021384865,1.0635040200578523
1191.7604845857563,0.95861673,0.02208652,1.0638681060478714
1191.7704383317828,0.90402615,0.021465896,1.0642392633339899
1191.7803920778094,0.8873999,0.021268431,1.0646224475308963
1191.790345823836,0.91221154,0.02155719,1.0650244347499709
1191.8002995698625,0.9628182,0.022129472,1.0654560359867236
1191.8102533158892,0.89164895,0.021313,1.065920727887577
1191.8202070619157,0.87629944,0.021136088,1.0664228975872667
1191.8301608079423,0.90940285,0.02152158,1.0669647338159634
1191.8401145539688,0.90716666,0.021494055,1.067545072474852
1191.8500682999954,0.9536155,0.02202422,1.0681490741336788
1191.860022046022,0.9069123,0.02148665,1.0687641365601974
1191.8699757920485,0.89455736,0.021341935,1.0693758671133389
1191.8799295380752,0.87232536,0.021083636,1.0699666868971216
1191.8898832841019,0.87876475,0.021156283,1.0705246905044044
1191.8998370301283,0.9249646,0.021691773,1.0710379638272498
1191.909790776155,0.9516205,0.02199486,1.0714927986867537
1191.9197445221814,0.92498183,0.021690788,1.0718718712622002
1191.929698268208,0.9550947,0.022032415,1.0721745018991058
1191.9396520142348,0.9445421,0.021911148,1.0723943535798675
1191.9496057602612,0.91245496,0.021542901,1.072522978324837
1191.9595595062879,0.9541681,0.022018636,1.0725512046722545
1191.9695132523143,0.95291436,0.022005232,1.072490415454209
1191.979466998341,0.9462134,0.021929478,1.0723445789465658
1191.9894207443676,0.95133287,0.021985779,1.072117460834075
1191.999374490394,0.95521,0.022023508,1.0718155996337222
1192.0093282364207,0.9488741,0.021956835,1.0714591020718478
1192.0192819824472,0.94083303,0.021863746,1.0710604515451787
1192.0292357284739,0.9316481,0.021756278,1.0706325461611133
1192.0391894745005,0.93368256,0.021774674,1.070192446059803
1192.049143220527,0.9682141,0.022164414,1.0697582216565105
1192.0590969665536,0.9256856,0.021684337,1.069343570981565
1192.06905071258,0.93873423,0.021833932,1.0689607954033689
1192.0790044586067,0.9449862,0.021899693,1.0686170365624945
1192.0889582046334,0.91866094,0.021598939,1.0683077459509227
1192.0989119506598,0.9362247,0.021802181,1.0680284258877566
1192.1088656966865,0.9466334,0.02191543,1.0677741959796512
1192.118819442713,0.94156414,0.021859903,1.0675395134772523
1192.1287731887396,0.9566519,0.022029094,1.0673190345386494
1192.1387269347663,0.9546053,0.022006301,1.0671117187794916
1192.1486806807927,0.9662893,0.022137057,1.0669189004131148
1192.1586344268194,0.91200155,0.021517755,1.066742067592776
1192.1685881728458,0.9116154,0.02151476,1.0665801645642665
1192.1785419188725,0.972686,0.02220459,1.0664324966610212
1192.1884956648992,0.96865577,0.022162978,1.0662979041809062
1192.1984494109256,0.9592868,0.022052702,1.0661731298059016
1192.2084031569523,0.94069064,0.021842375,1.0660537515514692
1192.218356902979,0.9778158,0.022256868,1.065936712610861
1192.2283106490054,0.917049,0.02157148,1.065819412263762
1192.238264395032,0.96140504,0.022074265,1.0656998703279006
1192.2482181410585,0.94365054,0.02187385,1.065577082877174
1192.2581718870852,0.93790007,0.021805957,1.0654501065562492
1192.2681256331116,0.9480668,0.021919884,1.0653175322360358
1192.2780793791383,0.95686954,0.022022143,1.0651786612425933
1192.288033125165,0.9168137,0.021563597,1.0650348049729195
1192.2979868711914,0.9075368,0.02145592,1.0648888068733162
1192.307940617218,0.9674887,0.022137947,1.0647469352258745
1192.3178943632447,0.9221234,0.021624193,1.0646187420183921
1192.3278481092711,0.9584884,0.022033462,1.0645126374683547
1192.3378018552978,0.9371143,0.021794496,1.0644364031099434
1192.3477556013243,0.93501866,0.021764996,1.0643985034226715
1192.357709347351,0.98605585,0.022336043,1.0644002140470523
1192.3676630933776,0.9518567,0.021952236,1.064436056962217
1192.377616839404,0.92358583,0.02163287,1.0645010262411643
1192.3875705854307,0.9684804,0.022135582,1.0645904995763082
1192.3975243314571,0.944101,0.021863539,1.064697502550674
1192.4074780774838,0.9344496,0.02175129,1.0648167518085105
1192.4174318235105,0.9181479,0.021566564,1.0649468091325054
1192.427385569537,0.92304814,0.021622756,1.065089585576941
1192.4373393155636,0.91409326,0.021517612,1.0652476162209013
1192.44729306159,0.915343,0.021530692,1.0654230602336385
1192.4572468076167,0.9445968,0.021862153,1.065618721011067
1192.4672005536434,0.9276394,0.021671325,1.0658389051483708
1192.4771542996698,0.89906937,0.021338288,1.0660839167844474
1192.4871080456965,0.888279,0.021210894,1.0663513690225486
1192.497061791723,0.90775204,0.021435026,1.0666389860439327
1192.5070155377496,0.89989716,0.02134621,1.0669441981872954
1192.5169692837762,0.8624413,0.02090651,1.0672604467352378
1192.5269230298027,0.93036306,0.021692943,1.06758104972639
1192.5368767758293,0.8750969,0.021051865,1.067900673458312
1192.546830521856,0.8664725,0.020951146,1.0682141698107894
1192.5567842678824,0.8577477,0.020848462,1.0685192544591828
1192.5667380139091,0.8839599,0.021155562,1.0688171490360978
1192.5766917599356,0.85490775,0.020809859,1.0691115819731798
1192.5866455059622,0.87455183,0.021041032,1.0694099755338784
1192.5965992519887,0.8408396,0.020638462,1.0697214061994598
1192.6065529980153,0.8570312,0.020835381,1.070053197674812
1192.616506744042,0.8580585,0.020845443,1.0704117240083526
1192.6264604900684,0.8337478,0.020554136,1.0708054223516752
1192.636414236095,0.7955474,0.020087423,1.071236057832035
1192.6463679821218,0.8079573,0.020238617,1.0717034204072693
1192.6563217281482,0.79937327,0.020132208,1.0722085149203457
1192.6662754741749,0.7974598,0.020110892,1.0727563677115062
1192.6762292202013,0.83370274,0.020548757,1.0733454625441166
1192.686182966228,0.82669324,0.020468345,1.073974051346687
1192.6961367122547,0.83325547,0.020544149,1.074642381557505
1192.706090458281,0.8065007,0.020219276,1.0753546902420557
1192.7160442043078,0.79243934,0.020043392,1.0761061721946787
1192.7259979503342,0.81832796,0.02036041,1.0768891815873856
1192.7359516963609,0.80060875,0.020143142,1.0776930195416528
1192.7459054423875,0.81309944,0.020296607,1.0784982924491782
1192.755859188414,0.82306904,0.020415816,1.0792766280240231
1192.7658129344406,0.8423445,0.020650055,1.0799991343213429
1192.775766680467,0.8618916,0.020878622,1.0806360461622564
1192.7857204264938,0.85703313,0.020821685,1.0811462707040043
1192.7956741725204,0.8134112,0.020296488,1.0815197581071
1192.8056279185469,0.8357686,0.020562772,1.081757773262439
1192.8155816645735,0.8838725,0.021132367,1.081864686502066
1192.8255354106,0.87577355,0.021039644,1.0818395247812496
1192.8354891566266,0.8257978,0.020443784,1.0817121782552597
1192.8454429026533,0.85641646,0.020808926,1.0815092285038181
1192.8553966486797,0.8609507,0.02085928,1.0812529456292252
1192.8653503947064,0.86855483,0.020947874,1.0809635057600089
1192.8753041407329,0.84483355,0.02066629,1.0806639415398906
1192.8852578867595,0.87786907,0.021057475,1.0803652486226603
1192.8952116327862,0.8465044,0.02068541,1.0800683002239135
1192.9051653788126,0.854118,0.020775503,1.0797629524608543
1192.9151191248393,0.80099875,0.020132812,1.0794339256686003
1192.9250728708657,0.8478007,0.020697072,1.0790687209135053
1192.9350266168924,0.8309153,0.020497177,1.0786594801600475
1192.944980362919,0.81989706,0.020357821,1.0781989697556202
1192.9549341089455,0.8135722,0.020284804,1.077696629740468
1192.9648878549722,0.79088366,0.020003747,1.0771628504064947
1192.9748416009988,0.7738175,0.019793978,1.076607750800557
1192.9847953470253,0.7755611,0.01981376,1.0760415892393
1192.994749093052,0.7666473,0.01970269,1.0754755725562544
1193.0047028390784,0.7487119,0.019474577,1.0749153211117817
1193.014656585105,0.7659048,0.01969173,1.0743616716351223
1193.0246103311315,0.7240766,0.019157596,1.0738099727404466
1193.0345640771582,0.72793496,0.0192105,1.0732510269193454
1193.0445178231848,0.7103572,0.018982435,1.0726764736198435
1193.0544715692113,0.68878543,0.018694978,1.0720793777150748
1193.064425315238,0.72070897,0.019110417,1.0714515733419767
1193.0743790612646,0.66284746,0.018349057,1.0707959058717629
1193.084332807291,0.6409144,0.018052276,1.0701187667748442
1193.0942865533177,0.6587142,0.018294709,1.0694303472147275
1193.1042402993442,0.6107674,0.017631186,1.0687468634379933
1193.1141940453708,0.58463174,0.017248843,1.0680851878164597
1193.1241477913975,0.62187976,0.017771566,1.0674578510589983
1193.134101537424,0.59603304,0.017407412,1.0668739983105842
1193.1440552834506,0.5787686,0.017161528,1.066345559997866
1193.154009029477,0.5209372,0.01630747,1.0658683923525265
1193.1639627755037,0.54367334,0.016645974,1.0654392127137564
1193.1739165215304,0.5094852,0.01612718,1.0650551636741885
1193.1838702675568,0.5141855,0.016198607,1.0647184765410835
1193.1938240135835,0.5019642,0.016009439,1.0644216256073689
1193.20377775961,0.46694478,0.015460717,1.0641616303958465
1193.2137315056366,0.45975447,0.015342596,1.0639374334864293
1193.2236852516633,0.43438733,0.014927974,1.063753369319076
1193.2336389976897,0.3780549,0.01396016,1.0636053814559976
1193.2435927437164,0.37721726,0.01394219,1.063492413117167
1193.2535464897428,0.35086784,0.013467821,1.0634143430121987
1193.2635002357695,0.32625964,0.013003271,1.0633757634573084
1193.2734539817961,0.30018046,0.012491462,1.0633724813707583
1193.2834077278226,0.2758759,0.011993238,1.0634032160484856
1193.2933614738492,0.26288056,0.011719451,1.0634673308402194
1193.3033152198757,0.26010272,0.011660653,1.0635679097861794
1193.3132689659024,0.22953527,0.010983412,1.0636988752275944
1193.323222711929,0.22061315,0.010776041,1.0638562703740204
1193.3331764579555,0.24191542,0.011261991,1.0640362830339345
1193.3431302039821,0.24932791,0.011424752,1.0642372570470005
1193.3530839500086,0.22740236,0.0109318495,1.0644538766844367
1193.3630376960352,0.25011668,0.011442991,1.064684748521093
1193.372991442062,0.2652571,0.011765576,1.0649306480247422
1193.3829451880883,0.24321423,0.011289424,1.065196483432987
1193.392898934115,0.26398438,0.0117400605,1.065483226677468
1193.4028526801417,0.26832134,0.011829391,1.0657924413796258
1193.4128064261681,0.2717731,0.011903508,1.0661249543482731
1193.4227601721948,0.3060997,0.012602967,1.066482539459501
1193.4327139182212,0.3018214,0.012515844,1.066856871803356
1193.442667664248,0.34399876,0.013328383,1.0672353529637255
1193.4526214102746,0.3116051,0.012711285,1.0675974738659761
1193.462575156301,0.30030024,0.012485566,1.067908823769313
1193.4725289023277,0.31935132,0.012861533,1.0681575642811856
1193.482482648354,0.361654,0.013650167,1.0683503575357371
1193.4924363943808,0.3141702,0.01275942,1.068505177110353
1193.5023901404074,0.3495573,0.013433324,1.0686422952049424
1193.5123438864339,0.34949878,0.013428231,1.0687821970548432
1193.5222976324605,0.33154508,0.01309106,1.0689352275520245
1193.532251378487,0.34006667,0.013250405,1.0691045097257479
1193.5422051245137,0.29967815,0.01247042,1.069284702512932
1193.5521588705403,0.29433566,0.012361908,1.0694583365154027
1193.5621126165668,0.2657971,0.01177215,1.0696068857981018
1193.5720663625934,0.2490187,0.011410211,1.0697129204938198
1193.5820201086199,0.2056322,0.01041477,1.069752682818324
1193.5919738546465,0.19363517,0.010118534,1.0697224953568956
1193.6019276006732,0.1760908,0.009672689,1.0696182770756235
1193.6118813466996,0.14140828,0.008716481,1.0694377888163795
1193.6218350927263,0.12013684,0.008071422,1.0691723805336655
1193.6317888387528,0.10833944,0.0076860776,1.0688397662186782
1193.6417425847794,0.116178274,0.007944422,1.0684579987892573
1193.651696330806,0.08222764,0.006759964,1.068054496230857
1193.6616500768325,0.07435781,0.006449784,1.0676728669651372
1193.6716038228592,0.068042845,0.0061918255,1.067346002082037
1193.6815575688856,0.05932663,0.005817227,1.0670795338307597
1193.6915113149123,0.044111658,0.0050790985,1.0668543422574626
1193.701465060939,0.03632862,0.004650194,1.0666342648221188
1193.7114188069654,0.032621227,0.0044329395,1.0663832728800666
1193.721372552992,0.03564621,0.0046135136,1.0660799215952605
1193.7313262990187,0.030142708,0.004274606,1.0657122267584378
1193.7412800450452,0.028984442,0.004202021,1.0652683124732996
1193.7512337910719,0.031057376,0.0043323273,1.0647649133191979
1193.7611875370983,0.027448287,0.004104928,1.0642198992487892
1193.771141283125,0.02955827,0.004237375,1.0636552263676886
1193.7810950291514,0.02492533,0.00392644,1.063097192063809
1193.791048775178,0.034532003,0.00454344,1.0625639413759895
1193.8010025212047,0.034131784,0.0045177224,1.0620599123410803
1193.8109562672312,0.030567467,0.004299855,1.0615794691804799
1193.8209100132578,0.037686393,0.0047660433,1.0611105437851744
1193.8308637592845,0.030125264,0.004380767,1.0606376374532842
1193.840817505311,0.045285583,0.0053022467,1.0601518739350597
1193.8507712513376,0.04262345,0.005171905,1.0596498197257775
1193.860724997364,0.050584745,0.0057674483,1.0591330167910153
1193.8706787433907,0.05680242,0.006022695,1.0586133526766615
1193.8806324894174,0.07379366,0.006829872,1.0581042869551447
1193.8905862354438,0.06450101,0.006358849,1.0576199966552227
1193.9005399814705,0.07826425,0.007085275,1.0571798817399476
1193.910493727497,0.0811343,0.007246717,1.0567894927763535
1193.9204474735236,0.106411666,0.008277295,1.0564524815787122
1193.9304012195503,0.12155672,0.008774138,1.0561708078707743
1193.9403549655767,0.13037454,0.0092560835,1.055952463074692
1193.9503087116034,0.12139617,0.008726506,1.0557900917410028
1193.9602624576298,0.15016764,0.009500011,1.0556810991727383
1193.9702162036565,0.15793172,0.009865074,1.0556244149026863
1193.9801699496832,0.18181567,0.010742167,1.0556264088175533
1193.9901236957096,0.19809294,0.010999209,1.0556809404785588
1194.0000774417363,0.20764068,0.011214937,1.0557868915228712
1194.0100311877627,0.2163188,0.011441332,1.0559447931211599
1194.0199849337894,0.25401646,0.0122352615,1.0561626900215726
1194.029938679816,0.26330197,0.012437584,1.056435435576363
1194.0398924258425,0.26946524,0.01258223,1.0567620767805397
1194.0498461718691,0.29427204,0.013087985,1.0571429332556679
1194.0597999178956,0.33457273,0.01405274,1.0575856039781517
1194.0697536639223,0.36327863,0.014774321,1.0580840398838873
1194.079707409949,0.39393547,0.015385274,1.0586363514768669
1194.0896611559754,0.3806891,0.015043564,1.0592419796584518
1194.099614902002,0.4099847,0.015636655,1.059907321720776
1194.1095686480285,0.44332752,0.016223555,1.0606260632249374
1194.1195223940551,0.4664053,0.01649881,1.0613963534232385
1194.1294761400818,0.47420824,0.016793711,1.0622184328468856
1194.1394298861082,0.51172286,0.017564397,1.0631006086508696
1194.149383632135,0.54780245,0.018067656,1.0640394212385216
1194.1593373781616,0.5807281,0.018532334,1.0650352509269765
1194.169291124188,0.63060254,0.01922807,1.066089765390721
1194.1792448702147,0.630794,0.019290397,1.0672117614477328
1194.1891986162411,0.66253674,0.019594898,1.0683943057180756
1194.1991523622678,0.7226884,0.020170145,1.069630614782563
1194.2091061082945,0.69571793,0.019720877,1.0709072351000994
1194.219059854321,0.74191314,0.020546066,1.0721940121931282
1194.2290136003476,0.7535841,0.02059427,1.073443184118357
1194.238967346374,0.7491993,0.02072223,1.074615046600511
1194.2489210924007,0.82308644,0.021626258,1.0756851588326932
1194.2588748384273,0.7989532,0.021226976,1.0766334423951616
1194.2688285844538,0.80537105,0.021035116,1.0774763667100633
1194.2787823304805,0.8312318,0.020914365,1.0782249371553845
1194.288736076507,0.8004598,0.020331403,1.0788844582993269
1194.2986898225336,0.7978552,0.02002122,1.079447587202323
1194.3086435685602,0.8578982,0.020691484,1.079924221508459
1194.3185973145867,0.8109542,0.020131415,1.0803183746130427
1194.3285510606133,0.8162555,0.0201942,1.080630261973205
1194.3385048066398,0.83203393,0.02038263,1.0808491163356018
1194.3484585526664,0.83982486,0.020473618,1.0809814034326868
1194.358412298693,0.8151542,0.020177936,1.0810293863374292
1194.3683660447196,0.84801555,0.020569641,1.0809917206048263
1194.3783197907462,0.86902773,0.020816982,1.0808555187971194
1194.3882735367727,0.8564434,0.02067056,1.080625502806338
1194.3982272827993,0.88297206,0.020977816,1.0803026349659168
1194.408181028826,0.8659685,0.020780876,1.0798842041476244
1194.4181347748524,0.8979026,0.021149494,1.0793605485968205
1194.428088520879,0.8421137,0.02049578,1.0787606383381663
1194.4380422669055,0.8853504,0.021002213,1.0781354014370694
1194.4479960129322,0.90322334,0.021206686,1.0775447988597198
1194.4579497589589,0.85338116,0.02062943,1.077045033229449
1194.4679035049853,0.87998766,0.020939546,1.0766387446433239
1194.477857251012,0.8648055,0.020761568,1.0763054093120346
1194.4878109970387,0.8577481,0.020675734,1.07602312433879
1194.497764743065,0.8684596,0.020801598,1.0757727188873754
1194.5077184890918,0.911162,0.021294149,1.0755323187530763
1194.5176722351182,0.89759284,0.02113851,1.0752878418064218
1194.5276259811449,0.87999487,0.02093393,1.0750308905046242
1194.5375797271713,0.842372,0.0204903,1.0747574521528829
1194.547533473198,0.8633161,0.020738127,1.0744745780386447
1194.5574872192246,0.8582832,0.020678855,1.0741941583931043
1194.567440965251,0.86041534,0.020703033,1.0739287312521952
1194.5773947112777,0.8650109,0.020758182,1.0736913767974952
1194.5873484573044,0.8909572,0.021055691,1.0734824021712233
1194.5973022033309,0.8545992,0.020630745,1.0732909106035144
1194.6072559493575,0.83995354,0.020457339,1.0730966274911404
1194.617209695384,0.86212736,0.020720463,1.0728620575845162
1194.6271634414106,0.8362958,0.020411147,1.072552921233303
1194.6371171874373,0.83407944,0.02042476,1.0721548161702366
1194.6470709334637,0.8571866,0.021096721,1.0716673628779443
1194.6570246794904,0.8970571,0.02216495,1.0710937774304383
1194.6669784255168,0.9097205,0.022418804,1.0704543910944833
1194.6769321715435,0.8576134,0.021807428,1.0697668667004574
1194.6868859175702,0.8540628,0.02157232,1.0690421182275407
1194.6968396635966,0.85118794,0.021594932,1.0682864876522848
1194.7067934096233,0.9080223,0.022369066,1.0675085762714263
1194.7167471556497,0.8264356,0.021567032,1.066714430292473
1194.7267009016764,0.84493226,0.021735316,1.0659072715215951
1194.736654647703,0.84855264,0.022205653,1.065088732978798
1194.7466083937295,0.8682402,0.022928301,1.0642616805298744
1194.7565621397562,0.8792201,0.023081567,1.0634287825127964
1194.7665158857826,0.85544616,0.02266788,1.0625922580797238
1194.7764696318093,0.8510386,0.022605909,1.0617548496044242
1194.786423377836,0.85604846,0.022657292,1.060920084439997
1194.7963771238624,0.8823577,0.023114705,1.0600911759106675
1194.806330869889,0.83449894,0.022331225,1.059271430894501
1194.8162846159155,0.8448329,0.022248613,1.0584657857813333
1194.8262383619422,0.83901054,0.02213613,1.057678162430067
1194.8361921079688,0.8385386,0.02194931,1.056911347422753
1194.8461458539953,0.8732301,0.022501202,1.0561694379371962
1194.856099600022,0.84524477,0.022448128,1.055461131220364
1194.8660533460484,0.85590595,0.022431584,1.0547983530713252
1194.876007092075,0.8260928,0.021855732,1.0542000949870614
1194.8859608381017,0.80934554,0.022209542,1.0536946444036328
1194.8959145841281,0.8730235,0.022905786,1.0533163614702716
1194.9058683301548,0.8507062,0.022515664,1.0530731208744981
1194.9158220761815,0.83443815,0.02267207,1.0529531195235664
1194.925775822208,0.8776979,0.023330748,1.0529531232080551
1194.9357295682346,0.8861349,0.023318402,1.0530826336387258
1194.945683314261,0.84640473,0.023012863,1.0533445621479827
1194.9556370602877,0.8622631,0.023387825,1.053734452356076
1194.9655908063144,0.8754546,0.023195514,1.0542586888335683
1194.9755445523408,0.8623717,0.02283259,1.0549324887519744
1194.9854982983675,0.853669,0.022449138,1.0557477260431505
1194.995452044394,0.85895175,0.022407148,1.0566665941419984
1195.0054057904206,0.8596351,0.022210738,1.057652243373353
1195.0153595364472,0.85973626,0.02219334,1.0586718179140788
1195.0253132824737,0.85544837,0.022402558,1.059702891487613
1195.0352670285004,0.86931145,0.022456693,1.0607368776344104
1195.0452207745268,0.8241083,0.021599054,1.0617721921309835
1195.0551745205535,0.8747481,0.022597266,1.0628090659665559
1195.0651282665801,0.8829333,0.022664187,1.0638478578171662
1195.0750820126066,0.88249177,0.02241014,1.0648881750110337
1195.0850357586332,0.8856214,0.022272145,1.0659291816834136
1195.0949895046597,0.8356233,0.021373497,1.0669693290546685
1195.1049432506863,0.86927193,0.021678932,1.0680062934996377
1195.114896996713,0.8500823,0.02136508,1.0690378838667216
1195.1248507427395,0.8253406,0.020972788,1.0700614464058555
1195.1348044887661,0.8478266,0.020873245,1.0710729477749714
1195.1447582347926,0.84853834,0.02059585,1.0720674151233822
1195.1547119808192,0.85679126,0.020632239,1.0730414575963652
1195.164665726846,0.82883686,0.020301504,1.0739893965986513
1195.1746194728723,0.84877354,0.020537522,1.0749014064939608
1195.184573218899,0.81729555,0.020162856,1.0757642966717205
1195.1945269649254,0.81356126,0.020114873,1.076571467298555
1195.204480710952,0.86956996,0.020781333,1.0773188287258684
1195.2144344569788,0.84240294,0.020458877,1.0780173143126164
1195.2243882030052,0.85411197,0.020598257,1.078701330327174
1195.234341949032,0.8935236,0.021054951,1.0794061143517615
1195.2442956950586,0.8805858,0.020905934,1.0801511420811754
1195.254249441085,0.8568749,0.0206297,1.0809486358220977
1195.2642031871117,0.86306083,0.020699957,1.081804953100058
1195.274156933138,0.8880832,0.020991389,1.082712621954678
1195.2841106791648,0.913587,0.021281868,1.0836666657245844
1195.2940644251912,0.88124424,0.020910272,1.0846586988676532
1195.3040181712179,0.8960459,0.021081315,1.0856709556222783
1195.3139719172445,0.90248364,0.021153217,1.086674959990916
1195.323925663271,0.88253105,0.02092095,1.0876411104772132
1195.3338794092977,0.89162266,0.021026276,1.0885334237312048
1195.3438331553243,0.9121614,0.021262355,1.0893120071411961
1195.3537869013508,0.8630874,0.020695169,1.0899737927093782
1195.3637406473774,0.89166665,0.021026114,1.0905228637833915
1195.3736943934039,0.9209585,0.021359509,1.0909775702793871
1195.3836481394305,0.92391104,0.021392317,1.0913687888629688
1195.3936018854572,0.8861651,0.020959513,1.091735258937319
1195.4035556314836,0.87542653,0.020834617,1.092097365162202
1195.4135093775103,0.9218334,0.02136815,1.0924714134619655
1195.4234631235367,0.92545384,0.021406595,1.0928743209835035
1195.4334168695634,0.90344685,0.021158006,1.09331040481816
1195.44337061559,0.9439535,0.021614272,1.093779230659762
1195.4533243616165,0.87991095,0.020884516,1.094276601120098
1195.4632781076432,0.8984228,0.021098437,1.0947981865748238
1195.4732318536696,0.87657326,0.020844525,1.0953363337007511
1195.4831855996963,0.92731404,0.021424027,1.0958890642141885
1195.493139345723,0.86912906,0.02075597,1.0964556837141834
1195.5030930917494,0.90122205,0.021127373,1.097036137164483
1195.513046837776,0.9168424,0.021304034,1.0976260638173823
1195.5230005838025,0.8883249,0.020976918,1.098221932624964
1195.5329543298292,0.8975266,0.021083774,1.098819290237276
1195.5429080758558,0.93712187,0.021530503,1.0994120818408983
1195.5528618218823,0.87020713,0.020766169,1.0999954601037332
1195.562815567909,0.8550745,0.020588376,1.1005646938112257
1195.5727693139354,0.8783078,0.020857003,1.1011148672632944
1195.582723059962,0.86821675,0.020738415,1.1016371895151096
1195.5926768059887,0.899486,0.021099046,1.1021298799087202
1195.6026305520152,0.84638953,0.020481167,1.1025876030786006
1195.6125842980418,0.87582177,0.020827772,1.103003950642525
1195.6225380440683,0.8787253,0.020858897,1.103362398883192
1195.632491790095,0.8744694,0.020810546,1.1036596961165044
1195.6424455361216,0.88121575,0.020886825,1.1038875787388307
1195.652399282148,0.86504793,0.020697815,1.104048229744926
1195.6623530281747,0.9019437,0.021124955,1.104154406280818
1195.6723067742014,0.8309431,0.020296099,1.1042394310228412
1195.6822605202278,0.9074611,0.021185609,1.1043177444578267
1195.6922142662545,0.837945,0.020378456,1.1043948667774224
1195.702168012281,0.89169943,0.021005906,1.1044698347658213
1195.7121217583076,0.84028655,0.020402312,1.1045402317244182
1195.722075504334,0.86815315,0.020729855,1.1046048287195456
1195.7320292503607,0.88325024,0.0209033,1.1046647330868937
1195.7419829963874,0.8941834,0.021029403,1.1047243442872574
1195.7519367424138,0.85581106,0.020583719,1.1047907578919314
1195.7618904884405,0.83963776,0.02039174,1.1048712617688654
1195.7718442344672,0.8820421,0.020889357,1.1049730799056348
1195.7817979804936,0.89353174,0.02102026,1.1051074199538755
1195.7917517265203,0.87086505,0.020758731,1.1052756035756497
1195.8017054725467,0.89879936,0.021078594,1.1054794301288693
1195.8116592185734,0.85871303,0.020615015,1.1057197403151087
1195.8216129646,0.8502581,0.020514557,1.1060015552137457
1195.8315667106265,0.87661076,0.02082145,1.106319822841984
1195.8415204566531,0.83935225,0.02038342,1.1066728980320326
1195.8514742026796,0.88186145,0.02088088,1.1070598015827984
1195.8614279487063,0.8684024,0.020724975,1.1074833851245445
1195.871381694733,0.85422057,0.020558981,1.1079377300085282
1195.8813354407594,0.90814734,0.021177974,1.1084184811585516
1195.891289186786,0.8658674,0.020691754,1.1089205851708892
1195.9012429328125,0.84949136,0.020499324,1.1094379651160655
1195.9111966788391,0.88511074,0.020914203,1.109959228950911
1195.9211504248658,0.89262795,0.02099971,1.1104742453033993
1195.9311041708922,0.85548866,0.020570518,1.110973790766923
1195.941057916919,0.86611855,0.020691516,1.1114476082140297
1195.9510116629453,0.9030698,0.021119675,1.1118951327797204
1195.960965408972,0.8590981,0.020608747,1.1123210786819169
1195.9709191549987,0.874274,0.020785538,1.1127341865107547
1195.9808729010251,0.90304136,0.021117406,1.1131490657946863
1195.9908266470518,0.8548866,0.02055693,1.11358380306935
1196.0007803930785,0.8522287,0.020525565,1.1140540927620306
1196.010734139105,0.8671061,0.020698952,1.1145743541891975
1196.0206878851316,0.8685656,0.020715998,1.115164830399255
1196.030641631158,0.9222657,0.021331562,1.115833440795999
1196.0405953771847,0.89244777,0.020989858,1.1165843617825075
1196.050549123211,0.8981457,0.021054722,1.1174241257866946
1196.0605028692378,0.8697563,0.020727137,1.118368713458728
1196.0704566152644,0.8419418,0.020399459,1.119418628042685
1196.080410361291,0.8621863,0.020638932,1.1205669053462903
1196.0903641073176,0.85348076,0.02053462,1.1218046882530268
1196.1003178533442,0.8304884,0.020262945,1.123116689309986
1196.1102715993707,0.8524066,0.02052294,1.1244616488506531
1196.1202253453973,0.82876426,0.020241013,1.1257910322352807
1196.1301790914238,0.87098,0.02073773,1.1270575117356434
1196.1401328374504,0.8642771,0.020658892,1.1282034949496094
1196.150086583477,0.84273195,0.020405015,1.129191705902535
1196.1600403295035,0.8322551,0.020282017,1.1300166924258708
1196.1699940755302,0.8151625,0.020075984,1.130681283269034
1196.1799478215567,0.8500183,0.020490749,1.1311944796409898
1196.1899015675833,0.8370492,0.020335786,1.1315912372470311
1196.19985531361,0.83710384,0.020336663,1.1319133418768863
1196.2098090596364,0.820522,0.020137796,1.1321861461670029
1196.219762805663,0.85950625,0.020599533,1.1324244681814344
1196.2297165516895,0.87380207,0.02076405,1.1326359795592194
1196.2396702977162,0.8312052,0.020263545,1.1328223267608357
1196.2496240437429,0.8645568,0.020656846,1.1329787572853522
1196.2595777897693,0.88126737,0.020848665,1.1330961107220054
1196.269531535796,0.8587501,0.02058723,1.1331656412950528
1196.2794852818224,0.8671716,0.020684687,1.1331860824184246
1196.289439027849,0.8703539,0.020721242,1.1331550994238644
1196.2993927738758,0.85828704,0.02057936,1.1330708863630936
1196.3093465199022,0.81148154,0.020024847,1.1329374247221202
1196.3193002659289,0.82364124,0.020169515,1.1327678242516825
1196.3292540119553,0.821248,0.020140573,1.1325706044734496
1196.339207757982,0.88292545,0.020864166,1.1323532917141998
1196.3491615040086,0.88619137,0.020902032,1.1321234546335157
1196.359115250035,0.8522297,0.02050547,1.1318885064353754
1196.3690689960617,0.8769681,0.020792251,1.1316528156184278
1196.3790227420882,0.85755056,0.020566491,1.1314197523231655
1196.3889764881148,0.8732467,0.020749096,1.1311894903514874
1196.3989302341415,0.8112415,0.020014942,1.1309539275222968
1196.408883980168,0.8492159,0.02046622,1.1306946215335745
1196.4188377261946,0.8449014,0.020415563,1.1303762295963606
1196.4287914722213,0.90077585,0.021063112,1.1299376698266395
1196.4387452182477,0.87204736,0.02073218,1.1293387425781538
1196.4486989642744,0.84898776,0.02046282,1.1285383239132987
1196.4586527103008,0.8805691,0.020829463,1.1275033622413047
1196.4686064563275,0.8324874,0.020266512,1.1262064862051802
1196.478560202354,0.8306172,0.020243175,1.1247012258073776
1196.4885139483806,0.873766,0.020749107,1.123026652668903
1196.4984676944073,0.89407814,0.020984167,1.1212324246961016
1196.5084214404337,0.85978967,0.020585397,1.1193782169812176
1196.5183751864604,0.8969074,0.021014543,1.1175319492118987
1196.528328932487,0.8866812,0.020897226,1.1157322109463856
1196.5382826785135,0.90967125,0.021157304,1.1140008759809281
1196.5482364245402,0.84640163,0.02042557,1.1123528676108103
1196.5581901705666,0.86533904,0.020648107,1.1107704834714422
1196.5681439165933,0.8653179,0.02064692,1.1092447961480814
1196.57809766262,0.88536155,0.020877799,1.1077697737508256
1196.5880514086464,0.84089607,0.020360375,1.106351571585808
1196.598005154673,0.81719404,0.020075193,1.1049868265958185
1196.6079589006995,0.869227,0.020690639,1.1036833344040522
1196.6179126467262,0.8818245,0.020835849,1.1024517108980612
1196.6278663927528,0.860134,0.020583276,1.101320314276213
1196.6378201387793,0.8463228,0.020420998,1.1002897213207974
1196.647773884806,0.8477104,0.02043636,1.0993697486249716
1196.6577276308324,0.8339693,0.020274736,1.098565851600755
1196.667681376859,0.8430405,0.020380605,1.097895051722604
1196.6776351228857,0.8475161,0.020433253,1.0973335026136473
1196.6875888689121,0.8825025,0.020838305,1.0968689825939855
1196.6975426149388,0.84930944,0.020451218,1.0964873079403763
1196.7074963609653,0.86774516,0.020668104,1.0961791716328748
1196.717450106992,0.85431176,0.020510871,1.0959168963306098
1196.7274038530186,0.8676651,0.020665457,1.0956842053211733
1196.737357599045,0.8621369,0.020599913,1.0954694204888424
1196.7473113450717,0.82794285,0.020196564,1.0952662874291157
1196.7572650910984,0.83583105,0.02029057,1.0950716033602028
1196.7672188371248,0.84482926,0.020396234,1.094887457017959
1196.7771725831515,0.86580396,0.0206406,1.0947179963844245
1196.787126329178,0.8729371,0.020722816,1.0945684163795364
1196.7970800752046,0.87489355,0.020745303,1.0944329698067878
1196.807033821231,0.8398761,0.020335063,1.0942962220442545
1196.8169875672577,0.8414437,0.020352999,1.0941292380526462
1196.8269413132844,0.8198868,0.02009645,1.0938718434636814
1196.8368950593108,0.8493815,0.02044507,1.0934664202391922
1196.8468488053375,0.82536274,0.020160925,1.0928659685583209
1196.8568025513641,0.85816723,0.020607004,1.092032356384729
1196.8667562973906,0.84617436,0.020945173,1.090920669990152
1196.8767100434172,0.8681862,0.021806648,1.0895580329159498
1196.8866637894437,0.8921737,0.02200204,1.087995292240024
1196.8966175354703,0.88367933,0.022051878,1.0862882900435356
1196.906571281497,0.8502002,0.021377066,1.0845070399481866
1196.9165250275234,0.85746944,0.02157118,1.0827432649651574
1196.9264787735501,0.8333852,0.021326438,1.0810676626903828
1196.9364325195766,0.83168143,0.02151532,1.0795310045240667
1196.9463862656032,0.84363604,0.021626119,1.0781779493633785
1196.95634001163,0.8509353,0.022120079,1.0770073477849584
1196.9662937576563,0.852333,0.02266921,1.0759894956372962
1196.976247503683,0.80352896,0.021934923,1.0750993211040483
1196.9862012497094,0.8615833,0.022749161,1.074316239143971
1196.996154995736,0.83637947,0.022423323,1.0736134319865487
1197.0061087417628,0.882589,0.022823654,1.0729701399688087
1197.0160624877892,0.84864795,0.022684537,1.072382324345335
1197.0260162338159,0.8009096,0.021794135,1.0718595167569664
1197.0359699798423,0.77673775,0.021320555,1.071417179015592
1197.045923725869,0.8346626,0.02192314,1.0710657749381338
1197.0558774718957,0.83159167,0.021657877,1.0708207482313332
1197.065831217922,0.8377521,0.02188047,1.07070168229687
1197.0757849639488,0.82476485,0.02195953,1.070720563898547
1197.0857387099752,0.8188409,0.021902837,1.0708668910174748
1197.0956924560019,0.84191996,0.022022177,1.0711394574165618
1197.1056462020285,0.83496356,0.022497708,1.071542344665295
1197.115599948055,0.7858374,0.021456312,1.0720799784906725
1197.1255536940816,0.8048618,0.021857683,1.072738431800416
1197.135507440108,0.84907985,0.022582764,1.0735195522459424
1197.1454611861348,0.8418674,0.022670394,1.0744340550810039
1197.1554149321614,0.79489654,0.02190304,1.0755026534564256
1197.1653686781879,0.828452,0.022727678,1.0767224789810386
1197.1753224242145,0.81780094,0.022592982,1.078106142685956
1197.1852761702412,0.79650193,0.021982078,1.0796668373649265
1197.1952299162676,0.7698529,0.021371607,1.0814119103666249
1197.2051836622943,0.7781658,0.021410694,1.083289346771411
1197.2151374083207,0.7893126,0.021279529,1.0852511580702557
1197.2250911543474,0.7608616,0.020842154,1.0872351053379063
1197.2350449003739,0.7629385,0.020853503,1.0891598451815834
1197.2449986464005,0.7510981,0.021027947,1.0909677627848153
1197.2549523924272,0.75804466,0.02070788,1.0926170897295822
1197.2649061384536,0.7663063,0.020649953,1.0940829538194974
1197.2748598844803,0.8068511,0.021588622,1.0953427407846354
1197.284813630507,0.7594536,0.020735549,1.0964511398622758
1197.2947673765334,0.7742311,0.020819036,1.0974498273755695
1197.30472112256,0.7665516,0.020529993,1.0983841516967554
1197.3146748685865,0.79933286,0.020776035,1.0992944068077206
1197.3246286146132,0.768993,0.020269785,1.100212544836591
1197.3345823606398,0.779767,0.020317448,1.1011491165548355
1197.3445361066663,0.7626779,0.020010201,1.1021048194659049
1197.354489852693,0.7754669,0.019797757,1.1030763250999345
1197.3644435987194,0.76488143,0.01942725,1.1040547242810212
1197.374397344746,0.79722756,0.019779775,1.105034875792708
1197.3843510907727,0.7374342,0.01904141,1.106012680863265
1197.3943048367992,0.7898693,0.01968942,1.1069833658321189
1197.4042585828258,0.7460392,0.019147834,1.107943442751013
1197.4142123288523,0.7540884,0.019247748,1.1088874365233137
1197.424166074879,0.76311207,0.019360393,1.1098065307832508
1197.4341198209056,0.79155743,0.019706829,1.1106801567003042
1197.444073566932,0.8245516,0.020103095,1.1114932273609548
1197.4540273129587,0.82964796,0.020164171,1.1122303953620407
1197.4639810589852,0.7752489,0.019507967,1.1128792163789019
1197.4739348050118,0.7821299,0.01958981,1.1134211862330305
1197.4838885510385,0.82072455,0.020055665,1.113867045169237
1197.493842297065,0.83306944,0.02020272,1.1142303284278037
1197.5037960430916,0.7984404,0.019787153,1.114527434958867
1197.513749789118,0.8061038,0.019879116,1.1147786363244512
1197.5237035351447,0.8025382,0.019835457,1.1150182109317464
1197.5336572811714,0.77245075,0.019468507,1.1152741239664348
1197.5436110271978,0.8294392,0.020156205,1.115566138725397
1197.5535647732245,0.814525,0.019977633,1.1159101248902177
1197.563518519251,0.8258448,0.020112673,1.1163060675532512
1197.5734722652776,0.8493992,0.020390164,1.1167523732278934
1197.5834260113043,0.8141072,0.019971931,1.1172552227436978
1197.5933797573307,0.81322503,0.019960854,1.1178240892569142
1197.6033335033574,0.81629294,0.019996224,1.1184428091226708
1197.613287249384,0.7970038,0.01976366,1.1190741973827842
1197.6232409954105,0.7911276,0.019692518,1.1196719709094907
1197.6331947414371,0.7969444,0.01976251,1.1201695479573535
1197.6431484874636,0.77639216,0.019511493,1.120501305132454
1197.6531022334902,0.80215263,0.019824715,1.1206293425787008
1197.663055979517,0.7795442,0.019549914,1.1205202182217262
1197.6730097255434,0.81175554,0.019939246,1.120139718626468
1197.68296347157,0.81793964,0.020011155,1.1194928047447434
1197.6929172175965,0.7694796,0.019424856,1.118636795885728
1197.7028709636231,0.7594129,0.019300295,1.117620895777285
1197.7128247096498,0.7697995,0.01942672,1.1165001057261383
1197.7227784556762,0.8002043,0.019797985,1.1153369067537486
1197.732732201703,0.74298906,0.019093594,1.1141809085495877
1197.7426859477293,0.77216905,0.019454736,1.1130615601315208
1197.752639693756,0.75010955,0.019181926,1.1120058272269135
1197.7625934397827,0.73730254,0.019020991,1.1110368606888292
1197.7725471858091,0.7409451,0.019067064,1.1101467856665768
1197.7825009318358,0.7251895,0.018867213,1.1093197663524785
1197.7924546778622,0.73720974,0.01901809,1.1085308833816274
1197.802408423889,0.7568911,0.019264761,1.1077527829855047
1197.8123621699156,0.74218625,0.019080335,1.1069676155567671
1197.822315915942,0.7721267,0.019450605,1.106172882872857
1197.8322696619687,0.7333722,0.018968085,1.105376588554557
1197.842223407995,0.719939,0.018797848,1.1045973286587976
1197.8521771540218,0.6919367,0.018437074,1.1038525244210857
1197.8621309000484,0.69010574,0.01841218,1.1031587388756794
1197.8720846460749,0.7193204,0.018788457,1.102530210178945
1197.8820383921015,0.6994495,0.018533092,1.1019871642826689
1197.891992138128,0.7264227,0.01887746,1.101523942500376
1197.9019458841547,0.69919604,0.018529467,1.101142445540719
1197.9118996301813,0.7143134,0.018722149,1.1008427899590314
1197.9218533762078,0.6942478,0.018464074,1.1006355713297848
1197.9318071222344,0.70249337,0.018570384,1.1005033749154967
1197.941760868261,0.68295324,0.018317694,1.1004397135612236
1197.9517146142875,0.72144157,0.01881153,1.100435466069955
1197.9616683603142,0.7150122,0.01872951,1.1004847759860357
1197.9716221063406,0.7124072,0.01869546,1.1005676093743475
1197.9815758523673,0.6888193,0.018390818,1.1006742040356017
1197.9915295983938,0.71067446,0.018672986,1.1007993436641632
1198.0014833444204,0.691147,0.01841909,1.1009472225674548
1198.011437090447,0.7214376,0.018808534,1.1011246293497758
1198.0213908364735,0.7159351,0.018737497,1.1013444830791919
1198.0313445825002,0.7141998,0.018716339,1.1016226704606673
1198.0412983285269,0.737946,0.019015318,1.1019864588016495
1198.0512520745533,0.74459124,0.019099118,1.1024438971355501
1198.06120582058,0.72626215,0.018868743,1.103001647729304
1198.0711595666064,0.7443349,0.01909482,1.1036654824226337
1198.081113312633,0.76705563,0.019375717,1.1044514727504404
1198.0910670586597,0.7645905,0.019344032,1.1053533339828971
1198.1010208046862,0.80258167,0.019807298,1.1063664025061777
1198.1109745507129,0.790686,0.019662969,1.1074912103383727
1198.1209282967393,0.8549387,0.020427821,1.108740849540785
1198.130882042766,0.79569286,0.019723583,1.1101127088290879
1198.1408357887926,0.8004425,0.019779911,1.1116035242241593
1198.150789534819,0.8353117,0.020194989,1.1132179211059692
1198.1607432808457,0.8456026,0.020315582,1.1149739829293752
1198.1706970268722,0.84424156,0.020299152,1.116875942729095
1198.1806507728988,0.8076388,0.019863818,1.1189182497245085
1198.1906045189255,0.83810955,0.020226492,1.1211006632412277
1198.200558264952,0.82512486,0.02007251,1.1234260162985938
1198.2105120109786,0.8582642,0.020461105,1.1258755185352887
1198.220465757005,0.8296144,0.020123946,1.128412482773028
1198.2304195030317,0.88714707,0.020792741,1.1310060890515583
1198.2403732490584,0.8585554,0.020463768,1.1336231629105662
1198.2503269950848,0.8496811,0.020360054,1.1362272482283917
1198.2602807411115,0.8656164,0.020544317,1.1387922017867078
1198.270234487138,0.88537,0.020771664,1.1412999417248768
1198.2801882331646,0.87450325,0.02064595,1.1437357587747494
1198.2901419791913,0.88967127,0.02081989,1.146093851452609
1198.3000957252177,0.9016133,0.020953847,1.1483904557611486
1198.3100494712444,0.88185984,0.020729313,1.150639839594074
1198.3200032172708,0.8714911,0.02060902,1.1528553567417672
1198.3299569632975,0.8739731,0.020638347,1.1550414436327034
1198.3399107093242,0.8283412,0.020103749,1.1571917582549285
1198.3498644553506,0.83460873,0.020178614,1.1592868433781076
1198.3598182013773,0.836274,0.02019635,1.1613034765364783
1198.369771947404,0.8674426,0.020560559,1.1632107839574375
1198.3797256934304,0.85674864,0.020436302,1.1650032594439157
1198.389679439457,0.8345535,0.020175999,1.166662265566043
1198.3996331854835,0.874581,0.020641463,1.168163324378048
1198.4095869315101,0.8541173,0.020403756,1.1694523588261652
1198.4195406775368,0.85892034,0.020458532,1.1705260410129197
1198.4294944235633,0.8384207,0.02021873,1.1713576102937133
1198.43944816959,0.8974161,0.020901134,1.171925770526065
1198.4494019156164,0.8840886,0.020748656,1.1721761087153006
1198.459355661643,0.8698485,0.020583026,1.1721603191364582
1198.4693094076697,0.8417462,0.020255448,1.171899262661816
1198.4792631536961,0.87880284,0.020686433,1.1714258637902155
1198.4892168997228,0.882357,0.020727312,1.1707630013207186
1198.4991706457492,0.8190991,0.019986335,1.169986056107845
1198.509124391776,0.854495,0.020402635,1.1691393754245205
1198.5190781378026,0.8224777,0.020026302,1.1682577477365377
1198.529031883829,0.8570103,0.020431364,1.1673737611683577
1198.5389856298557,0.8037085,0.019800521,1.166519883698942
1198.5489393758821,0.7574173,0.019235848,1.1657196866625201
1198.5588931219088,0.83692944,0.020194424,1.164987721460673
1198.5688468679355,0.8626837,0.020495707,1.1643370704201348
1198.578800613962,0.8409939,0.020242058,1.163758514036759
1198.5887543599886,0.84057987,0.020235458,1.1632447386227969
1198.598708106015,0.82891214,0.02009773,1.162791503157326
1198.6086618520417,0.8026391,0.01978517,1.1624008191683528
1198.6186155980683,0.8056493,0.019820275,1.1620655214091318
1198.6285693440948,0.7701175,0.019389942,1.1617797727945893
1198.6385230901215,0.805414,0.019817034,1.1615414967340774
1198.648476836148,0.83723485,0.02019286,1.161354094981033
1198.6584305821746,0.81400675,0.019918425,1.161216616947903
1198.6683843282012,0.78245664,0.019538522,1.161127397119837
1198.6783380742277,0.7839364,0.019556155,1.1610883255588405
1198.6882918202543,0.79411805,0.019677415,1.1611049822374833
1198.698245566281,0.7613695,0.019278504,1.1611761706951724
1198.7081993123074,0.76523066,0.019325111,1.1612924785253473
1198.718153058334,0.7669297,0.019344406,1.161443654035395
1198.7281068043606,0.7990633,0.019737432,1.1616131919886472
1198.7380605503872,0.7259786,0.018834077,1.1617735761621726
1198.7480142964137,0.7775965,0.019475244,1.1618950310745881
1198.7579680424403,0.7549606,0.01919538,1.1619448749684722
1198.767921788467,0.77095747,0.019392898,1.1618776028208555
1198.7778755344934,0.7476478,0.019103583,1.1616344595058703
1198.78782928052,0.77248013,0.019409843,1.161183645017349
1198.7977830265468,0.7291954,0.01887145,1.1604828044790387
1198.8077367725732,0.7734447,0.019420994,1.159484306382498
1198.8176905185999,0.7742307,0.019429773,1.1581365562239343
1198.8276442646263,0.74791175,0.019105723,1.1564753722434853
1198.837598010653,0.74140036,0.019023744,1.1545181775560192
1198.8475517566796,0.76849055,0.01935914,1.152294814765575
1198.857505502706,0.72320914,0.018793114,1.1498447339702493
1198.8674592487328,0.7543413,0.019183438,1.147273777170481
1198.8774129947592,0.7572804,0.019219046,1.1446612330412165
1198.8873667407859,0.79287547,0.019654442,1.1420873694544267
1198.8973204868125,0.751731,0.019149052,1.1396439657178241
1198.907274232839,0.74665153,0.019085791,1.1373631118131449
1198.9172279788656,0.7912472,0.019633818,1.1352649217979678
1198.927181724892,0.7723772,0.019403018,1.1333525837861942
1198.9371354709187,0.8213854,0.019992912,1.1316450436207999
1198.9470892169454,0.7965125,0.019694678,1.1301006267552134
1198.9570429629719,0.81577885,0.019925985,1.1287060259784534
1198.9669967089985,0.8050815,0.01979701,1.127451023841234
1198.976950455025,0.7640332,0.019299189,1.1263465315597316
1198.9869042010516,0.7994721,0.019729108,1.1253708311127193
1198.9968579470783,0.7810583,0.019505994,1.1245183508333554
1199.0068116931047,0.7749921,0.019431604,1.1237864636308061
1199.0167654391314,0.80716544,0.01982117,1.1231870025954538
1199.0267191851578,0.797077,0.01969876,1.1227048948325968
1199.0366729311845,0.8264592,0.020048797,1.1223327463738133
1199.0466266772112,0.80753726,0.019822704,1.1220678527243457
1199.0565804232376,0.825312,0.020034272,1.1219206028353885
1199.0665341692643,0.82619864,0.020045618,1.1218842142410075
1199.0764879152907,0.8231069,0.020006822,1.1219549148110866
1199.0864416613174,0.7983929,0.019712286,1.122134955821781
1199.096395407344,0.7790256,0.01947652,1.1224381176601685
1199.1063491533705,0.776608,0.01944662,1.122863058424243
1199.1163028993972,0.78863746,0.01959244,1.1234037466593192
1199.1262566454238,0.76551664,0.019309131,1.1240606598147467
1199.1362103914503,0.74239665,0.019020995,1.1248429116274128
1199.146164137477,0.7674101,0.019332163,1.1257479282109861
1199.1561178835034,0.76681376,0.01932503,1.1267631747858045
1199.16607162953,0.7657664,0.019310245,1.1278836440846376
1199.1760253755567,0.73347914,0.01890919,1.1291066204109022
1199.1859791215832,0.72390944,0.018786883,1.1304156894894726
1199.1959328676098,0.71377105,0.018660525,1.1317749131030153
1199.2058866136363,0.7501459,0.019115986,1.133146847474414
1199.215840359663,0.72826594,0.018840559,1.1344824892762841
1199.2257941056896,0.69827586,0.018459171,1.1357235345272216
1199.235747851716,0.7295538,0.018856138,1.1368371659906764
1199.2457015977427,0.7098249,0.018607255,1.1377966739969074
1199.2556553437691,0.71270436,0.018642347,1.138583409672359
1199.2656090897958,0.6646525,0.018018523,1.1391892009872429
1199.2755628358225,0.6971494,0.018443279,1.1396598323216307
1199.285516581849,0.6502622,0.017829642,1.1400314924059356
1199.2954703278756,0.6537606,0.017874822,1.1403427926463574
1199.305424073902,0.66794145,0.018061643,1.140620373295054
1199.3153778199287,0.659013,0.017944254,1.1408649937100575
1199.3253315659554,0.6415738,0.017710201,1.1410340747662797
1199.3352853119818,0.61369157,0.017330645,1.1410506496234218
1199.3452390580085,0.6058435,0.01722323,1.140769597481798
1199.355192804035,0.6004133,0.017146936,1.1401402375705396
1199.3651465500616,0.590846,0.017013526,1.13911037407163
1199.3751002960882,0.60023576,0.01714462,1.1376544563419249
1199.3850540421147,0.55114573,0.01644789,1.1357088913827622
1199.3950077881414,0.53411824,0.016200555,1.1333608935159578
1199.4049615341678,0.58166325,0.016881665,1.130656625329277
1199.4149152801945,0.54690784,0.016416997,1.12765256477022
1199.4248690262211,0.52471626,0.016449708,1.1243980216987075
1199.4348227722476,0.52001137,0.016732024,1.121013800043542
1199.4447765182742,0.49123603,0.01631256,1.117600782016201
1199.454730264301,0.47938758,0.016254375,1.114261479439869
1199.4646840103273,0.48629215,0.016171712,1.1111303872678395
1199.474637756354,0.46440056,0.01582652,1.108292047687099
1199.4845915023805,0.4273584,0.015310177,1.1057885499957587
1199.4945452484071,0.41895342,0.015190203,1.1036346860370467
1199.5044989944336,0.41059023,0.015168588,1.1018503832941602
1199.5144527404602,0.38047585,0.014716493,1.1003911752965665
1199.524406486487,0.349583,0.014397504,1.0992135368616731
1199.5343602325133,0.35826552,0.014556119,1.0982996851546094
1199.54431397854,0.34533828,0.0144131165,1.0976569336957773
1199.5542677245667,0.33305666,0.014097326,1.0972638413284352
1199.564221470593,0.3030682,0.013358064,1.09707638385553
1199.5741752166198,0.3451277,0.014412166,1.0970572406376948
1199.5841289626462,0.30506006,0.013649015,1.0971592669405834
1199.5940827086729,0.29636014,0.013214822,1.0973079021367917
1199.6040364546996,0.31173193,0.013491379,1.0974255983184298
1199.613990200726,0.30198768,0.013185991,1.097446857251906
1199.6239439467527,0.30349252,0.013258576,1.0973017172065118
1199.633897692779,0.3154273,0.013812593,1.0969266738723893
1199.6438514388058,0.30360177,0.013516314,1.0963194616376715
1199.6538051848324,0.32335675,0.013817042,1.095484943932855
1199.6637589308589,0.33479872,0.014272219,1.0944494026655582
1199.6737126768855,0.3359267,0.013979986,1.0932646755794524
1199.683666422912,0.3635873,0.014636699,1.0920190555043388
1199.6936201689387,0.3739721,0.015076032,1.0907740149872187
1199.7035739149653,0.35161126,0.014556045,1.0895830719559914
1199.7135276609918,0.3907184,0.015338207,1.088500436993586
1199.7234814070184,0.4291584,0.016309034,1.0875380598282351
1199.7334351530449,0.42894298,0.01639567,1.0867067203262781
1199.7433888990715,0.42956278,0.016122548,1.0860097032043066
1199.7533426450982,0.45530617,0.016501646,1.0854636404158178
1199.7632963911246,0.46527022,0.016460866,1.0850397516976726
1199.7732501371513,0.45194417,0.01614304,1.0847296369431279
1199.7832038831777,0.44019097,0.015953075,1.0845256986050764
1199.7931576292044,0.4544994,0.01610154,1.0844370944920207
1199.803111375231,0.44825816,0.016241375,1.084447853762632
1199.8130651212575,0.42440695,0.015612133,1.0845581888555587
1199.8230188672842,0.4046164,0.015157998,1.084772585380239
1199.8329726133106,0.3758232,0.014874512,1.0851138396528333
1199.8429263593373,0.38269454,0.014829843,1.0855816135351466
1199.852880105364,0.38421044,0.014775479,1.0861837613215173
1199.8628338513904,0.33862808,0.013816413,1.0869323819296588
1199.872787597417,0.31352127,0.013135672,1.0878580384556966
1199.8827413434437,0.28927556,0.012598403,1.0889587749642746
1199.8926950894702,0.2904579,0.012518886,1.0902283346758592
1199.9026488354968,0.2635691,0.011910009,1.0916634311566122
1199.9126025815233,0.24648993,0.011342864,1.093271796336143
1199.92255632755,0.20542349,0.010242436,1.0950375182962027
1199.9325100735764,0.1975444,0.010025787,1.096940007020729
1199.942463819603,0.18763351,0.009782263,1.0989689691786713
1199.9524175656297,0.16763154,0.009272492,1.1011243778839968
1199.9623713116562,0.16946572,0.009320235,1.103400279566935
1199.9723250576828,0.16605306,0.009230706,1.1057856847908005
1199.9822788037095,0.14809923,0.00874403,1.1082823190306548
1199.992232549736,0.1441518,0.0086307125,1.1109018256272323
1200.0021862957626,0.13108219,0.008253015,1.1136555312048715
1200.012140041789,0.14292806,0.008596772,1.1165383296318052
1200.0220937878157,0.12262037,0.007998642,1.1195582306160206
1200.0320475338424,0.10821868,0.0075409072,1.1227319582746602
1200.0420012798688,0.10460164,0.0074193045,1.1260864868509448
1200.0519550258955,0.09215809,0.0069932523,1.1296215853936094
1200.061908771922,0.088536955,0.006862985,1.1333600885814992
1200.0718625179486,0.08601391,0.0067726374,1.1373369788350718
1200.0818162639753,0.075191334,0.0063606007,1.1416169483352485
1200.0917700100017,0.07655141,0.0064136535,1.1461889163552692
1200.1017237560284,0.07709637,0.0064327773,1.1510521189068046
1200.1116775020548,0.06906738,0.006114566,1.1561718016378202
1200.1216312480815,0.07208639,0.0062353592,1.1614821648563503
1200.1315849941082,0.086889625,0.0068012686,1.1668393642400028
1200.1415387401346,0.084086895,0.0066974736,1.1721345016991156
1200.1514924861613,0.104649335,0.0074188383,1.1772654304919352
1200.1614462321877,0.10458435,0.0074160374,1.1820915278385644
1200.1713999782144,0.10461547,0.007414981,1.1865683318302505
1200.181353724241,0.13257298,0.008289512,1.190642811663462
1200.1913074702675,0.119509935,0.007893704,1.1942747599680914
1200.2012612162941,0.15057947,0.008802834,1.1973756520589003
1200.2112149623208,0.14892454,0.008756413,1.1999905209059767
1200.2211687083472,0.16408618,0.009169542,1.2021495614600108
1200.231122454374,0.17955971,0.009571193,1.2038918561477685
1200.2410762004004,0.1704412,0.009335741,1.2052468461289694
1200.251029946427,0.19600075,0.009976236,1.2063330036528461
1200.2609836924535,0.22332133,0.010616967,1.2072468701569221
1200.2709374384801,0.24884199,0.011180625,1.2080515482735998
1200.2808911845068,0.25699025,0.011352825,1.2087824773426277
1200.2908449305332,0.2955449,0.012140178,1.2094650913586582
1200.30079867656,0.31950578,0.0126041835,1.210112524502943
1200.3107524225866,0.3173089,0.012561714,1.210731533480121
1200.320706168613,0.3320767,0.012838251,1.2113284956370944
1200.3306599146397,0.34945586,0.013158434,1.2119133046800603
1200.3406136606661,0.38679108,0.013817328,1.2124957735861428
1200.3505674066928,0.39274755,0.013920245,1.2130830882846977
1200.3605211527195,0.41308844,0.01426528,1.2136810861938583
1200.370474898746,0.45442975,0.014936374,1.2142914330692127
1200.3804286447726,0.46204922,0.015056345,1.2149074489882814
1200.390382390799,0.47712472,0.015291279,1.215514970197915
1200.4003361368257,0.5142991,0.015859308,1.2160847991641885
1200.4102898828523,0.5087149,0.015774213,1.2165609884443553
1200.4202436288788,0.50881463,0.01577535,1.216894392820313
1200.4301973749054,0.5391823,0.016226968,1.2170313379194229
1200.440151120932,0.5245693,0.016009632,1.2169210424048005
1200.4501048669586,0.5303211,0.016093863,1.2165033106639491
1200.4600586129852,0.5295035,0.016082408,1.2158195771406213
1200.4700123590117,0.5294131,0.016078586,1.2149009056804154
1200.4799661050383,0.52026725,0.015944213,1.2137985424718343
1200.4899198510648,0.4666934,0.01512589,1.21256909017001
1200.4998735970914,0.48250505,0.01537255,1.2113039046845213
1200.509827343118,0.47847727,0.015307538,1.2100578388609056
1200.5197810891445,0.4639706,0.015080343,1.208871630542912
1200.5297348351712,0.4476186,0.014819798,1.207785795761867
1200.5396885811977,0.44865322,0.014836111,1.206801553198776
1200.5496423272243,0.40569326,0.014132597,1.2059186436436375
1200.559596073251,0.34919074,0.01314561,1.205132636185125
1200.5695498192774,0.37139255,0.013541461,1.2044449679349558
1200.579503565304,0.37615883,0.01362286,1.203833825127229
1200.5894573113305,0.32160965,0.012632166,1.2032835621575346
1200.5994110573572,0.2936161,0.012090758,1.2027828299036263
1200.6093648033839,0.27551487,0.011726682,1.2023261336452415
1200.6193185494103,0.26950827,0.011603077,1.2019048875868745
1200.629272295437,0.26444602,0.011498108,1.201515635332687
1200.6392260414636,0.23842771,0.0109403655,1.201160794175804
1200.64917978749,0.25910932,0.011386195,1.2008505088804602
1200.6591335335168,0.22983384,0.010751893,1.20059284948625
1200.6690872795432,0.23017222,0.010758008,1.200389648609045
1200.6790410255699,0.20549616,0.010189428,1.2002416008578187
1200.6889947715963,0.20700186,0.010225824,1.200147484774358
1200.698948517623,0.19834656,0.010019178,1.2000981559345483
1200.7089022636496,0.20521888,0.010181576,1.2000785823596138
1200.718856009676,0.17408074,0.009413621,1.200078876573545
1200.7288097557027,0.16985491,0.009305462,1.2000913976007062
1200.7387635017294,0.15502723,0.008909959,1.2001110292406552
1200.7487172477558,0.1790143,0.009539147,1.2001351999431702
1200.7586709937825,0.17383023,0.009407098,1.2001648019135378
1200.768624739809,0.18074095,0.009580365,1.2002020516538876
1200.7785784858356,0.16194731,0.009094756,1.2002487174187435
1200.7885322318623,0.18257102,0.00962794,1.200301781344125
1200.7984859778887,0.18375349,0.009655549,1.2003574861952773
1200.8084397239154,0.21367738,0.010374602,1.2004120172825803
1200.8183934699418,0.20065089,0.010067466,1.2004632503989683
1200.8283472159685,0.23062705,0.010759708,1.2005137667688832
1200.8383009619952,0.23569813,0.010872795,1.2005689260842165
1200.8482547080216,0.26191783,0.011435956,1.2006368958954128
1200.8582084540483,0.28093722,0.011825115,1.2007335649198072
1200.8681622000747,0.29332837,0.012072463,1.2008690506604842
1200.8781159461014,0.3292683,0.012764355,1.2010543126991775
1200.888069692128,0.32297435,0.012643048,1.2012983729413036
1200.8980234381545,0.32753327,0.012729153,1.2016144244218445
1200.9079771841812,0.38372552,0.013740485,1.2019939955089949
1200.9179309302076,0.3707083,0.013510344,1.2024283510778662
1200.9278846762343,0.3735139,0.013561092,1.202908467135384
1200.937838422261,0.38574845,0.013772446,1.203427568836075
1200.9477921682874,0.3827838,0.013720481,1.2039735224134684
1200.957745914314,0.41605172,0.014284326,1.2045386707888217
1200.9676996603407,0.44318947,0.0147255715,1.2051202296121617
1200.9776534063672,0.45311502,0.01488429,1.2057209195534457
1200.9876071523938,0.4612635,0.015015181,1.206345891509359
1200.9975608984203,0.45956382,0.014988469,1.2070011606422222
1201.007514644447,0.51934683,0.015901225,1.2076949278011144
1201.0174683904734,0.4946884,0.015527793,1.2084384536085593
1201.0274221365,0.4621287,0.015026175,1.209238914725276
1201.0373758825267,0.4361388,0.01460884,1.21009301032707
1201.0473296285531,0.4615475,0.015016087,1.2109985465238187
1201.0572833745798,0.43403617,0.014573045,1.211953398820283
1201.0672371206065,0.42703047,0.014460562,1.2129550114595833
1201.077190866633,0.43020737,0.014510869,1.2139955645456155
1201.0871446126596,0.38907808,0.0138236955,1.2150749233914282
1201.097098358686,0.36940327,0.013480091,1.2161961767533582
1201.1070521047127,0.3380348,0.012914227,1.2173640569896993
1201.1170058507394,0.3400118,0.012952107,1.2185643989948176
1201.1269595967658,0.32353157,0.012645128,1.219780020641227
1201.1369133427925,0.30416316,0.012273872,1.220994806764868
1201.146867088819,0.29450604,0.012085471,1.2222063823457863
1201.1568208348456,0.29185197,0.012034828,1.2234290649891144
1201.1667745808722,0.28620115,0.011919903,1.2246776976825964
1201.1767283268987,0.2871494,0.011937521,1.225959136203847
1201.1866820729254,0.2637516,0.011461171,1.2272656425613733
1201.1966358189518,0.24929263,0.011155371,1.2285603953598803
1201.2065895649785,0.25869069,0.01135201,1.229797563590832
1201.2165433110051,0.22564974,0.010634692,1.2309237066113181
1201.2264970570316,0.22780582,0.010683062,1.2318552286770164
1201.2364508030582,0.2082113,0.01023322,1.2325541652282144
1201.2464045490847,0.22925632,0.01071121,1.232996909136003
1201.2563582951113,0.22193812,0.010547282,1.2331725359276386
1201.266312041138,0.23610283,0.010863527,1.2330643023877117
1201.2762657871644,0.2335975,0.010810374,1.2327165460762326
1201.2862195331911,0.26868472,0.011558234,1.2321792844103003
1201.2961732792176,0.2835822,0.011862472,1.2314890392635705
1201.3061270252442,0.3010842,0.012207969,1.2306706659931652
1201.316080771271,0.28603786,0.011908519,1.229757030194152
1201.3260345172973,0.30938715,0.012365906,1.228778871454583
1201.335988263324,0.33451,0.0128399795,1.227758515298552
1201.3459420093504,0.36042067,0.013308003,1.226725713485137
1201.355895755377,0.35012007,0.013123667,1.2257250350224949
1201.3658495014038,0.3771922,0.013603851,1.2247906766763035
1201.3758032474302,0.4259598,0.014426146,1.2239404411054982
1201.3857569934569,0.41959357,0.014320257,1.22317990453598
1201.3957107394835,0.46124488,0.014990639,1.2225079426654668
1201.40566448551,0.4802306,0.015284146,1.221907310913633
1201.4156182315367,0.4981597,0.015557876,1.2213728156352208
1201.425571977563,0.51865363,0.015864795,1.2209013522119765
1201.4355257235898,0.5315275,0.016055422,1.2204941744586308
1201.4454794696162,0.54809403,0.016293203,1.2201354769444397
1201.4554332156429,0.57894266,0.016734138,1.2198151744187604
1201.4653869616695,0.60112983,0.017042585,1.2195204946523441
1201.475340707696,0.65820444,0.017807791,1.219237882758341
1201.4852944537226,0.62820685,0.017409822,1.21895352731975
1201.4952481997493,0.65733284,0.01779573,1.2186612174914038
1201.5052019457758,0.64783186,0.017670816,1.2183590841855236
1201.5151556918024,0.69449353,0.018279027,1.2180487680046919
1201.5251094378289,0.68316597,0.018131226,1.2177371726806627
1201.5350631838555,0.69504064,0.018286128,1.2174317015305773
1201.5450169298822,0.6842347,0.018143602,1.2171409013936598
1201.5549706759086,0.6990733,0.01833459,1.2168783263370604
1201.5649244219353,0.7300021,0.018724754,1.2166530640534272
1201.5748781679617,0.72212124,0.018623468,1.2164704387871224
1201.5848319139884,0.74140084,0.018866427,1.2163322990065029
1201.594785660015,0.7234319,0.018641643,1.2162366477444135
1201.6047394060415,0.6798083,0.018081862,1.2161657502903216
1201.6146931520682,0.7373162,0.01881452,1.216094911316716
1201.6246468980946,0.71473235,0.018527726,1.2159993645213216
1201.6346006441213,0.72253466,0.018625295,1.2158535710665217
1201.644554390148,0.73267496,0.018754778,1.2156448111418132
1201.6545081361744,0.7323558,0.01874684,1.2153803401987886
1201.664461882201,0.7411838,0.018857619,1.2150704223348976
1201.6744156282275,0.7497093,0.01896083,1.214728612525138
1201.6843693742542,0.7373544,0.018807858,1.2143708586349773
1201.6943231202808,0.8099167,0.019686803,1.214011670543333
1201.7042768663073,0.75689787,0.019047968,1.2136595222435018
1201.714230612334,0.76383597,0.019131698,1.2133206768000317
1201.7241843583604,0.7442214,0.01888992,1.2130012989220043
1201.734138104387,0.7465261,0.018917883,1.2127022552033293
1201.7440918504137,0.80236745,0.01959375,1.2124267213528128
1201.7540455964402,0.77623856,0.019279199,1.2121796509479805
1201.7639993424668,0.7804272,0.019329105,1.2119756838808378
1201.7739530884933,0.7520792,0.018981958,1.211821234108304
1201.78390683452,0.81438434,0.01973358,1.2117281962628101
1201.7938605805466,0.78340685,0.019363249,1.2117074319441896
1201.803814326573,0.77873456,0.019308137,1.2117803135680687
1201.8137680725997,0.7545409,0.019009598,1.2119432659125866
1201.8237218186264,0.80184525,0.019582389,1.212198879571151
1201.8336755646528,0.77011824,0.01920007,1.212550513523429
1201.8436293106795,0.78547484,0.019384362,1.2130138550211254
1201.853583056706,0.7345296,0.018761158,1.2135847673841813
1201.8635368027326,0.79152614,0.019458793,1.2142626934458933
1201.8734905487593,0.7550458,0.019012608,1.215050483435746
1201.8834442947857,0.7713485,0.019209737,1.2159560100884128
1201.8933980408124,0.79600704,0.019505952,1.216954288618892
1201.9033517868388,0.7726823,0.019224288,1.2179975243277146
1201.9133055328655,0.79688805,0.019515738,1.2190347774309007
1201.9232592788921,0.7543103,0.01900009,1.2200191119989814
1201.9332130249186,0.78192633,0.019335445,1.2209277950563548
1201.9431667709453,0.74859655,0.018929953,1.2217637498318508
1201.9531205169717,0.79056007,0.019439999,1.222528793248352
1201.9630742629984,0.7274975,0.018665412,1.2232210363108535
1201.973028009025,0.7290121,0.018683087,1.223837390614933
1201.9829817550515,0.8025734,0.019579366,1.2243856709467746
1201.9929355010781,0.7377577,0.018792562,1.2248660906619144
1202.0028892471046,0.7488943,0.018927963,1.2252772358335156
1202.0128429931312,0.75079155,0.018948875,1.2256130480285088
1202.022796739158,0.7480987,0.018915955,1.2258833694848073
1202.0327504851844,0.72866875,0.018673034,1.2260886526487704
1202.042704231211,0.753076,0.018975543,1.2262282354118081
1202.0526579772375,0.7418933,0.01883552,1.226290361091802
1202.0626117232641,0.7384716,0.01879437,1.226283019605484
1202.0725654692908,0.7309341,0.018702172,1.2262036987653486
1202.0825192153172,0.73281497,0.018722447,1.2260511081969048
1202.092472961344,0.75560665,0.019004608,1.225817821344195
1202.1024267073703,0.72974145,0.018766854,1.2255160898298632
1202.112380453397,0.7333534,0.019230725,1.2251360706290517
1202.1223341994237,0.75656736,0.019863594,1.22464405559354
1202.1322879454501,0.75357586,0.019775439,1.2239671743606473
1202.1422416914768,0.7077068,0.019312,1.2230678489814681
1202.1521954375035,0.7208855,0.019234372,1.221922984367952
1202.16214918353,0.74659497,0.019672675,1.220514851308266
1202.1721029295566,0.7529745,0.019852055,1.2188176274634075
1202.182056675583,0.7450995,0.01986205,1.216867245176217
1202.1920104216097,0.72197485,0.019613642,1.2147312889668722
1202.201964167636,0.7365619,0.02008083,1.212478095294822
1202.2119179136628,0.695473,0.019768791,1.2101921453686306
1202.2218716596894,0.7181689,0.020100515,1.20797527389941
1202.2318254057159,0.77157164,0.020827422,1.2059003744847645
1202.2417791517425,0.7448803,0.02047725,1.2040137123012993
1202.2517328977692,0.75158674,0.0203477,1.2023407117374176
1202.2616866437957,0.76852006,0.020704439,1.2008763429867548
1202.2716403898223,0.7498282,0.020404637,1.1995616851471893
1202.2815941358488,0.76031935,0.020391228,1.1983572672757257
1202.2915478818754,0.75211275,0.020161763,1.197228620521711
1202.301501627902,0.761385,0.020105649,1.1961467319059087
1202.3114553739285,0.7287486,0.01986329,1.1950791816767217
1202.3214091199552,0.75112796,0.020332653,1.1940080689622372
1202.3313628659816,0.7533267,0.020257663,1.1929237122839869
1202.3413166120083,0.782188,0.020710686,1.1918278334718573
1202.351270358035,0.7973858,0.021134553,1.1907383621845966
1202.3612241040614,0.739202,0.020108933,1.1896763558711991
1202.371177850088,0.77073604,0.020804131,1.1886641916559704
1202.3811315961145,0.7593199,0.020700764,1.1877318127594454
1202.3910853421412,0.752295,0.020672351,1.1868811470066418
1202.4010390881679,0.77368325,0.021006858,1.1861070858946925
1202.4109928341943,0.75909567,0.020866055,1.1853977665708508
1202.420946580221,0.74308074,0.020540139,1.1847425033254482
1202.4309003262474,0.7692951,0.020686697,1.184124905466057
1202.440854072274,0.7331676,0.020187577,1.1835381007116015
1202.4508078183007,0.68050736,0.019347932,1.1829847850142643
1202.4607615643272,0.7206994,0.019752739,1.182480030265598
1202.4707153103539,0.7202738,0.019702587,1.1820392504589028
1202.4806690563803,0.68279845,0.019194484,1.1816670030201402
1202.490622802407,0.7582615,0.020369876,1.181361940893075
1202.5005765484336,0.6978097,0.019244745,1.181119169153327
1202.51053029446,0.7260492,0.019631151,1.180929563175249
1202.5204840404867,0.73369545,0.019921986,1.1807823049109034
1202.5304377865132,0.73234004,0.019778067,1.1806772606999623
1202.5403915325398,0.69498485,0.019246941,1.1806218968674032
1202.5503452785665,0.6798001,0.018875124,1.1806341642874174
1202.560299024593,0.67902964,0.018688101,1.1807230910519875
1202.5702527706196,0.6962761,0.018881839,1.1809040770628194
1202.5802065166463,0.70152986,0.018864974,1.1811920215837601
1202.5901602626727,0.72792304,0.019077437,1.1816135729215076
1202.6001140086994,0.7258798,0.018750664,1.182158420370718
1202.6100677547258,0.7079285,0.018388346,1.1828306377748887
1202.6200215007525,0.69333214,0.018187756,1.1836336316469889
1202.6299752467792,0.6967398,0.018231094,1.1845919466056851
1202.6399289928056,0.70010036,0.018273138,1.1856918912737004
1202.6498827388323,0.68406564,0.018067397,1.1869366550594946
1202.6598364848587,0.7082318,0.01837467,1.1883280639629574
1202.6697902308854,0.7334601,0.01868958,1.1898730612347177
1202.679743976912,0.7401799,0.0187727,1.1915292893325904
1202.6896977229385,0.7048529,0.018327018,1.1932534605989262
1202.6996514689652,0.72372603,0.018566078,1.195009378674471
1202.7096052149916,0.67953014,0.018003356,1.1967719616874628
1202.7195589610183,0.70270985,0.018298885,1.1985302578825732
1202.729512707045,0.71804637,0.018490516,1.2002853852497675
1202.7394664530714,0.7273702,0.018609012,1.2020431208725393
1202.749420199098,0.7346293,0.018697519,1.2038133134053064
1202.7593739451245,0.7464323,0.018842248,1.2056083053437994
1202.7693276911511,0.7075674,0.018358096,1.207438222304195
1202.7792814371778,0.7380368,0.018740108,1.2093137556598055
1202.7892351832043,0.7128709,0.018421745,1.2112456980731363
1202.799188929231,0.74615085,0.018837925,1.213241710930564
1202.8091426752574,0.6997026,0.01825382,1.2152943867493011
1202.819096421284,0.7580334,0.01898464,1.2173999010320031
1202.8290501673107,0.7260222,0.018585045,1.2195547738690098
1202.8390039133371,0.6911719,0.018146046,1.2217609650128929
1202.8489576593638,0.7217743,0.018530872,1.2240126459918594
1202.8589114053902,0.7136515,0.018428003,1.2263143829303473
1202.868865151417,0.7504784,0.018884668,1.228677817802861
1202.8788188974436,0.74140215,0.018773453,1.2311459925710986
1202.88877264347,0.7358629,0.01870043,1.2337431282413243
1202.8987263894967,0.7069166,0.018340481,1.2364910632657586
1202.9086801355234,0.73061556,0.01863857,1.2393830239600616
1202.9186338815498,0.695548,0.018194793,1.2423829013053458
1202.9285876275765,0.7213613,0.018520229,1.2453992064601804
1202.938541373603,0.7174689,0.018472794,1.2483476379104868
1202.9484951196296,0.7398905,0.01880074,1.2511487912348447
1202.958448865656,0.71609503,0.019022241,1.2537058155869312
1202.9684026116827,0.74073505,0.019902907,1.2559778970412274
1202.9783563577093,0.73590374,0.019934721,1.2579604835309488
1202.9883101037358,0.7268864,0.020013653,1.2596612411911663
1202.9982638497625,0.7130067,0.019816235,1.2610973118433713
1203.0082175957891,0.70760834,0.020075232,1.2623371926757314
1203.0181713418156,0.71704626,0.020468874,1.26346741628677
1203.0281250878422,0.71115315,0.020442454,1.2645506239335353
1203.0380788338687,0.76286924,0.020970035,1.2656378553675145
1203.0480325798953,0.72504175,0.020267807,1.2667631905294534
1203.057986325922,0.70332104,0.020068461,1.2679326566473952
1203.0679400719484,0.6651108,0.019266471,1.269144174555865
1203.077893817975,0.7008174,0.01993588,1.2703910690549967
1203.0878475640015,0.7073306,0.020165151,1.2716620877938956
1203.0978013100282,0.7382104,0.02063043,1.2729375308754798
1203.1077550560549,0.69217473,0.020159958,1.2742011463388612
1203.1177088020813,0.69839156,0.020620376,1.2754393220543692
1203.127662548108,0.6882698,0.020704335,1.2766373427471136
1203.1376162941344,0.72208846,0.020604027,1.2777967611213825
1203.147570040161,0.6950978,0.020099303,1.2789165745392699
1203.1575237861878,0.71896636,0.02049306,1.2799966507889817
1203.1674775322142,0.7124773,0.020261895,1.281031238447592
1203.1774312782409,0.7157458,0.020247417,1.2820240329618806
1203.1873850242673,0.681975,0.019557724,1.282974592244472
1203.197338770294,0.69579947,0.019698313,1.2838805813240375
1203.2072925163206,0.7325299,0.020238416,1.2847326828871215
1203.217246262347,0.7153533,0.020116985,1.2855286931221648
1203.2272000083738,0.72577727,0.020307362,1.2862684823109152
1203.2371537544002,0.70974517,0.020138076,1.286954737445482
1203.2471075004269,0.7032884,0.019955989,1.2875962274825454
1203.2570612464535,0.6762353,0.019705651,1.2882134356945125
1203.26701499248,0.7592505,0.021075755,1.2888235618509143
1203.2769687385066,0.7319999,0.020822477,1.2894337096995927
1203.286922484533,0.7352108,0.02065471,1.2900447454697723
1203.2968762305597,0.7050358,0.020175697,1.2906536507869277
1203.3068299765864,0.72416407,0.020687716,1.2912580047902522
1203.3167837226129,0.758217,0.020944411,1.2918573079646511
1203.3267374686395,0.7153201,0.02038701,1.2924532497168624
1203.3366912146662,0.765511,0.021152036,1.2930502321030406
1203.3466449606926,0.69485587,0.019941818,1.2936535554540105
1203.3565987067193,0.7520113,0.020732902,1.2942681614159743
1203.3665524527457,0.7355858,0.02069334,1.2948985496847554
1203.3765061987724,0.73492813,0.020333072,1.295552131077978
1203.386459944799,0.74515504,0.02018607,1.2962293539648622
1203.3964136908255,0.7723634,0.020322705,1.2969332043447899
1203.4063674368522,0.76587343,0.020281237,1.2976667948482898
1203.4163211828786,0.76103586,0.020350028,1.2984385265064682
1203.4262749289053,0.7556462,0.019975433,1.2992486675061965
1203.436228674932,0.76349247,0.01981812,1.3000987780084756
1203.4461824209584,0.7558292,0.01929189,1.3009886372266117
1203.456136166985,0.7641142,0.019490507,1.3019162247070484
1203.4660899130115,0.7561805,0.019160734,1.3028671028938565
1203.4760436590382,0.7234847,0.018509038,1.303824789767214
1203.4859974050648,0.7313487,0.018607298,1.304772818681961
1203.4959511510913,0.7421837,0.018740842,1.3056911689123079
1203.505904897118,0.7733916,0.019119369,1.3065619192870637
1203.5158586431444,0.72692895,0.018549822,1.3073747675127807
1203.525812389171,0.7289075,0.018573292,1.3081190740831818
1203.5357661351977,0.7095587,0.018329063,1.308782585533129
1203.5457198812242,0.71980506,0.018459389,1.3093578476808871
1203.5556736272508,0.7440925,0.018756932,1.3098576869201486
1203.5656273732773,0.71855634,0.018442681,1.3102911656674476
1203.575581119304,0.7344412,0.018640239,1.3106686936057157
1203.5855348653306,0.71531624,0.018400403,1.3109986343028466
1203.595488611357,0.6920784,0.018107599,1.3112960032932084
1203.6054423573837,0.72188747,0.018479282,1.3115649912836782
1203.6153961034101,0.6850426,0.018017016,1.3118069647675463
1203.6253498494368,0.68710244,0.018040154,1.312018045304612
1203.6353035954635,0.7185605,0.018436614,1.3122042684157047
1203.64525734149,0.72853917,0.018560266,1.3123696888072833
1203.6552110875166,0.7035329,0.01824929,1.3125204587450972
1203.6651648335433,0.6836767,0.017994493,1.312663722862638
1203.6751185795697,0.6659415,0.017765475,1.3128074714598654
1203.6850723255964,0.72901505,0.018564384,1.3129557990490608
1203.6950260716228,0.688346,0.01805522,1.3131098858212025
1203.7049798176495,0.7058877,0.018273333,1.3132684247746729
1203.714933563676,0.6851359,0.018012084,1.31342734779485
1203.7248873097026,0.6832343,0.017987931,1.3135826318270378
1203.7348410557292,0.694527,0.01813027,1.313731092352095
1203.7447948017557,0.696996,0.018160772,1.3138701663870247
1203.7547485477824,0.634686,0.017350717,1.3139995920865513
1203.764702293809,0.6758385,0.017890729,1.3141213971005454
1203.7746560398355,0.66481006,0.017744306,1.3142373557307532
1203.7846097858621,0.6563002,0.017631296,1.3143488725910168
1203.7945635318886,0.63368267,0.01733498,1.3144561561933854
1203.8045172779152,0.64919275,0.017538609,1.3145582801853126
1203.814471023942,0.6631033,0.017723398,1.3146519762889282
1203.8244247699683,0.67665684,0.017895222,1.3147317614196752
1203.834378515995,0.6413225,0.017433014,1.3147880071753688
1203.8443322620215,0.61341345,0.017062359,1.3148175625141054
1203.8542860080481,0.6576746,0.017647844,1.3148171075645974
1203.8642397540748,0.6744409,0.017864002,1.3147857685541604
1203.8741935001012,0.6636819,0.01772466,1.3147208951343639
1203.884147246128,0.69938,0.018183462,1.3146307150156054
1203.8941009921543,0.65822685,0.017652256,1.3145203952370395
1203.904054738181,0.6502613,0.017549383,1.3143948537249468
1203.9140084842077,0.6291791,0.017268155,1.314257438432588
1203.923962230234,0.6294752,0.017269159,1.3141124670939495
1203.9339159762608,0.64957184,0.017537035,1.313961633523104
1203.9438697222872,0.6378963,0.01738369,1.3138049097781432
1203.9538234683139,0.65178835,0.017564338,1.3136404570006344
1203.9637772143406,0.6792788,0.017920513,1.3134662198390374
1203.973730960367,0.64594066,0.017486067,1.3132798282000437
1203.9836847063937,0.64821374,0.017513517,1.3130771934379621
1203.99363845242,0.65842736,0.017644763,1.312851010926778
1204.0035921984468,0.6664241,0.017749332,1.3125926400697068
1204.0135459444734,0.67456955,0.017855024,1.3122981700747303
1204.0234996904999,0.65452385,0.017594246,1.3119629739268366
1204.0334534365265,0.6162357,0.017088158,1.3115838430628979
1204.043407182553,0.67442393,0.017853172,1.3111596916249355
1204.0533609285797,0.6461664,0.017484039,1.3107014592828166
1204.0633146746063,0.6762619,0.01787641,1.3102159958417012
1204.0732684206328,0.6466302,0.01748977,1.3097098181843958
1204.0832221666594,0.6462458,0.017484521,1.3091859839285673
1204.093175912686,0.695902,0.01812205,1.3086494333069227
1204.1031296587125,0.65960586,0.01765589,1.3081002399624415
1204.1130834047392,0.6943065,0.018101156,1.3075374026092468
1204.1230371507656,0.6740564,0.017842824,1.3069578814850848
1204.1329908967923,0.67838407,0.017895205,1.306363459193244
1204.1429446428187,0.6568311,0.017618114,1.3057559000588301
1204.1528983888454,0.64665776,0.017483952,1.3051377152614785
1204.162852134872,0.6457215,0.017468803,1.3045117262044226
1204.1728058808985,0.64022404,0.017400526,1.303882414665289
1204.1827596269252,0.6630851,0.017696615,1.303253071520429
1204.1927133729519,0.6417252,0.01741635,1.3026258020623835
1204.2026671189783,0.63744193,0.01735945,1.3020023478975118
1204.212620865005,0.65947485,0.017646497,1.3013838549756955
1204.2225746110314,0.6855092,0.017981749,1.3007710259829046
1204.232528357058,0.6667345,0.017741233,1.3001653041516041
1204.2424821030847,0.6919489,0.018062877,1.2995692218754538
1204.2524358491112,0.6384518,0.017372042,1.2989863857087989
1204.2623895951378,0.64873445,0.017503537,1.298418396477797
1204.2723433411643,0.663488,0.017696038,1.2978676508239244
1204.282297087191,0.7033709,0.018204944,1.297335960233391
1204.2922508332176,0.7048169,0.018223595,1.2968249232055915
1204.302204579244,0.68328017,0.01794962,1.296328390898695
1204.3121583252707,0.69092983,0.018048493,1.2958401805452973
1204.3221120712972,0.66078675,0.017661292,1.2953520064528898
1204.3320658173238,0.67576057,0.01785256,1.2948520072255865
1204.3420195633505,0.6537549,0.017566115,1.2943324228341262
1204.351973309377,0.68129426,0.017921148,1.2937881870923889
1204.3619270554036,0.71656924,0.018367631,1.2932175028659452
1204.37188080143,0.69189703,0.018054841,1.292619252561075
1204.3818345474567,0.68139553,0.017922515,1.2920002237480193
1204.3917882934834,0.6830485,0.017944492,1.291366630309996
1204.4017420395098,0.6865748,0.017984703,1.2907236871790484
1204.4116957855365,0.6693297,0.017766053,1.290076362314172
1204.4216495315632,0.6792485,0.017891962,1.289430307831081
1204.4316032775896,0.67950046,0.017891495,1.2887901610415693
1204.4415570236163,0.6517757,0.01753535,1.2881600433472151
1204.4515107696427,0.6945698,0.01808357,1.2875446213754587
1204.4614645156694,0.6678133,0.01774324,1.286947832669568
1204.4714182616958,0.6637649,0.017687377,1.286369882523585
1204.4813720077225,0.69394547,0.018074347,1.285811782101534
1204.4913257537492,0.66094774,0.01765132,1.2852750841528005
1204.5012794997756,0.6488849,0.017493295,1.2847635492931264
1204.5112332458023,0.678596,0.017879017,1.2842763350359203
1204.521186991829,0.6288045,0.017225863,1.2838156128499336
1204.5311407378554,0.594398,0.016759783,1.28338359784949
1204.541094483882,0.63325894,0.017281352,1.2829877804138339
1204.5510482299085,0.67403156,0.017814381,1.2826257184589291
1204.5610019759351,0.6834834,0.017934386,1.2822997064453943
1204.5709557219618,0.6971123,0.018106917,1.2820120167335034
1204.5809094679882,0.6975606,0.018111357,1.2817700322054795
1204.590863214015,0.66990435,0.017758531,1.2815709177002377
1204.6008169600414,0.67224926,0.01778746,1.281412449639621
1204.610770706068,0.6839515,0.017940713,1.2812913336805223
1204.6207244520947,0.6708444,0.01777017,1.2812046218824311
1204.6306781981211,0.6721342,0.017785827,1.2811433428562322
1204.6406319441478,0.6854073,0.017957272,1.2810995735756703
1204.6505856901742,0.6637979,0.01767468,1.2810687830367622
1204.660539436201,0.69449,0.018067768,1.2810489828461902
1204.6704931822276,0.6492799,0.0174852,1.2810398868931183
1204.680446928254,0.6740731,0.017807782,1.2810418560973127
1204.6904006742807,0.6898823,0.018008113,1.2810574441375548
1204.7003544203071,0.7090418,0.018249825,1.2810914910222722
1204.7103081663338,0.67770433,0.017853081,1.281152114642859
1204.7202619123605,0.67537236,0.0178193,1.281242787304845
1204.730215658387,0.71014094,0.01826082,1.2813692128959229
1204.7401694044136,0.68671334,0.017966652,1.2815369503310226
1204.75012315044,0.6665571,0.017705282,1.2817576299872586
1204.7600768964667,0.69131047,0.018021131,1.2820268373381263
1204.7700306424933,0.675425,0.017819727,1.2823442016146394
1204.7799843885198,0.6420018,0.01738503,1.2827063691946083
1204.7899381345464,0.65904915,0.017608633,1.283111117955898
1204.7998918805729,0.6788366,0.017859563,1.283543951521316
1204.8098456265996,0.69690096,0.018089179,1.2839941859915287
1204.8197993726262,0.6438612,0.017406326,1.2844535506900723
1204.8297531186527,0.70313704,0.018165546,1.284916820304101
1204.8397068646793,0.6645517,0.017675314,1.2853824766146902
1204.849660610706,0.6747585,0.017803825,1.2858529479267802
1204.8596143567324,0.65666556,0.017569546,1.2863325694561414
1204.869568102759,0.71016777,0.018251305,1.286827220644274
1204.8795218487855,0.66739815,0.017708624,1.2873411373117902
1204.8894755948122,0.6627628,0.017648712,1.28787406792697
1204.8994293408387,0.66668093,0.017698238,1.2884251679128922
1204.9093830868653,0.62889403,0.01720256,1.2889927841076392
1204.919336832892,0.63785666,0.01732147,1.2895745463227113
1204.9292905789184,0.62374735,0.017135637,1.2901658966561484
1204.939244324945,0.6716863,0.017761374,1.2907645203471838
1204.9491980709718,0.626047,0.017161634,1.2913687603249935
1204.9591518169982,0.6477055,0.017449236,1.2919779262121767
1204.9691055630249,0.62742805,0.017178219,1.2925904985273302
1204.9790593090513,0.6343858,0.01726942,1.29320607892108
1204.989013055078,0.65566987,0.01755039,1.2938248100925098
1204.9989668011046,0.65404636,0.017529024,1.2944484348318346
1205.008920547131,0.61235106,0.016975079,1.29507895759299
1205.0188742931578,0.6464618,0.0174288,1.2957194751075813
1205.0288280391842,0.6171853,0.017040318,1.2963737251567937
1205.0387817852109,0.66059405,0.017611029,1.2970475471299996
1205.0487355312375,0.61834323,0.017053666,1.297743139599358
1205.058689277264,0.6281595,0.017182676,1.2984608461167366
1205.0686430232906,0.64019495,0.017341282,1.2992008739199354
1205.078596769317,0.617551,0.017041203,1.2999639645235044
1205.0885505153437,0.6038454,0.016855787,1.3007481661673779
1205.0985042613704,0.5938782,0.01671708,1.3015487883451073
1205.1084580073968,0.6222102,0.017100617,1.3023619494843979
1205.1184117534235,0.5993114,0.01678792,1.3031824784092065
1205.12836549945,0.6336265,0.017251594,1.3040025004492037
1205.1383192454766,0.597546,0.016767383,1.3048139381287158
1205.1482729915033,0.6364231,0.01728672,1.3056100962439612
1205.1582267375297,0.5777484,0.016493563,1.3063858724656303
1205.1681804835564,0.5862035,0.016689802,1.3071358891131148
1205.178134229583,0.6029268,0.01744983,1.3078640928790306
1205.1880879756095,0.64318573,0.018493744,1.3085722696070066
1205.1980417216362,0.64665866,0.018615756,1.3092626599610635
1205.2079954676626,0.6759201,0.01912824,1.3099358322190129
1205.2179492136893,0.66095793,0.019030198,1.3105966827196402
1205.2279029597157,0.6575251,0.019425943,1.3112487590000184
1205.2378567057424,0.67518777,0.019656125,1.3118959267226487
1205.247810451769,0.6477126,0.01961833,1.3125432424501249
1205.2577641977955,0.6327482,0.019039197,1.3131966705800515
1205.2677179438222,0.6164278,0.018487753,1.3138609078792776
1205.2776716898488,0.6655496,0.01954895,1.3145391355042613
1205.2876254358753,0.6387955,0.01890458,1.3152332211495392
1205.297579181902,0.63790774,0.018828675,1.315941652541579
1205.3075329279284,0.64001685,0.019054152,1.3166605703330014
1205.317486673955,0.692606,0.01987224,1.317387128509698
1205.3274404199817,0.6373247,0.019310327,1.318118754257691
1205.3373941660082,0.65514463,0.019925084,1.318853024631858
1205.3473479120348,0.66105026,0.0198856,1.3195877266456784
1205.3573016580613,0.65209365,0.019411571,1.3203215319245407
1205.367255404088,0.6541245,0.019296305,1.3210534371646534
1205.3772091501146,0.6573565,0.019468186,1.3217823080100608
1205.387162896141,0.65257597,0.019114817,1.3225081255379243
1205.3971166421677,0.6322685,0.018977115,1.323230620629808
1205.4070703881941,0.6596401,0.019021694,1.3239495271888873
1205.4170241342208,0.65799814,0.018933425,1.3246639489759693
1205.4269778802475,0.63883513,0.01881319,1.3253741726624222
1205.436931626274,0.6820321,0.019608304,1.3260806701122734
1205.4468853723006,0.6313091,0.018835962,1.3267842717606717
1205.456839118327,0.58256316,0.018201565,1.3274855718079936
1205.4667928643537,0.61399674,0.018572118,1.3281848531550045
1205.4767466103804,0.6556015,0.019259373,1.3288817041849699
1205.4867003564068,0.6400597,0.019283295,1.329575075701338
1205.4966541024335,0.64911556,0.01954243,1.3302626667097737
1205.50660784846,0.63956314,0.019108046,1.330940831346588
1205.5165615944866,0.6408624,0.01900118,1.3316055123954562
1205.5265153405132,0.6539712,0.019603549,1.3322503811245623
1205.5364690865397,0.6940533,0.020005472,1.33286622506139
1205.5464228325663,0.6330595,0.019174498,1.3334397629875854
1205.5563765785928,0.632569,0.019015612,1.3339675254394785
1205.5663303246195,0.6250499,0.018963795,1.3344454183925543
1205.5762840706461,0.6378528,0.018945416,1.3348731110729046
1205.5862378166726,0.6264295,0.018905664,1.335248690678376
1205.5961915626992,0.6246262,0.018640405,1.3355885262455682
1205.606145308726,0.6142775,0.018287336,1.3359024463307936
1205.6160990547523,0.60291106,0.017790241,1.3362000286080384
1205.626052800779,0.6185757,0.018201888,1.336488922903706
1205.6360065468054,0.6302936,0.01828114,1.3367756649480707
1205.6459602928321,0.6403659,0.018333849,1.3370622422580567
1205.6559140388586,0.6125314,0.017621938,1.337347832097212
1205.6658677848852,0.59825975,0.017077332,1.3376284106349292
1205.675821530912,0.5958913,0.017177004,1.3378976781474188
1205.6857752769383,0.6210633,0.017205572,1.3381492194705387
1205.695729022965,0.6087975,0.01688867,1.3383766978691882
1205.7056827689917,0.60386896,0.01681796,1.3385738015421043
1205.715636515018,0.61121666,0.016917497,1.3387385495108124
1205.7255902610448,0.6159503,0.016981922,1.3388771794503393
1205.7355440070712,0.5917449,0.016653731,1.3389956846601552
1205.7454977530979,0.57275087,0.016391061,1.3391008945916105
1205.7554514991245,0.58886135,0.01661214,1.3391988106585107
1205.765405245151,0.57046753,0.016356623,1.3392936781531195
1205.7753589911777,0.59617347,0.016713347,1.3393852875780583
1205.785312737204,0.60004056,0.01676442,1.3394709537194331
1205.7952664832308,0.58913124,0.016613714,1.339544450329842
1205.8052202292574,0.5969316,0.016720213,1.339603383994383
1205.8151739752839,0.60271204,0.016800012,1.339646188624152
1205.8251277213105,0.5999912,0.016761046,1.3396733371890268
1205.835081467337,0.569701,0.016342772,1.3396864138101006
1205.8450352133636,0.56650096,0.016297517,1.3396923982758333
1205.8549889593903,0.5804836,0.016491748,1.339698527242719
1205.8649427054168,0.5736657,0.016397057,1.3397118068754374
1205.8748964514434,0.5868762,0.016580537,1.3397405242942662
1205.8848501974699,0.59906137,0.016747948,1.3397911832017189
1205.8948039434965,0.5467002,0.016016958,1.3398666801551757
1205.9047576895232,0.5909126,0.016634695,1.3399689439435356
1205.9147114355496,0.5959944,0.016702054,1.3400983920745868
1205.9246651815763,0.59240204,0.016651697,1.3402515679009572
1205.9346189276027,0.579374,0.016472507,1.3404192132998096
1205.9445726736294,0.5413846,0.01593886,1.3405941445279188
1205.954526419656,0.5787803,0.016464124,1.3407697383189927
1205.9644801656825,0.58518994,0.016553333,1.3409393071903493
1205.9744339117092,0.58957267,0.016611168,1.34109893334911
1205.9843876577356,0.56513995,0.016274082,1.3412449283928278
1205.9943414037623,0.57891566,0.01646438,1.3413735559155748
1206.004295149789,0.5647169,0.016267214,1.3414771749075
1206.0142488958154,0.5804604,0.016484104,1.341553872623194
1206.024202641842,0.5854882,0.016551116,1.341600516523803
1206.0341563878687,0.59836334,0.01672837,1.3416153241400912
1206.0441101338952,0.5528283,0.01609619,1.341596612829911
1206.0540638799218,0.55602145,0.016140746,1.3415521431456985
1206.0640176259483,0.56866926,0.016316833,1.3414909918038596
1206.073971371975,0.5652342,0.01627045,1.3414211003309406
1206.0839251180016,0.59438014,0.016671034,1.3413504994324965
1206.093878864028,0.5420583,0.015941644,1.341287010531044
1206.1038326100547,0.5421318,0.015941445,1.3412354329603189
1206.1137863560812,0.5239829,0.015679039,1.3411990419491402
1206.1237401021078,0.5469564,0.016009362,1.3411801581582892
1206.1336938481345,0.50239307,0.015360376,1.3411801645843078
1206.143647594161,0.5304244,0.015772112,1.3411957249128152
1206.1536013401876,0.52927715,0.015754439,1.3412247926452667
1206.163555086214,0.5333862,0.015811626,1.3412645903947062
1206.1735088322407,0.5238131,0.01567381,1.3413117345871233
1206.1834625782674,0.4988746,0.015305276,1.3413597739395675
1206.1934163242938,0.52638996,0.015709177,1.3414030484374022
1206.2033700703205,0.510933,0.015483904,1.3414355446663733
1206.213323816347,0.4846073,0.015091956,1.341448382410623
1206.2232775623736,0.49705324,0.015278889,1.3414362658789607
1206.2332313084003,0.50106347,0.015337686,1.341392386866577
1206.2431850544267,0.5007671,0.015331559,1.3413059602058153
1206.2531388004534,0.5035499,0.015371878,1.3411517214190198
1206.2630925464798,0.47006425,0.014867555,1.3409000011290917
1206.2730462925065,0.491986,0.015199555,1.3405239415654484
1206.2830000385331,0.4856471,0.015104104,1.3399951347654897
1206.2929537845596,0.4344486,0.014309825,1.3392821297666178
1206.3029075305863,0.4501991,0.014558202,1.3383680932017366
1206.3128612766127,0.38616306,0.013516513,1.3372794835800108
1206.3228150226394,0.41902956,0.014061503,1.3360367596620921
1206.332768768666,0.39583495,0.013677608,1.334669131467385
1206.3427225146925,0.40436086,0.013818533,1.3332132233956848
1206.3526762607191,0.39194167,0.013612853,1.3317286812259295
1206.3626300067458,0.37898368,0.013391443,1.3302577290982698
1206.3725837527722,0.31370783,0.012226532,1.3288350724390843
1206.382537498799,0.3118067,0.012190951,1.3274954693112353
1206.3924912448254,0.28431723,0.011659841,1.3262386708974003
1206.402444990852,0.28572664,0.011688734,1.32506244371443
1206.4123987368785,0.2935434,0.011839997,1.3239614391018848
1206.4223524829051,0.2601185,0.011172109,1.3229360907615155
1206.4323062289318,0.22566505,0.010437806,1.3219761876642773
1206.4422599749582,0.20222883,0.0099061,1.321075993006208
1206.452213720985,0.19293405,0.009684296,1.3202347824738614
1206.4621674670116,0.17172123,0.009162765,1.3194566604852702
1206.472121213038,0.13718997,0.008238619,1.3187405812155595
1206.4820749590647,0.1368714,0.008229604,1.3180782072748065
1206.4920287050911,0.10501081,0.007261761,1.3174645320310732
1206.5019824511178,0.08024902,0.00640476,1.3168953260655645
1206.5119361971445,0.07818073,0.006327026,1.31636831136911
1206.521889943171,0.06961348,0.005993911,1.3158768017519957
1206.5318436891976,0.056560796,0.0054469425,1.3154217821981438
1206.541797435224,0.06171998,0.0056683407,1.3150063652503623
1206.5517511812507,0.05647061,0.0054421313,1.3146418248056768
1206.5617049272773,0.048357423,0.005068281,1.314325202694596
1206.5716586733038,0.040100217,0.004654254,1.3140583566087598
1206.5816124193304,0.04586028,0.004945913,1.3138414383157055
1206.5915661653569,0.039193206,0.0046056435,1.313678909275517
1206.6015199113835,0.037222248,0.0044987886,1.3135630499890831
1206.6114736574102,0.035317585,0.0043932404,1.3134888227539143
1206.6214274034367,0.03668966,0.004469867,1.313453099497309
1206.6313811494633,0.0295799,0.0040569445,1.313457255327611
1206.6413348954898,0.038603254,0.0045733056,1.3135003924533637
1206.6512886415164,0.040052827,0.0046516955,1.3135812785137087
1206.661242387543,0.029561637,0.004055863,1.313701993413759
1206.6711961335695,0.036179982,0.004440582,1.3138673134339283
1206.6811498795962,0.041985117,0.004750395,1.3140819806518422
1206.6911036256226,0.037210897,0.00449814,1.3143426973004089
1206.7010573716493,0.031444233,0.0041691465,1.314649598165688
1206.711011117676,0.032419235,0.0042262548,1.315002119912201
1206.7209648637024,0.043364957,0.0048202486,1.3154014959618918
1206.730918609729,0.036722012,0.0044712303,1.3158352865336218
1206.7408723557555,0.035309665,0.004391617,1.3162957392417924
1206.7508261017822,0.033373397,0.0042818654,1.316774436608961
1206.7607798478089,0.03191312,0.0041966275,1.3172642721947392
1206.7707335938353,0.03475172,0.0043593165,1.3177590007863502
1206.780687339862,0.028131854,0.003965221,1.3182586371977474
1206.7906410858886,0.020396376,0.003437481,1.3187676507865407
1206.800594831915,0.023676988,0.0036713975,1.3192970137952411
1206.8105485779417,0.022728022,0.0036077593,1.319857591210406
1206.8205023239682,0.025617769,0.0038016324,1.3204575578291962
1206.8304560699949,0.017076904,0.0031797357,1.3211041593671982
1206.8404098160215,0.015040264,0.0030097067,1.3218055729929736
1206.850363562048,0.012641275,0.0027950897,1.322565730525005
1206.8603173080746,0.016009511,0.0030933472,1.3233810334329537
1206.870271054101,0.009308421,0.0024539672,1.3242529522745234
1206.8802248001277,0.011193464,0.0026517266,1.325185443516125
1206.8901785461544,0.009750225,0.0025013885,1.3261879431166288
1206.9001322921808,0.007376177,0.002230805,1.3272556095700474
1206.9100860382075,0.008253066,0.0023317682,1.3283911283023402
1206.920039784234,0.005439035,0.001967268,1.3295970141449605
1206.9299935302606,0.005435259,0.0019736628,1.3308871293896753
1206.9399472762873,0.009688228,0.0024932057,1.3322534061228615
1206.9499010223137,0.0044854837,0.0018268074,1.333696994490182
1206.9598547683404,0.008253328,0.0023317868,1.3352187058260325
1206.9698085143668,0.0016024769,0.001335097,1.336826790186909
1206.9797622603935,0.005414115,0.002013216,1.3385132539945297
1206.9897160064202,0.0068269186,0.0021579987,1.3402713576463694
1206.9996697524466,0.0073363855,0.0022300011,1.3420978301201556
1207.0096234984733,0.0059376266,0.0020407892,1.3439951145596574
1207.0195772444997,0.008273577,0.0023370879,1.3459618494970158
1207.0295309905264,0.0030988886,0.0015883729,1.3479897606850417
1207.039484736553,0.0063786386,0.0021015378,1.3500694692787203
1207.0494384825795,0.00783846,0.0022871634,1.3521804902088805
1207.0593922286062,0.0059188427,0.0020461723,1.354283146000167
1207.0693459746326,0.0064458167,0.002114381,1.3563308061327752
1207.0792997206593,0.01020469,0.0025509545,1.3582764057393852
1207.089253466686,0.009283484,0.0024516599,1.3600743831810218
1207.0992072127124,0.00978881,0.002508309,1.3616536836629574
1207.109160958739,0.012191181,0.0027540827,1.3630188111381616
1207.1191147047657,0.010749024,0.002609111,1.364165586085622
1207.1290684507921,0.013638332,0.002886737,1.3651068242836177
1207.1390221968188,0.01265039,0.0027962266,1.3658548293866755
1207.1489759428453,0.014148786,0.0029332787,1.3664741941692882
1207.158929688872,0.018879926,0.0033238474,1.3670153638085265
1207.1688834348984,0.01985429,0.0033964892,1.3675159475093273
1207.178837180925,0.02750092,0.003922537,1.368002890312645
1207.1887909269517,0.025669608,0.0038039905,1.368492443152864
1207.1987446729781,0.03370633,0.004295968,1.3689878651789158
1207.2086984190048,0.029008944,0.004017767,1.369485625130361
1207.2186521650315,0.03757213,0.0045118732,1.3699787422318879
1207.228605911058,0.03574118,0.004411949,1.3704588772790867
1207.2385596570846,0.042793095,0.004786986,1.3709225963976066
1207.248513403111,0.046743225,0.0049830307,1.3713689535139795
1207.2584671491377,0.054370053,0.0053385478,1.3718000131026833
1207.2684208951644,0.06294103,0.00571078,1.3722197710663107
1207.2783746411908,0.059673663,0.005572243,1.3726362160547896
1207.2883283872175,0.06918439,0.0059649423,1.373054658822905
1207.298282133244,0.08595937,0.006597109,1.3734792442472559
1207.3082358792706,0.09166457,0.0067982245,1.373913900813057
1207.3181896252972,0.085562475,0.006583205,1.3743587273920972
1207.3281433713237,0.10789317,0.0073364214,1.3748132095715282
1207.3380971173503,0.119482554,0.0076968675,1.3752766856065914
1207.3480508633768,0.12655726,0.007908338,1.3757495041496564
1207.3580046094035,0.13187666,0.008063818,1.3762320728203263
1207.3679583554301,0.14545834,0.008444752,1.3767256373928922
1207.3779121014566,0.1543016,0.008685348,1.3772329392306732
1207.3878658474832,0.18012528,0.009346614,1.3777583157500242
1207.3978195935097,0.18035051,0.009351167,1.3783062434122448
1207.4077733395363,0.21020609,0.010058999,1.3788767264104504
1207.417727085563,0.19375211,0.009675828,1.379470477676767
1207.4276808315894,0.21554124,0.010180701,1.3800875073194998
1207.437634577616,0.23333305,0.010574202,1.380729511568905
1207.4475883236425,0.25378782,0.0110070845,1.3813924352244196
1207.4575420696692,0.26009074,0.011135595,1.3820760808821775
1207.4674958156959,0.27915418,0.011521244,1.3827810027569354
1207.4774495617223,0.2932153,0.011795484,1.38351177817766
1207.487403307749,0.29125023,0.011757856,1.3842677978893474
1207.4973570537754,0.3144656,0.012199173,1.3850499399643477
1207.507310799802,0.31143546,0.012141899,1.385858193943976
1207.5172645458288,0.35596326,0.012949215,1.386691601739458
1207.5272182918552,0.35819086,0.012986921,1.3875413070963376
1207.5371720378819,0.38328463,0.013418587,1.388394392174064
1207.5471257839085,0.3930098,0.013581657,1.3892356711051406
1207.557079529935,0.3831176,0.013415991,1.390044704005453
1207.5670332759616,0.3760121,0.0132929,1.390797972811748
1207.576987021988,0.40254873,0.013738712,1.391483123153071
1207.5869407680148,0.4076156,0.013821411,1.3920883117015155
1207.5968945140414,0.41465575,0.013936936,1.3926051519328992
1207.6068482600679,0.4375818,0.0143030025,1.393023915614674
1207.6168020060945,0.44877782,0.014480072,1.393365151608103
1207.626755752121,0.42895386,0.014165791,1.3936416954761357
1207.6367094981476,0.44605112,0.014435006,1.3938696892415803
1207.6466632441743,0.44404384,0.014405,1.3940649458773373
1207.6566169902007,0.41318068,0.0139100095,1.3942503677407392
1207.6665707362274,0.4347492,0.0142573295,1.3944406910309197
1207.6765244822539,0.43500054,0.014260145,1.3946465254397007
1207.6864782282805,0.4443937,0.014407568,1.3948767737257668
1207.6964319743072,0.40511596,0.01377726,1.3951328829546301
1207.7063857203336,0.4441806,0.01440325,1.3954126950477674
1207.7163394663603,0.44015,0.014341401,1.3957142912894935
1207.7262932123867,0.45631236,0.014633038,1.396036697018722
1207.7362469584134,0.46242857,0.015152735,1.3963790491616905
1207.74620070444,0.45088062,0.015305034,1.396739057030175
1207.7561544504665,0.475284,0.015846262,1.3971164231226807
1207.7661081964932,0.4714789,0.015943889,1.3975106063112122
1207.7760619425196,0.45196962,0.0156643,1.39792081977174
1207.7860156885463,0.44015482,0.015682334,1.3983409024496787
1207.795969434573,0.45631412,0.016191723,1.3987654510331373
1207.8059231805994,0.44907188,0.016218705,1.3991881191502424
1207.815876926626,0.4532482,0.016078647,1.3996004510500115
1207.8258306726525,0.43661943,0.015512265,1.399997993143895
1207.8357844186792,0.45641467,0.015923383,1.4003788275366786
1207.8457381647058,0.4549557,0.01590118,1.4007436257966295
1207.8556919107323,0.43243408,0.015600326,1.401094620028315
1207.865645656759,0.47060797,0.016251903,1.4014378498934643
1207.8755994027856,0.4689721,0.016245311,1.4017786589911616
1207.885553148812,0.46980697,0.016386317,1.4021207815638341
1207.8955068948387,0.46738604,0.016630862,1.402467208909783
1207.9054606408652,0.46592316,0.016754115,1.4028201966108558
1207.9154143868918,0.46145934,0.016363878,1.4031810302190921
1207.9253681329183,0.4725119,0.016375013,1.4035520730309214
1207.935321878945,0.46502346,0.016361775,1.403936646209944
1207.9452756249716,0.4694655,0.016327228,1.4043404463912894
1207.955229370998,0.4910702,0.016564805,1.404764605131212
1207.9651831170247,0.44336253,0.015654873,1.4052115039907727
1207.9751368630514,0.4584459,0.015755394,1.4056826129132491
1207.9850906090778,0.4208134,0.015249395,1.4061819731750214
1207.9950443551045,0.45179117,0.015873944,1.4067063555828088
1208.004998101131,0.4290045,0.015458619,1.407254691968277
1208.0149518471576,0.44090632,0.01564754,1.4078262303444273
1208.0249055931843,0.4561094,0.01598421,1.4084223599052457
1208.0348593392107,0.45900282,0.016070396,1.4090413485586868
1208.0448130852374,0.4221561,0.015778871,1.409681310706424
1208.0547668312638,0.44789538,0.016062541,1.4103417487807772
1208.0647205772905,0.4353791,0.015818967,1.4110233331287512
1208.0746743233171,0.42356595,0.0155054275,1.411726195541636
1208.0846280693436,0.43420038,0.015941536,1.4124476996966875
1208.0945818153702,0.4290121,0.015812187,1.4131869723870598
1208.1045355613967,0.46582407,0.016388843,1.4139431751082476
1208.1144893074234,0.42246854,0.015603156,1.4147165396053862
1208.12444305345,0.4523011,0.016037276,1.4155033516187392
1208.1343967994765,0.4270135,0.015389518,1.4163024053546156
1208.1443505455031,0.4179509,0.015316765,1.4171130808687964
1208.1543042915296,0.45442054,0.01581671,1.4179374285868331
1208.1642580375562,0.4261511,0.015185629,1.4187758113596474
1208.174211783583,0.44101495,0.015225347,1.4196304162549511
1208.1841655296093,0.43449757,0.015185637,1.4205038665405927
1208.194119275636,0.42338789,0.015020968,1.4214004735871613
1208.2040730216625,0.44884884,0.015320532,1.422320553850136
1208.2140267676891,0.44375366,0.014977144,1.423261953096866
1208.2239805137158,0.41381153,0.014173011,1.424222579684211
1208.2339342597422,0.38997683,0.013840753,1.4252003855725701
1208.243888005769,0.41509056,0.014096394,1.4261926543143666
1208.2538417517953,0.413398,0.013892855,1.4271956344343124
1208.263795497822,0.4020593,0.013704741,1.4282081396813537
1208.2737492438487,0.3727171,0.013210845,1.4292300601516943
1208.283702989875,0.37195995,0.013199299,1.4302632686870709
1208.2936567359018,0.389522,0.013495896,1.4313076566667873
1208.3036104819284,0.3929698,0.01355376,1.4323650552565614
1208.3135642279549,0.37749612,0.013291449,1.4334379540036801
1208.3235179739816,0.37990087,0.013333716,1.4345321797096806
1208.333471720008,0.39230224,0.0135415355,1.4356488585788478
1208.3434254660347,0.37130544,0.013185681,1.4367883740232705
1208.353379212061,0.38139105,0.013357384,1.4379482442581595
1208.3633329580878,0.39221266,0.013538428,1.4391202664618616
1208.3732867041144,0.40408033,0.013735499,1.4402847147424003
1208.3832404501409,0.38549697,0.013425195,1.4414168896108102
1208.3931941961675,0.38567558,0.0134288985,1.442489355971941
1208.4031479421942,0.3859853,0.013432844,1.443470710130509
1208.4131016882206,0.40595615,0.013764593,1.444334293870005
1208.4230554342473,0.37226865,0.013199945,1.4450862509535858
1208.4330091802738,0.38590434,0.013431274,1.4457339032944443
1208.4429629263004,0.36472327,0.01307002,1.446291072400641
1208.452916672327,0.3638856,0.01305526,1.446764043006118
1208.4628704183535,0.39577436,0.0135945715,1.4471698807233144
1208.4728241643802,0.39867985,0.01364303,1.4474964796361345
1208.4827779104066,0.37893102,0.013312904,1.4477142191202144
1208.4927316564333,0.35690498,0.012933372,1.447754963381478
1208.50268540246,0.40499613,0.013745588,1.447580172142957
1208.5126391484864,0.3767529,0.013274256,1.4471606801192782
1208.522592894513,0.37780836,0.013292683,1.4464820774769918
1208.5325466405395,0.39378005,0.013561272,1.4455343256547437
1208.5425003865662,0.3812872,0.01335149,1.4443608819411646
1208.5524541325929,0.39676243,0.013609489,1.4430362537105055
1208.5624078786193,0.39421016,0.013564522,1.4416279055104595
1208.572361624646,0.35950014,0.012976154,1.4402072541742101
1208.5823153706724,0.38469404,0.01340526,1.4388480446007297
1208.592269116699,0.36061528,0.012993393,1.4375912279718965
1208.6022228627257,0.38391146,0.0133918505,1.436458878422005
1208.6121766087522,0.3800714,0.013328306,1.4354562523618677
1208.6221303547788,0.3708367,0.013170529,1.4345944823453705
1208.6320841008055,0.39305297,0.013545328,1.4338403251385228
1208.642037846832,0.3717512,0.013184843,1.4331815114617272
1208.6519915928586,0.3899823,0.013492355,1.4326077203577965
1208.661945338885,0.37479857,0.0132358605,1.4321186442578222
1208.6718990849117,0.36416107,0.013052843,1.43169976675259
1208.6818528309382,0.35360685,0.012868591,1.431340271941004
1208.6918065769648,0.37342688,0.013212272,1.4310319001220648
1208.7017603229915,0.35650316,0.012919158,1.4307687545185825
1208.711714069018,0.39042744,0.01349809,1.430541778927472
1208.7216678150446,0.36028075,0.012984815,1.4303414463693214
1208.7316215610713,0.36974213,0.013149745,1.4301636598954324
1208.7415753070977,0.3522369,0.01284471,1.430007191668154
1208.7515290531244,0.37186745,0.013183955,1.4298743756100183
1208.7614827991508,0.38743514,0.013447092,1.4297650092154803
1208.7714365451775,0.36887953,0.013131256,1.4296828612054053
1208.7813902912042,0.36452234,0.013056822,1.4296327530147355
1208.7913440372306,0.37432778,0.013227106,1.4296263429991443
1208.8012977832573,0.34162715,0.012654596,1.4296640050462108
1208.8112515292837,0.35243204,0.012844777,1.429749250434873
1208.8212052753104,0.35193658,0.012835868,1.42988470631302
1208.831159021337,0.33550894,0.012544102,1.4300776930740586
1208.8411127673635,0.35552368,0.012899179,1.4303263730104159
1208.8510665133902,0.345654,0.012725015,1.4306284850591489
1208.8610202594166,0.35301486,0.012854527,1.430984421862277
1208.8709740054433,0.3499385,0.012800523,1.4313980950383551
1208.88092775147,0.34182024,0.012655591,1.4318715337770969
1208.8908814974964,0.35055664,0.012811408,1.4323995598637458
1208.900835243523,0.3433057,0.01268182,1.4329816966193119
1208.9107889895495,0.33937398,0.012610311,1.4336180734792925
1208.9207427355761,0.33816946,0.012590123,1.4343130016990562
1208.9306964816028,0.3004272,0.011893478,1.4350575733371294
1208.9406502276292,0.3437898,0.012690197,1.4358503543531007
1208.950603973656,0.3701102,0.013150677,1.4366903952451917
1208.9605577196824,0.31929,0.012246281,1.4375837054449752
1208.970511465709,0.33963656,0.012613954,1.4385245113300074
1208.9804652117357,0.33942914,0.012612773,1.439510547841867
1208.9904189577621,0.33215907,0.012479666,1.440538508948793
1209.0003727037888,0.3295766,0.012434286,1.4416040574775861
1209.0103264498152,0.3393223,0.012609067,1.442693122359752
1209.020280195842,0.35236907,0.012839961,1.4437897341629884
1209.0302339418686,0.33038026,0.012447498,1.4448802239931062
1209.040187687895,0.33864635,0.012595888,1.4459529472283934
1209.0501414339217,0.3432409,0.012679241,1.447002465782785
1209.0600951799483,0.320382,0.0122637255,1.4480362256729244
1209.0700489259748,0.3460631,0.0127270175,1.4490669325155376
1209.0800026720015,0.30820876,0.0120365,1.450112500237886
1209.089956418028,0.3103952,0.01207935,1.4512003768470054
1209.0999101640546,0.32613495,0.012367759,1.4523450646562217
1209.109863910081,0.3253769,0.0123564,1.4535602186756094
1209.1198176561077,0.3263349,0.012372729,1.4548553736916645
1209.1297714021343,0.32392466,0.012327201,1.4562471023571877
1209.1397251481608,0.32205212,0.012292063,1.4577301080806704
1209.1496788941874,0.3254519,0.012356619,1.4593001254447506
1209.159632640214,0.32567984,0.012358814,1.4609528044415194
1209.1695863862406,0.31405726,0.012145132,1.4626845240409372
1209.1795401322672,0.32236212,0.012296311,1.4644792811425815
1209.1894938782937,0.29758683,0.01183411,1.4663159575534965
1209.1994476243203,0.3336983,0.012500568,1.468181403456346
1209.209401370347,0.33645025,0.012552907,1.470069467019318
1209.2193551163734,0.31089386,0.012082628,1.4719859876220323
1209.2293088624,0.29872146,0.011853303,1.473942209456303
1209.2392626084265,0.29786086,0.011837591,1.4759572108808583
1209.2492163544532,0.30811918,0.012033362,1.478048685725619
1209.2591701004799,0.29905668,0.011859922,1.4802356248755182
1209.2691238465063,0.29250583,0.011734059,1.4824893808591502
1209.279077592533,0.30890745,0.012045987,1.4847705417913555
1209.2890313385594,0.30290446,0.011931574,1.4870218228658274
1209.298985084586,0.32169634,0.012284085,1.4891566420304319
1209.3089388306128,0.29644454,0.011811064,1.4910986719021795
1209.3188925766392,0.2870706,0.0116267195,1.4927905958141905
1209.3288463226659,0.3004302,0.011886832,1.4941831459178188
1209.3388000686923,0.3016316,0.0119067365,1.4952303886169307
1209.348753814719,0.315059,0.012159681,1.4959317299642576
1209.3587075607456,0.30876574,0.012044129,1.4963559682779606
1209.368661306772,0.29513466,0.011782914,1.4965534843059047
1209.3786150527988,0.29368877,0.011753864,1.4965754939737363
1209.3885687988254,0.3087806,0.012042983,1.4964605271145293
1209.3985225448519,0.29677904,0.011814949,1.4962642989393933
1209.4084762908785,0.27716923,0.011431441,1.4960100591231014
1209.418430036905,0.2807927,0.011503001,1.495714172904611
1209.4283837829316,0.28463465,0.011579286,1.495387043790637
1209.438337528958,0.29537317,0.011785649,1.4950446807827749
1209.4482912749847,0.28857413,0.011655695,1.494698604417406
1209.4582450210114,0.28127077,0.011511351,1.4943592488993687
1209.4681987670378,0.28499934,0.01158409,1.4940396334297628
1209.4781525130645,0.29116425,0.011703718,1.4937524994506257
1209.4881062590912,0.2879326,0.011642895,1.4935064871024768
1209.4980600051176,0.3038448,0.011946659,1.4933080558850649
1209.5080137511443,0.27613604,0.011407819,1.4931600248903165
1209.5179674971707,0.2630019,0.011146547,1.493060150276606
1209.5279212431974,0.29135844,0.0117071355,1.4929963836948945
1209.537874989224,0.2799885,0.011487812,1.4929630557691271
1209.5478287352505,0.26557583,0.011198589,1.492956196566009
1209.5577824812772,0.26166812,0.011118415,1.492977645825638
1209.5677362273036,0.2627811,0.011140593,1.4930236626620443
1209.5776899733303,0.2678521,0.011242782,1.4930957003212777
1209.587643719357,0.29223981,0.011721423,1.493196016135987
1209.5975974653834,0.2643165,0.011171052,1.4933308325343089
1209.60755121141,0.25509545,0.010981149,1.4935007636299278
1209.6175049574365,0.24762997,0.010827745,1.493706478727064
1209.6274587034632,0.24355514,0.010739877,1.4939498108881413
1209.6374124494898,0.26859432,0.011256314,1.4942352892523676
1209.6473661955163,0.25217292,0.010920083,1.4945657697651287
1209.657319941543,0.2448391,0.0107686585,1.4949391772428269
1209.6672736875694,0.26947165,0.011274535,1.4953566949627124
1209.677227433596,0.26812896,0.011245458,1.495819935150077
1209.6871811796227,0.23626749,0.010584956,1.4963334451965071
1209.6971349256492,0.23451395,0.010545847,1.4968899733788006
1209.7070886716758,0.24732785,0.010819715,1.4974880006416762
1209.7170424177023,0.24679926,0.010806608,1.4981261018928618
1209.726996163729,0.25446287,0.010968982,1.4988087822142604
1209.7369499097556,0.25624746,0.011005782,1.4995319545963262
1209.746903655782,0.262887,0.0111400755,1.5002964151531923
1209.7568574018087,0.24909994,0.010854602,1.5011047356964067
1209.7668111478351,0.24917261,0.010856357,1.5019643841783865
1209.7767648938618,0.25320014,0.010938074,1.5028762754785936
1209.7867186398885,0.28064117,0.0114913955,1.5038353744642596
1209.796672385915,0.24992728,0.0108712455,1.5048349172957927
1209.8066261319416,0.2542815,0.0109616425,1.505862747393075
1209.8165798779683,0.25056452,0.010885345,1.5068974286875736
1209.8265336239947,0.24612147,0.010791352,1.5079137889912189
1209.8364873700214,0.2500504,0.01087268,1.5088893551971438
1209.8464411160478,0.25094572,0.010892947,1.5098050834615537
1209.8563948620745,0.2579319,0.011036395,1.5106370969219276
1209.866348608101,0.25562665,0.010987741,1.5113957079454565
1209.8763023541276,0.25423625,0.010959406,1.5120895780016226
1209.8862561001542,0.23252241,0.010499743,1.5127337366846996
1209.8962098461807,0.256841,0.011012308,1.5133450064223242
1209.9061635922073,0.24617973,0.0107886605,1.5139457941164898
1209.916117338234,0.2312035,0.010471032,1.514549160570346
1209.9260710842605,0.2582146,0.011039992,1.5151593589881487
1209.9360248302871,0.24294308,0.0107234,1.5157721783292115
1209.9459785763136,0.26143354,0.011104442,1.5163737296951427
1209.9559323223402,0.24805577,0.010829066,1.5169479145759939
1209.965886068367,0.24192278,0.010701165,1.5174787726003824
1209.9758398143933,0.23979558,0.010652814,1.517951912984462
1209.98579356042,0.2424674,0.010713948,1.5183528448335781
1209.9957473064464,0.2482245,0.0108329,1.518692376472023
1210.0057010524731,0.23297994,0.010509249,1.5189800202149135
1210.0156547984998,0.21867377,0.0101959165,1.519230908217951
1210.0256085445262,0.23077141,0.010460382,1.5194644601788738
1210.035562290553,0.21394128,0.010088056,1.519706677044198
1210.0455160365793,0.24234058,0.010706221,1.519978253377692
1210.055469782606,0.2151911,0.010117411,1.5202969704573024
1210.0654235286327,0.24710335,0.010808525,1.5206842230723046
1210.075377274659,0.2333146,0.010515046,1.5211522831725302
1210.0853310206858,0.21998358,0.010221741,1.5217039277716227
1210.0952847667122,0.21012083,0.010000464,1.5223415795125534
1210.1052385127389,0.22047548,0.010234596,1.5230633822445157
1210.1151922587655,0.22422494,0.010318864,1.5238585002027287
1210.125146004792,0.22137307,0.010254594,1.524699777791203
1210.1350997508187,0.22693929,0.010376016,1.5255713126826627
1210.145053496845,0.21390711,0.010086601,1.5264609218073044
1210.1550072428718,0.21463439,0.010101456,1.5273591638427022
1210.1649609888984,0.2044411,0.009870152,1.5282551624789962
1210.1749147349249,0.21565312,0.01012569,1.5291393686871797
1210.1848684809515,0.2021938,0.009822215,1.5300009912230172
1210.194822226978,0.18835075,0.009493366,1.530823412991592
1210.2047759730046,0.1896487,0.009524729,1.531595547540022
1210.2147297190313,0.19329749,0.009608383,1.5323101926820648
1210.2246834650578,0.20475832,0.00987756,1.532961201869682
1210.2346372110844,0.19057961,0.009544129,1.5335415081540549
1210.244590957111,0.19154675,0.009566986,1.5340493250529033
1210.2545447031375,0.18183433,0.009335971,1.5344959106450442
1210.2644984491642,0.1923262,0.009586051,1.534890294850677
1210.2744521951906,0.18727173,0.009465705,1.5352450043947796
1210.2844059412173,0.19184262,0.009572029,1.5355727461196595
1210.294359687244,0.16684307,0.008960609,1.535888731047352
1210.3043134332704,0.16409726,0.008890099,1.536198444792221
1210.314267179297,0.1987621,0.009737263,1.536504148381213
1210.3242209253235,0.19858202,0.009734062,1.5368066182946092
1210.3341746713502,0.17410092,0.009142259,1.5371078395339386
1210.3441284173769,0.19276227,0.009597333,1.537410527871623
1210.3540821634033,0.18766639,0.009472647,1.5377181938553668
1210.36403590943,0.17180924,0.009084924,1.5380359463295976
1210.3739896554564,0.16174345,0.008826947,1.538368760628348
1210.383943401483,0.17957292,0.009277756,1.5387196862970538
1210.3938971475097,0.18381688,0.009381372,1.5390921973788474
1210.4038508935362,0.16941805,0.00902629,1.539490140987473
1210.4138046395628,0.18242629,0.00943306,1.539918782736653
1210.4237583855893,0.1801383,0.009646201,1.5403766386237003
1210.433712131616,0.19378552,0.010095756,1.5408649088659427
1210.4436658776426,0.1780331,0.009833456,1.5413842810206182
1210.453619623669,0.18305516,0.009955484,1.5419393287229364
1210.4635733696957,0.18190397,0.009969169,1.5425254231605297
1210.4735271157222,0.19009651,0.010324286,1.543140787901278
1210.4834808617488,0.179449,0.010130464,1.543783676164911
1210.4934346077755,0.18148938,0.010198165,1.5444543634680374
1210.503388353802,0.17122138,0.009836445,1.5451497969940564
1210.5133420998286,0.16317716,0.009461873,1.5458670376978372
1210.523295845855,0.15255578,0.009295703,1.5466053443649224
1210.5332495918817,0.16850488,0.009565149,1.5473654872170541
1210.5432033379084,0.16400577,0.009514781,1.548148740673345
1210.5531570839348,0.16538216,0.009589513,1.5489521169977238
1210.5631108299615,0.16680945,0.009667988,1.5497725806020846
1210.5730645759882,0.17491928,0.0100234,1.5506019800842976
1210.5830183220146,0.18463981,0.010353884,1.551418273099405
1210.5929720680413,0.16123803,0.009677405,1.5521885978763932
1210.6029258140677,0.16256313,0.009545234,1.552869575279482
1210.6128795600944,0.15479754,0.009539156,1.5534114951071363
1210.6228333061208,0.15243535,0.009257283,1.5537391981581985
1210.6327870521475,0.1713391,0.0097421,1.553819132663355
1210.6427407981741,0.15464091,0.00924081,1.5536396687772842
1210.6526945442006,0.1594023,0.009332121,1.5531996222503235
1210.6626482902273,0.16372263,0.009501186,1.5525069367112794
1210.672602036254,0.16062504,0.00936078,1.5516075912465563
1210.6825557822804,0.14180796,0.0089002615,1.5505846125977412
1210.692509528307,0.14865118,0.009134518,1.5495034329159876
1210.7024632743335,0.14726537,0.009195392,1.5484220740175585
1210.7124170203601,0.12379684,0.008334058,1.5473853250675262
1210.7223707663868,0.15125611,0.009371194,1.5463972505582575
1210.7323245124132,0.15575716,0.009494172,1.5454444105452272
1210.74227825844,0.14839084,0.009205919,1.544502373409234
1210.7522320044664,0.14279318,0.008991152,1.5435392160324723
1210.762185750493,0.14267822,0.0090039,1.542531933916613
1210.7721394965197,0.15163176,0.009348356,1.5414697350210003
1210.7820932425461,0.13280216,0.008728284,1.5403508893669957
1210.7920469885728,0.13026631,0.008733244,1.5391790140517219
1210.8020007345992,0.14815333,0.009241669,1.5379689277058068
1210.811954480626,0.13120356,0.008703959,1.5367393881745883
1210.8219082266526,0.14643835,0.00908366,1.5355048434561973
1210.831861972679,0.1298267,0.008652387,1.534278085460231
1210.8418157187057,0.13662402,0.008693686,1.533072184723354
1210.8517694647321,0.13457474,0.008556509,1.5318939325319805
1210.8617232107588,0.13919388,0.008587473,1.5307502879276718
1210.8716769567854,0.14218906,0.008740125,1.5296470726110811
1210.881630702812,0.13918489,0.008675877,1.528596223343739
1210.8915844488386,0.12819439,0.008227447,1.5275973331717647
1210.901538194865,0.13181831,0.008215109,1.5266533256813495
1210.9114919408917,0.13262285,0.008143739,1.5257676746977398
1210.9214456869183,0.122658245,0.007905399,1.524949841768098
1210.9313994329448,0.133535,0.008087712,1.524203008245629
1210.9413531789714,0.1271531,0.007877986,1.5235266376081749
1210.9513069249979,0.13828456,0.008195997,1.522923557078189
1210.9612606710245,0.12105787,0.0076974323,1.5223978954893924
1210.9712144170512,0.12650268,0.007858024,1.521953344669075
1210.9811681630777,0.13164741,0.008006376,1.5215765213228472
1210.9911219091043,0.119204134,0.007643653,1.5212603095932051
1211.001075655131,0.1338126,0.008065768,1.5209957027570207
1211.0110294011574,0.12471399,0.0078014433,1.5207776029414715
1211.020983147184,0.11913222,0.0076387296,1.5205899036033452
1211.0309368932105,0.13911563,0.008218807,1.5204256178054671
1211.0408906392372,0.1181019,0.007602883,1.520281510101505
1211.0508443852639,0.13162334,0.008005466,1.5201614564892985
1211.0607981312903,0.13542753,0.008112593,1.5200718588881315
1211.070751877317,0.11487233,0.007507912,1.52002148043228
1211.0807056233434,0.114199914,0.0074842502,1.5200216623001266
1211.09065936937,0.10920829,0.007333538,1.5200868372716128
1211.1006131153968,0.11233974,0.007430472,1.5202300547943035
1211.1105668614232,0.1165436,0.007560425,1.520448570370856
1211.1205206074499,0.11422727,0.0074878624,1.5207434122951107
1211.1304743534763,0.11424431,0.0074973637,1.5211138229554069
1211.140428099503,0.10925907,0.0073989155,1.5215686307490568
1211.1503818455296,0.1187289,0.0076738806,1.5220945557843772
1211.160335591556,0.105991304,0.007383559,1.5226906956371185
1211.1702893375827,0.10801109,0.0076188473,1.5233569792718153
1211.1802430836092,0.10377018,0.0075281793,1.5241021916112567
1211.1901968296359,0.10164722,0.007540944,1.5249231565767054
1211.2001505756625,0.09720644,0.0073965737,1.5258181652762535
1211.210104321689,0.107390665,0.0077089337,1.526788887173631
1211.2200580677156,0.100226074,0.0075174253,1.5278419796760014
1211.230011813742,0.10282267,0.007467145,1.5289820423978782
1211.2399655597687,0.10326568,0.0076847523,1.5302033964510036
1211.2499193057954,0.0997543,0.0075593367,1.5315078674199714
1211.2598730518218,0.10249838,0.007629893,1.5328985852654777
1211.2698267978485,0.10919467,0.007959516,1.5343894151442192
1211.279780543875,0.09110595,0.0072468477,1.5359695254481842
1211.2897342899016,0.09049447,0.0071333367,1.5376391745988198
1211.2996880359283,0.10007824,0.0075245034,1.5393958903118268
1211.3096417819547,0.09832326,0.007690776,1.5412420695502207
1211.3195955279814,0.09704474,0.007777607,1.543160653295037
1211.329549274008,0.10101448,0.00776964,1.545143138197232
1211.3395030200345,0.08739654,0.0070623183,1.5471918621637477
1211.3494567660612,0.09855452,0.0074345116,1.5493240304613543
1211.3594105120876,0.08501515,0.007071262,1.5515580433242144
1211.3693642581143,0.0929494,0.0072062514,1.5538971628815808
1211.3793180041407,0.081707306,0.0068060895,1.5563404646204333
1211.3892717501674,0.08471088,0.00706404,1.5588713712697477
1211.399225496194,0.08406532,0.006895052,1.561451989600539
1211.4091792422205,0.09444231,0.00737291,1.5640168911558574
1211.4191329882472,0.08081718,0.0067011747,1.566504577973485
1211.4290867342738,0.07607668,0.0066511193,1.5688547160039628
1211.4390404803003,0.065394945,0.0060913595,1.5709859867620999
1211.448994226327,0.07542276,0.006531518,1.5728823685241755
1211.4589479723534,0.07999122,0.0066787056,1.5745457905511662
1211.46890171838,0.07100047,0.006428263,1.575999259874389
1211.4788554644067,0.07517471,0.006632704,1.5772806948643974
1211.4888092104331,0.069047764,0.00639126,1.5784572495777334
1211.4987629564598,0.0736298,0.0066087926,1.5795871875102712
1211.5087167024863,0.08339188,0.0069979643,1.5806993136256626
1211.518670448513,0.072137125,0.0066020642,1.581803256388933
1211.5286241945396,0.0715607,0.006580932,1.5828906795433608
1211.538577940566,0.07173667,0.0067089503,1.5839477495180718
1211.5485316865927,0.070197456,0.006650478,1.5849588616646262
1211.5584854326191,0.08411358,0.007231159,1.5859116161847813
1211.5684391786458,0.08084134,0.0072628334,1.5867906534136775
1211.5783929246725,0.07798009,0.007327928,1.587605334077294
1211.588346670699,0.08159256,0.007534984,1.588364804399669
1211.5983004167256,0.076112896,0.0070362617,1.5890800127790847
1211.608254162752,0.084555164,0.007440378,1.5897604061131343
1211.6182079087787,0.07722116,0.007352308,1.5904170697737028
1211.6281616548054,0.07876768,0.0072544706,1.5910579989748015
1211.6381154008318,0.06526785,0.006425596,1.5916870912188434
1211.6480691468585,0.07750341,0.0068998863,1.5923066694799706
1211.658022892885,0.06445983,0.0061281663,1.5929175183212272
1211.6679766389116,0.07668623,0.0067159077,1.5935200845020954
1211.6779303849382,0.06263535,0.0061852518,1.594110591542223
1211.6878841309647,0.064441435,0.0061428286,1.5946790499421577
1211.6978378769913,0.05638957,0.0056035197,1.5951943612282147
1211.7077916230178,0.066098295,0.0060820226,1.595620109843357
1211.7177453690445,0.06425683,0.006073571,1.5959051369032242
1211.7276991150711,0.05367375,0.0054337424,1.5959908665222788
1211.7376528610976,0.057885423,0.0056507178,1.5957940498037315
1211.7476066071242,0.060336698,0.005756721,1.59527350811682
1211.757560353151,0.069883294,0.0061375196,1.5944288507808595
1211.7675140991773,0.05830852,0.005547675,1.5932617471865969
1211.777467845204,0.0542794,0.0052977037,1.5917821677627286
1211.7874215912304,0.047852755,0.0050048097,1.5900159391526665
1211.797375337257,0.054281864,0.0053013368,1.5880516608484125
1211.8073290832838,0.05713366,0.005427779,1.5859525455096941
1211.8172828293102,0.057612043,0.0054468624,1.583787982944298
1211.8272365753369,0.052033804,0.0051980074,1.5816365136793473
1211.8371903213633,0.056691874,0.005409346,1.5795607891962398
1211.84714406739,0.052426174,0.00521368,1.577597167881419
1211.8570978134167,0.05901704,0.005507063,1.5757637025663087
1211.867051559443,0.051099923,0.0051558693,1.574075595202755
1211.8770053054698,0.050064046,0.0051053567,1.572520654126785
1211.8869590514962,0.053354274,0.005257016,1.5710816540869619
1211.8969127975229,0.050144184,0.0051112063,1.5697502808308692
1211.9068665435495,0.043971263,0.0048116054,1.5685234801100862
1211.916820289576,0.051880207,0.005186867,1.5674004908850878
1211.9267740356026,0.051037423,0.0051503414,1.5663650068979549
1211.936727781629,0.040752456,0.0046483683,1.5654129628369198
1211.9466815276558,0.044836927,0.004853941,1.564541572714505
1211.9566352736824,0.045887202,0.004909599,1.5637613833432797
1211.9665890197089,0.04070483,0.004649138,1.5630611712934155
1211.9765427657355,0.04248197,0.00473763,1.5624412545874997
1211.986496511762,0.041093823,0.004664047,1.5619025819869898
1211.9964502577886,0.04391884,0.0048072785,1.5614538755527354
1212.0064040038153,0.04810378,0.005009898,1.561091830875604
1212.0163577498417,0.039817546,0.004599389,1.5608111375261182
1212.0263114958684,0.034147825,0.0042936252,1.560611365224441
1212.0362652418949,0.03690726,0.0044510206,1.5604965866446712
1212.0462189879215,0.038723584,0.0045452216,1.5604737715338866
1212.0561727339482,0.03872058,0.004540038,1.5605369960063395
1212.0661264799746,0.032292485,0.004188064,1.5606905300684217
1212.0760802260013,0.035414435,0.004362279,1.5609391466758051
1212.086033972028,0.038725886,0.0045407075,1.561301036123789
1212.0959877180544,0.028043967,0.0039284057,1.5617584159235716
1212.105941464081,0.026551295,0.003833785,1.5623002301553484
1212.1158952101075,0.030696398,0.0040890123,1.5629112989572997
1212.1258489561342,0.028422395,0.0039512087,1.5635807963345383
1212.1358027021606,0.03489783,0.0043322905,1.564293266892231
1212.1457564481873,0.035439644,0.0043636025,1.5650382181055844
1212.155710194214,0.033062562,0.0042265467,1.5658099058631518
1212.1656639402404,0.033538945,0.004253085,1.566604182275575
1212.175617686267,0.02839633,0.0039452338,1.5674162443584363
1212.1855714322937,0.03444076,0.0043032556,1.568238758855642
1212.1955251783202,0.025150456,0.0037385947,1.569066471428065
1212.2054789243468,0.023225622,0.003610177,1.5698940320939714
1212.2154326703733,0.027900156,0.003920068,1.5707145674549254
1212.2253864164,0.028803578,0.0039715855,1.5715238099667024
1212.2353401624266,0.026975155,0.003855324,1.5723185263379005
1212.245293908453,0.028844725,0.003974388,1.5730984934507823
1212.2552476544797,0.031208893,0.0041203843,1.5738697592213322
1212.2652014005062,0.029733505,0.004027283,1.5746485543167246
1212.2751551465328,0.027521087,0.003898404,1.575452468275951
1212.2851088925595,0.0241109,0.0036698466,1.5762976701576734
1212.295062638586,0.024139106,0.003671436,1.5772003324013153
1212.3050163846126,0.025573693,0.0037704466,1.5781748905797883
1212.314970130639,0.02739742,0.0038856473,1.5792213509090964
1212.3249238766657,0.0255768,0.0037688953,1.5803443421187358
1212.3348776226924,0.025563704,0.0037691602,1.5815470960499454
1212.3448313687188,0.0255486,0.0037679842,1.5828441679953396
1212.3547851147455,0.019478634,0.0033406687,1.5842236497499245
1212.364738860772,0.024183137,0.003682553,1.5856843740220008
1212.3746926067986,0.017575564,0.003195073,1.5872247007141538
1212.3846463528253,0.019434465,0.0033379705,1.5888504193608868
1212.3946000988517,0.024622886,0.003709928,1.590556230438247
1212.4045538448784,0.023651334,0.0036403704,1.5923372462276222
1212.4145075909048,0.019487014,0.0033424129,1.5941945130950155
1212.4244613369315,0.01805952,0.0032328055,1.596135425230464
1212.4344150829581,0.016630601,0.003118185,1.5981728509937672
1212.4443688289846,0.020791657,0.003436649,1.6003084114781148
1212.4543225750112,0.01851756,0.0032670614,1.602555673748899
1212.4642763210377,0.013816948,0.0028770557,1.6049305729277883
1212.4742300670644,0.018030027,0.0032312223,1.607473005297777
1212.484183813091,0.014808278,0.0029718236,1.610172069966814
1212.4941375591175,0.022670506,0.0035769967,1.6130218996718444
1212.5040913051441,0.016150963,0.003078031,1.6159972636364628
1212.5140450511708,0.012451416,0.0027532838,1.619052259694449
1212.5239987971972,0.011471998,0.0026616736,1.6221052067346364
1212.533952543224,0.017513242,0.0031908539,1.6250772431862877
1212.5439062892503,0.012455194,0.0027558333,1.6278957146160442
1212.553860035277,0.010528698,0.0025645567,1.6304829037075774
1212.5638137813035,0.01428482,0.0029246013,1.6327620111288825
1212.5737675273301,0.012840905,0.0027874708,1.6347271256937377
1212.5837212733568,0.0124212885,0.0027504107,1.6363626841540517
1212.5936750193832,0.010988398,0.0026092553,1.6376716572569898
1212.60362876541,0.016568743,0.003113103,1.6386392932230234
1212.6135825114366,0.011033556,0.0026151242,1.639362813965414
1212.623536257463,0.014673141,0.002950827,1.6399042562547455
1212.6334900034897,0.009173383,0.002420337,1.6403235980058501
1212.643443749516,0.014719951,0.0029635692,1.6406693334356457
1212.6533974955428,0.015655875,0.0030402371,1.6409855896424266
1212.6633512415694,0.008234938,0.0023169112,1.6412958785180873
1212.6733049875959,0.013228768,0.0028207486,1.6416105381322192
1212.6832587336226,0.009180991,0.0024208657,1.6419341780850716
1212.693212479649,0.011428669,0.0026557455,1.6422674781293052
1212.7031662256757,0.010514038,0.0025649155,1.6426068344590248
1212.7131199717023,0.009101056,0.00241323,1.642948488899572
1212.7230737177288,0.009104236,0.0024154806,1.6432881034362339
1212.7330274637554,0.008610975,0.0023572766,1.6436199471097344
1212.7429812097819,0.01050803,0.0025648694,1.6439413804280425
1212.7529349558085,0.0062951325,0.00207496,1.6442508469742836
1212.7628887018352,0.008569212,0.002349627,1.6445479019626175
1212.7728424478616,0.007233324,0.0021933578,1.6448313059066368
1212.7827961938883,0.012338046,0.0027503292,1.645100079055407
1212.7927499399148,0.007230443,0.0021990116,1.6453509702919138
1212.8027036859414,0.005293211,0.001990255,1.6455763184711971
1212.812657431968,0.0067361207,0.002128163,1.6457627788022646
1212.8226111779945,0.011397253,0.0026512623,1.645890632027192
1212.8325649240212,0.007224569,0.0021918318,1.6459531581459488
1212.8425186700479,0.008128399,0.0022994527,1.6459440905051912
1212.8524724160743,0.007211122,0.0021903033,1.6458646993601427
1212.862426162101,0.0062718038,0.0020688027,1.6457180654346355
1212.8723799081274,0.010473373,0.002562364,1.6455315165866047
1212.882333654154,0.0049078558,0.0018806299,1.64532722121889
1212.8922874001805,0.0053225923,0.0019365221,1.6451263956505962
1212.9022411462072,0.006296257,0.0020785106,1.6449500401883304
1212.9121948922339,0.0067028683,0.0021313147,1.6448112714322756
1212.9221486382603,0.004452806,0.0018112276,1.6447131113680706
1212.932102384287,0.009050134,0.0024068602,1.6446562424518567
1212.9420561303136,0.0025600188,0.0015442314,1.6446399769478977
1212.95200987634,0.0048415647,0.0018752323,1.6446632694345429
1212.9619636223667,0.005808674,0.0020068388,1.6447165858619126
1212.9719173683932,0.003028815,0.0015607642,1.644794117719665
1212.9818711144198,0.007211321,0.0021937964,1.6448885601513927
1212.9918248604465,0.0053505236,0.0019438323,1.644989881895095
1213.001778606473,0.007240854,0.0022000822,1.6450831596843352
1213.0117323524996,0.004881671,0.0018814157,1.6451531647179858
1213.021686098526,0.0048619662,0.0018742536,1.6451836117120358
1213.0316398445527,0.0062939515,0.0020741976,1.6451540685240094
1213.0415935905794,0.002557998,0.001520305,1.645052906453408
1213.0515473366058,0.0029999975,0.0015617964,1.6448817925282335
1213.0615010826325,0.0016039441,0.0013244508,1.6446452269086498
1213.071454828659,0.0034461133,0.0016935243,1.6443529905897958
1213.0814085746856,0.0029821123,0.0015952945,1.6440184477101027
1213.0913623207123,0.0020175192,0.0014397616,1.6436629196612167
1213.1013160667387,0.0010936313,0.001255602,1.6432973618326763
1213.1112698127654,0.0034169229,0.001649666,1.6429281579207689
1213.1212235587918,0.0020279712,0.001394016,1.6425574947276618
1213.1311773048185,0.00060918496,0.0010299364,1.6421858299249688
1213.1411310508452,0.0010538676,0.001247053,1.6418147056974308
1213.1510847968716,0.00619658,0.0020571346,1.6414483762844196
1213.1610385428983,0.0015584115,0.0013207487,1.6410950932690174
1213.1709922889247,0.0029124022,0.0015424535,1.6407647244088304
1213.1809460349514,0.0024689692,0.0014915628,1.64046356863597
1213.190899780978,0.0019701857,0.0014251074,1.640196646234915
1213.2008535270045,0.0028961573,0.0015294782,1.6399667290038125
1213.2108072730312,0.001973862,0.0013310448,1.639777478464522
1213.2207610190576,0.00243144,0.0015061783,1.639622185616307
1213.2307147650843,0.0029098953,0.0015332343,1.6394993156866873
1213.240668511111,0.0010467346,0.0011825067,1.6394080559678004
1213.2506222571374,0.0029075528,0.0015886341,1.6393523847101263
1213.260576003164,0.002900777,0.0015364353,1.6393302701588386
1213.2705297491907,0.0019949058,0.0014084118,1.6393407691756452
1213.2804834952171,0.0010271525,0.0012466762,1.6393829011514653
1213.2904372412438,0.0005538567,0.0010481782,1.6394556771060793
1213.3003909872702,0.002880409,0.0015265481,1.6395546731656865
1213.310344733297,0.0014872312,0.0013174933,1.639672322085572
1213.3202984793234,0.0033612722,0.0016167599,1.6398038436120568
1213.33025222535,0.001977173,0.0014096077,1.63994556191553
1213.3402059713767,0.0024043303,0.0014266473,1.640096247750865
1213.3501597174031,0.0014823736,0.0013572708,1.640254655249991
1213.3601134634298,0.0010302978,0.0012079815,1.6404221042207552
1213.3700672094565,0.0019584289,0.0014091403,1.6406004794987534
1213.380020955483,0.0005930799,0.0011579089,1.6407935684337125
1213.3899747015096,0.0015330378,0.00126957,1.6410030406728768
1213.399928447536,0.0030355693,0.0017102761,1.6412303437997111
1213.4098821935627,0.0030459308,0.0016809584,1.6414773802500888
1213.4198359395893,0.0039730845,0.0018216001,1.6417473279797865
1213.4297896856158,0.00013541963,0.0010593843,1.6420433715318006
1213.4397434316425,0.0025126282,0.0016148102,1.6423650051297645
1213.449697177669,0.0011003637,0.0012890884,1.6427137494679407
1213.4596509236956,0.0025434683,0.0015644428,1.6430908408267404
1213.4696046697222,0.0020783904,0.0014761313,1.643501749225663
1213.4795584157487,0.0010997652,0.0012731635,1.6439424256708282
1213.4895121617753,0.0020645706,0.0014677814,1.6444130226382847
1213.4994659078018,0.00110836,0.0012888849,1.6449135465610591
1213.5094196538284,0.0025681048,0.0016867561,1.6454470223310753
1213.519373399855,0.005471025,0.002201653,1.646012365310042
1213.5293271458816,0.0011202135,0.0012635869,1.6466087829029175
1213.5392808919082,-0.00036735102,0.0010383093,1.6472379063457319
1213.5492346379347,0.00010323151,0.0010587593,1.6479039193633884
1213.5591883839613,0.0064783017,0.0021982181,1.6486130565652273
1213.569142129988,0.0025769402,0.0017631048,1.6493643743080577
1213.5790958760144,0.0021286777,0.0015828708,1.6501593998545607
1213.589049622041,0.0011025032,0.0014014645,1.650996591593236
1213.5990033680678,0.0015741723,0.0014117361,1.651872986312168
1213.6089571140942,0.0025996247,0.001560671,1.652768664910088
1213.6189108601209,0.0011009539,0.0013349241,1.653664740582219
1213.6288646061473,0.0015890729,0.001357055,1.654540821009253
1213.638818352174,0.001093984,0.001232924,1.655373342363562
1213.6487720982004,0.00204058,0.0014024208,1.6561483893489486
1213.658725844227,0.002523514,0.0015780998,1.6568648807713438
1213.6686795902538,0.00059355487,0.0011227437,1.6575267441683714
1213.6786333362802,0.00059350225,0.0010833368,1.6581436579107116
1213.6885870823069,0.0035251507,0.0017135415,1.6587304103543068
1213.6985408283335,0.0021216813,0.0015453313,1.6593071085295572
1213.70849457436,0.0011315746,0.0013645918,1.6598861978804882
1213.7184483203866,0.0040261196,0.0019104551,1.660476863356129
1213.728402066413,0.000121786165,0.0011391322,1.6610875545375257
1213.7383558124397,0.002080258,0.0014424411,1.6617184879563556
1213.7483095584662,0.0025980123,0.0015456101,1.6623679330407488
1213.7582633044929,0.0011189148,0.0013673303,1.6630320582846907
1213.7682170505195,0.0011151116,0.0013626274,1.6637048688356588
1213.778170796546,0.0011065789,0.0013929959,1.664377044936595
1213.7881245425726,0.0021214264,0.001668739,1.6650396222319002
1213.7980782885993,0.002654903,0.0016265622,1.6656840294770017
1213.8080320346257,0.003193645,0.0017178698,1.6663007580462412
1213.8179857806524,0.001139257,0.0014104014,1.6668760550691935
1213.8279395266788,0.0026122371,0.0018042849,1.667407317952989
1213.8378932727055,0.0031428616,0.0017437221,1.6678898664427169
1213.8478470187322,0.0021362156,0.0015336381,1.6683218782797102
1213.8578007647586,0.00302579,0.0018337577,1.6686998035660165
1213.8677545107853,0.0025460722,0.0015423793,1.669034362085282
1213.8777082568117,0.003467539,0.0018871796,1.6693347761472077
1213.8876620028384,0.0044838097,0.0019075058,1.6696068694753399
1213.897615748865,0.0015780397,0.0013144134,1.6698505669172146
1213.9075694948915,0.0039258236,0.0017702215,1.6700597885268282
1213.9175232409182,0.0024244196,0.00157404,1.6702272538470688
1213.9274769869448,0.002923917,0.0017263145,1.670341631723942
1213.9374307329713,0.0019338047,0.0014834789,1.670392889986146
1213.947384478998,0.0038452095,0.0017420063,1.6703658264755987
1213.9573382250244,0.0014521471,0.0012299689,1.670273348657279
1213.967291971051,0.0028426251,0.001547552,1.6701244691161756
1213.9772457170775,0.0019090665,0.0014168769,1.6699322188030226
1213.9871994631042,0.004672988,0.001836821,1.6697096339255952
1213.9971532091308,0.0027610802,0.001507412,1.669473832770279
1214.0071069551573,0.0036855068,0.001715508,1.6692365125702602
1214.017060701184,0.0013816435,0.0012437839,1.6690046592998602
1214.0270144472106,0.0013470494,0.0012292525,1.668782448461509
1214.036968193237,0.0013277428,0.0011866211,1.668571836353221
1214.0469219392637,0.0036962144,0.0017113099,1.6683714904305336
1214.0568756852902,0.0013321885,0.0012408165,1.66818045882796
1214.0668294313168,0.004143773,0.001777527,1.6679972821982842
1214.0767831773433,0.0060152486,0.0020232275,1.6678201065082225
1214.08673692337,0.0037408732,0.0017183888,1.6676443060779342
1214.0966906693966,0.00090936123,0.0011586992,1.6674652895957873
1214.106644415423,0.0041531706,0.0017828422,1.6672781146081959
1214.1165981614497,0.004186842,0.0017625354,1.6670771647851286
1214.1265519074764,0.0032358381,0.0015926628,1.6668601008366926
1214.1365056535028,0.0046417043,0.0018950982,1.6666279536806852
1214.1464593995295,0.0027743338,0.0015002203,1.6663823397973547
1214.156413145556,0.007884909,0.0022541159,1.6661247046649623
1214.1663668915826,0.0028073476,0.0015545277,1.6658541097641166
1214.1763206376093,0.0036781523,0.0016579173,1.6655691725813444
1214.1862743836357,0.0046521667,0.0018195747,1.6652648204454565
1214.1962281296624,0.004632433,0.00185388,1.6649353927758896
1214.2061818756888,0.0032299869,0.0015847982,1.664573182399371
1214.2161356217155,0.005999168,0.002008389,1.6641822753110405
1214.2260893677421,0.005130485,0.0019332628,1.6637698395874487
1214.2360431137686,0.006470458,0.0020752465,1.6633463638264032
1214.2459968597952,0.0050967964,0.0018788798,1.6629252993276702
1214.2559506058217,0.005530269,0.0019461117,1.6625205493821917
1214.2659043518483,0.0037009935,0.0016568424,1.6621400843385552
1214.275858097875,0.0059930314,0.002011324,1.6617887101261832
1214.2858118439015,0.0041514984,0.0017390538,1.6614683516146764
1214.2957655899281,0.005557242,0.0019526293,1.6611816938008168
1214.3057193359546,0.005065688,0.0018881636,1.660922209262694
1214.3156730819812,0.0068979794,0.0021249277,1.6606876782764681
1214.325626828008,0.008793211,0.0023603279,1.6604761927834146
1214.3355805740343,0.007867587,0.002258813,1.6602885353163535
1214.345534320061,0.006426818,0.002069885,1.6601218749668527
1214.3554880660877,0.0045716916,0.0017928192,1.6599739871959271
1214.365441812114,0.005961219,0.0020002706,1.659843102912704
1214.3753955581408,0.010164115,0.002509677,1.659727104119058
1214.3853493041672,0.007849438,0.0022904857,1.6596215975665642
1214.395303050194,0.008708308,0.0023440872,1.65951937702037
1214.4052567962203,0.011588667,0.0026509215,1.6594133321631461
1214.415210542247,0.0055047297,0.00198351,1.6592952879023644
1214.4251642882737,0.00917733,0.0023976753,1.659151884419673
1214.4351180343,0.008291049,0.0023421654,1.6589761131511422
1214.4450717803268,0.012427222,0.0027335435,1.6587593472586901
1214.4550255263534,0.011089914,0.0026086974,1.658494077183347
1214.4649792723799,0.009595224,0.002433361,1.6581701171144894
1214.4749330184065,0.014295147,0.0028975524,1.657789060256499
1214.484886764433,0.012919115,0.0027736009,1.6573614042335036
1214.4948405104597,0.017523702,0.0031684306,1.6569004305133967
1214.504794256486,0.011082812,0.0026013334,1.6564248001950228
1214.5147480025128,0.016134424,0.0030609919,1.6559598996181963
1214.5247017485394,0.016113533,0.0030507834,1.655526786930908
1214.5346554945659,0.012456454,0.0027269942,1.655140394425332
1214.5446092405925,0.017518766,0.0031699336,1.654808388332814
1214.5545629866192,0.02174939,0.003495801,1.6545360778473035
1214.5645167326456,0.019381724,0.0033150895,1.654306659383209
1214.5744704786723,0.014710648,0.002927753,1.6541036564152216
1214.5844242246988,0.02588817,0.003774053,1.6539107283765404
1214.5943779707254,0.028255247,0.0039233696,1.6537119755841034
1214.604331716752,0.023668803,0.0036262565,1.6534950544363523
1214.6142854627785,0.026892884,0.0038441997,1.6532561674409036
1214.6242392088052,0.029180266,0.003985143,1.6529952584888215
1214.6341929548316,0.050181,0.0051092487,1.6527153970434305
1214.6441467008583,0.051736362,0.0051831584,1.6524211680800152
1214.654100446885,0.06425278,0.00572792,1.652121792809331
1214.6640541929114,0.09137841,0.0067548677,1.651824306155641
1214.674007938938,0.11676976,0.007586407,1.6515355282603648
1214.6839616849647,0.13828419,0.008217035,1.6512634453788575
1214.6939154309912,0.18133037,0.009350394,1.6510113610481216
1214.7038691770179,0.23093174,0.0104969805,1.6507788048085252
1214.7138229230443,0.23673718,0.010616301,1.6505624725727521
1214.723776669071,0.29102257,0.011727846,1.6503554031160814
1214.7337304150974,0.37020668,0.013178716,1.6501456259502354
1214.743684161124,0.44604474,0.014422131,1.6499212649243158
1214.7536379071507,0.4798881,0.014935492,1.6496723849550279
1214.7635916531772,0.5896818,0.016506894,1.649391581899614
1214.7735453992038,0.6291165,0.017033521,1.6490697087121182
1214.7834991452305,0.69435406,0.01787807,1.6487128275575373
1214.793452891257,0.7602996,0.018687436,1.6483259255437748
1214.8034066372836,0.850874,0.019748531,1.6479156149553746
1214.81336038331,0.9175933,0.020484256,1.6474879159755986
1214.8233141293367,0.96467423,0.02099682,1.6470504288770358
1214.8332678753632,1.0672952,0.022064714,1.6466090806740672
1214.8432216213898,1.1559999,0.022945931,1.6461674198986507
1214.8531753674165,1.2052563,0.023416001,1.645727647827474
1214.863129113443,1.3302108,0.024588222,1.6452905131140692
1214.8730828594696,1.3657746,0.024906162,1.6448542760337377
1214.8830366054963,1.507752,0.026147196,1.6444154490410905
1214.8929903515227,1.5884476,0.026835162,1.6439683131597307
1214.9029440975494,1.6144621,0.02704163,1.6435019869848018
1214.9128978435758,1.7051917,0.027781805,1.6430069318432932
1214.9228515896025,1.7992702,0.028526649,1.642472326960298
1214.9328053356292,1.8866539,0.029195886,1.641885521929122
1214.9427590816556,2.0185866,0.030181056,1.6412273822655212
1214.9527128276823,2.1279492,0.030985057,1.640478134392633
1214.9626665737087,2.2308397,0.03171257,1.6396296820370302
1214.9726203197354,2.3062344,0.032237284,1.6386696261060971
1214.982574065762,2.5185418,0.033668514,1.6375884537919836
1214.9925278117885,2.6747963,0.034685504,1.6363642913109462
1215.0024815578151,2.889645,0.03603706,1.635021145690223
1215.0124353038416,3.003004,0.03672586,1.633571264285185
1215.0223890498683,3.1219635,0.037439164,1.6320320121697378
1215.032342795895,3.2984502,0.038474407,1.6304178404766765
1215.0422965419214,3.4906452,0.0395606,1.628752403744178
1215.052250287948,3.6882222,0.040653866,1.6270521472414503
1215.0622040339745,3.7392519,0.0409354,1.62532528351012
1215.0721577800011,3.8767095,0.041670095,1.6235747249460408
1215.0821115260278,4.0248556,0.042448364,1.6217988367416831
1215.0920652720542,4.0550594,0.04261108,1.619997994354184
1215.102019018081,4.2652016,0.04369101,1.6181692785880517
1215.1119727641076,4.494916,0.044837326,1.6163096828289505
1215.121926510134,4.7041254,0.04585947,1.614411206722378
1215.1318802561607,4.906849,0.046830107,1.6124745389321393
1215.1418340021871,4.9521184,0.047051236,1.6104976840232033
1215.1517877482138,5.230409,0.048341867,1.6084779509848124
1215.1617414942402,5.2405705,0.048393294,1.606408385573059
1215.171695240267,5.4214315,0.049217418,1.6042839100964321
1215.1816489862936,5.6342254,0.050162334,1.6021034220527905
1215.19160273232,5.771891,0.050764907,1.599860675799268
1215.2015564783467,5.8456645,0.051089957,1.5975463404430892
1215.2115102243733,6.038629,0.051913224,1.5951378155945992
1215.2214639703998,6.247133,0.0527968,1.5926316364488828
1215.2314177164264,6.4303727,0.053559653,1.5900105557867916
1215.241371462453,6.748333,0.054858487,1.587254110077802
1215.2513252084796,6.834611,0.055207834,1.5843192751285964
1215.261278954506,7.0249653,0.055970587,1.5811883332042336
1215.2712327005327,7.267605,0.056927834,1.577846460481012
1215.2811864465593,7.4607024,0.057672467,1.574271849344192
1215.2911401925858,7.587151,0.05816077,1.5704178235968325
1215.3010939386124,7.66134,0.058437984,1.5661879192629882
1215.311047684639,7.9102426,0.05937101,1.5614974532560542
1215.3210014306655,8.0003805,0.05970782,1.5562104992775638
1215.3309551766922,8.103558,0.060092177,1.550201668707143
1215.3409089227187,8.119316,0.06015039,1.5432548740161218
1215.3508626687453,8.274577,0.060720585,1.5354294872028267
1215.360816414772,8.297664,0.06080323,1.5267337371365444
1215.3707701607984,8.294373,0.060793158,1.5171918527577053
1215.380723906825,8.365767,0.061049484,1.5067843478597704
1215.3906776528515,8.4278,0.061271604,1.4955820494990433
1215.4006313988782,8.5411005,0.061678745,1.483700938461239
1215.4105851449049,8.82173,0.062681206,1.4712001768970717
1215.4205388909313,8.919742,0.06302755,1.4581314017894307
1215.430492636958,8.873164,0.06286282,1.4445176585085795
1215.4404463829844,9.1630335,0.0638824,1.4305127792987784
1215.450400129011,9.274996,0.06426692,1.4162128593547694
1215.4603538750378,9.374811,0.06461426,1.4017329807358871
1215.4703076210642,9.571437,0.065282494,1.3872217942495857
1215.4802613670909,9.666584,0.06560392,1.37285606186562
1215.4902151131173,9.850017,0.06622509,1.3587803538745538
1215.500168859144,9.887452,0.066356115,1.3451199622201886
1215.5101226051706,10.104145,0.06707189,1.3319940947825573
1215.520076351197,9.933395,0.06650296,1.3194592653009756
1215.5300300972237,9.91006,0.06642224,1.3074338335933375
1215.5399838432504,9.848975,0.06622147,1.295878781633485
1215.5499375892769,9.856386,0.06624832,1.284762183362747
1215.5598913353035,9.740698,0.06586402,1.2741228421048434
1215.56984508133,9.8660555,0.066289224,1.2638895770151655
1215.5797988273566,10.003718,0.06675608,1.254053407716305
1215.589752573383,10.034882,0.06685742,1.2446117516578394
1215.5997063194097,10.100416,0.06706344,1.235597374092464
1215.6096600654364,10.033174,0.066847935,1.2270028717970103
1215.6196138114628,10.091165,0.06704351,1.2187987129057485
1215.6295675574895,10.196139,0.067389004,1.2109817594901293
1215.6395213035162,10.316649,0.06778453,1.2035566327810732
1215.6494750495426,10.214101,0.06744869,1.1965575981178933
1215.6594287955693,10.084324,0.067017786,1.189927654212389
1215.6693825415957,10.013064,0.06678789,1.183659641759057
1215.6793362876224,9.935829,0.06652914,1.1777456626575704
1215.689290033649,9.917182,0.06646499,1.1722161394418782
1215.6992437796755,9.734064,0.065855816,1.1670302994155382
1215.7091975257022,9.573285,0.06531273,1.1621585563035386
1215.7191512717286,9.404633,0.06473524,1.1575767719956669
1215.7291050177553,9.321808,0.064457335,1.1532615978309266
1215.739058763782,9.238119,0.06417087,1.1491653665479413
1215.7490125098084,9.160927,0.06390361,1.1452024245050652
1215.758966255835,9.064857,0.06356923,1.1413043897771886
1215.7689200018615,8.8787,0.06292155,1.137400586566821
1215.7788737478882,8.701361,0.062294755,1.1334035957727449
1215.7888274939148,8.615746,0.061990418,1.1292603117674855
1215.7987812399413,8.528175,0.061692245,1.1249294332436501
1215.808734985968,8.572988,0.06185141,1.1203839860993428
1215.8186887319944,8.355582,0.06106231,1.1155910254442678
1215.828642478021,8.215915,0.060562413,1.1105540559100096
1215.8385962240477,8.289308,0.06082597,1.1052979509718779
1215.8485499700741,8.234687,0.06062764,1.0998361859454842
1215.8585037161008,8.079484,0.06006065,1.094180212572574
1215.8684574621275,7.9628296,0.059623085,1.088331205418262
1215.878411208154,8.026134,0.059860047,1.082332889115997
1215.8883649541806,7.9030547,0.059402663,1.0762056046164905
1215.898318700207,7.799072,0.059015304,1.06997082807364
1215.9082724462337,7.7217517,0.058781855,1.0636439838345093
1215.9182261922601,7.4994526,0.05840812,1.057258698530886
1215.9281799382868,7.2886376,0.057490498,1.0508420200964925
1215.9381336843135,7.129185,0.057867695,1.0444182667241595
1215.94808743034,7.1076083,0.059349064,1.038014360026982
1215.9580411763666,6.9958253,0.05939895,1.0316619664163573
1215.9679949223932,6.8276668,0.0589765,1.0253851679878405
1215.9779486684197,6.8253584,0.058772426,1.019212146013989
1215.9879024144464,6.6619406,0.05889401,1.013173027555224
1215.9978561604728,6.546181,0.05790046,1.007330460027426
1216.0078099064995,6.2667584,0.055826563,1.0017029336853513
1216.017763652526,6.2507706,0.056475267,0.9963291614603306
1216.0277173985526,6.066663,0.056166872,0.9912531894980031
1216.0376711445792,5.878316,0.055050608,0.9865585068838619
1216.0476248906057,5.6968493,0.054801848,0.9823106286261555
1216.0575786366323,5.482282,0.054062735,0.9785522289704505
1216.067532382659,5.2533336,0.052180346,0.9753653235623501
1216.0774861286855,5.1109533,0.051443134,0.9728586113186859
1216.0874398747121,4.9185343,0.051642653,0.9712117335773169
1216.0973936207386,4.8718753,0.05232515,0.970354044622382
1216.1073473667652,4.594792,0.050037872,0.9702440212778738
1216.117301112792,4.364053,0.04783011,0.9707888638208949
1216.1272548588183,4.0856066,0.04569072,0.9719152985758184
1216.137208604845,3.999991,0.045671593,0.9734444967450502
1216.1471623508714,3.8631604,0.044315595,0.9752423102801809
1216.157116096898,3.6459692,0.043006018,0.9772088780877364
1216.1670698429248,3.660049,0.043856323,0.9792579026151733
1216.1770235889512,3.4101732,0.041728344,0.9813048178622239
1216.1869773349779,3.3146958,0.040925402,0.9832796204246612
1216.1969310810043,3.242562,0.040471256,0.9851235228332738
1216.206884827031,3.2198288,0.040324993,0.9867811584020206
1216.2168385730577,3.0551665,0.039083686,0.9881607846237648
1216.226792319084,2.8802443,0.038022216,0.9892434972684415
1216.2367460651108,2.7902503,0.0376709,0.9900037150026061
1216.2466998111372,2.7855728,0.038112238,0.9904325366675368
1216.2566535571639,2.6589801,0.03780465,0.9905330543597264
1216.2666073031905,2.5416892,0.03718755,0.9903848541729424
1216.276561049217,2.4347973,0.035871934,0.9901169690297973
1216.2865147952436,2.2928045,0.034773536,0.9898608314828046
1216.2964685412703,2.2725804,0.035319388,0.9897649885941705
1216.3064222872968,2.2344553,0.03505472,0.9900051031745355
1216.3163760333234,2.1234167,0.034631222,0.990618602276124
1216.3263297793499,2.0617256,0.034025457,0.9916355718903334
1216.3362835253765,1.9622183,0.03367042,0.9930693034176218
1216.346237271403,1.9204079,0.03408919,0.9949739519930207
1216.3561910174296,1.8531265,0.03389571,0.9973376338894244
1216.3661447634563,1.7213818,0.032879785,1.0001502690271669
1216.3760985094827,1.6002076,0.031495005,1.0034253659613293
1216.3860522555094,1.4941269,0.03026017,1.0071979423227888
1216.396006001536,1.440484,0.02973533,1.0115234955468893
1216.4059597475625,1.3522071,0.028542688,1.0163620182677309
1216.4159134935892,1.2805463,0.02752264,1.021728011477414
1216.4258672396156,1.1590012,0.025495792,1.0276350418672267
1216.4358209856423,1.0978519,0.024485333,1.0341706485613584
1216.4457747316687,0.9578741,0.023059115,1.0412887092023166
1216.4557284776954,0.8781705,0.022468753,1.0489876130376847
1216.465682223722,0.7578429,0.020293696,1.0572785525346053
1216.4756359697485,0.66347635,0.018440489,1.0662134308014717
1216.4855897157752,0.6209565,0.018237112,1.0758164685407372
1216.4955434618018,0.5514504,0.017017074,1.086042455321616
1216.5054972078283,0.50304085,0.015996821,1.096897177420034
1216.515450953855,0.3896639,0.014061404,1.1083836527091384
1216.5254046998814,0.37725538,0.0139246285,1.1205896552738326
1216.535358445908,0.3233105,0.012823658,1.1334047253493433
1216.5453121919347,0.25128895,0.011108206,1.146805095697659
1216.5552659379612,0.20796967,0.010017904,1.1607566084257588
1216.5652196839878,0.15374982,0.00867204,1.1752580882406392
1216.5751734300143,0.1304914,0.008018241,1.1902297899800922
1216.585127176041,0.10153845,0.00712041,1.2055793155021075
1216.5950809220676,0.06832172,0.005913827,1.2212415653135722
1216.605034668094,0.06054466,0.0055837394,1.2371553076072617
1216.6149884141207,0.04900112,0.00506565,1.2532625528069663
1216.6249421601474,0.03583968,0.004385903,1.2694741426338434
1216.6348959061738,0.027845796,0.0039107166,1.285735368987884
1216.6448496522005,0.02080424,0.0034288617,1.3019960640588877
1216.654803398227,0.010513744,0.0025343532,1.3181993309314535
1216.6647571442536,0.019769944,0.0033545173,1.334301686146608
1216.67471089028,0.016548594,0.0030938603,1.3502683474959998
1216.6846646363067,0.013309806,0.002808938,1.3660656666391897
1216.6946183823334,0.0160555,0.0030488267,1.381650056044942
1216.7045721283598,0.015214826,0.0029829289,1.3969769631344002
1216.7145258743865,0.009617493,0.0024491935,1.412040597590472
1216.7244796204131,0.009042785,0.0023726402,1.4268151173442258
1216.7344333664396,0.01374768,0.002850322,1.441275353247856
1216.7443871124663,0.006834034,0.002112105,1.4553441357446995
1216.7543408584927,0.0077173305,0.0022325614,1.4690402413337198
1216.7642946045194,0.010007529,0.0024837672,1.4823445381011107
1216.7742483505458,0.007271175,0.002168184,1.4952348246547644
1216.7842020965725,0.0049605905,0.0018533071,1.507653504581075
1216.7941558425991,0.005827934,0.001981434,1.5195783462997392
1216.8041095886256,0.008182179,0.0022797952,1.5310249972854475
1216.8140633346522,0.009198719,0.0024110654,1.54197745949471
1216.824017080679,0.0049593286,0.0018567689,1.5524158245675928
1216.8339708267054,0.01006636,0.0024988696,1.5622657609453219
1216.843924572732,0.0050278474,0.0018775548,1.5715985697199073
1216.8538783187585,0.0058888486,0.0019908475,1.580419122518094
1216.8638320647851,0.005918438,0.0019948408,1.588739724728722
1216.8737858108118,0.0026556987,0.0015542195,1.5965338076301463
1216.8837395568382,0.009149153,0.0024020153,1.603860173711852
1216.893693302865,0.0055172606,0.001944439,1.6107795101700713
1216.9036470488913,0.0068311035,0.0021925124,1.6173317911436795
1216.913600794918,0.005014062,0.0018674696,1.6235483078770003
1216.9235545409447,0.0040503996,0.001729211,1.6294572816930042
1216.9335082869711,0.005481345,0.001954498,1.6351376647762823
1216.9434620329978,0.0031467138,0.0015578364,1.6406258838545489
1216.9534157790242,0.0036117034,0.0016964898,1.6459517878017955
1216.963369525051,0.0055084843,0.0019538137,1.6511242685272571
1216.9733232710776,0.008319815,0.0023182326,1.6561775294954135
1216.983277017104,0.0069380756,0.0021436065,1.6611278078065506
1216.9932307631307,0.007399098,0.0021993448,1.6659837778164543
1217.003184509157,0.0055571096,0.0019541315,1.6707460890152315
1217.0131382551838,0.0041623157,0.0017490765,1.675415988291669
1217.0230920012104,0.006466901,0.0020833595,1.6800029900084141
1217.0330457472369,0.0013973457,0.0012701267,1.6845071016084714
1217.0429994932636,0.0036914542,0.001659662,1.6889273982155615
1217.0529532392902,0.0064941607,0.0020898387,1.6932492211076102
1217.0629069853167,0.004211703,0.0018388499,1.6974834725167733
1217.0728607313433,0.0018393227,0.0012992996,1.7016294460552963
1217.0828144773698,0.0018312086,0.0013551426,1.7056862661429664
1217.0927682233964,0.0013873319,0.0013652156,1.709645641939207
1217.1027219694229,0.0027981913,0.0015894886,1.7135086138657147
1217.1126757154495,0.004196568,0.0017633784,1.717281707886106
1217.1226294614762,0.0027987428,0.0015559616,1.7209651785000617
1217.1325832075026,0.002767195,0.0015829477,1.7245578734258626
1217.1425369535293,0.004621233,0.0018154982,1.728050383016149
1217.152490699556,0.001388657,0.0011974605,1.7314563596150483
1217.1624444455824,0.0032186762,0.00157627,1.7347773095293155
1217.172398191609,0.0032511412,0.0016382985,1.7380147569280981
1217.1823519376355,0.0032371713,0.001586756,1.7411618313964654
1217.1923056836622,0.002771125,0.0015204846,1.7442256823096827
1217.2022594296886,0.0041689994,0.0017435764,1.7472123018235832
1217.2122131757153,0.0018738011,0.0014048648,1.7501238537699488
1217.222166921742,0.0032699625,0.0016073642,1.7529598521779857
1217.2321206677684,0.003753835,0.0017294533,1.7557178843836871
1217.242074413795,0.0009743821,0.0012431733,1.7584083262348629
1217.2520281598217,0.0037413007,0.0016815197,1.761032498332208
1217.2619819058482,4.0172108e-05,0.0011136053,1.7635904897223682
1217.2719356518749,0.0037826898,0.0016970373,1.7660715465057502
1217.2818893979013,0.0033164949,0.0016544614,1.7684784106847977
1217.291843143928,0.0019102605,0.0014121733,1.7708075096947211
1217.3017968899546,0.0014586585,0.0012135667,1.773053278088569
1217.311750635981,0.0047371956,0.001891934,1.7752056089848327
1217.3217043820077,0.002866752,0.0015262082,1.7772590910901074
1217.3316581280342,0.0014869045,0.0012220863,1.7792221960452108
1217.3416118740608,0.002863949,0.0015323727,1.7810966781801374
1217.3515656200875,0.004733852,0.0018531163,1.78288520455052
1217.361519366114,0.0019670813,0.001345466,1.7845790430056883
1217.3714731121406,0.0051914905,0.001915912,1.7861951254421697
1217.3814268581673,0.0005947712,0.0012343923,1.7877402525848556
1217.3913806041937,0.0019391152,0.0013375686,1.789223469307911
1217.4013343502204,0.0024350833,0.001455255,1.7906534936550176
1217.4112880962468,0.0033735405,0.0016391758,1.7920468306116804
1217.4212418422735,0.0033729842,0.0016906245,1.7934192987050477
1217.4311955883,0.00061878056,0.0011408599,1.7947807780854308
1217.4411493343266,0.0010506534,0.0011746328,1.796137945968145
1217.4511030803533,0.0015105195,0.0013819147,1.7974940225243181
1217.4610568263797,0.0006035092,0.0011366992,1.7988492827762346
1217.4710105724064,0.0019839292,0.0014167331,1.800202388486414
1217.480964318433,0.002484448,0.001516401,1.8015518214001056
1217.4909180644595,0.0001351979,0.0010111929,1.8028958610905566
1217.5008718104862,0.002454712,0.0014558967,1.8042342223404948
1217.5108255565126,0.0034401147,0.0016954822,1.8055672515310641
1217.5207793025393,0.00063024095,0.0011467239,1.8068952706462151
1217.5307330485657,0.0020336786,0.0014193392,1.8082185322415794
1217.5406867945924,0.0015719496,0.0013325567,1.8095371726593301
1217.550640540619,0.00062862824,0.0011518135,1.8108521206067838
1217.5605942866455,0.0038969172,0.001723016,1.812163679172618
1217.5705480326721,0.0011305807,0.001221473,1.813472104179472
1217.5805017786988,0.0034263053,0.0016460905,1.8147772027706859
1217.5904555247253,0.0011297968,0.0013779568,1.8160793139803508
1217.600409270752,0.0010977573,0.0011996974,1.8173783853221261
1217.6103630167784,0.0038687305,0.0017172125,1.8186741196468383
1217.620316762805,0.0034317,0.0016422702,1.8199658938102863
1217.6302705088317,0.0011216942,0.001219621,1.8212531015968034
1217.6402242548581,0.0015682948,0.0012551915,1.822535956607507
1217.6501780008848,0.00018581846,0.0010065562,1.8238145260318694
1217.6601317469112,0.0010968863,0.0011228477,1.825089143247331
1217.670085492938,0.0006345969,0.0011586772,1.8263599373786814
1217.6800392389646,0.0025033145,0.0015337366,1.8276281092558646
1217.689992984991,0.0020296269,0.0013665777,1.8288942997733202
1217.6999467310177,0.0006620238,0.0011459935,1.830159157664425
1217.7099004770441,0.0015838476,0.0013429105,1.831423222707287
1217.7198542230708,0.0015867929,0.0013245092,1.8326864264688638
1217.7298079690975,0.00066425925,0.0011687129,1.833947783157764
1217.739761715124,0.00206472,0.0015107889,1.8352053612798411
1217.7497154611506,0.0011114186,0.0012758953,1.8364563392223983
1217.759669207177,0.00019055414,0.001096511,1.8376951832972663
1217.7696229532037,0.00018556409,0.0010243859,1.838918866719556
1217.7795766992303,0.00203786,0.0013694821,1.8401231311566189
1217.7895304452568,0.0011303038,0.0012220264,1.841303901411315
1217.7994841912835,0.0011261527,0.0012805343,1.84245450131548
1217.8094379373101,0.0016185077,0.0013394016,1.8435720949336503
1217.8193916833366,0.002540953,0.0014792642,1.8446566066306298
1217.8293454293632,0.001150418,0.0012951735,1.845708443685352
1217.8392991753897,0.0020754423,0.0014456594,1.8467300486017115
1217.8492529214163,0.0030351062,0.0016377945,1.8477260182281232
1217.8592066674428,0.0007005928,0.0011834011,1.848708533254209
1217.8691604134694,0.0011559504,0.0012129255,1.849686505584486
1217.879114159496,0.0007049856,0.0010969097,1.8506681792450368
1217.8890679055226,0.0011820992,0.0012327665,1.8516616963243284
1217.8990216515492,0.0011728673,0.001228818,1.852670487887656
1217.908975397576,0.00073169015,0.0011819834,1.8536952314781219
1217.9189291436023,0.0011802533,0.0012267816,1.854735930833352
1217.928882889629,0.00024792287,0.0011085671,1.8557926108885456
1217.9388366356554,0.0016445009,0.0014051277,1.8568650150430903
1217.948790381682,0.00025220908,0.0010270794,1.857949636995931
1217.9587441277085,0.0011789466,0.0012254552,1.8590434226842614
1217.9686978737352,0.000712124,0.001174515,1.8601418127039973
1217.9786516197619,0.0016351684,0.0013452473,1.8612376481054986
1217.9886053657883,0.0007245163,0.0011785044,1.8623225074159415
1217.998559111815,0.0016515664,0.0014156523,1.8633880206968758
1218.0085128578417,0.0021075832,0.0013930615,1.8644262316195277
1218.018466603868,0.0030627856,0.0015947756,1.8654290647091432
1218.0284203498948,0.0016576294,0.0013439761,1.8663934416771695
1218.0383740959212,0.0011892833,0.001227475,1.867326811774431
1218.0483278419479,0.0016575211,0.0013455176,1.8682384880872827
1218.0582815879745,0.00025925177,0.0010253701,1.8691415841415355
1218.068235334001,0.00025818244,0.0010288653,1.8700531198889372
1218.0781890800276,0.0011824303,0.0012360638,1.8709851169938707
1218.088142826054,0.00026005003,0.001111881,1.8719431571112917
1218.0980965720807,0.00070295326,0.001091485,1.87292701001188
1218.1080503181074,0.0011784334,0.0011554318,1.8739328298907
1218.1180040641339,-0.00020268033,0.0009693852,1.874951355395458
1218.1279578101605,0.000713243,0.0011713832,1.8759723780889586
1218.1379115561872,0.0011822318,0.0011576839,1.8769873381105382
1218.1478653022136,0.00026241952,0.0010179762,1.8779876772206388
1218.1578190482403,0.0021163465,0.0013916006,1.8789604963240154
1218.1677727942667,0.0035314332,0.0016720848,1.8799004143887217
1218.1777265402934,0.0016825054,0.001366836,1.8808008686391204
1218.1876802863198,0.0007069704,0.0012493044,1.8816570325180912
1218.1976340323465,0.0011905323,0.0013065271,1.882460653592343
1218.2075877783732,-0.00022353938,0.00096940814,1.8832083208949917
1218.2175415243996,0.0007116732,0.0011770999,1.883894359873774
1218.2274952704263,0.0020895621,0.0013837882,1.8845046219975816
1218.237449016453,-0.0002147506,0.0009694052,1.885017812841286
1218.2474027624794,0.0006903761,0.0010886929,1.8854000425987438
1218.257356508506,0.0011921525,0.0012416429,1.8856515138960908
1218.2673102545325,0.0016558843,0.0013587767,1.8857690324189373
1218.2772640005592,0.0007310829,0.0010954149,1.8857615960253018
1218.2872177465856,0.00073007256,0.0012606975,1.8856424892327097
1218.2971714926123,0.0007100009,0.0011793709,1.8854550862498645
1218.307125238639,0.00069495593,0.0010882698,1.8852398555710745
1218.3170789846654,0.0011812848,0.001240948,1.8850301988359668
1218.327032730692,0.0007049255,0.0010875677,1.8848546270801179
1218.3369864767187,0.0016529628,0.0013479028,1.8847371910335053
1218.3469402227452,0.00024759703,0.0011193125,1.8846820718338495
1218.3568939687718,0.00024164662,0.0010350544,1.8846919858928548
1218.3668477147983,0.0011693285,0.0012959973,1.8847662219424004
1218.376801460825,0.00025640897,0.0010204109,1.884909886624601
1218.3867552068516,0.001181841,0.0012401592,1.885113798887766
1218.396708952878,0.0002548004,0.0010402659,1.885373006357447
1218.4066626989047,0.00023214205,0.0010142842,1.8856845813122727
1218.4166164449312,-0.0006879662,0.0009694445,1.8860485145742725
1218.4265701909578,0.00022173159,0.0010187296,1.8864644776703878
1218.4365239369845,0.0006920847,0.0011734491,1.8869259832146108
1218.446477683011,0.00069752964,0.0010799979,1.887431880314516
1218.4564314290376,0.00024492416,0.001022798,1.8879813428236485
1218.466385175064,-0.0006922873,0.00096945325,1.8885795039557567
1218.4763389210907,0.0020899915,0.0013943351,1.8892198341670103
1218.4862926671174,0.0011703926,0.001211778,1.8898990763354977
1218.4962464131438,0.002094301,0.0014514641,1.8906115333848703
1218.5062001591705,0.0021003457,0.0013878671,1.8913453281056645
1218.516153905197,0.00022638438,0.0010035485,1.8920718252771285
1218.5261076512236,0.0016126457,0.001333706,1.8927481767342391
1218.5360613972503,0.0011452666,0.0012211173,1.8933173139514736
1218.5460151432767,-0.0007184012,0.0009694659,1.8937116248372652
1218.5559688893034,0.00018990677,0.0010247001,1.8938131459073069
1218.56592263533,0.0015795501,0.0012605246,1.8935903780446341
1218.5758763813565,0.0016097346,0.0013477928,1.892999166088593
1218.5858301273831,0.0015992341,0.001346404,1.8920135158593436
1218.5957838734096,0.00113546,0.0012990581,1.8905917774929337
1218.6057376194362,0.00021093534,0.0010146224,1.8887473769863958
1218.6156913654627,0.00066881906,0.0011819305,1.8865316901085178
1218.6256451114893,-0.00072358217,0.0009848678,1.8839794091604047
1218.635598857516,0.0035624627,0.0017647136,1.8811355457494388
1218.6455526035425,0.00026604882,0.0010733401,1.8780422340417222
1218.6555063495691,-0.00024165562,0.0010010813,1.8748139164263484
1218.6654600955958,-0.00023584503,0.0009986737,1.8715332087244732
1218.6754138416222,0.00024651605,0.0010731024,1.8682862031952812
1218.685367587649,0.0021472205,0.0014455669,1.8651738333424681
1218.6953213336753,0.00024347246,0.0010586852,1.8622700006070885
1218.705275079702,0.001686938,0.0013877866,1.8596078607123891
1218.7152288257284,0.0021703918,0.0015622346,1.8572053602024752
1218.725182571755,0.0007553405,0.001139431,1.8550684103957593
1218.7351363177818,0.0002578014,0.0011480118,1.8532085744295608
1218.7450900638082,0.0017403768,0.0014133477,1.8515751496033557
1218.755043809835,0.0007481078,0.0011474856,1.850150914861715
1218.7649975558616,0.0017434919,0.0014838536,1.8489199353494172
1218.774951301888,0.0012721802,0.0012978925,1.8478854156536484
1218.7849050479147,0.0037041984,0.0020133797,1.8470197294768869
1218.794858793941,0.0007947471,0.0012118563,1.8462997415404612
1218.8048125399678,0.0026694436,0.0016723045,1.8457097533522888
1218.8147662859944,0.0012349035,0.0012865978,1.8452374065727701
1218.8247200320209,0.0022352391,0.0015172244,1.844873264959685
1218.8346737780475,0.00027801495,0.0010435272,1.8445931873824628
1218.844627524074,0.0017168837,0.001408843,1.8443909376282288
1218.8545812701007,0.0036866295,0.0017832137,1.8442658941416332
1218.8645350161273,0.004104353,0.0018839224,1.8442337252268814
1218.8744887621538,0.003651302,0.0018211093,1.8442977280932076
1218.8844425081804,0.00028780737,0.0011875661,1.844464961213213
1218.894396254207,0.0012033914,0.0013107526,1.8447441121600876
1218.9043500002335,0.0012067881,0.0012114706,1.8451482050757793
1218.9143037462602,0.0012079703,0.0013163391,1.8456899361827865
1218.9242574922866,0.00363838,0.0017500087,1.8463596144088898
1218.9342112383133,0.0046424684,0.0020046278,1.8471596154710712
1218.9441649843397,0.0032114084,0.0018257301,1.848092299820372
1218.9541187303664,0.0022187303,0.0015508771,1.8491788372927387
1218.964072476393,0.001738701,0.0014538991,1.8504088722579226
1218.9740262224195,0.0017159176,0.0014288159,1.8517842033148717
1218.9839799684462,0.0027047468,0.0017138306,1.853309914408857
1218.9939337144729,0.0012766497,0.0014451918,1.854999583115601
1219.0038874604993,0.0041412,0.0019098956,1.8568585481353992
1219.013841206526,0.0017361153,0.0015000795,1.8588635931818773
1219.0237949525524,0.0031981452,0.0017167956,1.860996427302732
1219.033748698579,0.005187873,0.0020494568,1.8632294546565864
1219.0437024446055,0.0032508553,0.0017602971,1.8655325345525178
1219.0536561906322,0.001246074,0.0014517951,1.8678562455100953
1219.0636099366588,0.004224192,0.0019042055,1.870168241086954
1219.0735636826853,0.004244543,0.001978898,1.8724465331532172
1219.083517428712,0.0042668665,0.0019239393,1.8746785852650123
1219.0934711747386,0.0027253877,0.0017565335,1.8768703761341865
1219.103424920765,0.0017409016,0.00139863,1.879043301347326
1219.1133786667917,0.004117272,0.0019239191,1.881219610499171
1219.1233324128182,0.0022159345,0.0015838072,1.8834220501994252
1219.1332861588448,0.0036761197,0.0020413883,1.8856810624044311
1219.1432399048715,0.006072689,0.002243169,1.8880069813817382
1219.153193650898,0.0065114573,0.0021841382,1.89041064015398
1219.1631473969246,0.00457909,0.0019003894,1.8929000353388834
1219.173101142951,0.003179599,0.0017291084,1.8954893643458093
1219.1830548889777,0.0035852669,0.0017325444,1.8981842679869505
1219.1930086350044,0.004537578,0.0018830264,1.9009828773631114
1219.2029623810308,0.0036092957,0.0017585072,1.903890259593638
1219.2129161270575,0.0064071394,0.002174991,1.9069126402720151
1219.222869873084,0.0035881272,0.001724834,1.9100725466665587
1219.2328236191106,0.0058743577,0.0020969533,1.9133586452560212
1219.2427773651373,0.007236677,0.0022301406,1.9167765861511796
1219.2527311111637,0.009098473,0.0024446247,1.9203323453828292
1219.2626848571904,0.003075017,0.0015936593,1.9240462020935736
1219.2726386032168,0.0034730406,0.0016639199,1.9279230764898658
1219.2825923492435,0.0067536063,0.0021632253,1.9319616719029695
1219.2925460952702,0.0044258833,0.001831263,1.9361693276196517
1219.3024998412966,0.003960289,0.0017919047,1.940553000176113
1219.3124535873233,0.0076709124,0.0022749174,1.9451257760650815
1219.32240733335,0.0058351117,0.0020325633,1.9498393013335873
1219.3323610793764,0.0062644104,0.002121202,1.954649718724108
1219.342314825403,0.0063000987,0.0020922455,1.9594959577214763
1219.3522685714295,0.006295748,0.0020933165,1.964292396590619
1219.3622223174561,0.005351184,0.0019602657,1.9689495975355262
1219.3721760634826,0.008618186,0.0023911917,1.9733995949976995
1219.3821298095093,0.0062716682,0.0020902369,1.9775825385517112
1219.392083555536,0.0044076103,0.0018246348,1.9814411653834603
1219.4020373015624,0.0067026448,0.0021527272,1.98489895772797
1219.411991047589,0.005357032,0.0019651472,1.9879743859186674
1219.4219447936157,0.00717306,0.0022042983,1.9906538686199522
1219.4318985396421,0.010022179,0.0025382584,1.992933790294678
1219.4418522856688,0.006782471,0.002159331,1.9947804132337636
1219.4518060316952,0.008123528,0.0023227478,1.9962422964846143
1219.461759777722,0.010965709,0.002639095,1.997374534028244
1219.4717135237483,0.010941676,0.002632135,1.9982290795718052
1219.481667269775,0.0049185683,0.0018956886,1.9988649597951236
1219.4916210158017,0.011399497,0.0026816984,1.9993477652918643
1219.5015747618281,0.009129686,0.0024442535,1.9997581594980443
1219.5115285078548,0.011408262,0.0026816586,2.0001390457478307
1219.5214822538815,0.0072850976,0.0022270856,2.0005182772426693
1219.531435999908,0.007704902,0.0022781529,2.0009134319337614
1219.5413897459346,0.0091069825,0.00244276,2.0013295150880532
1219.551343491961,0.008649256,0.0024031147,2.0017657464772536
1219.5612972379877,0.009262088,0.0025237568,2.0022200208026257
1219.5712509840143,0.012683591,0.0029508073,2.002690389731451
1219.5812047300408,0.011315935,0.0027820936,2.0031755019067643
1219.5911584760674,0.015267246,0.0032571147,2.0036728898461464
1219.601112222094,0.01094466,0.0027592937,2.0041826960744498
1219.6110659681206,0.012548519,0.0029098724,2.00470571360333
1219.6210197141472,0.013573706,0.0031250943,2.0052449216947625
1219.6309734601737,0.015034968,0.003239017,2.0058002327333986
1219.6409272062003,0.016672945,0.0034620957,2.0063719002835656
1219.6508809522268,0.015238399,0.003400615,2.0069601821965772
1219.6608346982534,0.01224219,0.0030598685,2.0075657063888674
1219.67078844428,0.0156112965,0.0033902342,2.008188747688046
1219.6807421903065,0.015187201,0.003401274,2.0088269793600118
1219.6906959363332,0.012869814,0.0030750926,2.009479860444784
1219.7006496823597,0.015269694,0.0033876179,2.0101471611344253
1219.7106034283863,0.018098848,0.003579426,2.0108312078807797
1219.720557174413,0.011335844,0.0029462643,2.011531664840825
1219.7305109204394,0.016378356,0.0035535581,2.012249729898237
1219.740464666466,0.014193945,0.0032382344,2.0129871016583616
1219.7504184124928,0.021540672,0.00391633,2.01374653183759
1219.7603721585192,0.021115057,0.0038351296,2.0145300702437323
1219.7703259045459,0.023032794,0.003956413,2.015335959635926
1219.7802796505723,0.019087052,0.0036183037,2.016164078642732
1219.790233396599,0.022847904,0.0039858227,2.017014077705048
1219.8001871426254,0.025846703,0.0045485985,2.017888435307697
1219.810140888652,0.019627081,0.0040390887,2.018784383861847
1219.8200946346788,0.018930936,0.003977221,2.0197015508624303
1219.8300483807052,0.018298432,0.003921197,2.02064011438826
1219.8400021267319,0.022033356,0.004244845,2.021601720678244
1219.8499558727585,0.018937787,0.0039780056,2.0225873892754542
1219.859909618785,0.026424795,0.004591373,2.0235953991230624
1219.8698633648116,0.020254655,0.004095045,2.024625989668403
1219.879817110838,0.027049735,0.004637896,2.0256794821069937
1219.8897708568647,0.02529175,0.0045084395,2.0267598629832766
1219.8997246028914,0.022102483,0.0042533427,2.0278653145068097
1219.9096783489179,0.027068958,0.004642105,2.0289971856701436
1219.9196320949445,0.025856007,0.0045474274,2.03015754460537
1219.929585840971,0.03087071,0.0049149734,2.0313507940102964
1219.9395395869976,0.02655396,0.0046039512,2.032579469335394
1219.9494933330243,0.027116532,0.0046480624,2.0338412797458876
1219.9594470790507,0.033940773,0.0051203207,2.0351353939581593
1219.9694008250774,0.025957096,0.00455378,2.036459873715692
1219.9793545711038,0.02652914,0.0046037515,2.037815649628607
1219.9893083171305,0.028373443,0.0047374764,2.039195484676917
1219.9992620631572,0.030303797,0.0048768194,2.040596085391654
1220.0092158091836,0.025307361,0.0045081247,2.0420141805678083
1220.0191695552103,0.034664225,0.0051768045,2.0434468897765923
1220.0291233012367,0.029135203,0.0047979206,2.044890080124173
1220.0390770472634,0.029036062,0.004786786,2.046340180658272
1220.04903079329,0.039098173,0.005458769,2.0477962386487403
1220.0589845393165,0.027330885,0.004667279,2.049259065109411
1220.0689382853432,0.030231135,0.0048706867,2.050732226813545
1220.0788920313698,0.027223378,0.0046585104,2.052216347174347
1220.0888457773963,0.033372413,0.005088413,2.0537112739095784
1220.098799523423,0.037943058,0.005395086,2.055213936892406
1220.1087532694494,0.039143644,0.005463593,2.056717433656888
1220.118707015476,0.032304496,0.005016272,2.0582098333686667
1220.1286607615025,0.03783714,0.0053751394,2.0596778110239695
1220.1386145075292,0.03361009,0.005106419,2.061106092674039
1220.1485682535558,0.03481903,0.0051931934,2.0624782147184866
1220.1585219995823,0.036001034,0.0052640163,2.0637661342948355
1220.168475745609,0.03922089,0.005470888,2.064968686392545
1220.1784294916356,0.032360654,0.0050273375,2.0660804164657183
1220.188383237662,0.03974997,0.005503718,2.067101576237123
1220.1983369836887,0.04302179,0.005705328,2.068031758600615
1220.2082907297151,0.038637593,0.0054370505,2.0688838862018715
1220.2182444757418,0.04044448,0.0055452203,2.0696770918781873
1220.2281982217683,0.04486859,0.005806991,2.0704247286115045
1220.238151967795,0.036181275,0.005278278,2.0711391746599954
1220.2481057138216,0.04232061,0.005659557,2.0718293767380147
1220.258059459848,0.054325566,0.006333527,2.0725080258796424
1220.2680132058747,0.03941942,0.0054854075,2.0731815552861304
1220.2779669519014,0.041084636,0.005582178,2.073854711076576
1220.2879206979278,0.04931927,0.006061343,2.0745312134238487
1220.2978744439545,0.043782186,0.005747918,2.0752133023385326
1220.307828189981,0.041217152,0.0055982065,2.07590150408838
1220.3177819360076,0.03484172,0.0051906887,2.076595758650603
1220.3277356820342,0.043673143,0.0057511004,2.077295458719796
1220.3376894280607,0.049911886,0.0060993684,2.0780001433931874
1220.3476431740874,0.04755971,0.005057666,2.0787082365992506
1220.3575969201138,0.051277608,0.0052367193,2.0794191453607707
1220.3675506661405,0.044310797,0.0048975125,2.0801326022739213
1220.3775044121671,0.055456147,0.005431106,2.0808488113342114
1220.3874581581936,0.06344666,0.0057806964,2.081567897221784
1220.3974119042202,0.063934006,0.00579933,2.0822898330706217
1220.4073656502467,0.058361977,0.0055595115,2.083014666712333
1220.4173193962733,0.056387354,0.0054656025,2.083742425332795
1220.4272731423,0.055140764,0.0054166336,2.084473499802111
1220.4372268883264,0.05922196,0.005597535,2.085207619501163
1220.4471806343531,0.052333493,0.005291054,2.085944869763114
1220.4571343803796,0.0582316,0.0055531343,2.0866851636484345
1220.4670881264062,0.06247558,0.0057343943,2.087428271556402
1220.477041872433,0.061195806,0.005683994,2.0881731332066
1220.4869956184593,0.052777212,0.0053094537,2.088918304464162
1220.496949364486,0.06057546,0.005654437,2.089662381541716
1220.5069031105127,0.058370702,0.0055595916,2.0904041091908705
1220.516856856539,0.06615464,0.005884642,2.0911421353730915
1220.5268106025658,0.059388835,0.0056033907,2.0918765127751926
1220.5367643485922,0.06820294,0.005981815,2.0926069876625997
1220.5467180946189,0.05227649,0.005284905,2.093332895076377
1220.5566718406453,0.067074075,0.0059267334,2.094051610462055
1220.566625586672,0.068142354,0.0059690354,2.094758401331225
1220.5765793326987,0.066327766,0.0058972063,2.095444780034569
1220.586533078725,0.067699276,0.0059543704,2.0960944702650517
1220.5964868247518,0.07510143,0.00624699,2.0966795986846694
1220.6064405707784,0.06447195,0.005818405,2.0971421292964147
1220.6163943168049,0.07282876,0.0061614485,2.0974447884340734
1220.6263480628315,0.071421765,0.0061061285,2.097542331422392
1220.636301808858,0.069560274,0.0060313507,2.097399554067022
1220.6462555548846,0.06589782,0.0058863442,2.09697396212855
1220.656209300911,0.0717382,0.006113723,2.0962772437816204
1220.6661630469378,0.06406604,0.0058061318,2.0953509671575845
1220.6761167929644,0.07503859,0.0062442715,2.0942359602917886
1220.6860705389909,0.07995689,0.0064405617,2.092984152710315
1220.6960242850175,0.07655592,0.006308212,2.091658065616172
1220.7059780310442,0.06583266,0.005876832,2.09033920452692
1220.7159317770706,0.07610828,0.006291192,2.089085607758181
1220.7258855230973,0.09381349,0.006937655,2.087940984027853
1220.7358392691237,0.08926518,0.006777999,2.086942409009457
1220.7457930151504,0.08589764,0.00665119,2.08609049927723
1220.755746761177,0.080485925,0.0064590382,2.0853683293242105
1220.7657005072035,0.08675732,0.0066841235,2.0847638835812052
1220.7756542532302,0.09206948,0.0068759774,2.0842670244555324
1220.7856079992566,0.075277105,0.0062558586,2.08387908040084
1220.7955617452833,0.077942446,0.006355492,2.0835783445316176
1220.80551549131,0.08225882,0.0065230695,2.083357686354935
1220.8154692373364,0.083116256,0.0065527093,2.0832091446633116
1220.825422983363,0.076640576,0.0063089486,2.0831283943645924
1220.8353767293897,0.08644039,0.0066772075,2.083101924362411
1220.8453304754162,0.08549182,0.0066400953,2.0831161533839326
1220.8552842214428,0.084076636,0.00658555,2.0831622137387673
1220.8652379674693,0.09443934,0.0069597997,2.0832327198557925
1220.875191713496,0.07488326,0.006242602,2.0833228834761672
1220.8851454595224,0.087340064,0.006710083,2.0834251907073433
1220.895099205549,0.082301974,0.0065269573,2.0835367240213696
1220.9050529515757,0.08593667,0.0066578654,2.08365614049323
1220.9150066976022,0.09440532,0.0069601513,2.083784159005645
1220.9249604436288,0.1050441,0.007314184,2.083921740031573
1220.9349141896555,0.09643171,0.0070299986,2.0840696837207733
1220.944867935682,0.09072891,0.0068327077,2.0842290230898297
1220.9548216817086,0.088359274,0.0067486363,2.084401283740321
1220.964775427735,0.08927128,0.0067813713,2.084591191569926
1220.9747291737617,0.1007934,0.0071734767,2.0848008887762526
1220.9846829197882,0.09958948,0.0071348813,2.0850355268182224
1220.9946366658148,0.105099045,0.007315646,2.0853007925376943
1221.0045904118415,0.1047418,0.0073050805,2.0856053514566297
1221.014544157868,0.08717406,0.006707963,2.085951607264838
1221.0244979038946,0.109259605,0.007456615,2.0863359586383874
1221.0344516499213,0.10947241,0.007466139,2.086752486436268
1221.0444053959477,0.103351235,0.0072653103,2.0871894440528367
1221.0543591419744,0.10237936,0.007231201,2.087624575940588
1221.0643128880008,0.10293337,0.007253043,2.0880284488570338
1221.0742666340275,0.11801476,0.007724476,2.0883697339325757
1221.0842203800541,0.11798831,0.007731866,2.0886170386325142
1221.0941741260806,0.11368242,0.007597596,2.0887320979004627
1221.1041278721073,0.110293515,0.007485096,2.0887003315881016
1221.1140816181337,0.12109801,0.007824543,2.0885298134174386
1221.1240353641604,0.12575524,0.007964288,2.088232068166951
1221.133989110187,0.097445324,0.0070622503,2.087827163650451
1221.1439428562135,0.12559919,0.007959842,2.087333131970633
1221.1538966022401,0.12199756,0.007846857,2.086784695409484
1221.1638503482666,0.114232175,0.0076110046,2.086191847810702
1221.1738040942932,0.11585517,0.0076590828,2.0855533292552257
1221.18375784032,0.10907372,0.0074508763,2.084854501619956
1221.1937115863464,0.12011961,0.0077996566,2.0840855915984062
1221.203665332373,0.10336618,0.007263452,2.0832496418935023
1221.2136190783995,0.10980979,0.0074730916,2.082355524259886
1221.2235728244261,0.120056644,0.0077926447,2.0814203296390748
1221.2335265704528,0.11923898,0.007768075,2.080467525125001
1221.2434803164792,0.13133712,0.00813288,2.079526816237374
1221.253434062506,0.13291112,0.008183924,2.0786215301936455
1221.2633878085326,0.1265993,0.007988692,2.0777713178976858
1221.273341554559,0.12264921,0.007874961,2.076996754093824
1221.2832953005857,0.12068108,0.007817195,2.0763069151987836
1221.2932490466121,0.13163356,0.008137744,2.075701383747776
1221.3032027926388,0.12637112,0.00798602,2.0751843215226047
1221.3131565386652,0.12948313,0.008077765,2.074760929414547
1221.323110284692,0.12494658,0.007946065,2.0744519258799317
1221.3330640307186,0.12988608,0.008089871,2.0742486899122308
1221.343017776745,0.118382506,0.0077444226,2.074156470196552
1221.3529715227717,0.13870509,0.00834604,2.074180418852021
1221.3629252687983,0.13885142,0.008349948,2.0743360232203267
1221.3728790148248,0.13100874,0.008124094,2.0746288739219363
1221.3828327608514,0.12299976,0.007885291,2.075051414232621
1221.3927865068779,0.13503957,0.008241445,2.0755979521965564
1221.4027402529046,0.13184386,0.0081465645,2.0762522009672524
1221.412693998931,0.14124861,0.008421468,2.0769922325890233
1221.4226477449577,0.12906685,0.008067261,2.077759600062719
1221.4326014909843,0.1629316,0.009008226,2.078504903616612
1221.4425552370108,0.15677696,0.008847136,2.0791777104760274
1221.4525089830374,0.15896168,0.008904713,2.0797203135197
1221.462462729064,0.14561552,0.00854579,2.080092362408829
1221.4724164750905,0.16071454,0.008953383,2.080288905614511
1221.4823702211172,0.13113794,0.0081296,2.0803126320944183
1221.4923239671436,0.15874031,0.008898374,2.0801850955153287
1221.5022777131703,0.15293941,0.008740243,2.079935678111942
1221.512231459197,0.15343167,0.0087559875,2.079637079210871
1221.5221852052234,0.14354604,0.00848117,2.0793387397580037
1221.53213895125,0.16461557,0.009059198,2.079078899904465
1221.5420926972765,0.15066126,0.008683943,2.0788877871756193
1221.5520464433032,0.15659438,0.008842488,2.078780190236487
1221.5620001893299,0.15615326,0.00882833,2.0787535537992166
1221.5719539353563,0.14513169,0.008531114,2.0788080339304162
1221.581907681383,0.15241596,0.008733143,2.078942952652438
1221.5918614274096,0.16770718,0.009136409,2.0791691762949056
1221.601815173436,0.16414064,0.009041576,2.079475829068525
1221.6117689194627,0.15723026,0.008859412,2.0798623878454805
1221.6217226654892,0.17843977,0.009406524,2.080329264100794
1221.6316764115159,0.17267345,0.009260987,2.0808822281133197
1221.6416301575423,0.1707801,0.009214696,2.081523914427559
1221.651583903569,0.18127084,0.009475332,2.0822477955285663
1221.6615376495956,0.18244793,0.009505689,2.083054539082458
1221.671491395622,0.1685601,0.009155567,2.0839447764748282
1221.6814451416487,0.16335824,0.009023355,2.0849306197384587
1221.6913988876754,0.17389368,0.009294225,2.086001644827562
1221.7013526337018,0.15134378,0.008704761,2.0871554944681616
1221.7113063797285,0.1654569,0.009080494,2.0883897366762962
1221.721260125755,0.1706524,0.009212613,2.0897048051804887
1221.7312138717816,0.17577055,0.009340515,2.091097397820267
1221.741167617808,0.18998227,0.009700255,2.092555334025587
1221.7511213638347,0.1823844,0.009508944,2.094074718273319
1221.7610751098614,0.1796956,0.009442852,2.0956537475856427
1221.7710288558878,0.19039169,0.009743968,2.0973019976330614
1221.7809826019145,0.19985124,0.010221105,2.09901829661284
1221.7909363479412,0.19606036,0.0102451425,2.1008097970895663
1221.8008900939676,0.18098536,0.00988759,2.1026874097846147
1221.8108438399943,0.18225238,0.010044526,2.1046695329298735
1221.8207975860207,0.19130367,0.010391708,2.1067766076757244
1221.8307513320474,0.18598837,0.010424016,2.1090094324382087
1221.840705078074,0.19322911,0.010599751,2.11137456689118
1221.8506588241005,0.20454356,0.0109506445,2.1138713228894415
1221.8606125701272,0.20810735,0.011015843,2.116501379069332
1221.8705663161536,0.17837706,0.01031975,2.119224938719782
1221.8805200621803,0.19927496,0.010943886,2.122004000059758
1221.890473808207,0.20838058,0.011138849,2.1247996261194104
1221.9004275542334,0.19185549,0.010919324,2.127571535076351
1221.91038130026,0.20278747,0.011256016,2.1302812307010153
1221.9203350462865,0.20863396,0.011248867,2.132914768032238
1221.9302887923131,0.21742967,0.011295393,2.1354677143478398
1221.9402425383398,0.20731296,0.01136659,2.137945857413432
1221.9501962843663,0.21117236,0.0112686595,2.1403522425535932
1221.960150030393,0.2088875,0.011134808,2.142698000557014
1221.9701037764194,0.20984598,0.011147857,2.144979248860241
1221.980057522446,0.23182902,0.011663593,2.1471803632874913
1221.9900112684727,0.2108924,0.011179445,2.149276325796288
1221.9999650144991,0.2176906,0.011366914,2.151236890730462
1222.0099187605258,0.23131761,0.011543734,2.1530642783452114
1222.0198725065525,0.21427539,0.012048431,2.1547566477582754
1222.029826252579,0.21315205,0.012015376,2.1563190402570798
1222.0397799986056,0.22547212,0.012347568,2.157750478973147
1222.049733744632,0.21850224,0.012166677,2.1590761721991876
1222.0596874906587,0.21137081,0.011971029,2.1603154246134797
1222.0696412366851,0.18941008,0.011363379,2.1614787843885823
1222.0795949827118,0.19637732,0.011569474,2.1625688926886943
1222.0895487287385,0.20985222,0.011930409,2.16357584512945
1222.099502474765,0.2114818,0.011977439,2.164498561082696
1222.1094562207916,0.20136514,0.011701305,2.165323475599754
1222.1194099668182,0.225773,0.012352668,2.1660358078773916
1222.1293637128447,0.2210819,0.012233604,2.166609100966595
1222.1393174588713,0.24307716,0.0128003955,2.167041703274254
1222.1492712048978,0.215349,0.012079168,2.167337727619861
1222.1592249509245,0.209923,0.01192233,2.167496668690798
1222.169178696951,0.2262359,0.012367653,2.167515581941333
1222.1791324429776,0.21529481,0.012077957,2.1673798119778076
1222.1890861890042,0.21020342,0.01194202,2.16711010648585
1222.1990399350307,0.22464362,0.01232455,2.1667145122980536
1222.2089936810573,0.21669798,0.012119635,2.166207923787986
1222.218947427084,0.22341217,0.012296489,2.1656057738881658
1222.2289011731104,0.2233838,0.012291142,2.164942390349185
1222.238854919137,0.22805034,0.012417007,2.1642506310227403
1222.2488086651636,0.2607776,0.013239321,2.1635547278921528
1222.2587624111902,0.22990747,0.012461183,2.162872197892826
1222.2687161572169,0.24068515,0.012739995,2.162214194950171
1222.2786699032433,0.23545155,0.012601457,2.1615752566077218
1222.28862364927,0.23061933,0.012481033,2.1609453779103855
1222.2985773952964,0.24106972,0.012742779,2.160307792093981
1222.308531141323,0.24252762,0.012778345,2.1596307780096424
1222.3184848873498,0.2673196,0.013393381,2.1588679580593797
1222.3284386333762,0.24211794,0.012775026,2.157967604503287
1222.3383923794029,0.24051946,0.012730838,2.156868936455019
1222.3483461254295,0.2339555,0.0125748115,2.155514081675379
1222.358299871456,0.24411437,0.012822057,2.1538104377188025
1222.3682536174827,0.25512922,0.0130938655,2.151781498453025
1222.378207363509,0.24028893,0.012730475,2.1494355728542884
1222.3881611095358,0.24694203,0.012897504,2.1468050013709883
1222.3981148555622,0.24640465,0.01288481,2.143930272178899
1222.4080686015889,0.22792529,0.012409464,2.140894005173236
1222.4180223476155,0.27344817,0.013541982,2.1377932664012604
1222.427976093642,0.25668138,0.01314011,2.134705416764952
1222.4379298396686,0.2538734,0.013065604,2.1316946290923555
1222.4478835856953,0.27290794,0.0135259405,2.1288280002173154
1222.4578373317217,0.23656407,0.012636937,2.1261124918833936
1222.4677910777484,0.2500718,0.012977469,2.1235500119094857
1222.4777448237749,0.23131506,0.012506535,2.1211340522251296
1222.4876985698015,0.25054845,0.012988927,2.1188631901075867
1222.497652315828,0.24222037,0.012790309,2.1167298079904118
1222.5076060618546,0.24917966,0.012953427,2.1147139889700863
1222.5175598078813,0.27291906,0.013531145,2.1128084726788523
1222.5275135539077,0.25735393,0.013159006,2.111006432775772
1222.5374672999344,0.2558727,0.013124129,2.109313553741849
1222.547421045961,0.23426269,0.012577685,2.107711846342182
1222.5573747919875,0.24059631,0.01274071,2.1061945611702053
1222.5673285380142,0.25298733,0.011145336,2.104757649699955
1222.5772822840406,0.23820277,0.010818486,2.103402120270558
1222.5872360300673,0.26878765,0.011464141,2.102129376661386
1222.597189776094,0.2751972,0.0115980115,2.1009308995126306
1222.6071435221204,0.26910987,0.011474276,2.0998063690939737
1222.617097268147,0.26403707,0.011372801,2.0987557545957403
1222.6270510141735,0.2530122,0.011136348,2.0977883088597897
1222.6370047602002,0.24771333,0.011028973,2.0968972069607315
1222.6469585062268,0.26643053,0.011417767,2.0960802998430212
1222.6569122522533,0.26905718,0.011472573,2.0953375241229684
1222.66686599828,0.27378854,0.011573476,2.094671808287715
1222.6768197443064,0.26621586,0.011416532,2.0940881970321774
1222.686773490333,0.29183605,0.011934915,2.09357834687075
1222.6967272363597,0.26029328,0.011294688,2.0931422320173274
1222.7066809823862,0.26244715,0.011340038,2.0927799287038
1222.7166347284128,0.27452323,0.01158667,2.0924997597520263
1222.7265884744393,0.2690792,0.011475735,2.092296482953863
1222.736542220466,0.28855,0.011867833,2.0921667365911167
1222.7464959664926,0.27111453,0.011519787,2.0921098538667082
1222.756449712519,0.27500942,0.0115968175,2.0921267510544364
1222.7664034585457,0.28762048,0.01184875,2.092222337104181
1222.7763572045724,0.26780716,0.011449768,2.092386392307426
1222.7863109505988,0.27366742,0.011570853,2.092617971458338
1222.7962646966255,0.28523168,0.01180052,2.0929168072186686
1222.806218442652,0.29432815,0.011982636,2.093290291161903
1222.8161721886786,0.2771157,0.011639094,2.0937370518673526
1222.826125934705,0.28919238,0.01188334,2.0942554496879153
1222.8360796807317,0.27800098,0.011658587,2.094847560857755
1222.8460334267584,0.28114098,0.011719592,2.095516559679269
1222.8559871727848,0.27200904,0.011538523,2.0962736150235175
1222.8659409188115,0.2795701,0.011686547,2.0971094861480126
1222.8758946648381,0.28280523,0.011758599,2.098024140234293
1222.8858484108646,0.30856323,0.012260886,2.0990147086060267
1222.8958021568912,0.30558977,0.012204536,2.1000783912396925
1222.9057559029177,0.29075903,0.0119177895,2.1011973298601347
1222.9157096489444,0.3048178,0.012188152,2.102348116859845
1222.9256633949708,0.27442247,0.011586674,2.103511157531924
1222.9356171409975,0.2913246,0.011924118,2.1046697960451892
1222.9455708870241,0.28857926,0.011867279,2.1058083079482524
1222.9555246330506,0.2985435,0.012066164,2.1069221487137417
1222.9654783790772,0.30317056,0.012155431,2.1080096011525824
1222.975432125104,0.3214824,0.012509029,2.1090721973106747
1222.9853858711303,0.30613083,0.012216869,2.110112468221474
1222.995339617157,0.30925238,0.0122760255,2.1111358398721407
1223.0052933631835,0.30041164,0.012105222,2.112148308287031
1223.0152471092101,0.30691487,0.012231702,2.1131530136444376
1223.0252008552368,0.3036223,0.012166693,2.114151281000212
1223.0351546012632,0.31489068,0.012384129,2.1151397844646
1223.04510834729,0.28979328,0.011897304,2.1161118620507122
1223.0550620933163,0.30176687,0.012133116,2.1170555591551143
1223.065015839343,0.33873805,0.012822045,2.1179575296574287
1223.0749695853697,0.29864714,0.012073171,2.118805633002807
1223.084923331396,0.34223145,0.01289404,2.1196002699684033
1223.0948770774228,0.3140103,0.012364115,2.1203605488705266
1223.1048308234494,0.33575743,0.012768196,2.1211069745580007
1223.114784569476,0.31055441,0.012299723,2.1218581462363524
1223.1247383155026,0.3290589,0.012653875,2.122622458369917
1223.134692061529,0.31584522,0.012403558,2.123386358326864
1223.1446458075557,0.30742803,0.01224199,2.1241211610857644
1223.154599553582,0.32004023,0.012483421,2.124785255427863
1223.1645532996088,0.33453983,0.012753961,2.125320658672791
1223.1745070456354,0.33154672,0.01269213,2.125654912921493
1223.1844607916619,0.32634357,0.012599738,2.1257592162187167
1223.1944145376885,0.34801233,0.012996972,2.1256063801965097
1223.2043682837152,0.36035135,0.013220024,2.125192178439728
1223.2143220297417,0.34828916,0.013004408,2.124516723456037
1223.2242757757683,0.34687355,0.012979969,2.123649287983528
1223.2342295217948,0.34731534,0.012989619,2.122653564089576
1223.2441832678214,0.36719677,0.01334296,2.121581709189073
1223.2541370138479,0.3210264,0.012506718,2.120476622096331
1223.2640907598745,0.33768934,0.012813966,2.119370930373111
1223.2740445059012,0.3514038,0.01306236,2.118283184500212
1223.2839982519276,0.3733615,0.013451387,2.1172227200913865
1223.2939519979543,0.33806506,0.012818528,2.116195452300459
1223.303905743981,0.36980036,0.013382402,2.1152091124504153
1223.3138594900074,0.3294463,0.012658612,2.114265191274086
1223.323813236034,0.34436312,0.012933805,2.1133632128038644
1223.3337669820605,0.35844842,0.013188706,2.112504189948502
1223.3437207280872,0.3324504,0.012717368,2.111689217977035
1223.3536744741139,0.34345335,0.012919245,2.1109240341406195
1223.3636282201403,0.34218943,0.012898722,2.110202281381612
1223.373581966167,0.36068916,0.013230556,2.1095233721327187
1223.3835357121934,0.35922566,0.0131982975,2.108886432568429
1223.39348945822,0.3632576,0.013272488,2.1082935193708563
1223.4034432042467,0.3313189,0.012699405,2.107742751208241
1223.4133969502732,0.35687688,0.01316286,2.1072297162141753
1223.4233506962998,0.33478385,0.012762532,2.106752691170618
1223.4333044423263,0.36078042,0.0132351555,2.1063096747161625
1223.443258188353,0.33848575,0.0128315445,2.105902887348072
1223.4532119343796,0.35375273,0.013107439,2.1055256554128996
1223.463165680406,0.34330302,0.012923073,2.1051765960106925
1223.4731194264327,0.3466844,0.012982482,2.1048553411456465
1223.4830731724592,0.37147427,0.013423418,2.1045644866070337
1223.4930269184858,0.34872454,0.013017096,2.1043068276100154
1223.5029806645125,0.36171567,0.013249509,2.104081903623202
1223.512934410539,0.36918914,0.013379086,2.103891506291561
1223.5228881565656,0.31043345,0.012308665,2.1037368834340717
1223.5328419025923,0.35723463,0.01317176,2.103623431716504
1223.5427956486187,0.34728473,0.0129911,2.1035474051372662
1223.5527493946454,0.3539059,0.013113045,2.1035084206008756
1223.5627031406718,0.33939332,0.012849337,2.1035074050707157
1223.5726568866985,0.34959215,0.013035667,2.103547825692506
1223.582610632725,0.38254306,0.013613983,2.103634760151241
1223.5925643787516,0.36532706,0.013316844,2.1037666382050664
1223.6025181247783,0.3798926,0.013568458,2.103946138947825
1223.6124718708047,0.3569002,0.013167202,2.1041758076175228
1223.6224256168314,0.35666335,0.013162817,2.1044641038732537
1223.632379362858,0.37712604,0.013522539,2.1048091288584168
1223.6423331088845,0.36249352,0.01326925,2.1052098994239237
1223.6522868549112,0.38638365,0.013682656,2.1056669015440104
1223.6622406009376,0.40144676,0.013935387,2.106181608169031
1223.6721943469643,0.40551662,0.014007879,2.1067584990824244
1223.6821480929907,0.39563602,0.013841515,2.107389471533114
1223.6921018390174,0.37830248,0.013543911,2.1080731225576113
1223.702055585044,0.41680393,0.01419503,2.1088078527385337
1223.7120093310705,0.3803316,0.013578904,2.109596001913202
1223.7219630770971,0.36663637,0.013342252,2.1104321062743683
1223.7319168231238,0.37175977,0.013435088,2.1113090936782384
1223.7418705691503,0.37253127,0.013447376,2.112221807532873
1223.751824315177,0.37431425,0.01347536,2.113165274862884
1223.7617780612034,0.385189,0.013664037,2.1141386919606093
1223.77173180723,0.3913559,0.013771687,2.115137482973281
1223.7816855532567,0.38237238,0.013615109,2.1161647833236197
1223.7916392992831,0.39171728,0.0137754865,2.1172276971807196
1223.8015930453098,0.38728726,0.01370447,2.1183415546526088
1223.8115467913362,0.40460718,0.013994109,2.119521228861117
1223.821500537363,0.4180351,0.014220339,2.1207721405334348
1223.8314542833896,0.38734993,0.01370564,2.1220948920505216
1223.841408029416,0.4007925,0.013928856,2.123477536487907
1223.8513617754427,0.41278195,0.014130643,2.124893059844955
1223.8613155214691,0.41479555,0.0141659705,2.126292285022387
1223.8712692674958,0.4295621,0.014407077,2.1276297754222027
1223.8812230135225,0.40317416,0.013969926,2.1288618793755725
1223.891176759549,0.42802086,0.014378506,2.1299413185585148
1223.9011305055756,0.40351593,0.013981264,2.1308312152396582
1223.911084251602,0.4104333,0.0140964,2.1315349566518997
1223.9210379976287,0.41916868,0.014237245,2.132056085566226
1223.9309917436553,0.3973064,0.013877929,2.1324116839947473
1223.9409454896818,0.39357862,0.013812741,2.1326170063192693
1223.9508992357084,0.40497825,0.014009244,2.1327249182629187
1223.9608529817351,0.4091018,0.014078379,2.1327724495281863
1223.9708067277616,0.41040492,0.014097203,2.1327849419323637
1223.9807604737882,0.41362783,0.014146895,2.1327775985003443
1223.9907142198147,0.4123729,0.0141250305,2.1327573556735846
1224.0006679658413,0.41701812,0.01420175,2.1327276638479953
1224.0106217118678,0.41081658,0.014103672,2.132688348559372
1224.0205754578944,0.3768708,0.013523383,2.132638753579488
1224.030529203921,0.4030349,0.013974524,2.1325769880129317
1224.0404829499475,0.42080948,0.01427351,2.132502836075917
1224.0504366959742,0.4155392,0.014182781,2.1324157808998354
1224.0603904420009,0.41699836,0.014205164,2.132314193541827
1224.0703441880273,0.4177106,0.014220165,2.1321957264101625
1224.080297934054,0.43269104,0.014460648,2.13205563017733
1224.0902516800804,0.4283786,0.014391349,2.1318940337680914
1224.100205426107,0.4503773,0.014750374,2.1317081362702193
1224.1101591721338,0.41769016,0.014219378,2.131492880092588
1224.1201129181602,0.42964932,0.014415546,2.1312330216912305
1224.1300666641869,0.4426523,0.014624351,2.1309050052551646
1224.1400204102133,0.4377059,0.014544744,2.1304806428445486
1224.14997415624,0.43021142,0.014423166,2.129921586313435
1224.1599279022666,0.44460517,0.01465522,2.1291883175138215
1224.169881648293,0.42715237,0.014376576,2.12821337706154
1224.1798353943198,0.43100247,0.014438664,2.1270061919511605
1224.1897891403462,0.37109703,0.0134288855,2.125565731150486
1224.1997428863729,0.4344575,0.014496098,2.123904584374627
1224.2096966323995,0.4612385,0.014921412,2.1220390810091345
1224.219650378426,0.46978387,0.0150526855,2.1200114164270145
1224.2296041244526,0.4477012,0.014706187,2.1178880731999623
1224.239557870479,0.41942114,0.014245845,2.115722769451504
1224.2495116165057,0.42067635,0.014275179,2.1135698088548907
1224.2594653625324,0.4394109,0.014570138,2.111491323488933
1224.2694191085588,0.425824,0.014355417,2.109519318242017
1224.2793728545855,0.44043684,0.014594925,2.1076666338803363
1224.2893266006122,0.42966312,0.014418628,2.1059342848498583
1224.2992803466386,0.43655807,0.014528705,2.1043191265127548
1224.3092340926653,0.4297955,0.014420238,2.1028158357467563
1224.3191878386917,0.4268621,0.014371551,2.101400638063031
1224.3291415847184,0.4545563,0.014852051,2.1000626475611353
1224.3390953307448,0.44388115,0.014967181,2.0987912407509786
1224.3490490767715,0.45505553,0.015366833,2.097580818876276
1224.3590028227982,0.45681423,0.015518726,2.096416841199971
1224.3689565688246,0.45362985,0.015611284,2.0952881158723202
1224.3789103148513,0.43880308,0.015498143,2.094187664715972
1224.388864060878,0.4409241,0.01582688,2.0931108907705243
1224.3988178069044,0.4692932,0.016365917,2.0920573489212444
1224.408771552931,0.46744487,0.016413266,2.09102403757783
1224.4187252989575,0.4623864,0.016387437,2.090012522809022
1224.4286790449842,0.48722342,0.016919935,2.089025449862016
1224.4386327910106,0.47640094,0.016687056,2.0880687853582263
1224.4485865370373,0.47902173,0.016767533,2.087146979028443
1224.458540283064,0.47340244,0.016987745,2.0862627786111982
1224.4684940290904,0.49039432,0.017241847,2.085421846307517
1224.478447775117,0.47344682,0.016892955,2.084630847873112
1224.4884015211437,0.47334898,0.016551124,2.083906959705854
1224.4983552671702,0.43561903,0.01609158,2.083251261641791
1224.5083090131968,0.47121882,0.016821098,2.082670994065995
1224.5182627592233,0.48146856,0.016763045,2.082172266391661
1224.52821650525,0.5101232,0.017319808,2.0817639359866495
1224.5381702512766,0.48176324,0.016845372,2.0814497110742907
1224.548123997303,0.47160065,0.016502496,2.0812191561966022
1224.5580777433297,0.4758901,0.01665641,2.081068107989174
1224.5680314893561,0.4813982,0.016595239,2.080991534261678
1224.5779852353828,0.46830997,0.017611194,2.0809922451701017
1224.5879389814095,0.46928078,0.017642267,2.081058880324159
1224.597892727436,0.48058236,0.017844213,2.081186354343622
1224.6078464734626,0.48015046,0.01783789,2.0813727337949106
1224.617800219489,0.46248066,0.017519709,2.0816188654736973
1224.6277539655157,0.48383853,0.017907556,2.081928553162111
1224.6377077115424,0.4954733,0.018117938,2.082294039351068
1224.6476614575688,0.4737548,0.017728342,2.0827137863909524
1224.6576152035955,0.47682428,0.017781844,2.0831858341502127
1224.667568949622,0.44983533,0.017290315,2.083712914071556
1224.6775226956486,0.44127387,0.017128797,2.0842911943016804
1224.6874764416752,0.47986427,0.01783671,2.084918054589213
1224.6974301877017,0.4870539,0.017965369,2.085595075258612
1224.7073839337284,0.45060393,0.017306553,2.086325753041406
1224.717337679755,0.46722996,0.017611109,2.087122014345464
1224.7272914257815,0.47632447,0.017778127,2.08798028818554
1224.7372451718081,0.45448118,0.017373191,2.0889039557989078
1224.7471989178346,0.4760188,0.017763913,2.0898951935151286
1224.7571526638612,0.5045292,0.018281573,2.0909595630796987
1224.7671064098877,0.45656455,0.017414236,2.0920957521773813
1224.7770601559143,0.51566416,0.018477133,2.093295027178983
1224.787013901941,0.46348885,0.017539967,2.0945526198883377
1224.7969676479674,0.44581306,0.01721248,2.095863637049549
1224.8069213939941,0.47239187,0.01770307,2.097231113458113
1224.8168751400208,0.4427592,0.017157897,2.0986484489105193
1224.8268288860472,0.4982588,0.018166926,2.100118165302789
1224.836782632074,0.45283684,0.01734291,2.101646777244194
1224.8467363781003,0.50295824,0.018252725,2.103246372503362
1224.856690124127,0.46176848,0.017512336,2.104931206166103
1224.8666438701534,0.46234134,0.017525157,2.1067015951935986
1224.87659761618,0.4619645,0.017512735,2.108563759871332
1224.8865513622068,0.4821958,0.01788717,2.1105233779477635
1224.8965051082332,0.52562433,0.018650621,2.1125987721433814
1224.9064588542599,0.50164825,0.018231286,2.1147900503608024
1224.9164126002865,0.49879527,0.018173337,2.1170968318636003
1224.926366346313,0.49866682,0.018175127,2.1195161921616936
1224.9363200923397,0.50661,0.01831299,2.1220352585680917
1224.946273838366,0.49552098,0.018121991,2.124625156482925
1224.9562275843928,0.48497686,0.017930495,2.127227304541199
1224.9661813304194,0.48081788,0.01785872,2.1297881078111276
1224.9761350764459,0.5316642,0.018744286,2.132252535566378
1224.9860888224725,0.47730935,0.017795816,2.1345526405290527
1224.996042568499,0.4919582,0.018058572,2.1366405296107627
1225.0059963145256,0.49523532,0.018116489,2.138496581588244
1225.0159500605523,0.5120765,0.01840742,2.140104903088302
1225.0259038065788,0.49410936,0.018094435,2.1414654744629673
1225.0358575526054,0.5433338,0.01894865,2.1425660109440954
1225.045811298632,0.5233529,0.018608648,2.1434813378084874
1225.0557650446585,0.57413906,0.019457214,2.1442624616712376
1225.0657187906852,0.5332758,0.018766884,2.1449606815492017
1225.0756725367116,0.5021806,0.018237725,2.145619234210334
1225.0856262827383,0.5332877,0.018779024,2.146273348575687
1225.0955800287647,0.4997275,0.01819362,2.146942843715294
1225.1055337747914,0.4852469,0.017938951,2.1476364989105066
1225.115487520818,0.5128677,0.01842611,2.1483577837016576
1225.1254412668445,0.52320457,0.018605085,2.1491097287841203
1225.1353950128712,0.52393645,0.01591013,2.1498867578300858
1225.1453487588979,0.50525,0.015612323,2.15068338046443
1225.1553025049243,0.497011,0.0154886395,2.1514933978965107
1225.165256250951,0.50229996,0.015565162,2.1523089922103433
1225.1752099969774,0.51260084,0.015725354,2.153119151063331
1225.185163743004,0.5261025,0.015922386,2.1539133891624034
1225.1951174890305,0.5448984,0.016194714,2.154681752292294
1225.2050712350572,0.52013284,0.015833946,2.155415430123055
1225.2150249810838,0.55768186,0.016383722,2.15610384845235
1225.2249787271103,0.57213134,0.016589055,2.156745873333939
1225.234932473137,0.52525425,0.015910827,2.157346551544656
1225.2448862191636,0.51624537,0.015777884,2.157912053783871
1225.25483996519,0.50637233,0.015631543,2.1584509357103685
1225.2647937112167,0.54950505,0.016265498,2.1589720788612716
1225.2747474572432,0.5309965,0.016000932,2.159488494035565
1225.2847012032698,0.5030538,0.015583808,2.1600079624488706
1225.2946549492965,0.5210324,0.015852096,2.1605362585278605
1225.304608695323,0.5285151,0.015960308,2.161077926529407
1225.3145624413496,0.5258873,0.015934637,2.161634782352664
1225.324516187376,0.5398733,0.016139865,2.1622047516680096
1225.3344699334027,0.56225437,0.016461428,2.1627852930919538
1225.3444236794294,0.53651476,0.016091904,2.1633728146251463
1225.3543774254558,0.51115113,0.015719362,2.1639628465753065
1225.3643311714825,0.5334439,0.016045256,2.1645503415093
1225.374284917509,0.5022558,0.015584248,2.1651320222511288
1225.3842386635356,0.5418372,0.016168622,2.1657063119539774
1225.3941924095623,0.54542,0.016219325,2.16627343772028
1225.4041461555887,0.5187832,0.015833125,2.1668360109044054
1225.4140999016154,0.5275989,0.015962511,2.167398908905807
1225.4240536476418,0.5322434,0.01602872,2.167966486861064
1225.4340073936685,0.5425468,0.016178071,2.1685425456049825
1225.4439611396951,0.5326913,0.01603893,2.169130628701412
1225.4539148857216,0.52421576,0.01591031,2.1697303368200247
1225.4638686317483,0.5349675,0.016074318,2.170338367568693
1225.473822377775,0.5494309,0.01628158,2.1709495104418837
1225.4837761238014,0.52248913,0.015892101,2.171556542622998
1225.493729869828,0.51851267,0.015827844,2.1721490654402724
1225.5036836158545,0.5235775,0.015905727,2.1727220386659987
1225.5136373618811,0.5493241,0.016278815,2.173272381165474
1225.5235911079076,0.52172774,0.015875025,2.1738006813968225
1225.5335448539342,0.5171652,0.015812786,2.174310410097074
1225.543498599961,0.5059844,0.015643131,2.1748099391152014
1225.5534523459874,0.51070905,0.015713897,2.1753097639113674
1225.563406092014,0.5298473,0.015997436,2.175819266368204
1225.5733598380407,0.52630377,0.015946,2.1763464324030597
1225.5833135840671,0.5238491,0.015909323,2.17689910649845
1225.5932673300938,0.54770786,0.016259348,2.1774748060563645
1225.6032210761202,0.5458878,0.016232813,2.178068334344511
1225.613174822147,0.55306065,0.016339641,2.1786723005247497
1225.6231285681733,0.5433811,0.016195826,2.179278653459509
1225.6330823142,0.5189137,0.01583848,2.179880252839531
1225.6430360602267,0.52232295,0.01588748,2.1804745547101474
1225.6529898062531,0.53124607,0.016018527,2.18106201515224
1225.6629435522798,0.5704056,0.016582742,2.181645454660491
1225.6728972983065,0.5350913,0.016078046,2.1822297463661866
1225.682851044333,0.5365099,0.016099347,2.182820850932456
1225.6928047903596,0.52436626,0.015920995,2.1834235689356785
1225.702758536386,0.5180437,0.015823672,2.1840419553274493
1225.7127122824127,0.5175462,0.015821159,2.184679107801064
1225.7226660284393,0.5135204,0.015760697,2.185339346485495
1225.7326197744658,0.5411338,0.016161263,2.186019376534718
1225.7425735204924,0.5685534,0.016561655,2.186717006945705
1225.7525272665189,0.5566804,0.016391793,2.1874285546870347
1225.7624810125455,0.5481353,0.016267216,2.1881489029474492
1225.7724347585722,0.50254315,0.015593585,2.188869535006187
1225.7823885045987,0.5361488,0.016091041,2.1895807283108146
1225.7923422506253,0.5508698,0.016304957,2.1902723554207624
1225.802295996652,0.55728,0.016401218,2.1909344036874745
1225.8122497426784,0.5523456,0.016329093,2.191552901023117
1225.822203488705,0.54415584,0.01621325,2.192126326665059
1225.8321572347315,0.5340535,0.016064005,2.1926548110893487
1225.8421109807582,0.5591701,0.016425304,2.193140752937593
1225.8520647267846,0.5483811,0.01627253,2.193587231588489
1225.8620184728113,0.55285645,0.016337212,2.193996109995429
1225.871972218838,0.54900146,0.016279228,2.194373141703329
1225.8819259648644,0.558834,0.016420377,2.194717478143482
1225.891879710891,0.54772425,0.01626037,2.1950277499906004
1225.9018334569178,0.52974373,0.016002228,2.1953006620660886
1225.9117872029442,0.54379684,0.01620677,2.1955393893902686
1225.9217409489709,0.5449767,0.016226249,2.1957482214639654
1225.9316946949973,0.548788,0.01627652,2.1959299175226357
1225.941648441024,0.55568594,0.016377164,2.1960878146814977
1225.9516021870504,0.53337526,0.016055023,2.1962248261230775
1225.961555933077,0.5447529,0.016220424,2.1963522811937577
1225.9715096791037,0.52162296,0.015882263,2.196481418851971
1225.9814634251302,0.5295291,0.016001668,2.196626338054072
1225.9914171711569,0.57990056,0.016721152,2.196803845257742
1226.0013709171835,0.5704527,0.01659135,2.197025788666074
1226.01132466321,0.525832,0.015943877,2.1972909522741104
1226.0212784092366,0.5687573,0.0165693,2.1975963646153
1226.031232155263,0.5743349,0.016647201,2.1979372802713386
1226.0411859012897,0.5714864,0.016605044,2.1983141585818604
1226.0511396473164,0.54708946,0.016259227,2.198724112311927
1226.0610933933428,0.56763536,0.016552562,2.1991691595517207
1226.0710471393695,0.55620146,0.016389096,2.1996535610245083
1226.081000885396,0.5752179,0.016659914,2.200182934341664
1226.0909546314226,0.56181335,0.016470224,2.200765270733294
1226.1009083774493,0.5393401,0.016145596,2.2013966813406394
1226.1108621234757,0.54384977,0.016211275,2.2020769381932745
1226.1208158695024,0.58320904,0.016768627,2.20280402120661
1226.1307696155288,0.5825063,0.016760789,2.2035774160054067
1226.1407233615555,0.5341144,0.01607044,2.204389389084201
1226.1506771075822,0.5694475,0.016579863,2.2052302428039043
1226.1606308536086,0.5669437,0.016544553,2.2060917879193105
1226.1705845996353,0.5508203,0.016318595,2.2069645972407708
1226.1805383456617,0.55073607,0.016313568,2.2078349091371416
1226.1904920916884,0.55381984,0.016359137,2.208684643819334
1226.200445837715,0.5390578,0.016148493,2.2094937308115288
1226.2103995837415,0.5571096,0.016405176,2.210243656488968
1226.2203533297682,0.53665024,0.01610968,2.2109192834175397
1226.2303070757948,0.57408327,0.016646825,2.211517569528521
1226.2402608218213,0.57307243,0.016634412,2.2120540470994197
1226.250214567848,0.5472571,0.016262773,2.212539223902342
1226.2601683138744,0.5523744,0.016337465,2.2129822865957722
1226.270122059901,0.5824371,0.016769344,2.2133860719618896
1226.2800758059275,0.5710739,0.016606787,2.213756051090546
1226.2900295519541,0.5432031,0.016207596,2.2140922758245147
1226.2999832979808,0.5583652,0.016426157,2.2143912640981624
1226.3099370440073,0.54601556,0.016249772,2.2146479369019874
1226.319890790034,0.5624631,0.016484236,2.214855184087716
1226.3298445360606,0.5542751,0.016366256,2.215022957230464
1226.339798282087,0.5410093,0.016178327,2.2151637800527055
1226.3497520281137,0.5306682,0.016024005,2.2152988720724816
1226.3597057741401,0.5434117,0.016209751,2.2154577260752983
1226.3696595201668,0.5449211,0.016232746,2.2156664622157707
1226.3796132661932,0.53743356,0.016123129,2.2159357154808554
1226.38956701222,0.5285501,0.015992958,2.216270603731074
1226.3995207582466,0.5359096,0.016100552,2.216671937726999
1226.409474504273,0.5428363,0.016207276,2.21714721111534
1226.4194282502997,0.576743,0.016688084,2.2176864376293692
1226.4293819963264,0.5475226,0.016271856,2.2182866437353175
1226.4393357423528,0.5200325,0.015873784,2.2189457810971853
1226.4492894883795,0.54740334,0.016272977,2.2196642321957345
1226.459243234406,0.55706537,0.016412776,2.2204435829432643
1226.4691969804326,0.52719575,0.015976911,2.221276470958285
1226.4791507264592,0.5205677,0.015878363,2.2221621862575187
1226.4891044724857,0.5411791,0.016184371,2.223100805190608
1226.4990582185123,0.5386337,0.016144037,2.224098814029121
1226.5090119645388,0.56166303,0.01647766,2.2251555152532756
1226.5189657105655,0.5725031,0.016632333,2.226270297509228
1226.5289194565921,0.5919266,0.016902363,2.2274452596470002
1226.5388732026186,0.59376293,0.016930351,2.228682585497044
1226.5488269486452,0.5856456,0.016815988,2.229992019992975
1226.558780694672,0.540579,0.016173953,2.231364241122596
1226.5687344406983,0.5539776,0.016364686,2.2327970175911265
1226.578688186725,0.59418774,0.016938873,2.2342856965740103
1226.5886419327514,0.5911061,0.01689329,2.2358255147091044
1226.598595678778,0.5691326,0.016587384,2.23740616999765
1226.6085494248046,0.5781074,0.016714012,2.239013994989492
1226.6185031708312,0.56826735,0.016572932,2.2406408458575267
1226.6284569168579,0.58597016,0.016822105,2.242281016510194
1226.6384106628843,0.59639186,0.016967628,2.243932973149908
1226.648364408911,0.5940446,0.016934343,2.245595675821169
1226.6583181549377,0.6082124,0.017133148,2.2472690891825895
1226.668271900964,0.63977087,0.017560989,2.2489513527466363
1226.6782256469908,0.6556873,0.017770987,2.25063712958541
1226.6881793930172,0.60952073,0.017151494,2.2523169432594394
1226.6981331390439,0.59445506,0.016940156,2.25398249079706
1226.7080868850703,0.598122,0.016996544,2.2556264659643634
1226.718040631097,0.6324468,0.01746029,2.257242147162304
1226.7279943771237,0.58049977,0.016748192,2.258819533007766
1226.73794812315,0.63728946,0.017528195,2.260351478945388
1226.7479018691768,0.6021433,0.017048236,2.261834085711476
1226.7578556152034,0.61463165,0.017221272,2.2632626013289676
1226.7678093612299,0.6034253,0.01706652,2.264636007523011
1226.7777631072565,0.6167904,0.017247787,2.2659539162013105
1226.787716853283,0.6064215,0.017107403,2.267236883683725
1226.7976705993096,0.63885313,0.017548017,2.2685006504976815
1226.8076243453363,0.6406261,0.017574493,2.2697594008380233
1226.8175780913627,0.6412196,0.017580055,2.271025001108973
1226.8275318373894,0.6635949,0.017881105,2.2723068846483834
1226.8374855834159,0.634081,0.017488597,2.2736092028171324
1226.8474393294425,0.62035435,0.017302614,2.2749362656092855
1226.8573930754692,0.63224036,0.01746121,2.276292263338216
1226.8673468214956,0.6077986,0.017128889,2.2776853567180955
1226.8773005675223,0.5728723,0.016645124,2.279118751300595
1226.8872543135487,0.6053393,0.017096026,2.280594913886193
1226.8972080595754,0.6127568,0.017198646,2.2821171941558394
1226.907161805602,0.61052084,0.017169332,2.283688058010603
1226.9171155516285,0.6116997,0.017183078,2.285313726972736
1226.9270692976552,0.62940925,0.017429223,2.2869838273455447
1226.9370230436816,0.5927766,0.016925907,2.2886917635232695
1226.9469767897083,0.62812954,0.017406004,2.290428014600631
1226.956930535735,0.6164714,0.017253188,2.29218148202452
1226.9668842817614,0.5782809,0.016723832,2.293939427087727
1226.976838027788,0.6446005,0.017632855,2.2956910486215256
1226.9867917738147,0.62233824,0.017334016,2.2974251941555157
1226.9967455198412,0.6285388,0.01741645,2.2991265118655866
1227.0066992658678,0.6101452,0.017167851,2.3007678226374435
1227.0166530118943,0.62416,0.017445577,2.3023351465933897
1227.026606757921,0.6158491,0.017672515,2.303821872321101
1227.0365605039474,0.6119939,0.017718898,2.305228519635773
1227.046514249974,0.64126694,0.01831942,2.30656068833998
1227.0564679960007,0.6380415,0.018351063,2.307824562858615
1227.0664217420272,0.63130605,0.018425314,2.3090392187941893
1227.0763754880538,0.671379,0.019119194,2.3102114336061312
1227.0863292340805,0.6166789,0.018453337,2.3113428151189495
1227.096282980107,0.65530246,0.019115739,2.312425040248773
1227.1062367261336,0.65395653,0.01921996,2.3134483068920217
1227.11619047216,0.64441395,0.019076841,2.3144048874880427
1227.1261442181867,0.63325393,0.018943053,2.315285403832074
1227.1360979642131,0.64270496,0.019074183,2.316086609466268
1227.1460517102398,0.6540337,0.019601528,2.316808273316891
1227.1560054562665,0.625648,0.018934358,2.3174807396216024
1227.165959202293,0.6422219,0.019112982,2.3181273061651892
1227.1759129483196,0.6148848,0.01860765,2.318765880091547
1227.1858666943463,0.64286506,0.01927061,2.319407765824838
1227.1958204403727,0.6416895,0.019047461,2.320058613721328
1227.2057741863994,0.6428015,0.019036867,2.3207181646480213
1227.2157279324258,0.6566396,0.019301295,2.3213853475744326
1227.2256816784525,0.66471887,0.019257337,2.3220588756039957
1227.2356354244791,0.67397577,0.019429319,2.32273826631629
1227.2455891705056,0.6529324,0.019051522,2.323423022205598
1227.2555429165322,0.6129155,0.019453192,2.3241132403006217
1227.2654966625587,0.63383454,0.019790938,2.324809499023106
1227.2754504085854,0.6404937,0.019893467,2.3255122602825695
1227.285404154612,0.5664517,0.01874139,2.326222473658373
1227.2953579006385,0.5889961,0.019097047,2.326938619152024
1227.3053116466651,0.651444,0.02005703,2.3276597856664574
1227.3152653926918,0.6309826,0.019748561,2.328384900103772
1227.3252191387182,0.60907114,0.019413782,2.329113122000034
1227.335172884745,0.63126266,0.019752018,2.3298439551244137
1227.3451266307713,0.59200007,0.019147724,2.330577254231576
1227.355080376798,0.6466044,0.01998514,2.3313136034316235
1227.3650341228245,0.6174207,0.019542946,2.332054012858912
1227.3749878688511,0.67627025,0.020426163,2.3328004791193324
1227.3849416148778,0.62417763,0.01964843,2.3335542906632765
1227.3948953609042,0.64925927,0.020029174,2.3343167391005335
1227.404849106931,0.64731276,0.01999669,2.335089415770058
1227.4148028529576,0.6245951,0.01965466,2.335874250740842
1227.424756598984,0.6332413,0.01978681,2.336675121076043
1227.4347103450107,0.6301722,0.019738143,2.337492362116747
1227.444664091037,0.6774904,0.020444365,2.338327793380995
1227.4546178370638,0.65656215,0.020136373,2.339182737844288
1227.4645715830902,0.68060815,0.020491242,2.34005896791433
1227.474525329117,0.63530385,0.019817192,2.340955736760107
1227.4844790751436,0.62259763,0.019624481,2.3418693584890873
1227.49443282117,0.6769798,0.020440578,2.3427971251577833
1227.5043865671967,0.6800372,0.02048362,2.343736130198856
1227.5143403132233,0.65533125,0.020118453,2.3446845520563437
1227.5242940592498,0.63577956,0.01982568,2.3456395969053956
1227.5342478052764,0.6474439,0.02000163,2.3466001415525244
1227.5442015513029,0.67112005,0.020353565,2.347565856683414
1227.5541552973295,0.64904606,0.020029634,2.3485369212269966
1227.5641090433562,0.6479523,0.020011092,2.3495141297713524
1227.5740627893827,0.591731,0.019145468,2.3504971638377343
1227.5840165354093,0.6036175,0.019333718,2.3514862916437282
1227.5939702814358,0.64077204,0.01990289,2.352481712338033
1227.6039240274624,0.6588078,0.020174718,2.353484031248606
1227.613877773489,0.6428202,0.01993561,2.354493167980178
1227.6238315195155,0.6278669,0.019707782,2.355508534383684
1227.6337852655422,0.637873,0.019858833,2.3565299171527454
1227.6437390115686,0.6491248,0.020027488,2.357557204166182
1227.6536927575953,0.64763826,0.0200075,2.3585916188144216
1227.663646503622,0.6635048,0.020244962,2.35963390903233
1227.6736002496484,0.60850245,0.019410592,2.3606865079673693
1227.683553995675,0.614068,0.019495329,2.3617531769618685
1227.6935077417015,0.6238817,0.019649817,2.362839653156252
1227.7034614877282,0.62889844,0.019724634,2.3639542654276946
1227.7134152337549,0.59601295,0.019218044,2.365100217446953
1227.7233689797813,0.6530362,0.020088352,2.3662817095903765
1227.733322725808,0.61442995,0.019502534,2.367500569744983
1227.7432764718346,0.6175084,0.019555533,2.368757241732181
1227.753230217861,0.6299364,0.019741263,2.3700413141053867
1227.7631839638877,0.6586378,0.020173557,2.371337806020576
1227.7731377099142,0.6305334,0.019752592,2.372631116774776
1227.7830914559408,0.6321493,0.019779317,2.3739049742869605
1227.7930452019673,0.6413032,0.019914621,2.3751376208111363
1227.802998947994,0.64112604,0.019914426,2.3763204196108068
1227.8129526940206,0.6305907,0.017494073,2.377444852031352
1227.822906440047,0.6802319,0.018117575,2.378505425400993
1227.8328601860737,0.6505214,0.01772817,2.379497172077058
1227.8428139321004,0.6609819,0.01786756,2.3804196614199142
1227.8527676781268,0.6606462,0.017864497,2.3812876150087168
1227.8627214241535,0.6405397,0.01764534,2.3821118469707323
1227.87267517018,0.6461944,0.018228011,2.3829044183074997
1227.8826289162066,0.66371113,0.01896079,2.383675075433992
1227.892582662233,0.68217504,0.019084308,2.3844335705663604
1227.9025364082597,0.6816161,0.01918712,2.3851849875490827
1227.9124901542864,0.63167566,0.018767294,2.3859311633093174
1227.9224439003128,0.6599194,0.019498475,2.38667249390765
1227.9323976463395,0.6505537,0.019218994,2.387408072749262
1227.9423513923662,0.6376966,0.019633735,2.3881387297798202
1227.9523051383926,0.64223456,0.019932453,2.3888650545496386
1227.9622588844193,0.69477254,0.021299927,2.3895881683163713
1227.9722126304457,0.6795632,0.020922188,2.3903094707288313
1227.9821663764724,0.6821271,0.020980785,2.391030573862855
1227.992120122499,0.66072893,0.02077599,2.3917525752102518
1228.0020738685255,0.62246305,0.01977264,2.392475725467351
1228.0120276145522,0.64513534,0.019966884,2.3931996003407967
1228.0219813605786,0.6696119,0.020613497,2.3939231524636755
1228.0319351066053,0.649242,0.020215245,2.3946451489614136
1228.041888852632,0.65469676,0.020110587,2.3953645477672327
1228.0518425986584,0.64512044,0.019995075,2.396080245073853
1228.061796344685,0.61280173,0.019856563,2.3967906623738453
1228.0717500907115,0.6302665,0.019984284,2.3974913359235983
1228.0817038367381,0.6672262,0.02019305,2.39817708253608
1228.0916575827648,0.66602457,0.020000175,2.3988375749877986
1228.1016113287913,0.6476342,0.019805651,2.3994569630157456
1228.111565074818,0.6576263,0.020130644,2.4000085978501655
1228.1215188208444,0.6368689,0.019667676,2.4004618633256243
1228.131472566871,0.6254008,0.019232694,2.400801983343958
1228.1414263128977,0.63258487,0.019534132,2.401014455065629
1228.1513800589241,0.6669375,0.019910848,2.401093848211959
1228.1613338049508,0.63103205,0.019313762,2.4010332029995403
1228.1712875509775,0.6212976,0.019277321,2.400862393431024
1228.181241297004,0.6290731,0.019804765,2.4006113760268715
1228.1911950430306,0.6145727,0.019435477,2.400308757959145
1228.201148789057,0.6259262,0.01956385,2.3999825949868367
1228.2111025350837,0.6065107,0.01924044,2.3996593147096523
1228.2210562811101,0.6340443,0.019333605,2.3993555666842497
1228.2310100271368,0.63706875,0.019231688,2.399078424008364
1228.2409637731635,0.65356994,0.01954241,2.39883007303987
1228.25091751919,0.6394297,0.019356241,2.39861258615717
1228.2608712652166,0.643357,0.019406183,2.3984271651964435
1228.2708250112432,0.65577847,0.019739538,2.398273612855601
1228.2807787572697,0.6463067,0.019619545,2.3981551088674826
1228.2907325032963,0.63049465,0.019513208,2.3980749844481717
1228.3006862493228,0.65889984,0.020102782,2.3980406779050805
1228.3106399953494,0.63134176,0.019243263,2.3980495064106746
1228.3205937413761,0.6667608,0.019054852,2.3980991356083496
1228.3305474874026,0.64747155,0.018845545,2.3981874840836226
1228.3405012334292,0.62056136,0.017807016,2.3983125477134055
1228.3504549794557,0.66632026,0.017951747,2.3984749430363608
1228.3604087254823,0.6394822,0.017593436,2.3986677044556117
1228.370362471509,0.6741271,0.018049806,2.398888806691469
1228.3803162175354,0.67242396,0.01803053,2.3991365154027493
1228.390269963562,0.66533476,0.017939197,2.399410978732961
1228.4002237095885,0.6758354,0.018075736,2.3997108705232693
1228.4101774556152,0.6907002,0.018266652,2.4000330779188497
1228.4201312016419,0.6611691,0.017881747,2.400376536290611
1228.4300849476683,0.6952422,0.018342122,2.400740279428337
1228.440038693695,0.67701685,0.018103665,2.4011256983986677
1228.4499924397214,0.6750878,0.018077474,2.4015302929279203
1228.459946185748,0.6877841,0.018243473,2.401953175598123
1228.4698999317748,0.6801297,0.018141402,2.4023942512166205
1228.4798536778012,0.70424354,0.018455103,2.4028540799555995
1228.4898074238279,0.69136083,0.018291956,2.403335072173899
1228.4997611698545,0.64545864,0.017689366,2.40383543271125
1228.509714915881,0.6602394,0.017888851,2.4043556509048405
1228.5196686619076,0.67052084,0.018019322,2.404896024216481
1228.529622407934,0.6688295,0.018000826,2.4054578612187196
1228.5395761539608,0.68885565,0.018258797,2.4060404735198677
1228.5495298999872,0.682167,0.01817156,2.4066411643585197
1228.5594836460139,0.6802047,0.018144717,2.407258282758488
1228.5694373920405,0.6585446,0.017862353,2.4078897235812255
1228.579391138067,0.62761307,0.017450087,2.4085341057531333
1228.5893448840936,0.65597606,0.017828053,2.409187260339477
1228.5992986301203,0.6725397,0.018044796,2.409846351728263
1228.6092523761467,0.6753675,0.018085048,2.4105093232828607
1228.6192061221734,0.6692196,0.018007167,2.411174980192978
1228.6291598681998,0.6475692,0.017720785,2.4118432413153004
1228.6391136142265,0.68200433,0.018175505,2.4125141696287544
1228.649067360253,0.6591763,0.017874239,2.413187769378185
1228.6590211062796,0.66749454,0.017983692,2.4138629971951544
1228.6689748523063,0.67179614,0.018039979,2.4145371441774346
1228.6789285983327,0.7097323,0.018531848,2.415206126211549
1228.6888823443594,0.6603797,0.017890353,2.415866506336375
1228.698836090386,0.70036775,0.01841401,2.41651571210865
1228.7087898364125,0.69751424,0.0183752,2.417153113535523
1228.7187435824392,0.679308,0.018143179,2.417779617928397
1228.7286973284656,0.6942533,0.018336613,2.418400726435969
1228.7386510744923,0.68373805,0.018202187,2.419021340772789
1228.748604820519,0.6613457,0.017904049,2.4196451750244448
1228.7585585665454,0.66353464,0.017935742,2.4202741669690004
1228.768512312572,0.6653092,0.017959394,2.420908061289615
1228.7784660585985,0.68242884,0.018182917,2.4215427961878926
1228.7884198046252,0.67174023,0.018041281,2.422171457265213
1228.7983735506518,0.6502043,0.017761057,2.422780972536922
1228.8083272966783,0.65709674,0.017851299,2.4233427051044805
1228.818281042705,0.70754355,0.018507112,2.423813985651275
1228.8282347887314,0.64738923,0.017722648,2.4241539447325073
1228.838188534758,0.6808332,0.018161697,2.4243184156889566
1228.8481422807847,0.64081675,0.017635016,2.424270855582799
1228.8580960268112,0.64445925,0.017682087,2.42395441785847
1228.8680497728378,0.6488047,0.017740373,2.423377614122544
1228.8780035188643,0.66096216,0.0179029,2.422544422952409
1228.887957264891,0.6939739,0.018332722,2.4214630213091386
1228.8979110109176,0.6538846,0.017809479,2.4201470493154575
1228.907864756944,0.66708803,0.017985981,2.418603752706489
1228.9178185029707,0.64991856,0.017752796,2.416884804108036
1228.9277722489974,0.7112852,0.018553525,2.4150072200891386
1228.9377259950238,0.65367305,0.01780836,2.4129783328465484
1228.9476797410505,0.63797075,0.017597223,2.4107858386065417
1228.957633487077,0.65308744,0.017802509,2.4084276997813108
1228.9675872331036,0.68104887,0.018164685,2.4059251026330375
1228.97754097913,0.64282906,0.017665546,2.4033038371594024
1228.9874947251567,0.67818546,0.018127982,2.4006075473531223
1228.9974484711834,0.6911449,0.018299881,2.3978982225437706
1229.0074022172098,0.6741854,0.018078273,2.3952441277584247
1229.0173559632365,0.65195066,0.017788587,2.392691283413124
1229.0273097092631,0.6583413,0.017870268,2.390267067400571
1229.0372634552896,0.6861508,0.018235683,2.3879842347517743
1229.0472172013162,0.66176265,0.017918335,2.3858529244659143
1229.0571709473427,0.6535587,0.017810384,2.383844948640356
1229.0671246933694,0.66618305,0.017979536,2.3819500060352947
1229.0770784393958,0.6315199,0.017514843,2.380160038553502
1229.0870321854225,0.7130973,0.018586753,2.3784768787078026
1229.0969859314491,0.66066504,0.017903583,2.376899115757014
1229.1069396774756,0.674211,0.018084805,2.3754186643055526
1229.1168934235022,0.6564675,0.017851861,2.3740355597852383
1229.126847169529,0.6928061,0.018330012,2.372749363239037
1229.1368009155553,0.6890446,0.018279916,2.371569739108695
1229.146754661582,0.63895303,0.017620724,2.370484641185084
1229.1567084076084,0.66985667,0.018026872,2.369484655373096
1229.1666621536351,0.6885983,0.018271862,2.368558024943597
1229.1766158996618,0.6700742,0.018030748,2.367685713739688
1229.1865696456882,0.66988,0.018027507,2.3668362061013712
1229.196523391715,0.6607495,0.017909475,2.3659656656701404
1229.2064771377413,0.67757106,0.018127246,2.365036547924497
1229.216430883768,0.6683548,0.018010182,2.364017328077197
1229.2263846297947,0.66943645,0.01802413,2.362880280081167
1229.236338375821,0.64327353,0.017675558,2.361620046005721
1229.2462921218478,0.66421694,0.017955404,2.360260467279454
1229.2562458678744,0.6644719,0.017961353,2.358828867421256
1229.2661996139009,0.6420661,0.017665146,2.357363358926771
1229.2761533599275,0.6723833,0.018064877,2.355916196746522
1229.286107105954,0.6236326,0.017418025,2.3545407919465795
1229.2960608519807,0.6526851,0.017806746,2.353278669245317
1229.306014598007,0.6818719,0.018189594,2.3521620007103747
1229.3159683440338,0.7041239,0.01847819,2.3512122687373838
1229.3259220900604,0.6793383,0.018155653,2.350457050862197
1229.3358758360869,0.7142187,0.018604446,2.349869285321934
1229.3458295821135,0.6858272,0.0182422,2.349442266671522
1229.3557833281402,0.69733626,0.018387366,2.3491693353760805
1229.3657370741666,0.68593264,0.018239187,2.3490539804044555
1229.3756908201933,0.67498344,0.018100474,2.3490961933897534
1229.3856445662198,0.6766292,0.018123837,2.3492805582666394
1229.3955983122464,0.6914009,0.018315325,2.349605127257595
1229.4055520582729,0.7252037,0.018748434,2.350068057335763
1229.4155058042995,0.70113665,0.018442003,2.3506822450765186
1229.4254595503262,0.6977887,0.01839987,2.351436921003664
1229.4354132963526,0.71893156,0.018666938,2.352325633314728
1229.4453670423793,0.653262,0.017816825,2.353347809997
1229.455320788406,0.6903245,0.01830225,2.3545034371864877
1229.4652745344324,0.70312345,0.018465579,2.355808188422037
1229.475228280459,0.6884344,0.018276487,2.357239927034562
1229.4851820264855,0.6893536,0.018289939,2.3587944854002902
1229.4951357725122,0.6858728,0.018243112,2.3604672645577534
1229.5050895185389,0.69305927,0.01833765,2.362260322167664
1229.5150432645653,0.70623875,0.018509453,2.3641763718134725
1229.524997010592,0.71085566,0.018569464,2.366206310350231
1229.5349507566184,0.7348137,0.01887533,2.3683549695895096
1229.544904502645,0.70858437,0.01854179,2.370629651138836
1229.5548582486717,0.70720094,0.018525442,2.373053843898022
1229.5648119946982,0.6772211,0.018137092,2.3756320742160972
1229.5747657407248,0.73087645,0.018821573,2.378368909752584
1229.5847194867513,0.719291,0.018680893,2.3812763976027695
1229.594673232778,0.73485625,0.018873068,2.384365551108419
1229.6046269788046,0.7032584,0.018475087,2.3876683040291256
1229.614580724831,0.7104077,0.018561134,2.3911460648216933
1229.6245344708577,0.67441344,0.018101998,2.3947708843330124
1229.6344882168842,0.7113041,0.018575812,2.3985007097878004
1229.6444419629108,0.69014555,0.018307347,2.402284857612257
1229.6543957089375,0.7099449,0.01855839,2.406060570721596
1229.664349454964,0.7182501,0.018664006,2.409769616962981
1229.6743032009906,0.681821,0.018199844,2.4133590818879207
1229.6842569470173,0.7031682,0.018475316,2.416780308741865
1229.6942106930437,0.67103124,0.01805552,2.4199730071802246
1229.7041644390704,0.68546164,0.018244918,2.422918994751756
1229.7141181850968,0.6947949,0.018365808,2.4256254729278117
1229.7240719311235,0.68495005,0.01823615,2.428098241786471
1229.73402567715,0.6940547,0.018356849,2.4303470391407185
1229.7439794231766,0.7028445,0.018470274,2.4323485504052833
1229.7539331692033,0.73224306,0.018843537,2.4341291846886826
1229.7638869152297,0.69813484,0.018411951,2.4356836054426485
1229.7738406612564,0.68147373,0.01819678,2.437005627161349
1229.783794407283,0.71511763,0.018626805,2.4380900567508634
1229.7937481533095,0.66956115,0.018039765,2.4389418842971944
1229.8037018993361,0.68595296,0.01825547,2.439621016884813
1229.8136556453626,0.72879446,0.018802486,2.44016788132237
1229.8236093913893,0.710993,0.018575909,2.440622354743292
1229.8335631374157,0.6860866,0.018253637,2.4410169010447698
1229.8435168834424,0.6783236,0.018155828,2.4413849628336175
1229.853470629469,0.6925556,0.018342307,2.441752259212299
1229.8634243754955,0.68352944,0.01822265,2.4421385138104172
1229.8733781215221,0.692984,0.0183457,2.442561640460049
1229.8833318675488,0.6977153,0.018407198,2.4430459023656383
1229.8932856135752,0.6846968,0.018238535,2.4435987668209194
1229.903239359602,0.6968519,0.018398123,2.4442263536816458
1229.9131931056284,0.68819463,0.0182898,2.4449329983003656
1229.923146851655,0.68737984,0.018279048,2.4457237466806685
1229.9331005976817,0.7288404,0.018808633,2.4466107828072134
1229.9430543437081,0.7255113,0.018766714,2.4475891433896124
1229.9530080897348,0.7142919,0.018624937,2.448665610117452
1229.9629618357612,0.70862114,0.018553399,2.449846684414232
1229.972915581788,0.7130442,0.018607011,2.451142212708597
1229.9828693278146,0.7167079,0.018656153,2.4525428745489544
1229.992823073841,0.71092385,0.018582147,2.454016524368145
1230.0027768198677,0.70988643,0.018567437,2.455526757067859
1230.0127305658943,0.7207741,0.018706588,2.457027999601669
1230.0226843119208,0.73844916,0.01892873,2.458458655460947
1230.0326380579475,0.72365123,0.018742159,2.4597719599147614
1230.042591803974,0.75406617,0.01912572,2.460933777675235
1230.0525455500006,0.7319479,0.018852036,2.461919016686763
1230.062499296027,0.7436376,0.018997084,2.462713761694417
1230.0724530420537,0.6990274,0.018431019,2.4633014240904787
1230.0824067880803,0.70313346,0.018588683,2.4637298240455388
1230.0923605341068,0.7522357,0.019866703,2.46403079730207
1230.1023142801334,0.7563596,0.020279167,2.464240400423077
1230.11226802616,0.70138323,0.019403506,2.4643905285583667
1230.1222217721865,0.75821555,0.02036585,2.46450831733967
1230.1321755182132,0.7144804,0.02002322,2.4646089676815817
1230.1421292642397,0.73800695,0.020659953,2.464691339303899
1230.1520830102663,0.7520496,0.020797892,2.464742332454987
1230.1620367562928,0.7324176,0.021144567,2.4647269175454642
1230.1719905023194,0.7615949,0.021735117,2.4646068752995456
1230.181944248346,0.77975994,0.022840813,2.464347100518492
1230.1918979943725,0.7517542,0.022058895,2.463915292324351
1230.2018517403992,0.8010757,0.02292355,2.463290034646116
1230.2118054864259,0.77710694,0.022997683,2.4624340946089873
1230.2217592324523,0.7674827,0.022066168,2.46138612747616
1230.231712978479,0.75937843,0.02190748,2.460165647611751
1230.2416667245054,0.77780694,0.022258986,2.458798231645385
1230.251620470532,0.78332406,0.0220138,2.457306398748541
1230.2615742165588,0.78555804,0.022023458,2.455707954107733
1230.2715279625852,0.76487786,0.021724448,2.4540193588133694
1230.2814817086119,0.76298124,0.022165144,2.4522284869533673
1230.2914354546383,0.7531967,0.021907391,2.4503099191055213
1230.301389200665,0.73900956,0.021218777,2.4482163427286734
1230.3113429466916,0.7435305,0.02115732,2.4459256167202073
1230.321296692718,0.72891146,0.021115601,2.4434427142225927
1230.3312504387447,0.7415422,0.021559464,2.4407815223074563
1230.3412041847712,0.7535361,0.021485016,2.437974410920267
1230.3511579307979,0.7680735,0.021340039,2.4350636612102954
1230.3611116768245,0.746033,0.021223998,2.432125074704013
1230.371065422851,0.7574033,0.021231072,2.42921442133842
1230.3810191688776,0.7513711,0.021100964,2.4263741731385298
1230.390972914904,0.7626665,0.021686437,2.4236333536083174
1230.4009266609307,0.728751,0.021181365,2.4210124755399898
1230.4108804069574,0.770894,0.021793755,2.4184978823676775
1230.4208341529838,0.7465492,0.021413038,2.4160853947398273
1230.4307878990105,0.72324604,0.021165615,2.4137721922056636
1230.4407416450372,0.74664223,0.020947363,2.411566588421269
1230.4506953910636,0.72048444,0.020623969,2.409475378716781
1230.4606491370903,0.75966424,0.021372424,2.4075000071124864
1230.4706028831167,0.7270529,0.02067737,2.4056494896449503
1230.4805566291434,0.7396768,0.020752497,2.403930013399862
1230.4905103751698,0.73006564,0.020895079,2.402359515695092
1230.5004641211965,0.7574006,0.021340271,2.4009253420987666
1230.5104178672232,0.7360653,0.021213489,2.3996212098575476
1230.5203716132496,0.70740217,0.020822797,2.398445636077758
1230.5303253592763,0.6594844,0.019658167,2.397399599774428
1230.540279105303,0.689279,0.019489102,2.3964988539548373
1230.5502328513294,0.69375706,0.019588774,2.3957251290641497
1230.560186597356,0.70959187,0.018930018,2.395075161623682
1230.5701403433825,0.7241469,0.01876807,2.3945422312303815
1230.5800940894092,0.6724787,0.018099854,2.3941212051528913
1230.5900478354356,0.71787137,0.018686734,2.393799395105898
1230.6000015814623,0.6853383,0.018272206,2.3935520398923016
1230.609955327489,0.67416495,0.01812711,2.3933648325843393
1230.6199090735154,0.67313486,0.01811396,2.3932255853397324
1230.629862819542,0.69548756,0.018404797,2.393127872812193
1230.6398165655687,0.6683588,0.018054087,2.3930625708055175
1230.6497703115951,0.6721399,0.018103065,2.393025806604279
1230.6597240576218,0.6968002,0.018422496,2.39301954666846
1230.6696778036483,0.6747989,0.018136637,2.3930497512545728
1230.679631549675,0.7052443,0.018530201,2.393133503898556
1230.6895852957016,0.6597755,0.017935177,2.393274752888146
1230.699539041728,0.65835345,0.017919537,2.3934777935800104
1230.7094927877547,0.6608468,0.017951054,2.3937387098545404
1230.7194465337811,0.6945612,0.018392853,2.3940406300956396
1230.7294002798078,0.6456707,0.01775412,2.394341063677805
1230.7393540258345,0.6767166,0.018165698,2.3945789277083684
1230.749307771861,0.6842871,0.018262608,2.3946865121884464
1230.7592615178876,0.6807638,0.018217921,2.394596888334588
1230.7692152639142,0.6944186,0.018398046,2.3942304228062765
1230.7791690099407,0.67937493,0.018200813,2.3935482951993556
1230.7891227559674,0.67270094,0.018111596,2.3925579459685538
1230.7990765019938,0.65361816,0.017858978,2.3912723038022685
1230.8090302480205,0.6977242,0.018436138,2.3897257782636983
1230.818983994047,0.66941464,0.018069742,2.3879529245232822
1230.8289377400736,0.70794845,0.018566482,2.3860512012068575
1230.8388914861002,0.7200603,0.018727228,2.384102823927712
1230.8488452321267,0.6977235,0.018439418,2.3821869131065254
1230.8587989781533,0.69645387,0.018426178,2.380379113442913
1230.86875272418,0.70530945,0.018542947,2.378761422567338
1230.8787064702065,0.7079921,0.018576292,2.3773486844964866
1230.8886602162331,0.7093191,0.01859139,2.376156009908943
1230.8986139622596,0.68468267,0.018272461,2.375192883769475
1230.9085677082862,0.68346554,0.01825396,2.3744872475112415
1230.9185214543127,0.69986296,0.018472401,2.374067191746582
1230.9284752003393,0.69816566,0.018449543,2.3739293902232856
1230.938428946366,0.70545864,0.0185393,2.374087133754823
1230.9483826923924,0.73152506,0.01887261,2.374545035257534
1230.958336438419,0.7302981,0.01885884,2.3753231124893155
1230.9682901844458,0.69535565,0.018414969,2.3763757428275785
1230.9782439304722,0.6944947,0.018403616,2.3776494911083765
1230.9881976764989,0.6828539,0.018252982,2.3790948294741083
1230.9981514225253,0.7243397,0.018787295,2.3806577531290953
1231.008105168552,0.66591036,0.018032907,2.3822867977476037
1231.0180589145787,0.6971749,0.018442584,2.3839201208871783
1231.028012660605,0.70333797,0.018520702,2.385521026347573
1231.0379664066318,0.6908223,0.0183587,2.3870666420070066
1231.0479201526582,0.68756366,0.018309772,2.3885468219812003
1231.0578738986849,0.6761978,0.018167544,2.389965228629317
1231.0678276447115,0.6667193,0.018040102,2.3913412036946675
1231.077781390738,0.6979302,0.01844589,2.3926800259437724
1231.0877351367646,0.66614974,0.018031022,2.393972842218978
1231.097688882791,0.6693697,0.018077618,2.395186566151881
1231.1076426288178,0.64064485,0.01769362,2.3962799357266498
1231.1175963748444,0.6912888,0.018370485,2.397222508083577
1231.1275501208709,0.67388064,0.01814236,2.3979860616256854
1231.1375038668975,0.68758404,0.01831738,2.398553700105903
1231.147457612924,0.6799576,0.018224431,2.3988989411928343
1231.1574113589506,0.68116397,0.018236578,2.399055886241495
1231.1673651049773,0.6694007,0.018084664,2.3990550577365526
1231.1773188510037,0.6704908,0.01809776,2.3989278204312696
1231.1872725970304,0.658634,0.017943611,2.3987051104325716
1231.197226343057,0.66392744,0.018012432,2.3984117933929032
1231.2071800890835,0.6683548,0.01807232,2.3980823209759645
1231.2171338351102,0.6514795,0.017848575,2.3977362116800154
1231.2270875811366,0.6863081,0.018307002,2.3973910200706103
1231.2370413271633,0.6843723,0.018283367,2.3970654257844837
1231.2469950731897,0.66317105,0.0180034,2.3967807281339
1231.2569488192164,0.6798723,0.018222569,2.3965531001974463
1231.266902565243,0.7155025,0.018683184,2.3964005592477333
1231.2768563112695,0.6752216,0.01816329,2.3963388838835256
1231.2868100572962,0.7087863,0.018596923,2.3963906720350403
1231.2967638033228,0.7228307,0.018778658,2.396558121558112
1231.3067175493493,0.68362004,0.018274155,2.3968374644116754
1231.316671295376,0.70179486,0.018506004,2.3972274890661978
1231.3266250414024,0.69857126,0.018466849,2.397725309812693
1231.336578787429,0.7168501,0.018705362,2.39834122162765
1231.3465325334555,0.7352423,0.018935852,2.3990574453250373
1231.3564862794822,0.7624123,0.019271994,2.3998701368755597
1231.3664400255088,0.7678829,0.019338554,2.4007779785134424
1231.3763937715353,0.73268574,0.01890253,2.4017850884066725
1231.386347517562,0.74911237,0.019109873,2.402904184877198
1231.3963012635886,0.7091016,0.018604934,2.404130331352197
1231.406255009615,0.7482648,0.019097747,2.405470917122065
1231.4162087556417,0.76632744,0.019327477,2.4069335613974094
1231.4261625016682,0.75045115,0.019126415,2.4085352806735165
1231.4361162476948,0.7692955,0.019360682,2.4102836573087187
1231.4460699937215,0.728986,0.018861331,2.4121743377603444
1231.456023739748,0.7631938,0.019284396,2.4142130250601923
1231.4659774857746,0.7576736,0.019223196,2.4164064600944775
1231.475931231801,0.71197975,0.01864119,2.4187832742398867
1231.4858849778277,0.7431539,0.019040326,2.4213444918664204
1231.4958387238544,0.78396934,0.019541828,2.4241001973711387
1231.5057924698808,0.76577604,0.019318288,2.4270682703489044
1231.5157462159075,0.72345006,0.018792858,2.430266339000181
1231.5256999619342,0.7458426,0.01907611,2.433733089622195
1231.5356537079606,0.7457035,0.01907067,2.437418880228957
1231.5456074539873,0.7718235,0.01939759,2.44128276291225
1231.5555612000137,0.7296834,0.01887077,2.445262130533985
1231.5655149460404,0.72579616,0.018821884,2.449277694133094
1231.5754686920668,0.7561529,0.01920399,2.4532277903136204
1231.5854224380935,0.7359946,0.018948201,2.4570274949550273
1231.5953761841201,0.73478526,0.018934922,2.4606040997832586
1231.6053299301466,0.7488866,0.019115124,2.4639002387126587
1231.6152836761732,0.7700855,0.019374553,2.4668473567013898
1231.6252374222,0.74707985,0.019089073,2.469434656479418
1231.6351911682264,0.7540869,0.019178756,2.4716909661007054
1231.645144914253,0.7628282,0.019286664,2.4736459439906664
1231.6550986602795,0.73655725,0.018963154,2.4753459266947115
1231.6650524063061,0.76293224,0.01928755,2.4768264960459314
1231.6750061523326,0.7811359,0.019511487,2.4781638969078945
1231.6849598983592,0.77909744,0.019489914,2.479396516986362
1231.694913644386,0.783065,0.019537862,2.4805471345579706
1231.7048673904123,0.79125917,0.019640788,2.4816332511378967
1231.714821136439,0.7569451,0.019217422,2.4826731909991535
1231.7247748824657,0.77052855,0.019387083,2.483697436248173
1231.7347286284921,0.7364861,0.01896404,2.4847273985737997
1231.7446823745188,0.8086815,0.019853655,2.4857803370731864
1231.7546361205452,0.76454234,0.019313833,2.486870899907368
1231.764589866572,0.7764087,0.019458182,2.488009797883522
1231.7745436125986,0.7579815,0.01923151,2.4891993440879023
1231.784497358625,0.79378766,0.019671056,2.49044443661697
1231.7944511046517,0.7866483,0.019585596,2.491749164731885
1231.804404850678,0.77506435,0.019447358,2.4931216699006895
1231.8143585967048,0.73894155,0.019000823,2.494556216243346
1231.8243123427314,0.7634702,0.019301062,2.496041181902504
1231.8342660887579,0.7306558,0.018894788,2.4975635988381293
1231.8442198347846,0.8186146,0.019971075,2.4991075536020126
1231.854173580811,0.79179007,0.019646255,2.500654372042765
1231.8641273268377,0.75869346,0.019242717,2.502186188547913
1231.8740810728643,0.7888702,0.019617004,2.5036900474084933
1231.8840348188908,0.7916126,0.019648839,2.5051552839112183
1231.8939885649174,0.77079743,0.019395959,2.5065724916826544
1231.9039423109439,0.75504816,0.019199455,2.5079321532696834
1231.9138960569705,0.74740916,0.019109154,2.509241228295067
1231.9238498029972,0.76788735,0.019359827,2.5105057135964852
1231.9338035490237,0.7566809,0.01922274,2.511735076671906
1231.9437572950503,0.7603226,0.019269543,2.5129380998834185
1231.953711041077,0.78364545,0.019557094,2.5141215913516044
1231.9636647871034,0.7582136,0.019245233,2.5152855053578933
1231.97361853313,0.78924,0.019626956,2.516421186884659
1231.9835722791565,0.7791646,0.019504165,2.5175162731364398
1231.9935260251832,0.77141094,0.019405637,2.5185512696396493
1232.0034797712096,0.7367957,0.018978702,2.5195190681177224
1232.0134335172363,0.78366923,0.019555608,2.5204187664137363
1232.023387263263,0.7984799,0.01973885,2.5212528293625773
1232.0333410092894,0.80385673,0.01980182,2.5220286959303775
1232.043294755316,0.7747778,0.019450411,2.5227515977389157
1232.0532485013428,0.7800797,0.019515973,2.5234398512516396
1232.0632022473692,0.76177263,0.019288722,2.5240999867933414
1232.0731559933959,0.76574147,0.0193422,2.524732126323342
1232.0831097394223,0.7542674,0.01919922,2.5253273641643537
1232.093063485449,0.75715244,0.019236676,2.5258656100675805
1232.1030172314754,0.80172896,0.01977953,2.526335140107295
1232.112970977502,0.7599979,0.019273076,2.5267234612344516
1232.1229247235287,0.78132576,0.019534105,2.52702282387183
1232.1328784695552,0.78037155,0.019525224,2.5272224055698143
1232.1428322155818,0.8287124,0.02010756,2.527321415168359
1232.1527859616085,0.8046896,0.01981802,2.5273286942070854
1232.162739707635,0.7732973,0.019442951,2.527248546796449
1232.1726934536616,0.8153085,0.019947665,2.52708831475024
1232.182647199688,0.76689667,0.019359617,2.526852601579961
1232.1926009457147,0.8080658,0.019860212,2.526564554397014
1232.2025546917414,0.7833139,0.019561958,2.5262467254430225
1232.2125084377678,0.7794044,0.01951626,2.5259225291043776
1232.2224621837945,0.7968471,0.01972636,2.5256163622526975
1232.232415929821,0.77220166,0.019430405,2.525356227449732
1232.2423696758476,0.7893001,0.019636728,2.525148989914382
1232.2523234218743,0.8068025,0.019846028,2.5249977516623856
1232.2622771679007,0.7646602,0.01933436,2.524900547752121
1232.2722309139274,0.74128664,0.019041924,2.5248548405664226
1232.2821846599538,0.7519232,0.019175055,2.524858388098909
1232.2921384059805,0.78988343,0.019643659,2.524902309970307
1232.3020921520072,0.7958637,0.019719427,2.5249838300938903
1232.3120458980336,0.7643962,0.019333042,2.525100900825946
1232.3219996440603,0.7599916,0.019277351,2.5252546115814947
1232.3319533900867,0.7635749,0.019319395,2.5254435580426424
1232.3419071361134,0.798431,0.019748054,2.5256647577229
1232.35186088214,0.7931529,0.019686894,2.525917643954353
1232.3618146281665,0.78862876,0.019630257,2.5262015765923675
1232.3717683741932,0.7874851,0.01961905,2.526519091244052
1232.3817221202198,0.77240163,0.01943528,2.5268665164146955
1232.3916758662463,0.74555546,0.019100795,2.5272417881524047
1232.401629612273,0.7721923,0.01943375,2.5276438049113703
1232.4115833582994,0.7805748,0.01953485,2.5280717051575468
1232.421537104326,0.7634922,0.01932533,2.52852801024487
1232.4314908503525,0.78300107,0.019565845,2.529008568578778
1232.4414445963791,0.7934953,0.01969547,2.5295129242589436
1232.4513983424058,0.77656716,0.01948748,2.5300406947971483
1232.4613520884322,0.78769094,0.019622844,2.5305925075129134
1232.471305834459,0.764061,0.01933372,2.5311693262645134
1232.4812595804856,0.754076,0.019209886,2.5317683197829206
1232.491213326512,0.7625281,0.01931691,2.5323891343995086
1232.5011670725387,0.7631973,0.01932222,2.5330315981227187
1232.5111208185651,0.8001015,0.019778429,2.5336974931894676
1232.5210745645918,0.764258,0.019334633,2.5343868923025257
1232.5310283106185,0.7854596,0.019597273,2.535098696885979
1232.540982056645,0.8055153,0.019839413,2.535833177047664
1232.5509358026716,0.7877281,0.019627176,2.536590387845606
1232.560889548698,0.7907868,0.019666404,2.5373726472823344
1232.5708432947247,0.8079216,0.019873412,2.538177438092229
1232.5807970407513,0.7693895,0.019405602,2.53900338547651
1232.5907507867778,0.7950147,0.019716067,2.5398498670242122
1232.6007045328045,0.7865672,0.019613862,2.5407166564378896
1232.610658278831,0.7692646,0.019402971,2.5416065951464533
1232.6206120248576,0.79671675,0.019739868,2.5425173829057983
1232.6305657708842,0.72070897,0.018794728,2.543449700976698
1232.6405195169107,0.7478174,0.01919293,2.5444041289805743
1232.6504732629373,0.8421716,0.02097887,2.545381554742423
1232.6604270089638,0.79012454,0.020827549,2.546381109229041
1232.6703807549904,0.81373507,0.020968445,2.5473946398525005
1232.6803345010171,0.83272284,0.021330759,2.548410022329434
1232.6902882470436,0.81282115,0.021416701,2.54940646947139
1232.7002419930702,0.816766,0.02173655,2.5503469438043282
1232.710195739097,0.8119105,0.02173721,2.551188677442639
1232.7201494851233,0.8072649,0.022163253,2.5519010707008025
1232.73010323115,0.81129026,0.022456205,2.5524581052441526
1232.7400569771764,0.8238409,0.0233472,2.5528452359267346
1232.750010723203,0.7999012,0.022988161,2.5530417854229777
1232.7599644692295,0.80892074,0.023001188,2.5530760000961092
1232.7699182152562,0.8132779,0.023685856,2.5529768976481417
1232.7798719612829,0.8173538,0.022860598,2.552775937470878
1232.7898257073093,0.82951844,0.022884907,2.552510504427049
1232.799779453336,0.82926536,0.023089096,2.5522245526880796
1232.8097331993627,0.7901342,0.022332715,2.5519659824253
1232.819686945389,0.7996561,0.022281867,2.551769781840841
1232.8296406914158,0.80500877,0.022578191,2.551663580448711
1232.8395944374422,0.7931879,0.022688998,2.5516719251157256
1232.8495481834689,0.8222195,0.022894774,2.5518171976280937
1232.8595019294953,0.8271776,0.022603303,2.5520934316435504
1232.869455675522,0.80770296,0.022388387,2.552501988733529
1232.8794094215486,0.80818856,0.022342129,2.553037861390812
1232.889363167575,0.79083294,0.022264399,2.553694575228158
1232.8993169136018,0.81799924,0.022528177,2.5544450147778752
1232.9092706596284,0.7860422,0.021800594,2.5552547604778693
1232.9192244056549,0.7858597,0.022091622,2.5560981655335118
1232.9291781516815,0.7580107,0.02129255,2.556952037406472
1232.939131897708,0.7997439,0.021786181,2.5577930513753526
1232.9490856437346,0.7841566,0.022036111,2.5586030606101287
1232.9590393897613,0.80675596,0.022591162,2.559369820221816
1232.9689931357877,0.80368555,0.022276854,2.5600842926464056
1232.9789468818144,0.8117102,0.022453984,2.5607410075457633
1232.9889006278408,0.7800572,0.021957073,2.561329363937925
1232.9988543738675,0.77039945,0.021668332,2.5618611923943266
1233.0088081198942,0.7867472,0.021522269,2.5623444484968747
1233.0187618659206,0.8060064,0.022006545,2.5627923935947083
1233.0287156119473,0.81725496,0.02207264,2.563221336194129
1233.0386693579737,0.78256416,0.021529356,2.563648073098117
1233.0486231040004,0.8007278,0.021921273,2.5640836722019875
1233.058576850027,0.8147037,0.022167467,2.5645325651689173
1233.0685305960535,0.76478696,0.0215347,2.5649957983743117
1233.0784843420802,0.88305056,0.023190757,2.5654743213614726
1233.0884380881066,0.83961093,0.022201654,2.5659692522523696
1233.0983918341333,0.814119,0.021139914,2.566482118543542
1233.10834558016,0.7809237,0.02083731,2.5670167586409427
1233.1182993261864,0.79993176,0.02030248,2.567577610997148
1233.128253072213,0.78462136,0.019617254,2.568172605175579
1233.1382068182397,0.7693955,0.019424053,2.5688034302489453
1233.1481605642662,0.7625898,0.019335724,2.5694689691815764
1233.1581143102928,0.7875944,0.019651955,2.5701644574364066
1233.1680680563193,0.7474979,0.019155374,2.570878109082359
1233.178021802346,0.7560436,0.019260885,2.5715891619628883
1233.1879755483724,0.7738665,0.019488785,2.5722775584334525
1233.197929294399,0.8219281,0.020067234,2.5729328803658316
1233.2078830404257,0.79381466,0.019724397,2.5735528056870596
1233.2178367864522,0.7819645,0.01958461,2.574138971538705
1233.2277905324788,0.74752927,0.019158281,2.5746926876980107
1233.2377442785055,0.77425176,0.019487632,2.575220398860603
1233.247698024532,0.73194087,0.018964943,2.5757239443680655
1233.2576517705586,0.7300122,0.018933192,2.5762049600590875
1233.267605516585,0.788535,0.019664504,2.5766641251808005
1233.2775592626117,0.7477397,0.019161996,2.577103868190681
1233.2875130086381,0.7275944,0.01890542,2.5775295035855503
1233.2974667546648,0.7590609,0.019303668,2.577946348810157
1233.3074205006915,0.74752563,0.019161066,2.5783628403410774
1233.317374246718,0.8050136,0.019870138,2.5787955063663333
1233.3273279927446,0.7917713,0.01970993,2.579267327472475
1233.3372817387713,0.80005765,0.019810108,2.5798015023369585
1233.3472354847977,0.79376477,0.019736508,2.5804182999639957
1233.3571892308244,0.7333703,0.018988932,2.5811281690533714
1233.3671429768508,0.7632678,0.019363336,2.5819429308402846
1233.3770967228775,0.7940529,0.019736959,2.582846410702856
1233.3870504689041,0.766112,0.019394943,2.5838324251170923
1233.3970042149306,0.77849376,0.019548202,2.5848986542041104
1233.4069579609572,0.77468896,0.01949888,2.5860469427602117
1233.4169117069837,0.7423851,0.019094024,2.587289872375454
1233.4268654530104,0.7443781,0.019122263,2.588621398057599
1233.436819199037,0.7742959,0.019497246,2.590046778360315
1233.4467729450635,0.8062274,0.019887451,2.5915718815122215
1233.4567266910901,0.7942823,0.019743403,2.5932089724809777
1233.4666804371168,0.78367686,0.019610751,2.59497087866882
1233.4766341831432,0.74482673,0.01913351,2.5968517672050866
1233.48658792917,0.76082987,0.019336585,2.598849995574873
1233.4965416751963,0.77373964,0.019494325,2.6009531461209163
1233.506495421223,0.7666087,0.019407662,2.603138199633609
1233.5164491672494,0.8041856,0.01986587,2.605356212737795
1233.5264029132761,0.8084864,0.019920709,2.607555732052477
1233.5363566593028,0.76580846,0.019398428,2.6096899319195743
1233.5463104053292,0.76862085,0.019437723,2.6117163881034635
1233.556264151356,0.7612842,0.019345297,2.6135796061819905
1233.5662178973826,0.7695417,0.01944377,2.6152648662043747
1233.576171643409,0.774662,0.019509861,2.6167639943886654
1233.5861253894357,0.8021902,0.019847266,2.6180763056409444
1233.596079135462,0.78869337,0.019681314,2.6192130584808884
1233.6060328814888,0.7751972,0.01951641,2.620182010617751
1233.6159866275152,0.7905206,0.019704677,2.6210416475667744
1233.6259403735419,0.7997993,0.019822288,2.6218280605987485
1233.6358941195685,0.81482756,0.020000659,2.622574395759425
1233.645847865595,0.79248774,0.01973478,2.623308174623051
1233.6558016116217,0.76533437,0.019399257,2.624052755605392
1233.6657553576483,0.7585692,0.019321289,2.6248214976812374
1233.6757091036748,0.8238587,0.020112308,2.6256221822090007
1233.6856628497014,0.790039,0.01970436,2.6264583592349173
1233.6956165957279,0.8096914,0.019947171,2.6273320790283843
1233.7055703417545,0.8005549,0.019833874,2.628238354344222
1233.7155240877812,0.8043,0.019877406,2.629165896570181
1233.7254778338076,0.8020849,0.019850977,2.6301029063017154
1233.7354315798343,0.8139117,0.019996554,2.6310359596885116
1233.7453853258608,0.78677976,0.019668559,2.631949850142535
1233.7553390718874,0.8060894,0.019901235,2.632836782550383
1233.765292817914,0.80265754,0.019860074,2.633695743948536
1233.7752465639405,0.8377921,0.020275852,2.6345291502507466
1233.7852003099672,0.8310395,0.02020631,2.6353427955280018
1233.7951540559936,0.77373075,0.01951055,2.636145182511673
1233.8051078020203,0.81695324,0.020036912,2.63695052333754
1233.815061548047,0.7938967,0.019758973,2.637772944792387
1233.8250152940734,0.7745181,0.019521326,2.638628130889803
1233.8349690401,0.7717454,0.019481465,2.639532843024223
1233.8449227861265,0.77713984,0.019555066,2.640506598512138
1233.8548765321532,0.7841249,0.019638555,2.6415474850707494
1233.8648302781799,0.7514495,0.019240113,2.6426534568625164
1233.8747840242063,0.7770577,0.019557007,2.6438182281917175
1233.884737770233,0.76462764,0.019400744,2.645036783414742
1233.8946915162596,0.7761277,0.019522496,2.6463036059328537
1233.904645262286,0.7864513,0.019640042,2.647610906361619
1233.9145990083127,0.779589,0.022840183,2.648958295353099
1233.9245527543392,0.7783006,0.022823999,2.650348349603248
1233.9345065003658,0.78564215,0.022925448,2.6517917038950802
1233.9444602463923,0.7556645,0.022497103,2.653297173385707
1233.954413992419,0.7900448,0.022990212,2.6548710316699586
1233.9643677384456,0.8111865,0.0232874,2.6565183181049576
1233.974321484472,0.82255626,0.02344095,2.6582354139584035
1233.9842752304987,0.74433184,0.022334555,2.660013632886905
1233.9942289765254,0.7602863,0.022567727,2.661827350279619
1234.0041827225518,0.73882633,0.022253208,2.663659923885175
1234.0141364685785,0.7607427,0.022570102,2.665500749587428
1234.024090214605,0.77698594,0.02280607,2.6673424240080177
1234.0340439606316,0.76943374,0.02269748,2.6691771633988086
1234.043997706658,0.7668231,0.022659784,2.6709990497889873
1234.0539514526847,0.7865096,0.022943335,2.6728017009212315
1234.0639051987114,0.79316425,0.023041533,2.6745783745530933
1234.0738589447378,0.74364513,0.02232779,2.6763203154120037
1234.0838126907645,0.8075617,0.023240028,2.678015106857999
1234.0937664367912,0.7896809,0.02299322,2.6796573787215383
1234.1037201828176,0.80104995,0.023150662,2.681236740976125
1234.1136739288443,0.7748314,0.022779178,2.682742876789542
1234.1236276748707,0.7776093,0.022817522,2.684162158764299
1234.1335814208974,0.75705886,0.022525506,2.6854919722853454
1234.143535166924,0.7958915,0.023082016,2.68674373940822
1234.1534889129505,0.809295,0.023265814,2.6879230157717817
1234.1634426589771,0.8230913,0.023461407,2.689032166716363
1234.1733964050036,0.83206517,0.023588998,2.6900643027167903
1234.1833501510303,0.803086,0.02318789,2.6910243733286663
1234.193303897057,0.76853687,0.022695439,2.691920185625736
1234.2032576430834,0.7501684,0.022434881,2.6927605017243286
1234.21321138911,0.7937807,0.023056226,2.6935585967057705
1234.2231651351367,0.7855543,0.022938536,2.694331619152581
1234.2331188811631,0.7754992,0.022797577,2.6951064486683154
1234.2430726271898,0.77405226,0.022777382,2.6959056671126382
1234.2530263732162,0.77836,0.022837589,2.6967492794723342
1234.262980119243,0.79791933,0.02311187,2.6976529818138855
1234.2729338652694,0.8362693,0.023647817,2.698632121517863
1234.282887611296,0.81469476,0.023352789,2.6996771032053237
1234.2928413573227,0.82687026,0.023521252,2.7007812701217833
1234.3027951033491,0.81081027,0.023301344,2.7019345836482365
1234.3127488493758,0.782488,0.022897877,2.703126345383385
1234.3227025954025,0.8037554,0.023197051,2.7043436126549083
1234.332656341429,0.81308395,0.02333154,2.705571913526411
1234.3426100874556,0.81946087,0.023423333,2.7068021775110744
1234.352563833482,0.7986731,0.023133367,2.7080274767267474
1234.3625175795087,0.78763777,0.022976605,2.7092417321833633
1234.3724713255351,0.8253106,0.023502141,2.7104410810435575
1234.3824250715618,0.82788694,0.023540799,2.7116241629354345
1234.3923788175885,0.85112053,0.023859894,2.712790060242485
1234.402332563615,0.8314257,0.023593942,2.713939826441063
1234.4122863096416,0.8130197,0.023332313,2.7150764462612456
1234.4222400556682,0.8258852,0.023513585,2.7162086877894835
1234.4321938016947,0.82467425,0.023496458,2.7173462862744557
1234.4421475477213,0.8246816,0.02349744,2.7184995598602115
1234.4521012937478,0.8089694,0.023281148,2.7196788058699832
1234.4620550397744,0.778397,0.022849256,2.720899401559424
1234.472008785801,0.78251183,0.022908494,2.722165265988602
1234.4819625318275,0.75595313,0.022525284,2.7234820235737196
1234.4919162778542,0.762723,0.022624468,2.724854215341291
1234.5018700238807,0.78783655,0.0229798,2.726286173926522
1234.5118237699073,0.72860533,0.022129014,2.727784294176957
1234.521777515934,0.77187055,0.022758828,2.7293368544609127
1234.5317312619604,0.80949086,0.023289356,2.7309345820848394
1234.541685007987,0.77626425,0.022824438,2.732563724835459
1234.5516387540135,0.82215,0.023466935,2.7342082368213028
1234.5615925000402,0.759841,0.022586925,2.735850230448887
1234.5715462460669,0.79386646,0.023076383,2.737475691537365
1234.5814999920933,0.7626121,0.022630842,2.739073723590833
1234.59145373812,0.8103644,0.02331217,2.740635297724552
1234.6014074841464,0.80563146,0.023243992,2.742148644578152
1234.611361230173,0.7665968,0.022691654,2.7436082073577257
1234.6213149761998,0.77540225,0.02281534,2.7450152068507148
1234.6312687222262,0.7914743,0.023045275,2.7463717770774094
1234.6412224682529,0.7763751,0.022829222,2.747683703579746
1234.6511762142795,0.76312405,0.022641651,2.748956247747569
1234.661129960306,0.79703265,0.023126572,2.75020236263149
1234.6710837063326,0.7865509,0.022977067,2.751431560809631
1234.681037452359,0.7890514,0.023013584,2.752652108958032
1234.6909911983857,0.7899808,0.023019902,2.7538724763046734
1234.7009449444122,0.7962446,0.023114039,2.7551032026760245
1234.7108986904389,0.7651209,0.022669874,2.7563509491303786
1234.7208524364655,0.7974771,0.023127556,2.757620492346609
1234.730806182492,0.7323763,0.022189833,2.7589145254361083
1234.7407599285186,0.7539199,0.02251025,2.7602346257372274
1234.7507136745453,0.7792569,0.022875467,2.7615832947885552
1234.7606674205717,0.788555,0.023011705,2.762957425695102
1234.7706211665984,0.77694094,0.022842674,2.764357476557495
1234.7805749126248,0.79846084,0.023148376,2.765784479162718
1234.7905286586515,0.7885229,0.02300612,2.7672413693460234
1234.800482404678,0.822002,0.023477193,2.768730739130138
1234.8104361507046,0.7973608,0.023136323,2.7702505872858265
1234.8203898967313,0.8270219,0.02354848,2.7718003853438136
1234.8303436427577,0.8325357,0.023624778,2.7733775113880554
1234.8402973887844,0.79217356,0.02306049,2.7749765641287154
1234.850251134811,0.7842419,0.022950256,2.776581926733347
1234.8602048808375,0.7770018,0.022844043,2.77817118834208
1234.8701586268642,0.828523,0.023575557,2.7797162761690286
1234.8801123728906,0.8197807,0.023450067,2.781184651395909
1234.8900661189173,0.7707998,0.022761496,2.782528970634327
1234.900019864944,0.7819501,0.02291885,2.7837306600907668
1234.9099736109704,0.7688869,0.022730853,2.784783168477598
1234.919927356997,0.777241,0.022855652,2.785688736509067
1234.9298811030235,0.7809457,0.022909919,2.7864601145201484
1234.9398348490502,0.80811656,0.023294,2.7871051238933062
1234.9497885950768,0.8215688,0.023478873,2.787668160779593
1234.9597423411033,0.822802,0.023502413,2.7881779623319423
1234.96969608713,0.77896255,0.022885341,2.788661693022203
1234.9796498331566,0.80308604,0.023226656,2.7891421468045743
1234.989603579183,0.80410916,0.023243558,2.789635879247868
1234.9995573252097,0.7935144,0.023085775,2.790145420879081
1235.0095110712361,0.7882652,0.023014322,2.7906665440230847
1235.0194648172628,0.81268734,0.02335931,2.7911928272724964
1235.0294185632893,0.7482638,0.022433612,2.791720519050969
1235.039372309316,0.77333325,0.022802304,2.7922527543949647
1235.0493260553426,0.7873692,0.023004955,2.7927991984532192
1235.059279801369,0.8082107,0.02329716,2.7933729763976713
1235.0692335473957,0.77577865,0.022840353,2.793986986047546
1235.0791872934224,0.7897867,0.023039337,2.794655952806997
1235.0891410394488,0.7736678,0.02281188,2.7953854944876917
1235.0990947854755,0.7578803,0.022591006,2.7961729158377495
1235.109048531502,0.77215517,0.022786828,2.797016113388515
1235.1190022775286,0.8210204,0.023482185,2.7979109526517902
1235.128956023555,0.8114437,0.023351813,2.7988563750187154
1235.1389097695817,0.8338344,0.023662083,2.799842371679114
1235.1488635156084,0.77154857,0.022783797,2.80086177060206
1235.1588172616348,0.7836964,0.022960696,2.8019100882413053
1235.1687710076615,0.78060436,0.022917453,2.8029842062087296
1235.1787247536881,0.7678614,0.022733446,2.8040854796940993
1235.1886784997146,0.7809557,0.022919606,2.805209957776354
1235.1986322457412,0.8060073,0.023279449,2.8063569793819925
1235.2085859917677,0.7744967,0.022833651,2.8075262891584156
1235.2185397377943,0.8175884,0.02343985,2.8087180511036074
1235.228493483821,0.788587,0.023031324,2.809934468819776
1235.2384472298475,0.78972536,0.023051944,2.811173015442036
1235.2484009758741,0.80199456,0.023221618,2.812434492148029
1235.2583547219006,0.78113693,0.022931399,2.813720289914711
1235.2683084679272,0.8045532,0.023261137,2.8150334698217994
1235.278262213954,0.79150754,0.02307419,2.8163777174788063
1235.2882159599803,0.74221164,0.022363657,2.81775197366277
1235.298169706007,0.74511844,0.022412637,2.819157300773597
1235.3081234520334,0.75981444,0.022620093,2.820594270733508
1235.31807719806,0.7668001,0.02272657,2.822065501180303
1235.3280309440868,0.7548056,0.0227932,2.823571131554925
1235.3379846901132,0.7745902,0.02407964,2.825109155923213
1235.3479384361399,0.78896946,0.024521409,2.8266802909786155
1235.3578921821663,0.77360165,0.024094226,2.8282858116839833
1235.367845928193,0.8004855,0.02487902,2.829931518698288
1235.3777996742197,0.8106387,0.025192183,2.8316182485755497
1235.387753420246,0.8081431,0.025630405,2.8333470278865645
1235.3977071662728,0.8187566,0.025743319,2.835120278978309
1235.4076609122994,0.8397254,0.027104966,2.836939622710157
1235.4176146583259,0.89865774,0.028429596,2.838810997638384
1235.4275684043525,0.85694945,0.028621662,2.840726778928009
1235.437522150379,0.8264662,0.027395196,2.8426812484499524
1235.4474758964056,0.8391803,0.02815337,2.8446673716595496
1235.457429642432,0.8503945,0.028355123,2.8466769381366417
1235.4673833884588,0.81365925,0.027109386,2.848702658974007
1235.4773371344854,0.7642613,0.026163435,2.8507359098952194
1235.4872908805119,0.77321774,0.026684402,2.8527739499255613
1235.4972446265385,0.7632341,0.025980584,2.854817516008403
1235.5071983725652,0.79806024,0.02649536,2.8568710303936555
1235.5171521185916,0.8730685,0.02781965,2.8589429346526694
1235.5271058646183,0.8705752,0.028255824,2.8610393522063227
1235.5370596106447,0.8521315,0.027308654,2.863167044838855
1235.5470133566714,0.9008363,0.02793937,2.865331771904501
1235.5569671026979,0.8794446,0.027516017,2.8675410280956735
1235.5669208487245,0.85018903,0.027116966,2.8697999741250317
1235.5768745947512,0.80312586,0.026563177,2.872108154344644
1235.5868283407776,0.82516,0.026537906,2.8744687313040593
1235.5967820868043,0.81022966,0.026349552,2.8768853698281722
1235.606735832831,0.87599325,0.027486796,2.87936861014089
1235.6166895788574,0.8715126,0.026976578,2.881923588382456
1235.626643324884,0.76072276,0.025425293,2.884554338657882
1235.6365970709105,0.8845146,0.027673613,2.8872689589093445
1235.6465508169372,0.8643079,0.027437007,2.890074251129238
1235.6565045629638,0.87092394,0.027318979,2.8929829125506483
1235.6664583089903,0.86447036,0.027543182,2.8959785311566133
1235.676412055017,0.8449497,0.027003238,2.8990377795139817
1235.6863658010434,0.84030443,0.026355846,2.902127928369634
1235.69631954707,0.82150114,0.026270455,2.9052065725924643
1235.7062732930967,0.8257587,0.02634404,2.9082111765620255
1235.7162270391232,0.8675578,0.026592307,2.911099310864322
1235.7261807851498,0.8667195,0.027003597,2.913832985442901
1235.7361345311765,0.85717183,0.02679585,2.916384301864735
1235.746088277203,0.84188914,0.026695894,2.9187340626674105
1235.7560420232296,0.8369464,0.026867935,2.920864360527142
1235.765995769256,0.8510031,0.02711518,2.9228192002369395
1235.7759495152827,0.84333116,0.026006306,2.9246282048195584
1235.7859032613092,0.8597853,0.025537835,2.926325932959528
1235.7958570073358,0.8693673,0.025820939,2.9279438566357365
1235.8058107533625,0.83196414,0.023894817,2.9295109365348595
1235.815764499389,0.7807409,0.022960195,2.9310515049681407
1235.8257182454156,0.7938085,0.023139663,2.932576323838634
1235.8356719914423,0.82534164,0.023587516,2.9340916763558993
1235.8456257374687,0.850557,0.023930619,2.9356010814578273
1235.8555794834954,0.76459825,0.02272586,2.9371074433350635
1235.8655332295218,0.83620775,0.023737917,2.9386129607571263
1235.8754869755485,0.83200353,0.023679817,2.9401190816032208
1235.885440721575,0.8561138,0.024013827,2.9416269386378655
1235.8953944676016,0.86323863,0.024111038,2.943137706596905
1235.9053482136283,0.8716114,0.024226336,2.9446520038293094
1235.9153019596547,0.88934475,0.02446528,2.946170199406556
1235.9252557056814,0.8271365,0.023619527,2.9476926802235743
1235.935209451708,0.8754224,0.024276992,2.94921975086217
1235.9451631977345,0.8894576,0.024467058,2.950752235100496
1235.9551169437611,0.84094304,0.023809746,2.9522898801416737
1235.9650706897876,0.83096987,0.02367384,2.953832791868165
1235.9750244358142,0.85794705,0.024043972,2.9553811521661033
1235.984978181841,0.8697505,0.024206469,2.9569350497688864
1235.9949319278674,0.81266606,0.023415899,2.9584948991841387
1236.004885673894,0.8635617,0.024119869,2.960059175859108
1236.0148394199205,0.8818493,0.024368273,2.961626488734667
1236.0247931659471,0.8838864,0.024395352,2.9631947618581567
1236.0347469119738,0.85995036,0.024072243,2.964761087126492
1236.0447006580002,0.8492021,0.023931492,2.966321044134355
1236.054654404027,0.8148236,0.023445029,2.9678709933000946
1236.0646081500533,0.83218366,0.02369104,2.9694068017791366
1236.07456189608,0.8505343,0.023944017,2.9709245480349002
1236.0845156421067,0.83574444,0.02374372,2.972419723182202
1236.0944693881331,0.8371296,0.0237588,2.973889508025965
1236.1044231341598,0.79125994,0.02311599,2.9753364539741107
1236.1143768801862,0.7953272,0.023140809,2.976763070585604
1236.124330626213,0.82257146,0.023512762,2.9781735481589764
1236.1342843722396,0.8121502,0.029260792,2.979572647385547
1236.144238118266,0.8303082,0.029622769,2.9809667562720215
1236.1541918642927,0.84620804,0.029895775,2.9823610227442336
1236.1641456103193,0.8786543,0.030442799,2.983758897883949
1236.1740993563458,0.8595802,0.030120878,2.9851628338448566
1236.1840531023724,0.819314,0.029432409,2.9865753568398388
1236.1940068483989,0.88049555,0.030478124,2.9879972768359586
1236.2039605944256,0.8362476,0.029727366,2.9894292003574168
1236.213914340452,0.8582197,0.030105075,2.9908719950306786
1236.2238680864787,0.84092104,0.029812675,2.9923264115292216
1236.2338218325053,0.8384979,0.029767795,2.9937946096497985
1236.2437755785318,0.83854324,0.02976767,2.9952756054531853
1236.2537293245584,0.7898373,0.02892473,2.9967691493649147
1236.263683070585,0.82718647,0.029577613,2.998274862582231
1236.2736368166115,0.78843546,0.028897163,2.999792122451252
1236.2835905626382,0.81940913,0.02944353,3.001321198146843
1236.2935443086647,0.8100548,0.02928296,3.002859540413784
1236.3034980546913,0.81777334,0.029419087,3.0044062466561505
1236.3134518007178,0.817764,0.029416393,3.005960631902438
1236.3234055467444,0.8236976,0.029519904,3.007522532112788
1236.333359292771,0.809153,0.029268311,3.009092472849799
1236.3433130387975,0.750184,0.028219847,3.0106696757644498
1236.3532667848242,0.8580804,0.030113822,3.012253632320269
1236.3632205308509,0.7743964,0.028657833,3.0138423193105592
1236.3731742768773,0.7937273,0.029000707,3.015429826361734
1236.383128022904,0.8332136,0.029688258,3.0170019247509945
1236.3930817689304,0.7956258,0.029032856,3.018539345569277
1236.403035514957,0.8233202,0.029512255,3.020019556769114
1236.4129892609837,0.84271455,0.029853929,3.021423372753951
1236.4229430070102,0.77609986,0.028689241,3.022732999957749
1236.4328967530369,0.8076501,0.029249638,3.0239486776891633
1236.4428504990633,0.81394356,0.029361084,3.0250814675113906
1236.45280424509,0.8355675,0.029735988,3.0261380576057912
1236.4627579911166,0.8347746,0.029719492,3.027125263750784
1236.472711737143,0.8339845,0.029707784,3.0280436207899033
1236.4826654831697,0.8066139,0.029235594,3.0289035278220577
1236.4926192291962,0.83256876,0.029685756,3.029712892464368
1236.5025729752228,0.7878264,0.028901031,3.0304767997583366
1236.5125267212495,0.76573586,0.028507194,3.031200933227878
1236.522480467276,0.7644509,0.028484842,3.031890003841916
1236.5324342133026,0.7822469,0.028808653,3.0325614030775037
1236.542387959329,0.77542543,0.028685894,3.0332346572883626
1236.5523417053557,0.80765676,0.029254956,3.033932066577892
1236.5622954513824,0.8024986,0.029170625,3.0346739743268625
1236.5722491974088,0.7795354,0.028759584,3.0354820754648264
1236.5822029434355,0.8030134,0.029178102,3.036351571586704
1236.5921566894622,0.82576585,0.029574294,3.0372797087527834
1236.6021104354886,0.85562634,0.030088313,3.0382622193678346
1236.6120641815153,0.8227476,0.029526796,3.0392961311004214
1236.6220179275417,0.76703674,0.0285369,3.040381422243945
1236.6319716735684,0.78513956,0.028860472,3.0415092087921427
1236.6419254195948,0.8434372,0.029885078,3.042677067957139
1236.6518791656215,0.76069945,0.028430954,3.043883323886787
1236.6618329116482,0.87608665,0.030436303,3.045128950703018
1236.6717866576746,0.8113267,0.02933026,3.0464155014951424
1236.6817404037013,0.8376941,0.029787196,3.04773976546051
1236.691694149728,0.80385536,0.029200034,3.0491023285589387
1236.7016478957544,0.79045737,0.028960675,3.0505038431264815
1236.711601641781,0.80513805,0.02922154,3.051947847048945
1236.7215553878075,0.8220394,0.029518988,3.0534350546823736
1236.7315091338342,0.8053926,0.02922444,3.0549631435354168
1236.7414628798608,0.844765,0.029913526,3.056532720024239
1236.7514166258873,0.8352023,0.029746683,3.0581445256361572
1236.761370371914,0.83139193,0.029683268,3.05980374201212
1236.7713241179404,0.8205179,0.029496085,3.0615099074757355
1236.781277863967,0.84194505,0.029867534,3.063262386986501
1236.7912316099937,0.8493204,0.02999967,3.065062808642544
1236.8011853560201,0.7960622,0.029067414,3.0669126846730075
1236.8111391020468,0.827122,0.029614156,3.0688191893810286
1236.8210928480732,0.8578731,0.030143796,3.0707782575326803
1236.8310465941,0.8052209,0.029233692,3.0727880458740127
1236.8410003401266,0.82025546,0.029496863,3.074847264561682
1236.850954086153,0.83021235,0.029667819,3.076953606169784
1236.8609078321797,0.80885506,0.029296575,3.0791090120533355
1236.8708615782061,0.80188227,0.029179635,3.0813020835911398
1236.8808153242328,0.8182431,0.029466158,3.083526381555499
1236.8907690702595,0.8116268,0.029350627,3.0857749837037067
1236.900722816286,0.85183764,0.030047331,3.08804113679829
1236.9106765623126,0.84845096,0.02999132,3.090319377713847
1236.9206303083392,0.8220132,0.02953833,3.092604300169007
1236.9305840543657,0.8185735,0.029477032,3.0948951042783013
1236.9405378003923,0.8724753,0.030400157,3.0971934759130892
1236.9504915464188,0.83220255,0.029716237,3.0995035729278557
1236.9604452924455,0.8697257,0.030354895,3.101831803237686
1236.970399038472,0.8270631,0.029621992,3.1041815273997244
1236.9803527844986,0.80815417,0.029297903,3.1065566210824365
1236.9903065305252,0.7899723,0.028974041,3.108959915927687
1237.0002602765517,0.81541485,0.029423257,3.111395167445081
1237.0102140225783,0.8245314,0.029581727,3.113864479575714
1237.020167768605,0.78357685,0.028864004,3.11636608553846
1237.0301215146314,0.79866236,0.029132169,3.1189006930026983
1237.040075260658,0.8116653,0.029362293,3.1214690520311557
1237.0500290066846,0.7891265,0.028962178,3.124074957257845
1237.0599827527112,0.8037268,0.029223515,3.1267189480597746
1237.0699364987377,0.77734035,0.028755961,3.1293999828583985
1237.0798902447643,0.7662295,0.028556773,3.13211924940172
1237.089843990791,0.76723975,0.02858005,3.1348779767551527
1237.0997977368174,0.80615747,0.029267464,3.1376818643978575
1237.109751482844,0.7814595,0.028833315,3.1405301051529384
1237.1197052288708,0.8115163,0.029366834,3.1434227069755645
1237.1296589748972,0.7783485,0.028775774,3.1463616437471953
1237.1396127209239,0.78805393,0.028954081,3.1493493323219846
1237.1495664669503,0.81751364,0.029473528,3.152395604670355
1237.159520212977,0.7828312,0.028867822,3.155498670274797
1237.1694739590037,0.8291389,0.029677302,3.1586591867035034
1237.17942770503,0.7396543,0.028084604,3.161873649755121
1237.1893814510568,0.7307583,0.027926717,3.1651278934164386
1237.1993351970832,0.76969844,0.02863429,3.1683875594469533
1237.2092889431099,0.82806015,0.029661732,3.171601597036307
1237.2192426891365,0.75728923,0.028407514,3.174722330662018
1237.229196435163,0.7340252,0.027990486,3.1777103349527795
1237.2391501811896,0.8165793,0.029460631,3.180536283716331
1237.249103927216,0.7965723,0.029112175,3.1831724048614274
1237.2590576732428,0.7854224,0.028914452,3.1856445059686163
1237.2690114192694,0.7256262,0.027835835,3.1879681413820293
1237.2789651652959,0.7913236,0.029025236,3.1901659427801787
1237.2889189113225,0.7814203,0.028847992,3.1922611599465216
1237.298872657349,0.7236086,0.027801728,3.194278609464588
1237.3088264033756,0.7737368,0.028716568,3.1962454734561243
1237.3187801494023,0.7017555,0.027394636,3.198169884169403
1237.3287338954287,0.7772408,0.028776258,3.200051519014898
1237.3386876414554,0.7245616,0.027819937,3.201883918257801
1237.348641387482,0.7894325,0.028994603,3.203667698506844
1237.3585951335085,0.76609606,0.02858333,3.205415632109979
1237.3685488795352,0.7576009,0.028427377,3.207140547287397
1237.3785026255616,0.7516741,0.028319437,3.2088548176656495
1237.3884563715883,0.7202414,0.027742103,3.2105680634712157
1237.3984101176147,0.8483223,0.030023772,3.212287468534198
1237.4083638636414,0.7580073,0.028436815,3.214017576933824
1237.418317609668,0.7546689,0.028375631,3.21576194694034
1237.4282713556945,0.78227735,0.028876087,3.2175228664202367
1237.4382251017212,0.7845718,0.028918415,3.219302487682407
1237.4481788477478,0.7775762,0.028790468,3.2210979060156335
1237.4581325937743,0.75017846,0.028298717,3.2229055648024354
1237.468086339801,0.7809913,0.028849721,3.2247224645761348
1237.4780400858274,0.7405283,0.028122097,3.22654628120038
1237.487993831854,0.766307,0.028590146,3.228376741890105
1237.4979475778805,0.8031412,0.029250065,3.2302140237308445
1237.5079013239072,0.8338519,0.02978224,3.2320598271357404
1237.5178550699338,0.8269058,0.029670794,3.233916486740145
1237.5278088159603,0.8135875,0.029435944,3.235786328445683
1237.537762561987,0.82126564,0.029567624,3.2376735477970673
1237.5477163080136,0.7626705,0.028531704,3.23957730700082
1237.55767005404,0.7843587,0.02892176,3.2414982349178647
1237.5676238000667,0.76304096,0.028539307,3.2434365601943447
1237.5775775460932,0.7469472,0.028243799,3.2453925209071945
1237.5875312921198,0.7156149,0.027669674,3.2473674791108573
1237.5974850381465,0.7730604,0.028722735,3.2493586670600076
1237.607438784173,0.7287033,0.027916389,3.2513652888162095
1237.6173925301996,0.7496711,0.028302085,3.2533864827346806
1237.627346276226,0.74517876,0.02822304,3.255421915130817
1237.6373000222527,0.73120844,0.027962264,3.2574716640769275
1237.6472537682794,0.7941372,0.029104698,3.25953390522797
1237.6572075143058,0.8025223,0.029248722,3.2616084159387158
1237.6671612603325,0.79688656,0.029149063,3.2636951284190574
1237.6771150063591,0.77532,0.02876823,3.26579478773406
1237.6870687523856,0.81814694,0.029525878,3.267907794350606
1237.6970224984123,0.7793631,0.028837701,3.2700330353104476
1237.7069762444387,0.7555546,0.02841461,3.2721702009973894
1237.7169299904654,0.78047276,0.02886016,3.274318780657091
1237.7268837364918,0.77526057,0.028772501,3.276478960478509
1237.7368374825185,0.75735027,0.028450929,3.278649974761965
1237.7467912285451,0.830799,0.029754465,3.2808307142774
1237.7567449745716,0.82879055,0.029719194,3.283020967169821
1237.7666987205982,0.8267744,0.029683312,3.2852207290518702
1237.776652466625,0.82093155,0.029582854,3.287431016995163
1237.7866062126513,0.8196983,0.029556667,3.2896513158678706
1237.796559958678,0.7894877,0.029027184,3.291880729033555
1237.8065137047045,0.832153,0.029775491,3.294118340625084
1237.8164674507311,0.82204896,0.029602641,3.2963627737255945
1237.8264211967576,0.8433052,0.029966969,3.298612676795633
1237.8363749427842,0.7654486,0.028602835,3.300865690639145
1237.846328688811,0.75830066,0.028474746,3.3031203396689826
1237.8562824348373,0.78286165,0.028919822,3.305375835712939
1237.866236180864,0.76535225,0.028603265,3.3076321221031355
1237.8761899268907,0.71995014,0.027768854,3.3098902640969445
1237.8861436729171,0.77940494,0.028857317,3.312151766341759
1237.8960974189438,0.7672717,0.028638342,3.3144186015274952
1237.9060511649702,0.7640633,0.02857696,3.316693134364306
1237.916004910997,0.78978026,0.029039286,3.318978199942693
1237.9259586570236,0.81481117,0.029484844,3.321278937231547
1237.93591240305,0.781724,0.0289032,3.323597192790599
1237.9458661490767,0.7950416,0.02914295,3.3259366513034787
1237.955819895103,0.7627018,0.028562877,3.3283014670331017
1237.9657736411298,0.7475898,0.028289476,3.3306972405780844
1237.9757273871564,0.7701165,0.028702853,3.3331321431545184
1237.9856811331829,0.71715814,0.027731245,3.3356044261301863
1237.9956348792095,0.6966267,0.027339574,3.338110575745283
1238.005588625236,0.7477218,0.028292537,3.3406390011087086
1238.0155423712627,0.7445668,0.028239014,3.343167893522364
1238.0254961172893,0.7364819,0.028089585,3.3456621714666515
1238.0354498633158,0.7197604,0.027780885,3.3480896018730655
1238.0454036093424,0.6526945,0.026500635,3.3504191838961335
1238.0553573553689,0.7018915,0.027445275,3.3526244019087352
1238.0653111013955,0.7204539,0.027798053,3.354675739275479
1238.0752648474222,0.7439946,0.028228512,3.3565601632607467
1238.0852185934486,0.7220344,0.027827423,3.3582928026392294
1238.0951723394753,0.78450185,0.028966228,3.359886730369515
1238.105126085502,0.7451184,0.028255647,3.3613623498386436
1238.1150798315284,0.76904076,0.028687205,3.362737221736077
1238.125033577555,0.7607056,0.028539123,3.364038362846082
1238.1349873235815,0.6926966,0.027278438,3.365287091141477
1238.1449410696082,0.7253993,0.027898086,3.3664928848825415
1238.1548948156346,0.698991,0.02739907,3.3676595101526936
1238.1648485616613,0.71747994,0.027747627,3.3687820379553646
1238.174802307688,0.70970553,0.027598336,3.3698587423711253
1238.1847560537144,0.7108399,0.027623259,3.3708869367400265
1238.194709799741,0.66452724,0.026739115,3.3718623628573483
1238.2046635457677,0.7081989,0.027573112,3.3727820488918745
1238.2146172917942,0.6990519,0.027402919,3.3736381713930745
1238.2245710378209,0.7372582,0.028117025,3.37443689199815
1238.2345247838473,0.6954191,0.02733403,3.3751817832248103
1238.244478529874,0.67353415,0.026925609,3.375874988806985
1238.2544322759004,0.7248811,0.027891446,3.376517937477949
1238.264386021927,0.6736533,0.026922049,3.377103933459738
1238.2743397679537,0.72314036,0.027859686,3.3776381693939443
1238.2842935139802,0.7405768,0.028183859,3.3781194395381298
1238.2942472600068,0.6956573,0.02734809,3.3785460577826445
1238.3042010060335,0.7144556,0.027697338,3.378916269089812
1238.31415475206,0.711055,0.027637439,3.379221951813512
1238.3241084980866,0.67549634,0.026962144,3.3794708166595173
1238.334062244113,0.7585153,0.028511202,3.3796628831691784
1238.3440159901397,0.7479482,0.028317997,3.379798049899448
1238.3539697361664,0.7410352,0.028194007,3.379874696340847
1238.3639234821928,0.70556587,0.02753695,3.3798870719065315
1238.3738772282195,0.68739766,0.027196128,3.379841604061385
1238.383830974246,0.6753029,0.02696548,3.3797376198799753
1238.3937847202726,0.68487763,0.027147138,3.3795743914754106
1238.4037384662993,0.6940078,0.02732406,3.379348571127458
1238.4136922123257,0.7412334,0.02820505,3.3790554436876006
1238.4236459583524,0.76071244,0.028563635,3.3787002823506818
1238.433599704379,0.7460684,0.028295169,3.378282020192156
1238.4435534504055,0.80708027,0.029394703,3.3777994212702396
1238.4535071964322,0.7437287,0.028251851,3.37724712066621
1238.4634609424586,0.75015014,0.028377356,3.3766216532954214
1238.4734146884853,0.7676941,0.02869406,3.3759272970145773
1238.4833684345117,0.74530417,0.02828459,3.375162665296057
1238.4933221805384,0.7136472,0.0277012,3.3743264929954107
1238.503275926565,0.72689164,0.027947303,3.3734120653077526
1238.5132296725915,0.6929123,0.027314462,3.3724189230172685
1238.5231834186181,0.7316688,0.028041705,3.371351641307788
1238.5331371646448,0.6849407,0.027161498,3.3702100401616555
1238.5430909106713,0.71591675,0.027749687,3.368994301068717
1238.553044656698,0.71922666,0.027811572,3.367698160389396
1238.5629984027244,0.71535647,0.027739087,3.366325360000057
1238.572952148751,0.7035301,0.027517613,3.364880311374946
1238.5829058947775,0.7536633,0.028450588,3.3633632370316797
1238.5928596408041,0.7355304,0.02811599,3.3617738574649603
1238.6028133868308,0.6890465,0.027242275,3.360103104764339
1238.6127671328572,0.68956053,0.027255485,3.3583544966936474
1238.622720878884,0.6895612,0.02725874,3.356528370205926
1238.6326746249106,0.7089929,0.02762172,3.3546218759194497
1238.642628370937,0.6907398,0.027276117,3.3526318542362166
1238.6525821169637,0.68181443,0.027110446,3.350543722388058
1238.6625358629901,0.7257248,0.027929898,3.3483632749304566
1238.6724896090168,0.7019697,0.027434262,3.3460898414752847
1238.6824433550435,0.65790564,0.026562763,3.3437215900300017
1238.69239710107,0.634272,0.03960759,3.3412565431508456
1238.7023508470966,0.7324955,0.042714033,3.3386764330265644
1238.712304593123,0.74750376,0.043129142,3.335987307788258
1238.7222583391497,0.7455226,0.04307548,3.333176766408891
1238.7322120851763,0.7014977,0.04185438,3.330226993871727
1238.7421658312028,0.69855094,0.04177248,3.3271168782238494
1238.7521195772295,0.7381813,0.042879283,3.32381028605212
1238.762073323256,0.78069645,0.04403286,3.320325596068436
1238.7720270692826,0.6646617,0.040803522,3.3166667556086384
1238.7819808153092,0.6957525,0.04169782,3.3128417681966162
1238.7919345613357,0.68751687,0.041464467,3.3088559802165696
1238.8018883073623,0.63888305,0.040052544,3.3047073074775106
1238.8118420533888,0.71734697,0.042307135,3.3004229431942864
1238.8217957994154,0.61075866,0.03921203,3.2960118172818182
1238.831749545442,0.6816838,0.041302662,3.291483096641193
1238.8417032914685,0.6938936,0.041649554,3.2868428505445166
1238.8516570374952,0.78882766,0.04425931,3.2821007129504034
1238.8616107835219,0.7243174,0.042503968,3.2772851669086065
1238.8715645295483,0.6549022,0.04052813,3.2724189335285785
1238.881518275575,0.6625581,0.04075284,3.267527938096479
1238.8914720216014,0.6384848,0.040047918,3.2626385665346453
1238.901425767628,0.640242,0.04009988,3.2577719922057247
1238.9113795136545,0.6513031,0.04042634,3.252934440367709
1238.9213332596812,0.7661991,0.043661393,3.248126281613513
1238.9312870057079,0.688868,0.041516956,3.2433455974821497
1238.9412407517343,0.62795436,0.039740436,3.238592099014415
1238.951194497761,0.7217644,0.04244658,3.23386420540748
1238.9611482437876,0.6417858,0.040152393,3.2291595998531513
1238.971101989814,0.64700806,0.04030787,3.224478038769634
1238.9810557358408,0.6824566,0.041339383,3.2198195173547517
1238.9910094818672,0.6807822,0.04128975,3.2151860549796973
1239.0009632278939,0.75567466,0.04338209,3.2105766485611937
1239.0109169739203,0.70636284,0.042020082,3.205989955219602
1239.020870719947,0.6746289,0.041117273,3.2014261424983586
1239.0308244659736,0.66537124,0.04085314,3.196885515630741
1239.040778212,0.70270073,0.041922316,3.192371043694245
1239.0507319580267,0.64165246,0.040161174,3.1878820390284117
1239.0606857040534,0.6736249,0.041094385,3.1834183769949
1239.0706394500799,0.6477697,0.040342987,3.1789808845709375
1239.0805931961065,0.6121147,0.039282784,3.1745704241084822
1239.090546942133,0.60925573,0.039195683,3.170191408539579
1239.1005006881596,0.6709808,0.041023817,3.165842600573958
1239.1104544341863,0.676412,0.041179687,3.161524827080873
1239.1204081802127,0.7205348,0.04242893,3.1572400443879514
1239.1303619262394,0.6662848,0.040890124,3.1529906090869875
1239.1403156722658,0.6631558,0.040801015,3.148784741257196
1239.1502694182925,0.7226291,0.042492896,3.1446218686939784
1239.1602231643192,0.71936643,0.042405814,3.1405070674359443
1239.1701769103456,0.6817039,0.04133836,3.1364489609716175
1239.1801306563723,0.6523897,0.040489405,3.1324618344368567
1239.190084402399,0.6607432,0.040735144,3.1285868858641313
1239.2000381484254,0.6454909,0.040289924,3.124855818505859
1239.209991894452,0.63867587,0.040091325,3.12133029018914
1239.2199456404785,0.62089694,0.03956096,3.118092162409182
1239.2298993865052,0.6074073,0.03915559,3.115248754231625
1239.2398531325316,0.60051817,0.038945124,3.112980294788031
1239.2498068785583,0.61598325,0.039419644,3.1113445487561826
1239.259760624585,0.6558038,0.04059858,3.110438792511259
1239.2697143706114,0.6168333,0.039443407,3.1103331502675124
1239.279668116638,0.6669131,0.040925924,3.111086423268289
1239.2896218626647,0.5773912,0.03823799,3.1127560091271347
1239.2995756086912,0.6088743,0.039205953,3.115210982708378
1239.3095293547178,0.5941125,0.038759023,3.1184076850660256
1239.3194831007443,0.61589426,0.03942269,3.122305545617359
1239.329436846771,0.55235165,0.03745503,3.1268991601122442
1239.3393905927974,0.5954146,0.038803965,3.132189360575892
1239.349344338824,0.6249098,0.03970052,3.1380875738646714
1239.3592980848507,0.5768812,0.038233694,3.1445733253533805
1239.3692518308771,0.56271106,0.03778698,3.15162796245591
1239.3792055769038,0.5713699,0.03806204,3.159265747067959
1239.3891593229305,0.61121494,0.039289683,3.167480510247654
1239.399113068957,0.52591366,0.03661047,3.1762090307208224
1239.4090668149836,0.5552661,0.037555616,3.185434679860766
1239.41902056101,0.5094497,0.036067784,3.1951406761141934
1239.4289743070367,0.5770942,0.03824525,3.205342555390348
1239.4389280530634,0.5430595,0.037170954,3.2160185404437125
1239.4488817990898,0.5226565,0.036511764,3.227116938747358
1239.4588355451165,0.53992265,0.03707226,3.2386175473613523
1239.468789291143,0.48503107,0.03525468,3.2504985560728237
1239.4787430371696,0.49516818,0.035600502,3.262766504667886
1239.4886967831962,0.5262006,0.036628287,3.2753865640853803
1239.4986505292227,0.4760161,0.03494992,3.2883202756416012
1239.5086042752494,0.4596912,0.03438529,3.3015526710776033
1239.5185580212758,0.43301302,0.03344237,3.315070052091933
1239.5285117673025,0.4148728,0.03278205,3.3288808208415572
1239.5384655133291,0.4763057,0.034962494,3.342943590968628
1239.5484192593556,0.48623344,0.03530306,3.35721802315772
1239.5583730053822,0.44008967,0.033698387,3.371675658595621
1239.5683267514087,0.5054582,0.03595182,3.386291998464965
1239.5782804974353,0.51103085,0.036137927,3.401060949357654
1239.588234243462,0.48247802,0.03518057,3.415951559542769
1239.5981879894885,0.5282866,0.036707256,3.4309418290385243
1239.6081417355151,0.59760666,0.0389015,3.446012505550641
1239.6180954815418,0.5259235,0.036633216,3.4611428506084034
1239.6280492275682,0.60186625,0.039030917,3.476313034153736
1239.638002973595,0.5723566,0.038120154,3.4914939923055393
1239.6479567196213,0.60714906,0.039195288,3.5066632249885927
1239.657910465648,0.64522415,0.04033483,3.521800562434386
1239.6678642116744,0.6106032,0.039301034,3.5368900974934725
1239.677817957701,0.65416455,0.040601406,3.5519149212701784
1239.6877717037278,0.6372472,0.040102247,3.5668838141555206
1239.6977254497542,0.62142456,0.039628208,3.5818042938439483
1239.7076791957809,0.67651004,0.041255437,3.5966826921773483
1239.7176329418076,0.60458827,0.039123796,3.6115194898726513
1239.727586687834,0.67175555,0.041118726,3.6263018860820853
1239.7375404338607,0.7568079,0.04350606,3.6410250024432065
1239.747494179887,0.7009373,0.041956626,3.655675935361363
1239.7574479259138,0.67127573,0.04110929,3.670240503336619
1239.7674016719402,0.6796448,0.041352585,3.6847012583226153
1239.7773554179669,0.70177764,0.041982096,3.6990269240387716
1239.7873091639935,0.72436035,0.04262047,3.7132134390832645
1239.79726291002,0.7600308,0.043602176,3.7272427923382963
1239.8072166560466,0.84894776,0.045954786,3.7410966790122497
1239.8171704020733,0.7314173,0.042821877,3.7547505576559246
1239.8271241480998,0.74035305,0.043068904,3.768168099713635
1239.8370778941264,0.813383,0.045034766,3.781357049118299
1239.8470316401529,0.73738784,0.042988412,3.794304117923588
1239.8569853861795,0.6588743,0.040762853,3.806996810754315
1239.8669391322062,0.7370237,0.042983167,3.819410162848542
1239.8768928782326,0.67658925,0.04127886,3.831511411990871
1239.8868466242593,0.7704694,0.043899015,3.8433112627518287
1239.8968003702857,0.79419446,0.044535857,3.854790799323471
1239.9067541163124,0.81891423,0.045190822,3.8659288307132957
1239.916707862339,0.7795105,0.044143893,3.8766801978953733
1239.9266616083655,0.69943774,0.041938193,3.8870013495763125
1239.9366153543922,0.74223834,0.04313544,3.896896926773169
1239.9465691004189,0.6988736,0.04192516,3.9063362768624295
1239.9565228464453,0.74217355,0.04313346,3.9152860927308524
1239.966476592472,0.7541096,0.043465078,3.9236717379404675
1239.9764303384984,0.7433235,0.043171886,3.9314394133366886
1239.986384084525,0.7761872,0.044065293,3.9385863443841576
1239.9963378305515,0.72379154,0.042631317,3.945068538338189
1240.0062915765782,0.7846927,0.044295825,3.9508469921374063
1240.0162453226048,0.81895554,0.045206126,3.955837203653885
1240.0261990686313,0.7445086,0.043210384,3.9600454216557868
1240.036152814658,0.8999655,0.047282483,3.9635451112065265
1240.0461065606846,0.8121378,0.04502994,3.9663875593094255
1240.056060306711,0.73102146,0.042837933,3.9686497848807534
1240.0660140527377,0.7960101,0.044607036,3.9703955975383822
1240.0759677987642,0.77062243,0.04392616,3.9717615110724505
1240.0859215447908,0.8696424,0.04652521,3.9728585589762706
1240.0958752908173,0.80729556,0.04490936,3.973749340943127
1240.105829036844,0.72666276,0.04272447,3.974474852851862
1240.1157827828706,0.837998,0.045716204,3.975051068714163
1240.125736528897,0.85770553,0.04622695,3.975512467033747
1240.1356902749237,0.77850395,0.04414936,3.9758881659331458
1240.1456440209504,0.7637784,0.043749847,3.976202388055188
1240.1555977669768,0.76586336,0.043810114,3.9764785441070494
1240.1655515130035,0.8476066,0.0459709,3.9767369462029087
1240.17550525903,0.84255403,0.0458452,3.9769957693126416
1240.1854590050566,0.8136394,0.045089733,3.977264096318085
1240.1954127510833,0.8396018,0.04576718,3.9775461415109956
1240.2053664971097,0.8336499,0.045619108,3.9778435266717187
1240.2153202431364,0.82685447,0.045441557,3.978159670090313
1240.2252739891628,0.87541264,0.046693712,3.9784956645593286
1240.2352277351895,0.76128197,0.04369544,3.9788551381653074
1240.2451814812162,0.8012527,0.04476966,3.9792422786454327
1240.2551352272426,0.7777116,0.044142317,3.9796594740482565
1240.2650889732693,0.74856657,0.04335109,3.9801064683445304
1240.2750427192957,0.8630913,0.046386093,3.980564914936607
1240.2849964653224,0.7700568,0.04394103,3.9810080709928006
1240.294950211349,0.8214133,0.045308374,3.981397835790165
1240.3049039573755,0.7383973,0.043077268,3.9816883786295083
1240.3148577034021,0.8032495,0.0448329,3.9818059089300135
1240.3248114494286,0.77346206,0.044036966,3.981729763041093
1240.3347651954552,0.76188725,0.043724436,3.981437198899013
1240.344718941482,0.7772019,0.04414082,3.9809211060815257
1240.3546726875084,0.70674473,0.04219853,3.9801885622512523
1240.364626433535,0.74518937,0.04326802,3.9792471276890895
1240.3745801795617,0.8256074,0.04542897,3.978167667782363
1240.3845339255881,0.7562962,0.0435792,3.97700201072361
1240.3944876716148,0.81034774,0.04503141,3.975805469344137
1240.4044414176412,0.7627704,0.043760303,3.974631951583004
1240.414395163668,0.7619533,0.043739684,3.9735357489679632
1240.4243489096943,0.80391085,0.044865787,3.9725371377635934
1240.434302655721,0.7869561,0.044414975,3.97164675149191
1240.4442564017477,0.7556678,0.043568593,3.9708649675798187
1240.4542101477741,0.8524598,0.04613656,3.970189154446011
1240.4641638938008,0.81882375,0.04526428,3.9696184091531928
1240.4741176398275,0.82932127,0.045541413,3.969134538226612
1240.484071385854,0.72990066,0.042862333,3.9687320935769863
1240.4940251318806,0.81444824,0.04515154,3.9684068433102713
1240.503978877907,0.8071394,0.044960383,3.9681584748603846
1240.5139326239337,0.7805386,0.044254072,3.9679886780465257
1240.52388636996,0.72473174,0.042724293,3.967888359314478
1240.5338401159868,0.7701871,0.043974143,3.9678564821247475
1240.5437938620134,0.74681026,0.04334085,3.9678924672471063
1240.5537476080399,0.6977103,0.041967805,3.9679995058491158
1240.5637013540666,0.7697278,0.04396423,3.968180256460273
1240.5736551000932,0.70921755,0.04229616,3.968427847238527
1240.5836088461197,0.74571025,0.043313213,3.968740769314329
1240.5935625921463,0.75743985,0.043636076,3.969116107137271
1240.6035163381728,0.8460967,0.045991268,3.9695522536210266
1240.6134700841994,0.7945442,0.04463857,3.970042547825778
1240.623423830226,0.8821691,0.046917256,3.970574435332713
1240.6333775762525,0.87046486,0.046621535,3.971140377545595
1240.6433313222792,0.86358714,0.046446517,3.9717342699203653
1240.6532850683056,0.8546939,0.046221063,3.972354035912306
1240.6632388143323,0.8589887,0.046332866,3.9729995992201896
1240.673192560359,0.81265366,0.045129687,3.9736724531586614
1240.6831463063854,0.8250938,0.045456775,3.974377911400829
1240.693100052412,0.80983496,0.045056205,3.9751224429116045
1240.7030537984385,0.8538485,0.046205644,3.975916781826855
1240.7130075444652,0.7772415,0.0441902,3.9767671797235584
1240.7229612904919,0.8134403,0.045154624,3.9776751188163177
1240.7329150365183,0.7388834,0.04314266,3.9786438210263326
1240.742868782545,0.8171917,0.045254618,3.9796753643906357
1240.7528225285714,0.74563366,0.04333157,3.980776734109396
1240.762776274598,0.87500405,0.04675573,3.981946956502771
1240.7727300206247,0.81084514,0.045092836,3.983183654310645
1240.7826837666512,0.84735787,0.046048883,3.984488608121257
1240.7926375126779,0.93876195,0.048351813,3.9858642478361994
1240.8025912587045,0.84516567,0.04599385,3.987320988994821
1240.812545004731,0.808194,0.045029774,3.9888588212406972
1240.8224987507576,0.7678372,0.043951634,3.990477002619595
1240.832452496784,0.8157636,0.045232024,3.9921772874013524
1240.8424062428107,0.82100356,0.04536976,3.9939596154499704
1240.8523599888372,0.8167762,0.045262657,3.995828710610709
1240.8623137348638,0.75689274,0.0436558,3.9977711158095284
1240.8722674808905,0.76914966,0.043990944,3.999772629954419
1240.882221226917,0.8026211,0.044891205,4.001818491000122
1240.8921749729436,0.71695703,0.04255507,4.003890966206813
1240.9021287189703,0.69124556,0.041830827,4.005969709971055
1240.9120824649967,0.650791,0.04065111,4.008034598163823
1240.9220362110234,0.77853155,0.044252202,4.010072764082269
1240.9319899570498,0.7698023,0.04401971,4.012076873798076
1240.9419437030765,0.73867357,0.043169137,4.014045982305893
1240.9518974491032,0.79787827,0.044776805,4.015982974102225
1240.9618511951296,0.86759186,0.046597216,4.0179032798146155
1240.9718049411563,0.7602827,0.0437652,4.019821136511504
1240.9817586871827,0.79386103,0.04467382,4.021749844108995
1240.9917124332094,0.72357935,0.04275243,4.023700499931582
1241.001666179236,0.69366777,0.041910484,4.025685462823821
1241.0116199252625,0.7574258,0.04369451,4.0277062999886954
1241.0215736712892,0.7320147,0.042995576,4.0297658440976
1241.0315274173156,0.7869775,0.044499557,4.0318679405960465
1241.0414811633423,0.73033684,0.042951416,4.03401834913886
1241.051434909369,0.7293425,0.042924747,4.036234680756966
1241.0613886553954,0.797975,0.044795122,4.038521514890234
1241.071342401422,0.8102668,0.045122884,4.040889860974622
1241.0812961474485,0.84377056,0.046003245,4.043348251978413
1241.0912498934752,0.75361276,0.043603197,4.045898354346377
1241.1012036395018,0.7807669,0.04434059,4.0485377559899405
1241.1111573855283,0.77682847,0.04423486,4.051225264119875
1241.121111131555,0.83661354,0.045822423,4.053920917501912
1241.1310648775816,0.8376242,0.045848757,4.056578418417897
1241.141018623608,0.7423878,0.043297205,4.059149094170517
1241.1509723696347,0.8825591,0.04700638,4.0615673763703715
1241.1609261156611,0.84298104,0.045993444,4.063812868698303
1241.1708798616878,0.8466105,0.04608659,4.065864096940064
1241.1808336077142,0.8379438,0.045865566,4.067713307813116
1241.190787353741,0.87772775,0.046891093,4.069364394131218
1241.2007410997676,0.840686,0.045938194,4.070824707364698
1241.210694845794,0.7869003,0.04451983,4.0721532062044545
1241.2206485918207,0.82805604,0.04561132,4.073387956208833
1241.2306023378474,0.87094814,0.046722382,4.074563757470822
1241.2405560838738,0.8473696,0.0461188,4.075707580137642
1241.2505098299005,0.82036,0.045415137,4.076837727369878
1241.260463575927,0.74670255,0.043431155,4.07796490012529
1241.2704173219536,0.7987261,0.044845205,4.079091817253826
1241.28037106798,0.8306687,0.045688994,4.080218488108723
1241.2903248140067,0.7692371,0.04405518,4.081343600931575
1241.3002785600333,0.86341774,0.04653979,4.082465246244408
1241.3102323060598,0.73220587,0.04304022,4.083582636309499
1241.3201860520865,0.7940919,0.04472742,4.084695398917405
1241.3301397981131,0.7176915,0.04263508,4.085803958139026
1241.3400935441396,0.7317937,0.0430289,4.0869094884749035
1241.3500472901662,0.7220926,0.042713385,4.088014201690567
1241.3600010361927,0.7865701,0.044303395,4.089120811641149
1241.3699547822193,,,4.090231686131964
1241.379908528246,,,4.091348841859489
1241.3898622742724,,,4.092474091293751
1241.399816020299,,,4.093608672629508
1241.4097697663256,,,4.094752075148345
1241.4197235123522,,,4.095904369988315
1241.429677258379,,,4.097065553610579
1241.4396310044053,,,4.098236036898266
1241.449584750432,,,4.099416001773601
1241.4595384964584,,,4.100604501192188
1241.469492242485,,,4.101801388167367
1241.4794459885118,,,4.103006716839216
1241.4893997345382,,,4.104221608944864
1241.4993534805649,,,4.105447816094619
1241.5093072265913,,,4.106686355234505
1241.519260972618,,,4.107938770500483
1241.5292147186447,,,4.109205864945292
1241.539168464671,,,4.110488161375648
1241.5491222106978,,,4.11178364680574
1241.5590759567244,,,4.113088106945254
1241.5690297027509,,,4.1143978391302465
1241.5789834487775,,,4.115709250075513
1241.588937194804,,,4.117019288765992
1241.5988909408306,,,4.118326255479213
1241.608844686857,,,4.119630233089652
1241.6187984328838,,,4.120931974753606
1241.6287521789104,,,4.122232468525957
1241.6387059249369,,,4.123532351578913
1241.6486596709635,,,4.124831568760127
1241.6586134169902,,,4.126129276417583
1241.6685671630166,,,4.127424067096429
1241.6785209090433,,,4.128714369636283
1241.6884746550697,,,4.129998302998244
1241.6984284010964,,,4.131275521728641
1241.7083821471228,,,4.132547161605529
1241.7183358931495,,,4.133814979629198
1241.7282896391762,,,4.135081500815702
1241.7382433852026,,,4.13634998656116
1241.7481971312293,,,4.137623473367505
1241.758150877256,,,4.138903822638626
1241.7681046232824,,,4.140192257555759
1241.778058369309,,,4.14148931250284
1241.7880121153355,,,4.142795691799048
1241.7979658613622,,,4.144110373495889
1241.8079196073888,,,4.145432073885653
1241.8178733534153,,,4.1467596233687996
1241.827827099442,,,4.148091482201443
1241.8377808454684,,,4.149425463139912
1241.847734591495,,,4.150758008522544
1241.8576883375217,,,4.152085145137241
1241.8676420835482,,,4.153402400233301
1241.8775958295748,,,4.1547053604919535
1241.8875495756015,,,4.1559883075550745
1241.897503321628,,,4.157250758176883
1241.9074570676546,,,4.158494689992739
1241.917410813681,,,4.159723828651589
1241.9273645597077,,,4.160943549895196
1241.9373183057342,,,4.1621598701092255
1241.9472720517608,,,4.1633783666412425
1241.9572257977875,,,4.164601441228574
1241.967179543814,,,4.16582922218839
1241.9771332898406,,,4.167060186965586
1241.9870870358673,,,4.168291925136362
1241.9970407818937,,,4.169522318668144
1242.0069945279204,,,4.170750608173319
1242.0169482739468,,,4.171977146907626
1242.0269020199735,,,4.173203131457181
1242.036855766,,,4.1744303159380785
1242.0468095120266,,,4.175659938154824
1242.0567632580533,,,4.176892300820574
1242.0667170040797,,,4.17812675956762
1242.0766707501064,,,4.179361684859746
1242.086624496133,,,4.180593861266535
1242.0965782421595,,,4.181819836314378
1242.1065319881861,,,4.183035986377764
1242.1164857342126,,,4.184238661720451
1242.1264394802392,,,4.185424649541428
1242.136393226266,,,4.1865888265453055
1242.1463469722923,,,4.187732011993425
1242.156300718319,,,4.188854154981995
1242.1662544643455,,,4.1899553072764775
1242.1762082103721,,,4.191035259881454
1242.1861619563988,,,4.192089718897305
1242.1961157024252,,,4.1931187756741535
1242.206069448452,,,4.194118909223924
1242.2160231944783,,,4.195085634523546
1242.225976940505,,,4.196014580247499
1242.2359306865317,,,4.1968965829242295
1242.2458844325581,,,4.197735879192415
1242.2558381785848,,,4.19853371012956
1242.2657919246112,,,4.1992925992777455
1242.275745670638,,,4.200015876617975
1242.2856994166646,,,4.200702453710699
1242.295653162691,,,4.2013591688499226
1242.3056069087177,,,4.201986705203604
1242.3155606547443,,,4.202584441523163
1242.3255144007708,,,4.203150972447874
1242.3354681467974,,,4.203680221840852
1242.3454218928239,,,4.2041762495092545
1242.3553756388505,,,4.204639297407828
1242.365329384877,,,4.205069882534812
1242.3752831309037,,,4.205468077941081
1242.3852368769303,,,4.205828596574468
1242.3951906229568,,,4.206153793759782
1242.4051443689834,,,4.206440620309477
1242.41509811501,,,4.206685740071229
1242.4250518610365,,,4.206885734090612
1242.4350056070632,,,4.207031940151836
1242.4449593530896,,,4.207129136485106
1242.4549130991163,,,4.20717656848141
1242.4648668451428,,,4.2071737484837906
1242.4748205911694,,,4.207119428795913
1242.484774337196,,,4.207005931043177
1242.4947280832225,,,4.206838215296644
1242.5046818292492,,,4.206614267149298
1242.5146355752759,,,4.206332262490368
1242.5245893213023,,,4.205989991696286
1242.534543067329,,,4.205579696195808
1242.5444968133554,,,4.205108817610684
1242.554450559382,,,4.204577063868236
1242.5644043054087,,,4.203983696629592
1242.5743580514352,,,4.203326050163819
1242.5843117974619,,,4.202593879447235
1242.5942655434883,,,4.20179130018024
1242.604219289515,,,4.200913364892828
1242.6141730355416,,,4.199954311038727
1242.624126781568,,,4.198905825681955
1242.6340805275947,,,4.1977494893842024
1242.6440342736214,,,4.19648723477754
1242.6539880196478,,,4.195108678927694
1242.6639417656745,,,4.193602510993454
1242.673895511701,,,4.191953438200448
1242.6838492577276,,,4.190133379498957
1242.693803003754,,,4.188149711201268
1242.7037567497807,,,4.185994437242584
1242.7137104958074,,,4.183662352889473
1242.7236642418338,,,4.181147419610543
1242.7336179878605,,,4.178435505377397
1242.7435717338872,,,4.175552827181904
1242.7535254799136,,,4.172505216120095
1242.7634792259403,,,4.169298154298142
1242.7734329719667,,,4.165931713160289
1242.7833867179934,,,4.1623943961342045
1242.7933404640198,,,4.158704104049975
1242.8032942100465,,,4.154859788707045
1242.8132479560732,,,4.150860316078145
1242.8232017020996,,,4.146700698682942
1242.8331554481263,,,4.14236792983521
1242.843109194153,,,4.137880931263593
1242.8530629401794,,,4.133241520299459
1242.863016686206,,,4.128452228511052
1242.8729704322325,,,4.123511833980986
1242.8829241782591,,,4.118412841167059
1242.8928779242858,,,4.1131759880190435
1242.9028316703123,,,4.107805955187882
1242.912785416339,,,4.10230768142581
1242.9227391623654,,,4.09668245245268
1242.932692908392,,,4.09092700140902
1242.9426466544187,,,4.085060369662252
1242.9526004004451,,,4.079088083215591
1242.9625541464718,,,4.0730156702218
1242.9725078924982,,,4.0668454636404805
1242.982461638525,,,4.060576092528258
1242.9924153845516,,,4.054221731972239
1243.002369130578,,,4.047785384397379
1243.0123228766047,,,4.041269043995864
1243.0222766226311,,,4.03467090263246
1243.0322303686578,,,4.027985082136825
1243.0421841146845,,,4.02121971754312
1243.052137860711,,,4.014374737855574
1243.0620916067376,,,4.007450990864197
1243.0720453527642,,,4.000447990735757
1243.0819990987907,,,3.993364789922657
1243.0919528448173,,,3.986214616133607
1243.1019065908438,,,3.979003256166351
1243.1118603368704,,,3.9717368477014974
1243.121814082897,,,3.9644202166239553
1243.1317678289236,,,3.95705945958996
1243.1417215749502,,,3.9496720423877916
1243.1516753209767,,,3.942279507605007
1243.1616290670033,,,3.9349190997624306
1243.17158281303,,,3.92765779580953
1243.1815365590564,,,3.92061693573478
1243.191490305083,,,3.9139139173298982
1243.2014440511095,,,3.907696530741613
1243.2113977971362,,,3.902118674704381
1243.2213515431627,,,3.897363092083804
1243.2313052891893,,,3.8936421227842524
1243.241259035216,,,3.8909716800046614
1243.2512127812424,,,3.8894147971566455
1243.261166527269,,,3.88898721252517
1243.2711202732958,,,3.8897042480507693
1243.2810740193222,,,3.891577671006835
1243.2910277653489,,,3.8944395232419486
1243.3009815113753,,,3.8982422516345925
1243.310935257402,,,3.9029448337834385
1243.3208890034286,,,3.90854391800209
1243.330842749455,,,3.9150587098405163
1243.3407964954818,,,3.9223733400442384
1243.3507502415082,,,3.9304635163509936
1243.3607039875349,,,3.9393066158078756
1243.3706577335615,,,3.94890849486217
1243.380611479588,,,3.9592910410740116
1243.3905652256146,,,3.970356979071543
1243.4005189716413,,,3.98208335100326
1243.4104727176677,,,3.9944449301612517
1243.4204264636944,,,4.0074355584388215
1243.4303802097209,,,4.021055458209284
1243.4403339557475,,,4.035205659472021
1243.450287701774,,,4.0498470530249815
1243.4602414478006,,,4.064939568467958
1243.4701951938273,,,4.080459300741741
1243.4801489398537,,,4.096393469374185
1243.4901026858804,,,4.112676212287901
1243.500056431907,,,4.12929225399818
1243.5100101779335,,,4.146233185695
1243.5199639239602,,,4.163506890980713
1243.5299176699866,,,4.181132111066153
1243.5398714160133,,,4.199072032544331
1243.5498251620397,,,4.217320108002481
1243.5597789080664,,,4.235865420218979
1243.569732654093,,,4.254702130939935
1243.5796864001195,,,4.273824922584078
1243.5896401461462,,,4.293181462655691
1243.5995938921728,,,4.312747357460669
1243.6095476381993,,,4.332497907374516
1243.619501384226,,,4.3524138311959435
1243.6294551302524,,,4.37247760023687
1243.639408876279,,,4.392649580423294
1243.6493626223057,,,4.412905656319097
1243.6593163683322,,,4.43322032742064
1243.6692701143588,,,4.453566886025703
1243.6792238603853,,,4.473913923639547
1243.689177606412,,,4.494231909082443
1243.6991313524386,,,4.514495303093259
1243.709085098465,,,4.534680105148404
1243.7190388444917,,,4.554758793194925
1243.7289925905181,,,4.574694371736354
1243.7389463365448,,,4.594472567250958
1243.7489000825715,,,4.614065554115122
1243.758853828598,,,4.633444466510336
1243.7688075746246,,,4.652572493510421
1243.778761320651,,,4.671401325700422
1243.7887150666777,,,4.689940164385482
1243.7986688127044,,,4.708176118195167
1243.8086225587308,,,4.726100037089399
1243.8185763047575,,,4.7436933084237225
1243.8285300507841,,,4.760917471310346
1243.8384837968106,,,4.777792696081273
1243.8484375428372,,,4.794297279470458
1243.8583912888637,,,4.8104033987771615
1243.8683450348904,,,4.826063520629559
1243.8782987809168,,,4.841193657697239
1243.8882525269435,,,4.855800004526191
1243.8982062729701,,,4.8698356917050365
1243.9081600189966,,,4.8832511241036265
1243.9181137650232,,,4.895974433142493
1243.92806751105,,,4.90788178337084
1243.9380212570763,,,4.9189980322757245
1243.947975003103,,,4.929268951505797
1243.9579287491295,,,4.938639848651448
1243.9678824951561,,,4.947031864207974
1243.9778362411826,,,4.954303807134141
1243.9877899872092,,,4.960546842874265
1243.997743733236,,,4.965770216876417
1244.0076974792623,,,4.9700176280083035
1244.017651225289,,,4.973346996775445
1244.0276049713157,,,4.975806020747374
1244.037558717342,,,4.977631905676086
1244.0475124633688,,,4.9789737686592925
1244.0574662093952,,,4.979980676589908
1244.0674199554219,,,4.980777714720237
1244.0773737014486,,,4.981454418402786
1244.087327447475,,,4.982080872073162
1244.0972811935017,,,4.9826848479042845
1244.107234939528,,,4.983282833901782
1244.1171886855548,,,4.983885430459992
1244.1271424315814,,,4.98450150154816
1244.1370961776079,,,4.98513492857692
1244.1470499236345,,,4.985789614908784
1244.1570036696612,,,4.986469180961661
1244.1669574156876,,,4.987177795764143
1244.1769111617143,,,4.987923470197795
1244.1868649077408,,,4.988706768049578
1244.1968186537674,,,4.989532001675179
1244.2067723997939,,,4.990403130409812
1244.2167261458205,,,4.991323554758268
1244.2266798918472,,,4.992298570127249
1244.2366336378736,,,4.993315827568187
1244.2465873839003,,,4.994362323671984
1244.256541129927,,,4.9954174117582175
1244.2664948759534,,,4.996452834136505
1244.27644862198,,,4.997425335525518
1244.2864023680065,,,4.998307283012931
1244.2963561140332,,,4.999073944169614
1244.3063098600596,,,4.999710928423753
1244.3162636060863,,,5.000215236021708
1244.326217352113,,,5.000582829919189
1244.3361710981394,,,5.000851110362392
1244.346124844166,,,5.001041907551683
1244.3560785901927,,,5.001172622763064
1244.3660323362192,,,5.0012490077963125
1244.3759860822458,,,5.001244691275009
1244.3859398282723,,,5.001123871180951
1244.395893574299,,,5.000824051261626
1244.4058473203256,,,5.00027451785417
1244.415801066352,,,4.999410266567595
1244.4257548123787,,,4.998129468938436
1244.4357085584052,,,4.996463284986628
1244.4456623044318,,,4.994418585699682
1244.4556160504585,,,4.992022736165607
1244.465569796485,,,4.989319984715208
1244.4755235425116,,,4.986344245154405
1244.485477288538,,,4.983210384360032
1244.4954310345647,,,4.980002298912071
1244.5053847805914,,,4.9768070783286795
1244.5153385266178,,,4.973707112459544
1244.5252922726445,,,4.970796956764973
1244.535246018671,,,4.968096288306536
1244.5451997646976,,,4.965609297915706
1244.5551535107243,,,4.9633200185957085
1244.5651072567507,,,4.961199773492633
1244.5750610027774,,,4.959228428742234
1244.585014748804,,,4.95735557734431
1244.5949684948305,,,4.9555560271602745
1244.6049222408571,,,4.953814410058669
1244.6148759868836,,,4.9521244234547535
1244.6248297329103,,,4.950495391846468
1244.6347834789367,,,4.948930770923664
1244.6447372249634,,,4.947440997182882
1244.65469097099,,,4.946037207670146
1244.6646447170165,,,4.944728747361267
1244.6745984630431,,,4.943535078875068
1244.6845522090698,,,4.942449034297249
1244.6945059550962,,,4.941467722124932
1244.704459701123,,,4.940586756159718
1244.7144134471494,,,4.939798191791014
1244.724367193176,,,4.939099046143668
1244.7343209392025,,,4.938467089773343
1244.7442746852291,,,4.937887712520528
1244.7542284312558,,,4.937350740302829
1244.7641821772822,,,4.936849769116176
1244.774135923309,,,4.936386682358103
1244.7840896693356,,,4.9359613157195135
1244.794043415362,,,4.935577551077947
1244.8039971613887,,,4.935240983530192
1244.8139509074151,,,4.93495685346784
1244.8239046534418,,,4.9347360328928636
1244.8338583994685,,,4.934578617718051
1244.843812145495,,,4.934486253112006
1244.8537658915216,,,4.934462798198039
1244.863719637548,,,4.934512370267896
1244.8736733835747,,,4.934647353435482
1244.8836271296013,,,4.934867021243681
1244.8935808756278,,,4.935171031404934
1244.9035346216544,,,4.935561258860247
1244.9134883676809,,,4.936038823529381
1244.9234421137076,,,4.936612778450114
1244.9333958597342,,,4.937278665813349
1244.9433496057607,,,4.9380325360793655
1244.9533033517873,,,4.938874406989533
1244.9632570978138,,,4.939804456612636
1244.9732108438404,,,4.940831250740543
1244.983164589867,,,4.941951917868042
1244.9931183358935,,,4.943162971887888
1245.0030720819202,,,4.9444655481694575
1245.0130258279469,,,4.945860936245319
1245.0229795739733,,,4.947358828865024
1245.03293332,,,4.948958285623256
1245.0428870660264,,,4.950655739994525
1245.052840812053,,,4.952452474344331
1245.0627945580795,,,4.954348678235863
1245.0727483041062,,,4.956350329410375
1245.0827020501329,,,4.958450989879121
1245.0926557961593,,,4.960638785544172
1245.102609542186,,,4.9629072025034455
1245.1125632882126,,,4.965250598888179
1245.122517034239,,,4.9676714535787685
1245.1324707802657,,,4.970171967469625
1245.1424245262922,,,4.972756412620486
1245.1523782723189,,,4.975440152038202
1245.1623320183455,,,4.978243041096864
1245.172285764372,,,4.981195793004641
1245.1822395103986,,,4.984312169497245
1245.192193256425,,,4.987569925187341
1245.2021470024517,,,4.990929550363693
1245.2121007484784,,,4.994323984893954
1245.2220544945048,,,4.997657011833168
1245.2320082405315,,,5.000816377755362
1245.241961986558,,,5.0037221270278245
1245.2519157325846,,,5.006301422570798
1245.2618694786113,,,5.008497348782754
1245.2718232246377,,,5.01024461677972
1245.2817769706644,,,5.0115051193761495
1245.2917307166908,,,5.012317362423419
1245.3016844627175,,,5.0127031059306315
1245.3116382087442,,,5.01270596270894
1245.3215919547706,,,5.012376254168089
1245.3315457007973,,,5.011787472910075
1245.341499446824,,,5.0110367164046465
1245.3514531928504,,,5.010179227825827
1245.361406938877,,,5.009254901942159
1245.3713606849035,,,5.008289517576777
1245.3813144309302,,,5.007299633776118
1245.3912681769566,,,5.006294800397715
1245.4012219229833,,,5.005272596985028
1245.41117566901,,,5.0042214307573945
1245.4211294150364,,,5.003117892437704
1245.431083161063,,,5.0019236246768175
1245.4410369070897,,,5.000615153739892
1245.4509906531162,,,4.999170013336987
1245.4609443991428,,,4.997578430641135
1245.4708981451693,,,4.9958433150819035
1245.480851891196,,,4.993979936811785
1245.4908056372224,,,4.9920358365178
1245.500759383249,,,4.990044492155605
1245.5107131292757,,,4.988036802073493
1245.5206668753021,,,4.986039052386572
1245.5306206213288,,,4.98407675007511
1245.5405743673555,,,4.982163388717748
1245.550528113382,,,4.98031342492521
1245.5604818594086,,,4.978541593884978
1245.570435605435,,,4.976862458344483
1245.5803893514617,,,4.975297424383453
1245.5903430974884,,,4.973836133198158
1245.6002968435148,,,4.97247501770951
1245.6102505895415,,,4.971206934396584
1245.620204335568,,,4.970023877139439
1245.6301580815946,,,4.96892718793031
1245.6401118276212,,,4.967900284098526
1245.6500655736477,,,4.966940299037942
1245.6600193196743,,,4.966046672503618
1245.6699730657008,,,4.965220408239041
1245.6799268117275,,,4.964472656736906
1245.6898805577541,,,4.963794992727567
1245.6998343037806,,,4.963186911988458
1245.7097880498072,,,4.962647223829999
1245.7197417958337,,,4.962174348060969
1245.7296955418603,,,4.961775188465495
1245.739649287887,,,4.961440863996578
1245.7496030339134,,,4.9611700969784085
1245.75955677994,,,4.960962440908478
1245.7695105259668,,,4.960817372592835
1245.7794642719932,,,4.96074180190358
1245.78941801802,,,4.960728955541836
1245.7993717640463,,,4.96077784357364
1245.809325510073,,,4.960889256121959
1245.8192792560994,,,4.961064396275721
1245.829233002126,,,4.961311841891243
1245.8391867481528,,,4.961626228719663
1245.8491404941792,,,4.9620045092602965
1245.8590942402059,,,4.96244409447926
1245.8690479862325,,,4.962941491273732
1245.879001732259,,,4.96349859148366
1245.8889554782857,,,4.964109060319486
1245.898909224312,,,4.964770490148285
1245.9088629703388,,,4.965483959717412
1245.9188167163652,,,4.96625163171658
1245.9287704623919,,,4.967081712435696
1245.9387242084185,,,4.96797373725189
1245.948677954445,,,4.968926759765615
1245.9586317004716,,,4.969942470231558
1245.9685854464983,,,4.9710232970196575
1245.9785391925247,,,4.972178786658728
1245.9884929385514,,,4.973410671926998
1245.9984466845779,,,4.9747173139367735
1246.0084004306045,,,4.976097776893834
1246.0183541766312,,,4.9775471791235315
1246.0283079226576,,,4.979060234394341
1246.0382616686843,,,4.980621673809302
1246.0482154147107,,,4.982215345431907
1246.0581691607374,,,4.983830810757636
1246.068122906764,,,4.98546107970227
1246.0780766527905,,,4.9871037828597675
1246.0880303988172,,,4.988759317203994
1246.0979841448438,,,4.990429106405622
1246.1079378908703,,,4.992115579076879
1246.117891636897,,,4.993820300761797
1246.1278453829234,,,4.9955439297742785
1246.13779912895,,,4.997283146818507
1246.1477528749765,,,4.999030989818138
1246.1577066210032,,,5.000781619869318
1246.1676603670298,,,5.002531032282835
1246.1776141130563,,,5.004278941787192
1246.187567859083,,,5.0060310529961
1246.1975216051096,,,5.007796724022099
1246.207475351136,,,5.009586039683605
1246.2174290971627,,,5.011406362264372
1246.2273828431892,,,5.013259089800193
1246.2373365892158,,,5.015131629148952
1246.2472903352423,,,5.0169948925184595
1246.257244081269,,,5.018814484607032
1246.2671978272956,,,5.020553555409063
1246.277151573322,,,5.022175882519573
1246.2871053193487,,,5.023647389263453
1246.2970590653754,,,5.024974934656493
1246.3070128114018,,,5.026161522775244
1246.3169665574285,,,5.027216109303783
1246.326920303455,,,5.028147320637142
1246.3368740494816,,,5.028954997487016
1246.3468277955083,,,5.029660683682996
1246.3567815415347,,,5.030271330259695
1246.3667352875614,,,5.030796517866535
1246.3766890335878,,,5.031248651788201
1246.3866427796145,,,5.031637829136077
1246.3965965256411,,,5.031987400796827
1246.4065502716676,,,5.032308770242901
1246.4165040176943,,,5.032609907202181
1246.4264577637207,,,5.032896016473593
1246.4364115097474,,,5.0331693920403335
1246.446365255774,,,5.033435363155747
1246.4563190018005,,,5.033698189674245
1246.4662727478271,,,5.033963341652994
1246.4762264938536,,,5.034237180134906
1246.4861802398802,,,5.0345285734881084
1246.496133985907,,,5.034841078133564
1246.5060877319333,,,5.035177116900556
1246.51604147796,,,5.035537228852641
1246.5259952239867,,,5.035920320950513
1246.5359489700131,,,5.036326608902121
1246.5459027160398,,,5.036751563712624
1246.5558564620662,,,5.037192535527151
1246.565810208093,,,5.037647116120794
1246.5757639541193,,,5.038112216174697
1246.585717700146,,,5.038583645727223
1246.5956714461727,,,5.039054564001513
1246.605625192199,,,5.039518559248136
1246.6155789382258,,,5.0399698551823775
1246.6255326842524,,,5.04040419929103
1246.635486430279,,,5.040817806861881
1246.6454401763056,,,5.041212699909831
1246.655393922332,,,5.041592714148618
1246.6653476683587,,,5.041961594178014
1246.675301414385,,,5.042322968730527
1246.6852551604118,,,5.042679929709417
1246.6952089064384,,,5.043036275661899
1246.7051626524649,,,5.043395882608959
1246.7151163984915,,,5.043762943471908
1246.7250701445182,,,5.04414177197331
1246.7350238905447,,,5.0445371710635
1246.7449776365713,,,5.044950328847533
1246.7549313825978,,,5.045377637991384
1246.7648851286244,,,5.045813218470425
1246.774838874651,,,5.046248583767408
1246.7847926206775,,,5.046672545570674
1246.7947463667042,,,5.047073512030891
1246.8047001127306,,,5.047445499825415
1246.8146538587573,,,5.0477854158715125
1246.824607604784,,,5.048094586429359
1246.8345613508104,,,5.048377718773234
1246.844515096837,,,5.0486446945880505
1246.8544688428638,,,5.048908308724208
1246.8644225888902,,,5.0491788952182795
1246.8743763349169,,,5.049465395691538
1246.8843300809433,,,5.049775641543495
1246.89428382697,,,5.050116128265894
1246.9042375729964,,,5.05048606729363
1246.914191319023,,,5.050885507218705
1246.9241450650497,,,5.051313448099885
1246.9340988110762,,,5.051768917518616
1246.9440525571029,,,5.0522519352969075
1246.9540063031295,,,5.0527575920004
1246.963960049156,,,5.053283908358473
1246.9739137951826,,,5.053828755481965
1246.983867541209,,,5.054389870746586
1246.9938212872357,,,5.054965214730098
1247.0037750332622,,,5.055549312920805
1247.0137287792888,,,5.056138783620971
1247.0236825253155,,,5.056730942233116
1247.033636271342,,,5.0573241405942975
1247.0435900173686,,,5.057917644215858
1247.0535437633953,,,5.05851093584276
1247.0634975094217,,,5.059102642464346
1247.0734512554484,,,5.059689767796207
1247.0834050014748,,,5.060267467300343
1247.0933587475015,,,5.060827123948963
1247.1033124935282,,,5.061365771378075
1247.1132662395546,,,5.061883347833041
1247.1232199855813,,,5.062384225690198
1247.1331737316077,,,5.062876814177432
1247.1431274776344,,,5.063373385277443
1247.153081223661,,,5.063885506830516
1247.1630349696875,,,5.064420335288622
1247.1729887157142,,,5.0649807891929095
1247.1829424617406,,,5.065565671620551
1247.1928962077673,,,5.066172461390554
1247.202849953794,,,5.066793659736396
1247.2128036998204,,,5.067423169949904
1247.222757445847,,,5.068056280649829
1247.2327111918735,,,5.068688977477949
1247.2426649379001,,,5.069316913005917
1247.2526186839268,,,5.069936277164009
1247.2625724299533,,,5.070544042077447
1247.27252617598,,,5.071137269691508
1247.2824799220066,,,5.071713811775617
1247.292433668033,,,5.07227161213881
1247.3023874140597,,,5.072812824221485
1247.3123411600861,,,5.073343112048758
1247.3222949061128,,,5.073869293092405
1247.3322486521392,,,5.0743998539390205
1247.342202398166,,,5.074945055607607
1247.3521561441926,,,5.075514423394361
1247.362109890219,,,5.076112466321952
1247.3720636362457,,,5.076742503531499
1247.3820173822724,,,5.077405592850995
1247.3919711282988,,,5.0781021856500725
1247.4019248743255,,,5.078829903394812
1247.411878620352,,,5.07958066353826
1247.4218323663786,,,5.080347513614868
1247.431786112405,,,5.081121897076809
1247.4417398584317,,,5.081893497009651
1247.4516936044583,,,5.082649346105906
1247.4616473504848,,,5.083380442202426
1247.4716010965114,,,5.0840790984479955
1247.4815548425381,,,5.084740213811168
1247.4915085885646,,,5.085361038464076
1247.5014623345912,,,5.085939384659211
1247.5114160806177,,,5.08648379098254
1247.5213698266443,,,5.086997280949599
1247.531323572671,,,5.087478398520573
1247.5412773186974,,,5.08791692254383
1247.551231064724,,,5.088276736157404
1247.5611848107505,,,5.088517136403712
1247.5711385567772,,,5.088569591687074
1247.5810923028039,,,5.088349170320316
1247.5910460488303,,,5.087768388591847
1247.600999794857,,,5.086687631544292
1247.6109535408837,,,5.085107179700361
1247.62090728691,,,5.083006722249242
1247.6308610329368,,,5.0803803539676675
1247.6408147789632,,,5.0772357999465925
1247.6507685249899,,,5.0735368585027665
1247.6607222710163,,,5.069366446449745
1247.670676017043,,,5.064777235682951
1247.6806297630696,,,5.059818568237187
1247.690583509096,,,5.054546892159925
1247.7005372551228,,,5.049007432746246
1247.7104910011494,,,5.04329929183944
1247.7204447471759,,,5.037513299042891
1247.7303984932025,,,5.031738548604906
1247.740352239229,,,5.026065177721794
1247.7503059852556,,,5.020596158908762
1247.760259731282,,,5.0153915486475675
1247.7702134773087,,,5.010469858832618
1247.7801672233354,,,5.005841672403943
1247.7901209693619,,,5.001506333828905
1247.8000747153885,,,4.997476009092598
1247.8100284614152,,,4.993736124603332
1247.8199822074416,,,4.990255343923618
1247.8299359534683,,,4.987022517950816
1247.8398896994947,,,4.984028488733218
1247.8498434455214,,,4.981279288024585
1247.859797191548,,,4.978774951189148
1247.8697509375745,,,4.976491582460758
1247.8797046836012,,,4.974422880177902
1247.8896584296276,,,4.972559317063396
1247.8996121756543,,,4.970894627168408
1247.909565921681,,,4.969419388571897
1247.9195196677074,,,4.968098096123355
1247.929473413734,,,4.966916902921112
1247.9394271597605,,,4.965867078899502
1247.9493809057872,,,4.964949222546908
1247.9593346518138,,,4.964178632950828
1247.9692883978403,,,4.963547610190616
1247.979242143867,,,4.963063539104943
1247.9891958898934,,,4.962732436461261
1247.99914963592,,,4.962559925939674
1248.0091033819467,,,4.962567466797976
1248.0190571279732,,,4.962734357261336
1248.0290108739998,,,4.963057806584021
1248.0389646200265,,,4.963530662651813
1248.048918366053,,,4.964140095817805
1248.0588721120796,,,4.964880467448747
1248.068825858106,,,4.965712515946527
1248.0787796041327,,,4.966616413677254
1248.0887333501591,,,4.96757898343842
1248.0986870961858,,,4.968593146126187
1248.1086408422125,,,4.9696631953058015
1248.118594588239,,,4.970788325635473
1248.1285483342656,,,4.971975132078478
1248.1385020802923,,,4.973234796845498
1248.1484558263187,,,4.974581250055852
1248.1584095723454,,,4.976042510799287
1248.1683633183718,,,4.977632372813341
1248.1783170643985,,,4.979366545301123
1248.188270810425,,,4.981267536632894
1248.1982245564516,,,4.983359686161329
1248.2081783024782,,,4.985685888139843
1248.2181320485047,,,4.988258859887798
1248.2280857945314,,,4.9910733487681895
1248.238039540558,,,4.9941298645417405
1248.2479932865845,,,4.997425396572794
1248.2579470326111,,,5.0009701526758725
1248.2679007786376,,,5.004757086757517
1248.2778545246642,,,5.008762125344029
1248.287808270691,,,5.0129791740449345
1248.2977620167173,,,5.017405320718991
1248.307715762744,,,5.022054056147819
1248.3176695087705,,,5.0269452223662405
1248.3276232547971,,,5.032077160830758
