wave,flux,err,best_fit_spec
1135.0028614881458,0.33745697,0.014737081,1.069832659146071
1135.01281496033,0.38145468,0.01575196,1.070134882358164
1135.022768432514,0.42822117,0.017044537,1.0704411981932005
1135.0327219046983,0.4810231,0.01825081,1.0707505773114219
1135.0426753768825,0.5229381,0.01903268,1.0710622949465494
1135.0526288490667,0.5717826,0.019751681,1.0713755383976427
1135.0625823212506,0.56775,0.019842414,1.0716906166212758
1135.0725357934348,0.6451467,0.021325093,1.0720095850235902
1135.082489265619,0.7093859,0.022402292,1.072334104019285
1135.0924427378031,0.7219254,0.022815155,1.07266644100187
1135.1023962099873,0.7802689,0.024141716,1.073010902303249
1135.1123496821715,0.8059913,0.024604606,1.0733691426110834
1135.1223031543557,0.8700463,0.025613192,1.0737427626497424
1135.1322566265399,0.8629519,0.02535899,1.0741358859365255
1135.142210098724,0.8764492,0.025796076,1.0745503221179498
1135.1521635709082,0.8649074,0.025572194,1.0749866750851957
1135.1621170430924,0.85138154,0.025870126,1.0754486720800012
1135.1720705152766,0.9323555,0.026914945,1.0759379365273447
1135.1820239874605,0.87269276,0.025836408,1.07644955847031
1135.1919774596447,0.87485963,0.025515271,1.0769788852432052
1135.2019309318289,0.84646815,0.024978464,1.0775174469896858
1135.211884404013,0.8376048,0.025066322,1.0780531278851893
1135.2218378761972,0.8552566,0.025181284,1.078576172705592
1135.2317913483814,0.82329684,0.024947044,1.0790731419708652
1135.2417448205656,0.7976855,0.024617182,1.0795406336084787
1135.2516982927498,0.72046834,0.02321487,1.079974415616515
1135.261651764934,0.7407331,0.023331994,1.080366374819434
1135.2716052371181,0.72935665,0.023265328,1.0807226805497094
1135.2815587093023,0.6869558,0.022576815,1.0810486180360777
1135.2915121814863,0.6520235,0.022146324,1.0813486711447313
1135.3014656536704,0.6062621,0.021356476,1.0816340764973809
1135.3114191258546,0.61050296,0.021637654,1.0819139617093607
1135.3213725980388,0.5579267,0.020605335,1.0821947726744132
1135.331326070223,0.55454946,0.020730965,1.0824812074662866
1135.3412795424072,0.5485509,0.020575585,1.0827750912461707
1135.3512330145913,0.50789285,0.01975984,1.0830782103786025
1135.3611864867755,0.5065395,0.019733181,1.0833922645401846
1135.3711399589597,0.46387962,0.018882338,1.0837167403660433
1135.3810934311439,0.4935008,0.019578515,1.0840525978056614
1135.391046903328,0.46788302,0.019035,1.0844022559816746
1135.401000375512,0.42038062,0.018093236,1.0847640542351014
1135.4109538476962,0.3507722,0.016676089,1.085137616803105
1135.4209073198804,0.3642841,0.017114416,1.0855230787242076
1135.4308607920645,0.329627,0.015881272,1.0859155464942365
1135.4408142642487,0.35028344,0.016089631,1.0863111745601886
1135.450767736433,0.3049513,0.01471162,1.0867052045060295
1135.460721208617,0.30595243,0.014779869,1.087093573694682
1135.4706746808013,0.29481855,0.014443977,1.0874740973182544
1135.4806281529854,0.30760202,0.014612209,1.0878451119133852
1135.4905816251696,0.3011132,0.0143520115,1.0882083926174795
1135.5005350973538,0.3257174,0.014812514,1.0885676589391242
1135.5104885695378,0.32821563,0.014726711,1.0889269076949861
1135.520442041722,0.36169264,0.015202741,1.0892908097313958
1135.5303955139061,0.35368702,0.014949886,1.0896619361432884
1135.5403489860903,0.4091795,0.016030805,1.0900416794420478
1135.5503024582745,0.40673608,0.016000878,1.090429959904201
1135.5602559304587,0.47073907,0.017164841,1.0908228011850702
1135.5702094026428,0.529958,0.018161455,1.0912164933584687
1135.580162874827,0.5448403,0.018417362,1.0916054790206111
1135.5901163470112,0.5480263,0.018470088,1.0919862024273288
1135.6000698191954,0.59272355,0.019180516,1.0923562847927821
1135.6100232913795,0.6454677,0.019985868,1.0927130370036604
1135.6199767635635,0.68068177,0.02050766,1.0930590529703452
1135.6299302357477,0.7126547,0.020955091,1.093397050594935
1135.6398837079319,0.82183135,0.022467656,1.0937299225689763
1135.649837180116,0.8078168,0.022282168,1.0940617722152681
1135.6597906523002,0.8465596,0.022796841,1.094395426515787
1135.6697441244844,0.8575998,0.022918757,1.0947331999420735
1135.6796975966686,0.91845727,0.023690801,1.0950765691956958
1135.6896510688528,0.91860956,0.023693956,1.0954256590341056
1135.699604541037,0.95563483,0.024157856,1.0957809960675982
1135.709558013221,0.9716178,0.024355194,1.0961429797391027
1135.7195114854053,0.9278576,0.023810565,1.0965104310756648
1135.7294649575892,0.93943155,0.02394661,1.0968830081266585
1135.7394184297734,0.99020094,0.024567185,1.0972610256772235
1135.7493719019576,1.0073922,0.024772307,1.0976433751775014
1135.7593253741418,1.0182016,0.024902323,1.098029974469703
1135.769278846326,1.0162507,0.024877151,1.0984216256023087
1135.7792323185101,1.0571187,0.025355866,1.0988177875118432
1135.7891857906943,1.0787103,0.025602818,1.0992185238409165
1135.7991392628785,1.0210031,0.0249204,1.0996247790373084
1135.8090927350627,1.0288897,0.025000677,1.1000365965950356
1135.8190462072469,1.0505581,0.025260277,1.1004542077889705
1135.828999679431,1.1091781,0.02594248,1.1008789203498044
1135.8389531516152,1.088075,0.025694251,1.1013114250858695
1135.8489066237992,1.1024644,0.025853228,1.101751617756376
1135.8588600959833,1.0800395,0.025590459,1.102200435606015
1135.8688135681675,1.1481029,0.026361544,1.1026587400778598
1135.8787670403517,1.1158309,0.02599653,1.1031255354850558
1135.8887205125359,1.1112891,0.025941929,1.1036009755141196
1135.89867398472,1.1488419,0.026374755,1.1040859592133179
1135.9086274569042,1.1136485,0.025966903,1.1045787283747255
1135.9185809290884,1.0531279,0.025272375,1.1050788793512003
1135.9285344012726,1.1121329,0.025946563,1.1055873027786458
1135.9384878734568,1.1201389,0.026029242,1.1061025642899467
1135.948441345641,1.0908481,0.025679754,1.1066246599243323
1135.958394817825,1.1001954,0.0257827,1.1071550206728502
1135.968348290009,1.0829195,0.025583765,1.1076935423193421
1135.9783017621933,1.1271317,0.026096104,1.1082404705173257
1135.9882552343774,1.1171563,0.025975563,1.1087971869259552
1135.9982087065616,1.1105891,0.025893504,1.1093631998532043
1136.0081621787458,1.0853496,0.025598446,1.109936431434041
1136.01811565093,1.1124824,0.025910182,1.110514169256287
1136.0280691231142,1.122922,0.02602197,1.111090681786232
1136.0380225952983,1.1252284,0.026080368,1.1116589826387198
1136.0479760674825,1.1023246,0.02584718,1.112210935639198
1136.0579295396667,1.1223311,0.026207602,1.1127356567551843
1136.0678830118507,1.1368818,0.026740393,1.1132311121031788
1136.0778364840348,1.1161052,0.026744714,1.1136949126836704
1136.087789956219,1.0892626,0.026684562,1.114122038358079
1136.0977434284032,1.1150235,0.026943756,1.1145224335020996
1136.1076969005874,1.1291195,0.02712179,1.1149016069277105
1136.1176503727715,1.1392463,0.027602436,1.1152647582093018
1136.1276038449557,1.1169508,0.027286349,1.1156211968078735
1136.13755731714,1.1357882,0.027669726,1.115977395962733
1136.147510789324,1.1862829,0.02831722,1.11633998203987
1136.1574642615083,1.1243012,0.027573712,1.1167144417071733
1136.1674177336924,1.1272601,0.0277073,1.1171041391534375
1136.1773712058766,1.1165259,0.027715202,1.1175138088150212
1136.1873246780606,1.1621792,0.028565394,1.1179467034583297
1136.1972781502448,1.1747427,0.028660972,1.1184017558463157
1136.207231622429,1.1543269,0.028626174,1.1188803140381618
1136.2171850946131,1.1787046,0.028936781,1.1193845982684294
1136.2271385667973,1.1498117,0.028738668,1.1199105626845491
1136.2370920389815,1.2240016,0.029871391,1.1204572822060688
1136.2470455111657,1.1545969,0.029139437,1.1210264968691335
1136.2569989833498,1.1637232,0.029308058,1.1216126813469078
1136.266952455534,1.1137859,0.028193146,1.1222143053752398
1136.2769059277182,1.1581206,0.02860253,1.1228331419496675
1136.2868593999024,1.1489519,0.028504625,1.1234689136341245
1136.2968128720863,1.1465441,0.028627908,1.1241252459602413
1136.3067663442705,1.1059966,0.027805962,1.1248130761488568
1136.3167198164547,1.1741616,0.028478688,1.1255402048921874
1136.3266732886389,1.1322364,0.02812229,1.1263096926848015
1136.336626760823,1.1372015,0.028174631,1.1271238162097013
1136.3465802330072,1.1211611,0.028025249,1.1279696319198647
1136.3565337051914,1.1395919,0.028410155,1.1288211705543199
1136.3664871773756,1.1831459,0.028983694,1.1296482250853144
1136.3764406495598,1.1091502,0.028037714,1.1304076686953315
1136.386394121744,1.1363417,0.028537907,1.1310735890024335
1136.396347593928,1.0842267,0.027791893,1.1316202240011681
1136.406301066112,1.1378627,0.028479548,1.132006652154294
1136.4162545382962,1.0956128,0.027984817,1.132250079131905
1136.4262080104804,1.1551278,0.02893115,1.1323514066809708
1136.4361614826646,1.1401131,0.028598797,1.1322952988818717
1136.4461149548488,1.1113408,0.027757984,1.1321127377447397
1136.456068427033,1.1321172,0.027965752,1.1318210836391556
1136.4660218992171,1.1404046,0.028175883,1.131425059832564
1136.4759753714013,1.0733284,0.027164884,1.1309494131606024
1136.4859288435855,1.1183102,0.027507676,1.1304183774190255
1136.4958823157697,1.1070538,0.027168369,1.1298516101373208
1136.5058357879539,1.1216041,0.027319867,1.1292742030344678
1136.5157892601378,1.151035,0.027588397,1.1287049184963545
1136.525742732322,1.1495918,0.027412135,1.128154196543722
1136.5356962045062,1.0924585,0.026565153,1.1276268782249512
1136.5456496766903,1.1052676,0.026264247,1.1271189091506988
1136.5556031488745,1.0679338,0.025346518,1.1266286285776594
1136.5655566210587,1.1290511,0.025868315,1.1261574916557056
1136.5755100932429,1.1246095,0.025813857,1.1257024260100958
1136.585463565427,1.1181941,0.025737725,1.1252638175251692
1136.5954170376112,1.1682318,0.026281664,1.1248449226540034
1136.6053705097954,1.1741655,0.026359906,1.124443198654376
1136.6153239819796,1.0939921,0.025447737,1.1240574694838772
1136.6252774541636,1.1215203,0.025760463,1.1236881473351177
1136.6352309263477,1.119054,0.025723457,1.1233323908066724
1136.645184398532,1.0991834,0.025492784,1.1229879719975373
1136.655137870716,1.0586032,0.025028607,1.122654964130088
1136.6650913429003,1.111842,0.025629481,1.1223332989841461
1136.6750448150844,1.0733018,0.025185553,1.1220224805165042
1136.6849982872686,1.1115961,0.02562245,1.121724054611117
1136.6949517594528,1.1115054,0.02562201,1.1214400424247768
1136.704905231637,1.0776093,0.025234083,1.1211689102191884
1136.7148587038212,1.1074568,0.025573932,1.1209100396774305
1136.7248121760053,1.0826063,0.025281692,1.120662821409029
1136.7347656481893,1.1509477,0.026046883,1.1204221436907682
1136.7447191203735,1.1596317,0.026143152,1.1201846382418306
1136.7546725925577,1.1174423,0.025670987,1.1199469087270413
1136.7646260647418,1.080625,0.02524899,1.1197065354326683
1136.774579536926,1.1148168,0.025630422,1.119462659030678
1136.7845330091102,1.1494279,0.026016928,1.1192152684877108
1136.7944864812944,1.1168017,0.025646202,1.1189659611682456
1136.8044399534785,1.0966609,0.025398917,1.118716378230138
1136.8143934256627,1.1019398,0.025474597,1.1184678241035932
1136.824346897847,1.1359535,0.025848426,1.1182208277545849
1136.834300370031,1.1176019,0.02564403,1.1179750447295416
1136.844253842215,1.1366962,0.025852658,1.1177299485579533
1136.8542073143992,1.108349,0.02551547,1.1174848848375443
1136.8641607865834,1.1248794,0.02569782,1.1172393087560037
1136.8741142587676,1.1349087,0.025818283,1.11699270424397
1136.8840677309518,1.102179,0.02544479,1.1167441724322835
1136.894021203136,1.1540279,0.026009617,1.1164932907384295
1136.9039746753201,1.107262,0.025480008,1.1162393321096307
1136.9139281475043,1.1336317,0.025774047,1.1159810069150815
1136.9238816196885,1.1548282,0.026023211,1.1157185981491577
1136.9338350918727,1.1163399,0.025572153,1.115452593393691
1136.9437885640568,1.1079924,0.025480434,1.1151839485997597
1136.953742036241,1.1146034,0.025542982,1.1149148494121317
1136.963695508425,1.1193043,0.025604889,1.1146473647630868
1136.9736489806091,1.1047126,0.025422517,1.1143837311370293
1136.9836024527933,1.1224756,0.025628278,1.1141254876810325
1136.9935559249775,1.0958529,0.025312597,1.1138726410777608
1137.0035093971617,1.1190461,0.025566904,1.113625105061905
1137.0134628693459,1.1474825,0.025892274,1.11338216473708
1137.02341634153,1.1409863,0.025816865,1.1131419364695585
1137.0333698137142,1.1464018,0.025873266,1.11290328194134
1137.0433232858984,1.1078093,0.025441328,1.112665343690556
1137.0532767580826,1.1134993,0.02549592,1.1124275938011063
1137.0632302302668,1.0860777,0.025189076,1.1121901984257527
1137.0731837024507,1.15532,0.025947018,1.1119539986225517
1137.0831371746349,1.1188598,0.025553023,1.1117198240769983
1137.093090646819,1.1086184,0.025428692,1.1114885659292777
1137.1030441190032,1.1050823,0.025387574,1.111261604191414
1137.1129975911874,1.1613882,0.026011014,1.1110393476733806
1137.1229510633716,1.0953557,0.02526254,1.1108217011806016
1137.1329045355558,1.1231346,0.025569016,1.1106088304127235
1137.14285800774,1.1673018,0.02605144,1.1104001446179472
1137.1528114799241,1.1612097,0.025980525,1.1101944811321371
1137.1627649521083,1.1261475,0.02559302,1.1099913245538877
1137.1727184242925,1.1423817,0.025780208,1.109790518801355
1137.1826718964764,1.1436318,0.02578229,1.1095919481011682
1137.1926253686606,1.0966041,0.025260141,1.1093962964343635
1137.2025788408448,1.1030682,0.025324503,1.1092053791494525
1137.212532313029,1.0997314,0.025280388,1.1090195692484488
1137.2224857852132,1.0928452,0.025204921,1.108839554699929
1137.2324392573973,1.1097752,0.025397697,1.108666520199699
1137.2423927295815,1.1578054,0.025908574,1.108499273577949
1137.2523462017657,1.1174544,0.025467226,1.1083368690714874
1137.2622996739499,1.1623513,0.025975762,1.1081787745630598
1137.272253146134,1.1166389,0.025451263,1.1080238145727273
1137.2822066183182,1.11377,0.025422823,1.1078712264795012
1137.2921600905024,1.1165494,0.025443979,1.1077211179806143
1137.3021135626864,1.110383,0.025375899,1.107573990168441
1137.3120670348706,1.1056451,0.02531679,1.107430297206998
1137.3220205070547,1.0581437,0.024746329,1.1072911406503998
1137.331973979239,1.03275,0.024440411,1.107158136572942
1137.341927451423,1.092139,0.025125345,1.1070312813474388
1137.3518809236073,1.1212823,0.025454124,1.1069110720294286
1137.3618343957914,1.1207433,0.025429035,1.1067991217785549
1137.3717878679756,1.0748775,0.024922647,1.1066941867370905
1137.3817413401598,1.0814041,0.024993284,1.1065962074818425
1137.391694812344,1.051797,0.02463658,1.1065061260271305
1137.4016482845282,1.0706986,0.024838878,1.1064229818431779
1137.4116017567121,1.093385,0.025096841,1.1063464089497965
1137.4215552288963,1.1317114,0.025528379,1.106277075384044
1137.4315087010805,1.118168,0.025362123,1.1062146338138816
1137.4414621732647,1.1176201,0.02536367,1.1061583773714145
1137.4514156454488,1.1211386,0.025399566,1.106108187088628
1137.461369117633,1.0834285,0.024966352,1.106063014269255
1137.4713225898172,1.1261343,0.025449794,1.1060205026511092
1137.4812760620014,1.1440028,0.025642237,1.1059784235219008
1137.4912295341855,1.1399103,0.025583034,1.1059337667598939
1137.5011830063697,1.065082,0.024731554,1.105884707643081
1137.511136478554,1.1355699,0.025536658,1.1058303904118034
1137.5210899507379,1.1086895,0.025240142,1.1057705608681323
1137.531043422922,1.0847402,0.024968717,1.1057080945454645
1137.5409968951062,1.0800631,0.02491447,1.1056455089841046
1137.5509503672904,1.057045,0.024636013,1.1055859938338668
1137.5609038394746,1.0818284,0.024928384,1.1055316266323483
1137.5708573116588,1.0670713,0.024748646,1.1054834795576225
1137.580810783843,1.114203,0.025288433,1.1054428386959088
1137.5907642560271,1.0811048,0.024914796,1.1054096212636353
1137.6007177282113,1.1145824,0.025272232,1.105383037634515
1137.6106712003955,1.1400254,0.025564075,1.1053632818395867
1137.6206246725797,1.1163173,0.025303721,1.1053505393484702
1137.6305781447636,1.1332781,0.02548546,1.1053439429331762
1137.6405316169478,1.0807259,0.02489582,1.1053437074289585
1137.650485089132,1.1173618,0.02529751,1.105350927495248
1137.6604385613161,1.1249285,0.025375517,1.105364795763022
1137.6703920335003,1.0760599,0.024820412,1.1053855980634442
1137.6803455056845,1.1090364,0.025187185,1.1054150039009492
1137.6902989778687,1.1440192,0.025578674,1.1054521962077448
1137.7002524500529,1.0591732,0.024627123,1.1054973756593671
1137.710205922237,1.0982685,0.025059309,1.1055520051833385
1137.7201593944212,1.1255988,0.025358764,1.1056156431931028
1137.7301128666054,1.0667263,0.024701139,1.1056878680847666
1137.7400663387893,1.1156627,0.025239564,1.1057691935682832
1137.7500198109735,1.1441766,0.02555141,1.1058586546933702
1137.7599732831577,1.0783416,0.024805173,1.1059539037507031
1137.7699267553419,1.117964,0.025254693,1.1060526199042728
1137.779880227526,1.0963037,0.025028791,1.1061508199127015
1137.7898336997102,1.0599183,0.02459319,1.106243908728899
1137.7997871718944,1.0712081,0.024721459,1.1063271390083387
1137.8097406440786,1.1282849,0.025354171,1.1063932365475413
1137.8196941162628,1.0919752,0.024955919,1.1064408325945778
1137.829647588447,1.1370724,0.025444727,1.106467537955123
1137.8396010606311,1.087746,0.024903279,1.1064682041221743
1137.849554532815,1.078333,0.024784151,1.106445806439606
1137.8595080049993,1.0656645,0.024640528,1.1064019258975697
1137.8694614771834,1.1375821,0.025425784,1.1063363692076758
1137.8794149493676,1.1329674,0.025374888,1.1062537734485867
1137.8893684215518,1.0800084,0.024792647,1.1061590639155205
1137.899321893736,1.1253061,0.025302982,1.1060557270696374
1137.9092753659202,1.0836437,0.024822325,1.1059479412017577
1137.9192288381043,1.0933027,0.024935074,1.105838717149867
1137.9291823102885,1.1022817,0.02503387,1.1057286575890943
1137.9391357824727,1.0233223,0.024138624,1.1056163840625302
1137.9490892546569,1.0664896,0.024612125,1.1054999693490464
1137.959042726841,1.0760471,0.024724377,1.1053774664826523
1137.968996199025,1.0844009,0.024809731,1.105246418982589
1137.9789496712092,1.0236523,0.024123922,1.1051086527557614
1137.9889031433934,1.0685428,0.024627851,1.1049659485899146
1137.9988566155776,1.0538987,0.024454027,1.1048213933499729
1138.0088100877617,1.1037662,0.025015833,1.1046794612807513
1138.018763559946,1.0662767,0.024594035,1.1045438755891643
1138.02871703213,1.0669659,0.024603574,1.1044189958541248
1138.0386705043143,1.0465796,0.024359662,1.1043066085301518
1138.0486239764984,1.0692304,0.024621323,1.1042060351623046
1138.0585774486826,1.0781976,0.024713779,1.1041171573632602
1138.0685309208668,1.071701,0.024638405,1.10403903804459
1138.0784843930508,1.0447509,0.02432177,1.1039694414114845
1138.088437865235,1.0582898,0.024480976,1.1039081566191158
1138.0983913374191,1.0758786,0.024672402,1.1038563761576436
1138.1083448096033,1.06993,0.024611302,1.1038132280743058
1138.1182982817875,1.084157,0.024762813,1.103779234593576
1138.1282517539717,1.0775763,0.024683325,1.1037566314906386
1138.1382052261558,1.0055438,0.023866236,1.1037440713998776
1138.14815869834,1.0498573,0.024370853,1.103741400035739
1138.1581121705242,1.013933,0.023946967,1.1037496538520188
1138.1680656427084,1.0291429,0.024131248,1.1037675320043001
1138.1780191148925,1.073266,0.02463277,1.1037940048135344
1138.1879725870765,1.0101258,0.023917884,1.1038292655325308
1138.1979260592607,1.0546756,0.024407411,1.1038726935816663
1138.2078795314449,1.0537295,0.02438821,1.1039231566028076
1138.217833003629,1.0564026,0.024478897,1.1039808457183622
1138.2277864758132,1.0292572,0.024257163,1.104046394108939
1138.2377399479974,1.0162884,0.024185462,1.1041191005141622
1138.2476934201816,1.0342094,0.024749082,1.1041994019782475
1138.2576468923658,1.0492513,0.025133476,1.1042890145213862
1138.26760036455,1.0337198,0.025172502,1.1043867776317509
1138.2775538367341,1.0209275,0.025115212,1.104492711852841
1138.2875073089183,1.0840856,0.025739526,1.1046076778940828
1138.2974607811025,1.0144459,0.02524396,1.1047295559571624
1138.3074142532864,1.0607392,0.025845138,1.1048564453553391
1138.3173677254706,1.0502073,0.025707526,1.1049860038721957
1138.3273211976548,1.0147971,0.025467068,1.105114770899886
1138.337274669839,1.0253758,0.025683984,1.105240010613616
1138.3472281420231,1.031324,0.02567299,1.105359495710499
1138.3571816142073,1.0447043,0.02610464,1.1054726605881833
1138.3671350863915,1.1217958,0.027272513,1.1055814116317961
1138.3770885585757,1.042968,0.026409185,1.1056881667880054
1138.3870420307599,1.0485517,0.026579725,1.1057966682689682
1138.396995502944,1.0483897,0.02659486,1.1059100370009287
1138.4069489751282,1.064003,0.02679573,1.1060306227580927
1138.4169024473122,1.075151,0.027234297,1.106161757219432
1138.4268559194963,1.073535,0.026959997,1.1063024760544113
1138.4368093916805,1.1096445,0.0275491,1.1064525538249725
1138.4467628638647,1.0827372,0.027044615,1.1066125291650313
1138.4567163360489,1.0969205,0.026935533,1.106780563052359
1138.466669808233,1.0475898,0.026188523,1.1069554134216442
1138.4766232804172,1.0798783,0.026757194,1.107137019659956
1138.4865767526014,1.0550942,0.026448146,1.1073248315172664
1138.4965302247856,1.0570655,0.026187627,1.1075181070373472
1138.5064836969698,1.0908035,0.026865562,1.1077168546097553
1138.516437169154,1.0878022,0.026788976,1.1079205193999304
1138.526390641338,1.1135842,0.027055789,1.1081268482974513
1138.536344113522,1.0939664,0.026973274,1.108333376350414
1138.5462975857063,1.0543624,0.026605306,1.108535645840033
1138.5562510578904,1.1149088,0.027359389,1.108729663927329
1138.5662045300746,1.0871687,0.027010927,1.1089112602455233
1138.5761580022588,1.0582631,0.026784508,1.1090731962084304
1138.586111474443,1.1006656,0.02717478,1.1092143634047398
1138.5960649466272,1.0849851,0.027053844,1.1093341228235234
1138.6060184188113,1.1415681,0.027662953,1.1094314167276542
1138.6159718909955,1.1064372,0.027231378,1.1095117632785045
1138.6259253631797,1.0531365,0.026297217,1.1095824055680954
1138.6358788353637,1.11734,0.02683575,1.1096510103041486
1138.6458323075478,1.083661,0.02657918,1.1097270016165557
1138.655785779732,1.1273311,0.026896417,1.1098168866686786
1138.6657392519162,1.1305466,0.026786275,1.1099256864798754
1138.6756927241004,1.1030446,0.026293157,1.11005675445842
1138.6856461962846,1.1463501,0.026664615,1.1102052739218617
1138.6955996684687,1.1492217,0.026662271,1.1103686141930322
1138.705553140653,1.1287181,0.026273958,1.1105471426098608
1138.715506612837,1.1013235,0.025700403,1.1107385114597412
1138.7254600850213,1.044979,0.024767637,1.1109446782086716
1138.7354135572054,1.1074702,0.025024885,1.1111720024332603
1138.7453670293894,1.1433691,0.025224876,1.1114226665089146
1138.7553205015736,1.1083943,0.024831362,1.1116979535046112
1138.7652739737578,1.112735,0.024884127,1.1120001765127303
1138.775227445942,1.0925857,0.024661897,1.112325247274795
1138.7851809181261,1.0836295,0.024551868,1.1126651990350234
1138.7951343903103,1.087309,0.024596162,1.1130129771690433
1138.8050878624945,1.1240139,0.025001416,1.1133598343628892
1138.8150413346787,1.1007329,0.02473594,1.1136988259919598
1138.8249948068628,1.1161491,0.024901038,1.1140252297351456
1138.834948279047,1.075074,0.024451694,1.1143337297823566
1138.8449017512312,1.0835973,0.024546321,1.114626331862774
1138.8548552234151,1.0859022,0.02455426,1.1149040581701912
1138.8648086955993,1.1177188,0.024911791,1.1151669631179373
1138.8747621677835,1.115213,0.024877427,1.1154193984050729
1138.8847156399677,1.0948514,0.02465116,1.1156641085964458
1138.8946691121519,1.0997801,0.024697946,1.115903292569444
1138.904622584336,1.081761,0.024505308,1.1161400424530925
1138.9145760565202,1.0855494,0.024545647,1.1163764239833984
1138.9245295287044,1.0911758,0.024597866,1.1166130356327748
1138.9344830008886,1.077278,0.024445245,1.1168480890604386
1138.9444364730728,1.085493,0.02453369,1.1170779311798675
1138.954389945257,1.0794863,0.024465464,1.1172975073692617
1138.9643434174411,1.0581253,0.02422881,1.1175003654288322
1138.974296889625,1.046478,0.024098022,1.1176860835321938
1138.9842503618092,1.0858363,0.024537122,1.1178545212787716
1138.9942038339934,1.0539025,0.02416023,1.118005245400016
1139.0041573061776,1.0609612,0.024241393,1.1181449231759966
1139.0141107783618,1.0627977,0.024260366,1.1182781288723662
1139.024064250546,1.0867193,0.024526706,1.1184105457819604
1139.0340177227301,1.1127664,0.024808327,1.1185488827973051
1139.0439711949143,1.1077764,0.02474748,1.1186989438242847
1139.0539246670985,1.1445297,0.025146754,1.1188682137611907
1139.0638781392827,1.0993987,0.024660705,1.119062602913879
1139.0738316114669,1.0913949,0.024570392,1.1192851641588035
1139.0837850836508,1.117522,0.024841718,1.1195425653816642
1139.093738555835,1.0800971,0.02443618,1.1198414228900644
1139.1036920280192,1.0864714,0.024502039,1.1201750662500785
1139.1136455002033,1.1150384,0.024816846,1.1205356742121404
1139.1235989723875,1.0489649,0.024080388,1.1209100121169642
1139.1335524445717,1.1245552,0.02491611,1.1212796206589353
1139.1435059167559,1.014241,0.023684358,1.1216323722120403
1139.15345938894,1.0918858,0.024539918,1.1219544593156585
1139.1634128611242,1.0781515,0.02439232,1.1222423968168092
1139.1733663333084,1.1080023,0.024718033,1.1224926462882383
1139.1833198054926,1.0847454,0.024464967,1.1226957289397514
1139.1932732776766,1.0764053,0.024369052,1.1228478191922973
1139.2032267498607,1.0366905,0.023915714,1.1229481916659998
1139.213180222045,1.0597861,0.024168834,1.1229901120296613
1139.223133694229,1.1044422,0.024659919,1.1229724621837907
1139.2330871664133,1.1140724,0.024760216,1.1229096164605916
1139.2430406385974,1.0754242,0.024324922,1.1228126849178728
1139.2529941107816,1.0745432,0.024331313,1.1226933968741992
1139.2629475829658,1.1285644,0.02491275,1.122565162497345
1139.27290105515,1.092194,0.024509022,1.1224319093115718
1139.2828545273342,1.1130028,0.024732947,1.1222929227523355
1139.2928079995183,1.0988848,0.024585824,1.122147037099638
1139.3027614717025,1.1132566,0.024734091,1.1219927055571417
1139.3127149438865,1.095137,0.02453392,1.121827609789958
1139.3226684160707,1.132644,0.024941146,1.121651298600504
1139.3326218882548,1.1081352,0.024669815,1.1214621571361802
1139.342575360439,1.0914023,0.0244854,1.1212536621046518
1139.3525288326232,1.1356112,0.024956642,1.1210165395157787
1139.3624823048074,1.1369425,0.024978269,1.120745105698135
1139.3724357769916,1.1393251,0.02500227,1.1204314242031146
1139.3823892491757,1.079829,0.024355374,1.1200675722829039
1139.39234272136,1.1008157,0.024575863,1.119661438756586
1139.402296193544,1.1391637,0.024994891,1.119216932556637
1139.4122496657283,1.1448218,0.025046412,1.1187348881408434
1139.4222031379122,1.1465654,0.025070135,1.1182299536031635
1139.4321566100964,1.104335,0.024612188,1.117711322613593
1139.4421100822806,1.0958675,0.024508651,1.1171902895448704
1139.4520635544648,1.104241,0.024600947,1.1166792152403242
1139.462017026649,1.1409993,0.024989896,1.116186350399561
1139.4719704988331,1.0353152,0.02382675,1.1157197183641259
1139.4819239710173,1.1272817,0.024844246,1.1152814014103494
1139.4918774432015,1.1156328,0.024709888,1.114867975811792
1139.5018309153857,1.1053783,0.024591332,1.114478432420037
1139.5117843875698,1.0846618,0.024360647,1.1141117775059979
1139.521737859754,1.1436263,0.025004357,1.1137631846931288
1139.531691331938,1.0961785,0.024491446,1.113431348907273
1139.5416448041221,1.0998316,0.024527749,1.1131170932739423
1139.5515982763063,1.0934681,0.024458086,1.112815180565006
1139.5615517484905,1.0756583,0.024251366,1.1125216340606379
1139.5715052206747,1.1067109,0.024594063,1.112228003600231
1139.5814586928589,1.1034595,0.024552975,1.1119202271973765
1139.591412165043,1.1381326,0.024924412,1.111582549855511
1139.6013656372272,1.0904381,0.024399934,1.111191868426931
1139.6113191094114,1.0428576,0.02387761,1.110736237284393
1139.6212725815956,1.0122204,0.023534637,1.1102174947067147
1139.6312260537798,1.0405116,0.02385349,1.109635738662606
1139.6411795259637,1.1148789,0.024674667,1.1089956026494798
1139.651132998148,1.1012046,0.024521792,1.1083103352671588
1139.661086470332,1.0949992,0.024438715,1.107583979477409
1139.6710399425162,1.0545605,0.02399204,1.1068155153462067
1139.6809934147004,1.0638919,0.02409027,1.1060146203302872
1139.6909468868846,1.0629278,0.024081027,1.1051848710627679
1139.7009003590688,1.0410595,0.023831889,1.104329224897065
1139.710853831253,1.0843073,0.024302147,1.103462454995815
1139.7208073034371,1.1249876,0.024758868,1.1025987142756337
1139.7307607756213,1.039085,0.023804227,1.1017568326540421
1139.7407142478055,1.0302098,0.023697646,1.100949580026593
1139.7506677199895,1.0085212,0.023451492,1.1001796276247253
1139.7606211921736,1.0433407,0.023837304,1.0994482864543917
1139.7705746643578,1.0211065,0.023593213,1.0987521342005422
1139.780528136542,1.1338897,0.024837466,1.098083326910004
1139.7904816087262,1.0445743,0.023851372,1.0974395097377865
1139.8004350809103,1.0580875,0.023990126,1.096820728767038
1139.8103885530945,1.0381445,0.023761861,1.0962216690926982
1139.8203420252787,1.0958439,0.02440224,1.0956410917659118
1139.8302954974629,1.0434093,0.023827238,1.095081081249258
1139.840248969647,1.0543122,0.02393738,1.0945379570753335
1139.8502024418312,1.0361515,0.023740161,1.0940110517004416
1139.8601559140152,1.0745889,0.024164697,1.093502038913348
1139.8701093861994,1.0352066,0.023729471,1.0930091282154977
1139.8800628583836,1.0293564,0.02364832,1.0925306956089482
1139.8900163305677,1.0161333,0.023495136,1.092066844338942
1139.899969802752,1.0612432,0.024002908,1.091616217567435
1139.909923274936,1.0625161,0.02402389,1.0911761296648979
1139.9198767471203,1.0555376,0.023931297,1.090745815112946
1139.9298302193044,1.0457658,0.023828253,1.090325382066482
1139.9397836914886,1.0563077,0.023938159,1.089913429040934
1139.9497371636728,1.0344249,0.023694754,1.0895103878001822
1139.959690635857,1.0404502,0.023765238,1.0891189756807527
1139.969644108041,1.0813787,0.024207126,1.0887382126355079
1139.9795975802251,1.0449908,0.023804426,1.0883685517233812
1139.9895510524093,1.0147316,0.023465062,1.0880116282689858
1139.9995045245935,1.0175412,0.023496017,1.0876658253820666
1140.0094579967777,1.066701,0.024037909,1.0873297411403953
1140.0194114689618,1.0790371,0.024175234,1.0870030292367079
1140.029364941146,1.0614545,0.023980722,1.086684305716794
1140.0393184133302,1.0494673,0.023836244,1.0863718966381044
1140.0492718855144,1.0570135,0.02392777,1.0860655212281052
1140.0592253576986,1.0434207,0.02376599,1.0857655308912144
1140.0691788298827,1.0293442,0.023611033,1.085471451551486
1140.079132302067,1.0972124,0.024358695,1.0851838594560888
1140.0890857742509,1.0353931,0.023671726,1.084904716611705
1140.099039246435,1.0607476,0.023946742,1.0846332219108341
1140.1089927186192,1.0576487,0.023915907,1.0843695263768591
1140.1189461908034,1.0741891,0.024100041,1.084114565355264
1140.1288996629876,1.0698794,0.024048783,1.083866952509579
1140.1388531351718,1.0684959,0.02402456,1.0836258529724854
1140.148806607356,1.1082447,0.024458898,1.0833915381024948
1140.1587600795401,1.1061887,0.02443211,1.0831638748802264
1140.1687135517243,1.0742458,0.02409018,1.0829426619109253
1140.1786670239085,1.1270376,0.024652056,1.082728723708951
1140.1886204960927,1.0983893,0.024337504,1.0825226567345836
1140.1985739682766,1.0740088,0.024063995,1.0823227371733153
1140.2085274404608,1.063454,0.02395096,1.0821269169616197
1140.218480912645,1.101391,0.024364881,1.0819301012513636
1140.2284343848291,1.115882,0.024516625,1.0817242948851558
1140.2383878570133,1.110214,0.024458274,1.0814998630239891
1140.2483413291975,1.1398406,0.024772797,1.0812397035899566
1140.2582948013817,1.104311,0.024389703,1.08093675784898
1140.2682482735659,1.0710559,0.024024282,1.0805865204482195
1140.27820174575,1.1166002,0.024518726,1.0801815706288422
1140.2881552179342,1.088415,0.024210552,1.0797252014044925
1140.2981086901184,1.1039896,0.024381397,1.0792246096172948
1140.3080621623023,1.0832857,0.02414728,1.0786814182348685
1140.3180156344865,1.11731,0.02452296,1.078098798139527
1140.3279691066707,1.0636303,0.02393137,1.0774864057955904
1140.337922578855,1.0811961,0.024122298,1.0768493164887607
1140.347876051039,1.0639099,0.023934284,1.0761924873294204
1140.3578295232232,1.1084177,0.024412202,1.0755274612506138
1140.3677829954074,1.1383103,0.024730278,1.0748625845319524
1140.3777364675916,1.1060679,0.024391834,1.0742097217204551
1140.3876899397758,1.1445559,0.024787623,1.0735775615486425
1140.39764341196,1.1139296,0.024459712,1.0729721396464442
1140.4075968841441,1.0904268,0.024210867,1.0723999440338616
1140.4175503563283,1.0636735,0.023908474,1.071858959548211
1140.4275038285123,1.0766832,0.024054762,1.0713443491519117
1140.4374573006965,1.1530405,0.024865191,1.07085470162132
1140.4474107728806,1.1406218,0.024740951,1.0703885154403712
1140.4573642450648,1.1456019,0.02478454,1.0699423076167516
1140.467317717249,1.0962963,0.024253858,1.0695168135715536
1140.4772711894332,1.0952085,0.024236027,1.069116269394696
1140.4872246616173,1.1087563,0.024382735,1.0687387879312742
1140.4971781338015,1.1170913,0.024475493,1.0683859386727952
1140.5071316059857,1.0972936,0.024251632,1.068063668148293
1140.5170850781699,1.1113948,0.024403421,1.0677691117046597
1140.527038550354,1.1228292,0.024527522,1.0675017969878673
1140.536992022538,1.1789382,0.02512034,1.0672639369640957
1140.5469454947222,1.1386578,0.024687557,1.067051842689239
1140.5568989669064,1.1350594,0.024651313,1.0668609897042898
1140.5668524390906,1.1419868,0.024723498,1.0666891116615598
1140.5768059112747,1.0934178,0.02419723,1.0665321009725313
1140.586759383459,1.1135054,0.024417441,1.066383928715736
1140.596712855643,1.1413348,0.02471035,1.0662406263038775
1140.6066663278273,1.1417718,0.024708893,1.0660980847814314
1140.6166198000114,1.1105583,0.024373975,1.0659530643548916
1140.6265732721956,1.1630982,0.024926111,1.0658040795512915
1140.6365267443798,1.1263912,0.024537526,1.0656503453259454
1140.6464802165638,1.1062872,0.024319978,1.0654940243019277
1140.656433688748,1.1570852,0.024857871,1.0653373697702695
1140.6663871609321,1.1036298,0.02428834,1.0651827767626187
1140.6763406331163,1.155103,0.024831623,1.065031138151554
1140.6862941053005,1.086512,0.024092337,1.0648814995228142
1140.6962475774847,1.0966433,0.024203459,1.0647315141899356
1140.7062010496688,1.106658,0.024305848,1.0645775472710008
1140.716154521853,1.1244769,0.024496531,1.0644168663497755
1140.7261079940372,1.0781285,0.023996256,1.0642469631892528
1140.7360614662214,1.0761625,0.023971224,1.0640654232185351
1140.7460149384056,1.1375755,0.0246215,1.0638744351051725
1140.7559684105895,1.0826217,0.02404076,1.063675928841342
1140.7659218827737,1.0846387,0.02410769,1.0634725233952538
1140.7758753549579,1.041164,0.023831045,1.063268593540701
1140.785828827142,1.1090488,0.0248469,1.0630668364476445
1140.7957822993262,1.1135777,0.025164662,1.0628696112228808
1140.8057357715104,1.0738641,0.024846101,1.062677472866077
1140.8156892436946,1.1390413,0.025644934,1.0624901605012194
1140.8256427158788,1.0716318,0.024977133,1.0623078451117676
1140.835596188063,1.0737193,0.025215786,1.0621304819117103
1140.8455496602471,1.1526102,0.026200105,1.061957545801075
1140.8555031324313,1.1286544,0.025955044,1.06178924274485
1140.8654566046152,1.121498,0.02594656,1.061626115924008
1140.8754100767994,1.0679466,0.025440969,1.0614672087601278
1140.8853635489836,1.1363744,0.026242305,1.0613120883951703
1140.8953170211678,1.0774848,0.025748445,1.0611606753571214
1140.905270493352,1.1044452,0.0261896,1.061011858956832
1140.9152239655361,1.099997,0.026181713,1.0608651870791872
1140.9251774377203,1.0703002,0.025940638,1.0607199628947035
1140.9351309099045,1.1157917,0.026598092,1.0605732462288904
1140.9450843820887,1.1163204,0.026737737,1.0604188157967411
1140.9550378542729,1.1470479,0.02735142,1.0602430990468872
1140.964991326457,1.1403717,0.027291287,1.0600278573045596
1140.974944798641,1.1176307,0.026942914,1.0597637116822343
1140.9848982708252,1.1338688,0.026819976,1.0594436358549029
1140.9948517430093,1.1157787,0.0264054,1.0590639374928004
1141.0048052151935,1.1055042,0.026428493,1.0586392132268014
1141.0147586873777,1.1610956,0.027028864,1.05817510948606
1141.024712159562,1.1386465,0.026643392,1.0576711172698516
1141.034665631746,1.1059536,0.026171828,1.057137199284325
1141.0446191039302,1.0913868,0.025999537,1.0565771030135536
1141.0545725761144,1.0968792,0.026175322,1.0559908572835832
1141.0645260482986,1.0643497,0.025823098,1.0553827081672686
1141.0744795204828,1.1000043,0.026189888,1.054756736475808
1141.084432992667,1.1347718,0.02688175,1.0541171866629684
1141.094386464851,1.1240522,0.026693685,1.0534748154319686
1141.104339937035,1.1119434,0.026612502,1.0528440169340794
1141.1142934092193,1.0738862,0.026164008,1.0522386225774887
1141.1242468814035,1.0681018,0.026337914,1.0516711355585402
1141.1342003535876,1.0773574,0.026341422,1.051137533444932
1141.1441538257718,1.125276,0.026818722,1.0506353833514734
1141.154107297956,1.1422212,0.026800662,1.0501656490637492
1141.1640607701402,1.1343503,0.026531124,1.0497207958748418
1141.1740142423243,1.0888673,0.025970744,1.0492983836242833
1141.1839677145085,1.1594485,0.026766248,1.0488990681739327
1141.1939211866927,1.0715989,0.02551574,1.048519561558302
1141.2038746588767,1.1606269,0.026395928,1.048156769017735
1141.2138281310608,1.1420789,0.026073284,1.0478097665699568
1141.223781603245,1.1560397,0.02610868,1.0474763733856682
1141.2337350754292,1.1404715,0.025983216,1.0471524544111328
1141.2436885476134,1.1714348,0.026208652,1.0468346410722313
1141.2536420197976,1.1303499,0.02547946,1.0465170505281605
1141.2635954919817,1.1606786,0.025318293,1.046191854748015
1141.273548964166,1.0754915,0.02406298,1.045851343993426
1141.28350243635,1.1300049,0.024439024,1.045483987017731
1141.2934559085343,1.1369884,0.024515351,1.0450875468072054
1141.3034093807184,1.1186482,0.024311911,1.0446592965456887
1141.3133628529024,1.1617786,0.024764398,1.044192188249178
1141.3233163250866,1.1195563,0.024313763,1.043684430769413
1141.3332697972708,1.153698,0.024671463,1.0431346736685598
1141.343223269455,1.1234379,0.024349377,1.0425357897962546
1141.3531767416391,1.1423093,0.024551023,1.0418827040183687
1141.3631302138233,1.13122,0.02443064,1.0411804071261581
1141.3730836860075,1.075594,0.02383727,1.0404296999033
1141.3830371581917,1.0533307,0.023583714,1.0396300827518363
1141.3929906303758,1.0832119,0.023909742,1.0387959470219934
1141.40294410256,1.0849974,0.023924395,1.0379344758003137
1141.4128975747442,1.0789698,0.023861682,1.0370487882875064
1141.4228510469284,1.1048012,0.024136085,1.036145560424302
1141.4328045191123,1.1043439,0.024131872,1.0352257178032818
1141.4427579912965,1.0703214,0.023759443,1.0342859693924504
1141.4527114634807,1.1104935,0.024189925,1.0333251734184001
1141.4626649356649,1.1483202,0.024592893,1.032343398979621
1141.472618407849,1.0805792,0.023859646,1.0313390749137112
1141.4825718800332,1.124518,0.024331708,1.0303129776445843
1141.4925253522174,1.1095005,0.02417873,1.0292707847476683
1141.5024788244016,1.1109288,0.024185598,1.0282164280460975
1141.5124322965858,1.1043335,0.024112051,1.0271545413252992
1141.52238576877,1.1359653,0.02444697,1.026092366631202
1141.5323392409541,1.0895259,0.023945376,1.025036441505597
1141.542292713138,1.1091926,0.024162497,1.0239987580685384
1141.5522461853222,1.1097807,0.024161154,1.022987928637749
1141.5621996575064,1.1359527,0.02443747,1.0220117737767196
1141.5721531296906,1.1210544,0.024278535,1.021081272181123
1141.5821066018748,1.1357112,0.024431149,1.020197469377317
1141.592060074059,1.0990837,0.024037063,1.0193563331751294
1141.6020135462431,1.1684448,0.024773836,1.018558392735355
1141.6119670184273,1.1099807,0.02416136,1.0178036518327933
1141.6219204906115,1.1143514,0.024196032,1.0170858854965128
1141.6318739627957,1.1103486,0.024151206,1.0164052619890733
1141.6418274349799,1.1051887,0.024097886,1.0157681450269975
1141.6517809071638,1.0415689,0.023401238,1.0151690665017195
1141.661734379348,1.0977851,0.024012512,1.0146089778630638
1141.6716878515322,1.0805395,0.023824917,1.014094084835829
1141.6816413237163,1.1242709,0.024289804,1.0136173936989492
1141.6915947959005,1.0654341,0.023658741,1.0131728429954445
1141.7015482680847,1.1271263,0.024317132,1.01275521883308
1141.711501740269,1.076884,0.02377362,1.012353411876416
1141.721455212453,1.0873914,0.023889799,1.011956629886784
1141.7314086846372,1.0739574,0.023741268,1.0115563803107304
1141.7413621568214,1.1186254,0.02421483,1.0111448253421331
1141.7513156290056,1.1056666,0.024077423,1.0107193726008459
1141.7612691011896,1.0630795,0.023620073,1.010279239732077
1141.7712225733737,1.1136179,0.024160983,1.0098248788764814
1141.781176045558,1.1005218,0.024016911,1.0093639989567775
1141.791129517742,1.1018316,0.0240334,1.008902852422528
1141.8010829899263,1.1137823,0.024151424,1.0084492295359622
1141.8110364621105,1.1190751,0.02420932,1.008007741849474
1141.8209899342946,1.1172771,0.0241837,1.0075804393971466
1141.8309434064788,1.0844992,0.023834348,1.007169656946636
1141.840896878663,1.0930734,0.02392416,1.0067751049051359
1141.8508503508472,1.0717894,0.023692984,1.0063949320137038
1141.8608038230313,1.074137,0.023717463,1.006029495206992
1141.8707572952153,1.1067724,0.024069011,1.005680093296105
1141.8807107673995,1.0678353,0.023649551,1.0053451032692893
1141.8906642395837,1.0657909,0.023621483,1.0050250041749171
1141.9006177117678,1.1193546,0.024202574,1.0047232897942515
1141.910571183952,1.1070204,0.024058623,1.004437365181964
1141.9205246561362,1.0448791,0.02338766,1.0041671542039776
1141.9304781283204,1.088397,0.023861751,1.003913914094467
1141.9404316005046,1.1013371,0.023991685,1.0036741251861674
1141.9503850726887,1.102801,0.024012014,1.0034434707245667
1141.960338544873,1.0788393,0.023745561,1.0032160793651752
1141.970292017057,1.109928,0.024079988,1.0029826882049426
1141.980245489241,1.069148,0.023645105,1.002735296962197
1141.9901989614252,1.0871373,0.023838585,1.0024671674499075
1142.0001524336094,1.1185614,0.024168193,1.0021723069791795
1142.0101059057936,1.0911908,0.023873717,1.0018533613028655
1142.0200593779778,1.0844316,0.023807464,1.001511396890048
1142.030012850162,1.0794312,0.023749506,1.0011454204008565
1142.0399663223461,1.0800298,0.0237549,1.0007626712702506
1142.0499197945303,1.04864,0.023408428,1.0003678391726616
1142.0598732667145,1.1424513,0.02440692,0.999966757493166
1142.0698267388987,1.125894,0.024230503,0.9995678065099366
1142.0797802110828,1.0720915,0.023660647,0.9991773521969147
1142.0897336832668,1.053603,0.02345346,0.9988001321685964
1142.099687155451,1.1070281,0.024029044,0.9984361818538763
1142.1096406276351,1.0987905,0.023945104,0.9980799106945215
1142.1195940998193,1.1093442,0.024051247,0.9977229923037383
1142.1295475720035,1.0594552,0.023509562,0.997346829904947
1142.1395010441877,1.0684518,0.023610614,0.996931722249859
1142.1494545163719,1.0921845,0.023860842,0.9964581637900266
1142.159407988556,1.0823432,0.02374959,0.9959014637285318
1142.1693614607402,1.083822,0.023764791,0.9952702608555334
1142.1793149329244,1.0747958,0.02367135,0.994570365582474
1142.1892684051086,1.0746092,0.023664223,0.9938032212431276
1142.1992218772928,1.0740031,0.023661604,0.992983894922372
1142.2091753494767,1.0694975,0.023608668,0.992127562856614
1142.219128821661,1.0501274,0.023396896,0.9912437350858632
1142.229082293845,1.0784767,0.023701528,0.9903420114732812
1142.2390357660292,1.0773333,0.023690678,0.989431437498455
1142.2489892382134,1.0156207,0.023011062,0.9885168131946312
1142.2589427103976,1.0183504,0.023043156,0.9876030963054743
1142.2688961825818,1.0181035,0.02303808,0.9866955792660247
1142.278849654766,1.0602471,0.02349774,0.985801249861195
1142.2888031269501,1.0434546,0.023309117,0.9849383235914642
1142.2987565991343,0.99655604,0.022788696,0.9841256911842604
1142.3087100713185,1.0029393,0.022862943,0.983383787176788
1142.3186635435025,0.98853683,0.02269769,0.9827364109678554
1142.3286170156866,1.0168031,0.02301398,0.9821807610128541
1142.3385704878708,0.997234,0.022788933,0.9816955691051132
1142.348523960055,0.9821902,0.022622624,0.9812622048187623
1142.3584774322392,0.97658294,0.022552744,0.9808590574413002
1142.3684309044233,1.0184406,0.023023276,0.9804656328768998
1142.3783843766075,0.9689913,0.022466078,0.9800717196970945
1142.3883378487917,1.0007163,0.022817105,0.9796678942006788
1142.3982913209759,0.9877963,0.022678517,0.9792496804911854
1142.40824479316,1.025773,0.023089802,0.9788124618334741
1142.4181982653442,1.0129337,0.0229474,0.9783475090567757
1142.4281517375282,1.0316924,0.023159962,0.9778513178044806
1142.4381052097124,1.0309509,0.023146154,0.9773196631306604
1142.4480586818966,1.0642442,0.023508549,0.9767446989541784
1142.4580121540807,1.0160741,0.022975678,0.9761269629921389
1142.467965626265,1.0602326,0.023466343,0.9754773926212954
1142.477919098449,0.9915203,0.022704277,0.9748081955971653
1142.4878725706333,1.0544213,0.0233949,0.974135388350921
1142.4978260428175,1.0810089,0.023687648,0.9734710660794503
1142.5077795150016,1.0174229,0.022986872,0.9728209569714207
1142.5177329871858,1.0279846,0.02309979,0.9721908317925071
1142.52768645937,1.0385367,0.02321712,0.9715781982803505
1142.5376399315542,1.0690298,0.023549221,0.9709825023070517
1142.5475934037381,1.0530938,0.023372432,0.970405129648068
1142.5575468759223,1.0203733,0.023010185,0.9698440594029146
1142.5675003481065,1.0739797,0.023593953,0.9692976623861769
1142.5774538202907,1.0773114,0.02363338,0.968766349732486
1142.5874072924748,1.0207541,0.023015216,0.9682492689450171
1142.597360764659,1.0210078,0.023015017,0.9677424604016079
1142.6073142368432,1.0100576,0.022890316,0.9672405505599491
1142.6172677090274,1.0342922,0.02315582,0.9667300731331058
1142.6272211812116,1.0054857,0.022836182,0.9661946504435062
1142.6371746533957,1.0502114,0.023325527,0.9656200298486244
1142.64712812558,1.059698,0.023421586,0.9649925712596525
1142.6570815977639,1.0170608,0.022959482,0.9643226785196882
1142.667035069948,0.98242676,0.022570236,0.9636178170524509
1142.6769885421322,0.9969939,0.022733318,0.9628805748071084
1142.6869420143164,1.0131668,0.022912104,0.9621168128192967
1142.6968954865006,0.9695429,0.022424,0.961331482719282
1142.7068489586848,0.9692816,0.022419961,0.9605259019835279
1142.716802430869,0.9856852,0.022601604,0.9597015797915854
1142.7267559030531,0.9991926,0.022751102,0.9588628231286267
1142.7367093752373,0.9935932,0.022685194,0.9580114602359554
1142.7466628474215,0.95832324,0.022285543,0.9571481873030689
1142.7566163196057,0.9627037,0.022336427,0.9562773259691363
1142.7665697917896,0.9773686,0.02249873,0.955401603606024
1142.7765232639738,1.0014716,0.022766737,0.95452607029671
1142.786476736158,0.9604156,0.02230262,0.953660609199908
1142.7964302083421,0.9571145,0.022265458,0.9528196865824129
1142.8063836805263,0.9374769,0.022034902,0.9520278652300558
1142.8163371527105,0.9613814,0.022309342,0.951302375575754
1142.8262906248947,0.96216875,0.02231547,0.950642359269371
1142.8362440970789,0.9421847,0.022089893,0.9500473217417184
1142.846197569263,0.9431337,0.022099003,0.9495162443585062
1142.8561510414472,0.91739875,0.021800324,0.9490358231248961
1142.8661045136314,0.9486186,0.022159671,0.9486026580879521
1142.8760579858154,0.9155362,0.02177482,0.9482219381262762
1142.8860114579995,0.9350385,0.021997254,0.9478833038649658
1142.8959649301837,0.94529665,0.022110492,0.9475849580384215
1142.905918402368,0.9539718,0.022214783,0.9473310100214114
1142.915871874552,0.9621306,0.022304038,0.9471181242405006
1142.9258253467362,0.9462081,0.022121105,0.9469444687821712
1142.9357788189204,0.9375725,0.022023363,0.9468143530221357
1142.9457322911046,0.85868555,0.021094939,0.9467307752521456
1142.9556857632888,0.9200728,0.021818444,0.9466911342961376
1142.965639235473,0.913959,0.021741347,0.9466980771876896
1142.9755927076571,0.9363019,0.022001844,0.9467569993201731
1142.985546179841,0.9524017,0.022185203,0.9468566783983031
1142.9954996520253,0.9399398,0.022041809,0.9469900264855284
1143.0054531242095,0.93900067,0.022029696,0.9471502304649491
1143.0154065963936,0.93239605,0.021950308,0.9473224051161447
1143.0253600685778,0.9065044,0.02164885,0.9474963966388013
1143.035313540762,0.9522993,0.022177322,0.9476612523939975
1143.0452670129462,0.9048922,0.02162988,0.9478066803700231
1143.0552204851303,0.92920613,0.0219071,0.9479250948129466
1143.0651739573145,0.9141996,0.021733593,0.948006590171114
1143.0751274294987,0.9100281,0.021684743,0.9480419755063191
1143.0850809016829,0.9407982,0.02204367,0.948033300031613
1143.0950343738668,0.90100604,0.02158071,0.9479804351615158
1143.104987846051,0.8863687,0.021406302,0.9478807342425871
1143.1149413182352,0.8823347,0.021355348,0.9477488928768606
1143.1248947904194,0.869361,0.021203678,0.9475943070366618
1143.1348482626036,0.88599795,0.021395294,0.9474281543917646
1143.1448017347877,0.81217444,0.02050588,0.9472641456376598
1143.154755206972,0.77349883,0.020018544,0.9471105697627162
1143.164708679156,0.8111798,0.020487554,0.9469735620086807
1143.1746621513403,0.8009001,0.020358527,0.9468544978473704
1143.1846156235245,0.7599467,0.019843386,0.9467505194656917
1143.1945690957086,0.74078065,0.01959557,0.9466596767811749
1143.2045225678928,0.7362563,0.019536745,0.9465792480454386
1143.2144760400768,0.7527099,0.019747796,0.9465031241129573
1143.224429512261,0.72671676,0.019408925,0.9464249048525848
1143.2343829844451,0.721128,0.019333651,0.9463316984563303
1143.2443364566293,0.74906737,0.019693734,0.9462130963375632
1143.2542899288135,0.7559344,0.019783044,0.946059794180193
1143.2642434009977,0.77508956,0.02002519,0.9458616552869652
1143.2741968731818,0.7867364,0.0201717,0.9456225087405636
1143.284150345366,0.82143915,0.020599453,0.9453493498697024
1143.2941038175502,0.8203388,0.020581353,0.9450454457782935
1143.3040572897344,0.85737044,0.021033628,0.9447152881326744
1143.3140107619186,0.88038313,0.021304596,0.944366046985265
1143.3239642341025,0.8617803,0.021083273,0.9440013080358032
1143.3339177062867,0.8557393,0.02116257,0.943623975399239
1143.3438711784709,0.9502266,0.02253798,0.9432397833218914
1143.353824650655,0.95770526,0.022939023,0.9428497850670112
1143.3637781228392,0.91981655,0.02258322,0.9424494867356085
1143.3737315950234,0.9288372,0.022713404,0.9420352895010268
1143.3836850672076,0.9479534,0.023092778,0.9416057741332554
1143.3936385393918,0.9585277,0.023287231,0.9411602093147841
1143.403592011576,0.9461978,0.023250073,0.9407007411826988
1143.4135454837601,0.9682157,0.023474801,0.9402301271356134
1143.4234989559443,0.9349115,0.023268148,0.9397493000792395
1143.4334524281282,0.87612426,0.022577966,0.9392589913718289
1143.4434059003124,0.92286015,0.023081949,0.9387616906460798
1143.4533593724966,0.98139846,0.023991045,0.938258699566146
1143.4633128446808,0.9840128,0.024243029,0.9377512175091443
1143.473266316865,0.9397028,0.023724342,0.9372426794812128
1143.4832197890491,0.9216527,0.023564534,0.9367371677059738
1143.4931732612333,0.88152504,0.02323009,0.9362452401281364
1143.5031267334175,0.8917961,0.023538236,0.9357820108143691
1143.5130802056017,0.8346652,0.022802351,0.9353645564098908
1143.5230336777859,0.84598476,0.02302779,0.9350141736214362
1143.53298714997,0.8841033,0.023538826,0.9347404119252309
1143.5429406221542,0.85999924,0.023041693,0.9345335760138386
1143.5528940943382,0.85624766,0.022788085,0.9343900163573273
1143.5628475665224,0.8115838,0.022278665,0.9343113850161069
1143.5728010387065,0.79915375,0.022105351,0.9342843806973188
1143.5827545108907,0.7867977,0.021763261,0.9343066198339486
1143.592707983075,0.7755926,0.0214714,0.9343839982861818
1143.602661455259,0.7765788,0.021535704,0.9345086467860314
1143.6126149274432,0.7635534,0.021412939,0.9346782297722404
1143.6225683996274,0.775036,0.021613613,0.9348963185467664
1143.6325218718116,0.74361134,0.021273868,0.935160360865111
1143.6424753439958,0.7891933,0.022016758,0.9354661786176235
1143.65242881618,0.74956375,0.021485267,0.9358162711362599
1143.662382288364,0.74486965,0.021517895,0.9362160325528818
1143.672335760548,0.7307854,0.021286294,0.9366635064387756
1143.6822892327323,0.72152865,0.02127172,0.9371636179268275
1143.6922427049165,0.72317165,0.021311171,0.9377305591494421
1143.7021961771006,0.72628057,0.02135333,0.9383508004269219
1143.7121496492848,0.7260828,0.021104049,0.9390140759550774
1143.722103121469,0.6945224,0.020421965,0.9397068147727824
1143.7320565936532,0.66884387,0.020018991,0.9404094809122535
1143.7420100658373,0.6910959,0.020326488,0.9411114197489816
1143.7519635380215,0.64905494,0.01971392,0.94180613574256
1143.7619170102057,0.7296525,0.020672062,0.9424890649352735
1143.7718704823897,0.66841274,0.019706069,0.9431579383374599
1143.7818239545738,0.7427283,0.020626165,0.9438084172253999
1143.791777426758,0.6962924,0.020020919,0.9444311744545782
1143.8017308989422,0.738568,0.020532327,0.9450211345511225
1143.8116843711264,0.7618864,0.02068741,0.9455678714635828
1143.8216378433106,0.7548254,0.020220459,0.9460483591717114
1143.8315913154947,0.7955517,0.0204197,0.9464586975402167
1143.841544787679,0.78100467,0.020034673,0.9467970656925082
1143.851498259863,0.7991914,0.020263115,0.947064296458574
1143.8614517320473,0.8267665,0.020600304,0.9472813823465817
1143.8714052042315,0.8482003,0.020858372,0.947471446994508
1143.8813586764154,0.8725584,0.021147426,0.9476512770138076
1143.8913121485996,0.9172242,0.02167037,0.9478371081877911
1143.9012656207838,0.91691613,0.02166384,0.9480397592421806
1143.911219092968,0.88533324,0.021293677,0.9482675167745185
1143.9211725651521,0.9213604,0.021712262,0.9485332270748812
1143.9311260373363,0.9136338,0.021622352,0.9488345509593356
1143.9410795095205,0.95531696,0.02209784,0.9491715645756048
1143.9510329817047,0.98918504,0.022477482,0.9495466173549061
1143.9609864538888,0.96820086,0.02224141,0.9499528317756969
1143.970939926073,0.96343285,0.022186564,0.9503836630184945
1143.9808933982572,0.98550236,0.022433,0.9508331380425301
1143.9908468704411,0.9692342,0.022248685,0.9512901548694973
1144.0008003426253,0.96935904,0.022249088,0.9517423205257407
1144.0107538148095,1.0217423,0.022832802,0.9521784369013606
1144.0207072869937,1.0048686,0.022645377,0.9525840993369642
1144.0306607591779,1.020758,0.022816395,0.9529543119112587
1144.040614231362,1.0075969,0.022670561,0.9532827460742093
1144.0505677035462,1.0219783,0.022827601,0.9535571063894192
1144.0605211757304,0.9929514,0.022509152,0.9537818328423049
1144.0704746479146,1.0068398,0.022661295,0.9539584230069227
1144.0804281200988,1.0747898,0.02339667,0.954083484416609
1144.090381592283,1.0229666,0.022835556,0.9541611752789588
1144.100335064467,1.0405537,0.023025377,0.9541978724040138
1144.110288536651,1.0583808,0.023218136,0.9541949696418681
1144.1202420088352,1.0239085,0.022842357,0.9541551448831564
1144.1301954810194,1.019106,0.022787863,0.9540895552273071
1144.1401489532036,1.0608144,0.02323768,0.9540062997975467
1144.1501024253878,1.0342729,0.02295352,0.9539152360106866
1144.160055897572,1.0626209,0.023257624,0.9538276001558311
1144.1700093697561,1.0393237,0.023006339,0.953748788932987
1144.1799628419403,1.0512234,0.023133477,0.953681976637711
1144.1899163141245,1.0198406,0.022790257,0.9536244360879843
1144.1998697863087,1.0345237,0.022949098,0.9535723381709034
1144.2098232584929,1.0133021,0.022717757,0.9535219328696458
1144.2197767306768,1.0246181,0.022842227,0.95346847232441
1144.229730202861,1.0049928,0.022625133,0.9534079822821342
1144.2396836750452,1.0425274,0.023032503,0.9533365092476551
1144.2496371472294,1.0097082,0.02267429,0.9532482277559395
1144.2595906194135,1.0146998,0.02272858,0.9531422957927903
1144.2695440915977,1.0734996,0.023363812,0.9530164292310119
1144.279497563782,1.1091689,0.023738915,0.9528659255114844
1144.289451035966,1.0643679,0.023264337,0.952694608631173
1144.2994045081502,1.0650649,0.023269353,0.9525059731862566
1144.3093579803344,1.0712137,0.023335928,0.9523021271889117
1144.3193114525186,1.0702963,0.023321792,0.9520853489382655
1144.3292649247026,1.072859,0.023351375,0.9518548886073969
1144.3392183968867,1.1045961,0.023686718,0.9516058169172597
1144.349171869071,1.0494626,0.023096075,0.9513314170325424
1144.359125341255,1.03067,0.022891551,0.9510327253537837
1144.3690788134393,1.0990484,0.023624608,0.950710939107906
1144.3790322856235,1.0064095,0.022648184,0.9503667524743766
1144.3889857578076,1.0728779,0.023419738,0.950009972421114
1144.3989392299918,1.0517989,0.023245217,0.9496479307749173
1144.408892702176,1.0305376,0.02330277,0.949290769845175
1144.4188461743602,1.0819052,0.024291703,0.94894925409085
1144.4287996465443,1.0470951,0.023967765,0.9486314616646336
1144.4387531187283,1.0704944,0.024317866,0.9483466374329816
1144.4487065909125,1.1073862,0.024909899,0.9481007556031564
1144.4586600630967,1.101682,0.02505504,0.9478908254235721
1144.4686135352808,1.0833505,0.025342513,0.9477173382244652
1144.478567007465,1.0249465,0.024839576,0.9475856852464346
1144.4885204796492,1.0345303,0.025120888,0.947490042916334
1144.4984739518334,1.040999,0.024883257,0.9474309867123363
1144.5084274240176,1.0554831,0.025112191,0.9474144754266342
1144.5183808962017,1.0409544,0.02502405,0.9474362214480572
1144.528334368386,1.04258,0.02497418,0.9474942614570686
1144.53828784057,1.0618445,0.024942486,0.9475911060334837
1144.5482413127543,1.0288123,0.02456134,0.9477255537335174
1144.5581947849382,1.0456651,0.024845295,0.9478932803276243
1144.5681482571224,1.0507421,0.024612634,0.9480944627011059
1144.5781017293066,1.0304481,0.024363682,0.9483311882766857
1144.5880552014908,1.0900253,0.02533424,0.9485974764588655
1144.598008673675,1.050079,0.02505958,0.948892044040366
1144.6079621458591,1.0315799,0.024534583,0.9492177466485467
1144.6179156180433,1.0171403,0.024294749,0.9495680541596969
1144.6278690902275,1.0234238,0.024296941,0.9499394414607507
1144.6378225624117,1.0467346,0.024619723,0.9503282117870422
1144.6477760345958,1.04895,0.024680508,0.9507255257197331
1144.65772950678,0.9958426,0.024318155,0.9511230489961511
1144.667682978964,0.9684353,0.023907475,0.9515142894082249
1144.6776364511481,1.0263625,0.024597457,0.9518957273784181
1144.6875899233323,1.0683964,0.025152566,0.9522696526787188
1144.6975433955165,0.9792864,0.024006596,0.952639071268106
1144.7074968677007,0.95389014,0.023802433,0.9530069456763262
1144.7174503398849,0.99465007,0.024341557,0.9533739358128543
1144.727403812069,0.95802975,0.024152057,0.9537372615065831
1144.7373572842532,0.9090635,0.02374059,0.9540911755388366
1144.7473107564374,0.94543415,0.024222268,0.954432120801253
1144.7572642286216,0.9619967,0.024283035,0.9547583708117636
1144.7672177008058,0.9547399,0.024142494,0.9550688698566632
1144.7771711729897,0.89351654,0.023289334,0.9553665132015451
1144.787124645174,0.8649093,0.022950605,0.9556575178064077
1144.797078117358,0.897801,0.023128804,0.9559473664101101
1144.8070315895422,0.88367224,0.022941478,0.9562415539423166
1144.8169850617264,0.8285322,0.022106532,0.9565419961701476
1144.8269385339106,0.8151293,0.021728588,0.9568489443117298
1144.8368920060948,0.8413967,0.021997001,0.9571628835272679
1144.846845478279,0.7758504,0.02126551,0.9574843964066467
1144.8567989504631,0.7377078,0.020607518,0.9578180802092395
1144.8667524226473,0.70016116,0.019995559,0.9581750475920809
1144.8767058948315,0.65831465,0.019181473,0.9585637727417595
1144.8866593670155,0.61827135,0.01854189,0.958981581315091
1144.8966128391996,0.5999828,0.018153952,0.959420191763104
1144.9065663113838,0.5584228,0.017457368,0.959867355291458
1144.916519783568,0.54275894,0.01728179,0.9603132145302734
1144.9264732557522,0.5028228,0.016670594,0.960753453643948
1144.9364267279364,0.5059393,0.016723726,0.9611833843969846
1144.9463802001205,0.47976297,0.016278239,0.9616017318849337
1144.9563336723047,0.47611868,0.01613665,0.9620062072081543
1144.966287144489,0.49417806,0.016285593,0.9623920117281385
1144.976240616673,0.46940026,0.015648086,0.9627569372696746
1144.9861940888572,0.5044331,0.016115487,0.9630994305259768
1144.9961475610412,0.5408375,0.01666713,0.9634147730768574
1145.0061010332254,0.59701926,0.017487824,0.963697310854807
1145.0160545054096,0.5872959,0.0173488,0.963946105289788
1145.0260079775937,0.6323938,0.017983126,0.964155861955537
1145.035961449778,0.636952,0.018045185,0.9643153345153306
1145.045914921962,0.68036234,0.018635573,0.9644356809068659
1145.0558683941463,0.7150008,0.019090489,0.9645292982568912
1145.0658218663305,0.7586004,0.019649021,0.9646138265001292
1145.0757753385146,0.74979454,0.019538037,0.964706146479984
1145.0857288106988,0.7543528,0.019592345,0.9648136856860516
1145.095682282883,0.73473406,0.019343348,0.964940591090619
1145.105635755067,0.712407,0.019055538,0.965086658432332
1145.1155892272511,0.74019235,0.01941415,0.9652477380965536
1145.1255426994353,0.7129341,0.019060055,0.9654210626918054
1145.1354961716195,0.7092407,0.019011835,0.9656042180764045
1145.1454496438037,0.6933004,0.01880111,0.9657933886054324
1145.1554031159878,0.6556862,0.01829432,0.9659880165874677
1145.165356588172,0.6311816,0.017960446,0.9661907915635328
1145.1753100603562,0.61171377,0.017687248,0.9664045782432533
1145.1852635325404,0.6046009,0.01758528,0.9666337037143821
1145.1952170047246,0.555947,0.016879331,0.966885781863361
1145.2051704769087,0.5596539,0.016934952,0.9671660456800262
1145.2151239490927,0.49873793,0.016013186,0.9674758757843145
1145.2250774212769,0.48938787,0.015865505,0.9678186690010344
1145.235030893461,0.4467524,0.015179246,0.9681984590395947
1145.2449843656452,0.45393896,0.0152978785,0.968610582641183
1145.2549378378294,0.42090338,0.014746908,0.9690546838194738
1145.2648913100136,0.3999356,0.0143849235,0.9695358967716458
1145.2748447821978,0.39679533,0.014330592,0.9700487221219493
1145.284798254382,0.35521522,0.013581723,0.9705926867969694
1145.2947517265661,0.335071,0.013204659,0.9711716468131448
1145.3047051987503,0.33852643,0.0132712135,0.971784453718118
1145.3146586709345,0.32268998,0.012967878,0.9724296898134409
1145.3246121431187,0.28456104,0.012205258,0.9731109717354354
1145.3345656153026,0.27634645,0.012034338,0.9738335374042681
1145.3445190874868,0.2832514,0.012178132,0.9745964420780624
1145.354472559671,0.28524745,0.012216824,0.9754030011264457
1145.3644260318551,0.255618,0.011589468,0.9762594826612565
1145.3743795040393,0.27858514,0.0120789185,0.9771460909413412
1145.3843329762235,0.24908397,0.011445298,0.9780424625318599
1145.3942864484077,0.2320422,0.01106144,0.9789215823055355
1145.4042399205919,0.22707282,0.010947414,0.97976565573495
1145.414193392776,0.23289995,0.011078627,0.9805678352336396
1145.4241468649602,0.21263434,0.010605462,0.9813215012451206
1145.4341003371444,0.23266903,0.011076657,0.9820254847558069
1145.4440538093284,0.21317227,0.010619934,0.9826871229360583
1145.4540072815125,0.21349528,0.010627584,0.9833091975056797
1145.4639607536967,0.2407546,0.011255077,0.9838918901434567
1145.473914225881,0.23478293,0.01112055,0.9844459873530237
1145.483867698065,0.23779039,0.01118879,0.9849751126792499
1145.4938211702492,0.26146498,0.011708165,0.9854776346584646
1145.5037746424334,0.2748668,0.011994791,0.9859551607577783
1145.5137281146176,0.30456993,0.012601762,0.9864048721989653
1145.5236815868018,0.33077446,0.013113678,0.9868171431706511
1145.533635058986,0.34088367,0.013303543,0.9871846028852646
1145.5435885311701,0.3622438,0.013699586,0.9875093839014707
1145.553542003354,0.41988525,0.014713408,0.9877987577344952
1145.5634954755383,0.43558323,0.014976031,0.9880702367446257
1145.5734489477225,0.4686911,0.015517376,0.9883443377755498
1145.5834024199066,0.4981315,0.015986193,0.9886312299899402
1145.5933558920908,0.5381367,0.016594034,0.9889392007105966
1145.603309364275,0.56731224,0.017023982,0.9892672528778632
1145.6132628364592,0.65492165,0.018257026,0.9896151762903791
1145.6232163086434,0.62832797,0.017890787,0.9899850983009875
1145.6331697808275,0.68115175,0.018608768,0.9903765283113228
1145.6431232530117,0.7141575,0.019043192,0.9907882318699066
1145.653076725196,0.74383724,0.019422092,0.9912218322816233
1145.66303019738,0.7774245,0.019841831,0.9916799198075961
1145.672983669564,0.7978328,0.020097002,0.9921601139243008
1145.6829371417482,0.83111167,0.020502051,0.9926627171069842
1145.6928906139324,0.8460855,0.020681707,0.9931918798687012
1145.7028440861166,0.8470487,0.020692017,0.9937434867452334
1145.7127975583007,0.8348882,0.020543797,0.9943171196451412
1145.722751030485,0.9035771,0.021351233,0.9949152744956069
1145.732704502669,0.9320125,0.02168034,0.9955367516833381
1145.7426579748533,0.92462456,0.021595463,0.9961805578583435
1145.7526114470375,0.9041685,0.021355921,0.9968490543655433
1145.7625649192216,0.90944254,0.021418182,0.9975450247052144
1145.7725183914058,0.9350657,0.02171237,0.998266784038355
1145.7824718635898,0.91280234,0.02145449,0.999015295170615
1145.792425335774,0.9423699,0.021791935,0.9997948237372453
1145.8023788079581,0.94304675,0.021799507,1.0005984769128988
1145.8123322801423,0.973136,0.02213479,1.0014228057924788
1145.8222857523265,0.9701602,0.022103013,1.0022648656789364
1145.8322392245107,0.9824078,0.022237333,1.0031173847677082
1145.8421926966948,0.975583,0.022163099,1.0039748906789354
1145.852146168879,1.0005857,0.02243657,1.0048334712873739
1145.8620996410632,1.0302347,0.022758387,1.005690345987793
1145.8720531132474,1.0278013,0.022731718,1.006545351871019
1145.8820065854316,0.99877495,0.022413202,1.0074002632897865
1145.8919600576155,1.0027485,0.022457462,1.00825980761237
1145.9019135297997,0.96723664,0.022066519,1.0091290058964928
1145.9118670019839,1.0303949,0.022758013,1.0100137367234456
1145.921820474168,1.0307686,0.022762094,1.0109246105312595
1145.9317739463522,1.0309912,0.022762446,1.0118667395217331
1145.9417274185364,0.9853888,0.022264048,1.0128453255779224
1145.9516808907206,1.0612193,0.023084942,1.0138702558334476
1145.9616343629048,1.041438,0.02287336,1.014947566847885
1145.971587835089,1.0488949,0.022952339,1.0160756618756368
1145.9815413072731,1.0304583,0.022752937,1.017255109030058
1145.9914947794573,1.0825717,0.023309674,1.0184836914044753
1146.0014482516412,1.0143672,0.022579774,1.0197413687197237
1146.0114017238254,1.0355597,0.0228092,1.0210132002792909
1146.0213551960096,1.0491922,0.022953032,1.0222827446722524
1146.0313086681938,1.0370952,0.022822995,1.0235357572165467
1146.041262140378,1.0686009,0.023157127,1.0247604984027858
1146.0512156125621,1.0493963,0.02295187,1.0259396278960091
1146.0611690847463,1.0679803,0.023150256,1.0270600836334083
1146.0711225569305,0.998022,0.022396032,1.0281170806816906
1146.0810760291147,1.0425588,0.022879692,1.0291034314704326
1146.0910295012989,1.0344807,0.02278862,1.0300150304968878
1146.100982973483,1.0345953,0.022790035,1.0308685934762818
1146.110936445667,1.0316955,0.022758566,1.0316707635059952
1146.1208899178512,1.0612978,0.023074178,1.0324182267163815
1146.1308433900354,1.0950236,0.023430567,1.033123010884502
1146.1407968622195,1.0303247,0.022743065,1.0337922389421697
1146.1507503344037,1.059485,0.02305529,1.034432370626657
1146.160703806588,1.0562477,0.023020068,1.0350553006212828
1146.170657278772,1.0606363,0.023064647,1.0356696458217705
1146.1806107509562,1.0603199,0.023062443,1.036277974973249
1146.1905642231404,1.0759602,0.023227273,1.0368778983158382
1146.2005176953246,1.0250783,0.022680689,1.0374653117927721
1146.2104711675088,1.0544591,0.022998936,1.0380340915103943
1146.2204246396927,1.0179443,0.022602564,1.0385714715883951
1146.230378111877,1.0175078,0.022600029,1.0390737838784347
1146.240331584061,1.0250328,0.022679735,1.039534373853254
1146.2502850562453,1.0535989,0.022983689,1.0399442123319447
1146.2602385284295,1.0653026,0.023109548,1.0403119365856308
1146.2701920006136,1.0617905,0.023070954,1.0406549175497604
1146.2801454727978,1.0969813,0.023444004,1.0409905545145317
1146.290098944982,1.0785978,0.023249274,1.0413343270712963
1146.3000524171662,1.0963061,0.023433274,1.0416930934063184
1146.3100058893504,1.0779088,0.023239944,1.0420699879517448
1146.3199593615345,1.079345,0.02325515,1.0424696111984875
1146.3299128337187,1.059045,0.023037508,1.042888893102381
1146.3398663059027,1.0376658,0.022810407,1.0433280338299422
1146.3498197780868,1.0065726,0.022472855,1.043789850802044
1146.359773250271,1.0247415,0.022669284,1.0442726428557987
1146.3697267224552,1.0299425,0.022725563,1.0447750213804794
1146.3796801946394,1.0447565,0.02288489,1.0452977756871287
1146.3896336668236,1.0266912,0.022688849,1.0458405969073379
1146.3995871390077,1.0264709,0.022685878,1.046400463084384
1146.409540611192,1.0475715,0.022912366,1.0469768500036545
1146.419494083376,1.0298759,0.022720901,1.04757169933467
1146.4294475555603,1.0586101,0.023030141,1.0481821687243846
1146.4394010277445,1.0410812,0.02284111,1.048808411733404
1146.4493544999284,1.0340403,0.02276535,1.0494528123805553
1146.4593079721126,1.0527323,0.022963636,1.0501134850048155
1146.4692614442968,1.0290511,0.022708785,1.050789083400211
1146.479214916481,1.0313563,0.022733815,1.0514798571966184
1146.4891683886651,1.0558245,0.02299873,1.0521852657430162
1146.4991218608493,1.0175178,0.022581382,1.0529042041109502
1146.5090753330335,1.0053357,0.02244907,1.0536387670143386
1146.5190288052177,0.98928756,0.022272415,1.054395414321971
1146.5289822774018,1.0712328,0.023155756,1.0551762718848283
1146.538935749586,1.0202826,0.022610102,1.0559866071398492
1146.5488892217702,1.0289602,0.022703191,1.0568366923093588
1146.5588426939541,1.0099577,0.022521473,1.0577246533344902
1146.5687961661383,1.0349749,0.022892259,1.0586472249351575
1146.5787496383225,0.9999687,0.022622766,1.0596006013045278
1146.5887031105067,1.0198836,0.02301892,1.0605744215983592
1146.5986565826909,1.0343262,0.02356081,1.0615571702489852
1146.608610054875,1.060045,0.024024073,1.0625404464354238
1146.6185635270592,1.0326401,0.023755562,1.06351569936709
1146.6285169992434,1.0351833,0.024053011,1.0644792932562173
1146.6384704714276,1.0243773,0.024086827,1.065429713407001
1146.6484239436118,1.0028296,0.024295202,1.0663664203094383
1146.658377415796,0.9692175,0.023814196,1.0672953722709384
1146.6683308879801,1.0715301,0.025540575,1.0682229592364512
1146.678284360164,1.0569572,0.024944458,1.0691577421504166
1146.6882378323482,0.9968932,0.024149526,1.0701081643873742
1146.6981913045324,1.0579287,0.025072621,1.0710790447964877
1146.7081447767166,1.0092942,0.02439741,1.0720757934551561
1146.7180982489008,1.0001693,0.024121452,1.0731051444228306
1146.728051721085,1.0100112,0.02410209,1.0741640566348278
1146.7380051932691,1.0026675,0.024221355,1.0752500483972531
1146.7479586654533,0.99943626,0.024061453,1.0763582032767687
1146.7579121376375,0.9783377,0.023763243,1.0774736748545906
1146.7678656098217,1.0054748,0.024232075,1.0785856321694163
1146.7778190820059,1.032521,0.024713853,1.0796832050419516
1146.7877725541898,1.0061995,0.024218809,1.0807586480997964
1146.797726026374,1.0159671,0.024013227,1.081808332218964
1146.8076794985582,1.0310217,0.024404418,1.082826928934553
1146.8176329707424,1.0144569,0.024154156,1.083807808174779
1146.8275864429265,0.9933777,0.023932058,1.0847532397394521
1146.8375399151107,1.0072883,0.024423249,1.0856617007480456
1146.847493387295,1.0294262,0.024535442,1.0865251304483163
1146.857446859479,1.0527477,0.024706112,1.0873480990843312
1146.8674003316632,1.0393999,0.02476815,1.088129697735242
1146.8773538038474,1.0361799,0.024666859,1.0888636445259277
1146.8873072760316,1.0319378,0.024569387,1.0895511157517814
1146.8972607482156,1.0117117,0.024547692,1.090197630628022
1146.9072142203997,1.0384123,0.024737736,1.0908071908657702
1146.917167692584,1.0778401,0.025574801,1.0913868382312697
1146.927121164768,1.0883563,0.025678605,1.091948819972073
1146.9370746369523,1.0737741,0.025388805,1.0924986046450171
1146.9470281091365,1.0837942,0.025416506,1.0930363441361468
1146.9569815813206,1.0592064,0.025125002,1.0935617826558448
1146.9669350535048,1.0851421,0.025380395,1.0940709360930674
1146.976888525689,1.0589541,0.02485307,1.0945561999684013
1146.9868419978732,1.077556,0.02495257,1.0950147636385126
1146.9967954700574,1.1017306,0.025231192,1.0954475797990735
1147.0067489422413,1.098023,0.02500566,1.0958553862317513
1147.0167024144255,1.0314754,0.024167802,1.0962423801112853
1147.0266558866097,1.0906472,0.024870789,1.0966190000473568
1147.0366093587938,1.0756694,0.024650112,1.096994546791803
1147.046562830978,1.1032841,0.024790397,1.0973836103942376
1147.0565163031622,1.1216552,0.024731439,1.097796454590282
1147.0664697753464,1.0783666,0.024199227,1.0982409461865306
1147.0764232475306,1.0728486,0.024035942,1.0987244499370081
1147.0863767197147,1.1195496,0.024413893,1.099240722617496
1147.096330191899,1.0994465,0.024309164,1.099778177550593
1147.106283664083,1.1081964,0.024323223,1.10032481608445
1147.116237136267,1.1288573,0.024531202,1.1008664427166597
1147.1261906084512,1.0992935,0.024184965,1.1013926781744499
1147.1361440806354,1.0763309,0.023803923,1.1018957209837792
1147.1460975528196,1.1176214,0.02411702,1.1023635367876654
1147.1560510250038,1.1103231,0.02367932,1.10279795131795
1147.166004497188,1.1130048,0.023554916,1.1031987344622352
1147.1759579693721,1.097396,0.023393098,1.1035648701847889
1147.1859114415563,1.0452116,0.022840165,1.1039038953910165
1147.1958649137405,1.118688,0.023612646,1.104223034439791
1147.2058183859247,1.0610201,0.023010671,1.104525621940387
1147.2157718581088,1.1285043,0.023714036,1.1048135392605762
1147.2257253302928,1.1291685,0.023721347,1.1050895882567617
1147.235678802477,1.127899,0.023708982,1.1053547680558498
1147.2456322746611,1.1041873,0.023459453,1.1056101854607818
1147.2555857468453,1.13794,0.023810416,1.1058616641832595
1147.2655392190295,1.1070801,0.02349133,1.106113940023322
1147.2754926912137,1.1034262,0.023451002,1.1063736073327664
1147.2854461633979,1.1103466,0.023523714,1.1066458892430755
1147.295399635582,1.127837,0.02370177,1.1069341645540642
1147.3053531077662,1.1461936,0.023892228,1.1072426196648029
1147.3153065799504,1.0768038,0.023171391,1.1075742109703683
1147.3252600521346,1.1362668,0.023788573,1.107927275634254
1147.3352135243188,1.1137972,0.023557637,1.1083023480174932
1147.3451669965027,1.0771972,0.023172934,1.108703860115422
1147.355120468687,1.1110462,0.023525018,1.1091286668634757
1147.365073940871,1.1324592,0.02374728,1.1095779513083692
1147.3750274130552,1.1346647,0.023768226,1.1100567746949812
1147.3849808852394,1.13517,0.023772594,1.1105641747072232
1147.3949343574236,1.1109183,0.02352344,1.1110974098249446
1147.4048878296078,1.1060964,0.023472764,1.1116532749384067
1147.414841301792,1.1571279,0.023997644,1.1122229711056435
1147.4247947739761,1.1496401,0.023920858,1.1127941371798193
1147.4347482461603,1.0975221,0.023380945,1.1133569460746244
1147.4447017183445,1.1319655,0.023737777,1.1138990268602527
1147.4546551905285,1.122038,0.023635602,1.114416362283806
1147.4646086627126,1.1941772,0.024367893,1.1149042666838729
1147.4745621348968,1.0977528,0.0233831,1.1153539948352806
1147.484515607081,1.1245152,0.023660913,1.115764407695832
1147.4944690792652,1.1628265,0.024051446,1.1161345562175689
1147.5044225514494,1.1599354,0.024021814,1.11645910084825
1147.5143760236335,1.1476383,0.023897411,1.1167348037189881
1147.5243294958177,1.1619235,0.024039483,1.1169672828483377
1147.534282968002,1.1397502,0.02381336,1.1171587551447815
1147.544236440186,1.1477822,0.023897413,1.1173097684667543
1147.5541899123702,1.1631302,0.024053233,1.1174353731586142
1147.5641433845542,1.1771972,0.024193699,1.117544212077374
1147.5740968567384,1.1575968,0.02399572,1.1176439929150823
1147.5840503289226,1.1307144,0.023720995,1.1177419748527495
1147.5940038011067,1.1824595,0.02424437,1.117840974806897
1147.603957273291,1.1492304,0.023906788,1.1179416675579588
1147.613910745475,1.1210486,0.023618737,1.1180432191459428
1147.6238642176593,1.125822,0.023668109,1.1181438651224578
1147.6338176898435,1.1194679,0.02360352,1.1182412917032292
1147.6437711620276,1.098225,0.023381006,1.1183300886199545
1147.6537246342118,1.1119784,0.023522835,1.1184046784097692
1147.663678106396,1.1437573,0.023848573,1.1184564848031415
1147.6736315785802,1.1261132,0.023668831,1.1184696419118048
1147.6835850507641,1.1310147,0.023719622,1.1184366942522543
1147.6935385229483,1.1533574,0.023948625,1.1183546249297163
1147.7034919951325,1.1716694,0.024131663,1.1182185636693034
1147.7134454673167,1.1416656,0.023826264,1.1180291655665844
1147.7233989395008,1.1366403,0.023776703,1.117796753429302
1147.733352411685,1.1605703,0.02401878,1.1175265774671386
1147.7433058838692,1.1933075,0.024349548,1.1172219171591187
1147.7532593560534,1.1947031,0.024363542,1.116898224015531
1147.7632128282376,1.1442361,0.023850892,1.116566934829342
1147.7731663004217,1.1912115,0.024324002,1.1162429761615675
1147.783119772606,1.1378945,0.023787908,1.1159391393975362
1147.7930732447899,1.1691052,0.024104254,1.1156628310677812
1147.803026716974,1.1384162,0.02378968,1.1154199114597139
1147.8129801891582,1.1304315,0.023706976,1.115210458924214
1147.8229336613424,1.1701463,0.02411325,1.1150278559165097
1147.8328871335266,1.153115,0.023937453,1.114869582877938
1147.8428406057108,1.1593957,0.02400265,1.1147373266239833
1147.852794077895,1.1571679,0.023979139,1.114626075379271
1147.8627475500791,1.0990694,0.023379162,1.1145349110769174
1147.8727010222633,1.0880044,0.023263289,1.1144643011568451
1147.8826544944475,1.0907655,0.023292566,1.1144089472365506
1147.8926079666317,1.1480632,0.023884201,1.1143632039879041
1147.9025614388156,1.1071043,0.023462487,1.114321507619037
1147.9125149109998,1.1141114,0.023534022,1.114277375862986
1147.922468383184,1.1018969,0.023407027,1.1142265047727764
1147.9324218553681,1.1182988,0.023577502,1.1141666046841228
1147.9423753275523,1.1419325,0.023817241,1.1140962886414967
1147.9523287997365,1.0959008,0.023341373,1.1140196169930787
1147.9622822719207,1.119459,0.023586676,1.1139400381280957
1147.9722357441049,1.105231,0.023437606,1.113861705199034
1147.982189216289,1.128981,0.02368258,1.1137878384784952
1147.9921426884732,1.142912,0.023824373,1.1137198482844024
1148.0020961606574,1.1601955,0.023998355,1.1136586267612683
1148.0120496328414,1.1612028,0.024007821,1.1136040143976906
1148.0220031050255,1.1081324,0.023460729,1.1135546351394185
1148.0319565772097,1.1215895,0.023600927,1.1135101499384696
1148.041910049394,1.1090723,0.02347016,1.1134717569068178
1148.051863521578,1.1482038,0.023870746,1.1134397359524257
1148.0618169937622,1.1716212,0.024108179,1.1134158521505086
1148.0717704659464,1.1638881,0.024028486,1.1134039955982165
1148.0817239381306,1.1425871,0.023809256,1.1134062674012297
1148.0916774103148,1.1271727,0.023649165,1.1134243258688898
1148.101630882499,1.1236904,0.023613518,1.1134614432712189
1148.1115843546831,1.1246332,0.023622338,1.113520407097811
1148.121537826867,1.156187,0.02394301,1.1135995600040134
1148.1314912990513,1.1070179,0.023440044,1.1136982055416942
1148.1414447712355,1.157511,0.023953112,1.1138158417741746
1148.1513982434196,1.0950631,0.02331104,1.1139429819088855
1148.1613517156038,1.1001278,0.023363205,1.1140716877306769
1148.171305187788,1.1708578,0.024086202,1.114190872637177
1148.1812586599722,1.1216842,0.023583699,1.1142905349543741
1148.1912121321564,1.1486788,0.023858462,1.1143637698614313
1148.2011656043405,1.1785758,0.024160214,1.1144029563744957
1148.2111190765247,1.1422353,0.02379042,1.1144034552070645
1148.221072548709,1.1289526,0.02365283,1.114371007108507
1148.2310260208928,1.1221894,0.023583278,1.1143103484462906
1148.240979493077,1.1241544,0.023602458,1.114226249525593
1148.2509329652612,1.1393307,0.023756132,1.1141319021487073
1148.2608864374454,1.1483284,0.023845691,1.1140348313648911
1148.2708399096296,1.1329223,0.023687579,1.1139418009683084
1148.2807933818137,1.1541791,0.02390382,1.113856714825969
1148.290746853998,1.1381767,0.023739047,1.113780716117796
1148.300700326182,1.138844,0.023744667,1.1137147091776018
1148.3106537983663,1.1608384,0.023967363,1.1136590999510487
1148.3206072705505,1.1377454,0.023732161,1.1136124053770942
1148.3305607427346,1.1517274,0.023871938,1.1135743797548425
1148.3405142149186,1.134639,0.023696873,1.1135462964387608
1148.3504676871028,1.1098851,0.023438986,1.1135262902602272
1148.360421159287,1.1331685,0.023678364,1.1135139368610032
1148.3703746314711,1.1982231,0.024333622,1.1135095711260354
1148.3803281036553,1.15874,0.023936788,1.1135122293904538
1148.3902815758395,1.1770251,0.024121236,1.1135210382620244
1148.4002350480237,1.1044489,0.023379097,1.1135361051175718
1148.4101885202078,1.1286168,0.023628412,1.1135578728989663
1148.420141992392,1.0934111,0.023260478,1.1135857484626024
1148.4300954645762,1.1652716,0.023997255,1.113620006110015
1148.4400489367604,1.1320299,0.023657322,1.1136622150156252
1148.4500024089446,1.1263623,0.023599943,1.1137115992740991
1148.4599558811285,1.2033019,0.024375306,1.1137684109733224
1148.4699093533127,1.1707051,0.02404648,1.11383385136071
1148.4798628254969,1.1427318,0.023761833,1.113907887606387
1148.489816297681,1.1831902,0.024170846,1.113990128175617
1148.4997697698652,1.1745179,0.024081722,1.114081146046206
1148.5097232420494,1.116199,0.023487357,1.1141818627713305
1148.5196767142336,1.1081392,0.023402141,1.1142913213281282
1148.5296301864178,1.176991,0.024103448,1.114409804121563
1148.539583658602,1.1639918,0.023969756,1.1145393949941502
1148.5495371307861,1.146502,0.023792343,1.114679115546415
1148.5594906029703,1.1600776,0.0239284,1.1148292760843408
1148.5694440751543,1.1671103,0.023998959,1.1149913747350075
1148.5793975473384,1.1636662,0.02396377,1.1151650319267747
1148.5893510195226,1.1275399,0.023592107,1.115348673267317
1148.5993044917068,1.1534138,0.02385664,1.115540953545875
1148.609257963891,1.1496007,0.02381712,1.1157391248508843
1148.6192114360751,1.1226588,0.023538558,1.1159380501905476
1148.6291649082593,1.1357015,0.023673015,1.1161331721993804
1148.6391183804435,1.1728909,0.024048176,1.1163181398441848
1148.6490718526277,1.0901328,0.023201691,1.1164904637567394
1148.6590253248119,1.1081687,0.023386838,1.1166490611174247
1148.668978796996,1.1481146,0.023795452,1.1167937068258615
1148.67893226918,1.1057746,0.023360131,1.1169283686649234
1148.6888857413642,1.0703418,0.022987338,1.117058975735879
1148.6988392135484,1.0964962,0.023259707,1.1171911399906986
1148.7087926857325,1.0875638,0.023166683,1.1173316963581104
1148.7187461579167,1.1174924,0.023475569,1.1174844075427341
1148.728699630101,1.0795681,0.023079598,1.117652331225896
1148.738653102285,1.1113225,0.023408378,1.1178407149107725
1148.7486065744692,1.1317933,0.023617111,1.1180493208805675
1148.7585600466534,1.1496792,0.023797037,1.118279503920945
1148.7685135188376,1.1018548,0.023304924,1.1185359386914238
1148.7784669910218,1.0834295,0.02311256,1.1188213425928162
1148.788420463206,1.1305196,0.023601068,1.1191347555906694
1148.79837393539,1.1585112,0.023882097,1.1194758473965196
1148.808327407574,1.1148068,0.023433454,1.1198413478569358
1148.8182808797583,1.1181777,0.023467433,1.120217127329727
1148.8282343519425,1.1052257,0.023332838,1.1205902354797819
1148.8381878241266,1.1256465,0.023541817,1.1209416284241929
1148.8481412963108,1.1015657,0.0232927,1.1212580420166567
1148.858094768495,1.0989783,0.023265379,1.1215298113790848
1148.8680482406792,1.1167614,0.023445686,1.1217444053905203
1148.8780017128634,1.0958734,0.02323077,1.121895869268696
1148.8879551850475,1.1293913,0.02357421,1.1219894888603776
1148.8979086572317,1.105364,0.02332676,1.1220277727454806
1148.9078621294157,1.1035359,0.02330656,1.1220127686732442
1148.9178156015998,1.0995852,0.023263695,1.1219642327404995
1148.927769073784,1.1026143,0.023293694,1.1218944040327794
1148.9377225459682,1.0869366,0.023128508,1.1218143131638496
1148.9476760181524,1.0904461,0.023162207,1.121734229313442
1148.9576294903366,1.1323516,0.02359365,1.1216589345853174
1148.9675829625207,1.0873154,0.023129517,1.121591057634257
1148.977536434705,1.1364295,0.023633046,1.121531276914869
1148.987489906889,1.0967666,0.023227118,1.121478489640645
1148.9974433790733,1.0871911,0.023124976,1.1214323083093076
1149.0073968512575,1.1308165,0.023572486,1.1213931244052198
1149.0173503234414,1.1225092,0.02348499,1.1213593470527605
1149.0273037956256,1.1160979,0.023419512,1.121330576775596
1149.0372572678098,1.1051418,0.02330291,1.121307153207419
1149.047210739994,1.0894057,0.023139726,1.1212885837036355
1149.0571642121781,1.1711892,0.023976125,1.1212746775202143
1149.0671176843623,1.1332216,0.023587443,1.1212658651953713
1149.0770711565465,1.0854136,0.023094151,1.121262417312081
1149.0870246287307,1.115632,0.023404976,1.1212636429595584
1149.0969781009148,1.0976578,0.023219775,1.121269355942255
1149.106931573099,1.0534171,0.022783846,1.1212801119773248
1149.1168850452832,1.0732095,0.023146352,1.1212950438659337
1149.1268385174671,1.128186,0.024004932,1.121314315111822
1149.1367919896513,1.1422173,0.024487838,1.1213389692129878
1149.1467454618355,1.132899,0.024542896,1.121369371774093
1149.1566989340197,1.1314639,0.024551427,1.121405813949532
1149.1666524062039,1.1268984,0.024736553,1.1214492914589629
1149.176605878388,1.1417881,0.025179885,1.1215009351286587
1149.1865593505722,1.1493698,0.025607873,1.1215603211107827
1149.1965128227564,1.0733479,0.025132215,1.1216278719639687
1149.2064662949406,1.1195717,0.025455661,1.1217054686974302
1149.2164197671248,1.1689978,0.026091032,1.1217915523010986
1149.226373239309,1.1197933,0.025483776,1.1218853791682772
1149.236326711493,1.1500149,0.025919432,1.1219860385643334
1149.246280183677,1.1485963,0.02585723,1.1220904666940068
1149.2562336558613,1.0649072,0.024710815,1.122195355572447
1149.2661871280454,1.0582426,0.0245347,1.122297647317026
1149.2761406002296,1.1670557,0.02569504,1.1223940981234988
1149.2860940724138,1.1214622,0.025093978,1.1224836956307966
1149.296047544598,1.0848079,0.024687763,1.1225659048580916
1149.3060010167821,1.1119971,0.025154904,1.1226400523444944
1149.3159544889663,1.0887328,0.025038887,1.122708427648622
1149.3259079611505,1.1135355,0.02512952,1.122772639810154
1149.3358614333347,1.1041596,0.024824325,1.1228341952522118
1149.3458149055186,1.1791059,0.025566109,1.122895071207144
1149.3557683777028,1.1040357,0.02474692,1.1229570555465729
1149.365721849887,1.110631,0.025124783,1.1230219219530313
1149.3756753220712,1.0630606,0.024663456,1.1230919215521131
1149.3856287942554,1.1483175,0.02561395,1.1231677161726474
1149.3955822664395,1.1422472,0.025439342,1.1232500768018443
1149.4055357386237,1.1020294,0.025141543,1.1233404900905546
1149.415489210808,1.1245676,0.025357118,1.1234380951349907
1149.425442682992,1.0794426,0.024842646,1.1235424955429438
1149.4353961551762,1.0973221,0.025142478,1.1236540113369216
1149.4453496273604,1.150562,0.026022624,1.1237723938654083
1149.4553030995444,1.1119584,0.02570018,1.1238968350059921
1149.4652565717286,1.1018391,0.025583038,1.1240273530081777
1149.4752100439127,1.1614598,0.026133794,1.1241646835388244
1149.485163516097,1.1265287,0.02561791,1.1243077794536385
1149.495116988281,1.1291096,0.025617985,1.1244565184399762
1149.5050704604653,1.1462046,0.025808455,1.1246114801303126
1149.5150239326495,1.0482235,0.024718292,1.124771848317573
1149.5249774048336,1.092686,0.024906183,1.1249371878569094
1149.5349308770178,1.1146276,0.024979746,1.1251077424554488
1149.544884349202,1.1111526,0.024878856,1.125283657236278
1149.5548378213862,1.1319302,0.025033059,1.1254645062410982
1149.5647912935704,1.1046804,0.024761697,1.1256505124588574
1149.5747447657543,1.1359432,0.025039159,1.1258427910505289
1149.5846982379385,1.1275349,0.02470173,1.1260406088443535
1149.5946517101227,1.0656891,0.023904396,1.126244074930172
1149.6046051823068,1.1070108,0.024246905,1.1264537761151958
1149.614558654491,1.1540132,0.02458735,1.1266685108008023
1149.6245121266752,1.0711538,0.02364206,1.1268861107137127
1149.6344655988594,1.1455292,0.024439158,1.1271026160173132
1149.6444190710436,1.1615003,0.024676591,1.127310631379161
1149.6543725432277,1.144792,0.02446889,1.1275030433494344
1149.664326015412,1.0880629,0.023867838,1.1276728244231202
1149.674279487596,1.1053061,0.023900412,1.1278085555910082
1149.6842329597803,1.0775968,0.023367887,1.1279127237559636
1149.6941864319642,1.0698938,0.023011278,1.1279866533710756
1149.7041399041484,1.1210591,0.023371318,1.1280315420114817
1149.7140933763326,1.0634065,0.022772837,1.1280546625478372
1149.7240468485168,1.0594436,0.02272847,1.1280625333851515
1149.734000320701,1.0866423,0.023010766,1.1280584762428096
1149.7439537928851,1.114178,0.023294255,1.1280452684354163
1149.7539072650693,1.1292922,0.023446692,1.1280260749120887
1149.7638607372535,1.1083373,0.023231408,1.128001368931426
1149.7738142094377,1.1091573,0.023237655,1.1279690646985654
1149.7837676816218,1.0780705,0.022915108,1.1279276377798353
1149.793721153806,1.064958,0.022777084,1.1278745080112855
1149.80367462599,1.0419229,0.022530878,1.127806478421796
1149.8136280981741,1.0857893,0.02298922,1.1277244849746864
1149.8235815703583,1.0372698,0.02247949,1.127632590229878
1149.8335350425425,1.0535836,0.022652876,1.1275349041847353
1149.8434885147267,1.0489665,0.022600753,1.1274366450512734
1149.8534419869109,1.0784496,0.022909135,1.1273420875488696
1149.863395459095,1.0763704,0.022885904,1.127253940129759
1149.8733489312792,1.0572999,0.02268467,1.1271757548436148
1149.8833024034634,1.0948491,0.023074837,1.1271081098065117
1149.8932558756476,1.0661945,0.022774935,1.12705166562761
1149.9032093478318,1.0984184,0.023107579,1.1270080288851876
1149.9131628200157,1.1267158,0.02339675,1.126977512949106
1149.9231162922,1.0577608,0.022680975,1.1269586658350925
1149.933069764384,1.1231883,0.023357457,1.1269511464573365
1149.9430232365683,1.0899746,0.023016911,1.126955236124708
1149.9529767087524,1.1141295,0.023260737,1.1269672754756985
1149.9629301809366,1.1060275,0.023177685,1.1269845085646468
1149.9728836531208,1.0998341,0.023112388,1.1270029550833605
1149.982837125305,1.1274573,0.023394134,1.1270175307136663
1149.9927905974891,1.1260202,0.0233768,1.1270240270015754
1150.0027440696733,1.0969659,0.023078734,1.1270182047305517
1150.0126975418575,1.1058019,0.02316683,1.1269977692840774
1150.0226510140415,1.102442,0.02313135,1.1269648103390302
1150.0326044862256,1.0968434,0.023071995,1.1269217170140262
1150.0425579584098,1.1147783,0.02325511,1.1268718310962442
1150.052511430594,1.098954,0.023090566,1.126821126319554
1150.0624649027782,1.0941751,0.023040427,1.126773547571419
1150.0724183749624,1.0824356,0.022917138,1.126733266913909
1150.0823718471465,1.1005999,0.023104494,1.1267022637660993
1150.0923253193307,1.0623325,0.022703921,1.1266811296203667
1150.102278791515,1.115678,0.023253497,1.126670934626647
1150.112232263699,1.1118627,0.023214353,1.126672713400323
1150.1221857358832,1.0684415,0.022763288,1.1266851013720536
1150.1321392080672,1.1156899,0.0232507,1.126708101482667
1150.1420926802514,1.0801305,0.022882499,1.126743460966753
1150.1520461524356,1.1070474,0.023157882,1.126789250660102
1150.1619996246197,1.1254494,0.023344005,1.126844858336751
1150.171953096804,1.0977606,0.023060255,1.126910392730187
1150.181906568988,1.1103253,0.023186347,1.126984432384381
1150.1918600411723,1.0950584,0.023029331,1.1270651849473903
1150.2018135133565,1.0952373,0.023030942,1.127151904945901
1150.2117669855406,1.1141535,0.023222504,1.127244429312792
1150.2217204577248,1.0715777,0.022781434,1.1273415960595128
1150.231673929909,1.1655064,0.023737628,1.1274431162841327
1150.241627402093,1.0722737,0.02278507,1.1275490333169154
1150.2515808742771,1.1321449,0.02339948,1.1276578997089903
1150.2615343464613,1.0773736,0.022834724,1.1277684718098735
1150.2714878186455,1.0941023,0.023006346,1.1278796812798235
1150.2814412908297,1.1055714,0.023122972,1.1279909866840354
1150.2913947630138,1.1449244,0.023520296,1.1281029067149426
1150.301348235198,1.1400651,0.023471529,1.128217031591685
1150.3113017073822,1.071253,0.0227642,1.1283367908153037
1150.3212551795664,1.1572305,0.023641126,1.1284644615726804
1150.3312086517506,1.0856743,0.022910988,1.1286026975807804
1150.3411621239347,1.0800765,0.022852235,1.1287558411800425
1150.3511155961187,1.0990403,0.023045508,1.1289249479955834
1150.3610690683029,1.1220075,0.02327944,1.129110917493025
1150.371022540487,1.0830274,0.02287724,1.1293167572066676
1150.3809760126712,1.1748639,0.023808118,1.1295459878782728
1150.3909294848554,1.1326152,0.023382818,1.129798970000817
1150.4008829570396,1.1313232,0.023367217,1.1300785796774087
1150.4108364292238,1.0873356,0.022916332,1.1303924076760226
1150.420789901408,1.1335413,0.02338577,1.1307340388785687
1150.4307433735921,1.0977422,0.023019304,1.1310978969257919
1150.4406968457763,1.0899838,0.022938145,1.1314742565529852
1150.4506503179605,1.0794314,0.02282803,1.1318480568323122
1150.4606037901444,1.1501095,0.023548162,1.1322068277496644
1150.4705572623286,1.0821947,0.022853492,1.1325385423777474
1150.4805107345128,1.0996363,0.023030832,1.1328305319612042
1150.490464206697,1.0642486,0.022663346,1.1330805397937678
1150.5004176788811,1.1245095,0.023282005,1.1332835988294034
1150.5103711510653,1.0912057,0.022940565,1.133427404951645
1150.5203246232495,1.0987555,0.023015445,1.1335186570656095
1150.5302780954337,1.066357,0.02268027,1.1335621087468661
1150.5402315676179,1.1021786,0.023048358,1.1335619652629032
1150.550185039802,1.084126,0.02286266,1.1335306195254367
1150.5601385119862,1.0811582,0.022829568,1.1334818429304305
1150.5700919841704,1.1380807,0.023408514,1.133423860633365
1150.5800454563544,1.0772134,0.02278546,1.1333623007823828
1150.5899989285385,1.1180811,0.023203852,1.133300878717443
1150.5999524007227,1.1238099,0.023261044,1.1332410650220162
1150.609905872907,1.0752809,0.02275992,1.1331841435106325
1150.619859345091,1.0925088,0.0229363,1.133130280427745
1150.6298128172753,1.0972836,0.022983985,1.1330793544698636
1150.6397662894594,1.1166228,0.023180429,1.1330312297918257
1150.6497197616436,1.0937039,0.02294474,1.1329853455940562
1150.6596732338278,1.1313484,0.023326674,1.132940811580025
1150.669626706012,1.1257417,0.023268387,1.1328970754548322
1150.6795801781961,1.1118021,0.023126,1.132853814060478
1150.68953365038,1.1105006,0.023110263,1.1328108839223572
1150.6994871225643,1.1017299,0.023018617,1.132768485235269
1150.7094405947485,1.1461577,0.023468418,1.1327269448488453
1150.7193940669326,1.0863715,0.022857908,1.1326858238817523
1150.7293475391168,1.0523273,0.022502676,1.1326434225764233
1150.739301011301,1.0778817,0.02276729,1.1325953584252435
1150.7492544834852,1.1008967,0.023003997,1.1325326973143568
1150.7592079556694,1.0887926,0.02287724,1.1324476113354423
1150.7691614278535,1.0674847,0.022655228,1.132331184661473
1150.7791149000377,1.0547777,0.022521026,1.1321676825586988
1150.789068372222,1.0921938,0.022907253,1.131957730048695
1150.799021844406,1.1214606,0.023204206,1.1317004949467706
1150.80897531659,1.0774051,0.022752395,1.1313930351860098
1150.8189287887742,1.0884551,0.0228645,1.1310417736127671
1150.8288822609584,1.0731623,0.022704493,1.1306580099830137
1150.8388357331426,1.0941671,0.02292068,1.1302512940833136
1150.8487892053267,1.07599,0.022732303,1.1298345006222188
1150.858742677511,1.0886374,0.022860456,1.1294225941078564
1150.868696149695,1.0724624,0.022691675,1.1290256662884202
1150.8786496218793,1.06296,0.02259197,1.1286546439562928
1150.8886030940635,1.06119,0.022571225,1.1283101030741987
1150.8985565662476,1.0884916,0.022852628,1.127990257672353
1150.9085100384318,1.1321543,0.023296427,1.127693884153592
1150.9184635106158,1.0528032,0.022478962,1.1274170675604929
1150.9284169828,1.0521464,0.022470776,1.1271530975978472
1150.9383704549841,1.0716323,0.02267309,1.1268966276705126
1150.9483239271683,1.0544904,0.022491101,1.1266405369412698
1150.9582773993525,1.0702374,0.02265402,1.1263776311421154
1150.9682308715367,1.0743669,0.02269724,1.1261028746066222
1150.9781843437208,1.0882576,0.022838427,1.1258110953196991
1150.988137815905,1.0545973,0.022486852,1.1255028818027484
1150.9980912880892,1.0751213,0.02269859,1.125181398027089
1151.0080447602734,1.1127353,0.023082169,1.1248502811989798
1151.0179982324576,1.0686624,0.022629993,1.1245150971574152
1151.0279517046415,1.0335624,0.022259919,1.124181516373529
1151.0379051768257,1.0768149,0.02271009,1.1238530801662148
1151.0478586490099,1.033833,0.022259424,1.1235336998873917
1151.057812121194,1.0696888,0.022632468,1.123223465590109
1151.0677655933782,1.1171051,0.023118956,1.1229226538573345
1151.0777190655624,1.104572,0.022988781,1.1226322588742583
1151.0876725377466,1.0779219,0.022713255,1.1223517966791712
1151.0976260099308,1.062375,0.022551252,1.1220800440042538
1151.107579482115,1.1167277,0.023108069,1.1218167164000288
1151.1175329542991,1.0506278,0.02242697,1.121562099184364
1151.1274864264833,1.084305,0.022772644,1.1213145924970305
1151.1374398986673,1.1039636,0.022974396,1.1210740280774274
1151.1473933708514,1.0557958,0.02247533,1.1208415200623087
1151.1573468430356,1.0931445,0.022859337,1.1206165330729918
1151.1673003152198,1.0828686,0.022752212,1.120399070242655
1151.177253787404,1.0757828,0.022676468,1.1201899528415113
1151.1872072595881,1.0976405,0.022901224,1.119989483894133
1151.1971607317723,1.0676261,0.022589285,1.1197967578549228
1151.2071142039565,1.0828662,0.022745844,1.1196116891783947
1151.2170676761407,1.0788321,0.022702072,1.1194353324764117
1151.2270211483249,1.1139894,0.023058794,1.1192662161747222
1151.236974620509,1.1292936,0.023212338,1.1191042741112691
1151.246928092693,1.0696836,0.022601686,1.1189503808856152
1151.2568815648772,1.0794191,0.022701211,1.1188040951599605
1151.2668350370614,1.070559,0.02260909,1.1186649796143493
1151.2767885092455,1.0651776,0.02255141,1.1185334337498196
1151.2867419814297,1.0822159,0.02272639,1.118410092282541
1151.296695453614,1.0433947,0.022319973,1.1182941591777267
1151.306648925798,1.0768697,0.022668274,1.1181859172505113
1151.3166023979823,1.1064831,0.022970004,1.1180872548797827
1151.3265558701664,1.0737295,0.022632662,1.1179975709022254
1151.3365093423506,1.0870085,0.022766298,1.1179173024818174
1151.3464628145348,1.0874918,0.022769544,1.1178478694295464
1151.3564162867187,1.0469488,0.022347467,1.1177891262425392
1151.366369758903,1.0474154,0.022351272,1.1177393708092898
1151.376323231087,1.0618277,0.022500714,1.1176968465590436
1151.3862767032713,1.1040975,0.022933869,1.1176583229486938
1151.3962301754555,1.0621024,0.022499915,1.1176187528713897
1151.4061836476396,1.0865636,0.022750832,1.1175740698866148
1151.4161371198238,1.0451479,0.02232069,1.1175191842629226
1151.426090592008,1.1411579,0.023300527,1.117452740476853
1151.4360440641922,1.0607355,0.022478431,1.117375083134307
1151.4459975363764,1.0849942,0.022727853,1.1172871854562814
1151.4559510085605,1.0847745,0.022725618,1.1171920511923537
1151.4659044807445,1.0679857,0.022550238,1.1170937759736526
1151.4758579529287,1.0559683,0.0224237,1.1169951447866795
1151.4858114251128,1.0747342,0.022617325,1.116899113654466
1151.495764897297,1.0597466,0.022459695,1.1168070747329129
1151.5057183694812,1.042161,0.022274453,1.1167202194152346
1151.5156718416654,1.0968806,0.02283815,1.1166404634726197
1151.5256253138496,1.0908675,0.022775924,1.1165686837522053
1151.5355787860337,1.0872158,0.022738487,1.1165053199106894
1151.545532258218,1.0746315,0.022605214,1.1164516028694993
1151.555485730402,1.0475498,0.022322144,1.1164092339639375
1151.5654392025863,1.0678034,0.022532912,1.1163773424640762
1151.5753926747702,1.0970646,0.02283181,1.116356181964896
1151.5853461469544,1.0515519,0.022360908,1.1163472289593177
1151.5952996191386,1.1386834,0.023249146,1.1163480120027145
1151.6052530913228,1.1010407,0.022869581,1.1163563364759623
1151.615206563507,1.1393569,0.023252616,1.1163693384443407
1151.6251600356911,1.1031227,0.022884417,1.1163824726460623
1151.6351135078753,1.1168841,0.023022644,1.1163916110005354
1151.6450669800595,1.1192253,0.023045255,1.1163933847862497
1151.6550204522437,1.0979259,0.022827087,1.116384168105505
1151.6649739244278,1.1439091,0.023290595,1.116365121467766
1151.674927396612,1.1455308,0.023388505,1.1163373296811863
1151.6848808687962,1.0864763,0.023117999,1.1163021899344174
1151.6948343409802,1.1423095,0.0240274,1.1162628850781304
1151.7047878131643,1.1020834,0.023713516,1.1162217465020903
1151.7147412853485,1.1458952,0.024301594,1.1161805386861567
1151.7246947575327,1.1194962,0.024069611,1.1161410316536318
1151.7346482297169,1.1520749,0.024776421,1.1161043994858064
1151.744601701901,1.1317037,0.024759924,1.1160717312426542
1151.7545551740852,1.1219598,0.025154611,1.11604496511335
1151.7645086462694,1.1567025,0.025420478,1.1160240405619608
1151.7744621184536,1.1048476,0.024788983,1.116009211497243
1151.7844155906378,1.1186365,0.02483074,1.1160010491010084
1151.794369062822,1.0906951,0.024777984,1.115999017695109
1151.8043225350061,1.0943668,0.024825009,1.1160021504051159
1151.81427600719,1.0820643,0.024336495,1.1160101447013224
1151.8242294793743,1.1036098,0.024610208,1.1160231187643346
1151.8341829515584,1.0898699,0.02435165,1.1160399962956808
1151.8441364237426,1.0519826,0.023787856,1.11606008994059
1151.8540898959268,1.1724302,0.025068952,1.1160817985896656
1151.864043368111,1.1264684,0.025014086,1.1161014216561047
1151.8739968402951,1.0969647,0.024638684,1.1161141340489613
1151.8839503124793,1.1288797,0.024929468,1.1161123977480054
1151.8939037846635,1.1419287,0.02474149,1.116087584085346
1151.9038572568477,1.0849562,0.024051296,1.1160361244934143
1151.9138107290319,1.1706913,0.025112111,1.115954708544565
1151.9237642012158,1.120283,0.024689514,1.1158368916365355
1151.9337176734,1.0875661,0.024510607,1.1156907184695593
1151.9436711455842,1.0909442,0.024407854,1.1155208211399883
1151.9536246177684,1.0800053,0.02430051,1.1153321572380361
1151.9635780899525,1.093155,0.02455694,1.1151339417573114
1151.9735315621367,1.1072913,0.024740146,1.1149336665538228
1151.983485034321,1.0889384,0.024395734,1.1147365031967849
1151.993438506505,1.1017648,0.02462699,1.1145462333006904
1152.0033919786893,1.1192037,0.025047721,1.1143626054634326
1152.0133454508734,1.1204488,0.025210999,1.1141849535484332
1152.0232989230576,1.1026812,0.02513769,1.114013657670408
1152.0332523952416,1.0738765,0.02477577,1.113848656498024
1152.0432058674257,1.1207272,0.025191333,1.1136914121559873
1152.05315933961,1.0405797,0.0241627,1.1135450490411187
1152.063112811794,1.0888629,0.024672844,1.113411974688284
1152.0730662839783,1.1129638,0.02484399,1.1132918812940116
1152.0830197561625,1.1044149,0.024624815,1.1131843941396267
1152.0929732283466,1.1640509,0.025157958,1.1130892097651135
1152.1029267005308,1.0857836,0.024086624,1.1130019692943829
1152.112880172715,1.1089673,0.02434692,1.1129206704512227
1152.1228336448992,1.1196233,0.024448134,1.1128445060542782
1152.1327871170834,1.1163328,0.024335273,1.1127728244916288
1152.1427405892673,1.1078898,0.024059791,1.1127059393331309
1152.1526940614515,1.146501,0.024358245,1.112645248158936
1152.1626475336357,1.0907906,0.023690812,1.112592657421406
1152.1726010058198,1.0677661,0.023257995,1.1125483416861375
1152.182554478004,1.0828668,0.023327908,1.1125130662105311
1152.1925079501882,1.0796653,0.023298949,1.1124889959416668
1152.2024614223724,1.1476685,0.024073351,1.1124750035173152
1152.2124148945566,1.1323794,0.023914361,1.1124709774394277
1152.2223683667407,1.1335516,0.023924235,1.1124778007035039
1152.232321838925,1.1024698,0.023504602,1.1124952787649234
1152.242275311109,1.1039468,0.02325396,1.1125223148473475
1152.252228783293,1.0744711,0.022665948,1.1125588999674534
1152.2621822554772,1.0385729,0.022111181,1.1126061213199538
1152.2721357276614,1.0350924,0.022073403,1.1126623555546487
1152.2820891998456,1.0863866,0.022600953,1.1127275888639196
1152.2920426720298,1.0733361,0.022466192,1.1128031293556917
1152.301996144214,1.059514,0.022320753,1.1128884011411713
1152.3119496163981,1.06872,0.022414474,1.1129831523373217
1152.3219030885823,1.0514333,0.022234136,1.113088274881598
1152.3318565607665,1.0434304,0.022149675,1.1132049011289793
1152.3418100329507,1.0430366,0.022144767,1.113332512575278
1152.3517635051348,1.0347445,0.022055497,1.1134721574046633
1152.3617169773188,1.0743152,0.022464864,1.1136280198511121
1152.371670449503,1.0510515,0.022220982,1.1138002126048614
1152.3816239216872,1.0414219,0.022119803,1.1139909961835717
1152.3915773938713,1.0750859,0.022465428,1.114204909160619
1152.4015308660555,0.9997314,0.021677397,1.1144426705424082
1152.4114843382397,1.0425256,0.022126805,1.1147005415738949
1152.4214378104239,1.0343343,0.022039544,1.1149736760923619
1152.431391282608,1.0372986,0.02206926,1.1152532045625057
1152.4413447547922,1.0606283,0.022309495,1.1155262303171756
1152.4512982269764,1.04821,0.022179194,1.1157809327313988
1152.4612516991606,1.0312879,0.022003924,1.1159992936477883
1152.4712051713445,1.0428071,0.022119634,1.116170312638638
1152.4811586435287,1.0599861,0.022295855,1.1162846424751474
1152.491112115713,1.0238788,0.021920139,1.1163286221964148
1152.501065587897,0.9745442,0.021393104,1.1162934701467468
1152.5110190600813,1.0458709,0.022144536,1.1161888138983662
1152.5209725322654,1.0433196,0.022116505,1.1160204397267817
1152.5309260044496,1.0396837,0.02207782,1.1157897371488024
1152.5408794766338,1.0490271,0.022173474,1.1155193638463883
1152.550832948818,1.007084,0.021731172,1.1152216988333707
1152.5607864210021,0.98982155,0.021546504,1.1149073684746775
1152.5707398931863,1.0299504,0.021969184,1.1145880799835974
1152.5806933653703,1.0357627,0.022026157,1.1142719211355985
1152.5906468375545,1.0198206,0.021858592,1.1139639235792882
1152.6006003097386,1.0209832,0.021869615,1.1136675263905946
1152.6105537819228,0.9810585,0.021445949,1.11338081307528
1152.620507254107,0.93115616,0.02090014,1.1131022232850822
1152.6304607262912,0.9503634,0.021107472,1.1128314027655415
1152.6404141984754,0.9684638,0.021304697,1.1125676045335737
1152.6503676706595,0.9789753,0.021413874,1.112311762069454
1152.6603211428437,0.98647386,0.021494024,1.1120665734146298
1152.670274615028,0.97567934,0.02137612,1.1118347483555366
1152.680228087212,0.916374,0.020750266,1.111616318310229
1152.6901815593963,0.91358924,0.020726712,1.111411866621417
1152.7001350315802,0.9153234,0.020799063,1.1112237734249761
1152.7100885037644,0.9146019,0.020966629,1.111048461673862
1152.7200419759486,0.8977188,0.020834882,1.1108840925275933
1152.7299954481327,0.86413723,0.02049011,1.11072829248877
1152.739948920317,0.85559195,0.020517746,1.1105760916773713
1152.749902392501,0.84143317,0.020395605,1.1104225412252555
1152.7598558646853,0.80932915,0.020126484,1.110262973404998
1152.7698093368695,0.81906956,0.020366572,1.1100923218317205
1152.7797628090536,0.7932144,0.020116609,1.1099100981300722
1152.7897162812378,0.78919107,0.020551944,1.1097165099373085
1152.799669753422,0.81611,0.021181656,1.1095124346156182
1152.809623225606,0.80469686,0.021287208,1.109302744749091
1152.8195766977901,0.79957557,0.021314692,1.1090917082835967
1152.8295301699743,0.7518904,0.020655943,1.1088833756997352
1152.8394836421585,0.80190194,0.021072863,1.1086811031144626
1152.8494371143427,0.8208501,0.021356123,1.1084856629495794
1152.8593905865268,0.7968674,0.021063419,1.1082966974905204
1152.869344058711,0.80284214,0.021075338,1.1081123153202228
1152.8792975308952,0.8280119,0.021343244,1.1079268869342227
1152.8892510030794,0.8660683,0.022080317,1.1077346315025252
1152.8992044752636,0.86060566,0.022017093,1.1075274784584455
1152.9091579474477,0.87508434,0.022166274,1.1072999168584197
1152.919111419632,0.9378191,0.023263872,1.107050263434597
1152.9290648918159,0.9552331,0.022929043,1.1067772770412276
1152.939018364,0.9556356,0.023072498,1.1064810949872073
1152.9489718361842,0.9517511,0.02311848,1.106169622024956
1152.9589253083684,0.9696774,0.02323085,1.1058489576219281
1152.9688787805526,1.001529,0.023368942,1.105526918448417
1152.9788322527368,0.9970663,0.02327684,1.1052118949520517
1152.988785724921,1.0208836,0.023555644,1.1049099433490557
1152.9987391971051,0.98231393,0.022958104,1.104627070815823
1153.0086926692893,1.0272759,0.023528174,1.1043663886585329
1153.0186461414735,0.9950589,0.023204088,1.1041251296124635
1153.0285996136577,0.99438906,0.023467308,1.1039012387812084
1153.0385530858416,0.9848126,0.023557402,1.1036939797516574
1153.0485065580258,1.0145274,0.023898473,1.103497070975107
1153.05846003021,1.024527,0.024431687,1.1033072298619424
1153.0684135023942,0.9904518,0.02411796,1.1031213450808326
1153.0783669745783,0.98732454,0.023750728,1.1029357613328712
1153.0883204467625,1.03288,0.02419093,1.1027479327034242
1153.0982739189467,0.98859763,0.023401605,1.102556197732879
1153.1082273911309,0.99985945,0.02347651,1.102359618529679
1153.118180863315,0.98821265,0.023439158,1.1021597783740806
1153.1281343354992,1.0097721,0.023498219,1.1019586838384996
1153.1380878076834,0.964735,0.022935027,1.1017597518633082
1153.1480412798674,1.0311264,0.023690913,1.1015665145055418
1153.1579947520515,0.9828883,0.023021556,1.1013819299434002
1153.1679482242357,0.96760637,0.022612777,1.1012092882846207
1153.17790169642,0.9505963,0.022299754,1.1010508181415934
1153.187855168604,0.93342865,0.021803547,1.1009055867148272
1153.1978086407883,0.9322175,0.021572726,1.1007732354146016
1153.2077621129724,0.99079037,0.022094926,1.1006550179080405
1153.2177155851566,0.8983936,0.021157075,1.1005477656276172
1153.2276690573408,0.9538615,0.02199075,1.1004505851001083
1153.237622529525,0.89393336,0.021151533,1.100363578718361
1153.2475760017091,0.88535714,0.02098721,1.1002853818676401
1153.257529473893,0.8838312,0.020985572,1.1002139082505675
1153.2674829460773,0.878297,0.020421114,1.1001469511438833
1153.2774364182615,0.88399565,0.020269694,1.1000802272753243
1153.2873898904456,0.8474488,0.019852504,1.1000078133346343
1153.2973433626298,0.8393694,0.019757785,1.0999232575753917
1153.307296834814,0.85235834,0.019904545,1.0998160433456194
1153.3172503069982,0.85265124,0.019904241,1.0996814855781025
1153.3272037791824,0.821917,0.019551037,1.0995173317515285
1153.3371572513665,0.8400478,0.01975844,1.099320980894354
1153.3471107235507,0.81425613,0.019457664,1.0990939285013632
1153.357064195735,0.8581029,0.019963209,1.0988452226848648
1153.3670176679188,0.84608203,0.019822463,1.0985822679510597
1153.376971140103,0.83709514,0.019718895,1.0983146935208754
1153.3869246122872,0.8744814,0.02014341,1.0980541603416791
1153.3968780844714,0.85723114,0.019944876,1.0978091461120982
1153.4068315566556,0.8376568,0.019720368,1.0975887741830588
1153.4167850288397,0.8662724,0.020043587,1.0973968807781123
1153.426738501024,0.8915935,0.020325381,1.0972320096419104
1153.436691973208,0.91988003,0.02063828,1.0970936605765451
1153.4466454453923,0.88951886,0.020301497,1.0969832015213559
1153.4565989175765,0.93512285,0.02079982,1.0968956932389242
1153.4665523897606,0.9310527,0.02075651,1.0968310376284882
1153.4765058619446,0.9918759,0.021407412,1.096793363510395
1153.4864593341288,0.9485319,0.02094188,1.0967823355935145
1153.496412806313,0.9572446,0.021034544,1.096798500238133
1153.5063662784971,0.9838806,0.021317301,1.0968444673204623
1153.5163197506813,0.9923731,0.02140565,1.0969200064387414
1153.5262732228655,0.99470466,0.021429062,1.0970166810816466
1153.5362266950497,0.9554273,0.021006877,1.0971270514791982
1153.5461801672338,0.9959627,0.02143743,1.0972405646896208
1153.556133639418,0.99163914,0.021392524,1.0973445445141963
1153.5660871116022,1.0003151,0.021481346,1.0974287777586798
1153.5760405837864,0.971862,0.021178884,1.0974797422798381
1153.5859940559703,0.9913852,0.02138341,1.0974860083351223
1153.5959475281545,1.0135202,0.021614548,1.0974417036111386
1153.6059010003387,1.0033578,0.021504594,1.0973384004748177
1153.6158544725229,0.9840951,0.02130292,1.0971628486789302
1153.625807944707,1.0160205,0.021635814,1.0969269716704808
1153.6357614168912,1.0120065,0.021590104,1.096636820651426
1153.6457148890754,1.0004301,0.021469973,1.096296884728685
1153.6556683612596,1.0536544,0.02201976,1.0959226784194593
1153.6656218334438,1.0488608,0.02196782,1.0955260604297554
1153.675575305628,1.0113192,0.021578196,1.09511433737009
1153.6855287778121,1.0019258,0.021477167,1.0946939989481803
1153.695482249996,1.0455492,0.021930292,1.094270925388307
1153.7054357221803,1.0335169,0.021801075,1.0938477110330687
1153.7153891943644,1.0114095,0.021573668,1.0934256404352223
1153.7253426665486,1.0049571,0.02150474,1.093004464786266
1153.7352961387328,1.0290183,0.021752983,1.0925836570048624
1153.745249610917,1.0,0.021446008,1.092162996481993
1153.7552030831012,1.0065303,0.021516604,1.0917429763883173
1153.7651565552853,1.0144508,0.021595178,1.0913243612184929
1153.7751100274695,0.9975427,0.021416614,1.090907765342387
1153.7850634996537,0.982859,0.021259766,1.090493493724883
1153.7950169718379,0.99478143,0.021384172,1.0900797107934652
1153.804970444022,1.0070891,0.021509629,1.089662776986084
1153.814923916206,1.0556155,0.022012575,1.0892344988794451
1153.8248773883902,0.98641783,0.021289585,1.0887859349417102
1153.8348308605744,1.0420022,0.021868555,1.0883100330490123
1153.8447843327585,0.9834753,0.021255556,1.0877994062009249
1153.8547378049427,1.018034,0.021615313,1.0872477058870158
1153.864691277127,1.0155885,0.021589747,1.0866610146605409
1153.874644749311,1.0050086,0.02147725,1.0860426592363384
1153.8845982214953,1.0277054,0.0217115,1.0853948131330458
1153.8945516936794,1.0272001,0.021703452,1.0847287309782974
1153.9045051658636,1.0468822,0.02190489,1.0840536535988377
1153.9144586380478,0.97036886,0.021103384,1.0833790077763967
1153.924412110232,1.0125287,0.021545695,1.0827141697563127
1153.934365582416,1.0019276,0.02143318,1.0820622230656358
1153.9443190546,1.0368525,0.02179706,1.0814215846047168
1153.9542725267843,1.0007421,0.021418655,1.080786781126409
1153.9642259989685,1.0651815,0.022082027,1.0801493925756576
1153.9741794711526,1.0598907,0.022025518,1.0795046677966667
1153.9841329433368,0.98266083,0.021223601,1.0788496254972584
1153.994086415521,1.043025,0.021850683,1.0781858009792404
1154.0040398877052,1.0593307,0.02201537,1.0775173246498968
1154.0139933598894,1.0313573,0.021724433,1.0768489544225301
1154.0239468320735,1.0812294,0.022234712,1.076187409145234
1154.0339003042577,1.0509229,0.021924257,1.0755373916374775
1154.0438537764417,1.0423259,0.021830665,1.074903038680586
1154.0538072486258,1.032239,0.021726698,1.0742903917768172
1154.06376072081,1.0364037,0.02176786,1.073700047051262
1154.0737141929942,1.0335089,0.021736344,1.073132002113487
1154.0836676651784,1.0371567,0.021774635,1.0725876221780397
1154.0936211373626,1.0433829,0.021833673,1.0720674224929365
1154.1035746095467,1.0167575,0.021559747,1.071567551732697
1154.113528081731,1.0073987,0.021461766,1.071086894537621
1154.123481553915,1.0514473,0.021913936,1.0706274081731817
1154.1334350260993,1.018713,0.021573635,1.0701853796239431
1154.1433884982835,1.0452791,0.021843562,1.0697598282100051
1154.1533419704674,1.0489029,0.021883566,1.0693513177586953
1154.1632954426516,1.0528944,0.021922698,1.0689584674542503
1154.1732489148358,1.0173523,0.021554131,1.068578278201085
1154.18320238702,1.0195259,0.021571582,1.0682089242704695
1154.1931558592041,1.0492225,0.021877185,1.0678489704657235
1154.2031093313883,1.0309749,0.021690475,1.0674944493907166
1154.2130628035725,1.0612986,0.021998014,1.0671434845026642
1154.2230162757567,1.0687792,0.02207438,1.066795026329532
1154.2329697479408,1.0062473,0.02142862,1.0664486277007221
1154.242923220125,1.0679183,0.022060437,1.0661048696918805
1154.2528766923092,1.0216148,0.021584276,1.0657652500474004
1154.2628301644932,1.0534493,0.021909159,1.0654319394772847
1154.2727836366773,1.0323093,0.02168895,1.065105261316154
1154.2827371088615,1.0877757,0.022253888,1.0647852463297671
1154.2926905810457,1.031457,0.0216797,1.0644710677814224
1154.3026440532299,1.0616645,0.021985237,1.0641583467456839
1154.312597525414,1.030726,0.021669226,1.0638421819588633
1154.3225509975982,1.0131825,0.021484334,1.0635157790663599
1154.3325044697824,1.0237144,0.021590978,1.0631714479157621
1154.3424579419666,1.0418581,0.021775106,1.062805023593471
1154.3524114141508,1.0673295,0.022032868,1.0624128253168297
1154.362364886335,0.9971839,0.021309262,1.0619889805802745
1154.372318358519,1.0127934,0.02147121,1.0615407436948994
1154.382271830703,1.0488857,0.021841284,1.061072520106274
1154.3922253028873,1.0375595,0.021721225,1.060589979124244
1154.4021787750714,1.0218809,0.02155765,1.0601026878128947
1154.4121322472556,1.0532968,0.021878053,1.0596193902744189
1154.4220857194398,1.0431254,0.021772495,1.0591477906982487
1154.432039191624,1.0617214,0.02196217,1.058696362322129
1154.4419926638082,1.023592,0.021568747,1.0582658217196572
1154.4519461359923,1.0790855,0.022133302,1.0578572452337667
1154.4618996081765,1.0400014,0.021735543,1.0574733133165255
1154.4718530803607,1.0227238,0.021556776,1.057110743773671
1154.4818065525446,1.0170071,0.021495223,1.0567663884586591
1154.4917600247288,1.0147096,0.021469261,1.056438116570512
1154.501713496913,1.0447928,0.021777144,1.0561227571388863
1154.5116669690972,1.0319395,0.021644063,1.055815289735332
1154.5216204412814,1.0928202,0.022260454,1.0555133047528558
1154.5315739134655,1.0050353,0.021362105,1.0552163012268438
1154.5415273856497,1.0700276,0.022026878,1.0549242823137777
1154.551480857834,1.0594225,0.021916155,1.0546392420262336
1154.561434330018,1.0641668,0.021963486,1.0543653212903705
1154.5713878022023,1.006026,0.021363284,1.0541069263156724
1154.5813412743864,1.0383117,0.021697212,1.0538664931083372
1154.5912947465704,1.0346075,0.021657359,1.0536472432782171
1154.6012482187546,1.0601561,0.021914532,1.0534556100422194
1154.6112016909387,1.0829414,0.02214235,1.0532892255096662
1154.621155163123,1.0366117,0.021671645,1.0531491496382817
1154.631108635307,1.0559913,0.021864466,1.0530391892933484
1154.6410621074913,1.0357243,0.021656733,1.0529575279042964
1154.6510155796755,1.0200486,0.021495467,1.052899827316849
1154.6609690518596,1.07949,0.022097308,1.0528612227057021
1154.6709225240438,1.048222,0.021778822,1.0528321580616606
1154.680875996228,1.0616144,0.021917595,1.0527975769272553
1154.6908294684122,1.0260571,0.021551786,1.052742446519585
1154.7007829405961,1.0474149,0.021766866,1.0526431465832868
1154.7107364127803,1.0444272,0.021735545,1.0524873864242732
1154.7206898849645,1.0578401,0.021867804,1.0522681708041473
1154.7306433571487,1.0778126,0.022067523,1.0519781678626612
1154.7405968293328,1.0464602,0.021751476,1.0516167732609953
1154.750550301517,1.0433029,0.021716654,1.0511976975742257
1154.7605037737012,1.0685492,0.021972112,1.0507282629328418
1154.7704572458854,1.050066,0.021780433,1.0502097553617484
1154.7804107180696,1.044751,0.021726664,1.049656626575079
1154.7903641902537,1.0600057,0.021879494,1.0490755364219195
1154.800317662438,1.0208212,0.021477316,1.0484715894869785
1154.810271134622,1.045199,0.021723844,1.0478540470005622
1154.820224606806,1.0652096,0.021924261,1.047233585369486
1154.8301780789902,1.0440552,0.02171073,1.0466193725946964
1154.8401315511744,1.0559866,0.021827752,1.0460212889409786
1154.8500850233586,1.0442536,0.02171041,1.0454408354647908
1154.8600384955428,1.0454673,0.021746594,1.044878309059323
1154.869991967727,1.0307773,0.02164805,1.0443344202991063
1154.8799454399111,1.0229834,0.021573562,1.0438068092228054
1154.8898989120953,1.0467124,0.02199989,1.0432941900222368
1154.8998523842795,1.0273424,0.021931333,1.0427979724911622
1154.9098058564637,1.0469915,0.022095503,1.0423214833591217
1154.9197593286478,1.0137277,0.021934913,1.0418639005229018
1154.929712800832,1.0222946,0.022041736,1.0414262104586112
1154.939666273016,1.040939,0.022358991,1.041011894747071
1154.9496197452002,1.054256,0.022758817,1.040618418323856
1154.9595732173843,1.0110973,0.02228699,1.040244503658045
1154.9695266895685,1.054912,0.023374349,1.0398908866654772
1154.9794801617527,1.0433098,0.023528928,1.0395578393377436
1154.9894336339369,1.0176473,0.023420462,1.039242960347666
1154.999387106121,1.0780733,0.024306197,1.0389460978710785
1155.0093405783052,1.0579726,0.0239562,1.0386702786145097
1155.0192940504894,1.0626785,0.023839233,1.0384123246111527
1155.0292475226736,1.0924248,0.024150472,1.0381718169856666
1155.0392009948578,0.9979466,0.023048716,1.0379498631781838
1155.0491544670417,1.0465872,0.02361522,1.0377451915567506
1155.059107939226,1.0693332,0.023735246,1.0375545905494772
1155.06906141141,1.0665683,0.023943476,1.037375067925176
1155.0790148835943,1.0679443,0.02409684,1.0372011304087
1155.0889683557784,1.095721,0.024306567,1.037023067686374
1155.0989218279626,1.037832,0.023879005,1.03683150796136
1155.1088753001468,1.075295,0.02405143,1.0366141459410003
1155.118828772331,1.0292038,0.023498993,1.036365911247283
1155.1287822445152,1.0455856,0.023631344,1.0360868386202715
1155.1387357166993,1.0288635,0.023523603,1.0357774906711374
1155.1486891888835,1.0334613,0.023391178,1.0354407412631517
1155.1586426610675,1.0332189,0.023277804,1.035087151031051
1155.1685961332516,1.0724745,0.023739869,1.0347247132220405
1155.1785496054358,1.0113355,0.022968985,1.0343642856485498
1155.18850307762,0.9934374,0.022692991,1.0340178996374718
1155.1984565498042,1.0336769,0.023245001,1.0336956487022422
1155.2084100219884,0.9959416,0.023119364,1.0334086561513267
1155.2183634941725,1.021573,0.02360644,1.033164470489319
1155.2283169663567,1.0231448,0.023669196,1.032959772933803
1155.238270438541,0.96695006,0.023319427,1.0327918457123395
1155.248223910725,1.0309968,0.024168912,1.032659385852358
1155.2581773829093,1.0479403,0.024051398,1.032548002385406
1155.2681308550932,0.98758924,0.02315839,1.0324479094530736
1155.2780843272774,1.0067358,0.023174945,1.0323492036911757
1155.2880377994616,1.0026244,0.023086186,1.0322423644449554
1155.2979912716457,1.021539,0.023337668,1.0321218205301876
1155.30794474383,1.0440823,0.023397489,1.031983987367764
1155.317898216014,1.04858,0.023558587,1.031825185278566
1155.3278516881983,1.0348575,0.023186095,1.0316501368923239
1155.3378051603825,1.0414554,0.023310909,1.0314621315680261
1155.3477586325666,1.0134897,0.022648286,1.0312652751848541
1155.3577121047508,1.0380863,0.022849828,1.0310661455579708
1155.367665576935,1.0254987,0.022493254,1.0308697590815568
1155.377619049119,0.9944705,0.021908768,1.0306798920496558
1155.3875725213031,0.98274505,0.021639911,1.0304992908536017
1155.3975259934873,1.0207306,0.022072118,1.0303269640687738
1155.4074794656715,0.9918793,0.022026366,1.0301624508074396
1155.4174329378557,1.0027617,0.022005918,1.0300064927423176
1155.4273864100398,1.0073096,0.021840297,1.0298585422975415
1155.437339882224,1.0348169,0.022225725,1.0297191333262885
1155.4472933544082,0.9726691,0.021090562,1.0295900333779993
1155.4572468265924,1.0097457,0.021244656,1.0294730342328955
1155.4672002987766,1.0050498,0.021192694,1.029367913052475
1155.4771537709607,1.0121228,0.021262662,1.0292755128242885
1155.4871072431447,1.0362493,0.021507263,1.0291990174041135
1155.4970607153289,1.0178726,0.021318348,1.0291368515394577
1155.507014187513,0.9763203,0.02088561,1.0290888612360827
1155.5169676596972,1.0155613,0.021292886,1.0290557036255843
1155.5269211318814,1.0320323,0.02145722,1.0290359871454164
1155.5368746040656,0.998316,0.021110289,1.0290267981498393
1155.5468280762498,0.9771017,0.02088501,1.0290264472970623
1155.556781548434,1.0155677,0.021280723,1.0290343136838913
1155.5667350206181,1.0025902,0.021146711,1.029048060199089
1155.5766884928023,1.0340021,0.02146768,1.0290674114160159
1155.5866419649865,1.011198,0.021232324,1.0290936589504147
1155.5965954371704,1.0413612,0.02153839,1.0291279939340425
1155.6065489093546,1.0294192,0.021417962,1.0291717115880026
1155.6165023815388,0.99778247,0.021088818,1.0292271608565642
1155.626455853723,1.0532657,0.02165466,1.0292973274995105
1155.6364093259072,1.010666,0.021216266,1.0293796019476933
1155.6463627980913,1.0267518,0.021381233,1.0294700867840418
1155.6563162702755,1.0564325,0.021681298,1.0295594422207344
1155.6662697424597,1.020725,0.021314358,1.0296341767485493
1155.6762232146439,1.0612829,0.021725392,1.0296818012972977
1155.686176686828,1.0674295,0.021784993,1.02968812813549
1155.6961301590122,1.0182977,0.021285305,1.0296397879399521
1155.7060836311962,1.0326754,0.021430358,1.0295365473152411
1155.7160371033804,1.0414284,0.021516245,1.0293753691237548
1155.7259905755645,1.0384104,0.021487482,1.0291468530501549
1155.7359440477487,1.079413,0.021894077,1.028862827370994
1155.745897519933,1.0375439,0.02147,1.028530820949775
1155.755850992117,1.008893,0.02117607,1.028156601047608
1155.7658044643013,1.0445855,0.021540307,1.0277511069153655
1155.7757579364854,1.0500089,0.021592606,1.0273272638612525
1155.7857114086696,1.03125,0.02140101,1.0268923867564326
1155.7956648808538,1.0562478,0.021652732,1.026451271985705
1155.805618353038,0.9909344,0.020985274,1.0260089773864545
1155.8155718252222,1.0568664,0.021653399,1.0255688898469426
1155.825525297406,0.9957932,0.021030575,1.025136451719795
1155.8354787695903,1.0432078,0.021513337,1.0247180130162536
1155.8454322417745,1.051285,0.021593718,1.024318713603554
1155.8553857139586,1.0217361,0.021291057,1.0239443710167042
1155.8653391861428,1.0500358,0.02157801,1.023602509131959
1155.875292658327,1.0231419,0.021302857,1.0232893440244393
1155.8852461305112,1.0630518,0.021704612,1.0230033657766335
1155.8951996026954,1.0355037,0.02142243,1.0227447346175023
1155.9051530748795,1.0381913,0.021450333,1.0225082840978938
1155.9151065470637,1.0150515,0.021212064,1.0222904133691038
1155.925060019248,1.0625203,0.021692853,1.022090791889961
1155.9350134914318,1.0205363,0.021265483,1.0219111194439947
1155.944966963616,1.0180017,0.02123628,1.021749968119558
1155.9549204358002,1.0491711,0.021550281,1.0216086579271604
1155.9648739079844,1.0188392,0.021241926,1.0214919870341912
1155.9748273801686,1.0398136,0.021454066,1.021398865509696
1155.9847808523527,1.0797715,0.02185122,1.0213294894834928
1155.994734324537,1.0245194,0.0212949,1.0212864523594383
1156.004687796721,1.0244763,0.021292167,1.0212720253366674
1156.0146412689053,1.0258,0.021305252,1.0212844184750947
1156.0245947410895,1.0276065,0.02132032,1.0213249194236356
1156.0345482132736,1.0084401,0.021123994,1.021400256362234
1156.0445016854578,1.0481616,0.02152492,1.0215069585093484
1156.0544551576418,1.0512754,0.021555683,1.021644655912966
1156.064408629826,1.0108771,0.021141108,1.0218140000162113
1156.0743621020101,1.0025196,0.021053642,1.0220097237407544
1156.0843155741943,0.9843539,0.020864043,1.0222219759993452
1156.0942690463785,1.040388,0.021438954,1.0224423245463505
1156.1042225185627,1.0423163,0.02145408,1.0226605167066132
1156.1141759907468,0.99708796,0.020990506,1.0228678105395759
1156.124129462931,1.0058511,0.0210792,1.0230579369800272
1156.1340829351152,1.0373839,0.021397147,1.0232239197400244
1156.1440364072994,1.0304506,0.021324947,1.02336452355265
1156.1539898794836,1.0451896,0.021473568,1.0234825211137566
1156.1639433516675,1.0176625,0.021191427,1.0235811401303043
1156.1738968238517,1.0550066,0.021567058,1.0236653622709486
1156.1838502960359,0.9666123,0.020659976,1.023744368864044
1156.19380376822,1.0041445,0.021048466,1.0238243110195708
1156.2037572404042,1.0176506,0.021184567,1.0239112779406614
1156.2137107125884,0.9823804,0.020818913,1.0240082575091376
1156.2236641847726,1.0247759,0.021251392,1.024116453904683
1156.2336176569568,1.012938,0.021129213,1.0242373831081446
1156.243571129141,1.0175288,0.021175615,1.0243725068472989
1156.2535246013251,1.0054649,0.021048376,1.024520204894717
1156.2634780735093,1.0017927,0.02100795,1.024680321409627
1156.2734315456933,1.0364498,0.021361195,1.0248545670713092
1156.2833850178774,1.0276552,0.021269387,1.0250415367970342
1156.2933384900616,1.0408462,0.02139846,1.0252414140644779
1156.3032919622458,1.017193,0.02115933,1.0254563926088287
1156.31324543443,1.0487713,0.021477154,1.025689249910241
1156.3231989066142,0.99324316,0.020909697,1.0259407802675133
1156.3331523787983,1.0150526,0.021131728,1.0262136644403776
1156.3431058509825,0.9862027,0.02083233,1.0265151918312927
1156.3530593231667,1.0167894,0.021145212,1.0268437852506531
1156.3630127953509,0.9970519,0.020944137,1.0272000134081842
1156.372966267535,1.0090947,0.021063566,1.0275851565963423
1156.382919739719,1.0098308,0.021069521,1.0279951065681185
1156.3928732119032,1.0360519,0.021333054,1.0284220952165357
1156.4028266840874,0.97247434,0.0206792,1.0288600217344237
1156.4127801562715,0.9905614,0.020864354,1.0293021587390867
1156.4227336284557,1.0124738,0.021090513,1.0297412234259862
1156.43268710064,1.0031756,0.020989815,1.0301724902946536
1156.442640572824,1.0197353,0.0211573,1.0305904373594867
1156.4525940450083,0.9903547,0.020856798,1.0309915709124051
1156.4625475171924,0.99928755,0.020949481,1.0313730939414751
1156.4725009893766,1.0207468,0.021163614,1.0317291656155436
1156.4824544615608,0.98426163,0.02078913,1.0320486126901967
1156.4924079337447,0.98201114,0.020763015,1.032329457045006
1156.502361405929,0.9628669,0.02056208,1.032567716388222
1156.512314878113,1.0070149,0.02101502,1.0327571511147704
1156.5222683502973,1.0129098,0.021074457,1.0329049290003516
1156.5322218224815,1.0283401,0.021229632,1.0330201044550913
1156.5421752946656,0.9548676,0.02047247,1.033110943193365
1156.5521287668498,0.98814905,0.020814173,1.0331881918418715
1156.562082239034,0.972039,0.020646608,1.0332650412482942
1156.5720357112182,1.0337756,0.021276679,1.033351728844163
1156.5819891834024,1.0014136,0.020947833,1.0334616762223958
1156.5919426555865,0.98390484,0.02076346,1.033600365691354
1156.6018961277705,1.0423977,0.021357872,1.0337699907182605
1156.6118495999547,1.021444,0.021143617,1.0339704840915924
1156.6218030721388,1.0105516,0.02103267,1.0341947090204564
1156.631756544323,1.0304079,0.021232229,1.0344298635831262
1156.6417100165072,0.9813348,0.020728327,1.0346663257697422
1156.6516634886914,1.0133772,0.021053884,1.0348932115151348
1156.6616169608756,1.0070616,0.020986842,1.0351048515025043
1156.6715704330597,0.999472,0.020905122,1.035298422081849
1156.681523905244,0.96850044,0.020587498,1.0354729380191179
1156.691477377428,1.0065558,0.020978102,1.0356335445677374
1156.7014308496123,1.0128181,0.021038694,1.0357897272597083
1156.7113843217962,1.0135924,0.02104468,1.0359498466843517
1156.7213377939804,1.0134878,0.021041242,1.0361217753701668
1156.7312912661646,1.0615745,0.021524468,1.036304362768449
1156.7412447383488,1.0009121,0.020910004,1.0364938792716187
1156.751198210533,1.0309408,0.02121659,1.0366840581910042
1156.7611516827171,1.0070038,0.020968052,1.0368677784641949
1156.7711051549013,1.0239698,0.021139678,1.0370405084246064
1156.7810586270855,1.0044631,0.020939458,1.0371990785772296
1156.7910120992697,0.9967458,0.0208583,1.0373406231739861
1156.8009655714538,1.0075556,0.02096824,1.0374687972325285
1156.810919043638,1.0043008,0.020932361,1.0375862747362177
1156.820872515822,1.0474066,0.021365872,1.0376961048066913
1156.8308259880062,1.0024631,0.020908842,1.037803168587129
1156.8407794601903,1.0210345,0.021097876,1.0379114210197242
1156.8507329323745,1.0449209,0.021336485,1.0380241448513714
1156.8606864045587,1.0111122,0.020993369,1.038144129782147
1156.8706398767429,1.0393469,0.021276189,1.0382705938724506
1156.880593348927,0.9969272,0.020844204,1.0384017222651334
1156.8905468211112,1.0265912,0.021145048,1.0385338627620748
1156.9005002932954,1.001156,0.020881962,1.0386619476174401
1156.9104537654796,1.0080501,0.020952651,1.0387821280744225
1156.9204072376638,1.0068616,0.020937908,1.0388915734337767
1156.930360709848,1.0260104,0.021131307,1.038989903157891
1156.940314182032,1.0379068,0.021251902,1.0390813258378166
1156.950267654216,1.030769,0.021175437,1.0391705582222839
1156.9602211264003,0.99919593,0.02085358,1.0392652579232902
1156.9701745985844,1.0394589,0.021259401,1.0393722901726736
1156.9801280707686,1.016505,0.021027716,1.0394971098340164
1156.9900815429528,1.0079616,0.02093865,1.0396455614228768
1157.000035015137,1.0252734,0.021110896,1.0398202978485807
1157.0099884873212,1.0351194,0.021207968,1.0400180835817103
1157.0199419595053,1.0308903,0.021165831,1.040237375724613
1157.0298954316895,1.0390652,0.02124574,1.0404801770890484
1157.0398489038737,1.0467485,0.021320477,1.040742913745701
1157.0498023760579,0.9801484,0.020641802,1.0410265162249845
1157.0597558482418,1.053246,0.021379182,1.041335152396101
1157.069709320426,1.0583382,0.021428648,1.0416712696307062
1157.0796627926102,1.0110117,0.02095058,1.0420337028051696
1157.0896162647944,1.0444667,0.02128652,1.0424220831788533
1157.0995697369785,1.0253056,0.021093814,1.042837072220389
1157.1095232091627,1.0540732,0.021379413,1.0432690569866698
1157.119476681347,1.0503545,0.021341989,1.0437109289979773
1157.129430153531,1.0157362,0.020991718,1.0441534759809383
1157.1393836257153,1.0331038,0.021161387,1.0445866228710794
1157.1493370978994,1.0484661,0.021315718,1.0450034809889
1157.1592905700836,1.0041595,0.02086814,1.045398088709725
1157.1692440422676,1.0371361,0.021199388,1.0457639978495548
1157.1791975144517,1.011087,0.02093576,1.0461052497716068
1157.189150986636,0.99546564,0.020773873,1.046424527770066
1157.19910445882,1.0258087,0.021079656,1.0467251124395807
1157.2090579310043,1.0461,0.021282168,1.047015021230414
1157.2190114031885,1.0387552,0.021207727,1.0473006788398829
1157.2289648753726,0.98126465,0.020621885,1.0475868990931736
1157.2389183475568,1.0114682,0.020927912,1.0478784900827813
1157.248871819741,1.0234932,0.021047335,1.0481781720961982
1157.2588252919252,1.0144755,0.020956492,1.0484882574998224
1157.2687787641094,1.0340569,0.02115256,1.0488118725453972
1157.2787322362933,1.0703322,0.021509763,1.0491477879470388
1157.2886857084775,1.0382137,0.021190016,1.0494938949358796
1157.2986391806617,1.0247163,0.021052284,1.0498478885413052
1157.3085926528458,1.0114752,0.020917617,1.0502065481544318
1157.31854612503,1.0290855,0.021091819,1.0505665043125298
1157.3284995972142,1.0080545,0.020874863,1.05092627653107
1157.3384530693984,1.0311562,0.021108605,1.0512854953595268
1157.3484065415826,1.0355804,0.021150764,1.051645210442575
1157.3583600137667,0.9860148,0.020645615,1.0520071266691169
1157.368313485951,1.0479594,0.021270273,1.0523736155384777
1157.378266958135,1.0440153,0.021232167,1.052746992000644
1157.388220430319,0.98396295,0.020621412,1.053127982981374
1157.3981739025032,0.9742913,0.020518301,1.0535176994943645
1157.4081273746874,1.0130422,0.020946767,1.053919814310747
1157.4180808468716,1.0080419,0.02098599,1.0543355778331878
1157.4280343190558,1.0292115,0.02130255,1.0547684785954545
1157.43798779124,0.99931926,0.02111255,1.0552252377222051
1157.4479412634241,1.0458586,0.021637859,1.0557116004558171
1157.4578947356083,1.0272298,0.021520881,1.0562283915339457
1157.4678482077925,1.0313122,0.02167595,1.0567759872113158
1157.4778016799767,0.9999418,0.021374743,1.057354592243545
1157.4877551521608,0.99961364,0.0214864,1.0579504075446415
1157.4977086243448,1.0006021,0.021714618,1.05855377424221
1157.507662096529,1.0162997,0.02223405,1.05915437161147
1157.5176155687132,1.0280302,0.022894524,1.0597424604111705
1157.5275690408973,1.0496686,0.023245072,1.0603117345512572
1157.5375225130815,0.98217106,0.02262447,1.0608562075835013
1157.5474759852657,1.026493,0.023044432,1.0613663100705342
1157.5574294574499,1.0339376,0.02300201,1.0618430493757551
1157.567382929634,1.0283532,0.022876441,1.0622843613515833
1157.5773364018182,0.9972632,0.02258949,1.0626855607686405
1157.5872898740024,1.0248886,0.022771534,1.0630500475531328
1157.5972433461866,1.0183804,0.022696573,1.0633843610726856
1157.6071968183705,1.030115,0.022915721,1.0636945062852305
1157.6171502905547,0.9989746,0.022844443,1.0639872878792493
1157.627103762739,1.0037991,0.022862982,1.064271896673441
1157.637057234923,1.0296717,0.023279527,1.064551855276922
1157.6470107071073,0.9993153,0.022833327,1.0648278987320225
1157.6569641792914,1.005735,0.022714669,1.0650999010208468
1157.6669176514756,0.992077,0.022639219,1.0653674482425148
1157.6768711236598,1.007425,0.0227,1.0656303773330305
1157.686824595844,1.0657574,0.02323282,1.0658896825823383
1157.6967780680282,0.99810046,0.022354383,1.0661479558112683
1157.7067315402123,1.0276501,0.022730649,1.0664074101693855
1157.7166850123963,1.0001721,0.022342265,1.0666708536888403
1157.7266384845805,0.98960716,0.022183664,1.0669396221595606
1157.7365919567646,0.9929121,0.022280777,1.0672139906569493
1157.7465454289488,1.0018574,0.022629222,1.0674936135933795
1157.756498901133,1.0059413,0.022775695,1.067776531490417
1157.7664523733172,1.0072571,0.023021499,1.0680587779026358
1157.7764058455014,1.0036901,0.023180898,1.0683352609381118
1157.7863593176855,1.0212296,0.02338109,1.0685958097702688
1157.7963127898697,0.96048206,0.022560477,1.0688331870204266
1157.806266262054,1.031085,0.023059458,1.0690415758641572
1157.816219734238,1.0159734,0.022915876,1.0692150065334265
1157.826173206422,0.9684348,0.022192534,1.0693519063599866
1157.8361266786062,1.0086725,0.022751084,1.0694586104310722
1157.8460801507904,0.99354017,0.022444166,1.0695391223102524
1157.8560336229746,0.9887565,0.02234993,1.0695944817553202
1157.8659870951587,1.0333501,0.02280254,1.0696307639424623
1157.875940567343,1.0174468,0.022464572,1.0696475049066194
1157.885894039527,0.99393517,0.022123832,1.0696392075466403
1157.8958475117113,0.97748584,0.02171089,1.0696006503406765
1157.9058009838955,0.97939587,0.021474443,1.0695317443009047
1157.9157544560796,1.0116264,0.021525543,1.0694324124328836
1157.9257079282638,0.97728974,0.021148134,1.0693002719231917
1157.935661400448,0.9817587,0.021217879,1.0691437461299798
1157.945614872632,0.9858581,0.021405665,1.0689633504034741
1157.9555683448161,0.97446674,0.021211501,1.068753248344772
1157.9655218170003,0.9743893,0.02116282,1.068508427282096
1157.9754752891845,1.0228329,0.021491302,1.068228296627817
1157.9854287613687,0.97654545,0.020716697,1.067912477641242
1157.9953822335528,1.0052621,0.020731818,1.0675605270571382
1158.005335705737,0.96650475,0.020330658,1.0671846006660939
1158.0152891779212,0.98677784,0.020538375,1.0667910087374444
1158.0252426501054,0.97890323,0.02045522,1.0663855316016406
1158.0351961222896,0.9898236,0.020565806,1.0659760003191487
1158.0451495944737,1.0094908,0.020763814,1.0655692164456012
1158.055103066658,1.0072005,0.020737449,1.0651715167073614
1158.0650565388419,0.9812917,0.020474209,1.0647908779924302
1158.075010011026,0.9843256,0.020502008,1.0644286614837934
1158.0849634832102,1.0019273,0.020679895,1.0640861165810147
1158.0949169553944,1.0070728,0.020730875,1.063765313742767
1158.1048704275786,0.9757816,0.020409703,1.0634640744343928
1158.1148238997628,0.98772925,0.02053097,1.063180504662398
1158.124777371947,1.0223458,0.020878438,1.062915050395186
1158.1347308441311,1.0315207,0.02096931,1.0626701264357443
1158.1446843163153,1.0266408,0.020918723,1.0624435514939248
1158.1546377884995,1.0211489,0.020862326,1.0622355837495758
1158.1645912606837,0.97722185,0.020415677,1.062048781815448
1158.1745447328676,1.0285892,0.020931626,1.0618816004690002
1158.1844982050518,1.023143,0.020874966,1.0617329904962067
1158.194451677236,1.0104243,0.020746823,1.0616036514511316
1158.2044051494202,1.0109442,0.02075044,1.061494931892228
1158.2143586216043,1.0400269,0.021038642,1.0614038283780916
1158.2243120937885,0.97036743,0.020334275,1.06132961529192
1158.2342655659727,1.02165,0.02085335,1.061273443507742
1158.2442190381569,1.007465,0.020708254,1.0612323184278152
1158.254172510341,1.0293987,0.020927424,1.061204436968897
1158.2641259825252,0.9965819,0.020595206,1.061189469275213
1158.2740794547094,0.98289907,0.020453867,1.0611875027700042
1158.2840329268934,1.0226579,0.02085558,1.0611969373365124
1158.2939863990775,1.0162592,0.020788616,1.0612181236182874
1158.3039398712617,0.9963553,0.020586576,1.0612537531862256
1158.313893343446,1.0377914,0.02100091,1.0613032357056742
1158.32384681563,1.0035447,0.020654036,1.0613670386407676
1158.3338002878143,0.97909665,0.02040594,1.0614469606989387
1158.3437537599984,1.0165123,0.02078171,1.061544415199421
1158.3537072321826,0.9996756,0.020610223,1.0616580790188788
1158.3636607043668,0.9916522,0.020527342,1.0617884921605627
1158.373614176551,1.0181557,0.020792942,1.061939555880375
1158.3835676487352,0.9985071,0.02059358,1.0621103922990418
1158.393521120919,1.0178362,0.02078456,1.0623029584654315
1158.4034745931033,1.0096188,0.02070281,1.062522479794023
1158.4134280652875,1.0101184,0.020705942,1.0627736192197337
1158.4233815374716,0.9945949,0.020547774,1.0630556335190757
1158.4333350096558,0.9772244,0.02036969,1.0633677663497914
1158.44328848184,0.9906507,0.02050397,1.0637090851597601
1158.4532419540242,1.0249908,0.020847708,1.0640665054125502
1158.4631954262084,1.0222261,0.02081994,1.0644305823764817
1158.4731488983925,1.0333604,0.020927686,1.0647916472141885
1158.4831023705767,1.0104923,0.020697229,1.0651407383063012
1158.493055842761,1.0333421,0.020924078,1.0654725791011463
1158.5030093149448,1.0266672,0.020856772,1.0657827122327967
1158.512962787129,1.0057077,0.02064441,1.0660629473990109
1158.5229162593132,1.035883,0.020945707,1.0663157865192578
1158.5328697314974,0.9984153,0.020568352,1.0665405882991188
1158.5428232036816,0.99681294,0.020548893,1.0667348972191748
1158.5527766758657,1.0394267,0.02097446,1.0668997273061318
1158.56273014805,0.99809116,0.020560093,1.0670375653947004
1158.572683620234,1.0675031,0.021246336,1.0671473050766558
1158.5826370924183,1.0211495,0.020786144,1.0672220219548942
1158.5925905646025,1.0209683,0.020783683,1.0672643657598213
1158.6025440367866,1.041612,0.02098614,1.0672727714284167
1158.6124975089706,1.0283431,0.020855151,1.067243813499364
1158.6224509811548,1.0722615,0.021284914,1.067181393237597
1158.632404453339,1.0597621,0.02115998,1.0670928717958887
1158.6423579255231,1.0363266,0.020928971,1.066984272023109
1158.6523113977073,0.98961663,0.020457957,1.0668614797200944
1158.6622648698915,0.98516726,0.020412847,1.0667331135384477
1158.6722183420757,1.0222261,0.020783084,1.0666038080009137
1158.6821718142598,1.0557811,0.021113332,1.0664773721741083
1158.692125286444,0.9970632,0.020526815,1.0663557036476266
1158.7020787586282,1.0202234,0.020756653,1.0662388212185274
1158.7120322308124,1.0023801,0.020577129,1.066125704405203
1158.7219857029963,0.99502295,0.020501854,1.0660134736949596
1158.7319391751805,1.0496958,0.02104338,1.0658976279164978
1158.7418926473647,1.0266314,0.020812927,1.0657735018595966
1158.7518461195489,0.9910787,0.02045567,1.0656343795998826
1158.761799591733,1.0539545,0.021080686,1.0654773022034787
1158.7717530639172,1.0209246,0.020753056,1.0653023270765793
1158.7817065361014,1.0691624,0.021226896,1.0651105398843468
1158.7916600082856,1.0355744,0.020894751,1.0649053371439612
1158.8016134804698,0.99875957,0.020523723,1.06469480913113
1158.811566952654,1.035125,0.020888114,1.0644851546768606
1158.8215204248381,1.0031437,0.020564971,1.064283648289646
1158.831473897022,1.0283701,0.020816438,1.0640946716004485
1158.8414273692063,1.0643461,0.021167086,1.0639199306283023
1158.8513808413904,1.0575454,0.021099674,1.063760539239536
1158.8613343135746,1.0348505,0.020874457,1.0636170122030841
1158.8712877857588,1.0400212,0.02092486,1.0634862844875648
1158.881241257943,1.0346698,0.020870915,1.0633674319955086
1158.8911947301272,1.0489627,0.021008777,1.063261135293506
1158.9011482023113,1.056678,0.021082532,1.063165543764265
1158.9111016744955,1.0266274,0.020784803,1.063079576228683
1158.9210551466797,1.015276,0.020671878,1.0630031021429724
1158.9310086188639,1.0311831,0.020829113,1.062936081789801
1158.940962091048,1.032024,0.020832838,1.062876689048655
1158.950915563232,1.0418916,0.020930538,1.0628241078703113
1158.9608690354162,1.0262277,0.02077438,1.0627780908407205
1158.9708225076004,1.0668577,0.021170333,1.0627368075779433
1158.9807759797845,1.0776992,0.021275649,1.0626991742644
1158.9907294519687,1.0533799,0.021036794,1.0626649069958138
1159.000682924153,1.0842562,0.02133479,1.062634477707936
1159.010636396337,1.0542037,0.021040682,1.0626082781463273
1159.0205898685213,1.0560269,0.021057116,1.0625872463086858
1159.0305433407054,1.0582166,0.02107774,1.0625731196496147
1159.0404968128896,1.0572617,0.021065693,1.0625653350886772
1159.0504502850738,1.0346979,0.020841531,1.0625632291661007
1159.0604037572577,1.0568905,0.021058273,1.0625662624055339
1159.070357229442,1.0399443,0.020889351,1.0625738292111442
1159.080310701626,1.0412842,0.020902526,1.0625851957811252
1159.0902641738103,1.0540191,0.021025157,1.0626006571720306
1159.1002176459945,1.0320312,0.020806756,1.0626218207159963
1159.1101711181786,1.0574164,0.021055238,1.06264891100649
1159.1201245903628,1.0397652,0.020880891,1.062682184463473
1159.130078062547,1.0305228,0.020788517,1.062721476972139
1159.1400315347312,1.0399865,0.020879127,1.0627649586716186
1159.1499850069154,1.0419363,0.020898003,1.0628095977457799
1159.1599384790995,1.0379366,0.020855354,1.0628529217160452
1159.1698919512837,1.0624005,0.021094931,1.062892494132794
1159.1798454234677,1.0655084,0.021122025,1.0629287160765943
1159.1897988956518,1.017873,0.020652331,1.062963596104379
1159.199752367836,1.0653173,0.02111635,1.0630015233423513
1159.2097058400202,1.036741,0.020835819,1.0630491859242397
1159.2196593122044,1.0258859,0.020726193,1.0631123658789952
1159.2296127843886,1.0590936,0.021050498,1.063197043393576
1159.2395662565727,0.99255776,0.020388793,1.0633132599459612
1159.249519728757,1.0022155,0.020485656,1.0634588815559747
1159.259473200941,1.0379765,0.020839114,1.0636315495132984
1159.2694266731253,1.0581543,0.021034874,1.0638254275404595
1159.2793801453095,1.065077,0.02110199,1.0640263494747142
1159.2893336174934,1.052983,0.020981457,1.0642170977286391
1159.2992870896776,1.0451295,0.020903422,1.0643807085173287
1159.3092405618618,1.0073228,0.020527462,1.064489816086024
1159.319194034046,1.0067999,0.020520028,1.064536812401797
1159.3291475062301,1.0097421,0.020548293,1.0645129369535278
1159.3391009784143,1.0247005,0.020695228,1.0644070386345854
1159.3490544505985,1.0339237,0.020785237,1.064219713385051
1159.3590079227827,1.018936,0.020635316,1.063962801727299
1159.3689613949668,1.0484004,0.020925099,1.0636447757040204
1159.378914867151,1.0299517,0.020742109,1.0632722583269067
1159.3888683393352,1.0664729,0.021096531,1.0628724796126463
1159.3988218115192,1.0576276,0.021008737,1.0624628486042522
1159.4087752837033,1.0235125,0.020670889,1.062060089637935
1159.4187287558875,1.0243104,0.02067832,1.0616755488791338
1159.4286822280717,1.0231572,0.020665457,1.0613111094304621
1159.4386357002559,1.007511,0.020508414,1.060965335463577
1159.44858917244,1.0479264,0.020905793,1.0606356774161094
1159.4585426446242,1.019092,0.020619094,1.0603140806672173
1159.4684961168084,1.0411497,0.020836383,1.059996209112306
1159.4784495889926,0.95586944,0.0199783,1.0596785389273324
1159.4884030611768,1.0537517,0.020956445,1.0593587471465402
1159.498356533361,1.0047612,0.020470085,1.0590364151481473
1159.508310005545,1.0367764,0.020787094,1.0587122989360338
1159.518263477729,0.99442357,0.020362936,1.0583889567918208
1159.5282169499133,1.0483761,0.020896882,1.0580698301927796
1159.5381704220974,1.0286403,0.020701434,1.0577585965785385
1159.5481238942816,1.0301454,0.020713268,1.0574606130304152
1159.5580773664658,1.0401722,0.020811418,1.057179391714943
1159.56803083865,0.9878235,0.02028961,1.0569160946722436
1159.5779843108342,1.0680921,0.021080663,1.0566720316614127
1159.5879377830183,1.0636371,0.02103528,1.0564499007003556
1159.5978912552025,1.0255977,0.020660771,1.0562459334371708
1159.6078447273867,0.9966878,0.020371662,1.056059566726105
1159.6177981995706,1.0121439,0.020524181,1.055892484562356
1159.6277516717548,1.0162288,0.020563375,1.0557443923368914
1159.637705143939,1.0114355,0.020515038,1.0556147768923143
1159.6476586161232,1.0185275,0.020583877,1.0555049265487084
1159.6576120883074,0.98330534,0.020229243,1.0554179857744617
1159.6675655604915,1.0162021,0.020557325,1.055349778310749
1159.6775190326757,1.0175532,0.020568883,1.0552976845511217
1159.68747250486,0.9728189,0.02011913,1.0552578701159139
1159.697425977044,1.0192252,0.020582553,1.055222560711451
1159.7073794492283,1.0208906,0.02059718,1.0551847000436883
1159.7173329214124,0.9616043,0.020000178,1.0551382365356472
1159.7272863935964,0.9812044,0.02019707,1.0550764857121766
1159.7372398657806,1.0293314,0.020675289,1.054998941208772
1159.7471933379647,1.0230219,0.020610543,1.0549055901486335
1159.757146810149,0.9809746,0.020189747,1.0547971717405946
1159.767100282333,1.0124662,0.020503622,1.0546788951311066
1159.7770537545173,1.0063401,0.020441562,1.0545562921740406
1159.7870072267015,0.9917942,0.020293562,1.0544337938601829
1159.7969606988856,1.0312507,0.020684134,1.0543154769302572
1159.8069141710698,1.0007572,0.020380717,1.05420272471126
1159.816867643254,0.99515647,0.020323483,1.0540959848737324
1159.8268211154382,1.0372894,0.02073809,1.053995593943607
1159.8367745876221,1.0352527,0.020716906,1.0539003592599812
1159.8467280598063,0.9828785,0.020194896,1.0538092004107942
1159.8566815319905,1.0269356,0.020632114,1.053721798446851
1159.8666350041747,1.0276173,0.020636834,1.0536386099188388
1159.8765884763588,1.0116915,0.020478634,1.0535595591432336
1159.886541948543,1.0373983,0.020731164,1.0534853486065918
1159.8964954207272,0.9961159,0.020320348,1.0534174507831686
1159.9064488929114,1.029308,0.020647174,1.053355902754785
1159.9164023650956,1.0264883,0.020618131,1.0532998549373747
1159.9263558372797,0.99618787,0.020315807,1.0532475008131548
1159.936309309464,1.0699105,0.02103823,1.0531940593171427
1159.9462627816479,1.0268855,0.02061666,1.0531321066322685
1159.956216253832,1.0579436,0.020919308,1.0530529365054981
1159.9661697260162,1.0674111,0.02101093,1.0529436943279449
1159.9761231982004,1.056924,0.021008248,1.0527986836527816
1159.9860766703846,1.0810267,0.021362793,1.0526164113192487
1159.9960301425688,1.048409,0.02112119,1.0523951353876322
1160.005983614753,0.9722485,0.020416515,1.05213297965003
1160.0159370869371,1.056296,0.021349631,1.051838876442394
1160.0258905591213,1.0297348,0.021174898,1.0515169149808299
1160.0358440313055,1.0478636,0.021392113,1.0511695193820074
1160.0457975034897,1.0780537,0.021728517,1.0508048126516627
1160.0557509756738,1.0717529,0.021888498,1.0504301037388026
1160.0657044478578,1.0691209,0.022214852,1.050052216216995
1160.075657920042,1.0938137,0.022972196,1.0496801983962893
1160.0856113922262,1.1235373,0.02339425,1.0493218233756267
1160.0955648644103,1.1156049,0.023470663,1.0489836754830268
1160.1055183365945,1.0689759,0.022888996,1.0486733971875022
1160.1154718087787,1.088217,0.023152018,1.0483907280730858
1160.1254252809629,1.0790272,0.022876503,1.0481339637573663
1160.135378753147,1.085958,0.023019573,1.0479029695115956
1160.1453322253312,1.0763783,0.022754306,1.0476985848415796
1160.1552856975154,1.0668365,0.022645844,1.0475155582227882
1160.1652391696996,1.0653062,0.022724805,1.0473515962660576
1160.1751926418838,1.1030056,0.023276005,1.0472054120422727
1160.1851461140677,1.1098739,0.023568971,1.0470716030035176
1160.195099586252,1.0754573,0.023138491,1.0469458564991023
1160.205053058436,1.1145649,0.023520345,1.0468249383483557
1160.2150065306203,1.1480128,0.023581255,1.04670554725742
1160.2249600028044,1.107834,0.023387253,1.0465848292727014
1160.2349134749886,1.1061449,0.023347167,1.046460991666455
1160.2448669471728,1.0871912,0.022949737,1.0463323159919458
1160.254820419357,1.1103067,0.023021286,1.0461991906852455
1160.2647738915412,1.0681038,0.02252695,1.046062932240115
1160.2747273637253,1.1009115,0.02287019,1.0459254123819486
1160.2846808359095,1.0665702,0.022471821,1.045789728169673
1160.2946343080935,1.0853268,0.022685759,1.0456589875101967
1160.3045877802776,1.0634487,0.022663001,1.0455363931134198
1160.3145412524618,1.1025344,0.023182182,1.045426759492059
1160.324494724646,1.1000086,0.023459483,1.0453318790636161
1160.3344481968302,1.105858,0.023670794,1.0452528430707784
1160.3444016690144,1.0568206,0.023207167,1.0451916708028284
1160.3543551411985,1.1070468,0.023619387,1.0451512118594408
1160.3643086133827,1.0525241,0.022904757,1.0451296058277948
1160.374262085567,1.0874921,0.02300971,1.0451271695698812
1160.384215557751,1.0756066,0.022827806,1.045146593519827
1160.3941690299353,1.0677038,0.022738751,1.045186110777241
1160.4041225021192,1.1029257,0.023229197,1.0452445445995315
1160.4140759743034,1.0698869,0.02276603,1.0453223823629427
1160.4240294464876,1.0901121,0.022957386,1.045420943164508
1160.4339829186717,1.080816,0.022615809,1.0455370665388972
1160.443936390856,1.06367,0.022366857,1.0456697344339767
1160.45388986304,1.058889,0.02208814,1.0458189014420185
1160.4638433352243,1.0931205,0.022216605,1.0459800889282973
1160.4737968074085,1.0749252,0.021687668,1.0461489936703097
1160.4837502795926,1.0865531,0.021749923,1.0463217571472376
1160.4937037517768,1.0947243,0.021915823,1.0464946485563689
1160.503657223961,1.0641214,0.021757275,1.046666207915252
1160.513610696145,1.0654098,0.021715287,1.046837694788298
1160.5235641683291,1.0609438,0.02167496,1.0470139053510525
1160.5335176405133,1.0498403,0.021393267,1.0472015448769532
1160.5434711126975,1.0550488,0.02109861,1.0474078667000737
1160.5534245848817,1.0322503,0.020569006,1.0476418279996096
1160.5633780570658,1.0558809,0.020797629,1.0479131694081867
1160.57333152925,1.0340036,0.020583302,1.0482189167941196
1160.5832850014342,1.0236647,0.020480352,1.0485553888395205
1160.5932384736184,1.0576838,0.020809539,1.0489170259650575
1160.6031919458026,1.0499673,0.020732379,1.0492907331282233
1160.6131454179867,1.0552628,0.020782715,1.0496660509461555
1160.6230988901707,1.0793794,0.021012727,1.050033878274847
1160.6330523623549,1.0603132,0.020828484,1.0503842885845123
1160.643005834539,1.0554917,0.020779703,1.0507127316749636
1160.6529593067232,1.0635653,0.020856602,1.0510141834426334
1160.6629127789074,1.0119723,0.020352421,1.0512797955625715
1160.6728662510916,1.0566102,0.020786585,1.0515084288625336
1160.6828197232758,1.0164474,0.020393072,1.0516998838603184
1160.69277319546,1.0606142,0.020820972,1.0518525929663787
1160.7027266676441,1.038869,0.020609442,1.0519662308990807
1160.7126801398283,1.0263386,0.020485556,1.05205286412103
1160.7226336120125,1.0457488,0.020672802,1.0521224907944053
1160.7325870841964,1.043136,0.020645205,1.0521861044257013
1160.7425405563806,1.0383815,0.020596892,1.0522531566083693
1160.7524940285648,1.066982,0.020873256,1.0523265832853674
1160.762447500749,1.0450872,0.020659685,1.0524044162622856
1160.7724009729332,1.0762199,0.020958137,1.0524794953237766
1160.7823544451173,1.0433117,0.020639373,1.05254387681109
1160.7923079173015,1.0606282,0.020805715,1.0525902678720556
1160.8022613894857,1.0705605,0.020899247,1.052608442340495
1160.8122148616699,1.063747,0.020831458,1.052595176150418
1160.822168333854,1.0271486,0.020475028,1.0525497786827351
1160.8321218060382,1.0603466,0.020796655,1.0524712886770353
1160.8420752782222,1.0497067,0.02069202,1.0523601729534808
1160.8520287504064,1.0616162,0.020804474,1.052226188714812
1160.8619822225905,1.052513,0.020716475,1.052074654922991
1160.8719356947747,1.0748708,0.020929055,1.0519084711849622
1160.881889166959,1.0583977,0.02076928,1.0517306594431348
1160.891842639143,1.0573561,0.020757487,1.0515413746702182
1160.9017961113273,1.0386765,0.020575263,1.0513388187491328
1160.9117495835114,1.0822321,0.020992499,1.0511205082708301
1160.9217030556956,1.0607299,0.020785447,1.0508890773565167
1160.9316565278798,1.0091678,0.02028109,1.050646687118721
1160.941610000064,1.0264556,0.02044964,1.0503964318843524
1160.951563472248,1.0285308,0.020468837,1.0501441580526631
1160.961516944432,1.0207617,0.020390198,1.0498949030593498
1160.9714704166163,1.0498312,0.020707062,1.0496532204189302
1160.9814238888005,1.0384392,0.020597544,1.049424053310083
1160.9913773609846,1.0610737,0.02091105,1.049207819499143
1161.0013308331688,1.0439136,0.020996578,1.0490051039001282
1161.011284305353,1.0484854,0.021140246,1.0488171899624876
1161.0212377775372,1.0733624,0.0215295,1.0486423132274498
1161.0311912497214,1.0668032,0.021752289,1.0484787578715453
1161.0411447219055,1.0344107,0.021632466,1.0483258936758602
1161.0510981940897,1.0584444,0.022217968,1.048183976065066
1161.061051666274,1.1286548,0.0234742,1.0480508813640965
1161.0710051384578,1.08957,0.023380859,1.0479261375608409
1161.080958610642,1.0595776,0.022830153,1.0478101246132367
1161.0909120828262,1.054352,0.022798527,1.0477013935032997
1161.1008655550104,1.0405984,0.022435918,1.0475975514022078
1161.1108190271946,1.0338136,0.022376223,1.0474947913969501
1161.1207724993787,1.0792338,0.022962147,1.0473845345115174
1161.130725971563,1.0928763,0.022904413,1.0472568464404826
1161.140679443747,1.0559642,0.022340983,1.047100719828893
1161.1506329159313,1.0570382,0.022435436,1.0469004831353932
1161.1605863881155,1.09805,0.023090614,1.0466502937118556
1161.1705398602996,1.0732913,0.022879006,1.0463513220418108
1161.1804933324836,1.0609164,0.022649836,1.046004404858705
1161.1904468046678,1.0496205,0.022508932,1.0456086117996684
1161.200400276852,1.0612994,0.022887385,1.0451767092028503
1161.2103537490361,1.0570278,0.022831665,1.0447149324774931
1161.2203072212203,1.0657117,0.02278841,1.044228395928551
1161.2302606934045,1.0651919,0.022705467,1.0437263309663372
1161.2402141655887,1.0372331,0.022451857,1.0432158699828435
1161.2501676377728,1.0493431,0.02288676,1.0426998540898216
1161.260121109957,1.0575247,0.023273915,1.042175724137801
1161.2700745821412,1.0800261,0.023454366,1.0416396556520362
1161.2800280543254,1.0611691,0.0232822,1.0410866307684106
1161.2899815265096,1.0796745,0.023183158,1.040509969288493
1161.2999349986935,1.0402471,0.022599235,1.0399077557734997
1161.3098884708777,1.0536721,0.022712238,1.0392811433703157
1161.3198419430619,1.0638692,0.022907428,1.038630416439985
1161.329795415246,1.0773472,0.0235536,1.0379540771848674
1161.3397488874302,1.0566164,0.02324095,1.0372581489832113
1161.3497023596144,1.0376562,0.022784077,1.0365450062808015
1161.3596558317986,1.0744057,0.023015197,1.035815997629916
1161.3696093039828,1.0098428,0.022395127,1.0350750933743214
1161.379562776167,1.0568782,0.02290998,1.0343271047792602
1161.3895162483511,1.0383211,0.022329766,1.0335768669746623
1161.3994697205353,1.0248581,0.02198291,1.0328326285416785
1161.4094231927193,1.0342488,0.02229564,1.0321023243937266
1161.4193766649034,1.0563163,0.02260342,1.0313940594122273
1161.4293301370876,1.0921079,0.022638792,1.0307180098844522
1161.4392836092718,1.0629879,0.022197956,1.0300778947489855
1161.449237081456,1.0185288,0.02145573,1.0294716482143906
1161.4591905536402,1.0591826,0.021569647,1.0288986842276193
1161.4691440258243,1.0822616,0.021772118,1.028363219615499
1161.4790974980085,1.0090826,0.020928828,1.027858967716404
1161.4890509701927,1.0713804,0.02125382,1.0273858368361377
1161.4990044423769,1.0490985,0.020755313,1.0269468962310677
1161.508957914561,1.0448216,0.020565078,1.0265416215110872
1161.518911386745,1.0222014,0.020315124,1.0261657995791769
1161.5288648589292,1.0525664,0.020607635,1.0258163484038676
1161.5388183311134,1.0550826,0.020630619,1.0254909064049826
1161.5487718032975,1.0478233,0.020558938,1.0251779106622876
1161.5587252754817,1.0261084,0.020346746,1.0248698949667538
1161.568678747666,1.0425558,0.020505017,1.0245587539063568
1161.57863221985,1.0385008,0.020464057,1.024236679562383
1161.5885856920343,1.0640013,0.020708062,1.0238993334396942
1161.5985391642184,1.0403936,0.020479921,1.0235434993283237
1161.6084926364026,1.0568187,0.020635897,1.0231640658721735
1161.6184461085868,1.0419325,0.020491404,1.0227650298645887
1161.6283995807707,1.0857304,0.020908536,1.0223486217568312
1161.638353052955,1.0528088,0.020592988,1.021917570741794
1161.648306525139,1.0120883,0.020196995,1.021477581151792
1161.6582599973233,1.0172683,0.020245437,1.021035738003179
1161.6682134695075,1.0440515,0.020503355,1.0205984724279755
1161.6781669416916,1.0391625,0.020455346,1.0201748872086527
1161.6881204138758,1.0344487,0.020407721,1.0197686228181126
1161.69807388606,1.0362781,0.020424267,1.0193818987856145
1161.7080273582442,1.0692317,0.020738877,1.0190160040225575
1161.7179808304284,1.0536933,0.020588111,1.0186681266814592
1161.7279343026125,1.0380541,0.02043634,1.0183315025180406
1161.7378877747965,1.0366473,0.020421032,1.018000360479658
1161.7478412469807,1.0302868,0.020357292,1.0176678816578228
1161.7577947191648,1.0012074,0.020072615,1.0173287025750237
1161.767748191349,1.055389,0.020597326,1.0169797197457862
1161.7777016635332,1.0248058,0.020300107,1.016618772022542
1161.7876551357174,1.085047,0.020876521,1.016246334319645
1161.7976086079016,1.056374,0.020602306,1.0158660826278207
1161.8075620800857,1.055114,0.020588163,1.0154808357984964
1161.81751555227,1.043441,0.020474365,1.0150923515800312
1161.827469024454,1.040645,0.020446142,1.014701193254789
1161.8374224966383,1.0489947,0.020525007,1.0143059376505479
1161.8473759688222,1.0483915,0.020517044,1.0139044094471044
1161.8573294410064,1.0279354,0.020318447,1.013495887007249
1161.8672829131906,1.0559727,0.020586625,1.0130833765728346
1161.8772363853748,1.0535651,0.020561812,1.0126713184064526
1161.887189857559,1.0305564,0.020338243,1.01226811841963
1161.8971433297431,1.0654287,0.020671695,1.0118817955829682
1161.9070968019273,1.0893503,0.020897081,1.0115194858130918
1161.9170502741115,1.0963567,0.020960849,1.01118892284767
1161.9270037462957,1.0700136,0.02071143,1.0108956320578575
1161.9369572184798,1.0496786,0.020515991,1.0106345752883175
1161.946910690664,1.0515494,0.020532146,1.010401772646052
1161.956864162848,1.0253433,0.020277677,1.0101935870872312
1161.9668176350322,1.0494199,0.020508643,1.0100000683349846
1161.9767711072163,1.0738332,0.020739617,1.0098148158371907
1161.9867245794005,1.0632194,0.020637302,1.0096341681734444
1161.9966780515847,1.0569121,0.020575147,1.0094570616922565
1162.0066315237689,1.0460232,0.020469625,1.0092848351848294
1162.016584995953,1.0198874,0.020214954,1.0091213227259885
1162.0265384681372,1.04237,0.020430567,1.0089741125225289
1162.0364919403214,1.055952,0.020560388,1.0088481300073706
1162.0464454125056,1.0656613,0.020650988,1.0087475933120602
1162.0563988846898,1.0595956,0.020591643,1.0086779066667928
1162.0663523568737,1.0564685,0.020560225,1.0086452475576368
1162.076305829058,1.0586822,0.020579536,1.0086454215512424
1162.086259301242,1.0425924,0.020424243,1.008675628959225
1162.0962127734263,1.0255599,0.0202581,1.008731949907626
1162.1061662456104,1.0588319,0.020575738,1.0088019573566975
1162.1161197177946,1.0269924,0.020268308,1.008874222764004
1162.1260731899788,1.0641133,0.020623893,1.0089386872318002
1162.136026662163,1.0382551,0.02037392,1.0089841711293013
1162.1459801343472,1.0753055,0.020725597,1.0090061629474874
1162.1559336065313,1.0483629,0.020467173,1.0090003181126723
1162.1658870787155,1.0739124,0.020709408,1.0089603426008666
1162.1758405508997,1.0806564,0.02077152,1.0088879888221114
1162.1857940230836,1.0197655,0.020187419,1.008787806790935
1162.1957474952678,1.0417298,0.020398125,1.0086639734857865
1162.205700967452,1.0463815,0.0204411,1.0085201978446414
1162.2156544396362,1.0821784,0.02078037,1.0083632973017482
1162.2256079118204,1.0744473,0.020705665,1.0081951281220065
1162.2355613840045,1.0476328,0.020448241,1.0080152945591494
1162.2455148561887,1.0869623,0.02081973,1.0078243716373894
1162.255468328373,1.072096,0.020678185,1.0076236261296532
1162.265421800557,1.0698079,0.020654948,1.0074142466453921
1162.2753752727413,1.0772592,0.020724209,1.007197547480011
1162.2853287449254,1.0740876,0.020692253,1.006976997411353
1162.2952822171096,1.0392944,0.020359308,1.0067540745113914
1162.3052356892936,1.0487074,0.020447766,1.0065291260348004
1162.3151891614777,1.022697,0.020195829,1.0063017272589803
1162.325142633662,1.0723096,0.020669416,1.0060712484614944
1162.335096105846,1.0764904,0.020706454,1.0058375601682945
1162.3450495780303,1.0544865,0.020497188,1.0056019850516478
1162.3550030502145,1.0580866,0.020529069,1.0053680505067504
1162.3649565223986,1.0820656,0.020755,1.0051394406679985
1162.3749099945828,1.0811003,0.02074371,1.0049209291790495
1162.384863466767,1.0356272,0.020309072,1.0047160657289922
1162.3948169389512,1.0906328,0.020830994,1.004525927641072
1162.4047704111354,1.0756323,0.02068764,1.0043516717971754
1162.4147238833193,1.1199039,0.021099873,1.0041967659821223
1162.4246773555035,1.0236874,0.020187655,1.0040583893767816
1162.4346308276877,1.0381113,0.020325147,1.0039363195265671
1162.4445842998718,1.0492158,0.020430915,1.00383160417393
1162.454537772056,1.0403705,0.020344479,1.0037441341815652
1162.4644912442402,1.0713964,0.02063837,1.0036720030430184
1162.4744447164244,1.0265567,0.02020783,1.0036148446563944
1162.4843981886086,1.0222948,0.020164838,1.0035746487048147
1162.4943516607927,1.072997,0.02064828,1.003548692655624
1162.504305132977,0.9896432,0.019843513,1.0035363450712829
1162.514258605161,1.0455317,0.02038442,1.0035379815234315
1162.524212077345,1.0386615,0.020317897,1.003553191965564
1162.5341655495292,1.0429296,0.02035708,1.0035796660342673
1162.5441190217134,1.0502411,0.020425906,1.0036164610407972
1162.5540724938976,1.0040313,0.019977247,1.0036642700268759
1162.5640259660818,1.0187178,0.02011847,1.0037216368944497
1162.573979438266,1.0427593,0.0203487,1.0037889877885036
1162.5839329104501,1.0109829,0.020039957,1.0038684949594296
1162.5938863826343,0.98635495,0.019797228,1.0039632373564316
1162.6038398548185,1.0335233,0.020255113,1.004073860754958
1162.6137933270027,1.0263435,0.020184532,1.0042020102585612
1162.6237467991868,1.0478055,0.020388447,1.0043513786158473
1162.6337002713708,1.0169071,0.020090342,1.004519885127111
1162.643653743555,0.9994686,0.01991876,1.0047063253915562
1162.6536072157392,1.0123221,0.020042768,1.0049108669742748
1162.6635606879233,1.0605975,0.020505194,1.0051343267804331
1162.6735141601075,1.0172418,0.020087253,1.0053747170736549
1162.6834676322917,1.0375271,0.02028168,1.0056329571163831
1162.6934211044759,1.0026771,0.019942662,1.005913675923494
1162.70337457666,1.0050836,0.019963896,1.0062179972456762
1162.7133280488442,1.0322068,0.020226322,1.0065479956909849
1162.7232815210284,1.0238177,0.02014333,1.0069077222148062
1162.7332349932126,1.0383903,0.020282162,1.0073015700323573
1162.7431884653965,1.0501066,0.020393068,1.0077229384625017
1162.7531419375807,1.0406076,0.020300107,1.008166062004949
1162.763095409765,0.9970087,0.01987761,1.0086234035105415
1162.773048881949,1.0138323,0.020039277,1.0090834709025118
1162.7830023541333,1.0639,0.020517394,1.0095374044197616
1162.7929558263174,1.0380028,0.020269103,1.0099774612972277
1162.8029092985016,1.0279881,0.020171247,1.0103944930436488
1162.8128627706858,1.0245378,0.020136446,1.0107864394915886
1162.82281624287,1.0502996,0.020381521,1.01114972517992
1162.8327697150542,1.0251775,0.020138795,1.011477816972418
1162.8427231872383,1.0052694,0.01994443,1.0117702077747008
1162.8526766594223,1.0242116,0.020126827,1.012028840303922
1162.8626301316065,0.99276495,0.019819578,1.012254452320351
1162.8725836037906,1.0495787,0.02036752,1.0124471361608194
1162.8825370759748,1.0321904,0.020199034,1.012618706925174
1162.892490548159,1.0522503,0.020388799,1.0127765873741743
1162.9024440203432,1.0334145,0.020208213,1.0129272289251552
1162.9123974925274,1.0509923,0.020374859,1.0130763705363375
1162.9223509647115,1.035287,0.020222379,1.0132268073229758
1162.9323044368957,1.0500776,0.020362489,1.0133794763747233
1162.94225790908,1.014796,0.020021278,1.013534631626528
1162.952211381264,1.0441583,0.02030319,1.0136911763824452
1162.962164853448,1.0313591,0.02017828,1.013848217900874
1162.9721183256322,1.0237927,0.020103859,1.0140045950084566
1162.9820717978164,1.027862,0.020142263,1.0141590308420987
1162.9920252700006,1.0171254,0.020036595,1.014310802277266
1163.0019787421847,1.0229129,0.020090755,1.0144594490743566
1163.011932214369,1.0394474,0.020248434,1.0146041473274021
1163.021885686553,1.0071561,0.019935688,1.014745507181449
1163.0318391587373,1.0275074,0.02013104,1.0148838174857153
1163.0417926309215,1.0248538,0.020103782,1.0150195672818048
1163.0517461031056,0.97638917,0.019629413,1.0151540872813298
1163.0616995752898,1.0173329,0.020028738,1.015288901887485
1163.0716530474738,1.0636984,0.020469263,1.0154250550067434
1163.081606519658,1.0279282,0.020126998,1.0155636930461742
1163.0915599918421,1.0053005,0.01990697,1.01570521298038
1163.1015134640263,1.0365758,0.020206945,1.0158502444034152
1163.1114669362105,1.0006407,0.019858455,1.0159998965397974
1163.1214204083947,1.0088385,0.019936288,1.0161555308066337
1163.1313738805788,1.0086824,0.019933248,1.0163176057422316
1163.141327352763,1.0227704,0.020068571,1.016487231568276
1163.1512808249472,1.008937,0.01997298,1.016667044077108
1163.1612342971314,0.99005926,0.019859178,1.01685736070012
1163.1711877693156,0.97325927,0.019702613,1.0170588995870564
1163.1811412414997,0.9961391,0.020208288,1.0172732180016664
1163.1910947136837,0.97780955,0.020138493,1.0175022925253323
1163.2010481858679,1.0210472,0.020671455,1.017745203927258
1163.211001658052,1.0298831,0.021166965,1.0180026775981144
1163.2209551302362,1.019851,0.021218307,1.0182777066691853
1163.2309086024204,1.0170764,0.021640785,1.0185700227325927
1163.2408620746046,1.0406041,0.021992486,1.0188796117536008
1163.2508155467888,1.0669253,0.022779005,1.0192072763581852
1163.260769018973,1.0654818,0.022533849,1.0195535977230639
1163.2707224911571,1.0506921,0.022411622,1.019913259308714
1163.2806759633413,1.0139283,0.021920169,1.0202819113120083
1163.2906294355255,1.028627,0.021831494,1.0206537559575852
1163.3005829077097,1.0161383,0.021682542,1.0210218806053186
1163.3105363798936,1.041919,0.022066081,1.0213813773448575
1163.3204898520778,0.99876595,0.021445619,1.0217284609724433
1163.330443324262,1.045437,0.02197864,1.0220595244519384
1163.3403967964462,0.986725,0.02161043,1.0223775142037077
1163.3503502686303,1.0185415,0.021904321,1.022684924920495
1163.3603037408145,1.0420941,0.022205079,1.0229853080419118
1163.3702572129987,1.0047748,0.021637363,1.0232841784883633
1163.3802106851829,1.0126601,0.021858558,1.02358590326267
1163.390164157367,1.0560895,0.022501584,1.0238934263303532
1163.4001176295512,1.0097148,0.021989908,1.0242099321329312
1163.4100711017354,1.0311743,0.022075657,1.024534979627091
1163.4200245739194,1.0461373,0.022326889,1.0248688368785503
1163.4299780461035,1.0701632,0.022687458,1.0252124276245085
1163.4399315182877,1.0776339,0.023071114,1.0255659116427442
1163.449884990472,1.0580738,0.022812515,1.0259287317293495
1163.459838462656,1.0583669,0.022882797,1.0263012237220446
1163.4697919348403,1.0377233,0.022269674,1.0266855798814898
1163.4797454070244,1.0708756,0.02264671,1.0270805507556435
1163.4896988792086,1.030043,0.022142163,1.027486327914155
1163.4996523513928,1.048676,0.022327244,1.0279038100879676
1163.509605823577,1.032341,0.022483822,1.0283330304628722
1163.5195592957612,1.043919,0.022776976,1.0287721825323257
1163.529512767945,1.0546556,0.022471441,1.0292201463445565
1163.5394662401293,1.035823,0.022338143,1.0296761461800887
1163.5494197123135,1.0778432,0.02273752,1.030136822753065
1163.5593731844976,1.0905734,0.022717025,1.0305998013518973
1163.5693266566818,1.0903584,0.022563146,1.0310631042453327
1163.579280128866,1.0567209,0.021867491,1.0315250963576084
1163.5892336010502,1.0719953,0.022190988,1.031985159226795
1163.5991870732344,1.1195476,0.022750583,1.0324432330841957
1163.6091405454185,1.0859445,0.0221585,1.032899815262937
1163.6190940176027,1.106374,0.02215974,1.0333567550631406
1163.629047489787,1.0356488,0.021364791,1.0338165603902771
1163.6390009619709,1.0758358,0.021371495,1.0342829831735993
1163.648954434155,1.128305,0.021786753,1.0347615751179569
1163.6589079063392,1.0746524,0.021159522,1.035255095781942
1163.6688613785234,1.0989821,0.021175735,1.035766364319305
1163.6788148507076,1.0870973,0.02077351,1.0362986881159726
1163.6887683228917,1.0831562,0.020584213,1.0368487927284193
1163.698721795076,1.0682844,0.020413099,1.037412066769279
1163.70867526726,1.0944782,0.0206556,1.0379840875647635
1163.7186287394443,1.0744219,0.020467091,1.0385599240667729
1163.7285822116285,1.069972,0.020424122,1.0391347355448004
1163.7385356838126,1.0599954,0.02032829,1.0397060963484883
1163.7484891559966,1.0589274,0.020316165,1.0402727846865047
1163.7584426281808,1.0562011,0.020289302,1.0408360927805784
1163.768396100365,1.0690511,0.020408696,1.0413985836765125
1163.7783495725491,1.0875856,0.020579934,1.0419631153710867
1163.7883030447333,1.0464175,0.020192504,1.042533573623423
1163.7982565169175,1.045501,0.020182239,1.043111525698202
1163.8082099891017,1.0345135,0.020076228,1.0436983732962009
1163.8181634612858,1.0741199,0.020448515,1.0442961799202677
1163.82811693347,1.048615,0.02020724,1.0449061591578386
1163.8380704056542,1.0574876,0.020290086,1.0455289184323746
1163.8480238778384,1.0563914,0.020277835,1.0461665624692418
1163.8579773500223,1.0029742,0.019766517,1.046825422940565
1163.8679308222065,1.1128863,0.02079967,1.0475061035981066
1163.8778842943907,1.0581397,0.020289153,1.048211915795304
1163.8878377665749,1.028034,0.020002512,1.0489488312648505
1163.897791238759,1.0249041,0.019970909,1.049721741821874
1163.9077447109432,1.0594523,0.020296186,1.0505301322421585
1163.9176981831274,1.0561829,0.020264903,1.0513743747217235
1163.9276516553116,1.0454385,0.020161597,1.0522557625991986
1163.9376051274958,1.070506,0.020396251,1.0531614258313637
1163.94755859968,1.044826,0.020152336,1.0540803685342386
1163.9575120718641,1.031879,0.020028012,1.055001412129481
1163.967465544048,1.0959916,0.020628156,1.055913542111122
1163.9774190162323,1.0484053,0.020181699,1.0568104657712207
1163.9873724884164,1.0591868,0.020281792,1.057687667189244
1163.9973259606006,1.0312378,0.020015214,1.0585386457938606
1164.0072794327848,1.1112446,0.02076173,1.0593644963622393
1164.017232904969,1.0428412,0.020122802,1.0601673648234975
1164.0271863771532,1.085017,0.020516794,1.0609501969292716
1164.0371398493373,1.0488931,0.020176243,1.061718433340364
1164.0470933215215,1.0347025,0.020040223,1.0624801573128575
1164.0570467937057,1.0378507,0.020068621,1.063238308765745
1164.0670002658899,1.0704068,0.020373149,1.0639919248156051
1164.0769537380738,1.0307308,0.019998105,1.064737679413648
1164.086907210258,1.0524249,0.020201702,1.0654714115809272
1164.0968606824422,1.1028655,0.020670151,1.0661880649376987
1164.1068141546264,1.0504253,0.02017973,1.0668798230321743
1164.1167676268105,1.0941052,0.020585714,1.067545650994032
1164.1267210989947,1.1003029,0.020641387,1.0681821475887245
1164.136674571179,1.0611125,0.020276211,1.0687824156313313
1164.146628043363,1.0240571,0.019923612,1.0693439789441852
1164.1565815155473,1.0374688,0.020049663,1.069866692142934
1164.1665349877314,1.0107912,0.01979329,1.0703480581905631
1164.1764884599156,1.0354848,0.02002702,1.0707792215947127
1164.1864419320998,1.0488572,0.020152839,1.0711676216994848
1164.1963954042837,1.0476747,0.020139799,1.0715154963400868
1164.206348876468,1.0322199,0.019991808,1.0718250312286666
1164.216302348652,1.0696553,0.020342924,1.0721053031939134
1164.2262558208363,1.014879,0.019822959,1.0723682629190958
1164.2362092930205,1.0588971,0.020238869,1.0726213721199185
1164.2461627652046,1.0314944,0.019978845,1.0728699678497233
1164.2561162373888,1.0453507,0.020107541,1.0731184081064973
1164.266069709573,1.0800378,0.020430606,1.073368608507182
1164.2760231817572,1.039712,0.020050498,1.0736220597775512
1164.2859766539414,1.0644587,0.020282878,1.0738799824529428
1164.2959301261255,1.0727848,0.02035857,1.0741428016573376
1164.3058835983095,1.0671189,0.020304125,1.074411343389321
1164.3158370704937,1.0491017,0.02013331,1.0746876598521449
1164.3257905426779,1.019292,0.01984973,1.0749721953707092
1164.335744014862,1.063449,0.020265475,1.0752659409705683
1164.3456974870462,1.0831742,0.020447496,1.075570821655115
1164.3556509592304,1.056064,0.02019262,1.075889511874737
1164.3656044314146,1.0934777,0.020538947,1.076221726756592
1164.3755579035987,1.0775433,0.020390367,1.0765677971595156
1164.385511375783,1.0650334,0.020271625,1.076927895365794
1164.395464847967,1.096601,0.020563077,1.0772966316823394
1164.4054183201513,1.101919,0.020610876,1.0776667662159134
1164.4153717923355,1.0811378,0.020416733,1.0780288978908437
1164.4253252645194,1.1028075,0.020615615,1.0783690528464305
1164.4352787367036,1.0853157,0.020453094,1.078679864331668
1164.4452322088878,1.0615672,0.020230928,1.0789550871900722
1164.455185681072,1.069993,0.020307316,1.0791884398671694
1164.4651391532561,1.0623444,0.020233672,1.0793852204026142
1164.4750926254403,1.0357276,0.019981932,1.0795560445938988
1164.4850460976245,1.0746962,0.020346362,1.0797113968898986
1164.4949995698087,1.0795642,0.02039021,1.0798640099636283
1164.5049530419928,1.0739944,0.020336306,1.0800259100421616
1164.514906514177,1.0766542,0.020359632,1.0802041413708223
1164.5248599863612,1.0886574,0.020468883,1.0804035925683904
1164.5348134585452,1.1383537,0.020921329,1.080622624600414
1164.5447669307293,1.087505,0.020455007,1.080854765575381
1164.5547204029135,1.0813828,0.02039669,1.0810941414805089
1164.5646738750977,1.1161656,0.02071479,1.08133415461365
1164.5746273472819,1.093734,0.020507462,1.081569243585533
1164.584580819466,1.1061592,0.020619672,1.0817965262033618
1164.5945342916502,1.0835519,0.020410309,1.082014459853696
1164.6044877638344,1.0888678,0.020457681,1.082223642252387
1164.6144412360186,1.0805233,0.0203799,1.0824262766697457
1164.6243947082028,1.0693876,0.020274086,1.0826225084882846
1164.634348180387,1.0657858,0.020238739,1.0828088509973492
1164.644301652571,1.0926137,0.020486724,1.0829818241399936
1164.654255124755,1.0232083,0.019835148,1.0831370302023005
1164.6642085969393,1.0515705,0.020102004,1.0832690422331366
1164.6741620691234,1.0229532,0.01982917,1.0833725453205378
1164.6841155413076,1.0664271,0.020237947,1.0834502621394335
1164.6940690134918,1.0439106,0.020025188,1.0835043352768285
1164.704022485676,1.0396607,0.019983107,1.0835372071376106
1164.7139759578602,1.0249511,0.019842891,1.08355713543164
1164.7239294300443,1.0390928,0.019974062,1.0835710634474065
1164.7338829022285,1.0226111,0.019816902,1.0835841441202176
1164.7438363744127,1.0532238,0.020104682,1.0836006795060837
1164.7537898465966,1.0356086,0.019937122,1.083622081453942
1164.7637433187808,1.0396029,0.01997287,1.0836485817729777
1164.773696790965,1.030931,0.01989033,1.0836799702951936
1164.7836502631492,1.0028669,0.019620223,1.0837148355452046
1164.7936037353334,1.0397806,0.019970443,1.0837517872742515
1164.8035572075175,1.0454085,0.020021657,1.0837900553136917
1164.8135106797017,1.0608128,0.020163577,1.083829447131558
1164.823464151886,1.0107296,0.01968969,1.0838699814983108
1164.83341762407,1.0449873,0.020013545,1.0839121516543613
1164.8433710962543,1.0000714,0.019584393,1.0839567846601934
1164.8533245684384,1.0529323,0.020084139,1.0840043962036376
1164.8632780406224,1.0544659,0.02009697,1.0840546659339867
1164.8732315128066,1.0757093,0.020293526,1.0841069552577833
1164.8831849849907,1.0303581,0.019866621,1.0841598999055926
1164.893138457175,1.0506722,0.020057226,1.0842113569325111
1164.903091929359,1.0608131,0.020149771,1.084259444939386
1164.9130454015433,1.0542947,0.020087931,1.0843022478887197
1164.9229988737275,1.072221,0.020252928,1.0843386817309977
1164.9329523459116,1.0726181,0.020255558,1.084370077976042
1164.9429058180958,1.0519389,0.020061124,1.0843983721405839
1164.95285929028,1.0598041,0.020132344,1.0844272132676482
1164.9628127624642,1.0629839,0.020161148,1.0844613055398586
1164.9727662346481,1.0731883,0.020255063,1.0845048341551582
1164.9827197068323,1.0952003,0.020455131,1.0845620186322646
1164.9926731790165,1.0623263,0.020149881,1.0846365239760811
1165.0026266512007,1.0367732,0.01990879,1.0847253665219796
1165.0125801233849,1.0665594,0.020186014,1.0848247875967387
1165.022533595569,1.0809666,0.02031798,1.0849288969940805
1165.0324870677532,1.0646276,0.020165037,1.0850297081072533
1165.0424405399374,1.0505697,0.02003203,1.085120894833078
1165.0523940121216,1.0797384,0.020301878,1.0851972783400923
1165.0623474843057,1.0733588,0.020240426,1.0852531801050316
1165.07230095649,1.06977,0.020206433,1.085291147212603
1165.0822544286739,1.0580424,0.020094959,1.0853132809612718
1165.092207900858,1.0748066,0.020249106,1.0853223729982882
1165.1021613730422,1.0368885,0.019893745,1.0853234564480352
1165.1121148452264,1.0624766,0.020132383,1.085320704412841
1165.1220683174106,1.05007,0.020014653,1.085315885341015
1165.1320217895948,1.1140704,0.020603212,1.0853088528319126
1165.141975261779,1.0845603,0.020332033,1.0852990315781348
1165.1519287339631,1.062021,0.0201213,1.085285401126111
1165.1618822061473,1.0479666,0.01998871,1.0852669022830308
1165.1718356783315,1.0486088,0.019993067,1.0852433917745696
1165.1817891505157,1.0691526,0.020182466,1.085216089284402
1165.1917426226996,1.0858229,0.020335084,1.0851861031293872
1165.2016960948838,1.0417184,0.019922929,1.0851546798937195
1165.211649567068,1.0757608,0.020239597,1.0851233548286818
1165.2216030392522,1.0819726,0.020294745,1.0850931007500448
1165.2315565114363,1.0844634,0.020315785,1.0850647382748997
1165.2415099836205,1.1136512,0.020582043,1.0850390100583205
1165.2514634558047,1.0890621,0.020355586,1.0850159496863003
1165.2614169279889,1.0594466,0.020079823,1.0849957402397996
1165.271370400173,1.0507703,0.019997183,1.084978876361835
1165.2813238723572,1.0813003,0.020279463,1.084965184566852
1165.2912773445414,1.0747008,0.020216485,1.0849545181765956
1165.3012308167256,1.0449225,0.019938704,1.0849469433663874
1165.3111842889095,1.1011502,0.020456932,1.0849427713930582
1165.3211377610937,1.0735669,0.020200903,1.0849412988337266
1165.331091233278,1.0769974,0.020231718,1.0849419186392888
1165.341044705462,1.0376081,0.01986387,1.084943318252999
1165.3509981776463,1.0823178,0.020277789,1.0849427802452944
1165.3609516498304,1.0501181,0.019977458,1.0849366936721456
1165.3709051220146,1.0795563,0.020249011,1.0849202701100822
1165.3808585941988,1.1212612,0.020627733,1.084883675321032
1165.390812066383,1.0560939,0.020028945,1.0848225135590694
1165.4007655385672,1.0705801,0.020161042,1.0847314039105638
1165.4107190107513,1.0807879,0.02025355,1.0846042903202542
1165.4206724829355,1.1076591,0.02049888,1.0844395872051895
1165.4306259551195,1.1190952,0.02059975,1.0842422395439726
1165.4405794273036,1.0552673,0.020012945,1.084015199130429
1165.4505328994878,1.0921464,0.020351691,1.083759774940339
1165.460486371672,1.0740216,0.020183345,1.0834859222739537
1165.4704398438562,1.087023,0.020301428,1.0832003804763701
1165.4803933160404,1.0616884,0.020065997,1.0829093850198892
1165.4903467882245,1.0918496,0.020342438,1.0826194794513642
1165.5003002604087,1.0659186,0.020101748,1.08233488105203
1165.510253732593,1.1155941,0.020554405,1.0820577992640588
1165.520207204777,1.1059419,0.020465218,1.0817904711095983
1165.5301606769613,1.053894,0.019985149,1.0815328515769875
1165.5401141491452,1.0850481,0.020271804,1.0812850412491422
1165.5500676213294,1.0822786,0.020244678,1.081047893218452
1165.5600210935136,1.0820163,0.0202411,1.0808232281026968
1165.5699745656977,1.1189615,0.020576289,1.0806096693744278
1165.579928037882,1.0781777,0.020202188,1.0804071543365477
1165.589881510066,1.0905502,0.020315317,1.080216462834839
1165.5998349822503,1.1078247,0.02047034,1.08003668852545
1165.6097884544345,1.0468413,0.019906932,1.0798666348448682
1165.6197419266186,1.0965675,0.020364435,1.0797060162768262
1165.6296953988028,1.0789405,0.020201985,1.0795562083057737
1165.639648870987,1.0267227,0.019714119,1.0794155614953063
1165.649602343171,1.0460339,0.019893825,1.079284137501908
1165.6595558153551,1.0487835,0.019917715,1.079162813774234
1165.6695092875393,1.0500389,0.019927228,1.079051946539634
1165.6794627597235,1.0835997,0.020236237,1.0789507996819585
1165.6894162319077,1.0677035,0.02008814,1.0788595671175174
1165.6993697040919,1.0639161,0.020103691,1.0787800087174175
1165.709323176276,1.0609598,0.020183645,1.0787107136365728
1165.7192766484602,1.0391659,0.020130817,1.0786509396886323
1165.7292301206444,1.0710546,0.020605715,1.078599671646451
1165.7391835928286,1.1315954,0.02130019,1.07855402503919
1165.7491370650127,1.0988098,0.02124772,1.0785085706917463
1165.7590905371967,1.119051,0.02173793,1.0784574069729427
1165.7690440093809,1.0793939,0.021732654,1.078390798133179
1165.778997481565,1.0787647,0.022015024,1.07830114512658
1165.7889509537492,1.1308544,0.02282816,1.0781830172416749
1165.7989044259334,1.1401916,0.022966696,1.0780313254035114
1165.8088578981176,1.081861,0.02213571,1.0778400210190346
1165.8188113703018,1.0689756,0.021998996,1.0776155376679817
1165.828764842486,1.1144483,0.02237984,1.077361568097292
1165.8387183146701,1.0380906,0.021586291,1.077081803111183
1165.8486717868543,1.0970197,0.022099568,1.07678473828644
1165.8586252590385,1.0824717,0.021845851,1.076477739421985
1165.8685787312224,1.0896872,0.021920983,1.0761643973116293
1165.8785322034066,1.1098931,0.022368882,1.07584507207932
1165.8884856755908,1.0664265,0.02189293,1.075520059383948
1165.898439147775,1.0710984,0.021900158,1.075188473106948
1165.9083926199592,1.1130027,0.022464467,1.0748499401891767
1165.9183460921433,1.1223626,0.02255205,1.0745065277270134
1165.9282995643275,1.0895293,0.02228747,1.0741621463614748
1165.9382530365117,1.0857215,0.022136517,1.073820713468569
1165.9482065086959,1.0873162,0.022150358,1.0734876786728336
1165.95815998088,1.0930443,0.022208713,1.073165406277551
1165.9681134530642,1.1375769,0.022877166,1.0728549433817631
1165.9780669252482,1.0930871,0.022674471,1.0725563812960415
1165.9880203974324,1.0803795,0.022677194,1.0722678308696256
1165.9979738696165,1.1009512,0.02264172,1.071984571643606
1166.0079273418007,1.0903349,0.0224941,1.07170308822794
1166.017880813985,1.068904,0.02202011,1.0714196943817984
1166.027834286169,1.1019281,0.022375867,1.0711320921663805
1166.0377877583533,1.0583366,0.0220612,1.0708398344733463
1166.0477412305374,1.0743276,0.02252978,1.0705436361891656
1166.0576947027216,1.0540217,0.022296412,1.0702456122503081
1166.0676481749058,1.0552933,0.02230587,1.0699489966248164
1166.07760164709,1.0571607,0.022147378,1.069656470554221
1166.087555119274,1.065316,0.022141155,1.0693708808673654
1166.097508591458,1.0700864,0.022067795,1.069093162516301
1166.1074620636423,1.0951468,0.022174478,1.06882222464787
1166.1174155358265,1.080058,0.021802776,1.0685563324984502
1166.1273690080106,1.0673012,0.02179117,1.0682926745191164
1166.1373224801948,1.0893024,0.022021852,1.0680271865830886
1166.147275952379,1.073468,0.021750918,1.0677565758749128
1166.1572294245632,1.0767949,0.02151,1.067477334797163
1166.1671828967474,1.0682621,0.02115576,1.0671870405470454
1166.1771363689315,1.057495,0.020865258,1.0668863920750047
1166.1870898411157,1.0657066,0.020860422,1.0665763493688334
1166.1970433132997,1.0981573,0.021036346,1.0662580849782028
1166.2069967854839,1.0512503,0.020310277,1.0659354063601327
1166.216950257668,1.0688365,0.02018223,1.0656112895694365
1166.2269037298522,1.0389123,0.019767601,1.0652883238059394
1166.2368572020364,1.0739175,0.020055499,1.064968962983762
1166.2468106742206,1.068784,0.020006627,1.0646539088225184
1166.2567641464047,1.0432854,0.019769786,1.0643433596199476
1166.266717618589,1.0488635,0.019820176,1.0640377179183564
1166.276671090773,1.0747793,0.020057054,1.0637371178593498
1166.2866245629573,1.0501825,0.019828476,1.0634425406035395
1166.2965780351415,1.0477915,0.01980522,1.063156284506019
1166.3065315073256,1.0646485,0.019959372,1.0628834013294597
1166.3164849795096,1.0406481,0.01973533,1.062625184240679
1166.3264384516938,1.0179962,0.01952074,1.062383607072917
1166.336391923878,1.0409002,0.019733706,1.062161009306275
1166.3463453960621,0.99883705,0.019336866,1.061956560750274
1166.3562988682463,1.0382229,0.019705942,1.0617664624926761
1166.3662523404305,1.0086358,0.019427327,1.0615876823213974
1166.3762058126147,1.0406476,0.019726144,1.0614174066010809
1166.3861592847989,1.0065398,0.01940536,1.0612503251106136
1166.396112756983,1.023002,0.019557662,1.0610827553400688
1166.4060662291672,1.0624427,0.019922415,1.060910920795905
1166.4160197013514,1.0576235,0.019876394,1.0607309683785406
1166.4259731735356,1.0363541,0.019677605,1.0605414850994335
1166.4359266457195,1.0168661,0.019491881,1.0603414289034052
1166.4458801179037,0.9882012,0.019218573,1.0601295061768747
1166.4558335900879,1.0382762,0.019690722,1.059907854425887
1166.465787062272,1.104351,0.02029488,1.0596786157369138
1166.4757405344562,1.039414,0.019697879,1.0594434274015596
1166.4856940066404,1.0437342,0.019735739,1.0592030496731617
1166.4956474788246,1.0360069,0.019663535,1.058958336560706
1166.5056009510088,1.022343,0.019533724,1.058708449465877
1166.515554423193,1.0273159,0.01957875,1.0584511759530701
1166.5255078953771,1.0625433,0.019904608,1.0581850545297584
1166.5354613675613,1.0202125,0.019509288,1.057909453353989
1166.5454148397453,0.9804976,0.019131396,1.0576235335963076
1166.5553683119294,1.0277889,0.019576466,1.0573248351270987
1166.5653217841136,1.0146735,0.019451372,1.0570151418551363
1166.5752752562978,1.006316,0.019371526,1.0566948263743168
1166.585228728482,1.0599355,0.019870302,1.0563642668038087
1166.5951822006662,1.0467718,0.019745078,1.0560253912931619
1166.6051356728503,1.0358282,0.019644098,1.0556817327865318
1166.6150891450345,1.0637926,0.019900033,1.0553361024810817
1166.6250426172187,1.0247617,0.019537274,1.0549917417851489
1166.6349960894029,1.047232,0.019744057,1.0546509681557756
1166.644949561587,1.0331994,0.019612616,1.0543147855143387
1166.654903033771,1.0322305,0.019601908,1.0539833313609828
1166.6648565059552,1.0319772,0.019597635,1.053655626585162
1166.6748099781394,1.0232786,0.019514602,1.0533295567780583
1166.6847634503235,1.0406747,0.0196755,1.0530037900094498
1166.6947169225077,1.0704758,0.019948894,1.052677330089817
1166.704670394692,1.0413679,0.019677216,1.052350162249439
1166.714623866876,1.044156,0.019703023,1.0520231738690136
1166.7245773390603,1.0593926,0.019842882,1.0516976850488104
1166.7345308112444,1.0504161,0.019756857,1.0513756487241026
1166.7444842834286,1.0615662,0.019858284,1.0510574861500808
1166.7544377556128,1.0321672,0.01958429,1.0507430578235155
1166.7643912277968,1.032227,0.01958313,1.0504315438195264
1166.774344699981,1.0394019,0.019649528,1.050121332272195
1166.784298172165,1.0424057,0.019675871,1.049811119275534
1166.7942516443493,1.0689303,0.019918662,1.0495006069177948
1166.8042051165335,1.0267586,0.019527057,1.0491906812497582
1166.8141585887176,1.056584,0.01980179,1.0488829007062392
1166.8241120609018,1.0626599,0.019856911,1.0485789472196347
1166.834065533086,1.0498947,0.01973714,1.0482807523784856
1166.8440190052702,1.0487409,0.019723635,1.0479900391063377
1166.8539724774544,0.9953289,0.019222971,1.0477065999285387
1166.8639259496385,1.0199226,0.01945311,1.04743067829947
1166.8738794218225,1.0460159,0.01969457,1.0471633902398045
1166.8838328940067,1.0077233,0.019335655,1.0469043890205245
1166.8937863661909,1.0289482,0.019532783,1.0466535888994941
1166.903739838375,1.0441598,0.019672107,1.0464115075162868
1166.9136933105592,1.0377645,0.01961164,1.046179592989673
1166.9236467827434,1.067491,0.019883895,1.0459565791800713
1166.9336002549276,1.0687642,0.019893067,1.045742436958902
1166.9435537271117,1.0672883,0.019877747,1.0455379230094488
1166.953507199296,1.0701705,0.019903189,1.0453428200710875
1166.96346067148,1.0417362,0.019640997,1.0451563207427552
1166.9734141436643,1.0508133,0.019722696,1.0449783380525792
1166.9833676158482,1.0425001,0.019643866,1.0448101469217304
1166.9933210880324,1.038412,0.019604327,1.0446502034281773
1167.0032745602166,1.0167687,0.019401187,1.0444981610613762
1167.0132280324008,1.0379839,0.019597594,1.0443541319327319
1167.023181504585,0.98662573,0.019114021,1.0442180194563255
1167.0331349767691,1.042547,0.019636456,1.0440885792938062
1167.0430884489533,1.0442783,0.019651154,1.0439654347495266
1167.0530419211375,1.0629524,0.01982204,1.0438489617182025
1167.0629953933217,1.0006914,0.019240094,1.043738145407882
1167.0729488655059,1.0262434,0.019479001,1.0436323207730958
1167.08290233769,1.0510038,0.019707344,1.0435312552987144
1167.092855809874,1.047431,0.019672368,1.0434352804877687
1167.1028092820582,1.0474955,0.019670477,1.0433439224424903
1167.1127627542423,1.0219806,0.019433722,1.0432577318427785
1167.1227162264265,1.083029,0.019993633,1.0431783479856411
1167.1326696986107,1.049077,0.019680468,1.0431069781513023
1167.1426231707949,1.062141,0.01979922,1.0430443565019623
1167.152576642979,1.079298,0.019953473,1.0429915937053549
1167.1625301151632,1.0651897,0.019824635,1.0429517750291732
1167.1724835873474,1.0804502,0.019961892,1.042924124051238
1167.1824370595316,1.0859637,0.020010224,1.0429096614614974
1167.1923905317158,1.0464293,0.019646792,1.0429104309584631
1167.2023440038997,1.0355037,0.01954448,1.0429276760001933
1167.212297476084,1.0433747,0.019615911,1.0429592721084113
1167.222250948268,1.073993,0.019894084,1.043003184519971
1167.2322044204523,1.0403068,0.019583933,1.0430562267921961
1167.2421578926364,1.0510045,0.019681176,1.043111178000057
1167.2521113648206,1.0756832,0.019903708,1.0431615136859962
1167.2620648370048,1.0727903,0.019875571,1.043200799025041
1167.272018309189,1.070959,0.019858269,1.0432222136560443
1167.2819717813732,1.063475,0.019786961,1.0432254101267668
1167.2919252535573,1.062598,0.019779235,1.0432104635363828
1167.3018787257415,1.0768727,0.019907136,1.0431781903502648
1167.3118321979257,1.0436215,0.01959998,1.043134028541086
1167.3217856701096,1.0691422,0.019833026,1.0430836398346364
1167.3317391422938,0.9968222,0.01916114,1.0430310671351497
1167.341692614478,1.031547,0.019484928,1.042979744409562
1167.3516460866622,1.0465902,0.019622331,1.0429311402705088
1167.3615995588464,1.015292,0.019329818,1.0428853740862731
1167.3715530310305,1.0279802,0.019446433,1.0428411108925186
1167.3815065032147,1.0259103,0.019425549,1.042794449178861
1167.391459975399,1.0138035,0.019311516,1.042739766254347
1167.401413447583,1.0361788,0.019517852,1.042670212409909
1167.4113669197673,1.0786549,0.019905444,1.0425747061801742
1167.4213203919514,1.0320474,0.019475762,1.042449053229912
1167.4312738641354,1.0462465,0.019606605,1.0422905062805794
1167.4412273363196,1.0468645,0.019609302,1.042096849067576
1167.4511808085038,1.0543836,0.019677946,1.0418666730028134
1167.461134280688,1.0633435,0.019758457,1.0416077856050552
1167.471087752872,1.0455791,0.019593606,1.041324076775459
1167.4810412250563,1.0551952,0.019680368,1.0410186899493934
1167.4909946972405,1.0487416,0.019618575,1.0406991103679473
1167.5009481694246,1.0263821,0.019410543,1.0403725164363
1167.5109016416088,1.0136954,0.019291766,1.0400451987468546
1167.520855113793,1.0616612,0.019732399,1.0397253128267092
1167.5308085859772,1.0580425,0.019698981,1.0394176280039917
1167.5407620581614,1.0103524,0.019255556,1.0391256413143675
1167.5507155303453,1.0369624,0.01950065,1.0388530396475741
1167.5606690025295,1.0415043,0.019541137,1.0386016980484696
1167.5706224747137,1.0402741,0.019528668,1.0383700290867581
1167.5805759468979,1.0131038,0.019274948,1.0381576229650427
1167.590529419082,1.0563531,0.019673904,1.0379660896222918
1167.6004828912662,1.0472584,0.019587534,1.037791843138685
1167.6104363634504,1.0370878,0.019492488,1.037633074466039
1167.6203898356346,1.0200427,0.019332979,1.0374890081521566
1167.6303433078187,1.0070565,0.019209497,1.037359138921566
1167.640296780003,1.0051327,0.019191097,1.0372399943912618
1167.650250252187,1.0438838,0.019548815,1.0371298911584306
1167.660203724371,1.0512055,0.019614499,1.03702771972158
1167.6701571965552,1.0137669,0.019265657,1.0369311123920621
1167.6801106687394,1.0188901,0.019312976,1.036838029834009
1167.6900641409236,1.0316389,0.019429768,1.0367467627446905
1167.7000176131078,1.0476947,0.019576475,1.0366547827679269
1167.709971085292,1.042498,0.019526929,1.0365593623108753
1167.7199245574761,1.0304514,0.019413246,1.0364580631288034
1167.7298780296603,1.0605943,0.019688288,1.0363482084870652
1167.7398315018445,1.004984,0.019173328,1.036228348867037
1167.7497849740287,1.0255328,0.019363225,1.0360994648714712
1167.7597384462129,1.083492,0.019891776,1.0359625999140325
1167.7696919183968,1.0341678,0.019438308,1.0358182294696272
1167.779645390581,1.0545585,0.01962557,1.0356673477495018
1167.7895988627652,1.0244564,0.01934684,1.0355081048693138
1167.7995523349493,1.0150224,0.019256776,1.0353358859987871
1167.8095058071335,1.0313983,0.01940794,1.0351433314474503
1167.8194592793177,1.0659715,0.019722838,1.0349285148579896
1167.8294127515019,1.0118372,0.019222591,1.0346897152607006
1167.839366223686,1.0123358,0.019226376,1.0344252303865669
1167.8493196958702,1.0363276,0.019447165,1.0341401169149986
1167.8592731680544,0.96607196,0.018785628,1.0338415507711138
1167.8692266402386,1.0045193,0.019147018,1.0335364847314739
1167.8791801124225,0.9789426,0.018905746,1.0332342696491104
1167.8891335846067,0.9960357,0.019065732,1.0329431122788173
1167.899087056791,1.0371686,0.01944528,1.032669134468458
1167.909040528975,1.001055,0.0191079,1.0324181510330006
1167.9189940011593,0.9932921,0.019035157,1.032192383040873
1167.9289474733434,1.0423305,0.019489689,1.0319887172558502
1167.9389009455276,1.02185,0.01929774,1.0318054872603868
1167.9488544177118,1.0458083,0.01951745,1.031643242492879
1167.958807889896,1.039694,0.019461202,1.0314979976080467
1167.9687613620802,1.0449907,0.01950638,1.0313678342201746
1167.9787148342643,1.0351067,0.019413128,1.0312520459196013
1167.9886683064483,1.0623118,0.019663403,1.0311505353169756
1167.9986217786325,1.0598123,0.019637285,1.0310601826397798
1168.0085752508166,1.033979,0.019398328,1.0309797751745713
1168.0185287230008,1.0768672,0.019789068,1.0309091238336912
1168.028482195185,1.0583878,0.019618906,1.0308471458177715
1168.0384356673692,1.056584,0.01960178,1.0307932463595035
1168.0483891395534,1.0244238,0.01930513,1.0307480209887068
1168.0583426117375,1.0574759,0.019606896,1.0307146260690017
1168.0682960839217,1.0304552,0.019356668,1.0306930627832214
1168.078249556106,1.0525703,0.01955877,1.030684897530227
1168.08820302829,1.0450603,0.019487739,1.0306925770114823
1168.098156500474,1.0217973,0.019272488,1.0307176890752117
1168.1081099726582,1.0776919,0.019779485,1.030758954880997
1168.1180634448424,1.0595032,0.019615047,1.0308165242417444
1168.1280169170266,1.0672802,0.019683689,1.0308929898527386
1168.1379703892107,1.1132103,0.020094236,1.0309873586946878
1168.147923861395,1.0687456,0.019694766,1.031100193280714
1168.157877333579,1.0843675,0.019832019,1.031233759360862
1168.1678308057633,1.1080782,0.020042906,1.031392101906278
1168.1777842779475,1.0442997,0.019465907,1.0315725683091932
1168.1877377501316,1.04814,0.019499049,1.0317735710028666
1168.1976912223158,1.0136868,0.019179845,1.0319919979270504
1168.2076446944998,1.0357051,0.019381376,1.0322197725070037
1168.217598166684,1.0378271,0.01939897,1.0324485958905825
1168.2275516388681,1.0225538,0.019256731,1.0326715484117073
1168.2375051110523,1.0377324,0.019396747,1.032879325722428
1168.2474585832365,1.043282,0.019446507,1.0330682571776697
1168.2574120554207,1.0551649,0.01955469,1.0332351759398273
1168.2673655276049,1.0316268,0.019461036,1.03337709656724
1168.277318999789,1.0405688,0.019695586,1.0334933870906076
1168.2872724719732,1.0319326,0.019758366,1.033589141665907
1168.2972259441574,1.0277783,0.019831866,1.0336678041195073
1168.3071794163416,1.0261772,0.019999826,1.033731763142031
1168.3171328885255,1.0394691,0.020448493,1.033785884954752
1168.3270863607097,1.0431533,0.020703327,1.033833066036805
1168.3370398328939,1.0828583,0.021634232,1.0338751978299445
1168.346993305078,1.0657896,0.021585368,1.033913998091356
1168.3569467772622,1.0295129,0.021353489,1.0339519277438467
1168.3669002494464,1.0305777,0.021228136,1.033990731686501
1168.3768537216306,1.0394585,0.02115006,1.0340324724039456
1168.3868071938148,1.0313181,0.021125242,1.034078877775217
1168.396760665999,1.0337254,0.021048086,1.0341307394309045
1168.4067141381831,1.0313365,0.020956442,1.0341886536989313
1168.4166676103673,1.0391699,0.020878535,1.0342535654226952
1168.4266210825515,1.0697806,0.021205949,1.0343236537194458
1168.4365745547354,1.0541242,0.021370625,1.0343973374727837
1168.4465280269196,1.0530182,0.021284547,1.0344726450728168
1168.4564814991038,1.0206869,0.020955091,1.0345472034910725
1168.466434971288,1.0674647,0.021387527,1.03461966054949
1168.4763884434722,1.0684974,0.02149498,1.0346899690529425
1168.4863419156563,1.1046394,0.02199563,1.0347596579877862
1168.4962953878405,1.0448967,0.021300845,1.0348321508347473
1168.5062488600247,1.061992,0.021333322,1.0349113976520212
1168.5162023322089,1.0318968,0.021083208,1.0350020228796584
1168.526155804393,1.0354534,0.021269996,1.0351113013009594
1168.5361092765772,1.0188453,0.02136533,1.0352405332006127
1168.5460627487614,1.0326529,0.021609161,1.0353916950010866
1168.5560162209454,1.011543,0.02130542,1.0355664662914976
1168.5659696931295,0.9994697,0.021095268,1.0357611084072889
1168.5759231653137,1.0094903,0.021022115,1.0359657805299074
1168.585876637498,1.0048984,0.020853369,1.0361672765390968
1168.595830109682,1.0322872,0.021256253,1.0363386973757867
1168.6057835818663,1.0655259,0.021791877,1.0364543578372063
1168.6157370540504,1.0075829,0.021315448,1.036491190799847
1168.6256905262346,1.0313691,0.021416074,1.0364278233256536
1168.6356439984188,1.0529237,0.021518424,1.036247271547301
1168.645597470603,1.0412164,0.021470182,1.0359657082499094
1168.6555509427872,1.0424412,0.021352919,1.0355910889823936
1168.665504414971,1.0183537,0.020834727,1.035125519525721
1168.6754578871553,1.0048482,0.020559002,1.0345842466938788
1168.6854113593395,1.0152223,0.020757021,1.033979891177101
1168.6953648315236,1.0113044,0.020811955,1.0333179767486298
1168.7053183037078,1.018701,0.020844368,1.0325954893591287
1168.715271775892,1.0222402,0.020556407,1.0318288498778445
1168.7252252480762,1.0340486,0.020418843,1.0310280796035882
1168.7351787202604,1.0207022,0.020030404,1.030207876698709
1168.7451321924445,1.0075256,0.019787097,1.029392268380863
1168.7550856646287,1.0245456,0.019934846,1.0286034535310435
1168.765039136813,1.0031503,0.019467594,1.0278571493466484
1168.7749926089969,1.0500437,0.019615859,1.0271692135998252
1168.784946081181,1.0134761,0.019117469,1.0265346380199216
1168.7948995533652,0.9565506,0.018547777,1.0259468068406798
1168.8048530255494,1.0176895,0.019119162,1.0254007075482883
1168.8148064977336,1.024062,0.019176902,1.0248928769676051
1168.8247599699177,1.0135608,0.019076487,1.0244114128080322
1168.834713442102,1.0028294,0.018975534,1.0239504645013469
1168.844666914286,0.9952313,0.018904436,1.0235058808155824
1168.8546203864703,0.9959418,0.018908963,1.023072675949002
1168.8645738586545,1.0213659,0.019143522,1.0226476707792416
1168.8745273308386,0.98642755,0.018816868,1.0222304358665986
1168.8844808030226,1.0000733,0.018942388,1.0218239581356001
1168.8944342752068,1.0219765,0.019143812,1.0214295854518303
1168.904387747391,0.9635734,0.018597582,1.0210499506019486
1168.9143412195751,0.9858939,0.01880546,1.0206884515334382
1168.9242946917593,1.0058028,0.018990692,1.0203476170186467
1168.9342481639435,1.0054952,0.018985452,1.020024742580698
1168.9442016361277,1.0242845,0.019156212,1.0197177809058313
1168.9541551083119,0.9911743,0.01884933,1.01942426646425
1168.964108580496,0.9754958,0.018701343,1.019137821462671
1168.9740620526802,1.000741,0.018934797,1.0188526656415569
1168.9840155248644,1.0268829,0.01917432,1.0185637216577423
1168.9939689970483,1.0044914,0.018967187,1.0182651063852255
1169.0039224692325,1.0002803,0.018926557,1.0179553132075774
1169.0138759414167,0.9833297,0.01876728,1.017633614691135
1169.0238294136009,1.0301381,0.019198578,1.0173002843713905
1169.033782885785,1.0312968,0.01920724,1.0169583883721987
1169.0437363579692,1.0138415,0.019046597,1.016612527657976
1169.0536898301534,0.98513085,0.018776877,1.0162662906860356
1169.0636433023376,0.9839886,0.018765245,1.0159230694692285
1169.0735967745218,1.002333,0.018934928,1.0155840156108087
1169.083550246706,0.9894925,0.018814242,1.0152490974247455
1169.0935037188901,0.9958894,0.01887075,1.0149179510828006
1169.103457191074,0.9939366,0.018852811,1.0145903112480676
1169.1134106632583,1.0033005,0.018938534,1.014265731445624
1169.1233641354424,0.9898663,0.018811839,1.0139444383276204
1169.1333176076266,1.019447,0.019081987,1.0136265829810398
1169.1432710798108,0.9989537,0.018893082,1.0133108824164232
1169.153224551995,1.0016221,0.018916845,1.0129952100750919
1169.1631780241792,0.98617655,0.01877113,1.0126773581065804
1169.1731314963633,1.0295769,0.01917129,1.0123545667814153
1169.1830849685475,1.0092366,0.018982891,1.0120269009205298
1169.1930384407317,1.021599,0.019093966,1.011695330688871
1169.2029919129159,0.9837308,0.018742621,1.0113620948083548
1169.2129453850998,1.0042696,0.018932223,1.0110310968268024
1169.222898857284,0.98679173,0.018768154,1.0107062657572645
1169.2328523294682,1.0093814,0.01897683,1.0103912819507064
1169.2428058016524,1.006916,0.018952828,1.0100914455560104
1169.2527592738365,0.9820779,0.018720184,1.0098085250569346
1169.2627127460207,0.94502497,0.018367212,1.0095435089993008
1169.272666218205,0.97208405,0.018624363,1.009297909314048
1169.282619690389,0.97717047,0.018669412,1.0090752597577382
1169.2925731625733,1.0084683,0.018959278,1.0088726440883764
1169.3025266347574,1.0170647,0.019037073,1.0086895360162031
1169.3124801069416,0.98820186,0.018769495,1.0085257855486063
1169.3224335791256,1.0186148,0.01904813,1.0083783310630734
1169.3323870513098,0.99851555,0.018894264,1.008242404258421
1169.342340523494,0.9771548,0.0187241,1.0081146363167208
1169.352293995678,0.9852011,0.018900713,1.0079919388593446
1169.3622474678623,1.004912,0.019371428,1.0078701621296342
1169.3722009400465,1.0174953,0.019870812,1.0077463303973166
1169.3821544122306,1.0146753,0.019918365,1.0076174422220232
1169.3921078844148,1.0107989,0.020055946,1.0074800620685105
1169.402061356599,1.0171686,0.020553404,1.0073333673506848
1169.4120148287832,1.0251919,0.020796565,1.00717680427677
1169.4219683009674,1.005235,0.02069475,1.007010228538704
1169.4319217731515,1.0129817,0.020709923,1.0068366654277883
1169.4418752453355,1.035315,0.020884749,1.0066601243172109
1169.4518287175197,1.0128224,0.020747371,1.0064843951973146
1169.4617821897039,0.981447,0.020578826,1.0063140721642383
1169.471735661888,1.0112855,0.020923331,1.006150524739448
1169.4816891340722,0.9852159,0.020533266,1.005994035466689
1169.4916426062564,0.9912669,0.020344581,1.0058441693226308
1169.5015960784406,1.0101663,0.020302976,1.0056995914409375
1169.5115495506247,0.9889241,0.020107396,1.0055585502695057
1169.521503022809,0.996176,0.02016372,1.0054207160750317
1169.531456494993,0.9730747,0.019963322,1.0052872157230368
1169.5414099671773,0.98660856,0.020023359,1.005159179047563
1169.5513634393612,0.98902535,0.020092053,1.0050378142114003
1169.5613169115454,0.96400434,0.019721305,1.004924098093726
1169.5712703837296,0.9692942,0.01998479,1.0048186717589305
1169.5812238559138,0.99981874,0.020599954,1.004718751183198
1169.591177328098,1.0200576,0.020656329,1.0046220520150526
1169.6011308002821,1.0067027,0.020464836,1.0045260636853135
1169.6110842724663,0.9809128,0.020164702,1.0044286582014907
1169.6210377446505,0.9756228,0.020157011,1.0043291196752695
1169.6309912168347,0.98446023,0.020203853,1.0042276990815806
1169.6409446890189,1.003909,0.020575872,1.0041255246226655
1169.650898161203,1.0001278,0.020608062,1.0040243456141247
1169.6608516333872,1.026949,0.020688381,1.003925511932859
1169.6708051055712,1.0287,0.020594295,1.0038302705602127
1169.6807585777553,1.0348631,0.020747375,1.003739896141445
1169.6907120499395,1.0115429,0.020536833,1.0036544180504305
1169.7006655221237,1.0249989,0.020626716,1.00357433387752
1169.7106189943079,1.0378304,0.02072085,1.0035008554514468
1169.720572466492,0.99032235,0.020320272,1.0034344144730565
1169.7305259386762,1.0275288,0.020645924,1.0033750222409104
1169.7404794108604,1.014573,0.020311095,1.0033230007330678
1169.7504328830446,1.0316048,0.020450674,1.0032798886666183
1169.7603863552288,0.98768246,0.019760847,1.003244566138415
1169.770339827413,1.0341239,0.02007211,1.00321704041278
1169.780293299597,0.9987371,0.019706916,1.003197766039516
1169.790246771781,1.007685,0.019738913,1.0031870565394154
1169.8002002439653,0.9921143,0.019626513,1.0031836915161383
1169.8101537161494,1.0431391,0.020200882,1.0031870840941612
1169.8201071883336,1.0087386,0.019888565,1.003196824616055
1169.8300606605178,1.0189087,0.019575562,1.0032107081948607
1169.840014132702,1.0226798,0.019139655,1.0032265184536768
1169.8499676048862,1.0110782,0.018901475,1.0032422199561957
1169.8599210770703,0.9819928,0.01863003,1.0032553491822422
1169.8698745492545,0.9857186,0.018662533,1.0032646949103605
1169.8798280214387,1.0124303,0.018907279,1.0032694981280474
1169.8897814936226,1.0183963,0.018959291,1.0032692619224426
1169.8997349658068,1.0083303,0.018866887,1.00326468108737
1169.909688437991,1.0190796,0.01896235,1.003257719483738
1169.9196419101752,1.0383352,0.019136745,1.0032505507650256
1169.9295953823594,1.0321387,0.019079369,1.0032466915365155
1169.9395488545435,1.0133245,0.018906388,1.003249107544126
1169.9495023267277,1.0052344,0.018829834,1.003259850669799
1169.959455798912,1.0118523,0.018889494,1.0032802364694646
1169.969409271096,0.95442164,0.018355487,1.0033106047096305
1169.9793627432803,1.001713,0.018793935,1.0033474259759676
1169.9893162154644,1.0001122,0.01877712,1.0033877536652542
1169.9992696876484,0.97540087,0.018547004,1.0034282744366168
1170.0092231598326,1.0201442,0.01895906,1.0034660468523344
1170.0191766320168,1.0293694,0.019041825,1.003500160713169
1170.029130104201,1.0220805,0.018972155,1.0035314055739324
1170.039083576385,1.0026089,0.01879186,1.0035627607926099
1170.0490370485693,0.99650794,0.018734977,1.0035987492714074
1170.0589905207535,0.9868979,0.018645449,1.0036438213663044
1170.0689439929376,1.0043296,0.018806247,1.0037030552994488
1170.0788974651218,1.0266031,0.019007646,1.0037815787748992
1170.088850937306,0.9614422,0.018403359,1.0038792867337376
1170.0988044094902,0.9938118,0.018703787,1.0039968679307951
1170.1087578816741,0.99040455,0.018671436,1.0041363080658223
1170.1187113538583,1.0043508,0.018796496,1.004295805280704
1170.1286648260425,1.0553591,0.019260416,1.0044735378611314
1170.1386182982267,1.0614543,0.01931225,1.0046693072279793
1170.1485717704109,1.0276682,0.019006476,1.0048867064022085
1170.158525242595,1.0225716,0.018959872,1.005123588239519
1170.1684787147792,0.9867687,0.018628618,1.0053814946130957
1170.1784321869634,1.0661486,0.019348107,1.0056638309349069
1170.1883856591476,1.0309002,0.019028785,1.005973339382666
1170.1983391313317,1.0321745,0.019039327,1.0063069588564364
1170.208292603516,1.0201604,0.018930316,1.0066615949512603
1170.2182460756999,1.0242648,0.018964943,1.0070324849865622
1170.228199547884,1.0474972,0.019174624,1.0074079300976035
1170.2381530200682,1.0332614,0.019043472,1.0077757943323373
1170.2481064922524,1.0565988,0.019251825,1.0081225577718866
1170.2580599644366,1.0533551,0.01922301,1.00842716094898
1170.2680134366208,1.0239998,0.018955057,1.008680615838502
1170.277966908805,1.0139501,0.018860873,1.008872029514571
1170.2879203809891,1.0312492,0.01901919,1.0089880213172946
1170.2978738531733,1.0561603,0.01924043,1.009025069686341
1170.3078273253575,1.0504755,0.019186229,1.0089928454153392
1170.3177807975417,1.0333743,0.01903207,1.0088976444810187
1170.3277342697256,1.0288268,0.018989518,1.0087428260649474
1170.3376877419098,1.0394388,0.019082876,1.0085488341272277
1170.347641214094,0.98031074,0.018541722,1.0083311921570481
1170.3575946862782,1.0562087,0.019232424,1.0081043106985916
1170.3675481584623,1.0221888,0.018924985,1.0078845279274415
1170.3775016306465,1.0234606,0.018934127,1.0076827812920677
1170.3874551028307,1.036465,0.019051006,1.0075053619435677
1170.3974085750149,1.0319697,0.019008141,1.0073576544092906
1170.407362047199,1.0097635,0.018803932,1.0072388804352648
1170.4173155193832,0.99614245,0.018676814,1.007145154551727
1170.4272689915674,1.0031514,0.01874046,1.0070747933748412
1170.4372224637514,1.0152671,0.01885043,1.007029711003111
1170.4471759359355,1.0388327,0.019061893,1.0070055055012053
1170.4571294081197,1.0085024,0.018785492,1.007000829475482
1170.467082880304,1.0164992,0.018855965,1.007015360840894
1170.477036352488,1.0172298,0.01886245,1.0070486990039789
1170.4869898246723,1.0079101,0.018773457,1.0070964541624257
1170.4969432968564,0.9971867,0.018676518,1.0071560707510032
1170.5068967690406,1.0332228,0.019002397,1.0072249155809776
1170.5168502412248,1.0443826,0.019102195,1.0072979545630276
1170.526803713409,1.0323148,0.018992633,1.0073704666566525
1170.5367571855932,1.0288405,0.018958364,1.0074386921419993
1170.5467106577773,1.0531616,0.019177575,1.0074985579230846
1170.5566641299613,1.0329008,0.01899342,1.0075507253126383
1170.5666176021455,0.9897146,0.018597217,1.0075971750607444
1170.5765710743296,1.0396508,0.019050598,1.0076423710340898
1170.5865245465138,0.9898005,0.018594164,1.0076933756737316
1170.596478018698,1.0172709,0.01884709,1.0077552084433765
1170.6064314908822,0.99725324,0.01866021,1.0078303800697634
1170.6163849630664,1.0389509,0.01903964,1.00791906485982
1170.6263384352505,1.035186,0.01900288,1.008014961022884
1170.6362919074347,1.0125036,0.018795693,1.0081106281904135
1170.646245379619,1.0315284,0.018968085,1.0081984928607965
1170.656198851803,1.022847,0.018886568,1.0082680065296037
1170.6661523239873,1.0528839,0.019156042,1.0083155053754655
1170.6761057961712,1.0466477,0.019099483,1.0083375487919868
1170.6860592683554,1.065424,0.019266676,1.0083311336620362
1170.6960127405396,1.0573119,0.019190956,1.008297739361456
1170.7059662127238,1.0155464,0.018813161,1.0082447058860717
1170.715919684908,1.0688775,0.01929138,1.0081780772026094
1170.725873157092,1.0253526,0.018899934,1.0081042366084172
1170.7358266292763,1.0171865,0.018823517,1.0080305587663512
1170.7457801014605,1.0254323,0.018896436,1.0079618145932279
1170.7557335736446,1.0380028,0.019008908,1.0079016135329126
1170.7656870458288,0.9873132,0.018546253,1.0078538800753867
1170.775640518013,1.0226395,0.018866207,1.0078183012478878
1170.785593990197,1.0277401,0.018911337,1.00779532866714
1170.7955474623811,1.0196949,0.018837793,1.0077858858469841
1170.8055009345653,0.9904217,0.018568257,1.007789291979968
1170.8154544067495,0.9986081,0.018642247,1.007803308475221
1170.8254078789337,1.0097554,0.018741379,1.0078264709753904
1170.8353613511179,1.0189409,0.018823998,1.0078579224704196
1170.845314823302,1.0048947,0.018694984,1.007894815840198
1170.8552682954862,1.0092673,0.018734204,1.0079354832534118
1170.8652217676704,1.0298582,0.018919058,1.0079789835824877
1170.8751752398546,1.0097283,0.018735223,1.008025181612236
1170.8851287120387,1.0184871,0.0188127,1.0080741170583927
1170.8950821842227,1.0093218,0.018727366,1.0081266970734024
1170.9050356564069,0.98570627,0.018510316,1.0081847567379252
1170.914989128591,1.0490716,0.019082684,1.0082497546786446
1170.9249426007752,0.9888105,0.018536238,1.008322350806604
1170.9348960729594,1.0149395,0.018773379,1.0084033556233805
1170.9448495451436,1.0077966,0.018708186,1.0084947475700534
1170.9548030173278,1.0369644,0.018969981,1.0085955612676019
1170.964756489512,0.98513544,0.018495683,1.0087057007798035
1170.9747099616961,1.0352606,0.018951133,1.008825532456222
1170.9846634338803,1.0057573,0.018682001,1.0089557653272727
1170.9946169060645,1.0284098,0.018886143,1.0090951017462402
1171.0045703782484,0.9948387,0.018580562,1.0092435162182265
1171.0145238504326,1.0408136,0.018994732,1.0094020264878831
1171.0244773226168,1.0326952,0.018919889,1.0095704562232894
1171.034430794801,1.0127021,0.018738467,1.009748355774788
1171.0443842669852,1.0500094,0.019073464,1.009935958976786
1171.0543377391693,1.0439627,0.0190167,1.0101352506226144
1171.0642912113535,0.9963817,0.018584548,1.0103449358372374
1171.0742446835377,1.0217323,0.018814646,1.0105651644339635
1171.0841981557219,1.0214127,0.018810708,1.0107966891772953
1171.094151627906,0.98324007,0.01845922,1.0110403144422329
1171.1041051000902,0.99235135,0.018540941,1.0112946290871356
1171.1140585722742,0.9908281,0.018525135,1.011559457702622
1171.1240120444584,1.0240064,0.018825155,1.0118357581939832
1171.1339655166425,0.963577,0.01827151,1.0121227675231066
1171.1439189888267,1.0253079,0.018835275,1.0124197922127687
1171.153872461011,0.99742764,0.018580686,1.0127268482223535
1171.163825933195,0.9485286,0.018125225,1.0130457642910966
1171.1737794053793,1.0026617,0.018624468,1.0133748348477696
1171.1837328775634,0.98138684,0.01842888,1.0137140660820774
1171.1936863497476,0.990031,0.018506777,1.0140640695664822
1171.2036398219318,1.0004677,0.018601617,1.0144253459430588
1171.213593294116,0.99610156,0.018560315,1.0147968256235085
1171.2235467663,0.9890708,0.018494377,1.0151787264028962
1171.233500238484,0.9716388,0.018332876,1.0155726703986516
1171.2434537106683,1.009056,0.018674118,1.0159781566456902
1171.2534071828525,1.0000452,0.018590158,1.0163946157922084
1171.2633606550366,0.97727287,0.018381044,1.0168216923405828
1171.2733141272208,0.98549366,0.01845483,1.0172597820931049
1171.283267599405,0.9749937,0.018356087,1.0177058910648533
1171.2932210715892,0.9932429,0.018523134,1.018158766314457
1171.3031745437734,0.9865058,0.018459324,1.0186178597559084
1171.3131280159575,1.024336,0.018801436,1.019083054689847
1171.3230814881417,1.0131152,0.01869939,1.0195543678084502
1171.3330349603257,1.0036621,0.018612303,1.0200330797387107
1171.3429884325099,0.95853066,0.018192487,1.02052222600405
1171.352941904694,0.95920527,0.018199064,1.0210230512440561
1171.3628953768782,1.0099474,0.018662771,1.0215369960391367
1171.3728488490624,0.98935723,0.018475939,1.0220669895401011
1171.3828023212466,0.95984036,0.018201677,1.0226213557628494
1171.3927557934308,0.99075276,0.018482955,1.023204209621694
1171.402709265615,0.98879904,0.01846604,1.0238212112753868
1171.412662737799,1.0251008,0.018792506,1.0244752009637068
1171.4226162099833,0.9663557,0.018256955,1.0251569712979514
1171.4325696821675,1.0321687,0.018854765,1.0258488096812333
1171.4425231543514,0.98140615,0.018392311,1.0265349216597046
1171.4524766265356,1.0218774,0.018761074,1.027194795347916
1171.4624300987198,1.0033406,0.018589688,1.0278145158508147
1171.472383570904,0.979871,0.018374313,1.0283836757111287
1171.4823370430881,1.0015358,0.018570323,1.0288913106369453
1171.4922905152723,0.9999563,0.018554974,1.0293200003359897
1171.5022439874565,1.0016156,0.018567814,1.0296744323771572
1171.5121974596407,1.0237261,0.018816289,1.0299515499927434
1171.5221509318249,1.0103718,0.018795481,1.0301428083925388
1171.532104404009,0.99163896,0.018690182,1.0302470320480075
1171.5420578761932,1.0223148,0.019243348,1.0302734730206975
1171.5520113483774,1.004448,0.019405562,1.0302282479343838
1171.5619648205613,1.0459459,0.019986672,1.0301173404837751
1171.5719182927455,1.0567887,0.020224737,1.0299674259124059
1171.5818717649297,1.0688438,0.020679912,1.0297974773207637
1171.5918252371139,1.0361453,0.020491475,1.029620977698227
1171.601778709298,1.0436747,0.020550322,1.029447108525482
1171.6117321814822,1.0236783,0.020585654,1.0292793320994562
1171.6216856536664,1.0632693,0.020849118,1.0291186441363842
1171.6316391258506,1.0534929,0.020828662,1.0289659388964645
1171.6415925980348,1.0547982,0.021001162,1.0288211754926477
1171.651546070219,1.0656011,0.021118002,1.0286836174662952
1171.6614995424031,1.0676295,0.020906713,1.0285531423026855
1171.6714530145873,1.0421678,0.020488543,1.0284306209494467
1171.6814064867713,1.0562588,0.020466726,1.0283150447278993
1171.6913599589554,1.0344805,0.020142393,1.0282061367786344
1171.7013134311396,1.0203233,0.020091372,1.0281040951654172
1171.7112669033238,1.0262102,0.020095894,1.0280097255705218
1171.721220375508,0.9996879,0.019799965,1.0279222279831801
1171.7311738476922,1.0386604,0.020262336,1.0278417413702656
1171.7411273198763,1.0651252,0.02047672,1.0277689982127372
1171.7510807920605,1.0295299,0.02018149,1.0277038159957042
1171.7610342642447,1.030302,0.020516913,1.02764527534311
1171.7709877364289,1.0528936,0.020674817,1.0275927490833527
1171.780941208613,1.0148491,0.020204216,1.0275457859763752
1171.790894680797,1.0182091,0.020225223,1.0275019744699994
1171.8008481529812,0.9738756,0.019859076,1.0274591441520735
1171.8108016251654,1.0382227,0.020410735,1.0274146834187519
1171.8207550973495,1.0090464,0.020182258,1.0273651689820138
1171.8307085695337,1.0402354,0.020566896,1.0273088473201653
1171.840662041718,1.0231827,0.02027627,1.0272445094177929
1171.850615513902,1.003832,0.020047925,1.027171360155879
1171.8605689860863,1.0267626,0.020323355,1.0270910610142177
1171.8705224582704,1.0397248,0.020511167,1.0270066211269364
1171.8804759304546,1.016224,0.020311672,1.0269208891580863
1171.8904294026388,1.0160991,0.020279584,1.0268374309584927
1171.9003828748228,0.9966553,0.019926468,1.0267589954947218
1171.910336347007,0.99923176,0.020012252,1.0266876614599154
1171.920289819191,1.0237218,0.020030037,1.0266254820486371
1171.9302432913753,1.0444472,0.020180972,1.0265748660599703
1171.9401967635595,0.99762064,0.019601379,1.026535252367824
1171.9501502357436,1.0269608,0.01963473,1.0265065915645528
1171.9601037079278,0.9983492,0.019415244,1.0264884960904843
1171.970057180112,0.9837227,0.01916101,1.026477482464442
1171.9800106522962,1.0336161,0.019687742,1.0264687575832754
1171.9899641244804,1.013909,0.019434275,1.0264575977180281
1171.9999175966645,1.0312124,0.019669395,1.0264376050580193
1172.0098710688485,1.0231167,0.019284466,1.026405797529834
1172.0198245410327,1.014167,0.01875154,1.026360291822548
1172.0297780132169,1.0240577,0.018692356,1.0263001915604377
1172.039731485401,1.0254031,0.018704588,1.026226174889086
1172.0496849575852,0.9945613,0.018423982,1.0261430106492946
1172.0596384297694,0.9975744,0.018448282,1.0260540554312114
1172.0695919019536,1.0001827,0.018472333,1.0259624903368232
1172.0795453741378,0.9842455,0.018323934,1.025871130012581
1172.089498846322,0.99236435,0.018396862,1.025781165481471
1172.099452318506,1.006881,0.018528588,1.025692458532646
1172.1094057906903,0.9739909,0.018226286,1.0256032140797005
1172.1193592628742,0.9959791,0.01842512,1.025510151293679
1172.1293127350584,0.9739594,0.018223524,1.0254091988337157
1172.1392662072426,1.0050445,0.018505512,1.025294990103018
1172.1492196794268,0.96998817,0.018182814,1.0251609418339784
1172.159173151611,0.9824566,0.018295815,1.0250059645182958
1172.1691266237951,1.0241066,0.01867127,1.0248290634609845
1172.1790800959793,0.97397417,0.018215764,1.0246294440934087
1172.1890335681635,1.0133656,0.01857324,1.0244115229535966
1172.1989870403477,0.95383006,0.01802763,1.02418138028643
1172.2089405125319,1.0107514,0.018546691,1.0239443924087133
1172.218893984716,0.9935577,0.01838766,1.0237068412317738
1172.2288474569,1.014703,0.018580591,1.0234745783161128
1172.2388009290842,0.9903639,0.018357228,1.023251309963705
1172.2487544012683,1.0637519,0.019013926,1.0230397951054186
1172.2587078734525,0.9980908,0.018423684,1.0228418812858235
1172.2686613456367,1.0097561,0.01853105,1.0226557588946565
1172.2786148178209,0.9929508,0.018377613,1.0224806495493324
1172.288568290005,0.98754036,0.018325249,1.0223164566615386
1172.2985217621892,1.0102715,0.01853011,1.0221614775004966
1172.3084752343734,1.0272799,0.018680312,1.0220136401624869
1172.3184287065576,0.96987164,0.01815741,1.0218711978441986
1172.3283821787418,1.0082254,0.018507158,1.021731780859583
1172.3383356509257,0.9874142,0.01831717,1.0215913310980005
1172.34828912311,1.0083582,0.01850604,1.02144615178919
1172.358242595294,0.98777544,0.018318297,1.0212922005295169
1172.3681960674783,0.9931581,0.018364595,1.0211255084876196
1172.3781495396624,1.0249401,0.018650508,1.020946506984366
1172.3881030118466,0.9635855,0.018091988,1.0207561985715727
1172.3980564840308,0.99712986,0.018396312,1.0205566856296904
1172.408009956215,1.0084131,0.018496137,1.0203528583492356
1172.4179634283992,0.99104047,0.018338008,1.02014966066188
1172.4279169005833,0.9911838,0.018335398,1.0199512246220594
1172.4378703727675,1.0334476,0.018717369,1.0197625105324826
1172.4478238449515,0.9818457,0.01825057,1.019584373158925
1172.4577773171357,0.969639,0.018137839,1.0194171521083062
1172.4677307893198,1.0097301,0.01850017,1.019260932460743
1172.477684261504,1.0108505,0.018507717,1.019115757161979
1172.4876377336882,0.9987342,0.018398648,1.018979645156404
1172.4975912058724,0.9989951,0.01839943,1.0188522347218814
1172.5075446780565,0.9904199,0.018320464,1.0187342569232798
1172.5174981502407,1.0060576,0.018458666,1.0186254601415605
1172.527451622425,1.0158821,0.018544953,1.0185252543051346
1172.537405094609,1.0021096,0.018421255,1.018433653422425
1172.5473585667933,1.0102443,0.01849289,1.0183519560921164
1172.5573120389774,1.0003518,0.018402357,1.0182786958666246
1172.5672655111614,0.9715852,0.01813953,1.01821324404271
1172.5772189833456,0.99040526,0.01831029,1.0181547928949546
1172.5871724555298,1.0006899,0.018400693,1.0181014816465814
1172.597125927714,0.9847456,0.018255012,1.0180494433237228
1172.607079399898,1.0360532,0.018714031,1.0179950624067533
1172.6170328720823,0.9830433,0.018236551,1.0179337489444338
1172.6269863442665,1.002459,0.018409943,1.0178622885865891
1172.6369398164506,0.99099267,0.018304527,1.0177799815977844
1172.6468932886348,1.0151728,0.018521458,1.0176870065795711
1172.656846760819,0.9989159,0.018372893,1.0175835644093962
1172.6668002330032,1.0208571,0.01857014,1.017473684699023
1172.6767537051871,1.025451,0.018609982,1.0173603389864665
1172.6867071773713,0.9914169,0.018302605,1.0172463774851424
1172.6966606495555,0.98565954,0.018248409,1.0171346143485889
1172.7066141217397,1.0070883,0.018442698,1.0170259753738047
1172.7165675939239,1.0112593,0.018478312,1.0169203402269884
1172.726521066108,0.9737989,0.018136755,1.016817207508087
1172.7364745382922,1.0396715,0.018727757,1.0167160131024024
1172.7464280104764,0.98765254,0.018260423,1.0166171533864856
1172.7563814826606,1.029631,0.018636337,1.0165221850449448
1172.7663349548448,1.0177925,0.018529857,1.0164346360286751
1172.776288427029,0.99320704,0.018306937,1.0163562342446055
1172.786241899213,1.0220792,0.018564913,1.0162883037646178
1172.796195371397,1.0199826,0.018543845,1.0162313842631643
1172.8061488435812,1.026972,0.018604018,1.0161846624334332
1172.8161023157654,1.0056573,0.018412502,1.0161435715119698
1172.8260557879496,1.0150422,0.018494409,1.0161040813155497
1172.8360092601338,1.0018665,0.018374715,1.0160612665118955
1172.845962732318,0.9854882,0.018226292,1.016010898808295
1172.8559162045021,1.0267271,0.018595012,1.0159513564220135
1172.8658696766863,0.9911751,0.01827548,1.0158823575193852
1172.8758231488705,0.9971291,0.018327516,1.015804371776316
1172.8857766210547,1.021339,0.018542966,1.0157216643346105
1172.8957300932389,0.99997365,0.018349933,1.0156378200108762
1172.9056835654228,1.0207583,0.01853467,1.0155562734105268
1172.915637037607,1.0188898,0.01851616,1.0154808101754291
1172.9255905097912,1.0127807,0.018459685,1.0154127873274759
1172.9355439819753,1.0212269,0.01853537,1.0153532457320738
1172.9454974541595,1.0109683,0.018440569,1.015303515549162
1172.9554509263437,1.0527112,0.018810874,1.0152637890702425
1172.9654043985279,1.0438374,0.018728685,1.0152333378852396
1172.975357870712,1.000677,0.018344868,1.0152122717713334
1172.9853113428962,1.0128847,0.01845339,1.0152022510579064
1172.9952648150804,0.9952594,0.018293612,1.0152026062521058
1173.0052182872646,1.0295422,0.018597038,1.0152135995088603
1173.0151717594485,1.0374088,0.018666798,1.015236335570226
1173.0251252316327,1.0313703,0.018611867,1.0152736961840139
1173.035078703817,1.019307,0.018502105,1.0153255666605094
1173.045032176001,1.0489968,0.01876414,1.0153937657796361
1173.0549856481853,1.0116855,0.018431127,1.0154812929669177
1173.0649391203694,1.045566,0.018731337,1.0155879438762767
1173.0748925925536,1.0308378,0.018600512,1.0157085383529674
1173.0848460647378,1.0427647,0.01870576,1.0158365952937745
1173.094799536922,1.0624096,0.018876152,1.0159614412502398
1173.1047530091062,1.0278888,0.018569356,1.0160711870807253
1173.1147064812903,1.0287653,0.018576264,1.016156243407648
1173.1246599534743,1.0201889,0.018499017,1.0162075613071333
1173.1346134256585,1.0488727,0.018751064,1.0162122577646169
1173.1445668978427,1.0243686,0.018532928,1.0161714525249674
1173.1545203700268,1.0645638,0.018885396,1.0160827564110155
1173.164473842211,1.0231869,0.018520126,1.015942649638959
1173.1744273143952,1.0081787,0.018383358,1.0157542478608241
1173.1843807865794,1.0026784,0.018332886,1.0155291193120326
1173.1943342587635,1.0493269,0.018745633,1.0152754229434677
1173.2042877309477,1.0646183,0.01887726,1.0149990328964607
1173.214241203132,1.0327508,0.018598262,1.014708800809091
1173.224194675316,1.0720893,0.018939836,1.0144092243020393
1173.2341481475,1.0733894,0.018950403,1.0141022083707028
1173.2441016196842,1.0725394,0.018941851,1.0137878182169775
1173.2540550918684,1.0578393,0.018811675,1.0134674626333855
1173.2640085640526,1.0016539,0.01831098,1.0131412790498304
1173.2739620362368,1.0389222,0.018642966,1.012809061958479
1173.283915508421,1.0148989,0.018428192,1.0124710148014735
1173.293868980605,1.0351769,0.018606832,1.0121282453065943
1173.3038224527893,1.0089581,0.018373027,1.0117813171858563
1173.3137759249735,1.0102035,0.018382112,1.0114302385014329
1173.3237293971576,1.0599649,0.01882088,1.0110753694957015
1173.3336828693418,1.0330783,0.018581752,1.0107163812376099
1173.3436363415258,1.0458935,0.018696295,1.0103520466911793
1173.35358981371,1.0339421,0.018587302,1.0099788382408477
1173.3635432858941,1.0301824,0.018552065,1.0095951397844551
1173.3734967580783,1.0129818,0.018398318,1.0091981349871708
1173.3834502302625,1.0104837,0.018375633,1.0087839811274357
1173.3934037024467,0.9911391,0.018200522,1.00834910402638
1173.4033571746309,1.0284109,0.01853106,1.0078940858768055
1173.413310646815,1.0150774,0.018411666,1.0074183781827792
1173.4232641189992,1.0510459,0.0187271,1.0069197949569082
1173.4332175911834,1.0262764,0.018506985,1.0064004340293446
1173.4431710633676,0.99221486,0.018202195,1.0058625660516591
1173.4531245355515,1.0042839,0.01830975,1.005307460624818
1173.4630780077357,1.0068656,0.01833109,1.00473423168353
1173.4730314799199,1.0289369,0.018526394,1.0041476441722175
1173.482984952104,0.9975889,0.018244738,1.0035497962385098
1173.4929384242882,0.98639387,0.01814286,1.0029422392548017
1173.5028918964724,1.0167023,0.018414332,1.0023260909418894
1173.5128453686566,1.0226876,0.01846577,1.001702929958276
1173.5227988408408,1.0037154,0.01829433,1.0010724059956637
1173.532752313025,1.0184073,0.018425029,1.0004324318580398
1173.5427057852091,1.0127832,0.01837272,0.9997819323541619
1173.5526592573933,0.99364007,0.018200034,0.9991207548038322
1173.5626127295773,0.969086,0.017977327,0.9984487837640817
1173.5725662017614,1.0069824,0.01831673,0.9977650310454818
1173.5825196739456,1.0096682,0.018340189,0.9970722105554305
1173.5924731461298,0.9928371,0.01818581,0.9963715536719541
1173.602426618314,0.9825825,0.018093262,0.9956637739690012
1173.6123800904982,0.9514208,0.01780763,0.9949491130231773
1173.6223335626823,0.99153817,0.018170448,0.994228819332012
1173.6322870348665,0.9927448,0.018180024,0.9935030542894612
1173.6422405070507,0.99129933,0.018166602,0.9927712931086283
1173.6521939792349,0.95983785,0.017878067,0.9920335887346546
1173.662147451419,0.9882965,0.018137362,0.9912903084611783
1173.6721009236032,1.0005376,0.018244978,0.990541397135922
1173.6820543957872,0.9967411,0.018209402,0.9897858738585035
1173.6920078679714,0.980789,0.018063279,0.9890242955639645
1173.7019613401555,0.95695096,0.017845124,0.9882565422592364
1173.7119148123397,0.9514196,0.017793091,0.9874821367262999
1173.721868284524,0.99899054,0.018224148,0.9867001415026084
1173.731821756708,0.9437669,0.017719429,0.9859115095262458
1173.7417752288923,0.9877545,0.01812031,0.9851164286766779
1173.7517287010764,0.9395631,0.01767901,0.984314735668849
1173.7616821732606,0.9493952,0.017766614,0.9835069117628559
1173.7716356454448,0.9666724,0.017924596,0.9826938784218547
1173.781589117629,0.962298,0.017881533,0.9818759217800044
1173.7915425898132,0.9626842,0.017884413,0.981052482895875
1173.801496061997,0.9520109,0.017783618,0.9802240018659252
1173.8114495341813,0.98498285,0.018082026,0.9793903879896252
1173.8214030063655,0.9793523,0.018032357,0.9785511196160868
1173.8313564785497,0.93442756,0.017619956,0.9777048059423034
1173.8413099507338,0.972556,0.01796815,0.9768518613969326
1173.851263422918,0.97484,0.017986402,0.9759919053283044
1173.8612168951022,0.97105473,0.017950293,0.975124152527382
1173.8711703672864,0.93964744,0.017662399,0.9742484205500125
1173.8811238394705,0.9555652,0.01780894,0.9733656915487287
1173.8910773116547,0.9906848,0.01812586,0.9724763282063074
1173.901030783839,0.94251996,0.017684458,0.9715799052532378
1173.9109842560229,0.98894364,0.018105274,0.9706772198731896
1173.920937728207,0.9489091,0.017741578,0.9697686200680814
1173.9308912003912,0.95850694,0.017828772,0.9688539844899897
1173.9408446725754,0.94399834,0.017694354,0.9679322801974996
1173.9507981447596,0.9521379,0.017767303,0.967004733721962
1173.9607516169438,0.9107866,0.017383546,0.9660718513409379
1173.970705089128,0.97151065,0.01794325,0.9651341958038502
1173.980658561312,0.9270834,0.017532123,0.9641927356016001
1173.9906120334963,0.9399016,0.01764922,0.9632488632422097
1174.0005655056805,0.9034254,0.01730743,0.9623032837754733
1174.0105189778646,0.93490976,0.01760056,0.9613562843659267
1174.0204724500486,0.9601322,0.017830936,0.9604079095658925
1174.0304259222328,0.91890204,0.017449053,0.959457724586859
1174.040379394417,0.9435002,0.017675014,0.9585048226563327
1174.0503328666011,0.93915224,0.017632443,0.9575470150453774
1174.0602863387853,0.96407044,0.017907916,0.9565833566186214
1174.0702398109695,0.93481266,0.017803498,0.9556126269969409
1174.0801932831537,0.9544546,0.018254656,0.9546336255738427
1174.0901467553379,0.9382584,0.018328713,0.9536457177296991
1174.100100227522,0.9359028,0.01848871,0.9526507984773899
1174.1100536997062,0.92495126,0.018572431,0.9516502876981916
1174.1200071718904,0.9683625,0.01925649,0.9506457304207706
1174.1299606440743,0.940587,0.01919023,0.9496394263572777
1174.1399141162585,0.95260346,0.019288618,0.9486332163601456
1174.1498675884427,0.9239004,0.019081574,0.9476283154173679
1174.1598210606269,0.9267078,0.019097917,0.9466255284867267
1174.169774532811,0.95819765,0.019493237,0.9456239239898062
1174.1797280049952,0.9538853,0.01963363,0.9446214370833041
1174.1896814771794,0.94890946,0.019546295,0.9436144158267181
1174.1996349493636,0.940588,0.019309174,0.9425969286169273
1174.2095884215478,0.9397098,0.019036347,0.941565417540846
1174.219541893732,0.9171983,0.018681167,0.9405162647828381
1174.2294953659161,0.9587735,0.019057546,0.939445367825709
1174.2394488381,0.9483385,0.01899605,0.9383523219789974
1174.2494023102843,0.9598128,0.019094322,0.9372405352386339
1174.2593557824684,0.9467032,0.01886051,0.9361128070580942
1174.2693092546526,0.94429016,0.018851297,0.9349704562101618
1174.2792627268368,0.9343821,0.018817997,0.9338167332762014
1174.289216199021,0.9302536,0.018923491,0.9326519282966341
1174.2991696712052,0.9298081,0.019009113,0.9314742338787336
1174.3091231433893,0.9477086,0.019184658,0.9302786575200312
1174.3190766155735,0.90878487,0.018740455,0.9290648223967437
1174.3290300877577,0.92967397,0.018933589,0.9278313068212471
1174.3389835599419,0.9346082,0.019064572,0.9265765657918245
1174.3489370321258,0.9563116,0.019292835,0.9253016436707613
1174.35889050431,0.9385116,0.019213399,0.9240110468765297
1174.3688439764942,0.9329269,0.019117532,0.9227075036913092
1174.3787974486784,0.94121885,0.019081276,0.9213924903513014
1174.3887509208625,0.92258877,0.01879052,0.9200690954317978
1174.3987043930467,0.9010494,0.018588016,0.9187391507734954
1174.408657865231,0.9128713,0.018817736,0.9174034711878375
1174.418611337415,0.9273326,0.018934965,0.9160616213328256
1174.4285648095993,0.93565255,0.019070376,0.9147146608753276
1174.4385182817834,0.8904359,0.018532045,0.9133625327180664
1174.4484717539676,0.9120848,0.01868973,0.9120047390427264
1174.4584252261516,0.93946886,0.01892585,0.9106405999726982
1174.4683786983358,0.89391005,0.018253326,0.9092704527022749
1174.47833217052,0.94539034,0.018655669,0.9078939415365224
1174.488285642704,0.91587836,0.018214365,0.9065098163522836
1174.4982391148883,0.8788149,0.017811537,0.9051176461389335
1174.5081925870725,0.93809646,0.018434472,0.903717024831054
1174.5181460592567,0.8610365,0.017702695,0.9023068153990456
1174.5280995314408,0.9229392,0.018391287,0.9008834806205744
1174.538053003625,0.9503105,0.018469302,0.8994465644864931
1174.5480064758092,0.9095488,0.017795172,0.8979938734516182
1174.5579599479934,0.9264592,0.017600922,0.8965216496198537
1174.5679134201773,0.9218905,0.017409291,0.8950240393996673
1174.5778668923615,0.8629672,0.01685147,0.893501182499169
1174.5878203645457,0.9141563,0.01733479,0.891951477536229
1174.5977738367299,0.86904305,0.01690554,0.8903709014760041
1174.607727308914,0.89552563,0.017156878,0.8887569693090528
1174.6176807810982,0.94338393,0.01760097,0.8871078907434012
1174.6276342532824,0.8860322,0.017065916,0.8854179407413668
1174.6375877254666,0.88497376,0.017055286,0.8836724795091819
1174.6475411976508,0.8886391,0.017087443,0.8818688872695575
1174.657494669835,0.9251527,0.017429708,0.8800033538097604
1174.667448142019,0.8763712,0.016969098,0.87807193958356
1174.6774016142033,0.8960528,0.01715436,0.876067016416483
1174.6873550863872,0.8470194,0.016684946,0.8740027081587842
1174.6973085585714,0.86778426,0.016882438,0.8718853760107543
1174.7072620307556,0.882925,0.017027685,0.8697208140488749
1174.7172155029398,0.88192874,0.017015941,0.8675201105959063
1174.727168975124,0.86047083,0.016810369,0.8652985547188257
1174.7371224473081,0.8677705,0.016878627,0.8630664330561478
1174.7470759194923,0.8580339,0.016785417,0.8608329056236677
1174.7570293916765,0.85969925,0.016800046,0.858605359922798
1174.7669828638607,0.85002846,0.016705465,0.8563873693586157
1174.7769363360449,0.87928915,0.016984243,0.8541806232502868
1174.786889808229,0.8423383,0.016628629,0.8519883854361464
1174.7968432804132,0.8417769,0.016622536,0.8498103969273079
1174.8067967525972,0.83606225,0.01656615,0.8476493614132345
1174.8167502247813,0.8469769,0.016670138,0.8455094871689152
1174.8267036969655,0.87802774,0.01696632,0.8433943998125479
1174.8366571691497,0.838612,0.016587473,0.8413012291633867
1174.8466106413339,0.8676622,0.016863989,0.8392282970579732
1174.856564113518,0.81786424,0.016380714,0.837175225850177
1174.8665175857022,0.84746295,0.016668294,0.8351388018247552
1174.8764710578864,0.824016,0.016438976,0.833115298852175
1174.8864245300706,0.83141863,0.01651271,0.8311012915096837
1174.8963780022548,0.8001559,0.016201336,0.829092481850843
1174.906331474439,0.82295156,0.016425535,0.8270835106233317
1174.916284946623,0.83487505,0.016542219,0.8250717870092364
1174.926238418807,0.8142452,0.016338594,0.8230559275662787
1174.9361918909913,0.8652279,0.016832253,0.821033597354885
1174.9461453631754,0.79703426,0.016165815,0.819001339295972
1174.9560988353596,0.85592747,0.016739646,0.8169523148950502
1174.9660523075438,0.8281025,0.016468583,0.8148739273388539
1174.976005779728,0.8390463,0.016573917,0.8127525249374323
1174.9859592519122,0.8098547,0.016288416,0.8105799734464838
1174.9959127240963,0.8319932,0.016505074,0.8083483161997981
1175.0058661962805,0.81435823,0.016330408,0.8060447525523398
1175.0158196684647,0.80398816,0.016226351,0.8036761282121692
1175.0257731406487,0.8194096,0.016377358,0.8012496685456136
1175.0357266128328,0.8222086,0.016403103,0.7987731305526395
1175.045680085017,0.84506744,0.016625607,0.7962539250914441
1175.0556335572012,0.78833693,0.016067142,0.7937127535169447
1175.0655870293854,0.808504,0.016265089,0.7911623789736599
1175.0755405015695,0.811441,0.016293546,0.7886142727652765
1175.0854939737537,0.80709517,0.01624819,0.786078321750741
1175.095447445938,0.8003342,0.01618131,0.7835591477075164
1175.105400918122,0.7981422,0.016158398,0.78106013331929
1175.1153543903063,0.793423,0.016110245,0.778586746478406
1175.1253078624904,0.7900241,0.016075322,0.7761412129503202
1175.1352613346744,0.7934138,0.01610724,0.773725775753278
1175.1452148068586,0.75821745,0.015751122,0.7713436802924878
1175.1551682790428,0.77356905,0.01590562,0.7690019163567843
1175.165121751227,0.7761227,0.015931059,0.7666924614068613
1175.175075223411,0.8002591,0.016171213,0.7644098749127587
1175.1850286955953,0.7607032,0.01577332,0.7621481924742621
1175.1949821677795,0.7557219,0.015721979,0.75990021752165
1175.2049356399637,0.7621411,0.015785534,0.757656661179482
1175.2148891121478,0.7537705,0.015698757,0.7554111098564175
1175.224842584332,0.75702965,0.015730986,0.7531564154320107
1175.2347960565162,0.7499325,0.015659157,0.7508870389071527
1175.2447495287001,0.74953336,0.01565274,0.7486015546241089
1175.2547030008843,0.7535194,0.015692746,0.7463001697391823
1175.2646564730685,0.7241406,0.015387929,0.7439827730662388
1175.2746099452527,0.72137535,0.015358265,0.7416524770085138
1175.2845634174369,0.73166084,0.0154636605,0.7393091929104454
1175.294516889621,0.72679764,0.015412159,0.73695018221269
1175.3044703618052,0.75964206,0.015748097,0.7345683017431659
1175.3144238339894,0.7503573,0.015653456,0.7321622607623788
1175.3243773061736,0.72505677,0.015389711,0.7297297616600109
1175.3343307783578,0.74933416,0.015639951,0.727268901031166
1175.344284250542,0.69101787,0.015030359,0.7247815864077143
1175.3542377227259,0.7139535,0.015272267,0.7222750248492028
1175.36419119491,0.71962017,0.015331378,0.7197545067313535
1175.3741446670942,0.72650784,0.01540082,0.7172245932910181
1175.3840981392784,0.70152223,0.015136828,0.7146892607790998
1175.3940516114626,0.7218405,0.015349873,0.7121474826959107
1175.4040050836468,0.7123524,0.015251127,0.7095936056047945
1175.413958555831,0.68886214,0.015000422,0.7070134522860396
1175.4239120280151,0.6837101,0.014943594,0.7043993031942354
1175.4338655001993,0.68015313,0.014904704,0.7017430155112255
1175.4438189723835,0.6765461,0.014866577,0.6990360370338745
1175.4537724445677,0.6833754,0.014938052,0.6962691741301307
1175.4637259167516,0.69537413,0.015066056,0.6934472860958892
1175.4736793889358,0.7123382,0.015242604,0.6905709366026519
1175.48363286112,0.6796598,0.01489378,0.6876387892633585
1175.4935863333042,0.67798245,0.014874965,0.6846598274621212
1175.5035398054883,0.6885204,0.014986013,0.681648699043854
1175.5134932776725,0.6781106,0.014873893,0.6786192863444143
1175.5234467498567,0.6558544,0.014632918,0.6755909191343148
1175.5334002220409,0.6593138,0.014668015,0.6725833712298536
1175.543353694225,0.67829424,0.014872544,0.6696097755917491
1175.5533071664092,0.65901333,0.0146624725,0.6666796097196399
1175.5632606385934,0.64983284,0.014561819,0.6638034529758136
1175.5732141107774,0.6454762,0.014513669,0.6609748506514732
1175.5831675829616,0.6722474,0.014802888,0.6581932923145103
1175.5931210551457,0.6462912,0.0145194875,0.6554617000682035
1175.60307452733,0.6555214,0.014619116,0.6527809350879579
1175.613027999514,0.6618484,0.014688866,0.6501436776144824
1175.6229814716983,0.63229513,0.014363069,0.6475451118029115
1175.6329349438824,0.63664085,0.014409293,0.6449822389350373
1175.6428884160666,0.63891006,0.014434018,0.6424463330744606
1175.6528418882508,0.61786133,0.014196873,0.6399315933920015
1175.662795360435,0.618847,0.014208213,0.6374345953597457
1175.6727488326192,0.6107358,0.01411451,0.6349530753375768
1175.6827023048033,0.6077706,0.0140798865,0.6324791797285538
1175.6926557769873,0.60669935,0.014066978,0.6300070657476942
1175.7026092491715,0.63566446,0.014391329,0.6275301582077862
1175.7125627213557,0.6050185,0.014046201,0.6250411721291474
1175.7225161935398,0.60550237,0.014050468,0.6225377368189325
1175.732469665724,0.60181594,0.014008011,0.6200192789267138
1175.7424231379082,0.5988162,0.0139722545,0.6174866710765335
1175.7523766100924,0.6276847,0.014296868,0.6149452135255757
1175.7623300822765,0.63139683,0.01433816,0.6124024083289761
1175.7722835544607,0.6090763,0.014086644,0.6098659160555902
1175.782237026645,0.6066947,0.014058909,0.6073479485846025
1175.792190498829,0.5613393,0.013533575,0.6048570036435691
1175.802143971013,0.58319044,0.01378785,0.6023999557298194
1175.8120974431972,0.59253454,0.013893162,0.5999832078284181
1175.8220509153814,0.59268534,0.013895027,0.5976170625784539
1175.8320043875656,0.58900183,0.013851814,0.5952969131983052
1175.8419578597498,0.5644366,0.013564684,0.5930238196571586
1175.851911331934,0.56823134,0.01360945,0.5908026203470307
1175.861864804118,0.5611252,0.013523143,0.588638484028549
1175.8718182763023,0.5902132,0.013860707,0.5865292151375995
1175.8817717484865,0.5865342,0.013817614,0.5844771547182878
1175.8917252206707,0.57198507,0.013648802,0.5824893560703999
1175.9016786928548,0.5658714,0.013576158,0.5805606060956207
1175.911632165039,0.5495969,0.013383611,0.578685158307204
1175.921585637223,0.5548929,0.013444934,0.5768607620539725
1175.9315391094071,0.5697483,0.013617483,0.5750931988631123
1175.9414925815913,0.55201274,0.013408424,0.5733728837556826
1175.9514460537755,0.5683974,0.013601015,0.5716976844294758
1175.9613995259597,0.57377285,0.013662503,0.5700675557131066
1175.9713529981439,0.57027614,0.013620323,0.5684842745396045
1175.981306470328,0.5708795,0.013626663,0.5669394612723231
1175.9912599425122,0.56486505,0.013555593,0.5654292853736925
1176.0012134146964,0.59132785,0.013860901,0.5639504932404226
1176.0111668868806,0.5664947,0.01357234,0.5624960046976932
1176.0211203590648,0.56300586,0.013530139,0.5610586370119051
1176.0310738312487,0.56467634,0.01354965,0.5596350265333444
1176.0410273034329,0.54771537,0.013348233,0.558223516092718
1176.050980775617,0.57336366,0.013648545,0.5568190278452835
1176.0609342478012,0.5424782,0.013284414,0.5554160201637438
1176.0708877199854,0.556732,0.0134526,0.5540076822755551
1176.0808411921696,0.5375709,0.013223098,0.5525836553407174
1176.0907946643538,0.5689261,0.013593386,0.551139294731512
1176.100748136538,0.5647326,0.013543625,0.5496706834082902
1176.1107016087221,0.5609271,0.013496512,0.548174806376112
1176.1206550809063,0.5380492,0.013224443,0.5466519019942863
1176.1306085530905,0.55136395,0.013381696,0.5451090834736494
1176.1405620252744,0.5504342,0.0133701945,0.5435523729905943
1176.1505154974586,0.5688589,0.01358645,0.541989846551866
1176.1604689696428,0.5578654,0.013457398,0.5404323283406868
1176.170422441827,0.571255,0.013612926,0.5388893743430253
1176.1803759140112,0.53119504,0.013136748,0.5373697337902248
1176.1903293861953,0.5487945,0.013347997,0.5358860484931488
1176.2002828583795,0.5383193,0.013221739,0.534439599692915
1176.2102363305637,0.5496937,0.013354263,0.5330323097160862
1176.2201898027479,0.5360637,0.0131921265,0.5316665480006061
1176.230143274932,0.5318543,0.013140123,0.5303486221970724
1176.2400967471162,0.54004496,0.013238077,0.5290754911171088
1176.2500502193002,0.5530241,0.01338996,0.5278518348337377
1176.2600036914844,0.51271385,0.0129038645,0.5266872477250597
1176.2699571636686,0.54631895,0.013308412,0.5255862147373591
1176.2799106358527,0.5464991,0.013309542,0.5245417970744348
1176.289864108037,0.5381104,0.013209413,0.5235502343818387
1176.299817580221,0.5391607,0.013221014,0.5226130981216047
1176.3097710524053,0.5291065,0.013099314,0.5217233788175552
1176.3197245245894,0.5345186,0.0131634725,0.5208771333074083
1176.3296779967736,0.53221303,0.013135593,0.5200739248663601
1176.3396314689578,0.522344,0.01301346,0.5193217159877399
1176.349584941142,0.53424793,0.013157642,0.5186139996050074
1176.359538413326,0.5529097,0.013378104,0.5179512644102404
1176.3694918855101,0.5320773,0.013129277,0.5173358340842327
1176.3794453576943,0.52054024,0.012988084,0.5167713813151711
1176.3893988298785,0.5246829,0.0130384015,0.5162514988160051
1176.3993523020627,0.54706526,0.013305187,0.5157753156430217
1176.4093057742468,0.5224592,0.013009886,0.5153455103943384
1176.419259246431,0.5250482,0.013040139,0.5149600425240448
1176.4292127186152,0.49151185,0.012625968,0.5146141975416346
1176.4391661907994,0.5050163,0.012792823,0.5143069732596484
1176.4491196629835,0.5157234,0.012922929,0.5140431035822056
1176.4590731351677,0.531892,0.013119474,0.5138185883519452
1176.4690266073517,0.52639234,0.013051832,0.5136326243462367
1176.4789800795359,0.5287119,0.013076998,0.5134864884415908
1176.48893355172,0.51302046,0.0128866695,0.513387056677323
1176.4988870239042,0.52809644,0.013069672,0.5133285282090407
1176.5088404960884,0.5145448,0.012903905,0.5133111702744786
1176.5187939682726,0.51155835,0.012867186,0.5133373901548796
1176.5287474404568,0.5223319,0.012997356,0.513408951921362
1176.538700912641,0.5345531,0.013143282,0.5135205666306574
1176.548654384825,0.5148947,0.012903898,0.5136714902498393
1176.5586078570093,0.5444772,0.013260763,0.5138648840102054
1176.5685613291935,0.51253605,0.012873427,0.5140980130069415
1176.5785148013774,0.51583475,0.012912934,0.5143673176213402
1176.5884682735616,0.51945806,0.012956364,0.5146719229055251
1176.5984217457458,0.49942628,0.012709131,0.5150165482405608
1176.60837521793,0.5262177,0.0130359735,0.5153964532192339
1176.6183286901141,0.50984365,0.012836087,0.5158114095774549
1176.6282821622983,0.50742,0.012908853,0.5162632470679079
1176.6382356344825,0.50662684,0.013088768,0.5167575133040903
1176.6481891066667,0.5189811,0.013419103,0.5172894845549494
1176.6581425788509,0.5176089,0.013463723,0.517859062757991
1176.668096051035,0.5310881,0.01383894,0.5184678194552981
1176.6780495232192,0.50877064,0.013747198,0.5191142137572439
1176.6880029954032,0.5339252,0.014249989,0.519791752588295
1176.6979564675873,0.53863007,0.01434683,0.520497375935623
1176.7079099397715,0.52431387,0.01410799,0.5212312164205795
1176.7178634119557,0.54178435,0.01434844,0.5219897755558173
1176.7278168841399,0.5607249,0.014701544,0.522771543747206
1176.737770356324,0.5428897,0.014522797,0.5235773447141918
1176.7477238285082,0.5406998,0.014608854,0.524413490011532
1176.7576773006924,0.5434302,0.01445159,0.5252782107239783
1176.7676307728766,0.53631264,0.014183686,0.5261732506027135
1176.7775842450608,0.54389894,0.014129288,0.5271014236113742
1176.787537717245,0.5220616,0.013918582,0.5280668878797153
1176.7974911894291,0.51228476,0.013802679,0.5290656821111752
1176.807444661613,0.5380593,0.0141686145,0.5300979248495014
1176.8173981337973,0.533523,0.0139817605,0.5311663779616423
1176.8273516059814,0.5226733,0.013844868,0.5322709255696771
1176.8373050781656,0.5360456,0.013997583,0.5334084527732653
1176.8472585503498,0.5442057,0.014244343,0.5345787316364702
1176.857212022534,0.54955226,0.0143919205,0.5357857314831008
1176.8671654947182,0.56273323,0.014560245,0.5370261582159442
1176.8771189669023,0.5974699,0.014969595,0.5382983360817979
1176.8870724390865,0.55470806,0.014442387,0.5396020813396138
1176.8970259112707,0.5631795,0.014519489,0.5409421922830949
1176.9069793834549,0.5714462,0.014638326,0.5423130845968546
1176.916932855639,0.5437716,0.014307365,0.5437145166090633
1176.926886327823,0.5619343,0.014603883,0.5451477811299124
1176.9368398000072,0.55792505,0.014441649,0.546614842123891
1176.9467932721914,0.5472575,0.014187686,0.5481117769305833
1176.9567467443756,0.5804807,0.014706487,0.5496384012994128
1176.9667002165597,0.5837997,0.014839378,0.5511973595477276
1176.976653688744,0.56267494,0.014514291,0.5527879369000905
1176.986607160928,0.572049,0.014662133,0.5544078049055118
1176.9965606331123,0.5920937,0.014994947,0.5560570250376848
1177.0065141052964,0.57274455,0.014633481,0.5577399642771175
1177.0164675774806,0.55206394,0.014315844,0.5594535648338459
1177.0264210496648,0.6021828,0.014784638,0.5611969807985717
1177.0363745218488,0.5746819,0.014370813,0.5629705746205748
1177.046327994033,0.5583001,0.0140710855,0.5647784114584994
1177.0562814662171,0.56237257,0.0140311485,0.5666154012981371
1177.0662349384013,0.56259483,0.014022623,0.5684811705985212
1177.0761884105855,0.57599837,0.014205569,0.5703770711337378
1177.0861418827697,0.5771717,0.0143241985,0.5723044149509382
1177.0960953549538,0.5764703,0.014248054,0.5742599584577692
1177.106048827138,0.59223056,0.014222108,0.5762438320137125
1177.1160022993222,0.5686616,0.013614787,0.5782592508096143
1177.1259557715064,0.59506553,0.013795023,0.5803053357744423
1177.1359092436905,0.58492595,0.013678224,0.5823800519055884
1177.1458627158745,0.57854855,0.01360464,0.5844830346679096
1177.1558161880587,0.57711065,0.013587426,0.5866176005048
1177.1657696602429,0.5843223,0.013669098,0.5887789759491291
1177.175723132427,0.5699127,0.013502169,0.5909650413552255
1177.1856766046112,0.5832577,0.013655215,0.5931744992913728
1177.1956300767954,0.58412534,0.013663912,0.5954078585345581
1177.2055835489796,0.5600187,0.013384048,0.5976600929895942
1177.2155370211638,0.5876167,0.013700572,0.5999301552178522
1177.225490493348,0.59237015,0.013754776,0.6022191094347856
1177.235443965532,0.5932908,0.01376388,0.6045288755537848
1177.2453974377163,0.6101031,0.013952903,0.6068596459169667
1177.2553509099002,0.6003423,0.013842209,0.6092141164172695
1177.2653043820844,0.5975468,0.01381029,0.6115986256427502
1177.2752578542686,0.620377,0.014064323,0.6140150400374138
1177.2852113264528,0.57607067,0.013562557,0.6164636983195564
1177.295164798637,0.59980875,0.013831993,0.6189459180930598
1177.3051182708211,0.58787453,0.013695219,0.6214678690871893
1177.3150717430053,0.5894251,0.013712836,0.6240250135565705
1177.3250252151895,0.6131232,0.013978456,0.6266169359953434
1177.3349786873737,0.6157056,0.0140075935,0.6292448029032972
1177.3449321595579,0.64849687,0.014365536,0.6319129309219182
1177.354885631742,0.61785954,0.014029574,0.6346164193933713
1177.364839103926,0.5952979,0.01377416,0.6373553903977378
1177.3747925761102,0.62304413,0.014083846,0.640132241410243
1177.3847460482943,0.6171938,0.01401893,0.6429466882446814
1177.3946995204785,0.6146865,0.013989212,0.6457931322997015
1177.4046529926627,0.6104736,0.013941461,0.6486691715653836
1177.4146064648469,0.6112919,0.013949379,0.6515760841681103
1177.424559937031,0.61517364,0.013992063,0.6545110902890136
1177.4345134092152,0.60956913,0.01392855,0.6574720700659401
1177.4444668813994,0.610986,0.013944402,0.6604574797840199
1177.4544203535836,0.6305355,0.014160218,0.663466775354782
1177.4643738257678,0.6311858,0.014166285,0.6664902450286986
1177.4743272979517,0.66981494,0.014582099,0.6695192939505527
1177.484280770136,0.64082646,0.014269256,0.6725434569312382
1177.49423424232,0.6362152,0.014218751,0.6755492683046512
1177.5041877145043,0.6448183,0.01431158,0.6785288134390514
1177.5141411866884,0.6217604,0.014058239,0.6814747057272588
1177.5240946588726,0.6471705,0.014335266,0.6843779496262653
1177.5340481310568,0.61836565,0.014019023,0.6872340183464708
1177.544001603241,0.6817471,0.014702907,0.6900463509683415
1177.5539550754252,0.65932024,0.014463101,0.6928170270490233
1177.5639085476093,0.64749277,0.014334913,0.6955457956653861
1177.5738620197935,0.642489,0.014279604,0.6982405615797697
1177.5838154919775,0.66885835,0.014562362,0.700907545080309
1177.5937689641617,0.66248935,0.0144937625,0.7035501241706146
1177.6037224363458,0.67182106,0.014620362,0.706166953275828
1177.61367590853,0.6616556,0.014548898,0.7087636661053652
1177.6236293807142,0.6519608,0.014472466,0.7113434947920353
1177.6335828528984,0.6938836,0.015220318,0.7139117381423026
1177.6435363250826,0.701798,0.01549639,0.7164775937635592
1177.6534897972667,0.714037,0.015596308,0.7190515639533697
1177.663443269451,0.70047855,0.015676081,0.7216417767997347
1177.673396741635,0.704759,0.015800942,0.7242564383682999
1177.6833502138193,0.71185744,0.015936974,0.7269005339178508
1177.6933036860032,0.7085028,0.016078899,0.729574443735472
1177.7032571581874,0.7185409,0.016485395,0.732280061677302
1177.7132106303716,0.74135137,0.016560312,0.7350221696463959
1177.7231641025558,0.7296707,0.016618732,0.7377966037050486
1177.73311757474,0.7502126,0.017109325,0.740598587923553
1177.7430710469241,0.7356945,0.016874542,0.7434246075011857
1177.7530245191083,0.73525345,0.016657721,0.7462752303611975
1177.7629779912925,0.7434258,0.016793478,0.7491452023066371
1177.7729314634767,0.73000956,0.016732855,0.7520328614047674
1177.7828849356608,0.7532681,0.01682761,0.7549362172665735
1177.792838407845,0.76571697,0.017110601,0.7578515476694956
1177.8027918800292,0.778878,0.017416596,0.7607707933496481
1177.8127453522131,0.7529903,0.016941318,0.7636861390608197
1177.8226988243973,0.7436228,0.016655874,0.7665871908343781
1177.8326522965815,0.78052664,0.017118784,0.7694640179889535
1177.8426057687657,0.7841508,0.017384002,0.7723110039273754
1177.8525592409499,0.7861543,0.017425353,0.7751226757046107
1177.862512713134,0.7659891,0.01693287,0.7778903066330287
1177.8724661853182,0.7686737,0.016938241,0.7806156883450865
1177.8824196575024,0.7476983,0.016866723,0.7833024170211406
1177.8923731296866,0.79308504,0.01720766,0.7859544456379791
1177.9023266018708,0.80629915,0.017316598,0.7885729399925627
1177.912280074055,0.80878335,0.017428227,0.7911689115137104
1177.9222335462389,0.79144967,0.01711594,0.7937472214112976
1177.932187018423,0.80139816,0.017297896,0.7963111361228445
1177.9421404906072,0.8406986,0.017995683,0.7988624740519255
1177.9520939627914,0.7816194,0.01744499,0.8014053028616008
1177.9620474349756,0.80582744,0.017455956,0.8039429082318902
1177.9720009071598,0.7938196,0.017647386,0.8064803478048798
1177.981954379344,0.7849392,0.017494578,0.809024228351596
1177.9919078515281,0.80181056,0.017502552,0.8115791304450873
1178.0018613237123,0.8204306,0.017551888,0.8141483858056786
1178.0118147958965,0.78852576,0.017081583,0.8167366834098803
1178.0217682680807,0.7893471,0.016955802,0.8193447932346516
1178.0317217402649,0.80527925,0.017093925,0.8219734170585085
1178.0416752124488,0.8473157,0.017583199,0.8246236103324981
1178.051628684633,0.84487414,0.017229872,0.8272989562843199
1178.0615821568172,0.8302617,0.01710019,0.8299942737081178
1178.0715356290013,0.84057933,0.016928269,0.8327072888697691
1178.0814891011855,0.8037758,0.016056068,0.8354369317103721
1178.0914425733697,0.849345,0.016319254,0.8381842402893059
1178.1013960455539,0.83271784,0.01615841,0.8409474783901214
1178.111349517738,0.8491251,0.016313286,0.843726635440224
1178.1213029899222,0.85977685,0.016412275,0.8465213828086494
1178.1312564621064,0.8296835,0.016126275,0.8493275408273115
1178.1412099342906,0.87785566,0.016578566,0.8521380777881472
1178.1511634064746,0.8780088,0.016578818,0.854946454131873
1178.1611168786587,0.8859179,0.016650468,0.8577446761549037
1178.171070350843,0.89732516,0.016754063,0.8605277273287848
1178.181023823027,0.8717263,0.016517064,0.8632935916152672
1178.1909772952113,0.88615143,0.01664971,0.8660420794280097
1178.2009307673954,0.87737525,0.016566886,0.8687733929733376
1178.2108842395796,0.8816306,0.016605327,0.8714943004495495
1178.2208377117638,0.9049473,0.016818384,0.8742076966656919
1178.230791183948,0.9227734,0.016979188,0.8769126916126171
1178.2407446561322,0.8894186,0.016673174,0.8796017030793037
1178.2506981283163,0.8684238,0.016478404,0.8822664361186767
1178.2606516005003,0.91681784,0.0169226,0.8848967546690194
1178.2706050726845,0.88804126,0.016657686,0.8874796936471643
1178.2805585448687,0.9402491,0.017131334,0.8900056056774819
1178.2905120170528,0.9372293,0.01710311,0.8924734484988605
1178.300465489237,0.9264969,0.017006025,0.8948787862156797
1178.3104189614212,0.9787347,0.017469171,0.8972093017823239
1178.3203724336054,0.95448786,0.017254727,0.8994657362243107
1178.3303259057896,0.923612,0.016975906,0.9016498386915521
1178.3402793779737,0.9617324,0.017315919,0.903761409701429
1178.350232850158,0.91770756,0.016919779,0.9057934403458991
1178.360186322342,0.9338605,0.017065143,0.907765708106833
1178.370139794526,0.91401076,0.016885225,0.9096896699928391
1178.3800932667102,0.93438125,0.017068023,0.911575215467905
1178.3900467388944,0.9422903,0.017137839,0.9134301058231037
1178.4000002110786,0.96852124,0.017369121,0.9152660405439841
1178.4099536832628,0.9446463,0.017156119,0.9170882896262892
1178.419907155447,0.9772614,0.017443545,0.9189016114235206
1178.4298606276311,0.9627145,0.017314283,0.9207128337683372
1178.4398140998153,0.99376124,0.017586004,0.9225282641667305
1178.4497675719995,0.98490137,0.017507521,0.9243515393244913
1178.4597210441837,0.96079695,0.017293576,0.9261845373911113
1178.4696745163678,0.9800958,0.017462987,0.9280255361965678
1178.4796279885518,0.98296714,0.017486602,0.9298727496446024
1178.489581460736,0.96226,0.017303752,0.9317254958424589
1178.4995349329201,1.0021142,0.017651035,0.9335838020700632
1178.5094884051043,0.9694167,0.01736477,0.9354452575063973
1178.5194418772885,0.97011924,0.017369337,0.9373066623826807
1178.5293953494727,0.97254485,0.017389754,0.9391626337087133
1178.5393488216569,0.9519041,0.017206756,0.9410029473322791
1178.549302293841,0.95470685,0.01722926,0.9428198060699444
1178.5592557660252,0.9723938,0.017384984,0.9446045745321208
1178.5692092382094,0.99734026,0.017602427,0.9463462473668472
1178.5791627103936,1.019841,0.017795216,0.948035133780533
1178.5891161825775,0.9784804,0.017434478,0.9496713157206524
1178.5990696547617,0.99754304,0.017600158,0.9512520676468413
1178.6090231269459,0.9440293,0.017128598,0.9527706746517476
1178.61897659913,0.98566306,0.017494313,0.954231481447956
1178.6289300713142,1.0066333,0.017675355,0.9556407693832852
1178.6388835434984,1.014973,0.017746154,0.9570008190229875
1178.6488370156826,1.0098716,0.017701255,0.9583059029428839
1178.6587904878668,1.0010189,0.017622719,0.9595620547179281
1178.668743960051,0.9804223,0.017442698,0.9607693888667651
1178.6786974322351,0.97198296,0.017367901,0.9619263730656458
1178.6886509044193,0.96176034,0.017276518,0.9630287752140713
1178.6986043766033,1.000605,0.017615225,0.9640905102502273
1178.7085578487874,0.9852092,0.01748017,0.9651207580048192
1178.7185113209716,0.98263437,0.017456708,0.966129311230829
1178.7284647931558,0.975231,0.017390765,0.9671271454413245
1178.73841826534,1.0074489,0.01767012,0.9681244257267094
1178.7483717375242,0.9790795,0.017422684,0.9691278453553744
1178.7583252097083,0.9743005,0.017379686,0.9701441579539465
1178.7682786818925,1.0016873,0.017617516,0.9711771841141231
1178.7782321540767,0.9960304,0.017566707,0.9722278142669093
1178.7881856262609,1.0006889,0.017605959,0.9732969511241527
1178.798139098445,0.95466995,0.017202277,0.9743879176131356
1178.808092570629,0.992218,0.017530123,0.9754995181181789
1178.8180460428132,1.0308127,0.017861638,0.9766316645479702
1178.8279995149974,0.9902357,0.01751096,0.9777837738813264
1178.8379529871816,0.9910887,0.017517425,0.9789554162443496
1178.8479064593657,0.9991366,0.01758624,0.9801394790404276
1178.85785993155,1.0176115,0.017744286,0.981332237675236
1178.867813403734,1.0178491,0.01774497,0.9825306552255293
1178.8777668759183,1.0190775,0.01775349,0.9837313052989771
1178.8877203481024,1.0008026,0.017595893,0.9849294463544804
1178.8976738202866,1.0349358,0.017887603,0.98611886107967
1178.9076272924708,1.0246506,0.017798094,0.9872886457022998
1178.917580764655,1.0333159,0.017870922,0.9884269892365983
1178.927534236839,1.0227343,0.017779257,0.9895256171844914
1178.9374877090231,1.0078156,0.017650306,0.9905754331738762
1178.9474411812073,1.0135018,0.017698225,0.9915604705761416
1178.9573946533915,1.0352801,0.017883476,0.9924791169998588
1178.9673481255757,0.98494947,0.017448695,0.9933302514741567
1178.9773015977598,1.029538,0.01783279,0.9941125560157821
1178.987255069944,1.0270234,0.017809821,0.9948159174946125
1178.9972085421282,1.0028918,0.017601574,0.9954560960659319
1179.0071620143124,0.99683017,0.01754832,0.9960393405530725
1179.0171154864966,1.0205795,0.017751137,0.9965709152949125
1179.0270689586807,1.0042508,0.017610095,0.9970541586509223
1179.037022430865,1.0004842,0.017576456,0.9975002996867397
1179.0469759030489,1.0210706,0.017751997,0.9979118173945971
1179.056929375233,1.0522151,0.01801587,0.998286324105943
1179.0668828474172,0.9779542,0.017377822,0.9986226472633764
1179.0768363196014,1.032091,0.017843433,0.99892515155736
1179.0867897917856,1.0038843,0.017600503,0.9991977678072848
1179.0967432639698,1.002298,0.017586693,0.9994447969825785
1179.106696736154,1.0130142,0.017676568,0.9996751200695765
1179.1166502083381,1.0004066,0.017568348,0.9998941237276309
1179.1266036805223,0.98835456,0.017462647,1.0001043166774135
1179.1365571527065,1.0074196,0.017626375,1.0003063740061378
1179.1465106248907,0.9860097,0.01744044,1.000502551618284
1179.1564640970746,0.9724821,0.017320551,1.0006935763972922
1179.1664175692588,0.9836118,0.017417464,1.000879526852014
1179.176371041443,0.989137,0.017464599,1.0010594059186047
1179.1863245136271,0.9972591,0.017534014,1.0012331942748256
1179.1962779858113,0.9847599,0.017424714,1.0014000526832283
1179.2062314579955,1.0270743,0.017788282,1.001558933629836
1179.2161849301797,1.0092458,0.017634442,1.0017097413415894
1179.2261384023639,0.9726746,0.017316643,1.0018543872301722
1179.236091874548,1.006467,0.017608253,1.0019945282230378
1179.2460453467322,1.003316,0.017579962,1.0021319799040522
1179.2559988189164,0.96820384,0.017273605,1.002268820013534
1179.2659522911003,1.0038818,0.017583296,1.0024061743516826
1179.2759057632845,0.95996916,0.017199473,1.0025443357365695
1179.2858592354687,0.9913478,0.01747294,1.0026830964693287
1179.2958127076529,0.98630977,0.017428402,1.0028219020815619
1179.305766179837,1.0149899,0.017674232,1.0029605045118357
1179.3157196520212,1.0037248,0.017576404,1.0030990675988858
1179.3256731242054,0.98718095,0.01743269,1.0032383276183858
1179.3356265963896,0.96651167,0.017251842,1.0033791094539546
1179.3455800685738,0.96827245,0.017266365,1.003522248912742
1179.355533540758,0.9662751,0.017247126,1.003668701296279
1179.3654870129421,0.9608564,0.017198106,1.0038194808994223
1179.375440485126,0.9662221,0.017244695,1.0039746439008335
1179.3853939573103,0.9815483,0.017377615,1.0041344976602486
1179.3953474294944,0.98479015,0.017404687,1.0042995385722095
1179.4053009016786,0.9973818,0.01751324,1.0044694180770328
1179.4152543738628,0.98616016,0.017414328,1.0046431411688057
1179.425207846047,1.0025448,0.017555643,1.0048198751173731
1179.4351613182312,0.97011566,0.017272864,1.004998894971956
1179.4451147904153,0.95591366,0.017147524,1.0051792762577372
1179.4550682625995,0.9895541,0.017440403,1.0053607908082214
1179.4650217347837,0.9736852,0.017300945,1.0055438675010069
1179.4749752069679,0.9450459,0.017048633,1.005730126772803
1179.4849286791518,0.96855277,0.017254217,1.0059206861295344
1179.494882151336,0.9765472,0.017323313,1.0061167741157462
1179.5048356235202,0.9977233,0.017505476,1.006319352554967
1179.5147890957044,0.97615075,0.0173178,1.006528701956194
1179.5247425678886,0.9707017,0.017269593,1.0067421990412646
1179.5346960400727,0.9780171,0.01733314,1.0069567885027961
1179.544649512257,0.9734735,0.017291615,1.007167647126176
1179.554602984441,0.9850764,0.017390998,1.0073685211740246
1179.5645564566253,0.9708781,0.017266717,1.0075546349112128
1179.5745099288094,0.9664141,0.017227234,1.0077213075304483
1179.5844634009936,0.97417337,0.017293397,1.0078623309691623
1179.5944168731776,1.0096259,0.017599445,1.0079773540156651
1179.6043703453618,0.99180573,0.017444631,1.0080685698986451
1179.614323817546,0.9714603,0.01726761,1.0081380367841242
1179.6242772897301,0.96622473,0.017219543,1.0081862531698924
1179.6342307619143,0.9480826,0.01705941,1.008219377712157
1179.6441842340985,0.9743951,0.017289706,1.0082410342053467
1179.6541377062827,0.97698504,0.017311035,1.008254296091001
1179.6640911784668,0.997636,0.01748897,1.0082621370234524
1179.674044650651,0.9722136,0.017267656,1.0082688286148525
1179.6839981228352,0.9794445,0.017329426,1.0082772835919183
1179.6939515950194,0.9860528,0.017385425,1.0082904240873765
1179.7039050672033,0.9589752,0.01714891,1.008310940810193
1179.7138585393875,0.950142,0.01706995,1.0083393767458158
1179.7238120115717,0.98830503,0.01740297,1.0083762988808114
1179.7337654837559,1.0053277,0.017548848,1.008422714942163
1179.74371895594,0.98359823,0.017359203,1.0084784097601132
1179.7536724281242,0.97211814,0.017258735,1.0085424655061175
1179.7636259003084,0.9696703,0.017236467,1.0086145303826286
1179.7735793724926,0.9729464,0.017264077,1.0086951099039014
1179.7835328446768,0.9894225,0.017448654,1.008782960266423
1179.793486316861,0.9825433,0.017492618,1.0088772524811866
1179.8034397890451,0.98878807,0.017569337,1.0089774500187538
1179.813393261229,0.98426604,0.017774146,1.0090838527089678
1179.8233467334132,1.0130662,0.018455023,1.0091950733664494
1179.8333002055974,1.0053737,0.018177802,1.0093107964399284
1179.8432536777816,1.0147686,0.01860343,1.0094310240935433
1179.8532071499658,0.98865384,0.01848761,1.0095562094726058
1179.86316062215,1.0229899,0.018838208,1.0096859009661214
1179.8731140943341,1.0071595,0.018850828,1.0098202653193962
1179.8830675665183,1.0548342,0.019622674,1.009959812371027
1179.8930210387025,1.0189668,0.019248238,1.0101047765184012
1179.9029745108867,0.99771315,0.019090941,1.0102547043455896
1179.9129279830709,1.0131176,0.019440437,1.0104095583761232
1179.922881455255,1.0534102,0.019963728,1.0105697825288888
1179.932834927439,1.0127093,0.01927217,1.0107350299923517
1179.9427883996232,1.0319283,0.019380266,1.0109049340152274
1179.9527418718073,1.0499802,0.01985319,1.0110794500072884
1179.9626953439915,0.9942418,0.019164234,1.01125926287974
1179.9726488161757,1.0427755,0.019593341,1.0114439243330948
1179.9826022883599,1.0106642,0.01948439,1.0116335942869648
1179.992555760544,1.0265757,0.019486926,1.0118287453944537
1180.0025092327282,1.03487,0.019398123,1.012030704485728
1180.0124627049124,0.9973294,0.01911293,1.0122388283906187
1180.0224161770966,0.9924299,0.019126577,1.0124528747606796
1180.0323696492808,1.0500739,0.019922813,1.0126721152869975
1180.042323121465,1.0353768,0.019515084,1.0128947005752669
1180.052276593649,1.0281928,0.01925255,1.0131177131657485
1180.062230065833,1.0366498,0.019496182,1.0133387332559827
1180.0721835380173,1.0304605,0.019324793,1.0135551790577386
1180.0821370102014,1.0151886,0.019127993,1.0137655812478559
1180.0920904823856,1.028885,0.019412875,1.013970241098801
1180.1020439545698,1.0201503,0.01930703,1.014170039164054
1180.111997426754,1.0203288,0.019226748,1.0143663432700256
1180.1219508989382,1.0385082,0.019707032,1.0145615464958149
1180.1319043711223,1.0116618,0.019512406,1.0147573693741738
1180.1418578433065,0.99807984,0.019246906,1.014954923290936
1180.1518113154907,1.0252993,0.019668808,1.0151551996512884
1180.1617647876747,1.0187718,0.019745437,1.0153579624465736
1180.1717182598588,1.0379791,0.019657368,1.015563062710939
1180.181671732043,1.0240008,0.019404465,1.0157703713352966
1180.1916252042272,0.9685766,0.018685037,1.0159799571532273
1180.2015786764114,0.9925599,0.018776188,1.0161915399387527
1180.2115321485956,1.0543195,0.019226417,1.0164052460387007
1180.2214856207797,1.011801,0.018938368,1.0166214319943787
1180.231439092964,1.0123428,0.018638536,1.0168404537748308
1180.241392565148,1.0011696,0.01832582,1.017062243671991
1180.2513460373323,0.97279084,0.017997453,1.0172869304662482
1180.2612995095164,0.98745036,0.017553797,1.0175149091862308
1180.2712529817004,0.9980866,0.017435411,1.0177461605391218
1180.2812064538846,1.0169092,0.017593183,1.0179805388784788
1180.2911599260688,0.9828787,0.017300688,1.0182180856318266
1180.301113398253,0.9891714,0.017353922,1.018459179187075
1180.3110668704371,1.0232085,0.01764418,1.0187032127115097
1180.3210203426213,1.0332525,0.017727895,1.0189494763471638
1180.3309738148055,1.0061812,0.017497756,1.0191969346996297
1180.3409272869897,0.9998253,0.017441701,1.019443738376037
1180.3508807591738,1.0149373,0.017569987,1.019687945616842
1180.360834231358,1.0017526,0.017456818,1.0199278431573013
1180.3707877035422,0.999423,0.01743562,1.0201619676975302
1180.3807411757261,0.99610317,0.017406695,1.020389592101334
1180.3906946479103,1.0049703,0.017481646,1.0206125894571776
1180.4006481200945,1.0148154,0.017564988,1.0208326778247394
1180.4106015922787,1.0301608,0.017694058,1.0210517972988167
1180.4205550644629,1.0306183,0.017696127,1.0212714990941363
1180.430508536647,1.0281855,0.017674876,1.0214916999338275
1180.4404620088312,1.0366201,0.017745368,1.0217109255594807
1180.4504154810154,1.0113863,0.017530313,1.0219259740342308
1180.4603689531996,0.98645794,0.01731566,1.0221336418529332
1180.4703224253838,1.0115165,0.01752978,1.0223317048468732
1180.480275897568,1.0091096,0.01750861,1.0225181593333277
1180.490229369752,1.0044432,0.017467707,1.0226892294957852
1180.500182841936,1.0003061,0.017431183,1.0228447773162492
1180.5101363141202,0.96318686,0.017109577,1.0229830204257506
1180.5200897863044,0.98971397,0.01733871,1.0231011877737575
1180.5300432584886,1.0099504,0.017510777,1.0231935192400363
1180.5399967306728,0.9620232,0.017096806,1.0232624844252984
1180.549950202857,0.99808127,0.017407957,1.0233088000178205
1180.5599036750411,1.0247519,0.017634047,1.0233338287014808
1180.5698571472253,0.9936194,0.017367598,1.0233408177616625
1180.5798106194095,0.98576933,0.017299067,1.0233367980398962
1180.5897640915937,0.99235314,0.017355137,1.02332646177413
1180.5997175637776,1.0056164,0.0174678,1.0233140893728512
1180.6096710359618,0.9899056,0.01733193,1.023303054834566
1180.619624508146,1.0011295,0.017427795,1.0232946258185878
1180.6295779803302,1.0048971,0.017458905,1.0232888536976272
1180.6395314525143,0.9910286,0.017338565,1.0232851193566626
1180.6494849246985,0.99352854,0.017359555,1.0232822673550421
1180.6594383968827,1.0240241,0.017618641,1.0232798110777193
1180.6693918690669,0.9832143,0.017268643,1.0232780440195084
1180.679345341251,1.002173,0.017430687,1.0232784998708202
1180.6892988134352,0.97181004,0.017168265,1.023282764734725
1180.6992522856194,0.99535775,0.017370524,1.0232924162572665
1180.7092057578034,0.9872222,0.01729978,1.0233088771518868
1180.7191592299876,1.005929,0.017459275,1.0233340325285656
1180.7291127021717,1.0074472,0.017471364,1.0233670918869173
1180.739066174356,0.9794412,0.017229743,1.0234079810220333
1180.74901964654,0.9845995,0.01727395,1.02345685696704
1180.7589731187243,0.9989607,0.017396316,1.0235137966797252
1180.7689265909084,1.0281193,0.017642496,1.023577635303035
1180.7788800630926,1.0155274,0.01753575,1.0236480401030157
1180.7888335352768,0.97643375,0.017199175,1.0237251635734825
1180.798787007461,1.0012435,0.017411487,1.0238084447734725
1180.8087404796452,1.0027992,0.017423486,1.0238970295988654
1180.8186939518291,1.0251963,0.0176136,1.0239906622709722
1180.8286474240133,0.9922663,0.017331656,1.024089878345413
1180.8386008961975,1.0032325,0.0174248,1.024194388205382
1180.8485543683817,1.0212736,0.017577276,1.024304111341772
1180.8585078405658,0.994165,0.017345525,1.0244190898347227
1180.86846131275,1.033949,0.017682167,1.024539885881686
1180.8784147849342,1.0040284,0.01742803,1.0246651035272973
1180.8883682571184,1.041954,0.017747954,1.024793849524562
1180.8983217293026,1.0149504,0.017519629,1.0249252169832233
1180.9082752014867,0.9842033,0.017255355,1.0250584366208397
1180.918228673671,0.99166393,0.017318627,1.025192776685568
1180.928182145855,0.9923881,0.017323636,1.0253282499146172
1180.938135618039,0.992994,0.017328171,1.0254653857292433
1180.9480890902232,1.0136007,0.017503647,1.0256051332484073
1180.9580425624074,0.97893727,0.017204752,1.0257480981993625
1180.9679960345916,0.9955367,0.017347217,1.0258949844266816
1180.9779495067758,1.0087028,0.017458491,1.0260468595190058
1180.98790297896,1.002244,0.01740288,1.0262041976745868
1180.9978564511441,1.0202742,0.017555574,1.026367075654075
1181.0078099233283,0.99768347,0.01736178,1.0265359493501385
1181.0177633955125,1.006435,0.01743573,1.0267121831102988
1181.0277168676967,1.0262747,0.017603114,1.026895645912828
1181.0376703398808,1.0045589,0.01741823,1.027086144651624
1181.0476238120648,1.00335,0.017406896,1.0272833170826599
1181.057577284249,1.0142593,0.01749893,1.0274868809958861
1181.0675307564331,0.9792508,0.01719861,1.0276940548373308
1181.0774842286173,1.0151597,0.017504314,1.027902728568879
1181.0874377008015,0.99624074,0.01734259,1.0281107105134475
1181.0973911729857,1.0142057,0.017494703,1.0283156721177629
1181.1073446451699,0.99316794,0.017315174,1.0285168535537101
1181.117298117354,1.0268862,0.017600153,1.0287140501639427
1181.1272515895382,1.0253404,0.017585957,1.0289076083352413
1181.1372050617224,1.0183033,0.01752571,1.0290986767274246
1181.1471585339066,1.0287656,0.017613154,1.029288923914069
1181.1571120060908,1.0111655,0.017463401,1.0294796030393951
1181.1670654782747,1.0105535,0.017457685,1.029671986831434
1181.177018950459,1.0285854,0.017609408,1.029866960961983
1181.186972422643,1.0413934,0.017715823,1.0300649039393077
1181.1969258948272,1.0272825,0.017596383,1.0302661372722133
1181.2068793670114,1.0179411,0.017516842,1.030471335520338
1181.2168328391956,1.0372525,0.017677916,1.0306803367787603
1181.2267863113798,1.0158465,0.0174966,1.0308930874711126
1181.236739783564,1.04445,0.017736854,1.0311096673445177
1181.2466932557481,1.0384785,0.01768575,1.031330803918288
1181.2566467279323,1.042712,0.017720433,1.0315559850800107
1181.2666002001165,1.0160878,0.017495483,1.0317852708913042
1181.2765536723005,1.0224768,0.017548373,1.0320188583130008
1181.2865071444846,1.0621637,0.017878661,1.032257323686235
1181.2964606166688,1.0236557,0.017556112,1.0325001346589384
1181.306414088853,1.0139973,0.017473862,1.0327473570078065
1181.3163675610372,1.0244846,0.017561397,1.0329993412277898
1181.3263210332213,1.0087397,0.017426927,1.0332564175381238
1181.3362745054055,1.0240266,0.017555386,1.0335182064258566
1181.3462279775897,0.98639625,0.017234506,1.0337848310286453
1181.3561814497739,1.0164789,0.017490664,1.0340569057119555
1181.366134921958,1.0125985,0.017456343,1.0343344979175089
1181.3760883941422,1.0483203,0.017755477,1.0346173163863481
1181.3860418663262,1.0419785,0.017701535,1.0349053188165018
1181.3959953385104,1.018718,0.017505594,1.0351987030953063
1181.4059488106946,1.0342187,0.017634448,1.0354959446173466
1181.4159022828787,1.0241917,0.017549628,1.0357950176450723
1181.425855755063,1.0329473,0.017623002,1.0360933748382284
1181.435809227247,1.032188,0.017615143,1.0363869504621237
1181.4457626994313,1.0412903,0.017690452,1.0366732945069552
1181.4557161716154,1.0463284,0.017730994,1.0369508780849577
1181.4656696437996,1.0223765,0.017530264,1.0372192201038664
1181.4756231159838,1.0158688,0.01747387,1.037478270692896
1181.485576588168,1.008144,0.017407203,1.0377307641541131
1181.495530060352,1.0531064,0.017784044,1.0379778761719158
1181.5054835325361,1.0189165,0.017497553,1.0382196758497506
1181.5154370047203,1.0086658,0.017409123,1.0384548762205994
1181.5253904769045,1.0178314,0.017486107,1.0386821530816621
1181.5353439490887,1.0217614,0.017518142,1.038899127852693
1181.5452974212728,1.0191507,0.0174953,1.0391021307607284
1181.555250893457,1.0402566,0.017671349,1.0392893557658085
1181.5652043656412,1.0252374,0.01754485,1.039461720879882
1181.5751578378254,1.0063471,0.01738435,1.0396205934735714
1181.5851113100096,0.99201316,0.017261283,1.0397678846736322
1181.5950647821937,1.0107138,0.017419413,1.0399088835415478
1181.6050182543777,1.0147394,0.017452553,1.0400479961348936
1181.6149717265619,1.0249498,0.01753821,1.0401886016041133
1181.624925198746,0.99320877,0.017268136,1.0403341275099722
1181.6348786709302,1.0118605,0.017425053,1.0404856948006505
1181.6448321431144,1.0404278,0.017664833,1.0406440592534216
1181.6547856152986,1.026493,0.017546598,1.0408098346665158
1181.6647390874828,1.0318327,0.017590847,1.0409843946686261
1181.674692559667,1.0216385,0.017504513,1.041166957895252
1181.6846460318511,0.99973494,0.017317697,1.0413579705456162
1181.6945995040353,0.9981577,0.017303426,1.0415584129531406
1181.7045529762195,1.0159558,0.01745395,1.0417692637252338
1181.7145064484034,1.0250894,0.017530037,1.0419892413878216
1181.7244599205876,1.0076059,0.017380854,1.0422173748956047
1181.7344133927718,1.0270298,0.017544284,1.0424520307769654
1181.744366864956,1.0158267,0.017448602,1.0426897422116763
1181.7543203371401,1.0518678,0.017750068,1.0429267114122212
1181.7642738093243,1.0131321,0.017424434,1.0431597677088518
1181.7742272815085,1.0183258,0.017467728,1.0433851911891923
1181.7841807536927,1.0027864,0.017334731,1.0436011837274757
1181.7941342258769,1.0064164,0.01736516,1.0438070231343248
1181.804087698061,1.0067197,0.017366594,1.044002145431929
1181.8140411702452,0.97150236,0.017064603,1.044184849602709
1181.8239946424292,1.00312,0.017334228,1.0443570373247897
1181.8339481146133,1.0086856,0.017380208,1.0445198566224279
1181.8439015867975,0.99552405,0.017267914,1.0446745439712266
1181.8538550589817,1.0041078,0.017340027,1.0448219141121446
1181.863808531166,0.9919077,0.017235111,1.0449646460962632
1181.87376200335,0.9930368,0.017244013,1.0451040969213357
1181.8837154755342,0.9862166,0.017184665,1.0452415462369566
1181.8936689477184,1.0021855,0.01731984,1.0453784190800126
1181.9036224199026,1.0106772,0.017390978,1.045516172851093
1181.9135758920868,1.0253656,0.01751403,1.0456560174120477
1181.923529364271,1.0179627,0.01745068,1.0457993299237502
1181.933482836455,0.9957683,0.017261857,1.0459471122580495
1181.943436308639,1.0212034,0.01747624,1.0460994050684613
1181.9533897808233,1.0141637,0.017415984,1.0462562938563995
1181.9633432530075,1.000838,0.017302362,1.04641822856525
1181.9732967251916,1.0255976,0.01751059,1.0465850264777132
1181.9832501973758,1.0081313,0.017362757,1.0467566071400525
1181.99320366956,1.0145485,0.017415557,1.0469332942689547
1182.0031571417442,1.0411279,0.01763849,1.0471161122629675
1182.0131106139283,1.0187795,0.017449459,1.0473043439208727
1182.0230640861125,1.0282314,0.017528644,1.0474970594331376
1182.0330175582967,0.9771274,0.01709337,1.0476928389508562
1182.0429710304809,1.0048659,0.01732978,1.0478895248444626
1182.0529245026648,1.0039113,0.017321015,1.0480845269696655
1182.062877974849,1.0229937,0.017480342,1.048276000184572
1182.0728314470332,1.024224,0.017489895,1.0484625645119592
1182.0827849192174,0.9866485,0.017170943,1.0486433816843317
1182.0927383914016,1.0056643,0.017331682,1.0488199065819483
1182.1026918635857,1.004061,0.01731712,1.0489934357534638
1182.11264533577,1.021655,0.017464532,1.0491654822912997
1182.122598807954,1.0065652,0.01733656,1.0493377210555543
1182.1325522801383,0.9938602,0.017228419,1.0495113001502743
1182.1425057523224,0.9654995,0.0169839,1.0496868707862035
1182.1524592245066,1.0009398,0.017286304,1.049865027892602
1182.1624126966908,1.0199219,0.017445778,1.0500458628939862
1182.1723661688748,1.001757,0.017291253,1.0502291754575548
1182.182319641059,1.004448,0.01731387,1.05041486225192
1182.1922731132431,1.0169324,0.01741843,1.0506029916233173
1182.2022265854273,1.0149848,0.017400524,1.0507930825324006
1182.2121800576115,1.0135055,0.017387073,1.0509847036443354
1182.2221335297957,0.9913898,0.01719913,1.0511774636668894
1182.2320870019798,0.98948085,0.017181441,1.051370975837878
1182.242040474164,0.9784884,0.017086811,1.0515646920665893
1182.2519939463482,0.9989693,0.017261399,1.0517582833122794
1182.2619474185324,0.9822129,0.017116563,1.0519515467150158
1182.2719008907166,0.9794306,0.01709204,1.0521444764934662
1182.2818543629005,0.9867976,0.017154422,1.0523375204337218
1182.2918078350847,1.0105808,0.017355865,1.0525313797406166
1182.3017613072689,1.0071266,0.017325098,1.0527272011310203
1182.311714779453,0.97623444,0.01706155,1.0529265639173135
1182.3216682516372,1.0150112,0.017390836,1.0531303199673587
1182.3316217238214,1.0052471,0.017355833,1.0533393451185562
1182.3415751960056,1.0116906,0.017570343,1.0535547247406516
1182.3515286681898,1.0092815,0.01777793,1.0537769713623917
1182.361482140374,1.0147104,0.01801958,1.0540060470700237
1182.3714356125581,0.9935798,0.017952684,1.0542426428202727
1182.3813890847423,1.0102382,0.018145114,1.0544885736137821
1182.3913425569262,0.9706285,0.017984942,1.0547439762048385
1182.4012960291104,0.98067373,0.018200502,1.0550080672152888
1182.4112495012946,1.0082729,0.018764563,1.0552795004885098
1182.4212029734788,1.0299025,0.01904191,1.0555559837446038
1182.431156445663,1.0253481,0.019042604,1.0558330409562424
1182.4411099178471,1.0438387,0.01926875,1.056106933620165
1182.4510633900313,1.0014431,0.019184964,1.0563742082251306
1182.4610168622155,1.0046731,0.019127991,1.0566299828082373
1182.4709703343997,0.9962568,0.018955855,1.0568734346997295
1182.4809238065839,0.9800101,0.018797819,1.0571029824673825
1182.490877278768,1.0061477,0.01906309,1.0573170062487809
1182.500830750952,1.0118535,0.019047014,1.0575132887693282
1182.5107842231362,0.97281075,0.018783625,1.0576939814792596
1182.5207376953203,0.98303574,0.01893664,1.057859545738077
1182.5306911675045,0.97528666,0.018704945,1.0580099311376663
1182.5406446396887,0.97091967,0.018596752,1.058146001168817
1182.550598111873,0.99777895,0.018807681,1.058270694782407
1182.560551584057,1.0152782,0.01918238,1.0583856592057335
1182.5705050562412,1.0030473,0.019155806,1.0584923197114013
1182.5804585284254,1.0110184,0.019011091,1.0585935831335873
1182.5904120006096,0.9726441,0.018482665,1.0586923702672992
1182.6003654727938,0.96330893,0.018497655,1.0587908233561394
1182.6103189449777,1.0071692,0.01887325,1.058890888637297
1182.620272417162,0.98333627,0.018645074,1.0589933811883865
1182.630225889346,1.0228629,0.0189793,1.0590980325137773
1182.6401793615303,0.98480415,0.018700153,1.059203699723312
1182.6501328337145,1.0001329,0.018804122,1.0593075067443762
1182.6600863058986,1.0148563,0.01915724,1.0594057777905368
1182.6700397780828,0.9995116,0.019071741,1.0594944133972986
1182.679993250267,0.9718029,0.01887072,1.0595689809948023
1182.6899467224512,0.9806198,0.018974736,1.059622871702779
1182.6999001946353,0.98822594,0.019135792,1.059656014122568
1182.7098536668195,0.9519612,0.018657468,1.059666999255636
1182.7198071390035,0.95361674,0.018463388,1.0596542275776435
1182.7297606111877,0.9531132,0.01829578,1.0596159953556177
1182.7397140833718,0.9897818,0.01847176,1.0595555840108946
1182.749667555556,0.9691988,0.018276975,1.0594734041837208
1182.7596210277402,0.96965235,0.018238679,1.0593682469159504
1182.7695744999244,0.96625215,0.01817254,1.059240317891741
1182.7795279721086,0.9945795,0.018171696,1.0590925661207802
1182.7894814442927,0.95289356,0.017493336,1.058926438164776
1182.799434916477,0.9390726,0.016928872,1.0587426328524907
1182.809388388661,0.930686,0.016624175,1.0585454396909841
1182.8193418608453,0.9539335,0.016824802,1.058339885106498
1182.8292953330292,0.98319674,0.017075809,1.0581307322912745
1182.8392488052134,0.9808631,0.01705459,1.0579242334178263
1182.8492022773976,0.95691854,0.016848795,1.057726313519901
1182.8591557495818,1.0165976,0.017355984,1.0575412771846426
1182.869109221766,0.95101273,0.016795617,1.0573721391175073
1182.8790626939501,0.9921601,0.017148308,1.057223151918512
1182.8890161661343,0.94738436,0.016761987,1.0570912282178986
1182.8989696383185,0.95448023,0.016822342,1.0569750712073722
1182.9089231105027,0.9776728,0.017021412,1.0568735254711519
1182.9188765826868,0.98460835,0.017079998,1.0567865226838593
1182.928830054871,0.9821498,0.017058225,1.0567108491816384
1182.938783527055,0.9986354,0.017197669,1.0566455402528176
1182.9487369992391,0.99625105,0.017176572,1.0565903045555107
1182.9586904714233,0.97884715,0.017027577,1.0565450180424605
1182.9686439436075,0.9668816,0.016924331,1.0565080366095916
1182.9785974157917,0.99034214,0.01712343,1.0564786241967576
1182.9885508879759,0.9574529,0.016840504,1.056455871443204
1182.99850436016,0.9646445,0.016902214,1.0564370772399627
1183.0084578323442,0.9932037,0.017146265,1.0564182486347882
1183.0184113045284,0.98385966,0.017064827,1.056395066770441
1183.0283647767126,1.0154262,0.01733182,1.0563615069923171
1183.0383182488968,0.9804664,0.017033823,1.0563135885151533
1183.048271721081,0.98510826,0.017072346,1.0562498515917342
1183.058225193265,0.9765472,0.016998744,1.0561702766817764
1183.068178665449,0.98662037,0.017084133,1.0560753592286019
1183.0781321376332,0.9319167,0.01661121,1.0559712098035008
1183.0880856098174,0.97940576,0.017021157,1.0558635257376605
1183.0980390820016,0.96193737,0.01687039,1.055757983393307
1183.1079925541858,0.9795804,0.017020544,1.0556620705987483
1183.11794602637,0.9432388,0.01670692,1.0555791426375905
1183.1278994985541,0.9758023,0.016986912,1.0555116155242092
1183.1378529707383,0.9655361,0.016897492,1.0554609096492524
1183.1478064429225,0.98300654,0.017046396,1.0554287117219734
1183.1577599151067,0.9554561,0.016809084,1.0554120206284463
1183.1677133872909,0.9495106,0.016757369,1.0554101090047006
1183.1776668594748,0.9589182,0.016837798,1.0554228677716935
1183.187620331659,0.92656845,0.016554855,1.055449661234671
1183.1975738038432,0.98301536,0.0170424,1.0554872653932224
1183.2075272760273,0.9652829,0.016889775,1.0555334609478457
1183.2174807482115,0.95415235,0.016792627,1.05558592351951
1183.2274342203957,0.95493466,0.016799364,1.0556415677832547
1183.23738769258,0.98611087,0.017065413,1.0556979605278647
1183.247341164764,0.9506784,0.016760178,1.0557540097075764
1183.2572946369482,0.9529731,0.016778888,1.0558097594460452
1183.2672481091324,0.96641076,0.016894354,1.0558666337844258
1183.2772015813166,0.96318245,0.016865302,1.0559267126551135
1183.2871550535006,0.9681863,0.016907578,1.0559924081152823
1183.2971085256847,0.94577986,0.016713817,1.0560676366692654
1183.307061997869,0.9321874,0.01659354,1.0561540522546213
1183.317015470053,0.96691555,0.016894283,1.0562532883939895
1183.3269689422373,0.931221,0.01658438,1.0563666916955112
1183.3369224144215,0.94984955,0.016745929,1.0564969314260384
1183.3468758866056,0.92659926,0.016541962,1.0566399033094656
1183.3568293587898,0.9471651,0.016720137,1.0567922684595097
1183.366782830974,0.9419473,0.016673554,1.0569491288603206
1183.3767363031582,0.97467643,0.016955767,1.0571035597252783
1183.3866897753423,0.96056795,0.016833352,1.0572495752595819
1183.3966432475263,0.96208537,0.016845072,1.0573824212051015
1183.4065967197105,0.98370105,0.017029606,1.057497647950762
1183.4165501918947,0.96677935,0.016884493,1.0575925046247865
1183.4265036640788,0.9349743,0.01660759,1.0576695409940748
1183.436457136263,0.95226467,0.016757803,1.0577308954884375
1183.4464106084472,0.9578585,0.016805228,1.0577788728864461
1183.4563640806314,0.98603463,0.017045947,1.0578173686660386
1183.4663175528156,0.9231141,0.01650124,1.057849972701316
1183.4762710249997,0.96484464,0.016862163,1.0578782279257113
1183.486224497184,0.9726347,0.01692916,1.0579019883469105
1183.496177969368,0.95827305,0.016804023,1.057920687030309
1183.506131441552,0.9733544,0.01693202,1.0579334058541843
1183.5160849137362,0.95600355,0.016783064,1.0579390939470295
1183.5260383859204,0.95441777,0.01676846,1.057936077546058
1183.5359918581046,0.95510453,0.016773738,1.0579252653239424
1183.5459453302888,0.96049404,0.01681913,1.0579071174792563
1183.555898802473,0.9854946,0.017032018,1.0578816697427804
1183.5658522746571,0.9875588,0.017048886,1.0578468850392293
1183.5758057468413,0.93159735,0.016566517,1.0578024817593077
1183.5857592190255,0.95309377,0.016751887,1.0577462988543729
1183.5957126912097,0.9677783,0.016876785,1.0576755631937544
1183.6056661633938,0.9518235,0.016739236,1.0575864185433121
1183.6156196355778,0.93461394,0.01658921,1.0574807288306467
1183.625573107762,0.9621826,0.016827023,1.0573595863431176
1183.6355265799461,0.95318216,0.016748695,1.0572250970826411
1183.6454800521303,0.9786882,0.016965909,1.0570813598082276
1183.6554335243145,0.96717155,0.016866371,1.0569345309143388
1183.6653869964987,0.9409206,0.016639959,1.0567894073390798
1183.6753404686829,0.9940773,0.017094966,1.056650929300242
1183.685293940867,0.98454756,0.017012991,1.0565226461766528
1183.6952474130512,0.97338384,0.016916528,1.0564052650260976
1183.7052008852354,0.99301696,0.017082818,1.0562989335278359
1183.7151543574196,0.97773707,0.016952178,1.0562040989094879
1183.7251078296035,0.97462803,0.016924758,1.056119158697304
1183.7350613017877,1.0185857,0.017295094,1.0560425545549141
1183.745014773972,0.98092395,0.016976498,1.0559735100717127
1183.754968246156,0.9681229,0.016866695,1.055912259923077
1183.7649217183402,0.9690657,0.016873574,1.0558575556006198
1183.7748751905244,0.97414243,0.016916564,1.055808786938155
1183.7848286627086,0.97466916,0.016920073,1.0557656317327861
1183.7947821348928,0.9886237,0.017038196,1.0557286204019947
1183.804735607077,0.95843655,0.016779527,1.0556966465598
1183.8146890792611,0.9759101,0.016928654,1.0556694397073412
1183.8246425514453,0.98030835,0.016964585,1.0556468626199704
1183.8345960236293,0.9810318,0.016970327,1.055629206137577
1183.8445494958135,1.0114076,0.017225754,1.0556155522243666
1183.8545029679976,0.9855934,0.017007742,1.0556055769799944
1183.8644564401818,0.9697755,0.016871551,1.055598938824677
1183.874409912366,0.9387738,0.016603742,1.0555950554289428
1183.8843633845502,0.9668271,0.01684541,1.0555927345849225
1183.8943168567343,0.963078,0.016811213,1.0555911245866711
1183.9042703289185,0.95794135,0.016766416,1.0555894850044778
1183.9142238011027,1.0002718,0.01712569,1.055587434933198
1183.924177273287,0.9734649,0.016897341,1.0555851937351557
1183.934130745471,1.0097297,0.017204098,1.0555833798496217
1183.944084217655,1.0125176,0.01722561,1.0555831548624617
1183.9540376898392,0.98868114,0.017024038,1.0555857605598158
1183.9639911620234,1.006002,0.0171695,1.0555921043979797
1183.9739446342076,0.96880364,0.01685402,1.0556029705331795
1183.9838981063917,0.954706,0.016731191,1.055619548042586
1183.993851578576,0.9732898,0.016890235,1.0556417073498312
1184.00380505076,0.9599891,0.016775686,1.0556692952340485
1184.0137585229443,0.94068354,0.016607914,1.0557023243219457
1184.0237119951285,0.9672386,0.016835613,1.055741640013126
1184.0336654673126,0.93282586,0.016537908,1.0557865352406663
1184.0436189394968,0.93847924,0.01658634,1.0558369026801218
1184.053572411681,0.9061351,0.016301923,1.0558926801147024
1184.063525883865,0.9390175,0.016588928,1.0559543361583832
1184.0734793560491,0.9310068,0.016518975,1.0560206215583967
1184.0834328282333,0.9585934,0.016756305,1.0560910629169933
1184.0933863004175,0.98889315,0.017013341,1.0561653309327728
1184.1033397726017,0.9604612,0.016770873,1.0562433981959227
1184.1132932447858,0.9590254,0.016756684,1.0563247290531574
1184.12324671697,0.9924013,0.017040987,1.056409445567244
1184.1332001891542,0.954414,0.01671582,1.0564980078738135
1184.1431536613384,0.9701722,0.016849961,1.0565907697738888
1184.1531071335226,0.9436698,0.016620994,1.0566870310505332
1184.1630606057067,0.94616586,0.016642177,1.0567856142131145
1184.1730140778907,0.97198313,0.016863117,1.0568836417973988
1184.1829675500749,0.9521299,0.016692767,1.0569758603915815
1184.192921022259,0.95504564,0.016716316,1.0570565973706623
1184.2028744944432,0.91991025,0.016411306,1.0571198646929414
1184.2128279666274,0.9161754,0.016377348,1.0571574938469526
1184.2227814388116,0.9078899,0.016304115,1.0571672532218326
1184.2327349109958,0.9357323,0.016546039,1.0571497091831605
1184.24268838318,0.9320599,0.016513463,1.05710565875896
1184.2526418553641,0.8810204,0.01606232,1.0570336167321743
1184.2625953275483,0.903899,0.016265793,1.0569384289924657
1184.2725487997325,0.910278,0.016320735,1.0568219206445888
1184.2825022719167,0.8906846,0.016146243,1.0566841158338833
1184.2924557441006,0.9120459,0.016334068,1.0565200349209052
1184.3024092162848,0.8922025,0.016156705,1.0563316000487142
1184.312362688469,0.90547615,0.01627362,1.0561176368917695
1184.3223161606531,0.9164911,0.016370267,1.0558770549875558
1184.3322696328373,0.94295603,0.016599378,1.0556077714142975
1184.3422231050215,0.92088455,0.016407015,1.0553166715796602
1184.3521765772057,0.9074756,0.016288884,1.0550083938113988
1184.3621300493899,0.88883597,0.016122399,1.054688834988481
1184.372083521574,0.8953722,0.01617943,1.0543657968443485
1184.3820369937582,0.9266445,0.016454378,1.0540467555063402
1184.3919904659424,0.8891392,0.016122207,1.0537366335018727
1184.4019439381264,0.8917489,0.016144784,1.053439541211468
1184.4118974103105,0.9131293,0.016332734,1.0531573021299234
1184.4218508824947,0.8724097,0.015969997,1.0528887238014923
1184.431804354679,0.88706434,0.016099667,1.0526334123506755
1184.441757826863,0.8994804,0.016208686,1.052392078493055
1184.4517112990472,0.87418765,0.01598313,1.0521639098914468
1184.4616647712314,0.9054777,0.016260536,1.0519477076095876
1184.4716182434156,0.9037065,0.016244624,1.051743233238438
1184.4815717155998,0.905842,0.016262207,1.0515516686020578
1184.491525187784,0.89727694,0.016186964,1.051371909218108
1184.5014786599681,0.88056046,0.016036615,1.0512031726459705
1184.511432132152,0.8616494,0.015865663,1.0510451131394758
1184.5213856043363,0.88646567,0.016088001,1.050898691559332
1184.5313390765205,0.89913476,0.016199833,1.05076196670922
1184.5412925487046,0.86692226,0.015910858,1.050634128305472
1184.5512460208888,0.86497396,0.015892666,1.050514671468272
1184.561199493073,0.90168434,0.01621934,1.050404426303822
1184.5711529652572,0.8767839,0.015997311,1.0503018108065145
1184.5811064374413,0.8634466,0.01587581,1.0502067087704414
1184.5910599096255,0.8499727,0.015752355,1.0501192677968485
1184.6010133818097,0.86860645,0.015921026,1.0500402476295938
1184.610966853994,0.8516752,0.015767284,1.0499685010638597
1184.6209203261778,0.8598773,0.015841365,1.0499038972722303
1184.630873798362,0.8806364,0.016026793,1.0498466677693399
1184.6408272705462,0.85389733,0.015784848,1.0497971630516065
1184.6507807427304,0.87471384,0.015971897,1.0497546162397506
1184.6607342149146,0.85598224,0.015801866,1.0497191646847108
1184.6706876870987,0.867824,0.015908685,1.0496915693756053
1184.680641159283,0.8752925,0.015974542,1.049672083623554
1184.690594631467,0.85756975,0.015814118,1.0496599356288778
1184.7005481036513,0.84252596,0.01567528,1.049654726450212
1184.7105015758355,0.87082344,0.015932603,1.0496562619355694
1184.7204550480196,0.88801837,0.01608484,1.0496631882770697
1184.7304085202036,0.8647319,0.01587576,1.0496741481747844
1184.7403619923878,0.8565164,0.01580034,1.0496883466613793
1184.750315464572,0.86858135,0.015908847,1.0497056184130567
1184.7602689367561,0.8854555,0.016059136,1.0497256911672586
1184.7702224089403,0.8747763,0.015962984,1.0497487757163086
1184.7801758811245,0.8959247,0.01615048,1.0497753748635774
1184.7901293533087,0.8684622,0.015905004,1.049806677868803
1184.8000828254928,0.9186716,0.016348936,1.0498426385383985
1184.810036297677,0.8917615,0.01610901,1.0498834640768668
1184.8199897698612,0.8921956,0.016112912,1.049929340088358
1184.8299432420454,0.87876457,0.015992567,1.0499811606742186
1184.8398967142293,0.88490254,0.016047796,1.0500381796772924
1184.8498501864135,0.8800143,0.016003432,1.0501005122844242
1184.8598036585977,0.88754034,0.016068844,1.0501685142858719
1184.8697571307819,0.9234741,0.016384812,1.0502430990575373
1184.879710602966,0.8758088,0.015962126,1.050323751801062
1184.8896640751502,0.8744886,0.015950942,1.050410676883573
1184.8996175473344,0.8998774,0.016296256,1.0505043337219802
1184.9095710195186,0.90787643,0.016646666,1.0506051250400168
1184.9195244917028,0.9479289,0.01716428,1.0507122475148483
1184.929477963887,0.9264442,0.017071743,1.0508255978327747
1184.9394314360711,0.89221233,0.016837817,1.0509455236073997
1184.949384908255,0.8941915,0.01699455,1.0510719723147002
1184.9593383804392,0.956925,0.017672606,1.0512042940793234
1184.9692918526234,0.9587356,0.017957607,1.0513424129549143
1184.9792453248076,0.93145865,0.017781785,1.051486863664385
1184.9891987969918,0.93192476,0.017933702,1.0516374500045096
1184.999152269176,0.93773997,0.017976863,1.051793771290737
1185.0091057413601,0.95301044,0.018421682,1.051955699787651
1185.0190592135443,0.910547,0.018013634,1.0521233646114818
1185.0290126857285,0.9256409,0.017956614,1.0522951621616654
1185.0389661579127,0.94534,0.018119654,1.0524691417813852
1185.0489196300969,0.9462414,0.018153103,1.052642946198406
1185.0588731022808,0.96008533,0.018303415,1.0528130435218874
1185.068826574465,0.9451763,0.018284513,1.0529770791689617
1185.0787800466492,0.94914544,0.01833767,1.0531336037435435
1185.0887335188334,0.9723038,0.018452594,1.053282237572205
1185.0986869910175,0.96708316,0.018110584,1.0534229945046742
1185.1086404632017,0.95604926,0.018091181,1.0535593693455891
1185.118593935386,0.9603986,0.018392012,1.0536941179049795
1185.12854740757,0.9835826,0.018617569,1.0538301752425103
1185.1385008797542,0.97103655,0.018339878,1.0539708846860294
1185.1484543519384,0.98725945,0.018391797,1.054117798949013
1185.1584078241226,0.9555671,0.018112699,1.0542721197480551
1185.1683612963068,0.9505429,0.018039072,1.054434994183318
1185.1783147684907,0.95752186,0.018163763,1.0546073521852108
1185.188268240675,0.99085057,0.018393215,1.054787969063104
1185.198221712859,0.9632826,0.018189816,1.0549762782315961
1185.2081751850433,0.96660537,0.018226057,1.0551719783042568
1185.2181286572275,0.96248543,0.018369785,1.0553743049481215
1185.2280821294116,0.98722196,0.018688727,1.0555820799574587
1185.2380356015958,0.9598314,0.018419603,1.0557950598648778
1185.24798907378,0.9706261,0.018508181,1.0560138606658662
1185.2579425459642,0.94884753,0.018427908,1.0562388072795075
1185.2678960181483,0.96428,0.018532347,1.056469957694431
1185.2778494903325,0.95678115,0.018169904,1.0567076797409736
1185.2878029625167,0.9525232,0.017930038,1.056953097970573
1185.2977564347007,0.9678154,0.017973034,1.0572059868531296
1185.3077099068848,0.95047396,0.017846663,1.0574662216197042
1185.317663379069,0.9255444,0.017595882,1.0577341140448002
1185.3276168512532,0.9873523,0.018066404,1.058011319577953
1185.3375703234374,0.93368876,0.01741843,1.0582975321841843
1185.3475237956216,0.9618141,0.017423918,1.0585930282596734
1185.3574772678057,0.9299319,0.016665198,1.0588980726276036
1185.36743073999,0.95713925,0.016631475,1.0592139056814704
1185.377384212174,0.89497447,0.016090129,1.0595379143641104
1185.3873376843583,0.91879874,0.016298903,1.0598682639513628
1185.3972911565425,0.9131843,0.016248751,1.0602026309786383
1185.4072446287264,0.91992456,0.016307747,1.0605382755881998
1185.4171981009106,0.9466952,0.016539544,1.0608727965330798
1185.4271515730948,0.9476926,0.016546182,1.0612053765136007
1185.437105045279,0.93003404,0.016392961,1.0615366330348635
1185.4470585174631,0.928741,0.016381284,1.0618692679921753
1185.4570119896473,0.9620362,0.016666103,1.0622069913504169
1185.4669654618315,0.96258044,0.016670486,1.0625538887128723
1185.4769189340157,0.9456578,0.016524527,1.0629150844842874
1185.4868724061998,0.94065344,0.016479503,1.0632952452049438
1185.496825878384,0.9692387,0.01672353,1.06369471513207
1185.5067793505682,0.9684446,0.016716821,1.064113684938551
1185.5167328227521,0.93723726,0.01644772,1.064551948532387
1185.5266862949363,0.9602425,0.016645674,1.0650057916486788
1185.5366397671205,0.9157585,0.016260706,1.0654698110793914
1185.5465932393047,0.9681949,0.016710011,1.0659399071125413
1185.5565467114889,0.94679797,0.016527254,1.066412083431803
1185.566500183673,0.968084,0.01670851,1.0668823752483796
1185.5764536558572,0.9647794,0.01667968,1.0673480388713679
1185.5864071280414,0.95874196,0.016626697,1.0678067543727183
1185.5963606002256,0.9283381,0.01636567,1.06825475224831
1185.6063140724098,0.9371518,0.016439267,1.0686900643914738
1185.616267544594,0.9544021,0.01658666,1.0691103349358282
1185.626221016778,0.9299652,0.016375821,1.0695125895215651
1185.636174488962,0.91956,0.016285213,1.0698899285384051
1185.6461279611462,0.9310081,0.01638517,1.0702416973287983
1185.6560814333304,0.95134944,0.01655662,1.070565487347372
1185.6660349055146,0.9607117,0.016636094,1.0708590088379228
1185.6759883776988,0.9545903,0.016583001,1.0711164115053267
1185.685941849883,0.916896,0.016256938,1.0713442573479175
1185.6958953220671,0.9404646,0.016461173,1.0715460797594292
1185.7058487942513,0.96137375,0.01663758,1.0717268256051495
1185.7158022664355,0.9211043,0.0162907,1.071892417059844
1185.7257557386197,0.9476533,0.01651829,1.072052024497836
1185.7357092108036,0.9189914,0.016272373,1.0722110894257952
1185.7456626829878,0.91405106,0.01622708,1.0723741077632167
1185.755616155172,0.95434844,0.016575197,1.0725447590836747
1185.7655696273562,0.89604485,0.01606602,1.0727239117068985
1185.7755230995404,0.92301583,0.016302343,1.0729122879156547
1185.7854765717245,0.88720495,0.015987024,1.0731108160744949
1185.7954300439087,0.9171456,0.016249966,1.0733197772937109
1185.805383516093,0.9227088,0.016296634,1.0735381484775015
1185.815336988277,0.9623611,0.016635654,1.073765771139425
1185.8252904604612,0.9235954,0.016303403,1.0740030618647576
1185.8352439326454,0.90145856,0.01610899,1.0742488879362884
1185.8451974048294,0.90826905,0.016167505,1.0745009979385207
1185.8551508770136,0.94030124,0.016443731,1.0747568936242073
1185.8651043491977,0.8964096,0.016061367,1.0750125954871432
1185.875057821382,0.9092651,0.016174149,1.0752630619156762
1185.885011293566,0.91902107,0.016257897,1.0755039015294368
1185.8949647657503,0.8929697,0.016028741,1.075731168114153
1185.9049182379345,0.89104015,0.016012702,1.0759395878371172
1185.9148717101186,0.92692214,0.016324634,1.0761293490168833
1185.9248251823028,0.88488543,0.015954597,1.0763012260954328
1185.934778654487,0.9165238,0.016269224,1.0764566302891356
1185.9447321266712,0.925878,0.01635203,1.0765961492872749
1185.9546855988551,0.9131422,0.016364826,1.0767254169250466
1185.9646390710393,0.9106416,0.016623108,1.0768480895189674
1185.9745925432235,0.92581487,0.016917272,1.0769673385391227
1185.9845460154077,0.91420436,0.017052107,1.0770859179188035
1185.9944994875918,0.88842833,0.01699087,1.0772059138398893
1186.004452959776,0.9175686,0.017415708,1.0773284967633276
1186.0144064319602,0.9005759,0.017375937,1.07745468512661
1186.0243599041444,0.9389927,0.017829055,1.0775857566334346
1186.0343133763286,0.94648874,0.018056933,1.0777216994445893
1186.0442668485127,0.92147446,0.017933976,1.0778628394638474
1186.054220320697,0.91994905,0.017883867,1.0780095768755698
1186.0641737928809,0.9172301,0.017849706,1.078162200301868
1186.074127265065,0.9148387,0.018103711,1.078319860532166
1186.0840807372492,0.91246814,0.017841619,1.0784823004167268
1186.0940342094334,0.8845311,0.017291356,1.078649590432314
1186.1039876816176,0.91497093,0.017712161,1.0788216777833317
1186.1139411538018,0.9269683,0.018025227,1.078998079507509
1186.123894625986,0.9190926,0.017658973,1.079178818871961
1186.1338480981701,0.92448395,0.017719176,1.0793643617842954
1186.1438015703543,0.9136045,0.017542863,1.079554735551426
1186.1537550425385,0.89527315,0.017378656,1.0797496512915838
1186.1637085147227,0.9247137,0.017611137,1.079949163302281
1186.1736619869068,0.89738125,0.017370237,1.080153863908735
1186.1836154590908,0.92655104,0.01758898,1.080363625619844
1186.193568931275,0.9200526,0.017606467,1.0805783210744766
1186.2035224034591,0.92365444,0.017744696,1.0807980957116414
1186.2134758756433,0.93763936,0.018076546,1.0810237553317736
1186.2234293478275,0.9136764,0.017755985,1.0812548801143476
1186.2333828200117,0.90832984,0.017727472,1.0814912533976915
1186.2433362921959,0.9286499,0.01793441,1.081732766971218
1186.25328976438,0.91343474,0.017761204,1.0819799122991034
1186.2632432365642,0.93828917,0.01815665,1.0822316237280742
1186.2731967087484,0.97736984,0.018650904,1.0824872764692257
1186.2831501809326,0.951154,0.01832815,1.0827461649157994
1186.2931036531165,0.94342923,0.018055629,1.0830077035870707
1186.3030571253007,0.97080356,0.018373849,1.083270624040983
1186.313010597485,0.9320956,0.017960763,1.0835343571507772
1186.322964069669,0.94086474,0.017853212,1.0837987758193908
1186.3329175418532,0.9376926,0.017578157,1.0840645219474392
1186.3428710140374,0.9135085,0.017295212,1.0843324962741518
1186.3528244862216,0.9511963,0.017785687,1.0846039918124448
1186.3627779584058,0.9465046,0.017715665,1.0848807133717284
1186.37273143059,0.94532883,0.01772924,1.085164835863731
1186.3826849027741,0.9580603,0.017815903,1.0854570060148718
1186.3926383749583,0.9340276,0.017485006,1.0857583309215255
1186.4025918471425,0.9669117,0.017567461,1.0860703159364617
1186.4125453193265,0.9433344,0.016967874,1.0863937128243695
1186.4224987915106,0.9398606,0.016701115,1.0867267173723256
1186.4324522636948,0.9356547,0.016446052,1.08706743371145
1186.442405735879,0.95022935,0.016479583,1.0874127617812641
1186.4523592080632,0.9362461,0.016358592,1.0877577102483782
1186.4623126802474,0.9218387,0.016234461,1.088097520100101
1186.4722661524315,0.9734019,0.016672947,1.0884280205678327
1186.4822196246157,0.9812717,0.016739057,1.088744401908031
1186.4921730968,0.968584,0.016630234,1.089045097868845
1186.502126568984,0.98419106,0.01676109,1.089331065828223
1186.5120800411682,0.9954348,0.016852787,1.0896039519448504
1186.5220335133522,0.9607171,0.016561605,1.0898657536154972
1186.5319869855364,1.0169176,0.017028563,1.0901213219868233
1186.5419404577206,0.96140206,0.016563766,1.0903743921928175
1186.5518939299047,0.9646544,0.016592085,1.0906275133426724
1186.561847402089,0.94787997,0.016448064,1.0908826632956865
1186.571800874273,0.96021616,0.016551513,1.0911402636624223
1186.5817543464573,0.9662841,0.016601525,1.0913999009327178
1186.5917078186415,0.94671017,0.016434088,1.091660594149201
1186.6016612908256,0.984416,0.01675255,1.0919205272208967
1186.6116147630098,0.9759584,0.016679484,1.092177864126316
1186.621568235194,0.98137593,0.01672384,1.0924311764705823
1186.631521707378,0.97966224,0.01670961,1.0926796726261743
1186.6414751795621,1.0019406,0.016894933,1.0929231260179857
1186.6514286517463,0.97912014,0.016701624,1.0931639063155933
1186.6613821239305,0.98869485,0.016781962,1.0934043781451628
1186.6713355961147,1.0028539,0.016899012,1.0936474716281013
1186.6812890682988,0.98820347,0.016775837,1.0938968204803983
1186.691242540483,1.00064,0.016878672,1.0941539329609702
1186.7011960126672,1.0043277,0.016908295,1.0944198999204655
1186.7111494848514,0.9780024,0.016689574,1.0946952952544797
1186.7211029570356,1.0063059,0.016923318,1.0949797460243373
1186.7310564292197,0.9727521,0.016642388,1.0952706918308652
1186.7410099014037,0.9858781,0.016751064,1.0955662849946468
1186.7509633735879,0.96530896,0.016578004,1.0958647032776612
1186.760916845772,0.9647848,0.016572598,1.0961641521285719
1186.7708703179562,0.97987187,0.016699348,1.0964635368609001
1186.7808237901404,0.98959035,0.016779223,1.0967626347422863
1186.7907772623246,0.9885306,0.016769774,1.0970618857562746
1186.8007307345088,0.9806849,0.016701866,1.0973622622008843
1186.810684206693,0.9847861,0.01673533,1.0976647498161738
1186.8206376788771,1.0086849,0.016932642,1.0979702934913247
1186.8305911510613,1.0300971,0.017106693,1.0982801685238415
1186.8405446232455,0.9775275,0.016671453,1.0985949296111417
1186.8504980954294,0.9770623,0.016665688,1.0989147785905053
1186.8604515676136,0.96664876,0.016577663,1.0992400451613897
1186.8704050397978,0.98721504,0.016751274,1.0995716616974907
1186.880358511982,0.9907333,0.016778488,1.0999092248427425
1186.8903119841661,1.0187321,0.01701121,1.1002523293256994
1186.9002654563503,1.0034064,0.01688232,1.1006006327286693
1186.9102189285345,0.9925307,0.016790044,1.1009542946311437
1186.9201724007187,0.9596346,0.016515002,1.101312309654124
1186.9301258729029,0.97273815,0.016623704,1.1016744719194111
1186.940079345087,1.0245522,0.01705166,1.102041135430381
1186.9500328172712,0.94933915,0.016424356,1.1024142511247752
1186.9599862894552,0.9979673,0.016830968,1.1027946368591866
1186.9699397616394,0.9867947,0.016736537,1.1031841098834612
1186.9798932338235,0.969752,0.016594002,1.1035848468701712
1186.9898467060077,0.9816698,0.016693216,1.104001198879113
1186.999800178192,1.0009698,0.016853118,1.104433409563649
1187.009753650376,1.0140042,0.016958863,1.104883204529829
1187.0197071225602,0.9884928,0.016746463,1.1053518438043453
1187.0296605947444,0.9481876,0.016407251,1.1058390912738472
1187.0396140669286,0.9962243,0.016811056,1.106336671119875
1187.0495675391128,0.95632195,0.016475238,1.1068353475126111
1187.059521011297,0.98680395,0.016730897,1.107322135802822
1187.069474483481,0.98238045,0.016692178,1.1077808081323774
1187.079427955665,0.9651366,0.016545117,1.1082028953909062
1187.0893814278493,0.99803126,0.01682206,1.1085812103865873
1187.0993349000335,0.966809,0.016558375,1.1089085305763262
1187.1092883722176,0.9998163,0.016831532,1.1091827370894944
1187.1192418444018,0.9697856,0.016581459,1.1094115136983103
1187.129195316586,1.025765,0.017043604,1.1095995862421435
1187.1391487887702,1.025979,0.017044289,1.1097508481960716
1187.1491022609544,1.0011281,0.016839754,1.1098734072975849
1187.1590557331385,0.99314797,0.016773826,1.10997581166736
1187.1690092053227,0.99261767,0.016768979,1.1100620535571384
1187.1789626775067,1.0207123,0.016997764,1.11013247679496
1187.1889161496908,1.0110433,0.01691965,1.110187385107113
1187.198869621875,0.9924902,0.016765472,1.1102265892047214
1187.2088230940592,0.9863096,0.016713576,1.1102490194772627
1187.2187765662434,0.990745,0.016748806,1.1102523350863263
1187.2287300384276,1.0291239,0.017063906,1.1102389162962862
1187.2386835106117,0.98839265,0.016726721,1.1102118813709465
1187.248636982796,0.9937004,0.01676971,1.1101743091485048
1187.25859045498,0.99350727,0.016765727,1.110128995918958
1187.2685439271643,1.0185342,0.016971178,1.11008037293182
1187.2784973993485,0.9751208,0.016610866,1.1100312800244514
1187.2884508715326,0.99498016,0.01677574,1.1099836337903541
1187.2984043437166,1.0008212,0.01682363,1.1099389434506017
1187.3083578159008,0.99671495,0.016789211,1.1098967728505265
1187.318311288085,0.9854741,0.016694564,1.1098556241300728
1187.3282647602691,1.0022664,0.01683358,1.1098125468609543
1187.3382182324533,0.97786856,0.016629348,1.1097609371202246
1187.3481717046375,0.9913822,0.016742507,1.109695192694458
1187.3581251768217,0.99174917,0.016742853,1.1096092173679317
1187.3680786490058,0.9904705,0.016732827,1.1094973861489503
1187.37803212119,0.94643444,0.016362337,1.1093529138358205
1187.3879855933742,0.97851723,0.016629992,1.1091799602625796
1187.3979390655584,0.98458505,0.016679643,1.1089809416223182
1187.4078925377426,1.0015512,0.016821012,1.1087596725791589
1187.4178460099265,0.9766662,0.016612476,1.1085219321291928
1187.4277994821107,0.97602034,0.016604237,1.1082774986750543
1187.4377529542949,0.9471319,0.016361473,1.108033515278276
1187.447706426479,0.991189,0.016730819,1.1077968227392607
1187.4576598986632,0.98488295,0.016676765,1.1075730602198457
1187.4676133708474,0.9747316,0.016591333,1.1073631438745108
1187.4775668430316,0.9649571,0.016507735,1.1071672569577684
1187.4875203152158,0.9906578,0.016722066,1.1069855692310855
1187.4974737874,1.0006909,0.016804142,1.1068171661550805
1187.5074272595841,0.9755114,0.01659611,1.1066597631027566
1187.5173807317683,0.97245026,0.016568508,1.1065124056756472
1187.5273342039523,0.9958085,0.016762706,1.1063749579092947
1187.5372876761364,0.9845069,0.01666756,1.10624646663689
1187.5472411483206,0.98545676,0.016672637,1.1061257100896698
1187.5571946205048,0.9912661,0.016720794,1.106012347599366
1187.567148092689,1.0073911,0.01685438,1.1059069589406867
1187.5771015648731,0.99917126,0.016784752,1.105809167553183
1187.5870550370573,0.9936724,0.016738964,1.1057185153105862
1187.5970085092415,0.98524916,0.016669529,1.1056349847758558
1187.6069619814257,1.0247054,0.016993118,1.1055593714101892
1187.6169154536099,0.98617303,0.01667316,1.1054910214545859
1187.626868925794,0.9610134,0.016461782,1.1054294692586943
1187.636822397978,1.0005639,0.016788365,1.1053745288669994
1187.6467758701622,1.0363533,0.017081806,1.1053268124168922
1187.6567293423464,1.0099026,0.016865341,1.1052852947695204
1187.6666828145305,0.9869797,0.016675875,1.1052494213121227
1187.6766362867147,0.99069744,0.0167047,1.1052187062942804
1187.686589758899,0.9693112,0.016524965,1.1051931048916135
1187.696543231083,1.0152022,0.016904352,1.105171070078006
1187.7064967032672,0.9912259,0.016706137,1.1051516007971895
1187.7164501754514,0.96900296,0.016522167,1.1051337370259346
1187.7264036476356,0.971752,0.01654344,1.1051165590500873
1187.7363571198198,1.0239863,0.01697252,1.1050993025600537
1187.7463105920037,0.9682923,0.016511938,1.1050817681390566
1187.756264064188,0.9795284,0.016604343,1.1050641557769505
1187.766217536372,1.0053247,0.01681678,1.1050473427983456
1187.7761710085563,0.96933895,0.016516963,1.1050324337436508
1187.7861244807405,1.0157118,0.016902499,1.105020707200697
1187.7960779529246,0.97945917,0.016601343,1.1050137184434465
1187.8060314251088,0.95727205,0.016412431,1.1050134980958046
1187.815984897293,0.9942821,0.016721524,1.1050203810459738
1187.8259383694772,0.9952558,0.016729362,1.1050350845722228
1187.8358918416614,1.0094905,0.016845195,1.1050585770479153
1187.8458453138455,0.9770788,0.01657663,1.1050918659764255
1187.8557987860295,0.98224103,0.016618572,1.1051343262803723
1187.8657522582137,1.007433,0.016826048,1.1051863923835967
1187.8757057303978,0.9979609,0.016745925,1.105249112622758
1187.885659202582,0.96837044,0.01649962,1.1053228069109968
1187.8956126747662,0.96581024,0.016477566,1.1054056332193412
1187.9055661469504,1.0003229,0.016762171,1.1054957510037349
1187.9155196191346,0.9843859,0.01662941,1.105590377701056
1187.9254730913187,0.95462805,0.016379418,1.1056851446932112
1187.935426563503,0.9659685,0.016474456,1.1057760494410274
1187.945380035687,0.95027125,0.01633968,1.1058600003414738
1187.9553335078713,0.9892539,0.016668307,1.1059338712953786
1187.9652869800552,1.0011657,0.01676571,1.1059972765671728
1187.9752404522394,1.0046749,0.016791007,1.1060518598279707
1187.9851939244236,0.9826137,0.016607337,1.1060995422703574
1187.9951473966078,0.9986547,0.01674071,1.106142530242118
1188.005100868792,0.9894218,0.016664203,1.106183912474229
1188.0150543409761,1.0006727,0.016755918,1.1062257998224019
1188.0250078131603,0.99297297,0.016691707,1.1062695990558904
1188.0349612853445,1.0004038,0.016753623,1.1063166667321682
1188.0449147575287,1.009387,0.016825652,1.1063673017051512
1188.0548682297128,0.9960705,0.016713785,1.1064215972745552
1188.064821701897,0.96563804,0.016460432,1.1064795999875816
1188.074775174081,0.9791124,0.01657202,1.1065417582213226
1188.0847286462651,0.99685293,0.016717918,1.1066075031617943
1188.0946821184493,0.96259934,0.016432784,1.1066766245943858
1188.1046355906335,0.98230046,0.016596716,1.1067490144717609
1188.1145890628177,0.95679796,0.016435722,1.1068251082416674
1188.1245425350019,0.961058,0.016547326,1.1069044019435959
1188.134496007186,1.0053394,0.016978392,1.1069868486882455
1188.1444494793702,0.97289085,0.017023126,1.1070724071643303
1188.1544029515544,1.0217013,0.017623223,1.1071613601327215
1188.1643564237386,0.999982,0.017652836,1.1072530260860691
1188.1743098959228,1.0106598,0.0178994,1.107347175855123
1188.1842633681067,1.0102513,0.018059233,1.1074435982529574
1188.194216840291,1.013729,0.01825858,1.1075420967154042
1188.204170312475,1.0353243,0.018465891,1.107641729976375
1188.2141237846593,0.993975,0.018165065,1.1077413342185425
1188.2240772568434,1.0335469,0.018836541,1.1078387565465184
1188.2340307290276,1.0310355,0.0188199,1.10792980639948
1188.2439842012118,1.0325279,0.01868598,1.108010570647242
1188.253937673396,1.0477917,0.018909985,1.1080764577689575
1188.2638911455801,1.0034041,0.01855154,1.1081219487200404
1188.2738446177643,1.0057316,0.018285476,1.10814179546212
1188.2837980899485,1.0257938,0.01845108,1.108137117139517
1188.2937515621327,1.030038,0.018691108,1.1081085253286722
1188.3037050343166,1.007398,0.018349295,1.1080571871278226
1188.3136585065008,0.95719004,0.017792854,1.1079873961583173
1188.323611978685,1.0021598,0.018189088,1.107906164514532
1188.3335654508692,1.0343409,0.018373542,1.107818137222858
1188.3435189230534,1.012332,0.018210702,1.1077269473379188
1188.3534723952375,1.0339705,0.018409563,1.1076349890603883
1188.3634258674217,1.0163246,0.018254234,1.1075428193597505
1188.373379339606,0.9968499,0.018084565,1.107449976618975
1188.38333281179,1.0163063,0.018458921,1.1073553922584483
1188.3932862839742,0.9963943,0.01839185,1.1072580635873828
1188.4032397561584,1.0071374,0.018498214,1.1071573394769252
1188.4131932283426,0.9934444,0.018198041,1.1070525887021383
1188.4231467005266,1.0118397,0.018715085,1.1069427912133825
1188.4331001727107,1.0311614,0.018609405,1.106827843459297
1188.443053644895,1.0370054,0.018863931,1.1067078883371013
1188.453007117079,1.0238935,0.01880382,1.1065829274085948
1188.4629605892633,1.0232558,0.018812673,1.1064524928942658
1188.4729140614475,1.0202519,0.018634329,1.1063172821139615
1188.4828675336316,0.9934484,0.018347213,1.1061778135377334
1188.4928210058158,1.0532001,0.018795716,1.1060343420702354
1188.502774478,1.0424005,0.018578196,1.1058863767908065
1188.5127279501842,0.99208087,0.017978447,1.1057339743421308
1188.5226814223684,1.01125,0.017999068,1.1055763000697585
1188.5326348945523,1.0249841,0.018251546,1.1054118154566814
1188.5425883667365,1.0373367,0.01828456,1.1052368402987858
1188.5525418389207,1.0306818,0.018334474,1.1050502548443806
1188.5624953111048,1.0576593,0.018441979,1.1048505299568632
1188.572448783289,1.0198356,0.017971192,1.104636797493193
1188.5824022554732,1.0500824,0.018041227,1.1044069960805962
1188.5923557276574,1.0028687,0.01722904,1.1041648060004765
1188.6023091998416,0.99357533,0.016968882,1.1039121425714118
1188.6122626720257,0.9971723,0.016776033,1.1036510396952366
1188.62221614421,0.9875445,0.016591309,1.1033829308629526
1188.632169616394,0.9652402,0.016405743,1.1031107671186566
1188.642123088578,0.9959228,0.016657835,1.1028359603154405
1188.6520765607622,0.9944652,0.016645841,1.1025596771073172
1188.6620300329464,1.0129151,0.016796783,1.1022829823858649
1188.6719835051306,0.9754877,0.016486812,1.1020067381522385
1188.6819369773148,1.0080974,0.016756397,1.1017311824285536
1188.691890449499,0.96381587,0.016387478,1.1014558470467473
1188.7018439216831,0.9926529,0.016629456,1.1011790391211185
1188.7117973938673,0.96017516,0.01635653,1.1008984781288063
1188.7217508660515,0.97440666,0.016475704,1.1006114299022212
1188.7317043382357,0.9671778,0.016410757,1.1003145444704399
1188.7416578104198,0.98362875,0.016547922,1.1000045915353518
1188.7516112826038,0.9681958,0.016418757,1.0996817368230853
1188.761564754788,0.9900838,0.016598066,1.0993461533434878
1188.7715182269721,0.9862549,0.016565744,1.0989984081084225
1188.7814716991563,0.9532242,0.016292548,1.098640667379736
1188.7914251713405,0.97315353,0.016454076,1.098276498317464
1188.8013786435247,0.97390765,0.016459692,1.0979080990855625
1188.8113321157089,0.9632875,0.01637357,1.0975370321441833
1188.821285587893,0.9768774,0.016485758,1.097164411489005
1188.8312390600772,0.9591796,0.016336635,1.096790715330335
1188.8411925322614,0.97591597,0.016476449,1.0964158973613198
1188.8511460044456,0.98721576,0.016568884,1.0960396460350736
1188.8610994766295,0.9889447,0.016581945,1.0956618855388465
1188.8710529488137,0.9708727,0.01643012,1.0952828732637152
1188.881006420998,0.963734,0.016371334,1.0949029684526232
1188.890959893182,0.98411274,0.016537197,1.0945226609982996
1188.9009133653663,0.954613,0.01629278,1.0941425926343085
1188.9108668375504,0.9829086,0.016527051,1.0937632300960867
1188.9208203097346,0.9738465,0.016449735,1.0933848618180435
1188.9307737819188,0.9514016,0.01626231,1.0930077253888046
1188.940727254103,0.94656706,0.016220782,1.0926316706169685
1188.9506807262871,0.9382194,0.01614979,1.0922564169758164
1188.9606341984713,0.97689784,0.01647192,1.091881583742448
1188.9705876706553,0.9715715,0.016427288,1.091506533546276
1188.9805411428395,0.97528785,0.016459504,1.0911304892281755
1188.9904946150236,0.97984225,0.01649545,1.0907526225257362
1189.0004480872078,1.0151068,0.016784035,1.0903720145094236
1189.010401559392,1.0010247,0.016669298,1.0899870877281903
1189.0203550315762,0.9924913,0.016597403,1.089597571365427
1189.0303085037604,1.0127127,0.01676336,1.089203399401665
1189.0402619759445,0.9918632,0.016590854,1.0888049549839416
1189.0502154481287,1.0041869,0.01668995,1.088402832990243
1189.060168920313,0.9770062,0.016466724,1.087999106682508
1189.070122392497,0.9660569,0.016373616,1.087595354021396
1189.080075864681,1.0037627,0.016683022,1.0871931146390061
1189.0900293368652,0.97175145,0.01642063,1.0867945612651693
1189.0999828090494,0.96645916,0.016375033,1.0864008202988484
1189.1099362812336,1.0207226,0.016820427,1.0860133440038289
1189.1198897534177,0.97400415,0.016435783,1.0856336581046175
1189.129843225602,0.97172374,0.016415857,1.0852642353888606
1189.139796697786,0.97395515,0.016434738,1.084904314773635
1189.1497501699703,0.9637084,0.016346095,1.0845536905936437
1189.1597036421545,0.94938767,0.016227242,1.0842116816327225
1189.1696571143386,0.94740736,0.016208727,1.083877384933235
1189.1796105865228,0.96024865,0.016318202,1.0835480342093993
1189.1895640587068,0.96601063,0.016364424,1.0832221535218913
1189.199517530891,0.9740786,0.01643083,1.0828986497872577
1189.2094710030751,0.97429234,0.016432459,1.082576922924608
1189.2194244752593,0.96475905,0.016351499,1.082256604404243
1189.2293779474435,0.96617854,0.01635968,1.0819378839055562
1189.2393314196277,0.9445984,0.016181145,1.081621314904274
1189.2492848918118,0.9605458,0.016315928,1.081307681449906
1189.259238363996,0.92780674,0.01603495,1.0809972915680235
1189.2691918361802,0.96613646,0.016359713,1.0806906726406957
1189.2791453083644,0.97631264,0.016440673,1.0803886296950993
1189.2890987805486,0.96122456,0.016314533,1.080091954771845
1189.2990522527327,0.9310195,0.016060978,1.0798007183537004
1189.3090057249167,0.97930515,0.016462054,1.0795154683605286
1189.3189591971009,0.9562146,0.01627051,1.079237296050287
1189.328912669285,0.9515016,0.016233154,1.07896693951198
1189.3388661414692,0.9687289,0.016373845,1.078704197615118
1189.3488196136534,0.94254184,0.01615429,1.0784493604848908
1189.3587730858376,0.92088497,0.01596752,1.0782033267287647
1189.3687265580218,0.9590761,0.01628839,1.0779661782397323
1189.378680030206,0.96297157,0.016321605,1.0777373741185223
1189.3886335023901,0.9835692,0.016491769,1.0775170767040634
1189.3985869745743,0.9736274,0.016407242,1.077306445860418
1189.4085404467585,0.9287686,0.016031114,1.0771056865558695
1189.4184939189424,0.9762199,0.016426325,1.0769146881399754
1189.4284473911266,0.97144216,0.016385654,1.0767339260007915
1189.4384008633108,0.93282396,0.016062556,1.0765648672891832
1189.448354335495,0.9736588,0.016404461,1.0764067609189287
1189.4583078076791,0.9710238,0.016383065,1.076258133813266
1189.4682612798633,0.99511313,0.01657961,1.0761173549715732
1189.4782147520475,0.9813203,0.01646523,1.0759824953329298
1189.4881682242317,0.984097,0.016487788,1.075850161899581
1189.4981216964159,0.96401197,0.016318554,1.0757178835159986
1189.5080751686,0.9399454,0.016117105,1.0755840981114326
1189.5180286407842,1.004113,0.016650364,1.0754479748720152
1189.5279821129684,0.9684786,0.016355539,1.0753104687061033
1189.5379355851524,0.99024105,0.016532332,1.0751731650875436
1189.5478890573365,0.96381086,0.016313586,1.075037940895799
1189.5578425295207,0.99045146,0.01653276,1.074907405672898
1189.567796001705,0.94045216,0.016117578,1.0747825832094722
1189.577749473889,0.97998536,0.01644608,1.0746640009823343
1189.5877029460733,0.95248055,0.016219022,1.0745516816503229
1189.5976564182574,1.0007536,0.016615143,1.0744459341817203
1189.6076098904416,0.95457727,0.016232144,1.0743450621293587
1189.6175633626258,0.9772646,0.016420115,1.0742482313000141
1189.62751683481,0.9612974,0.016285058,1.0741548812455903
1189.6374703069941,1.001635,0.016615711,1.074065315043664
1189.647423779178,0.95044374,0.016194308,1.0739791980463962
1189.6573772513623,0.97602123,0.016406236,1.073896919569647
1189.6673307235465,0.97273207,0.016378619,1.0738189555081674
1189.6772841957306,1.0240246,0.01679592,1.0737463639299016
1189.6872376679148,0.9729997,0.016377458,1.0736786532435807
1189.697191140099,1.0005876,0.016604852,1.073615916627636
1189.7071446122832,0.97906375,0.016427435,1.073558336946097
1189.7170980844674,0.98166513,0.016448615,1.0735067106218479
1189.7270515566515,0.9821928,0.016452068,1.0734605022232622
1189.7370050288357,0.97150815,0.016360363,1.0734198383666302
1189.74695850102,0.9630427,0.016289843,1.0733847916255415
1189.7569119732038,0.97757894,0.016410017,1.0733552749153281
1189.766865445388,0.9545883,0.0162166,1.0733295102225702
1189.7768189175722,0.96853596,0.016334616,1.0733060858826753
1189.7867723897564,0.9795811,0.01642379,1.0732834339417407
1189.7967258619406,0.9759819,0.01639393,1.0732599641414193
1189.8066793341247,0.9528794,0.016199952,1.0732349097743386
1189.816632806309,0.9934328,0.016534535,1.0732080900182455
1189.826586278493,0.9992146,0.016580323,1.0731795239477517
1189.8365397506773,0.9574404,0.016236661,1.0731481758300399
1189.8464932228615,0.9819219,0.016439404,1.073110543944877
1189.8564466950456,0.96547,0.01630115,1.0730596046665708
1189.8664001672296,0.9538744,0.01620424,1.0729843000319295
1189.8763536394138,0.9950394,0.0165446,1.0728761706036023
1189.886307111598,0.96711487,0.016313545,1.0727385535466927
1189.8962605837821,0.96373165,0.01628324,1.0725752723468496
1189.9062140559663,0.9855297,0.016463622,1.072387319029236
1189.9161675281505,0.96644557,0.016303675,1.0721731205338003
1189.9261210003347,0.9362254,0.016050324,1.0719305439095734
1189.9360744725188,0.95700437,0.016226592,1.0716537629807625
1189.946027944703,0.91335636,0.015856074,1.0713326565869874
1189.9559814168872,0.90814364,0.015808543,1.0709607254704263
1189.9659348890714,0.9365436,0.01605023,1.0705379774397914
1189.9758883612553,0.89854664,0.01572835,1.0700628044102793
1189.9858418334395,0.90561074,0.015785562,1.069531249948332
1189.9957953056237,0.92976135,0.015990881,1.0689487235229738
1190.0057487778079,0.8774537,0.015539529,1.0683254116978163
1190.015702249992,0.8654832,0.015436157,1.067669570447777
1190.0256557221762,0.8388788,0.015201843,1.0669902505788582
1190.0356091943604,0.877142,0.015536786,1.066304409670726
1190.0455626665446,0.8409897,0.015219161,1.0656320404903545
1190.0555161387288,0.838651,0.015195624,1.064994319207468
1190.065469610913,0.8161275,0.014994285,1.0644137939370704
1190.0754230830971,0.81312925,0.014965686,1.0638895276604874
1190.085376555281,0.796282,0.014811528,1.063408045173166
1190.0953300274653,0.7792629,0.01465403,1.062952693682139
1190.1052834996494,0.78791696,0.014733939,1.0625039157269467
1190.1152369718336,0.79177433,0.014767105,1.0620446715548872
1190.1251904440178,0.7576279,0.014450236,1.0615684348201895
1190.135143916202,0.7360469,0.014247244,1.0610749550876633
1190.1450973883861,0.71410507,0.014035888,1.0605663033847756
1190.1550508605703,0.72302043,0.014121395,1.0600488936248746
1190.1650043327545,0.6782216,0.013685404,1.0595274144139097
1190.1749578049387,0.6491053,0.013392951,1.0590058621154665
1190.1849112771229,0.62303716,0.013126904,1.0584884350026977
1190.1948647493068,0.61385167,0.013031009,1.057976726522079
1190.204818221491,0.6023698,0.012909424,1.0574701829954627
1190.2147716936752,0.5525766,0.012377914,1.0569667242777196
1190.2247251658594,0.5667197,0.012529141,1.056463579995409
1190.2346786380435,0.552229,0.012371887,1.0559603559676518
1190.2446321102277,0.5080084,0.0118742,1.0554604975360191
1190.254585582412,0.48963317,0.011662967,1.0549689084849607
1190.264539054596,0.49234563,0.011695878,1.0544907310383422
1190.2744925267803,0.48961845,0.011661545,1.054023424216088
1190.2844459989644,0.47836143,0.011529072,1.0535644181905721
1190.2943994711486,0.46219864,0.011335862,1.0531123839247032
1190.3043529433326,0.4934334,0.011704599,1.052669641115656
1190.3143064155167,0.4601292,0.011308307,1.0522377220910335
1190.324259887701,0.45174345,0.011209496,1.051819516892247
1190.334213359885,0.4720988,0.011452735,1.0514175818166964
1190.3441668320693,0.43447074,0.010996439,1.0510362378001359
1190.3541203042535,0.4010194,0.010575145,1.0506738476200663
1190.3640737764376,0.4077863,0.010661043,1.0503309869876136
1190.3740272486218,0.37992907,0.010297557,1.0500083488650918
1190.383980720806,0.35586768,0.009974544,1.0497083150052413
1190.3939341929902,0.33545294,0.00969037,1.0494276137089904
1190.4038876651744,0.3083346,0.009300582,1.0491657159445822
1190.4138411373585,0.29408485,0.009088786,1.0489225675932605
1190.4237946095425,0.26819295,0.008693339,1.048699450336493
1190.4337480817267,0.27356628,0.008777206,1.0484935127523984
1190.4437015539108,0.24825303,0.008371707,1.0483045190428695
1190.453655026095,0.25437284,0.0084724305,1.048133004356956
1190.4636084982792,0.24221422,0.00827354,1.0479804306168194
1190.4735619704634,0.25957754,0.008554989,1.047844648091125
1190.4835154426476,0.25543413,0.008488514,1.0477256473534857
1190.4934689148317,0.27451444,0.008789318,1.0476241373096675
1190.503422387016,0.27432573,0.008785203,1.0475410454764076
1190.5133758592,0.2638914,0.008621603,1.0474738123415657
1190.5233293313843,0.29091385,0.009040742,1.047421331342313
1190.5332828035685,0.28019276,0.0088742105,1.0473821044212328
1190.5432362757524,0.29254737,0.00906231,1.0473524203610682
1190.5531897479366,0.2934876,0.009077514,1.0473258029052674
1190.5631432201208,0.31556493,0.009401144,1.047296061376662
1190.573096692305,0.3222575,0.0094977375,1.0472559540341717
1190.5830501644891,0.31720197,0.009425634,1.0471991647527585
1190.5930036366733,0.3327437,0.009644482,1.0471243528945648
1190.6029571088575,0.32056448,0.009472087,1.0470310467731936
1190.6129105810417,0.31342247,0.009368272,1.0469196346310166
1190.6228640532258,0.3068445,0.009270473,1.0467937268840217
1190.63281752541,0.2829831,0.008913119,1.0466595775827585
1190.6427709975942,0.26941857,0.008705168,1.0465224142352152
1190.6527244697781,0.24117456,0.008249402,1.0463882878078514
1190.6626779419623,0.23258533,0.008130315,1.0462635491402055
1190.6726314141465,0.2207885,0.007995844,1.0461525151591209
1190.6825848863307,0.19376174,0.007602701,1.0460590644230034
1190.6925383585149,0.1784674,0.0074096564,1.045988147114467
1190.702491830699,0.15332538,0.006957773,1.0459414470621575
1190.7124453028832,0.14204624,0.006738568,1.0459176043382539
1190.7223987750674,0.11637617,0.0061849537,1.0459161049055896
1190.7323522472516,0.10238275,0.0058713495,1.0459380396277314
1190.7423057194358,0.09685105,0.005676861,1.0459817718866296
1190.75225919162,0.07657259,0.0052202493,1.0460450903242224
1190.762212663804,0.07875439,0.0052278116,1.0461274146118071
1190.772166135988,0.067580886,0.004870953,1.0462301134419913
1190.7821196081723,0.061423585,0.004658727,1.0463517793170063
1190.7920730803564,0.060327567,0.0046941983,1.0464907186435077
1190.8020265525406,0.0582801,0.0046236804,1.0466463883337784
1190.8119800247248,0.04717081,0.004102209,1.0468200884818217
1190.821933496909,0.04610288,0.0040284605,1.047010469482525
1190.8318869690931,0.05129763,0.004292913,1.0472164939624797
1190.8418404412773,0.05185777,0.004355394,1.0474381456160353
1190.8517939134615,0.04601025,0.0040808455,1.047677424189383
1190.8617473856457,0.045908317,0.0039905068,1.0479333661251553
1190.8717008578296,0.052704304,0.0043246783,1.0482054099367752
1190.8816543300138,0.045243442,0.004085049,1.048493704519524
1190.891607802198,0.047066957,0.0040807487,1.0488004725177584
1190.9015612743822,0.051683202,0.0043490524,1.0491243564174404
1190.9115147465664,0.042089872,0.0039230115,1.0494647733589473
1190.9214682187505,0.058682367,0.0046334118,1.04982175883109
1190.9314216909347,0.058842037,0.004606286,1.0501975513114
1190.941375163119,0.058382373,0.004614873,1.0505903880562186
1190.951328635303,0.07808613,0.0053128377,1.0509996664079764
1190.9612821074872,0.086805165,0.0055782516,1.0514252882229167
1190.9712355796714,0.08107076,0.0054883673,1.05186949983712
1190.9811890518554,0.08807648,0.005597951,1.0523303986273156
1190.9911425240396,0.09312374,0.005852941,1.0528077384138053
1191.0010959962237,0.11373101,0.0062954356,1.0533017949985088
1191.011049468408,0.11952119,0.0064187883,1.0538156013739848
1191.021002940592,0.13151258,0.00672646,1.0543474810312194
1191.0309564127763,0.14596549,0.0069695483,1.0548977733042146
1191.0409098849605,0.15245259,0.0070794104,1.0554672171261024
1191.0508633571446,0.1700901,0.0073868926,1.0560599489724258
1191.0608168293288,0.17434531,0.00747285,1.056674106965558
1191.070770301513,0.20910758,0.008210354,1.0573103701821922
1191.0807237736972,0.2348873,0.008677605,1.05796923475605
1191.0906772458811,0.22686206,0.008531712,1.058653760548256
1191.1006307180653,0.25434002,0.009060867,1.0593580786772807
1191.1105841902495,0.30020195,0.009747915,1.0600785299290738
1191.1205376624337,0.32057095,0.009971929,1.0608105076513032
1191.1304911346178,0.31926575,0.0097441645,1.0615490346131204
1191.140444606802,0.36572117,0.010252267,1.0622878318118905
1191.1503980789862,0.3865911,0.0104256775,1.0630233476541688
1191.1603515511704,0.42549694,0.010850123,1.0637533013418858
1191.1703050233546,0.43546107,0.0109720295,1.0644763011248664
1191.1802584955387,0.4713515,0.011403892,1.065194563784926
1191.190211967723,0.4811325,0.011519989,1.065910206906789
1191.2001654399069,0.51799804,0.011942386,1.066625621832734
1191.210118912091,0.5642116,0.012451435,1.067343136896489
1191.2200723842752,0.5806641,0.012628402,1.0680634791943493
1191.2300258564594,0.57342595,0.012550975,1.068786740590489
1191.2399793286436,0.644965,0.013292851,1.069512750436744
1191.2499328008278,0.66863173,0.013529328,1.0702417382850236
1191.259886273012,0.6472143,0.013316303,1.070973790621974
1191.2698397451961,0.6818469,0.013659345,1.0717097638304454
1191.2797932173803,0.70138085,0.013848017,1.0724509488421496
1191.2897466895645,0.72086275,0.014032066,1.0731991638463492
1191.2997001617487,0.711721,0.013945736,1.0739542945967353
1191.3096536339326,0.7582398,0.014385603,1.0747165049837504
1191.3196071061168,0.78452337,0.014627636,1.0754857795184034
1191.329560578301,0.785915,0.014638409,1.0762619614095286
1191.3395140504851,0.78098327,0.014594565,1.077043308727314
1191.3494675226693,0.8309674,0.015045831,1.0778287989713629
1191.3594209948535,0.83282924,0.015062189,1.0786173533395733
1191.3693744670377,0.8476617,0.015192733,1.0794076056913826
1191.3793279392219,0.84239244,0.015146905,1.0801978811731718
1191.389281411406,0.8716603,0.015402266,1.0809868364377553
1191.3992348835902,0.8906364,0.0155643085,1.0817730480310153
1191.4091883557744,0.89044976,0.015561834,1.082554959455659
1191.4191418279586,0.88588864,0.015520366,1.083331888406594
1191.4290953001425,0.86272377,0.0153198885,1.084102643906783
1191.4390487723267,0.91318923,0.015751533,1.0848649893382136
1191.449002244511,0.87587416,0.015432997,1.0856154107103553
1191.458955716695,0.90323716,0.015666716,1.0863518028986132
1191.4689091888793,0.89518327,0.015596263,1.0870712574336738
1191.4788626610634,0.8892594,0.015545527,1.0877704332858742
1191.4888161332476,0.9002134,0.015636178,1.0884478747372819
1191.4987696054318,0.90531164,0.015679307,1.0891071718820489
1191.508723077616,0.903397,0.01566375,1.0897513718500922
1191.5186765498001,0.8867922,0.015520487,1.0903843237536996
1191.5286300219843,0.8943903,0.015583621,1.0910116873523892
1191.5385834941683,0.9099094,0.015717383,1.0916390264843279
1191.5485369663525,0.9019323,0.015647748,1.0922699796878712
1191.5584904385366,0.8843512,0.015498219,1.0929073961457214
1191.5684439107208,0.9062737,0.015685739,1.0935522713099186
1191.578397382905,0.9164458,0.015768863,1.0942034413797217
1191.5883508550892,0.9043811,0.015666135,1.0948598517289627
1191.5983043272734,0.9430973,0.015993087,1.0955206473888672
1191.6082577994575,0.9193768,0.015793536,1.0961848329171047
1191.6182112716417,0.926104,0.015850808,1.0968515288538736
1191.628164743826,0.9158349,0.015762795,1.0975203608689446
1191.63811821601,0.9092512,0.01570487,1.0981911189713465
1191.6480716881942,0.9132119,0.015739761,1.098863345143385
1191.6580251603782,0.88458174,0.015494103,1.0995363946036067
1191.6679786325624,0.93889475,0.015953247,1.1002096064258438
1191.6779321047466,0.9008839,0.01563283,1.100882032685707
1191.6878855769307,0.889603,0.015534649,1.1015526659179224
1191.697839049115,0.9043018,0.01566028,1.1022208470841133
1191.707792521299,0.8872634,0.015512693,1.1028860761207366
1191.7177459934833,0.8914039,0.015548408,1.1035479659455707
1191.7276994656675,0.8982227,0.015605141,1.1042071539143898
1191.7376529378516,0.9069535,0.015678868,1.1048648653825923
1191.7476064100358,0.9210421,0.015796129,1.1055223397988079
1191.75755988222,0.8847241,0.015485833,1.1061810477425418
1191.767513354404,0.8841408,0.0154812485,1.106842175497797
1191.7774668265881,0.90047663,0.0156203415,1.1075063001373973
1191.7874202987723,0.9068021,0.01567226,1.1081737849306315
1191.7973737709565,0.88373184,0.01547522,1.108845141711448
1191.8073272431407,0.8768655,0.015415992,1.1095202854394763
1191.8172807153248,0.88166034,0.015455384,1.1101990425912456
1191.827234187509,0.90852404,0.015685488,1.1108814286352926
1191.8371876596932,0.88192844,0.015455179,1.1115677450576553
1191.8471411318774,0.86987907,0.015351984,1.1122574651782786
1191.8570946040616,0.87843895,0.015426731,1.1129497488554825
1191.8670480762457,0.90465283,0.015650757,1.1136435711625694
1191.8770015484297,0.9077313,0.015676076,1.1143373448859708
1191.8869550206139,0.87581635,0.015401155,1.1150291657093474
1191.896908492798,0.87444085,0.015386915,1.1157174900856563
1191.9068619649822,0.8717855,0.015364984,1.1164010557403976
1191.9168154371664,0.9167363,0.015748445,1.117078247496467
1191.9267689093506,0.8849236,0.015476137,1.1177489582302518
1191.9367223815348,0.91076994,0.015695425,1.11841325434448
1191.946675853719,0.90954643,0.015684644,1.1190709801451064
1191.9566293259031,0.88241804,0.015452126,1.1197211414717185
1191.9665827980873,0.89040077,0.015520786,1.1203643079184071
1191.9765362702715,0.8944766,0.015555511,1.1210010430596067
1191.9864897424554,0.89539605,0.015560747,1.121631858866396
1191.9964432146396,0.9175476,0.015749091,1.1222568255058882
1192.0063966868238,0.8963459,0.015567784,1.1228771266662656
1192.016350159008,0.8991181,0.015593011,1.123493254762503
1192.0263036311921,0.87414294,0.015377248,1.1241051500559576
1192.0362571033763,0.9297999,0.015848337,1.1247117105962698
1192.0462105755605,0.90902174,0.01567268,1.1253127573193973
1192.0561640477447,0.8835453,0.015454597,1.1259080143238485
1192.0661175199289,0.91382,0.015713591,1.1264973366074595
1192.076070992113,0.93011713,0.015848173,1.1270801591683637
1192.0860244642972,0.91326845,0.015706055,1.127657612648945
1192.0959779364812,0.92652744,0.015817864,1.1282303096208965
1192.1059314086654,0.911698,0.015691174,1.1287984762745509
1192.1158848808495,0.89416695,0.015539866,1.1293612150812988
1192.1258383530337,0.91224504,0.015692301,1.1299184130962974
1192.135791825218,0.9132333,0.015701337,1.1304692940086625
1192.145745297402,0.92230994,0.015778366,1.1310128179072358
1192.1556987695863,0.92810255,0.015825963,1.1315466034909156
1192.1656522417704,0.90367895,0.015619465,1.1320707619468993
1192.1756057139546,0.91521263,0.015715662,1.1325848454448715
1192.1855591861388,0.93551034,0.015886988,1.1330884347622865
1192.195512658323,0.90817297,0.01565542,1.1335796086258167
1192.205466130507,0.9672478,0.016147746,1.1340595493812566
1192.215419602691,0.93140703,0.015850615,1.1345279850667
1192.2253730748753,0.9679811,0.016151937,1.1349839466849685
1192.2353265470595,0.91791856,0.01573617,1.1354230574007347
1192.2452800192436,0.92192954,0.015768567,1.1358440348342609
1192.2552334914278,0.9398397,0.0159188,1.1362433364690894
1192.265186963612,0.93930995,0.015911145,1.1366169156158272
1192.2751404357962,0.9399781,0.01591676,1.1369558586698907
1192.2850939079804,0.92996705,0.015832834,1.1372617302281367
1192.2950473801645,0.9250409,0.01579159,1.137534107270852
1192.3050008523487,0.9163325,0.015716935,1.1377740744229698
1192.3149543245327,0.923946,0.015779896,1.1379800106426234
1192.3249077967168,0.93794453,0.015897082,1.1381611002658532
1192.334861268901,0.9174687,0.015724944,1.1383224864613828
1192.3448147410852,0.9218698,0.015761534,1.138469275907856
1192.3547682132694,0.93714225,0.015889285,1.1386051525362584
1192.3647216854536,0.94943243,0.015991075,1.1387353372101705
1192.3746751576377,0.925015,0.015787007,1.1388608527606365
1192.384628629822,0.9222238,0.0157624,1.1389806355251713
1192.394582102006,0.9296173,0.015822716,1.1390902074698763
1192.4045355741903,0.9614924,0.016088268,1.1391873128601642
1192.4144890463745,0.9644922,0.016111862,1.1392691501165926
1192.4244425185586,0.9497332,0.015988847,1.1393339460632803
1192.4343959907426,0.9322691,0.015844392,1.1393788898985908
1192.4443494629268,0.9393713,0.015901044,1.139408567679098
1192.454302935111,0.9433998,0.015934398,1.1394257650345252
1192.4642564072951,0.9441697,0.015939819,1.1394337025616177
1192.4742098794793,0.9325656,0.015844693,1.1394350538115607
1192.4841633516635,0.96053386,0.016073583,1.1394332380669119
1192.4941168238477,0.93670213,0.015876882,1.1394291113444868
1192.5040702960318,0.9301159,0.015819445,1.1394224033983131
1192.514023768216,0.96252006,0.016088132,1.1394114685013557
1192.5239772404002,0.951546,0.015996136,1.139395785375307
1192.5339307125844,0.94190305,0.01591679,1.139374913916785
1192.5438841847683,0.9331137,0.015841948,1.1393490475393757
1192.5538376569525,0.9448657,0.015941113,1.1393188731378145
1192.5637911291367,0.9259723,0.015782136,1.1392869836377317
1192.5737446013209,0.9570832,0.01604074,1.1392554758356326
1192.583698073505,0.9733032,0.016173067,1.1392265136315454
1192.5936515456892,0.9694411,0.016138641,1.1392027052769071
1192.6036050178734,0.92968714,0.015810577,1.1391847403421314
1192.6135584900576,0.93643486,0.01586468,1.1391732677522235
1192.6235119622418,0.9350985,0.0158526,1.1391687401797188
1192.633465434426,0.9373296,0.01587195,1.139172149734627
1192.6434189066101,0.93916565,0.015886147,1.1391826188406935
1192.6533723787943,0.9302878,0.015812038,1.139200437319019
1192.6633258509783,0.9578568,0.016039604,1.1392263643676255
1192.6732793231624,0.9710878,0.0161485,1.1392627734500582
1192.6832327953466,0.9663248,0.016108876,1.1393104805872598
1192.6931862675308,0.9126639,0.015662756,1.1393724163784142
1192.703139739715,0.9466778,0.0159449,1.1394521788833372
1192.7130932118991,0.94309074,0.015915917,1.1395528933051242
1192.7230466840833,0.90223086,0.015570487,1.1396668414643458
1192.7330001562675,0.9144023,0.01567357,1.139783378624784
1192.7429536284517,0.9365043,0.015860302,1.1398899062063208
1192.7529071006359,0.94656175,0.015942695,1.1399744695279321
1192.76286057282,0.9376141,0.015865626,1.1400349412321629
1192.772814045004,0.9476301,0.015949069,1.1400692089011586
1192.7827675171882,0.9456223,0.015930593,1.1400750671493176
1192.7927209893724,0.91288656,0.015656231,1.1400480704703888
1192.8026744615565,0.93042356,0.015803423,1.1399910146869379
1192.8126279337407,0.89715546,0.015521574,1.1399027678797014
1192.822581405925,0.89641047,0.015515019,1.1397810295754598
1192.832534878109,0.9211528,0.015722977,1.1396206083280171
1192.8424883502933,0.90870965,0.015618769,1.1394243134586481
1192.8524418224774,0.89654857,0.015514464,1.139190179915019
1192.8623952946616,0.8965696,0.015512719,1.1389142959862772
1192.8723487668458,0.9180725,0.015695812,1.138588309547122
1192.8823022390297,0.92165864,0.01572422,1.1382129690889622
1192.892255711214,0.9205854,0.01571538,1.137782983654576
1192.902209183398,0.89538115,0.015500534,1.137293509933934
1192.9121626555823,0.91092193,0.015632639,1.1367469915769752
1192.9221161277665,0.8803856,0.015372849,1.1361697222234106
1192.9320695999506,0.87348336,0.015311972,1.1355833120206265
1192.9420230721348,0.8462984,0.015075623,1.135004364093669
1192.951976544319,0.8472681,0.0150842285,1.134438626331201
1192.9619300165032,0.8210836,0.0148520535,1.1338739123176258
1192.9718834886874,0.82533216,0.014888683,1.1332919946837823
1192.9818369608715,0.84601617,0.015069935,1.1326735147931104
1192.9917904330555,0.8275755,0.014909108,1.1320022525374738
1193.0017439052397,0.7733063,0.014421121,1.1312800658820088
1193.0116973774238,0.78468394,0.01452243,1.1305064028572127
1193.021650849608,0.8127666,0.014774754,1.129678838042423
1193.0316043217922,0.76524603,0.014343276,1.1287923050783988
1193.0415577939764,0.7636004,0.014328465,1.1278527301915595
1193.0515112661606,0.7679855,0.014368915,1.126859395893388
1193.0614647383447,0.70846003,0.013811238,1.12580912646203
1193.071418210529,0.71102995,0.013833919,1.124696107196768
1193.081371682713,0.7019728,0.013736665,1.1235260401553968
1193.0913251548973,0.70299363,0.013746038,1.122298465223918
1193.1012786270812,0.67767626,0.013499023,1.1210144660880395
1193.1112320992654,0.660944,0.013333126,1.119684001044087
1193.1211855714496,0.64417976,0.013168437,1.1183343847530325
1193.1311390436338,0.6513512,0.01323918,1.1169880384532527
1193.141092515818,0.62806094,0.013003439,1.1156626162045427
1193.1510459880021,0.58217025,0.012529818,1.1143667171844256
1193.1609994601863,0.5804711,0.012510647,1.1130948968851384
1193.1709529323705,0.54536873,0.012134268,1.1118417651887844
1193.1809064045547,0.5417548,0.012092473,1.110602198673651
1193.1908598767388,0.5020671,0.011651568,1.1093717853685114
1193.200813348923,0.5081338,0.011719759,1.1081465889333115
1193.210766821107,0.5015644,0.0116460025,1.1069258162472388
1193.2207202932912,0.4650894,0.011223838,1.1057107330365925
1193.2306737654753,0.43027073,0.010915163,1.1045048341498447
1193.2406272376595,0.4182838,0.010889053,1.103311041805069
1193.2505807098437,0.3809266,0.010566382,1.1021330201019204
1193.2605341820279,0.34618694,0.010173062,1.1009749324332132
1193.270487654212,0.32303733,0.009944289,1.0998405198992272
1193.2804411263962,0.28549835,0.009457128,1.0987277382146399
1193.2903945985804,0.28659275,0.009542636,1.0976356981339939
1193.3003480707646,0.26966697,0.009270756,1.0965638079584985
1193.3103015429488,0.2915603,0.009730771,1.095511490457432
1193.3202550151327,0.2792416,0.009556263,1.0944755844931586
1193.330208487317,0.29030427,0.009833468,1.0934559277995226
1193.340161959501,0.28231654,0.00973871,1.0924541048545588
1193.3501154316853,0.3047821,0.010082264,1.0914731356883127
1193.3600689038694,0.29075003,0.009847416,1.090513159295193
1193.3700223760536,0.2878724,0.009635733,1.0895765069573486
1193.3799758482378,0.29420033,0.009882029,1.0886668906302344
1193.389929320422,0.29972187,0.009975869,1.0877885274354746
1193.3998827926061,0.31264955,0.010138713,1.086939603462745
1193.4098362647903,0.3164898,0.010115405,1.0861200585884019
1193.4197897369745,0.30255756,0.009885929,1.0853292282718967
1193.4297432091585,0.30129802,0.009823788,1.0845632291177671
1193.4396966813426,0.32180583,0.010074679,1.0838122022218806
1193.4496501535268,0.31906766,0.009990419,1.0830687400224623
1193.459603625711,0.3236514,0.010103048,1.0823253623681168
1193.4695570978952,0.34960532,0.010541999,1.0815745794812641
1193.4795105700794,0.31252727,0.0101645645,1.080812370025995
1193.4894640422635,0.3382467,0.010591852,1.0800361889645784
1193.4994175144477,0.31643325,0.010244743,1.0792444401948855
1193.509370986632,0.2943898,0.009939219,1.0784370904818774
1193.519324458816,0.28512892,0.009745056,1.077617845376007
1193.5292779310003,0.2570073,0.009327709,1.0767893900875802
1193.5392314031844,0.23168045,0.008878392,1.0759547692002953
1193.5491848753684,0.22778994,0.008991309,1.0751179635954895
1193.5591383475526,0.19920595,0.008283682,1.074283035245489
1193.5690918197367,0.16260011,0.0075017205,1.073452996540239
1193.579045291921,0.1518208,0.00716492,1.0726306648753678
1193.588998764105,0.11936939,0.00643313,1.0718182604659718
1193.5989522362893,0.10924632,0.006147856,1.0710155853543486
1193.6089057084735,0.08909548,0.005392511,1.070223024611356
1193.6188591806576,0.08284429,0.005212109,1.0694414338103857
1193.6288126528418,0.08248802,0.005256192,1.0686718978060779
1193.638766125026,0.07696726,0.0051046386,1.0679136280144468
1193.6487195972102,0.061452806,0.0045440085,1.0671669563625477
1193.6586730693944,0.05554292,0.004314731,1.0664326442282779
1193.6686265415783,0.055520043,0.004336102,1.0657112043373256
1193.6785800137625,0.049720205,0.004071904,1.0650004870822327
1193.6885334859467,0.04799607,0.0038866384,1.0642984501938373
1193.6984869581308,0.038899265,0.003479898,1.0636000075498702
1193.708440430315,0.03981582,0.0034665181,1.0628932643071825
1193.7183939024992,0.043069933,0.0035806876,1.0621655572099429
1193.7283473746834,0.036189005,0.0033011376,1.06140830478294
1193.7383008468676,0.042198125,0.0035458081,1.0606186177274135
1193.7482543190517,0.03950575,0.0034401924,1.0597991744955828
1193.758207791236,0.041107323,0.0035033121,1.0589579247010041
1193.76816126342,0.03889918,0.003413901,1.0580981599727703
1193.778114735604,0.038607392,0.0034010827,1.0572215554742597
1193.7880682077882,0.03749224,0.0033544144,1.0563292444502572
1193.7980216799724,0.038050164,0.0033774585,1.0554243745957776
1193.8079751521566,0.04383953,0.0036087134,1.054508095432522
1193.8179286243408,0.04961304,0.0038232526,1.0535809937171383
1193.827882096525,0.04637084,0.0037041707,1.0526436754202917
1193.8378355687091,0.049594615,0.0038218575,1.0516983366836252
1193.8477890408933,0.053812407,0.0039720484,1.050745979977668
1193.8577425130775,0.053787332,0.0039705294,1.0497873830087534
1193.8676959852617,0.06832974,0.0044434355,1.0488235640200516
1193.8776494574458,0.07535925,0.0046555144,1.047856734660955
1193.8876029296298,0.07448497,0.004628392,1.0468893632018026
1193.897556401814,0.08583285,0.004951447,1.045926624163876
1193.9075098739982,0.08914231,0.005041133,1.0449813547911835
1193.9174633461823,0.10646582,0.0054863696,1.044069262056039
1193.9274168183665,0.112608515,0.0056353426,1.0432051281329193
1193.9373702905507,0.123384975,0.0058872043,1.0423979904481937
1193.9473237627349,0.13484813,0.0061421487,1.0416482510614422
1193.957277234919,0.14272407,0.0063119214,1.040942913270351
1193.9672307071032,0.15783012,0.006623958,1.0402761535661953
1193.9771841792874,0.16811368,0.00682863,1.0396449894417368
1193.9871376514716,0.20302,0.00747865,1.039047865370565
1193.9970911236555,0.2098383,0.0075996905,1.0384784761625832
1194.0070445958397,0.23735175,0.008065901,1.0379348924064251
1194.016998068024,0.24319687,0.008160991,1.037416582994945
1194.026951540208,0.26472208,0.00850323,1.0369238079548249
1194.0369050123923,0.28181556,0.0087649245,1.036452804737015
1194.0468584845764,0.30582964,0.009120378,1.0360028346035666
1194.0568119567606,0.3248574,0.009390965,1.0355739754462752
1194.0667654289448,0.3417924,0.009626829,1.035166256003231
1194.076718901129,0.3776907,0.010105478,1.0347750281030017
1194.0866723733131,0.4209069,0.010654061,1.0343964198607642
1194.0966258454973,0.4457122,0.010956016,1.0340234832964263
1194.1065793176813,0.41948953,0.010635928,1.0336430785654067
1194.1165327898655,0.47457743,0.011296626,1.0332420596622587
1194.1264862620496,0.516512,0.011772871,1.0328110339681933
1194.1364397342338,0.52063036,0.011818432,1.0323457698981127
1194.146393206418,0.54419845,0.012077087,1.0318471211910916
1194.1563466786022,0.58649594,0.012525685,1.0313239170344062
1194.1663001507864,0.5984313,0.012651522,1.0307804360489987
1194.1762536229705,0.62540907,0.012926257,1.0302197896554306
1194.1862070951547,0.6157298,0.012827549,1.0296442473952605
1194.196160567339,0.6445652,0.013117948,1.0290581062250284
1194.206114039523,0.66769516,0.013346852,1.028463303106653
1194.216067511707,0.67231023,0.013420515,1.027861291614478
1194.2260209838912,0.69984365,0.013727961,1.0272532579634146
1194.2359744560754,0.7282522,0.0140543245,1.026641265716777
1194.2459279282596,0.7564145,0.014637363,1.0260263450465066
1194.2558814004437,0.8115646,0.0153912725,1.02540943121881
1194.265834872628,0.7883358,0.015233754,1.0247919235486003
1194.275788344812,0.81140476,0.015454616,1.0241761226559478
1194.2857418169963,0.8189911,0.015432839,1.0235654023847687
1194.2956952891805,0.8453056,0.015731331,1.0229658241353115
1194.3056487613646,0.84905845,0.015829556,1.0223869461794877
1194.3156022335488,0.859306,0.016025567,1.0218323844536328
1194.3255557057328,0.83377194,0.015882472,1.0213057088163096
1194.335509177917,0.837428,0.016114239,1.0208129090582816
1194.3454626501011,0.8756652,0.016699195,1.020366036297247
1194.3554161222853,0.8738103,0.016712608,1.019965144671487
1194.3653695944695,0.8777939,0.016748851,1.0196090416885073
1194.3753230666537,0.88209987,0.016820163,1.0192933985751087
1194.3852765388378,0.857191,0.016443608,1.019014835848042
1194.395230011022,0.885587,0.016804947,1.0187649319475054
1194.4051834832062,0.8812082,0.01662785,1.0185427198025097
1194.4151369553904,0.87665784,0.01646418,1.0183498359030763
1194.4250904275746,0.8557168,0.016237695,1.0181915272641877
1194.4350438997585,0.9040163,0.016574422,1.0180653915689644
1194.4449973719427,0.8837311,0.016492661,1.017972319097926
1194.4549508441269,0.87877405,0.016560497,1.0179133754585257
1194.464904316311,0.8844118,0.016571138,1.0178919273060183
1194.4748577884952,0.89841896,0.016678471,1.0179028091775184
1194.4848112606794,0.91618323,0.017177131,1.0179455164416171
1194.4947647328636,0.9092364,0.016898692,1.0180203724044388
1194.5047182050478,0.8797843,0.016751248,1.018130697278714
1194.514671677232,0.9262481,0.01737075,1.0182718156551722
1194.5246251494161,0.8934054,0.017058218,1.0184434539858451
1194.5345786216003,0.8993101,0.017032357,1.0186458312068165
1194.5445320937845,0.91236126,0.0173821,1.0188818147732897
1194.5544855659684,0.91646403,0.017305749,1.0191461168730056
1194.5644390381526,0.8916685,0.016899925,1.01943753892217
1194.5743925103368,0.90600055,0.016817924,1.0197551255646107
1194.584345982521,0.91349375,0.016847404,1.0201003094735634
1194.5942994547052,0.86878455,0.01631742,1.0204682276236179
1194.6042529268893,0.88752174,0.016418029,1.0208581778952253
1194.6142063990735,0.91648024,0.016689522,1.0212702971984293
1194.6241598712577,0.87552,0.01646685,1.021707855559292
1194.6341133434419,0.8668812,0.016206143,1.0221681459861869
1194.644066815626,0.8738345,0.016254362,1.022651765573344
1194.6540202878102,0.8682432,0.016375212,1.0231595504238382
1194.6639737599942,0.8743681,0.016245266,1.0236952899629945
1194.6739272321784,0.90671086,0.016435385,1.0242554822611163
1194.6838807043625,0.912182,0.016344551,1.0248401833523932
1194.6938341765467,0.925778,0.01635988,1.0254496304626544
1194.703787648731,0.93231136,0.016287144,1.026087353830233
1194.713741120915,0.90539473,0.015987165,1.0267495199453078
1194.7236945930993,0.9010925,0.015835183,1.0274361255093314
1194.7336480652834,0.90141594,0.015612717,1.0281473524220037
1194.7436015374676,0.89100736,0.0153772775,1.028886939711861
1194.7535550096518,0.88643366,0.015308723,1.0296509822445792
1194.763508481836,0.8820428,0.01527064,1.030439346007666
1194.7734619540201,0.916065,0.015556167,1.031251757355853
1194.783415426204,0.8891749,0.0153299,1.0320909201311919
1194.7933688983883,0.90477574,0.01546216,1.0329514137937479
1194.8033223705725,0.9014051,0.01543245,1.0338308980743232
1194.8132758427566,0.9035816,0.015450734,1.0347264408665433
1194.8232293149408,0.9095452,0.015500554,1.0356366654739873
1194.833182787125,0.9188906,0.015578391,1.0365567133405023
1194.8431362593092,0.8992536,0.015411665,1.0374855935511484
1194.8530897314934,0.92222416,0.015603983,1.0384240223469554
1194.8630432036775,0.8991797,0.015422622,1.0393768240467869
1194.8729966758617,0.88255185,0.015281582,1.0403464257223967
1194.882950148046,0.90576404,0.015478398,1.0413370785889344
1194.8929036202298,0.89478993,0.0153834,1.0423525252022356
1194.902857092414,0.9013023,0.015438544,1.0433998646635592
1194.9128105645982,0.9068233,0.01548525,1.044475687897032
1194.9227640367824,0.9032033,0.015454173,1.0455789774062612
1194.9327175089666,0.89537007,0.015387651,1.0467084380700378
1194.9426709811507,0.8918524,0.015355483,1.047866653445174
1194.952624453335,0.88956475,0.015336736,1.0490494027822606
1194.962577925519,0.9234545,0.015621121,1.0502565180880974
1194.9725313977033,0.88799566,0.015323284,1.0514884681266405
1194.9824848698875,0.8596665,0.015080016,1.0527496148527238
1194.9924383420716,0.89026946,0.015340985,1.0540367889907936
1195.0023918142556,0.90968025,0.015503187,1.0553495729194664
1195.0123452864398,0.8554643,0.015042274,1.0566876460548023
1195.022298758624,0.89978087,0.015419896,1.0580541078051007
1195.0322522308081,0.8783481,0.015237528,1.0594452015254252
1195.0422057029923,0.8668608,0.01513879,1.060860000025032
1195.0521591751765,0.87778986,0.01523289,1.0622981130428146
1195.0621126473607,0.862629,0.015101611,1.06376258427851
1195.0720661195448,0.88411695,0.015285132,1.0652506544904288
1195.082019591729,0.8755285,0.015212176,1.066762090483374
1195.0919730639132,0.9199596,0.015585428,1.0682972679583433
1195.1019265360974,0.9234906,0.015615042,1.0698596408246872
1195.1118800082813,0.9061268,0.015468344,1.071445760009998
1195.1218334804655,0.9019464,0.015433516,1.0730530916685121
1195.1317869526497,0.91532475,0.015543441,1.0746784164979055
1195.1417404248339,0.8644556,0.015112231,1.0763183010529898
1195.151693897018,0.86811244,0.015143592,1.0779650500623963
1195.1616473692022,0.8808967,0.015253467,1.0796126974951745
1195.1716008413864,0.8676187,0.015139307,1.0812563702456925
1195.1815543135706,0.88402456,0.015279506,1.0828909209379778
1195.1915077857548,0.88153386,0.015257854,1.084514568072443
1195.201461257939,0.8740373,0.01519274,1.0861272862048916
1195.2114147301231,0.89379334,0.015360828,1.08773033820171
1195.221368202307,0.88317496,0.015269117,1.0893260914749876
1195.2313216744913,0.87543386,0.015204355,1.0909197949728306
1195.2412751466754,0.8809172,0.015249874,1.0925157088933797
1195.2512286188596,0.8705654,0.015160668,1.0941167046730687
1195.2611820910438,0.8730118,0.015179778,1.095724684539315
1195.271135563228,0.9027637,0.015431765,1.097338006935137
1195.2810890354122,0.85893357,0.015059736,1.098953735848522
1195.2910425075963,0.8532599,0.015009809,1.1005684523884864
1195.3009959797805,0.88636905,0.0152928475,1.1021777508791208
1195.3109494519647,0.87957865,0.015234062,1.1037788122695398
1195.3209029241489,0.9192102,0.015567528,1.1053705962630627
1195.3308563963328,0.9051755,0.015449739,1.106953099510536
1195.340809868517,0.8767049,0.015208134,1.1085268354149997
1195.3507633407012,0.8789332,0.015227159,1.1100946687014455
1195.3607168128854,0.84854513,0.014966034,1.1116589554600285
1195.3706702850695,0.87394434,0.015183128,1.1132208951171103
1195.3806237572537,0.87768185,0.015215408,1.1147803028686412
1195.390577229438,0.863358,0.015091924,1.1163361162363696
1195.400530701622,0.87520564,0.015194259,1.1178868383406622
1195.4104841738063,0.8449551,0.01493271,1.1194307398432746
1195.4204376459904,0.88854915,0.01530616,1.1209654021845843
1195.4303911181746,0.8780079,0.015215193,1.1224903850434695
1195.4403445903586,0.85838544,0.01504761,1.12400658326778
1195.4502980625427,0.8456315,0.014936294,1.1255151307714066
1195.460251534727,0.8425471,0.0149091035,1.1270173704871358
1195.470205006911,0.8736812,0.015176565,1.128515798387006
1195.4801584790953,0.86158836,0.015072713,1.1300124942932621
1195.4901119512795,0.83691007,0.014858181,1.131508773151697
1195.5000654234636,0.82689905,0.014769812,1.133005605709018
1195.5100188956478,0.8382224,0.014868741,1.134503543227888
1195.519972367832,0.8582983,0.015041879,1.136002761288406
1195.5299258400162,0.85045564,0.014974735,1.1375033406646171
1195.5398793122004,0.8478047,0.014950388,1.139005389277051
1195.5498327843843,0.83409935,0.014830697,1.1405088475710805
1195.5597862565685,0.8300067,0.014795092,1.1420135419234347
1195.5697397287527,0.8456129,0.014930444,1.1435193763925058
1195.5796932009368,0.8380419,0.0148633,1.1450263110704357
1195.589646673121,0.83668405,0.014851639,1.1465342322260756
1195.5996001453052,0.8373475,0.014856574,1.1480429978627653
1195.6095536174894,0.84249467,0.014901052,1.1495525820465875
1195.6195070896736,0.8488034,0.014956467,1.1510630674808955
1195.6294605618577,0.8489831,0.014956605,1.1525745634958575
1195.639414034042,0.81855226,0.0146902865,1.15408713576103
1195.649367506226,0.8357599,0.014841013,1.1556009441804873
1195.6593209784103,0.8529554,0.014989468,1.1571162776790045
1195.6692744505942,0.85934556,0.01504436,1.158633417904165
1195.6792279227784,0.8412256,0.014886837,1.1601524261984544
1195.6891813949626,0.83497876,0.014831876,1.1616734379126963
1195.6991348671468,0.8201401,0.014701794,1.163196582816524
1195.709088339331,0.8487248,0.014950787,1.1647216428892964
1195.7190418115151,0.8215198,0.014713691,1.1662477806192975
1195.7289952836993,0.8175501,0.014678898,1.1677738756912552
1195.7389487558835,0.8383372,0.014859574,1.1692981666382916
1195.7489022280677,0.81850505,0.014685244,1.1708184046099015
1195.7588557002518,0.7744592,0.014291671,1.1723334695235548
1195.768809172436,0.7925018,0.014452751,1.1738429661907248
1195.7787626446202,0.7922157,0.0144497035,1.1753477847802465
1195.7887161168042,0.7898091,0.014428709,1.1768512788437722
1195.7986695889883,0.81924164,0.01468988,1.178358855952796
1195.8086230611725,0.8132026,0.014635057,1.179876448383599
1195.8185765333567,0.8374753,0.014848345,1.1814102294282893
1195.8285300055409,0.8123005,0.014627023,1.1829620580382159
1195.838483477725,0.81838447,0.014680141,1.1845230583014004
1195.8484369499092,0.8482491,0.014941329,1.1860829162129454
1195.8583904220934,0.8237685,0.014726723,1.1876315848744063
1195.8683438942776,0.8264341,0.014749337,1.1891605262210947
1195.8782973664618,0.80268884,0.014539204,1.190667721070474
1195.888250838646,0.82682395,0.0147519605,1.1921494550268052
1195.89820431083,0.814111,0.01463983,1.193599872151458
1195.908157783014,0.81165594,0.014617377,1.1950083804723937
1195.9181112551983,0.8039858,0.014549132,1.1963723547116576
1195.9280647273824,0.8057553,0.014565261,1.1976853747440175
1195.9380181995666,0.82115257,0.014700996,1.1989410881082716
1195.9479716717508,0.8179619,0.014672521,1.2001301933896245
1195.957925143935,0.8166534,0.014659455,1.2012607087656426
1195.9678786161192,0.8170256,0.014662321,1.2023342923176168
1195.9778320883033,0.83134454,0.014787494,1.2033530254905322
1195.9877855604875,0.8230974,0.014714754,1.2043186689540688
1195.9977390326717,0.82622826,0.014742217,1.205251422662418
1196.0076925048556,0.83752894,0.014839991,1.2061654463695846
1196.0176459770398,0.8557361,0.014997609,1.2070718924485053
1196.027599449224,0.85366887,0.014978843,1.207975867200817
1196.0375529214082,0.8380916,0.0148441605,1.2088761870997797
1196.0475063935924,0.8311998,0.014783203,1.20976838899676
1196.0574598657765,0.83957225,0.01485549,1.2106474623392853
1196.0674133379607,0.8497448,0.014943735,1.211506112144947
1196.077366810145,0.8419908,0.014875709,1.2123446405136855
1196.087320282329,0.8058177,0.014559233,1.2131630842421115
1196.0972737545133,0.82911927,0.014763004,1.2139632668379052
1196.1072272266974,0.85000545,0.014943972,1.2147470981384418
1196.1171806988814,0.86911726,0.015108765,1.2155225639637615
1196.1271341710656,0.845662,0.014905304,1.216294780315853
1196.1370876432497,0.85974574,0.015026974,1.2170680872156852
1196.147041115434,0.8404996,0.014860336,1.21784620238029
1196.156994587618,0.8434815,0.014886087,1.2186293408999984
1196.1669480598023,0.8798622,0.015197803,1.2194166284426209
1196.1769015319865,0.8400388,0.0148551455,1.2202064148188423
1196.1868550041706,0.8620322,0.015044686,1.220996533821661
1196.1968084763548,0.8571247,0.015002611,1.2217851394018417
1196.206761948539,0.8623305,0.015046313,1.222571437322744
1196.2167154207232,0.86068195,0.01503182,1.2233554493312968
1196.2266688929071,0.8712782,0.015121586,1.224137931466975
1196.2366223650913,0.8508489,0.014947227,1.224920632403267
1196.2465758372755,0.8648212,0.015066044,1.2257050085583265
1196.2565293094597,0.8507752,0.014944275,1.226492180725994
1196.2664827816438,0.84861374,0.014925944,1.2272830969542157
1196.276436253828,0.84013754,0.014851498,1.2280768344437925
1196.2863897260122,0.8366756,0.014821292,1.2288715041331488
1196.2963431981964,0.84749633,0.014914201,1.2296638282528523
1196.3062966703806,0.88500816,0.015234693,1.2304472711361343
1196.3162501425647,0.88765866,0.01525674,1.2312155170692494
1196.326203614749,0.8875102,0.01525461,1.2319630332357256
1196.3361570869329,0.82210386,0.014691592,1.2326853099160007
1196.346110559117,0.8741028,0.015140656,1.2333764504320603
1196.3560640313012,0.8581632,0.015004495,1.2340394917904294
1196.3660175034854,0.87656873,0.015160491,1.234679763437158
1196.3759709756696,0.87800086,0.015172214,1.2353033562855482
1196.3859244478538,0.854463,0.014971054,1.2359178326069966
1196.395877920038,0.8906993,0.015322588,1.2365334232157772
1196.4058313922221,0.8854692,0.0153830685,1.237157887679366
1196.4157848644063,0.8798962,0.015412693,1.2377966577204718
1196.4257383365905,0.8852192,0.015667731,1.238454702571389
1196.4356918087747,0.8939578,0.016069679,1.2391316462290298
1196.4456452809586,0.89286005,0.016067686,1.2398248616209284
1196.4555987531428,0.86712736,0.01591775,1.2405320737936154
1196.465552225327,0.89045316,0.016004682,1.2412518678399684
1196.4755056975112,0.87348783,0.015938789,1.241981552691285
1196.4854591696953,0.8781845,0.015989408,1.2427190691726822
1196.4954126418795,0.8811622,0.016223904,1.2434638903758952
1196.5053661140637,0.8853504,0.016332287,1.244217144059564
1196.5153195862479,0.9212424,0.016828388,1.2449803735813898
1196.525273058432,0.87674874,0.016618028,1.2457552541692989
1196.5352265306162,0.90011865,0.016869243,1.2465447161282786
1196.5451800028004,0.88551015,0.0166999,1.2473541961061199
1196.5551334749844,0.8737163,0.016737722,1.2481891245324281
1196.5650869471685,0.87254286,0.016483247,1.249052440268449
1196.5750404193527,0.9013689,0.016815506,1.2499459635468044
1196.584993891537,0.9023732,0.016827,1.2508663077948523
1196.594947363721,0.88429856,0.016380515,1.2517996966918168
1196.6049008359053,0.8767509,0.016426265,1.2527315512512875
1196.6148543080894,0.9052994,0.016544383,1.253653740252597
1196.6248077802736,0.9109924,0.016578354,1.254561171215836
1196.6347612524578,0.88762486,0.016597215,1.2554510720346936
1196.644714724642,0.883947,0.016679714,1.256323865888126
1196.6546681968262,0.91977656,0.016702432,1.2571786312264104
1196.6646216690103,0.88208574,0.01678749,1.2580132822511787
1196.6745751411943,0.9369019,0.01715103,1.2588254438004838
1196.6845286133785,0.90762484,0.016961997,1.2596160258936506
1196.6944820855626,0.9365989,0.01726282,1.2603837406808625
1196.7044355577468,0.9388582,0.017531203,1.2611260305356802
1196.714389029931,0.9402888,0.017406961,1.2618393384060345
1196.7243425021152,0.9080554,0.01719569,1.2625249192179233
1196.7342959742994,0.9175775,0.01716399,1.2631807562211983
1196.7442494464835,0.9201817,0.017041521,1.2638028329779822
1196.7542029186677,0.92355597,0.016865822,1.2643836095289354
1196.764156390852,0.9280706,0.016858824,1.264922439005567
1196.774109863036,0.8970778,0.016466701,1.2654149246942388
1196.7840633352203,0.8810955,0.016345032,1.2658612065452202
1196.7940168074042,0.9217781,0.016557043,1.2662712495830264
1196.8039702795884,0.9171407,0.016739735,1.266668270612747
1196.8139237517726,0.89498955,0.016373092,1.267065927091846
1196.8238772239567,0.91288143,0.01643993,1.2674723907077359
1196.833830696141,0.9217168,0.016695248,1.267892865653727
1196.843784168325,0.9418238,0.016734159,1.268326768228789
1196.8537376405093,0.93489385,0.016537411,1.2687743149292596
1196.8636911126935,0.9410569,0.01648742,1.2692355118224357
1196.8736445848776,0.90190357,0.016034406,1.2697116144953253
1196.8835980570618,0.9099502,0.015986597,1.2701995929943157
1196.893551529246,0.92266583,0.015992505,1.270698045774635
1196.90350500143,0.90198356,0.015734397,1.2712052752415464
1196.9134584736141,0.9075041,0.015579046,1.2717202022885432
1196.9234119457983,0.882354,0.015217025,1.272240134593523
1196.9333654179825,0.8976682,0.015315202,1.2727646319746562
1196.9433188901667,0.89797705,0.015317152,1.2732944816268112
1196.9532723623508,0.8893376,0.015243128,1.2738338295647096
1196.963225834535,0.8634408,0.015023471,1.274385568302512
1196.9731793067192,0.8654148,0.015039902,1.274951716909027
1196.9831327789034,0.90581524,0.015380994,1.2755299453955005
1196.9930862510876,0.8963685,0.015301042,1.2761111748016387
1197.0030397232717,0.8427362,0.014843804,1.276682808632474
1197.0129931954557,0.8547962,0.014947239,1.2772359023992677
1197.0229466676399,0.8579425,0.014975008,1.277763301705859
1197.032900139824,0.8584634,0.014978741,1.2782513235780186
1197.0428536120082,0.88493866,0.015203647,1.278691949964089
1197.0528070841924,0.86158943,0.015004218,1.2790738772926402
1197.0627605563766,0.8363575,0.014786035,1.2793851884258016
1197.0727140285608,0.8399229,0.014816819,1.279605795749608
1197.082667500745,0.83669907,0.014788199,1.2797390760783585
1197.0926209729291,0.8872622,0.015220741,1.279789013225923
1197.1025744451133,0.8407066,0.014822226,1.2797583835727933
1197.1125279172975,0.84221184,0.014834982,1.2796412959396082
1197.1224813894814,0.87608653,0.01512489,1.2794465991362054
1197.1324348616656,0.8414922,0.014827765,1.2791799279178169
1197.1423883338498,0.89677185,0.0152985705,1.2788430261429766
1197.152341806034,0.83676785,0.014786632,1.278429861480229
1197.1622952782182,0.8382765,0.014799537,1.277945964309387
1197.1722487504023,0.8127819,0.01457614,1.2773982967517226
1197.1822022225865,0.8230669,0.014665247,1.2767915654500985
1197.1921556947707,0.8408297,0.01482007,1.2761260086409656
1197.2021091669549,0.8145545,0.014590005,1.275411925773347
1197.212062639139,0.82905126,0.01471684,1.2746670236239823
1197.2220161113232,0.84593403,0.01486345,1.273912455330385
1197.2319695835072,0.8263455,0.014691849,1.2731720604829073
1197.2419230556914,0.84273636,0.014835116,1.2724609524938333
1197.2518765278755,0.8435515,0.014841,1.2717810816303348
1197.2618300000597,0.83605915,0.014764343,1.2711313980092298
1197.271783472244,0.81827724,0.014609337,1.2705114035810974
1197.281736944428,0.8383093,0.014783488,1.2699182782048417
1197.2916904166123,0.82222706,0.014643009,1.2693477200210541
1197.3016438887964,0.82265365,0.014645313,1.2687980486528903
1197.3115973609806,0.8597618,0.014966731,1.268269026213901
1197.3215508331648,0.8721058,0.015071476,1.2677596082255613
1197.331504305349,0.85088813,0.01488967,1.2672669132145984
1197.341457777533,0.8275349,0.014687564,1.266790134083645
1197.351411249717,0.8497327,0.014879328,1.266329628904197
1197.3613647219013,0.8680197,0.015035664,1.2658858947522333
1197.3713181940855,0.8776592,0.015116892,1.2654573693584557
1197.3812716662696,0.8660084,0.015016726,1.2650441534407328
1197.3912251384538,0.8735955,0.0150811765,1.2646470024984247
1197.401178610638,0.85559046,0.014927675,1.2642667383269197
1197.4111320828222,0.8864485,0.015189397,1.2639010068031218
1197.4210855550064,0.8838751,0.015167402,1.2635488704364821
1197.4310390271905,0.84262955,0.0148159,1.2632094528206257
1197.4409924993747,0.8897961,0.015215657,1.2628818790270295
1197.4509459715587,0.85915095,0.014955536,1.2625630766371003
1197.4608994437428,0.85341907,0.014906738,1.2622517753246438
1197.470852915927,0.86368054,0.014993093,1.2619473619083525
1197.4808063881112,0.869835,0.015045881,1.2616505699813771
1197.4907598602954,0.9099221,0.01538222,1.2613613515814484
1197.5007133324796,0.9023883,0.015319264,1.261081085025559
1197.5106668046637,0.89742273,0.015277707,1.2608115814630374
1197.520620276848,0.8644163,0.014998453,1.26055622612133
1197.530573749032,0.85877925,0.014949972,1.2603145442539951
1197.5405272212163,0.87092584,0.015053648,1.260087219425897
1197.5504806934005,0.8491104,0.014865723,1.259874578807465
1197.5604341655844,0.86025095,0.014961236,1.259678870701297
1197.5703876377686,0.8495514,0.014868099,1.259497588943248
1197.5803411099528,0.8671445,0.015018461,1.2593305087728086
1197.590294582137,0.86427224,0.014995039,1.2591774172368795
1197.6002480543211,0.84426934,0.014822068,1.259040318767622
1197.6102015265053,0.85342234,0.014901226,1.258917106721885
1197.6201549986895,0.8606857,0.014962252,1.2588077877243344
1197.6301084708737,0.86090076,0.014964081,1.258712605854811
1197.6400619430578,0.8671486,0.015017625,1.2586341518008801
1197.650015415242,0.8684981,0.015028116,1.2585711804893414
1197.6599688874262,0.8948136,0.015250038,1.2585238984616824
1197.6699223596104,0.87156594,0.015053216,1.258492422050611
1197.6798758317943,0.87529963,0.015084417,1.2584777640053162
1197.6898293039785,0.85935515,0.01494833,1.2584758176024986
1197.6997827761627,0.8598366,0.014952395,1.2584825370043968
1197.7097362483469,0.84328896,0.014810151,1.2584933001965166
1197.719689720531,0.82364094,0.014638855,1.2585025101490788
1197.7296431927152,0.8460449,0.014832976,1.2585054814775711
1197.7395966648994,0.8694067,0.015032179,1.25849972479785
1197.7495501370836,0.8521544,0.014884591,1.258484557454869
1197.7595036092678,0.82348734,0.014636491,1.258460585095488
1197.769457081452,0.8291082,0.0146849705,1.2584316708606265
1197.7794105536361,0.8563568,0.014920002,1.2584018178189562
1197.78936402582,0.85337555,0.014893745,1.2583742665563709
1197.7993174980043,0.88804114,0.015187685,1.258351941713733
1197.8092709701884,0.8538243,0.014896671,1.2583361658734638
1197.8192244423726,0.8749093,0.015075612,1.258327068964522
1197.8291779145568,0.87073857,0.015039919,1.258324695065488
1197.839131386741,0.8590535,0.014940127,1.258329494108013
1197.8490848589252,0.87290883,0.015056982,1.2583411520008443
1197.8590383311093,0.8687807,0.015021907,1.2583587344116625
1197.8689918032935,0.8529209,0.014887045,1.2583813246600968
1197.8789452754777,0.8677367,0.015012787,1.2584072456591735
1197.8888987476619,0.84543645,0.014822076,1.2584331815369483
1197.898852219846,0.84185183,0.014790715,1.2584553681733457
1197.90880569203,0.8521102,0.014878171,1.258470158698707
1197.9187591642142,0.8764398,0.015085442,1.2584735169951533
1197.9287126363984,0.8720902,0.015047801,1.2584629557757339
1197.9386661085825,0.87230134,0.015049317,1.258439949666105
1197.9486195807667,0.8507131,0.01486461,1.2584063885260588
1197.958573052951,0.8698739,0.015027963,1.2583654203028263
1197.968526525135,0.87576634,0.015077554,1.2583221893433165
1197.9784799973193,0.86015934,0.014944552,1.2582823236100826
1197.9884334695034,0.8450775,0.014815493,1.2582504226154356
1197.9983869416876,0.87750894,0.015091277,1.2582308727162683
1198.0083404138718,0.86458796,0.014981584,1.2582276697860975
1198.0182938860557,0.8449156,0.014812566,1.2582398611382204
1198.02824735824,0.8613166,0.014952435,1.2582668991103532
1198.038200830424,0.85576266,0.0149048595,1.258308065499476
1198.0481543026083,0.879607,0.015107202,1.2583634170005245
1198.0581077747925,0.89107597,0.015203312,1.2584303000710197
1198.0680612469766,0.8465451,0.014824386,1.2585081611111202
1198.0780147191608,0.8410631,0.01477726,1.2585967937063762
1198.087968191345,0.8456726,0.014816445,1.258697259521996
1198.0979216635292,0.8481328,0.014837139,1.2588077991235989
1198.1078751357134,0.85440373,0.014890846,1.2589282106530977
1198.1178286078975,0.8288166,0.01467023,1.2590583174735932
1198.1277820800815,0.85664445,0.014909548,1.2591993620245252
1198.1377355522657,0.8357008,0.014729062,1.259349596818811
1198.1476890244498,0.8537028,0.014882901,1.2595087427514708
1198.157642496634,0.8745991,0.015061212,1.2596763681786154
1198.1675959688182,0.85178214,0.014866166,1.2598527424132449
1198.1775494410024,0.86979413,0.015019637,1.2600351940627368
1198.1875029131866,0.87517375,0.0150642255,1.2602214412231696
1198.1974563853707,0.88894093,0.015179917,1.260408511506675
1198.207409857555,0.85045266,0.014853087,1.2605918767905813
1198.217363329739,0.86693466,0.014993329,1.260767872941167
1198.2273168019233,0.86269057,0.014956986,1.2609338509559802
1198.2372702741072,0.8723452,0.015038888,1.2610882001207613
1198.2472237462914,0.87805474,0.015086969,1.2612293853092948
1198.2571772184756,0.8688353,0.015008671,1.261360352828235
1198.2671306906598,0.8251662,0.014632967,1.2614842177779126
1198.277084162844,0.83993036,0.014760504,1.2616040883529274
1198.2870376350281,0.8818147,0.01511744,1.2617229571516257
1198.2969911072123,0.8612008,0.014942216,1.2618429784041751
1198.3069445793965,0.85320956,0.014874543,1.261964555343054
1198.3168980515807,0.8606113,0.014936789,1.262087096420839
1198.3268515237648,0.8766886,0.015073053,1.262209430686464
1198.336804995949,0.8519682,0.014862173,1.2623307970441364
1198.346758468133,0.83225554,0.014691667,1.2624515592563408
1198.3567119403172,0.85362077,0.014874914,1.262573180656914
1198.3666654125013,0.82459056,0.014624309,1.2626986311856723
1198.3766188846855,0.8526514,0.014866545,1.2628313042334773
1198.3865723568697,0.8261655,0.014637113,1.262973711521346
1198.3965258290539,0.8627911,0.0149524445,1.2631282872922278
1198.406479301238,0.84453124,0.014795028,1.2632979863754348
1198.4164327734222,0.83889556,0.014746636,1.2634840892349002
1198.4263862456064,0.8325192,0.01469104,1.2636853646711343
1198.4363397177906,0.8335607,0.01469971,1.2639013633934848
1198.4462931899748,0.84359074,0.014786407,1.2641322324628423
1198.4562466621587,0.8244144,0.014619584,1.2643776628357704
1198.466200134343,0.83024615,0.014669851,1.264635706593051
1198.476153606527,0.85798013,0.014908723,1.2649059860333125
1198.4861070787113,0.8621652,0.014944407,1.265188825529682
1198.4960605508954,0.86196184,0.014941544,1.2654848336316897
1198.5060140230796,0.87366533,0.015040928,1.2657925563958425
1198.5159674952638,0.8410586,0.014761882,1.266111944979098
1198.525920967448,0.8601945,0.014924888,1.266443409721345
1198.5358744396322,0.85447305,0.014875969,1.2667881655856286
1198.5458279118163,0.851376,0.014849078,1.2671449536189727
1198.5557813840005,0.83169293,0.0146790715,1.2675141261998737
1198.5657348561845,0.8596116,0.014919434,1.2678964358855547
1198.5756883283686,0.8639486,0.01495544,1.2682941747783005
1198.5856418005528,0.8559582,0.0148875555,1.2687060892531579
1198.595595272737,0.8803701,0.0150946025,1.269132615074728
1198.6055487449212,0.8370809,0.014724847,1.2695738492801005
1198.6155022171054,0.8538482,0.014868957,1.2700308830873253
1198.6254556892895,0.85430723,0.014871981,1.2704995163578303
1198.6354091614737,0.85028315,0.014836458,1.2709769899834955
1198.645362633658,0.83204156,0.01467985,1.271460092105931
1198.655316105842,0.8423378,0.014767494,1.2719455979798355
1198.6652695780263,0.85019135,0.014834449,1.272430329016069
1198.6752230502102,0.8464816,0.014802986,1.2729126735718561
1198.6851765223944,0.8241065,0.014608285,1.2733919011387773
1198.6951299945786,0.83391875,0.014692088,1.2738677084238335
1198.7050834667627,0.81467384,0.014525839,1.2743413615936048
1198.715036938947,0.8435038,0.014776247,1.2748140506654284
1198.724990411131,0.8205327,0.014576248,1.2752872022009742
1198.7349438833153,0.8191389,0.014563576,1.275763457425173
1198.7448973554995,0.837103,0.014719015,1.276245912812875
1198.7548508276836,0.8161256,0.014536134,1.2767379381881658
1198.7648042998678,0.8181832,0.0145534985,1.277242864382585
1198.774757772052,0.8440107,0.014777257,1.2777646933389395
1198.7847112442362,0.8428385,0.014767209,1.2783017625944866
1198.7946647164201,0.8368749,0.014715724,1.278848453968268
1198.8046181886043,0.8123244,0.014501448,1.2793956191308609
1198.8145716607885,0.8195521,0.014563549,1.2799277420960256
1198.8245251329727,0.8092595,0.014473754,1.2804279876858344
1198.8344786051568,0.8367283,0.0147124035,1.2808836871492952
1198.844432077341,0.8100675,0.014479895,1.2812842130208448
1198.8543855495252,0.81242627,0.014500953,1.2816188531088186
1198.8643390217094,0.79292864,0.014328559,1.2818897043414315
1198.8742924938936,0.8246871,0.0146065615,1.2821086287645758
1198.8842459660777,0.83460605,0.014692739,1.2822852137771217
1198.894199438262,0.8018509,0.014405305,1.2824282561899396
1198.904152910446,0.81016666,0.014479514,1.2825487216031681
1198.91410638263,0.78137684,0.014223454,1.2826570490514972
1198.9240598548142,0.80128807,0.014400337,1.2827591628064021
1198.9340133269984,0.81763136,0.014543836,1.282859386089034
1198.9439667991826,0.7913247,0.014355153,1.2829600338918996
1198.9539202713668,0.8217831,0.014790651,1.2830607129492018
1198.963873743551,0.7833036,0.014695552,1.2831598973413803
1198.9738272157351,0.7958246,0.015018769,1.2832553400822775
1198.9837806879193,0.8175309,0.015322355,1.2833448364535252
1198.9937341601035,0.81037194,0.015185462,1.2834287972177134
1199.0036876322877,0.8160023,0.015267933,1.2835081503924053
1199.0136411044718,0.80881697,0.01514055,1.283584206813364
1199.0235945766558,0.82688653,0.01541869,1.2836580412608962
1199.03354804884,0.8277782,0.015514989,1.2837304566225953
1199.0435015210242,0.8224439,0.015654305,1.2838011489853336
1199.0534549932083,0.8197078,0.015806763,1.283869210140505
1199.0634084653925,0.8413969,0.016199602,1.2839326848997077
1199.0733619375767,0.8350292,0.01618463,1.2839909032939092
1199.0833154097609,0.83279383,0.016077613,1.284042991830734
1199.093268881945,0.82641476,0.015989324,1.2840884124841323
1199.1032223541292,0.8222694,0.01594799,1.2841258190066207
1199.1131758263134,0.8156827,0.015853507,1.2841563841510168
1199.1231292984976,0.8153351,0.01583985,1.2841804428310635
1199.1330827706815,0.81854904,0.015693305,1.284198558254611
1199.1430362428657,0.8370745,0.015789328,1.2842112469752371
1199.15298971505,0.8199077,0.015672546,1.2842209889503724
1199.162943187234,0.79285896,0.015441831,1.2842298968590669
1199.1728966594183,0.7860041,0.01546139,1.2842396571649233
1199.1828501316024,0.79638284,0.015587256,1.284250711039288
1199.1928036037866,0.77799547,0.015413768,1.2842605719269509
1199.2027570759708,0.82269907,0.015946718,1.2842645782190316
1199.212710548155,0.79926413,0.015741695,1.2842565038412324
1199.2226640203392,0.7650869,0.015468482,1.2842260797768303
1199.2326174925233,0.8121002,0.016029902,1.2841661200170988
1199.2425709647073,0.78790885,0.015822494,1.2840722351501994
1199.2525244368915,0.7880629,0.015929578,1.2839407959473632
1199.2624779090756,0.79258007,0.016019853,1.2837668030033704
1199.2724313812598,0.7630066,0.01564741,1.283553389791865
1199.282384853444,0.7382343,0.015242575,1.2833076324808885
1199.2923383256282,0.7436747,0.0151662,1.2830353451761325
1199.3022917978124,0.73168045,0.014922221,1.2827417100137013
1199.3122452699965,0.7176719,0.014709308,1.2824335167088234
1199.3221987421807,0.7330555,0.014777884,1.2821165195140818
1199.332152214365,0.69399846,0.014440909,1.281793466851854
1199.342105686549,0.7206593,0.0147148445,1.2814656755865712
1199.352059158733,0.69428414,0.014483252,1.281133452750527
1199.3620126309172,0.6798015,0.014267061,1.280796676369374
1199.3719661031014,0.6807838,0.014333927,1.280454356537291
1199.3819195752856,0.6668495,0.014147158,1.2801050297971333
1199.3918730474697,0.6355018,0.013635834,1.2797472037343167
1199.401826519654,0.62251157,0.01345389,1.279381386059966
1199.411779991838,0.6053185,0.013121262,1.279007771422537
1199.4217334640223,0.580573,0.012767193,1.2786268397440816
1199.4316869362065,0.5578407,0.012460634,1.2782391874835926
1199.4416404083906,0.50941306,0.011808694,1.2778468966182683
1199.4515938805748,0.49228817,0.011474737,1.2774510222753634
1199.4615473527588,0.5183895,0.0116470205,1.2770523963919125
1199.471500824943,0.46438503,0.011010787,1.2766514346943336
1199.4814542971271,0.46213785,0.01098411,1.2762489007678914
1199.4914077693113,0.43649694,0.010682966,1.2758450481154653
1199.5013612414955,0.43541333,0.010669579,1.2754401016304855
1199.5113147136797,0.40446347,0.010291199,1.275034233026394
1199.5212681858638,0.3974293,0.010203428,1.27462802594287
1199.531221658048,0.36896148,0.009840464,1.2742219464417632
1199.5411751302322,0.35585597,0.009667784,1.2738164850551477
1199.5511286024164,0.34379146,0.009506678,1.2734122854182583
1199.5610820746006,0.35015148,0.009591972,1.2730096191846971
1199.5710355467845,0.35783854,0.009693214,1.2726086873533606
1199.5809890189687,0.35333207,0.009632773,1.2722096133118383
1199.5909424911529,0.3614709,0.009740508,1.2718126882483964
1199.600895963337,0.34182772,0.009478757,1.2714178056085714
1199.6108494355212,0.37155086,0.009871466,1.2710250079728833
1199.6208029077054,0.3592926,0.009710877,1.2706344698907162
1199.6307563798896,0.37183806,0.009874364,1.2702467462272922
1199.6407098520738,0.40060964,0.01023981,1.2698620581903297
1199.650663324258,0.41390726,0.010404296,1.2694806207047626
1199.6606167964421,0.4323174,0.010626374,1.2691028003498053
1199.6705702686263,0.45132068,0.010852113,1.2687294425026328
1199.6805237408103,0.44241855,0.010745786,1.2683610572484252
1199.6904772129944,0.48261184,0.011213561,1.2679979841911604
1199.7004306851786,0.47347417,0.011108919,1.2676409259909416
1199.7103841573628,0.48308837,0.011218464,1.267291265685515
1199.720337629547,0.5064206,0.011480053,1.2669500811113372
1199.7302911017312,0.52151936,0.011645576,1.2666176874386603
1199.7402445739153,0.5369524,0.01181338,1.2662950145545864
1199.7501980460995,0.5280191,0.0117155835,1.2659837543015975
1199.7601515182837,0.5250762,0.011683663,1.2656855522669883
1199.7701049904679,0.52752954,0.011710292,1.2654000519893787
1199.780058462652,0.5167125,0.011591904,1.2651276465119459
1199.7900119348362,0.49474898,0.011348708,1.2648686215065659
1199.7999654070202,0.4952448,0.011353056,1.26462260187947
1199.8099188792044,0.4613238,0.01096607,1.264386396203098
1199.8198723513885,0.4509702,0.01084554,1.264158026071497
1199.8298258235727,0.4514598,0.010851099,1.2639356805268118
1199.839779295757,0.41688493,0.010437658,1.263718161963531
1199.849732767941,0.41386694,0.010399495,1.2635040486468618
1199.8596862401253,0.3914401,0.010121164,1.263293250614651
1199.8696397123094,0.38949627,0.010096413,1.26308604099236
1199.8795931844936,0.34357905,0.009497771,1.2628834585986644
1199.8895466566778,0.31196234,0.009061435,1.2626852936933832
1199.899500128862,0.29770282,0.008858534,1.2624916862698463
1199.909453601046,0.2890859,0.008731275,1.2623026132050295
1199.91940707323,0.2675402,0.008409524,1.26211682918415
1199.9293605454143,0.24274345,0.008022573,1.2619291577623395
1199.9393140175985,0.21977785,0.007645138,1.2617325668549806
1199.9492674897826,0.19164832,0.0071564564,1.2615186840073176
1199.9592209619668,0.16945362,0.0067442604,1.2612761199770217
1199.969174434151,0.17944542,0.006931841,1.2610032298693605
1199.9791279063352,0.14714636,0.0063005313,1.2606997354901979
1199.9890813785194,0.12877181,0.005909797,1.2603657518864522
1199.9990348507035,0.13352427,0.006013097,1.2599975300626343
1200.0089883228877,0.124699004,0.005819263,1.2595966465994657
1200.018941795072,0.12751381,0.005881108,1.259163513625646
1200.0288952672558,0.10352294,0.0053241053,1.2586972101334717
1200.03884873944,0.09582957,0.0051314747,1.2581934952991707
1200.0488022116242,0.098210126,0.005191283,1.2576528567085825
1200.0587556838084,0.10568481,0.0053754123,1.2570762426760929
1200.0687091559926,0.094536826,0.0050977883,1.2564617640057028
1200.0786626281767,0.090411425,0.0049905614,1.2558042948807642
1200.088616100361,0.089383975,0.0049645333,1.2551055811311085
1200.098569572545,0.09460086,0.0050979545,1.254375855799169
1200.1085230447293,0.0877299,0.0049183024,1.2536259311994975
1200.1184765169135,0.0895595,0.0049670106,1.252866803243013
1200.1284299890976,0.10213173,0.0052871606,1.2521075252117222
1200.1383834612816,0.11237105,0.0055337176,1.2513526410044697
1200.1483369334658,0.112664476,0.005540077,1.2506041242286654
1200.15829040565,0.115645364,0.0056099114,1.2498632605488387
1200.1682438778341,0.123094015,0.0057789064,1.2491311343886031
1200.1781973500183,0.13391201,0.0060172984,1.2484071366207075
1200.1881508222025,0.13891625,0.006122743,1.247691359310573
1200.1981042943867,0.15348934,0.006423728,1.2469839303926693
1200.2080577665708,0.17733797,0.00688609,1.2462853260755486
1200.218011238755,0.16860016,0.0067201867,1.245594012930562
1200.2279647109392,0.19688436,0.0072414726,1.2449094559319938
1200.2379181831234,0.22804932,0.007774163,1.2442311418201326
1200.2478716553073,0.2408088,0.007982003,1.2435592014086982
1200.2578251274915,0.25198635,0.008158044,1.2428921234610575
1200.2677785996757,0.26049381,0.00829135,1.2422291774454113
1200.2777320718599,0.2748678,0.008510427,1.2415696073385427
1200.287685544044,0.31525087,0.009095174,1.2409130757074585
1200.2976390162282,0.32916233,0.009287996,1.2402587194532582
1200.3075924884124,0.34460297,0.009496713,1.2396065289341651
1200.3175459605966,0.36620408,0.009783004,1.2389569767649538
1200.3274994327808,0.39093965,0.010097822,1.2383114136582183
1200.337452904965,0.40703756,0.010299334,1.2376706209343773
1200.3474063771491,0.4316098,0.010597825,1.2370353404224481
1200.357359849333,0.44608647,0.010769058,1.236406087828719
1200.3673133215173,0.4818294,0.011182778,1.2357839136068272
1200.3772667937014,0.48766404,0.011247394,1.2351686081679434
1200.3872202658856,0.512437,0.0115234265,1.234560107636664
1200.3971737380698,0.505181,0.011442478,1.2339587812549435
1200.407127210254,0.53630143,0.011782852,1.2333659499973781
1200.4170806824382,0.52710533,0.011681932,1.23278211612136
1200.4270341546223,0.53727955,0.011790998,1.2322073353287886
1200.4369876268065,0.5417676,0.011838449,1.231642050424723
1200.4469410989907,0.52989143,0.011710829,1.231087400798117
1200.4568945711749,0.5086106,0.011477582,1.230543814623947
1200.4668480433588,0.516255,0.011561565,1.2300107885725493
1200.476801515543,0.48744678,0.011241609,1.2294887242879367
1200.4867549877272,0.4923415,0.011296676,1.228978783911451
1200.4967084599114,0.49248844,0.011297302,1.228482018677454
1200.5066619320955,0.45547935,0.010874258,1.2279976052520176
1200.5166154042797,0.45122597,0.010824643,1.227525799611856
1200.526568876464,0.445213,0.010752359,1.2270672525996202
1200.536522348648,0.3998101,0.010202545,1.2266230657704238
1200.5464758208323,0.40603602,0.010279937,1.2261916631940746
1200.5564292930164,0.39245763,0.010108545,1.2257730341760609
1200.5663827652006,0.35396266,0.009613253,1.225367445464693
1200.5763362373846,0.32535195,0.009227393,1.2249762650745157
1200.5862897095687,0.32757598,0.009257699,1.2245967659657089
1200.596243181753,0.28315088,0.008623264,1.2242260242557834
1200.606196653937,0.27153826,0.008449767,1.2238573533881636
1200.6161501261213,0.2602086,0.008276174,1.2234756442385066
1200.6261035983055,0.23966692,0.007953135,1.2230689818818423
1200.6360570704896,0.22103184,0.0076465583,1.2226319232191867
1200.6460105426738,0.1927706,0.007158209,1.2221657679022295
1200.655964014858,0.1869041,0.0070514195,1.2216713682357794
1200.6659174870422,0.17439494,0.0068198815,1.2211561906023318
1200.6758709592264,0.17616142,0.0068528764,1.2206237884905244
1200.6858244314103,0.16867855,0.0067106895,1.220076816047155
1200.6957779035945,0.15076292,0.0063576475,1.2195163525775687
1200.7057313757787,0.15755363,0.006493005,1.2189458976587861
1200.7156848479628,0.15730721,0.006487396,1.2183678851609065
1200.725638320147,0.16288884,0.0065963785,1.2177842868169024
1200.7355917923312,0.15207103,0.00638257,1.2171969860696912
1200.7455452645154,0.15485801,0.0064381408,1.216608615562206
1200.7554987366996,0.14986435,0.006338094,1.2160211966228123
1200.7654522088837,0.16098985,0.0065598013,1.2154358706902901
1200.775405681068,0.15468092,0.006434786,1.2148527719095934
1200.785359153252,0.16358554,0.0066090054,1.214270337481544
1200.795312625436,0.17571102,0.0068406384,1.2136861829278722
1200.8052660976202,0.19282643,0.0071542496,1.2130986002319677
1200.8152195698044,0.20516714,0.0073717893,1.2125092162069495
1200.8251730419886,0.20655309,0.0073955692,1.2119286355833132
1200.8351265141728,0.2213811,0.0076464517,1.2113715341699531
1200.845079986357,0.22079773,0.0076379385,1.2108488444352143
1200.8550334585411,0.23851399,0.007927351,1.2103653044207765
1200.8649869307253,0.25650156,0.008212041,1.2099206236606757
1200.8749404029095,0.27128187,0.008438365,1.2095074054318027
1200.8848938750937,0.2797798,0.008565115,1.209124615589559
1200.8948473472778,0.2860003,0.008656847,1.2087732949262755
1200.904800819462,0.3004646,0.008867451,1.2084573946830102
1200.914754291646,0.31476125,0.009068301,1.2081720620293708
1200.9247077638302,0.3346762,0.009343529,1.2079157536591307
1200.9346612360143,0.33203262,0.009307383,1.2076859343506208
1200.9446147081985,0.35757065,0.009648562,1.2074818213942136
1200.9545681803827,0.36803144,0.009783788,1.2072949250331306
1200.9645216525669,0.39183503,0.010087012,1.207120827609121
1200.974475124751,0.3797661,0.009935395,1.2069557970592593
1200.9844285969352,0.39873874,0.010173385,1.206798466507436
1200.9943820691194,0.4033373,0.010229662,1.2066478939384582
1201.0043355413036,0.38836002,0.01004053,1.2065057277266509
1201.0142890134878,0.41322163,0.010350208,1.2063753861082294
1201.024242485672,0.4052122,0.010251289,1.2062644149733373
1201.034195957856,0.41081104,0.010320381,1.2061779222547075
1201.04414943004,0.39162266,0.010082277,1.2061209492361193
1201.0541029022243,0.37311065,0.009846912,1.2060982953984172
1201.0640563744084,0.37428492,0.009860874,1.2061169864644135
1201.0740098465926,0.35598573,0.009623369,1.206175629271692
1201.0839633187768,0.33480337,0.009339865,1.2062686823215911
1201.093916790961,0.32669708,0.009229444,1.206389443317689
1201.1038702631452,0.2978253,0.008821958,1.2065286296703475
1201.1138237353293,0.28334475,0.00861106,1.2066716355266558
1201.1237772075135,0.27314568,0.008459022,1.2068053310486833
1201.1337306796977,0.2664306,0.008357451,1.2069202642834913
1201.1436841518816,0.26017794,0.008260555,1.2070086593256129
1201.1536376240658,0.24741472,0.008061108,1.2070673038922584
1201.16359109625,0.24604343,0.008039979,1.2071010028546767
1201.1735445684342,0.23080231,0.0077936323,1.2071140549598929
1201.1834980406184,0.22910607,0.007765395,1.2071113703616623
1201.1934515128025,0.22966567,0.007774519,1.2070983631729435
1201.2034049849867,0.22545186,0.0077054705,1.2070813406261816
1201.213358457171,0.23975866,0.007938707,1.2070641904984738
1201.223311929355,0.24762551,0.00806136,1.2070503747514476
1201.2332654015393,0.22020113,0.007617127,1.2070440691849702
1201.2432188737234,0.22977652,0.007774616,1.207047529770969
1201.2531723459074,0.23842192,0.007915612,1.2070634299586538
1201.2631258180916,0.2359045,0.007873201,1.2070941223545177
1201.2730792902757,0.22670875,0.0077237315,1.2071445122509474
1201.28303276246,0.24489026,0.008016814,1.2072134553655505
1201.292986234644,0.24926154,0.008085235,1.2073016031641735
1201.3029397068283,0.25808808,0.0082232,1.207409120141441
1201.3128931790125,0.2886246,0.008680791,1.2075382814692612
1201.3228466511966,0.29991794,0.008843799,1.2076861346440158
1201.3328001233808,0.32820258,0.009240356,1.2078513832284417
1201.342753595565,0.33439535,0.009324066,1.2080330223289266
1201.3527070677492,0.34983447,0.009530877,1.2082312915398892
1201.3626605399331,0.3783705,0.00990257,1.2084423990140523
1201.3726140121173,0.3868962,0.010009233,1.2086612512946278
1201.3825674843015,0.41118342,0.010310983,1.2088806749282606
1201.3925209564857,0.43382007,0.010583275,1.2090887978394371
1201.4024744286698,0.47146994,0.011023069,1.209275043196539
1201.412427900854,0.46984497,0.011002554,1.2094366557628575
1201.4223813730382,0.51729846,0.011533207,1.2095752055821998
1201.4323348452224,0.5436213,0.011814979,1.209693127910958
1201.4422883174066,0.5684228,0.0120769385,1.2097943627189216
1201.4522417895907,0.5696608,0.012088887,1.2098832127313708
1201.462195261775,0.6006842,0.012405422,1.2099617813611583
1201.4721487339589,0.6189459,0.0125886,1.2100314720362837
1201.482102206143,0.6625443,0.013017863,1.2100936684999395
1201.4920556783272,0.679981,0.013181406,1.2101506412947298
1201.5020091505114,0.667052,0.013059548,1.2102036647636023
1201.5119626226956,0.70036024,0.013499697,1.2102539376004262
1201.5219160948798,0.69754356,0.013733438,1.2103028216463008
1201.531869567064,0.6990214,0.0139626255,1.2103522765482606
1201.5418230392481,0.7168952,0.014235658,1.2104047101178554
1201.5517765114323,0.6990807,0.014011572,1.2104644116742338
1201.5617299836165,0.72805846,0.0142741045,1.2105434243882822
1201.5716834558007,0.72027594,0.014164144,1.2106551184834158
1201.5816369279846,0.74306864,0.014510975,1.210815551860232
1201.5915904001688,0.73345673,0.014440581,1.2110343699550596
1201.601543872353,0.7793072,0.014983396,1.2113166696235427
1201.6114973445372,0.78627235,0.015265878,1.2116417974634208
1201.6214508167213,0.7554901,0.01517462,1.2119951921823153
1201.6314042889055,0.77193016,0.015334631,1.212365094897577
1201.6413577610897,0.76919574,0.015338639,1.2127447993771692
1201.6513112332739,0.77859294,0.015391003,1.2131320964653383
1201.661264705458,0.7626326,0.015318235,1.213530606350768
1201.6712181776422,0.75982803,0.015203677,1.2139479416681707
1201.6811716498264,0.7816251,0.0153930215,1.214398163493847
1201.6911251220104,0.7983844,0.01541362,1.2148918950947722
1201.7010785941945,0.74715674,0.014792133,1.2154344599146618
1201.7110320663787,0.77120745,0.0150315575,1.2160287833075527
1201.720985538563,0.77035785,0.015058498,1.2166759636467124
1201.730939010747,0.7810983,0.015299725,1.217365834200066
1201.7408924829313,0.77012867,0.015161644,1.2180820217299373
1201.7508459551154,0.7586907,0.015187888,1.218811812972635
1201.7607994272996,0.7812481,0.015354123,1.2195424922977698
1201.7707528994838,0.742504,0.015131899,1.2202606329169123
1201.780706371668,0.75984555,0.0152706355,1.2209563529002903
1201.7906598438522,0.7817234,0.01563762,1.2216200926579395
1201.800613316036,0.7823668,0.01567124,1.2222418039659342
1201.8105667882203,0.78428274,0.015730845,1.2228110292974028
1201.8205202604045,0.80225116,0.015894605,1.2233335195583863
1201.8304737325886,0.82404184,0.016010907,1.2238139064168787
1201.8404272047728,0.7993937,0.01574126,1.2242593063406022
1201.850380676957,0.810675,0.015623586,1.224675397174377
1201.8603341491412,0.774963,0.015200238,1.2250736205161328
1201.8702876213254,0.7775983,0.0151667325,1.2254586939060985
1201.8802410935095,0.7694144,0.014972969,1.2258339806121015
1201.8901945656937,0.78728503,0.015192571,1.2262015451115316
1201.900148037878,0.7754954,0.015125353,1.2265657844366822
1201.910101510062,0.7905755,0.015169983,1.2269312718351975
1201.920054982246,0.8152858,0.015387932,1.2273047609151666
1201.9300084544302,0.79014313,0.015225979,1.2276995397759674
1201.9399619266144,0.8305119,0.015570766,1.2281271235299134
1201.9499153987986,0.81327397,0.015223799,1.2285960659491462
1201.9598688709827,0.7849925,0.0148879755,1.2291107270066637
1201.969822343167,0.7924001,0.014816517,1.22967445299455
1201.979775815351,0.782424,0.014662722,1.2302796360213772
1201.9897292875353,0.76488143,0.014440784,1.230918510792959
1201.9996827597195,0.74877733,0.014150781,1.2315870369652089
1202.0096362319036,0.7894311,0.014345938,1.2322842046527547
1202.0195897040878,0.7805008,0.014112018,1.2330074857907287
1202.029543176272,0.781119,0.014083177,1.2337531023765322
1202.039496648456,0.7690384,0.013975132,1.234519490421646
1202.0494501206401,0.76014835,0.013894551,1.2353061155635252
1202.0594035928243,0.7474156,0.013779404,1.2361120994312638
1202.0693570650085,0.7565708,0.013861339,1.2369341548970425
1202.0793105371927,0.7642872,0.013930431,1.237771165614941
1202.0892640093768,0.76321524,0.013920473,1.2386225888648514
1202.099217481561,0.7561734,0.013855936,1.239488723866099
1202.1091709537452,0.75355226,0.013832092,1.2403671476532523
1202.1191244259294,0.7448701,0.013754163,1.2412571104261505
1202.1290778981136,0.72558814,0.013577336,1.242157643840369
1202.1390313702977,0.74088025,0.013717105,1.2430678514622509
1202.1489848424817,0.72988474,0.013615396,1.2439830702673778
1202.1589383146659,0.73840207,0.013693358,1.2448990162928832
1202.16889178685,0.7568426,0.013859366,1.2458106017995927
1202.1788452590342,0.73917013,0.013698312,1.2467107868854883
1202.1887987312184,0.7264174,0.013581682,1.2475968291720163
1202.1987522034026,0.7444975,0.013746234,1.2484674435331375
1202.2087056755868,0.72461367,0.013563328,1.2493231920557457
1202.218659147771,0.7495322,0.013790984,1.2501655142752686
1202.2286126199551,0.72353387,0.013552669,1.251000429098296
1202.2385660921393,0.73482674,0.013655977,1.2518336300122552
1202.2485195643235,0.7274918,0.013589094,1.2526701955454336
1202.2584730365074,0.7258986,0.013572956,1.2535154525159427
1202.2684265086916,0.73462903,0.013654135,1.2543723661845156
1202.2783799808758,0.73037064,0.013613888,1.255241309741851
1202.28833345306,0.7223369,0.0135385655,1.2561217532557007
1202.2982869252442,0.7204033,0.013521626,1.2570130199439344
1202.3082403974283,0.75317377,0.013818766,1.2579133996471945
1202.3181938696125,0.7264699,0.013575527,1.258820877559359
1202.3281473417967,0.72053444,0.013520907,1.2597347766778366
1202.3381008139809,0.70821166,0.01340668,1.2606551712863423
1202.348054286165,0.6877332,0.013214729,1.2615825289889833
1202.3580077583492,0.7199481,0.013515007,1.2625163408982347
1202.3679612305332,0.71301734,0.013449618,1.2634566015072168
1202.3779147027174,0.709164,0.013413915,1.2644032165511179
1202.3878681749015,0.7238885,0.013549694,1.2653562941498104
1202.3978216470857,0.72384524,0.013548351,1.2663144929768984
1202.40777511927,0.69286054,0.013259321,1.2672773441296519
1202.417728591454,0.71047276,0.013423996,1.2682445534294713
1202.4276820636383,0.7138484,0.013454272,1.269216694365996
1202.4376355358224,0.7170005,0.013482689,1.2701932264761562
1202.4475890080066,0.73301065,0.013628187,1.2711743425227675
1202.4575424801908,0.7108489,0.013425473,1.2721602340207856
1202.467495952375,0.7052854,0.013373372,1.273151680931322
1202.477449424559,0.70954144,0.013410496,1.274148100014529
1202.487402896743,0.72209644,0.013526471,1.2751492101834268
1202.4973563689273,0.6882726,0.013211424,1.2761547440597145
1202.5073098411115,0.68414855,0.013172283,1.2771647716367855
1202.5172633132956,0.6820569,0.013152703,1.2781786193486568
1202.5272167854798,0.68425983,0.01321408,1.2791957662011098
1202.537170257664,0.70967174,0.013496868,1.2802159094104044
1202.5471237298482,0.7134747,0.013633721,1.2812390036509733
1202.5570772020324,0.7393418,0.014254965,1.2822648066258158
1202.5670306742165,0.6980602,0.014108736,1.2832930524949404
1202.5769841464007,0.70909667,0.014331965,1.2843236914768175
1202.5869376185847,0.7384042,0.014699976,1.2853568071178287
1202.5968910907688,0.75844586,0.015042104,1.2863923993622657
1202.606844562953,0.71879613,0.014790094,1.287430186006456
1202.6167980351372,0.71773565,0.014854313,1.288470127364002
1202.6267515073214,0.713538,0.0148599055,1.2895123538525957
1202.6367049795056,0.72072166,0.014800781,1.2905573017046872
1202.6466584516897,0.73729897,0.014782692,1.2916051028672935
1202.656611923874,0.7274702,0.014860209,1.2926562617696655
1202.666565396058,0.6951376,0.014403394,1.2937114154764031
1202.6765188682423,0.7004794,0.014547087,1.2947718302426217
1202.6864723404265,0.6980699,0.014574776,1.295837460865791
1202.6964258126104,0.69957393,0.014673834,1.2969088374453799
1202.7063792847946,0.7172946,0.014964242,1.2979864923626938
1202.7163327569788,0.72508174,0.015251389,1.29907211466913
1202.726286229163,0.7315595,0.0152810365,1.3001656020375845
1202.7362397013471,0.72288144,0.014928023,1.3012677417107794
1202.7461931735313,0.7330288,0.014988731,1.302379454018768
1202.7561466457155,0.7069016,0.014688415,1.3035027732889954
1202.7661001178997,0.7253247,0.01475968,1.3046368911793529
1202.7760535900838,0.73689574,0.014874307,1.3057801370570539
1202.786007062268,0.7578715,0.014977959,1.3069295872918096
1202.7959605344522,0.72731394,0.014600856,1.3080806354106103
1202.8059140066362,0.727788,0.014791932,1.3092270501287222
1202.8158674788203,0.70496297,0.014536989,1.310363359151907
1202.8258209510045,0.7414011,0.01491099,1.3114848120173515
1202.8357744231887,0.72091925,0.014730797,1.3125864036460912
1202.8457278953729,0.70556545,0.014577952,1.3136662778091488
1202.855681367557,0.72866434,0.014941888,1.3147271166817474
1202.8656348397412,0.7327583,0.015091642,1.3157713486733202
1202.8755883119254,0.737093,0.015141295,1.316801976992958
1202.8855417841096,0.73769313,0.0150510715,1.3178225180852414
1202.8954952562938,0.7236445,0.014848488,1.318837349803282
1202.905448728478,0.7376863,0.015057597,1.3198488011093044
1202.9154022006621,0.71152306,0.0147312535,1.3208585179296741
1202.925355672846,0.74705714,0.01508631,1.3218676013486228
1202.9353091450303,0.734574,0.01502181,1.3228767943373874
1202.9452626172144,0.7201663,0.014783798,1.3238863526167646
1202.9552160893986,0.7321995,0.014859458,1.324896334790655
1202.9651695615828,0.7518483,0.01501426,1.325906598560084
1202.975123033767,0.7311793,0.014645517,1.3269167319998707
1202.9850765059512,0.7415083,0.0145949675,1.3279261811495155
1202.9950299781353,0.726202,0.014354368,1.3289342083555653
1203.0049834503195,0.7282322,0.014418075,1.3299395640748115
1203.0149369225037,0.7381534,0.01440978,1.3309416511985326
1203.0248903946879,0.72708577,0.014232303,1.3319400619546726
1203.0348438668718,0.71869504,0.013912501,1.332934645371442
1203.044797339056,0.6983459,0.013514841,1.3339253940676494
1203.0547508112402,0.71981114,0.013737556,1.3349134647540413
1203.0647042834244,0.68258107,0.013227005,1.335900296744433
1203.0746577556085,0.6852709,0.013157506,1.3368872106241907
1203.0846112277927,0.71651864,0.0134465005,1.3378756560725138
1203.094564699977,0.71239495,0.013406816,1.3388669845202683
1203.104518172161,0.6765489,0.013072743,1.339861949629507
1203.1144716443453,0.703293,0.013323597,1.3408612280173045
1203.1244251165294,0.7038248,0.0133271655,1.3418655982277663
1203.1343785887136,0.71621394,0.013440903,1.342875755000074
1203.1443320608978,0.69727284,0.013264545,1.343891175412081
1203.1542855330817,0.6748527,0.013053358,1.3449113890727935
1203.164239005266,0.6928852,0.013223824,1.3459353977026118
1203.17419247745,0.6828318,0.013127638,1.3469614680929598
1203.1841459496343,0.686229,0.013159174,1.3479868971206204
1203.1940994218185,0.6999011,0.013286947,1.3490092744066045
1203.2040528940026,0.6590488,0.012900132,1.3500264821972574
1203.2140063661868,0.6586415,0.012895895,1.3510358461717495
1203.223959838371,0.69768417,0.013263941,1.3520380937161787
1203.2339133105552,0.69191223,0.013211191,1.3530340118099486
1203.2438667827394,0.6757405,0.013057841,1.3540250009882886
1203.2538202549235,0.67788255,0.013079032,1.3550126152029
1203.2637737271075,0.7065296,0.013345296,1.3559991402276745
1203.2737271992917,0.68826574,0.013173392,1.3569857755961496
1203.2836806714758,0.69535947,0.013240821,1.3579728555919404
1203.29363414366,0.66316015,0.012935104,1.3589596337085377
1203.3035876158442,0.67756546,0.0130724795,1.3599443446159956
1203.3135410880284,0.6797507,0.01309393,1.3609249142478368
1203.3234945602126,0.67353415,0.013034037,1.3618992463709954
1203.3334480323967,0.656491,0.012869092,1.3628651018105722
1203.343401504581,0.67725855,0.013066809,1.3638217703933542
1203.353354976765,0.6907303,0.01319248,1.3647706318571697
1203.3633084489493,0.6679282,0.01297726,1.3657134844749783
1203.3732619211332,0.69446,0.013229314,1.3666529896973592
1203.3832153933174,0.67893267,0.013080269,1.3675928466193326
1203.3931688655016,0.68848157,0.01316941,1.3685365300304986
1203.4031223376858,0.6875959,0.013163283,1.369486902598278
1203.41307580987,0.6763977,0.013057125,1.3704466322471367
1203.4230292820541,0.6928436,0.013211148,1.371419180780109
1203.4329827542383,0.6832864,0.013118881,1.3724046103745162
1203.4429362264225,0.6498279,0.012800275,1.3734040937396168
1203.4528896986067,0.6943685,0.013221882,1.3744187863900728
1203.4628431707908,0.69522566,0.013230638,1.3754530243692442
1203.472796642975,0.6841693,0.013126987,1.3765068492396746
1203.482750115159,0.68128705,0.013098079,1.3775830922173704
1203.4927035873432,0.6891472,0.013171368,1.3786836433386744
1203.5026570595273,0.69931,0.013267497,1.3798071746764922
1203.5126105317115,0.6819901,0.01310345,1.3809394003851303
1203.5225640038957,0.6999539,0.013272019,1.3820673657661162
1203.5325174760799,0.6931728,0.013206874,1.3831830065392614
1203.542470948264,0.67963743,0.013080046,1.3842805487057275
1203.5524244204482,0.6960201,0.01323308,1.3853587215212688
1203.5623778926324,0.6751098,0.0130368415,1.3864174927376804
1203.5723313648166,0.6887495,0.013163845,1.3874557947325141
1203.5822848370008,0.7009345,0.013277127,1.3884708526718732
1203.5922383091847,0.6866228,0.0131442025,1.3894610622065202
1203.602191781369,0.67403007,0.013024079,1.3904275498455396
1203.612145253553,0.71110475,0.01337131,1.3913697145354067
1203.6220987257373,0.6885206,0.013159269,1.3922860049327956
1203.6320521979214,0.66915196,0.012977965,1.3931742273242804
1203.6420056701056,0.6724609,0.01300777,1.3940368333680566
1203.6519591422898,0.67760664,0.013056893,1.3948730251825037
1203.661912614474,0.71789443,0.013431149,1.3956808771925089
1203.6718660866582,0.6925449,0.013194949,1.3964537315989203
1203.6818195588423,0.7084796,0.013342243,1.3971919357383662
1203.6917730310265,0.69718736,0.013236782,1.3978904980281563
1203.7017265032105,0.70268273,0.013288089,1.3985439500597923
1203.7116799753946,0.69038147,0.013173883,1.3991438323000136
1203.7216334475788,0.66546947,0.012936682,1.39970701687381
1203.731586919763,0.69978523,0.01326017,1.4002507415211882
1203.7415403919472,0.6857849,0.013129922,1.4007905615819483
1203.7514938641314,0.6786878,0.013061021,1.4013380076140882
1203.7614473363155,0.69089264,0.013176368,1.4018975901811075
1203.7714008084997,0.69103557,0.013176574,1.4024706181664743
1203.781354280684,0.6877925,0.013147369,1.4030580596025886
1203.791307752868,0.7203948,0.013446261,1.4036622449828848
1203.8012612250523,0.7048882,0.013304717,1.4042838858005262
1203.8112146972362,0.66817176,0.012958954,1.404922951173848
1203.8211681694204,0.7088341,0.0133395055,1.405580314695814
1203.8311216416046,0.7060743,0.01331316,1.4062574642900323
1203.8410751137887,0.7027523,0.013282973,1.4069539812715601
1203.851028585973,0.70246845,0.013278275,1.4076657555744991
1203.860982058157,0.6859207,0.013125277,1.408389186594158
1203.8709355303413,0.7102702,0.01335121,1.4091199873195606
1203.8808890025255,0.69448966,0.013204929,1.4098533062379555
1203.8908424747096,0.70559233,0.013307414,1.4105846405093354
1203.9007959468938,0.69813913,0.013236462,1.41131129896131
1203.910749419078,0.70266104,0.013277965,1.412032113126304
1203.920702891262,0.71345717,0.013378822,1.412747244196229
1203.9306563634461,0.7017852,0.01326969,1.4134605698364147
1203.9406098356303,0.6904807,0.013163489,1.4141762442856325
1203.9505633078145,0.7288126,0.013516432,1.414898847612289
1203.9605167799987,0.7103015,0.01334775,1.4156348353727968
1203.9704702521828,0.7064277,0.013311439,1.4163866105856338
1203.980423724367,0.6995136,0.013246429,1.4171553308904947
1203.9903771965512,0.7110198,0.013353079,1.4179402750237444
1204.0003306687354,0.7180181,0.0134162875,1.4187387729155616
1204.0102841409196,0.717777,0.013412891,1.419542857218521
1204.0202376131037,0.7069535,0.013313778,1.4203445630216538
1204.030191085288,0.7113277,0.013353034,1.4211366431298755
1204.0401445574719,0.7137654,0.013375084,1.42191080465255
1204.050098029656,0.715018,0.01338566,1.4226611510530889
1204.0600515018402,0.7142364,0.013378494,1.4233860012888528
1204.0700049740244,0.7137522,0.013374481,1.4240838209912126
1204.0799584462086,0.73686993,0.013584137,1.4247531652905518
1204.0899119183928,0.71522915,0.013385984,1.4253943166818406
1204.099865390577,0.69240963,0.013175112,1.4260133209874462
1204.1098188627611,0.70272803,0.013271311,1.4266143605927653
1204.1197723349453,0.7185488,0.0134154335,1.4272021110576738
1204.1297258071295,0.72049934,0.013433485,1.4277810745010595
1204.1396792793137,0.73716813,0.013583503,1.4283566576782172
1204.1496327514978,0.7404455,0.013613135,1.428931638242986
1204.1595862236818,0.73216176,0.013536314,1.429508042179024
1204.169539695866,0.7289469,0.013508608,1.430088016191375
1204.1794931680502,0.7141994,0.013371554,1.4306724401498108
1204.1894466402343,0.72391796,0.013460136,1.4312623287303408
1204.1994001124185,0.7336391,0.013548384,1.4318588269160855
1204.2093535846027,0.7158342,0.0133859,1.432464374252151
1204.2193070567869,0.7305609,0.013519159,1.4330798789639172
1204.229260528971,0.7261044,0.013480086,1.4337064262481227
1204.2392140011552,0.7232327,0.013453006,1.434345294256007
1204.2491674733394,0.7463051,0.013662205,1.434999037635254
1204.2591209455236,0.72029346,0.013424667,1.4356680681062894
1204.2690744177075,0.7271052,0.013487041,1.4363502254498446
1204.2790278898917,0.74088216,0.013611305,1.437040150927618
1204.288981362076,0.72094434,0.013429067,1.4377266011554801
1204.29893483426,0.70051885,0.01324034,1.4383948367224302
1204.3088883064443,0.7150792,0.013374881,1.4390370136394972
1204.3188417786284,0.71803844,0.0134024955,1.4396486921178622
1204.3287952508126,0.7309487,0.013519337,1.4402267785478582
1204.3387487229968,0.7130505,0.01335539,1.4407674865292162
1204.348702195181,0.7107166,0.013332534,1.441274747742057
1204.3586556673652,0.732418,0.01353066,1.4417482973176288
1204.3686091395493,0.7464053,0.013657439,1.4421874640804466
1204.3785626117333,0.73446417,0.01354989,1.442585776771939
1204.3885160839175,0.709238,0.01331943,1.4429471120365749
1204.3984695561016,0.74689555,0.013662139,1.4432693892326232
1204.4084230282858,0.73261124,0.013531461,1.4435498975161216
1204.41837650047,0.72609675,0.013471837,1.44377838723406
1204.4283299726542,0.738474,0.013583569,1.443954741909598
1204.4382834448384,0.7378418,0.013575897,1.444074868868171
1204.4482369170225,0.7490095,0.013676502,1.444134162757367
1204.4581903892067,0.7213287,0.013426673,1.4441268165045695
1204.468143861391,0.71910083,0.013404078,1.4440685778567097
1204.478097333575,0.71144515,0.0133348545,1.4439825170176466
1204.488050805759,0.7325569,0.013528039,1.4438875037793757
1204.4980042779432,0.72571135,0.013464866,1.4437959543008763
1204.5079577501274,0.72193265,0.013429642,1.4437114836661027
1204.5179112223116,0.7135206,0.013351185,1.4436297290432558
1204.5278646944957,0.71191293,0.013335966,1.4435433167932317
1204.53781816668,0.6999115,0.013225361,1.4434429381023957
1204.547771638864,0.70627844,0.013283525,1.4433180989294327
1204.5577251110483,0.703176,0.013254618,1.443165016095477
1204.5676785832325,0.7173841,0.013384273,1.4429808215912856
1204.5776320554166,0.7198289,0.013405976,1.4427651633159617
1204.5875855276008,0.7231833,0.0134365,1.4425180441006529
1204.5975389997848,0.71870184,0.013395077,1.4422498096895926
1204.607492471969,0.71272445,0.013340248,1.4419669641948798
1204.6174459441531,0.70086014,0.013230267,1.441675422362214
1204.6273994163373,0.6974471,0.013196122,1.441378541036859
1204.6373528885215,0.7184405,0.013391714,1.4410780759727568
1204.6473063607057,0.7392094,0.013578021,1.4407738650138358
1204.6572598328898,0.71597135,0.013366962,1.4404658974454287
1204.667213305074,0.713149,0.013340203,1.4401546097373812
1204.6771667772582,0.7001672,0.013220799,1.439840875049712
1204.6871202494424,0.70887184,0.01330269,1.4395234511707422
1204.6970737216266,0.69275963,0.013151463,1.4391984879616788
1204.7070271938105,0.69960195,0.013266593,1.438858772576022
1204.7169806659947,0.6830281,0.013231245,1.4384975031171785
1204.7269341381789,0.70613456,0.013500742,1.4381118324176383
1204.736887610363,0.70625293,0.013810331,1.4376993218334133
1204.7468410825472,0.73149055,0.014404868,1.4372566152894515
1204.7567945547314,0.72701997,0.014389691,1.4367792082259694
1204.7667480269156,0.7261418,0.01452204,1.4362668709181734
1204.7767014990998,0.7218549,0.014547858,1.4357152724997082
1204.786654971284,0.6927202,0.014440555,1.435118676045389
1204.7966084434681,0.7070922,0.014563612,1.4344655606483898
1204.8065619156523,0.7032819,0.014600817,1.4337589967533988
1204.8165153878363,0.6912696,0.014466581,1.4329983658090852
1204.8264688600204,0.6996238,0.014309713,1.4321877743491234
1204.8364223322046,0.6894522,0.014421133,1.4313322193550444
1204.8463758043888,0.67644286,0.014136914,1.430450919161212
1204.856329276573,0.71055645,0.014528547,1.4295549017976978
1204.8662827487572,0.71756464,0.0147115495,1.4286509091162822
1204.8762362209413,0.6780159,0.014430926,1.4277412586653633
1204.8861896931255,0.7104308,0.014791227,1.4268267454780426
1204.8961431653097,0.713631,0.014969004,1.425907159087815
1204.9060966374939,0.7055759,0.014814182,1.4249822110917139
1204.916050109678,0.69985026,0.014658815,1.4240516788004738
1204.926003581862,0.6852106,0.014326618,1.4231164953195516
1204.9359570540462,0.7324104,0.014861351,1.4221781065058154
1204.9459105262304,0.708848,0.014445316,1.4212376174511323
1204.9558639984145,0.6866866,0.01420286,1.420296073275952
1204.9658174705987,0.6851177,0.014102608,1.419354533201584
1204.975770942783,0.70772284,0.014332094,1.4184138305175884
1204.985724414967,0.69642746,0.014333065,1.4174745586872757
1204.9956778871513,0.6893877,0.014316525,1.4165372471142992
1205.0056313593354,0.68782634,0.014292904,1.4156026025393458
1205.0155848315196,0.7072602,0.014559474,1.4146707115934776
1205.0255383037038,0.67971957,0.014265298,1.4137418639983736
1205.035491775888,0.674796,0.014245871,1.4128161034668043
1205.045445248072,0.6963466,0.01455412,1.4118931195455044
1205.055398720256,0.7127897,0.014809746,1.4109706776415116
1205.0653521924403,0.69148856,0.014472492,1.410045799680724
1205.0753056646245,0.69614285,0.014406011,1.4091146967613437
1205.0852591368086,0.7117265,0.014752756,1.4081715907614687
1205.0952126089928,0.694941,0.014481016,1.4072129105780635
1205.105166081177,0.6978229,0.014487882,1.4062361885494585
1205.1151195533612,0.6968605,0.014472449,1.4052395372771154
1205.1250730255454,0.69709575,0.014454267,1.404220705099771
1205.1350264977295,0.6724349,0.0140877515,1.4031812127368415
1205.1449799699137,0.690772,0.01430863,1.4021248289450359
1205.154933442098,0.681832,0.014065775,1.4010543070618038
1205.1648869142819,0.67484784,0.013852295,1.3999720157379079
1205.174840386466,0.666473,0.01365338,1.398880042168284
1205.1847938586502,0.6670239,0.013672629,1.3977807257642554
1205.1947473308344,0.6833912,0.013767008,1.396674693146735
1205.2047008030186,0.6738112,0.013548275,1.3955621549156345
1205.2146542752027,0.6865744,0.0135452,1.3944428245260823
1205.224607747387,0.6488285,0.012892417,1.3933182484843303
1205.234561219571,0.6595096,0.013057979,1.3921892194224779
1205.2445146917553,0.6473944,0.012805947,1.391056586534066
1205.2544681639395,0.66465753,0.012861522,1.3899207619793494
1205.2644216361236,0.6406557,0.012631211,1.3887826715064766
1205.2743751083076,0.666961,0.012883194,1.3876424552647624
1205.2843285804918,0.6582888,0.012801255,1.386499985083641
1205.294282052676,0.6471602,0.012694046,1.3853546234715843
1205.3042355248601,0.6372068,0.012597241,1.3842062495377008
1205.3141889970443,0.6659528,0.012871435,1.3830548859154732
1205.3241424692285,0.66657585,0.012877438,1.3819006550441677
1205.3340959414127,0.6947443,0.013142122,1.380743712671817
1205.3440494135968,0.65342057,0.012751251,1.3795846840785648
1205.354002885781,0.68178445,0.0130194975,1.3784243316446194
1205.3639563579652,0.6754882,0.01295939,1.3772631711970544
1205.3739098301494,0.6777541,0.012981086,1.3761016014275729
1205.3838633023333,0.6766137,0.01297039,1.3749399409882677
1205.3938167745175,0.67644393,0.012966472,1.3737784108022932
1205.4037702467017,0.65435153,0.012756699,1.3726171064884598
1205.4137237188859,0.65971655,0.0128075,1.3714560898564025
1205.42367719107,0.66552305,0.012862983,1.3702954268889582
1205.4336306632542,0.6310549,0.012531373,1.369135106186596
1205.4435841354384,0.6585808,0.012796797,1.3679750989657828
1205.4535376076226,0.65563756,0.012767044,1.3668153292486624
1205.4634910798068,0.6547068,0.012759782,1.3656555909789678
1205.473444551991,0.6506518,0.012720327,1.3644954715048865
1205.4833980241751,0.6828579,0.013024688,1.3633342534905353
1205.493351496359,0.6618417,0.012824593,1.362170919941921
1205.5033049685433,0.657949,0.012788091,1.3610037049994048
1205.5132584407274,0.64576083,0.012672038,1.3598314621769587
1205.5232119129116,0.6647982,0.012852011,1.3586535776347117
1205.5331653850958,0.67086065,0.012908896,1.3574698002107217
1205.54311885728,0.6671522,0.012873173,1.3562802326852377
1205.5530723294642,0.67869973,0.012981238,1.355086397364697
1205.5630258016483,0.65693533,0.012774965,1.3538904920623294
1205.5729792738325,0.6556997,0.012764256,1.352694314410451
1205.5829327460167,0.6515593,0.012723943,1.3514995849748557
1205.5928862182009,0.6290327,0.012506182,1.350307829163464
1205.6028396903848,0.635489,0.012568249,1.349119444987057
1205.612793162569,0.63594216,0.012572523,1.347934618572308
1205.6227466347532,0.6275129,0.012490216,1.3467533083561238
1205.6327001069374,0.63826275,0.012593816,1.345575661255127
1205.6426535791215,0.63578904,0.012570127,1.3444008336815805
1205.6526070513057,0.64043534,0.012614488,1.343228410108288
1205.66256052349,0.64488727,0.012655348,1.3420579258459635
1205.672513995674,0.64137375,0.012621414,1.3408889992911104
1205.6824674678583,0.6493539,0.012697884,1.3397209525188183
1205.6924209400424,0.65206134,0.012724297,1.3385533123994757
1205.7023744122266,0.62192214,0.012432265,1.3373855372028143
1205.7123278844106,0.64201796,0.012626357,1.3362165975589966
1205.7222813565947,0.6464733,0.012668679,1.3350448297023951
1205.732234828779,0.62154746,0.012427474,1.333867763230072
1205.742188300963,0.60962415,0.012308666,1.3326819356649944
1205.7521417731473,0.6360203,0.012566679,1.3314822652485003
1205.7620952453315,0.61789614,0.012389772,1.3302643812753
1205.7720487175156,0.61941874,0.012404285,1.3290274882376885
1205.7820021896998,0.603738,0.012248566,1.3277711964791536
1205.791955661884,0.6190554,0.012400016,1.326496570153982
1205.8019091340682,0.6210252,0.012419558,1.3252063894448813
1205.8118626062524,0.5865028,0.0120759485,1.3239078607238
1205.8218160784363,0.63332796,0.0125385765,1.3226068474916284
1205.8317695506205,0.60259795,0.01223649,1.3213092175472316
1205.8417230228047,0.6377648,0.012581016,1.3200223968421665
1205.8516764949889,0.6202684,0.012409902,1.3187495161053273
1205.861629967173,0.6188197,0.012394329,1.3174926929385906
1205.8715834393572,0.6066147,0.012273758,1.316252262513532
1205.8815369115414,0.61213315,0.012327786,1.3150289198252363
1205.8914903837256,0.6143498,0.012349387,1.313819053109216
1205.9014438559097,0.61253446,0.012331613,1.312620017332217
1205.911397328094,0.615039,0.012356007,1.3114297559126864
1205.921350800278,0.5750605,0.011955061,1.3102470318378363
1205.931304272462,0.6212281,0.012416118,1.3090702159929632
1205.9412577446462,0.6043686,0.012249378,1.3078982897333304
1205.9512112168304,0.57565904,0.011960453,1.3067312706161904
1205.9611646890146,0.5898352,0.012103195,1.3055700311590757
1205.9711181611988,0.59092814,0.012114079,1.3044157707619928
1205.981071633383,0.5655267,0.011856613,1.3032687912890393
1205.9910251055671,0.57877326,0.011991113,1.3021299115702345
1206.0009785777513,0.6035643,0.012238807,1.3010000763739016
1206.0109320499355,0.56449723,0.011843959,1.29988095673827
1206.0208855221197,0.5750828,0.011952174,1.298771731134822
1206.0308389943038,0.5543919,0.011739929,1.2976727503347543
1206.040792466488,0.5674507,0.011873985,1.2965843469418374
1206.050745938672,0.5816946,0.012018405,1.2955084964918595
1206.0606994108562,0.57870215,0.011987863,1.2944440966449413
1206.0706528830403,0.5604623,0.011801176,1.2933913910046455
1206.0806063552245,0.59268653,0.012127785,1.2923507273542298
1206.0905598274087,0.5836063,0.012036487,1.2913238664381521
1206.1005132995929,0.56549984,0.01185086,1.2903103004583767
1206.110466771777,0.53861123,0.01157226,1.2893097009923515
1206.1204202439612,0.54764897,0.011666641,1.288322259445327
1206.1303737161454,0.54265577,0.011614585,1.2873492229798695
1206.1403271883296,0.5241465,0.011417962,1.2863909160714582
1206.1502806605138,0.539623,0.011580005,1.2854466786276624
1206.1602341326977,0.5104349,0.011269632,1.2845169552923257
1206.170187604882,0.51249707,0.011291591,1.2836025496467545
1206.180141077066,0.5137781,0.0113054495,1.2827037254634073
1206.1900945492503,0.51549953,0.0113232,1.2818172276840338
1206.2000480214344,0.481868,0.010954628,1.2809411460364097
1206.2100014936186,0.49625808,0.011114312,1.2800734126329076
1206.2199549658028,0.47632304,0.0108932,1.2792121408382495
1206.229908437987,0.47305587,0.010856097,1.2783537659127462
1206.2398619101712,0.45912495,0.010699367,1.2774958903392548
1206.2498153823553,0.44272095,0.010509618,1.2766364856202186
1206.2597688545395,0.42611143,0.010316136,1.2757739022234804
1206.2697223267237,0.41941863,0.010235921,1.2749084116320843
1206.2796757989076,0.402138,0.010027598,1.2740410775336226
1206.2896292710918,0.3919719,0.00990338,1.2731735991085724
1206.299582743276,0.39051354,0.009885131,1.272308631788826
1206.3095362154602,0.3772969,0.009719646,1.2714491297154038
1206.3194896876444,0.37124497,0.0096437,1.2705977416423728
1206.3294431598285,0.34499788,0.009305114,1.269757406582265
1206.3393966320127,0.33153114,0.009125856,1.2689320073984618
1206.349350104197,0.3260743,0.009052539,1.2681246810963476
1206.359303576381,0.321618,0.008992406,1.2673348807214189
1206.3692570485653,0.27767912,0.008372312,1.2665623847950944
1206.3792105207494,0.27843863,0.008383611,1.2658067094947296
1206.3891639929334,0.25357938,0.008010293,1.2650680558879965
1206.3991174651176,0.2227625,0.007523385,1.2643430650763656
1206.4090709373017,0.21436875,0.007385258,1.2636306249156815
1206.419024409486,0.19330482,0.007024876,1.2629298685851373
1206.42897788167,0.18238173,0.006830634,1.2622418577394199
1206.4389313538543,0.17503805,0.006696007,1.2615648473445664
1206.4488848260385,0.14477979,0.006111581,1.2608988150896405
1206.4588382982226,0.11774232,0.005534948,1.260243839842309
1206.4687917704068,0.120185964,0.005589109,1.2596010938142888
1206.478745242591,0.100322865,0.0051269834,1.258969523243803
1206.4886987147752,0.08131984,0.004638829,1.25834822870669
1206.4986521869591,0.08002175,0.004604973,1.2577368454374844
1206.5086056591433,0.07418408,0.0044406396,1.2571359528526402
1206.5185591313275,0.068050995,0.0042637545,1.2565457683579513
1206.5285126035117,0.06306071,0.0041125934,1.2559660287024943
1206.5384660756959,0.05689986,0.0039182734,1.2553974887756665
1206.54841954788,0.045692734,0.0035347424,1.2548416263897237
1206.5583730200642,0.05084151,0.0037162008,1.2543005503331521
1206.5683264922484,0.048791446,0.0036446792,1.2537736799822854
1206.5782799644326,0.04567829,0.0035347035,1.2532617488939661
1206.5882334366167,0.039212633,0.0032914814,1.2527654866440443
1206.598186908801,0.038392756,0.003259154,1.252287908062951
1206.6081403809849,0.036856808,0.0031977624,1.251827118722485
1206.618093853169,0.03862971,0.0032675078,1.251383577397476
1206.6280473253532,0.037854694,0.003237426,1.2509576923551073
1206.6380007975374,0.037890512,0.0032383543,1.2505521967052773
1206.6479542697216,0.03401889,0.0030812626,1.2501657149824816
1206.6579077419058,0.032180794,0.0030025588,1.249798043044215
1206.66786121409,0.033694506,0.0030673896,1.2494494909920628
1206.6778146862741,0.03319739,0.0030470847,1.249122077635827
1206.6877681584583,0.027778603,0.0028050758,1.248815311618742
1206.6977216306425,0.028747695,0.0028496997,1.2485276890626889
1206.7076751028267,0.026999692,0.00276926,1.2482588635926644
1206.7176285750106,0.025650267,0.0027035112,1.2480094013145062
1206.7275820471948,0.0316399,0.0029794439,1.2477796905377407
1206.737535519379,0.023885848,0.0026179303,1.247567656866891
1206.7474889915632,0.030067427,0.0029107044,1.2473733540079999
1206.7574424637473,0.020526234,0.0024429166,1.24719747107302
1206.7673959359315,0.02487656,0.002666977,1.2470429052608742
1206.7773494081157,0.024651388,0.0026558589,1.2469078332162893
1206.7873028802999,0.020231312,0.0024266508,1.2467930409881247
1206.797256352484,0.019984018,0.0024151253,1.2466993597688143
1206.8072098246682,0.014807547,0.0021103264,1.2466309480961013
1206.8171632968524,0.010666324,0.0018225845,1.2465862805910246
1206.8271167690364,0.009864945,0.0017628864,1.2465662727675848
1206.8370702412205,0.010640765,0.0018227868,1.2465722438687319
1206.8470237134047,0.009333786,0.0017170685,1.2466081954714303
1206.856977185589,0.00883217,0.0016754327,1.2466743324974896
1206.866930657773,0.008057461,0.0016188603,1.24677056612209
1206.8768841299573,0.008050447,0.001610641,1.246896698854387
1206.8868376021414,0.0044474285,0.0012595988,1.2470529092491582
1206.8967910743256,0.00803997,0.0016098861,1.2472376135555745
1206.9067445465098,0.003942378,0.0011961032,1.247446584923734
1206.916698018694,0.0054458133,0.0013685786,1.2476784405327637
1206.9266514908782,0.0059827548,0.001417965,1.2479327643335365
1206.936604963062,0.004963495,0.0013098643,1.2482105780696116
1206.9465584352463,0.0065089124,0.0014704645,1.2485081244776293
1206.9565119074305,0.004680303,0.0012820752,1.248824251856044
1206.9664653796146,0.0046947864,0.0012862921,1.249157839733339
1206.9764188517988,0.006210265,0.0014404401,1.2495104938268742
1206.986372323983,0.003665016,0.0011612877,1.2498795934404892
1206.9963257961672,0.0059509794,0.0014230772,1.2502656410703488
1207.0062792683514,0.0059647895,0.0014135804,1.2506700494560117
1207.0162327405355,0.0051939674,0.0013485678,1.2510974905059382
1207.0261862127197,0.007241673,0.0015376296,1.2515488512744328
1207.036139684904,0.008805222,0.0016827383,1.252024263448827
1207.0460931570879,0.008819712,0.0016779877,1.2525235027517132
1207.056046629272,0.010083844,0.0017747232,1.2530465909140542
1207.0660001014562,0.011659128,0.0018965866,1.2535907707756442
1207.0759535736404,0.014503382,0.002086836,1.2541519328772188
1207.0859070458246,0.014231828,0.0020686924,1.254728471077206
1207.0958605180087,0.0162854,0.0021976188,1.2553205970656136
1207.105813990193,0.014782139,0.0021043562,1.2559308992894105
1207.115767462377,0.019646723,0.002391969,1.2565599515507928
1207.1257209345613,0.023025297,0.0025717418,1.2572105457050475
1207.1356744067455,0.022785757,0.002558471,1.2578852039756936
1207.1456278789296,0.028407544,0.0028315082,1.2585891715360844
1207.1555813511138,0.034137346,0.0030817292,1.2593177912662041
1207.1655348232978,0.029262438,0.0028697418,1.260068534457159
1207.175488295482,0.02668498,0.0027507006,1.26083697956956
1207.1854417676661,0.040025786,0.003317076,1.2616178322659155
1207.1953952398503,0.047789607,0.0036039038,1.2624028461766734
1207.2053487120345,0.052231554,0.0037574086,1.263186455651713
1207.2153021842187,0.05121517,0.0037226065,1.2639652727219965
1207.2252556564029,0.060988117,0.0040411833,1.2647370765197472
1207.235209128587,0.061555516,0.004058196,1.2655017137077458
1207.2451626007712,0.07031325,0.004320321,1.2662603795776586
1207.2551160729554,0.07536158,0.004486952,1.2670141625153195
1207.2650695451396,0.08456395,0.0048184996,1.2677642138421237
1207.2750230173237,0.09163439,0.0050631394,1.2685118654506393
1207.2849764895077,0.10767856,0.0056363232,1.2692587069645898
1207.2949299616919,0.120307304,0.005963611,1.2700059053773027
1207.304883433876,0.13135225,0.0062626763,1.2707546774675478
1207.3148369060602,0.14552729,0.006619353,1.2715069287056062
1207.3247903782444,0.15008478,0.0068442468,1.2722640058197283
1207.3347438504286,0.16466175,0.007144463,1.273028008627374
1207.3446973226128,0.17624879,0.0073731192,1.2738015782971137
1207.354650794797,0.17747924,0.0074367267,1.2745895480302996
1207.3646042669811,0.19686858,0.0077516166,1.2753937691570212
1207.3745577391653,0.19962542,0.0077550327,1.2762160488246557
1207.3845112113495,0.22296369,0.008230287,1.2770578134841057
1207.3944646835334,0.23723704,0.00850915,1.2779214978211577
1207.4044181557176,0.23686837,0.008523961,1.2788066810250807
1207.4143716279018,0.27428532,0.00922734,1.2797119167762525
1207.424325100086,0.27425405,0.009324278,1.2806372693476609
1207.4342785722702,0.2802814,0.0093853455,1.281583968718484
1207.4442320444543,0.2974544,0.009590875,1.282553300554861
1207.4541855166385,0.3174588,0.0098727485,1.2835432373302278
1207.4641389888227,0.29826215,0.009502664,1.2845539335979566
1207.4740924610069,0.32493615,0.009845988,1.285585953540378
1207.484045933191,0.33704305,0.010031062,1.2866426657129169
1207.4939994053752,0.35594606,0.010251346,1.287721687836863
1207.5039528775592,0.35679352,0.010214431,1.2888235705120392
1207.5139063497434,0.36154193,0.010268433,1.289948385820785
1207.5238598219275,0.36087576,0.010261684,1.2910980100132958
1207.5338132941117,0.364239,0.010331725,1.2922671347927093
1207.543766766296,0.37624672,0.010495334,1.293451120241896
1207.55372023848,0.3852607,0.0106999865,1.294645234405338
1207.5636737106643,0.3743071,0.0105601465,1.295844898933292
1207.5736271828484,0.35880834,0.010407578,1.2970452844436595
1207.5835806550326,0.37053776,0.010614624,1.2982430943509469
1207.5935341272168,0.3735804,0.010676908,1.2994360406170302
1207.603487599401,0.3668858,0.01048164,1.3006224007019709
1207.613441071585,0.38008475,0.010751433,1.3018019613053011
1207.623394543769,0.3658573,0.010518937,1.3029772011824585
1207.6333480159533,0.37381494,0.0106500415,1.304151058070977
1207.6433014881375,0.37739104,0.010673367,1.305327226687931
1207.6532549603216,0.36387336,0.010504681,1.3065105111431932
1207.6632084325058,0.35952312,0.010408919,1.3077030486078935
1207.67316190469,0.36740112,0.01043164,1.308906315646547
1207.6831153768742,0.36539957,0.010394717,1.310120958481089
1207.6930688490584,0.37334415,0.010397204,1.3113485119155848
1207.7030223212425,0.3562345,0.010028386,1.3125872072628308
1207.7129757934267,0.35223645,0.00993509,1.3138361005215144
1207.7229292656107,0.35436824,0.0099412,1.3150943418828924
1207.7328827377949,0.37220743,0.0101758605,1.316361668411198
1207.742836209979,0.3453743,0.0097035505,1.3176365778677601
1207.7527896821632,0.37017068,0.009885448,1.3189175293211475
1207.7627431543474,0.34203517,0.009443814,1.3202035151932114
1207.7726966265316,0.34761178,0.0094335,1.321493847328266
1207.7826500987157,0.34257212,0.009326017,1.3227880692223288
1207.7926035709,0.36313978,0.009499574,1.3240858697240867
1207.802557043084,0.33918184,0.009188176,1.3253878854769598
1207.8125105152683,0.32695845,0.009026121,1.326695366001933
1207.8224639874525,0.33309075,0.009107695,1.3280106724589302
1207.8324174596364,0.33820894,0.009175498,1.329334109766541
1207.8423709318206,0.34030992,0.009201924,1.3306661537920443
1207.8523244040048,0.33633062,0.00915001,1.3320064498477213
1207.862277876189,0.32196447,0.008956847,1.3333546380514085
1207.8722313483731,0.32151225,0.008950382,1.3347080692553126
1207.8821848205573,0.31086284,0.008805079,1.336065097531851
1207.8921382927415,0.32258454,0.00896486,1.337424892925748
1207.9020917649257,0.3149284,0.008859886,1.3387877608661582
1207.9120452371099,0.3161867,0.008877596,1.340154510405303
1207.921998709294,0.328666,0.009045705,1.3415259149675425
1207.9319521814782,0.32005885,0.008929424,1.3429023297918885
1207.9419056536622,0.32082927,0.008939641,1.3442829795984461
1207.9518591258463,0.2905015,0.008517473,1.3456645454513552
1207.9618125980305,0.285367,0.0084451195,1.3470417919413566
1207.9717660702147,0.29502198,0.00858233,1.3484091797313746
1207.9817195423989,0.30080146,0.008663511,1.3497614213528375
1207.991673014583,0.30575326,0.008732038,1.3510927364780194
1208.0016264867672,0.3167645,0.008883944,1.3524053656277049
1208.0115799589514,0.29505956,0.008581272,1.3537017377993528
1208.0215334311356,0.32812488,0.009036175,1.3549865595993498
1208.0314869033198,0.30684105,0.008746542,1.3562663672711963
1208.041440375504,0.30748048,0.008755598,1.3575499023990556
1208.051393847688,0.29362965,0.008560771,1.3588439711546083
1208.061347319872,0.29431307,0.008569912,1.3601534161654603
1208.0713007920563,0.30555248,0.0087275775,1.3614825521334222
1208.0812542642404,0.29304338,0.008552047,1.362831147956824
1208.0912077364246,0.29894698,0.008634923,1.3641965836923007
1208.1011612086088,0.26938555,0.008208669,1.3655767773820395
1208.111114680793,0.29620883,0.008595797,1.3669703498631505
1208.1210681529772,0.29293066,0.008549349,1.3683762392605292
1208.1310216251613,0.28730714,0.008468558,1.3697924201237508
1208.1409750973455,0.29619282,0.008594958,1.371218423425269
1208.1509285695297,0.29416624,0.008566199,1.3726539504050173
1208.1608820417139,0.28178215,0.008389077,1.374099406339254
1208.1708355138978,0.28661805,0.008458674,1.3755524257155962
1208.180788986082,0.285938,0.008447756,1.3770116421191596
1208.1907424582662,0.2914879,0.008527991,1.3784754879032661
1208.2006959304504,0.299699,0.008642231,1.379942669880403
1208.2106494026345,0.30946493,0.008778115,1.3814116238315162
1208.2206028748187,0.29305854,0.008548901,1.3828817964423121
1208.230556347003,0.30110508,0.00866297,1.3843533619982198
1208.240509819187,0.2844388,0.008425368,1.3858273828931242
1208.2504632913713,0.28055388,0.00836866,1.3873053199927696
1208.2604167635554,0.28571844,0.008443783,1.3887884606174756
1208.2703702357396,0.29931155,0.008636044,1.3902780540505835
1208.2803237079236,0.30473286,0.008710936,1.3917754025586646
1208.2902771801078,0.292704,0.008541566,1.3932815097353282
1208.300230652292,0.2966579,0.0085966885,1.3947955547384239
1208.310184124476,0.30420426,0.008702808,1.39631732241371
1208.3201375966603,0.30277082,0.0086829355,1.397846653262134
1208.3300910688445,0.28906977,0.008489158,1.3993844770031683
1208.3400445410286,0.2935708,0.008553337,1.400929793467962
1208.3499980132128,0.30474025,0.008710165,1.4024828144732888
1208.359951485397,0.2941146,0.008561495,1.4040437905635594
1208.3699049575812,0.3012279,0.008661209,1.4056139165952306
1208.3798584297654,0.3035907,0.008693803,1.4071923070146233
1208.3898119019495,0.28795516,0.008473248,1.408778116970987
1208.3997653741335,0.30015284,0.008644917,1.4103703149550206
1208.4097188463177,0.3085606,0.008762132,1.4119677675030964
1208.4196723185019,0.32058546,0.008925593,1.4135685373373559
1208.429625790686,0.3199729,0.008917936,1.4151707714037784
1208.4395792628702,0.30764076,0.008748952,1.4167732038773884
1208.4495327350544,0.31271076,0.0088182995,1.4183749613599819
1208.4594862072386,0.3121066,0.008809641,1.4199755594097627
1208.4694396794227,0.31029797,0.008785198,1.4215750235484563
1208.479393151607,0.33103764,0.009065725,1.4231732392364207
1208.489346623791,0.3209532,0.008929253,1.424769853276976
1208.4993000959753,0.32590744,0.008997558,1.4263638527810447
1208.5092535681592,0.3182372,0.008893329,1.4279550683489863
1208.5192070403434,0.31420013,0.008838105,1.4295433464429217
1208.5291605125276,0.3307547,0.00906038,1.431129139792926
1208.5391139847118,0.32893652,0.009036943,1.432713735817884
1208.549067456896,0.33408877,0.009105626,1.434299559071373
1208.5590209290801,0.31238124,0.008811881,1.4358890964745044
1208.5689744012643,0.33905986,0.0091701895,1.4374847156764101
1208.5789278734485,0.32840666,0.009028466,1.439089056990876
1208.5888813456327,0.33137497,0.009068942,1.4407037134392042
1208.5988348178169,0.32533523,0.008986412,1.4423286960233774
1208.608788290001,0.33315238,0.009092081,1.4439643382855203
1208.618741762185,0.35230568,0.009342327,1.4456110537194133
1208.6286952343692,0.35499707,0.00937727,1.44726905661508
1208.6386487065533,0.34039405,0.009187415,1.448935190766517
1208.6486021787375,0.34454218,0.009241072,1.4506061476231746
1208.6585556509217,0.34368908,0.009228898,1.4522773333644852
1208.6685091231059,0.34049758,0.0091879275,1.453941636187332
1208.67846259529,0.3281677,0.009023844,1.4555933908870013
1208.6884160674742,0.349552,0.00930582,1.4572275725564965
1208.6983695396584,0.32399276,0.0089678615,1.4588403532423113
1208.7083230118426,0.33228803,0.009078122,1.4604265975603905
1208.7182764840268,0.35372916,0.009358345,1.4619874819733818
1208.7282299562107,0.3466737,0.009266967,1.4635260105309404
1208.738183428395,0.3706286,0.009573074,1.4650452476282827
1208.748136900579,0.34332237,0.009223141,1.4665485150749644
1208.7580903727633,0.33873484,0.009162909,1.468040507465166
1208.7680438449474,0.34717506,0.009272602,1.4695254898708177
1208.7779973171316,0.34388512,0.009230856,1.4710043224087008
1208.7879507893158,0.3295301,0.0090409545,1.4724748686727454
1208.7979042615,0.341877,0.009203973,1.4739292883697659
1208.8078577336842,0.3370113,0.009139811,1.4753595950213696
1208.8178112058683,0.34033135,0.009182786,1.47675546119461
1208.8277646780525,0.3484576,0.009289624,1.478108151538718
1208.8377181502365,0.3469887,0.009269961,1.4794058925084566
1208.8476716224206,0.35050914,0.009315214,1.48065477178781
1208.8576250946048,0.33483133,0.009109653,1.4818587100918634
1208.867578566789,0.34675774,0.009266812,1.4830214068335352
1208.8775320389732,0.34305525,0.00921803,1.4841431604760547
1208.8874855111574,0.33083242,0.00905565,1.4852291643560354
1208.8974389833415,0.35014367,0.009308235,1.486284784910786
1208.9073924555257,0.34662014,0.009262643,1.4873132658640804
1208.91734592771,0.33757553,0.0091441255,1.4883174381603108
1208.927299399894,0.34600112,0.009255049,1.4893025156087152
1208.9372528720783,0.35140756,0.009324873,1.4902782212392611
1208.9472063442622,0.3556088,0.00938001,1.4912536121880966
1208.9571598164464,0.3534749,0.009351621,1.4922378537988994
1208.9671132886306,0.34906188,0.009295164,1.4932398946278764
1208.9770667608148,0.34088492,0.009187563,1.4942594835987766
1208.987020232999,0.33979207,0.009172628,1.495295331334483
1208.996973705183,0.34697902,0.009266186,1.4963453010048857
1209.0069271773673,0.32983992,0.009041295,1.49740922151198
1209.0168806495515,0.326456,0.008995869,1.4984851160625308
1209.0268341217356,0.34123063,0.009190769,1.4995724207987156
1209.0367875939198,0.33844095,0.009155034,1.5006710545729076
1209.046741066104,0.32113287,0.008923847,1.5017818421156717
1209.056694538288,0.34091294,0.009186606,1.5029046489504008
1209.0666480104721,0.32289064,0.008946311,1.5040386566783615
1209.0766014826563,0.3483606,0.009285024,1.5051836538417187
1209.0865549548405,0.31913152,0.008895814,1.5063390612558982
1209.0965084270247,0.3260432,0.008988383,1.5075034444332678
1209.1064618992089,0.33926493,0.009164648,1.5086736107830332
1209.116415371393,0.33298433,0.0090813115,1.509847747696496
1209.1263688435772,0.34745547,0.009271377,1.5110244518144107
1209.1363223157614,0.34831658,0.00928192,1.512202712140238
1209.1462757879456,0.33171597,0.009064181,1.513381343305587
1209.1562292601297,0.3252377,0.008977681,1.5145595795769662
1209.1661827323137,0.3328317,0.009079537,1.5157367424343637
1209.1761362044979,0.31947654,0.008899414,1.51691195857941
1209.186089676682,0.32978332,0.009037382,1.5180847339403318
1209.1960431488662,0.34562615,0.009246076,1.5192546816345138
1209.2059966210504,0.34476805,0.009234472,1.5204213401161961
1209.2159500932346,0.31576857,0.008847966,1.5215840366885955
1209.2259035654188,0.3225249,0.008940363,1.522742637257614
1209.235857037603,0.32640776,0.008992457,1.5238981307852513
1209.2458105097871,0.3251438,0.008974716,1.525051714193665
1209.2557639819713,0.33493802,0.009105404,1.5262047609198723
1209.2657174541555,0.34573197,0.009247712,1.527358280738768
1209.2756709263397,0.3186274,0.008886003,1.5285124965544283
1209.2856243985236,0.32257944,0.008939073,1.5296672064693846
1209.2955778707078,0.33891854,0.0091575105,1.530822007664312
1209.305531342892,0.334578,0.009098324,1.5319762580902618
1209.3154848150762,0.34677833,0.00926037,1.5331293629674476
1209.3254382872603,0.33376214,0.009089342,1.5342807029859853
1209.3353917594445,0.3388013,0.009155918,1.5354296917233299
1209.3453452316287,0.32347676,0.008951827,1.5365755923377802
1209.3552987038129,0.32361993,0.008953973,1.537718356420629
1209.365252175997,0.3338629,0.0090893805,1.5388583945570318
1209.3752056481812,0.33081955,0.0090490775,1.5399961165739393
1209.3851591203654,0.30097726,0.008642387,1.5411318445952973
1209.3951125925496,0.32830158,0.009015675,1.5422656698165422
1209.4050660647335,0.3330426,0.009078231,1.5433975641064746
1209.4150195369177,0.34322006,0.009211872,1.5445268484802588
1209.424973009102,0.31495082,0.008835344,1.5456524717185651
1209.434926481286,0.32551783,0.008978031,1.5467723226415164
1209.4448799534703,0.32321456,0.0089471545,1.5478858975094278
1209.4548334256544,0.32309136,0.008943341,1.5489923281053146
1209.4647868978386,0.32166764,0.008924953,1.5500910991660377
1209.4747403700228,0.32829672,0.009014189,1.5511811358221297
1209.484693842207,0.31301472,0.008807906,1.552263505639032
1209.4946473143912,0.31400093,0.008821091,1.553339294728576
1209.5046007865753,0.33781868,0.00914029,1.5544095604997357
1209.5145542587593,0.3189626,0.008888262,1.5554753066230982
1209.5245077309435,0.31859353,0.008882236,1.5565379553900678
1209.5344612031276,0.30821943,0.008740779,1.557598808468851
1209.5444146753118,0.3160049,0.00884736,1.558658525159752
1209.554368147496,0.3083363,0.008741387,1.5597174754474754
1209.5643216196802,0.29983237,0.008623782,1.5607757773300905
1209.5742750918644,0.32012433,0.008903287,1.5618335212583647
1209.5842285640485,0.31725276,0.008862468,1.5628905973072145
1209.5941820362327,0.32447198,0.008961986,1.563946864522263
1209.604135508417,0.31264174,0.008800045,1.5650020426297218
1209.614088980601,0.32008836,0.008903063,1.5660562168317673
1209.624042452785,0.30808094,0.008736716,1.5671093659780855
1209.6339959249692,0.3137391,0.008815323,1.5681614387595069
1209.6439493971534,0.30842862,0.008742642,1.569212171994057
1209.6539028693376,0.31630948,0.008849588,1.570261356848585
1209.6638563415218,0.3366322,0.009122279,1.571308743858313
1209.673809813706,0.3039566,0.008679975,1.572353940019016
1209.68376328589,0.32152084,0.008919585,1.5733963494777456
1209.6937167580743,0.2998028,0.0086216545,1.574435334934111
1209.7036702302585,0.29961038,0.008619006,1.5754708630789043
1209.7136237024426,0.31260303,0.008798925,1.5765026836434504
1209.7235771746268,0.3217909,0.008924222,1.577530671181753
1209.7335306468108,0.30406576,0.008680598,1.5785544990400406
1209.743484118995,0.30366138,0.00867509,1.5795747674287022
1209.7534375911791,0.29965562,0.008619284,1.5805909642308984
1209.7633910633633,0.3064316,0.008713179,1.5816030227819193
1209.7733445355475,0.28949633,0.008475177,1.582611064614369
1209.7832980077317,0.29364008,0.008533787,1.5836150487149778
1209.7932514799159,0.29160565,0.008504825,1.584614116593961
1209.8032049521,0.29411045,0.008540329,1.5856075692381606
1209.8131584242842,0.28913584,0.008470846,1.5865949291118882
1209.8231118964684,0.2857538,0.0085278135,1.5875771084676324
1209.8330653686526,0.28295878,0.00870618,1.5885561404594726
1209.8430188408365,0.29785272,0.009093766,1.5895339491890774
1209.8529723130207,0.2990281,0.009174225,1.5905126070505893
1209.8629257852049,0.29437467,0.009127766,1.5914944014338481
1209.872879257389,0.295769,0.009317006,1.5924805112292943
1209.8828327295732,0.29702896,0.009343957,1.5934718639499308
1209.8927862017574,0.29599062,0.0094665345,1.5944690919956517
1209.9027396739416,0.29090482,0.009374461,1.5954736147967787
1209.9126931461258,0.30055285,0.009476609,1.596485094450199
1209.92264661831,0.29777986,0.009327862,1.597503867821339
1209.9326000904941,0.29465365,0.009285306,1.5985303340060497
1209.9425535626783,0.30387616,0.009465897,1.599565478466225
1209.9525070348623,0.28897047,0.009135798,1.6006087287090507
1209.9624605070464,0.29153922,0.00924242,1.6016586935153292
1209.9724139792306,0.27330133,0.009087572,1.6027139346231936
1209.9823674514148,0.27906835,0.009251046,1.6037727365501464
1209.992320923599,0.29764646,0.0096831815,1.6048330000752964
1210.0022743957832,0.2922709,0.009508469,1.6058930321200728
1210.0122278679673,0.2837537,0.009309215,1.606952128241935
1210.0221813401515,0.3032667,0.009550739,1.608010322653789
1210.0321348123357,0.26822776,0.00897059,1.609068296438438
1210.0420882845199,0.2604766,0.008823641,1.6101269071194733
1210.052041756704,0.26483583,0.008846399,1.6111861864831019
1210.061995228888,0.26867312,0.008756515,1.6122447572440866
1210.0719487010722,0.26352283,0.008739296,1.613298199088124
1210.0819021732564,0.26553914,0.008763161,1.6143401628745258
1210.0918556454405,0.2769076,0.009046068,1.615363306617468
1210.1018091176247,0.26713705,0.008856435,1.6163591828228059
1210.111762589809,0.27987316,0.00910028,1.6173154997852164
1210.121716061993,0.27276006,0.008965082,1.618221218587002
1210.1316695341773,0.26629135,0.0089568915,1.6190727994745733
1210.1416230063614,0.25349236,0.008821904,1.6198659770579358
1210.1515764785456,0.27390298,0.009193263,1.620598746233977
1210.1615299507298,0.24334261,0.008610988,1.6212691174511626
1210.1714834229138,0.25905985,0.008847802,1.6218908571524624
1210.181436895098,0.25799078,0.008843591,1.6224692129433185
1210.191390367282,0.26843098,0.009008513,1.6230073347678893
1210.2013438394663,0.25365603,0.008781815,1.6235004611851651
1210.2112973116505,0.25695783,0.008758382,1.6239516564097625
1210.2212507838346,0.25030163,0.008662179,1.6243596809037228
1210.2312042560188,0.23932359,0.008485247,1.6247233128891048
1210.241157728203,0.2407629,0.0084496485,1.6250396144206842
1210.2511112003872,0.25323486,0.008582317,1.6253141665185868
1210.2610646725714,0.23694412,0.0081758,1.6255567806039024
1210.2710181447555,0.24681145,0.008334665,1.6257759657965463
1210.2809716169397,0.26169407,0.008588634,1.6259805138338321
1210.2909250891237,0.23636226,0.00815624,1.6261791571368893
1210.3008785613079,0.23873816,0.008098787,1.6263783450737113
1210.310832033492,0.23802863,0.007942627,1.6265808745673414
1210.3207855056762,0.2325422,0.0078000966,1.6267882874004698
1210.3307389778604,0.2388183,0.00782826,1.6270030996943061
1210.3406924500446,0.24187224,0.00785877,1.6272263332718806
1210.3506459222288,0.23422739,0.0076437015,1.6274600859680948
1210.360599394413,0.24358863,0.007790667,1.6277064653535764
1210.370552866597,0.22951517,0.007568855,1.6279685869785672
1210.3805063387813,0.21287178,0.007299265,1.628246216156155
1210.3904598109655,0.21418981,0.007318853,1.62853834446486
1210.4004132831496,0.23533915,0.007660219,1.6288443161564727
1210.4103667553336,0.22409336,0.007480662,1.6291641123653573
1210.4203202275178,0.22925827,0.0075648734,1.6294974630832755
1210.430273699702,0.22052465,0.007423307,1.6298427046414252
1210.4402271718861,0.2161207,0.007350528,1.6301994923316727
1210.4501806440703,0.22112074,0.0074341577,1.6305675799557644
1210.4601341162545,0.2173775,0.007373256,1.6309477183547152
1210.4700875884387,0.2292945,0.007563319,1.6313376073287782
1210.4800410606229,0.21231917,0.007286732,1.6317364324499675
1210.489994532807,0.21142754,0.0072730146,1.6321433640087142
1210.4999480049912,0.20515737,0.0071679754,1.6325584042442733
1210.5099014771754,0.21521874,0.0073366724,1.632980174624942
1210.5198549493593,0.20723441,0.007203571,1.6334080978482
1210.5298084215435,0.20713225,0.007201768,1.6338421830430487
1210.5397618937277,0.21973437,0.007412631,1.6342833304566877
1210.5497153659119,0.21154097,0.0072764494,1.6347324561799148
1210.559668838096,0.21831761,0.007388141,1.6351899535007193
1210.5696223102802,0.2185931,0.0073918574,1.6356566860926034
1210.5795757824644,0.21297202,0.0072993734,1.6361336281357746
1210.5895292546486,0.19904287,0.0070656817,1.6366222964253176
1210.5994827268328,0.19670999,0.0070243194,1.637121556752195
1210.609436199017,0.20124815,0.007102616,1.6376313799223852
1210.6193896712011,0.20532289,0.007171034,1.6381516367555573
1210.629343143385,0.19543296,0.0070020715,1.638683553161264
1210.6392966155693,0.20015632,0.007084336,1.6392256752930143
1210.6492500877534,0.1820356,0.0067653824,1.6397774589765888
1210.6592035599376,0.19373186,0.006972184,1.640338331693378
1210.6691570321218,0.1959207,0.0070085265,1.6409080010922357
1210.679110504306,0.19784959,0.0070426073,1.6414846783259145
1210.6890639764902,0.1971435,0.00703006,1.6420662211951476
1210.6990174486743,0.2061913,0.0071843346,1.642651063326061
1210.7089709208585,0.19038899,0.006919436,1.6432380618436182
1210.7189243930427,0.20100051,0.0070983483,1.6438268439184687
1210.7288778652269,0.2035129,0.0071732183,1.6444177043175956
1210.7388313374108,0.19677837,0.007110987,1.6450117042123082
1210.748784809595,0.18337984,0.0068830284,1.6456100058226497
1210.7587382817792,0.20996793,0.0074764094,1.646213711840057
1210.7686917539634,0.21097335,0.0076525705,1.6468204934162811
1210.7786452261475,0.19289553,0.007362108,1.64742597927015
1210.7885986983317,0.19347738,0.0073891305,1.6480230584459008
1210.798552170516,0.18933956,0.007293082,1.6485995416873687
1210.8085056427,0.18360579,0.007269777,1.6491450358172077
1210.8184591148843,0.18716699,0.0072595817,1.6496539706124331
1210.8284125870684,0.1822645,0.007127818,1.6501244403338517
1210.8383660592526,0.19449387,0.007474314,1.650556902939435
1210.8483195314366,0.17617837,0.007127399,1.6509555652339833
1210.8582730036208,0.17957857,0.0071720826,1.6513289363119208
1210.868226475805,0.17765984,0.0072098537,1.651679906983456
1210.878179947989,0.17182368,0.007077465,1.6520086324917
1210.8881334201733,0.17374538,0.007116882,1.6523093657141446
1210.8980868923575,0.17293498,0.007156115,1.6525826031527544
1210.9080403645416,0.17263629,0.0071818028,1.6528264366979928
1210.9179938367258,0.17111696,0.007306213,1.6530413255745953
1210.92794730891,0.17949618,0.0073065213,1.653228981735065
1210.9379007810942,0.17512219,0.007135809,1.6533998573965187
1210.9478542532784,0.17337748,0.0070664124,1.6535639407109612
1210.9578077254623,0.1625462,0.006903023,1.6537298702022203
1210.9677611976465,0.16132931,0.0067783017,1.6539050757990195
1210.9777146698307,0.15651509,0.006722677,1.65409421658552
1210.9876681420149,0.15230949,0.0067377086,1.6542980643910727
1210.997621614199,0.16753618,0.0069470336,1.6545171349422725
1211.0075750863832,0.16253126,0.0067950366,1.654751533224553
1211.0175285585674,0.15667394,0.0066985493,1.6550022913618703
1211.0274820307516,0.16831873,0.0069361804,1.6552665865903191
1211.0374355029358,0.16763073,0.006880825,1.6555435469212074
1211.04738897512,0.15913892,0.006765199,1.6558321935446547
1211.057342447304,0.1556595,0.006715385,1.6561326455143297
1211.067295919488,0.16076958,0.006883695,1.65644255228626
1211.0772493916722,0.16560838,0.0070110136,1.65676048870249
1211.0872028638564,0.1537695,0.0067764698,1.6570854085238138
1211.0971563360406,0.14388333,0.0064932243,1.6574167955074115
1211.1071098082248,0.1576747,0.006808287,1.6577537906212938
1211.117063280409,0.14635117,0.006610173,1.658095443024208
1211.1270167525931,0.14903754,0.0066480003,1.6584413865331504
1211.1369702247773,0.15453206,0.006887127,1.6587914401839967
1211.1469236969615,0.13702224,0.006519611,1.6591455573740566
1211.1568771691457,0.15355404,0.0069909757,1.6595026566323752
1211.1668306413299,0.15522376,0.007160124,1.6598613714279042
1211.1767841135138,0.1357615,0.006713448,1.6602190973164095
1211.186737585698,0.14495115,0.0070015932,1.6605702195084262
1211.1966910578822,0.144767,0.006911035,1.6609087220541636
1211.2066445300663,0.14099737,0.006735114,1.661228159882815
1211.2165980022505,0.13936044,0.0067792884,1.6615224639817439
1211.2265514744347,0.14769825,0.0068886895,1.661784602071256
1211.2365049466189,0.12746166,0.006304596,1.662014024699398
1211.246458418803,0.12908502,0.006230887,1.662214607835357
1211.2564118909872,0.1427448,0.0064854985,1.662390189522499
1211.2663653631714,0.13599092,0.0063609025,1.662545832011735
1211.2763188353556,0.13738093,0.006427803,1.6626886276670056
1211.2862723075398,0.12585795,0.006011015,1.6628285831373988
1211.2962257797237,0.12601887,0.005885944,1.6629737557208648
1211.306179251908,0.12802728,0.006031539,1.663131863490816
1211.316132724092,0.13209713,0.006044764,1.6633125045566506
1211.3260861962763,0.13552703,0.0060568447,1.6635165473817002
1211.3360396684604,0.12307553,0.0057909777,1.663744388153515
1211.3459931406446,0.12814792,0.005892518,1.6639950988595515
1211.3559466128288,0.12514393,0.0057911146,1.6642689918199274
1211.365900085013,0.11938705,0.005563022,1.6645634571553787
1211.3758535571972,0.13548732,0.0058695152,1.6648759459794396
1211.3858070293813,0.11433441,0.005412392,1.665205289876262
1211.3957605015655,0.11930583,0.005524011,1.6655507059264907
1211.4057139737495,0.11629976,0.005455398,1.6659107025315723
1211.4156674459337,0.12111308,0.005562737,1.6662812036694694
1211.4256209181178,0.11808058,0.005496225,1.6666595718317119
1211.435574390302,0.113543004,0.0053914487,1.6670432837002034
1211.4455278624862,0.10461767,0.0051860726,1.6674306534852819
1211.4554813346704,0.115428366,0.005436788,1.6678201177974517
1211.4654348068545,0.113528125,0.005393443,1.6682118132956738
1211.4753882790387,0.10896411,0.005287512,1.6686067856038036
1211.485341751223,0.11820469,0.0054983227,1.6690073417872142
1211.495295223407,0.11043414,0.005323923,1.6694153458331629
1211.5052486955913,0.11396307,0.0054038214,1.6698321902052204
1211.5152021677754,0.116457865,0.005459446,1.670259252569326
1211.5251556399594,0.10943429,0.005300019,1.6706982171644245
1211.5351091121436,0.10937602,0.005298339,1.6711503604632316
1211.5450625843278,0.09981627,0.005071467,1.6716147406741528
1211.555016056512,0.10802238,0.0052679256,1.6720913174693708
1211.564969528696,0.111141495,0.0053392244,1.6725799001958288
1211.5749230008803,0.09453171,0.004939683,1.6730818219820487
1211.5848764730645,0.10318945,0.005152199,1.6735949965489003
1211.5948299452486,0.097212434,0.005007668,1.6741192328823458
1211.6047834174328,0.10171863,0.0051170914,1.6746544764572002
1211.614736889617,0.09769332,0.005020093,1.675202023461324
1211.6246903618012,0.09946262,0.0050633936,1.6757613485650509
1211.6346438339851,0.0951707,0.0049569476,1.6763321605501842
1211.6445973061693,0.088563904,0.0047918744,1.67691472928704
1211.6545507783535,0.089065485,0.004802889,1.6775102287681247
1211.6645042505377,0.09888793,0.0050483723,1.6781200198807094
1211.6744577227219,0.09265027,0.004895996,1.6787444049074765
1211.684411194906,0.08883104,0.0047981176,1.6793856137326584
1211.6943646670902,0.0837067,0.0046669315,1.6800465506053788
1211.7043181392744,0.09208094,0.0048797615,1.6807324489802602
1211.7142716114586,0.08551191,0.004711343,1.6814391661959707
1211.7242250836428,0.08671451,0.0047436976,1.6821616786105258
1211.734178555827,0.09029174,0.004836208,1.68289187097764
1211.7441320280109,0.08375219,0.0046648937,1.6836195881978
1211.754085500195,0.076367475,0.004465717,1.6843365979735823
1211.7640389723792,0.090213284,0.0048330505,1.6850382726382582
1211.7739924445634,0.07236118,0.0043547656,1.6857212282215017
1211.7839459167476,0.08515259,0.0047032163,1.6863810718336671
1211.7938993889318,0.07210988,0.0043455116,1.687013831676483
1211.803852861116,0.07882842,0.0045332364,1.6876185568202897
1211.8138063333001,0.08088264,0.0045889104,1.6881920743710321
1211.8237598054843,0.0730856,0.004373335,1.6887307317010687
1211.8337132776685,0.07534569,0.0044346317,1.6892268384298812
1211.8436667498527,0.07223468,0.004349038,1.6896850575997275
1211.8536202220366,0.07255053,0.0043551694,1.6901083885859696
1211.8635736942208,0.06640082,0.0041800654,1.690503548318304
1211.873527166405,0.071031064,0.0043126848,1.6908780553141063
1211.8834806385892,0.07049182,0.004298679,1.6912425970965974
1211.8934341107733,0.0669426,0.004195194,1.6916028398313145
1211.9033875829575,0.059357446,0.0039633107,1.6919613282306054
1211.9133410551417,0.072657794,0.004363117,1.6923192719083997
1211.9232945273259,0.06550329,0.0041514672,1.6926775907345861
1211.93324799951,0.06416806,0.0041105556,1.6930371343358546
1211.9432014716942,0.06234078,0.004056816,1.6933987425145856
1211.9531549438784,0.06792137,0.004223956,1.6937632324826484
1211.9631084160624,0.06616697,0.0041728164,1.6941316432369131
1211.9730618882465,0.057859898,0.003915536,1.6945038694370145
1211.9830153604307,0.06003091,0.0039857877,1.6948800986923676
1211.992968832615,0.058025043,0.003924834,1.6952605025958558
1212.002922304799,0.059841722,0.0039782026,1.6956458516521518
1212.0128757769833,0.05603163,0.0038567134,1.6960361412244525
1212.0228292491674,0.05093955,0.0036877529,1.6964316192151685
1212.0327827213516,0.06806562,0.0042279786,1.6968326906962652
1212.0427361935358,0.048479337,0.0036046684,1.6972401558326502
1212.05268966572,0.055719078,0.0038456859,1.697654384328335
1212.0626431379042,0.055694535,0.0038469026,1.6980749180485921
1212.072596610088,0.04595047,0.0035105806,1.6985016528681183
1212.0825500822723,0.05436401,0.0038023435,1.6989344593075328
1212.0925035544565,0.04691027,0.0035478817,1.6993736063411635
1212.1024570266406,0.04936004,0.0036337231,1.699817983807154
1212.1124104988248,0.050896347,0.0036873515,1.700267347273077
1212.122363971009,0.048081055,0.0035926888,1.7007215911928357
1212.1323174431932,0.05066384,0.0036787197,1.7011814375572372
1212.1422709153774,0.046859827,0.0035455194,1.701646782988694
1212.1522243875615,0.044800006,0.0034734025,1.7021178976756688
1212.1621778597457,0.042302974,0.003380256,1.7025952521424834
1212.17213133193,0.04856075,0.0036057923,1.7030797654399747
1212.1820848041139,0.04154395,0.0033522842,1.7035718848727712
1212.192038276298,0.040003844,0.0032933631,1.7040712252127836
1212.2019917484822,0.03798732,0.003213423,1.7045778563885765
1212.2119452206664,0.037932355,0.0032130997,1.705091889517615
1212.2218986928506,0.042229418,0.0033774432,1.705613901484448
1212.2318521650348,0.044508148,0.0034634236,1.7061425008804945
1212.241805637219,0.041042548,0.0033315779,1.7066770424766753
1212.251759109403,0.040233642,0.0033017807,1.7072166144804255
1212.2617125815873,0.031903286,0.0029646063,1.7077603166937865
1212.2716660537715,0.04045007,0.003310098,1.7083060983390306
1212.2816195259556,0.03946747,0.0032743057,1.708852197892028
1212.2915729981396,0.038238414,0.003225746,1.7093971240692951
1212.3015264703238,0.03468904,0.0030812405,1.7099394285385832
1212.311479942508,0.03716667,0.0031834135,1.7104783332363171
1212.3214334146921,0.03341629,0.0030294731,1.711014321756173
1212.3313868868763,0.033921678,0.0030469836,1.7115483250332726
1212.3413403590605,0.031586993,0.002950698,1.7120817709941663
1212.3512938312447,0.02657848,0.002724292,1.7126166112002839
1212.3612473034289,0.032844856,0.0030053305,1.7131543915500527
1212.371200775613,0.034637354,0.003080817,1.7136962653924843
1212.3811542477972,0.02910012,0.0028430198,1.714242715332667
1212.3911077199814,0.03436813,0.0030703444,1.7147940597854783
1212.4010611921656,0.028096916,0.0027967016,1.7153493334053769
1212.4110146643495,0.030833164,0.0029192204,1.7159078447285925
1212.4209681365337,0.032381848,0.0029842395,1.7164692342634928
1212.4309216087179,0.029828677,0.0028748666,1.717033616361278
1212.440875080902,0.027556846,0.0027724728,1.7176012301633747
1212.4508285530862,0.031366125,0.002939027,1.718172110347584
1212.4607820252704,0.022244714,0.0025104189,1.7187464209996395
1212.4707354974546,0.024488235,0.0026244943,1.719324161028731
1212.4806889696388,0.02754241,0.0027703596,1.7199051770896565
1212.490642441823,0.025277846,0.0026633856,1.7204882133426829
1212.5005959140071,0.024532197,0.0026253979,1.7210722086284234
1212.5105493861913,0.024263754,0.0026118353,1.7216561613774108
1212.5205028583755,0.022225678,0.0025115637,1.7222394135074448
1212.5304563305594,0.022492671,0.00252483,1.722822211844103
1212.5404098027436,0.028051171,0.0027935712,1.7234054122877969
1212.5503632749278,0.017718716,0.002264172,1.7239901837833809
1212.560316747112,0.021210693,0.0024569435,1.724577782139209
1212.5702702192962,0.024032295,0.0026002033,1.7251686782626927
1212.5802236914803,0.022742629,0.0025344489,1.7257619621120466
1212.5901771636645,0.022490343,0.00252148,1.7263562401205343
1212.6001306358487,0.018430969,0.0023058264,1.7269497913696243
1212.6100841080329,0.024989972,0.0026491042,1.727540794249148
1212.620037580217,0.018976592,0.0023342238,1.7281291291698913
1212.6299910524012,0.01919584,0.002346652,1.7287155306007913
1212.6399445245852,0.022204285,0.0025110226,1.7293016027764483
1212.6498979967694,0.0144295925,0.0020628353,1.729889838197101
1212.6598514689535,0.01562591,0.0021390358,1.7304822918245084
1212.6698049411377,0.016655605,0.002202284,1.73108009022426
1212.679758413322,0.016402818,0.002187512,1.7316836954964223
1212.689711885506,0.015894318,0.0021573303,1.7322933569261398
1212.6996653576903,0.017420765,0.0022451698,1.7329087490871187
1212.7096188298744,0.01437811,0.0020598362,1.73352904134916
1212.7195723020586,0.014120369,0.0020452237,1.7341541781979064
1212.7295257742428,0.013111973,0.001975206,1.7347844890264417
1212.739479246427,0.01812271,0.002289109,1.7354214550931832
1212.749432718611,0.012864011,0.0019613074,1.7360652991933399
1212.759386190795,0.01362733,0.002009134,1.7367170009511923
1212.7693396629793,0.0143136475,0.002056178,1.7373774843930205
1212.7792931351635,0.016641095,0.0021988037,1.7380487853767768
1212.7892466073476,0.0148786595,0.0020883603,1.7387309897442336
1212.7992000795318,0.013815353,0.002022409,1.7394241483662254
1212.809153551716,0.013087686,0.0019709144,1.740128513072188
1212.8191070239002,0.015075183,0.0021034954,1.74084483421387
1212.8290604960844,0.008815262,0.00165573,1.7415734137269094
1212.8390139682685,0.011031338,0.0018300193,1.7423130978970085
1212.8489674404527,0.008532789,0.0016329898,1.7430638854793474
1212.8589209126367,0.012547137,0.001934494,1.7438260066167457
1212.8688743848209,0.009000611,0.001673156,1.7446015120846567
1212.878827857005,0.013547702,0.002003277,1.745389338969491
1212.8887813291892,0.0113149425,0.0018487991,1.7461902614087585
1212.8987348013734,0.009790202,0.0017366214,1.7470051942913063
1212.9086882735576,0.0074922508,0.0015481951,1.7478369513776566
1212.9186417457418,0.0073099365,0.0015435847,1.7486860079707842
1212.928595217926,0.009346485,0.0017191544,1.7495531158311624
1212.93854869011,0.0076823896,0.001606111,1.750440028238017
1212.9485021622943,0.008282168,0.00171534,1.751350052497508
1212.9584556344785,0.0108964555,0.0019215294,1.7522867608205868
1212.9684091066624,0.011965085,0.0020215993,1.7532496411368625
1212.9783625788466,0.010144396,0.0018935796,1.7542393165668788
1212.9883160510308,0.008777704,0.001766063,1.7552547055592926
1212.998269523215,0.007490402,0.0016279878,1.7562958429930828
1213.0082229953991,0.0071935207,0.0016074537,1.7573546199766747
1213.0181764675833,0.008558156,0.0017184126,1.7584262228885938
1213.0281299397675,0.010198594,0.0018799787,1.7595047401072241
1213.0380834119517,0.005706301,0.0014850392,1.7605818224219392
1213.0480368841359,0.0054441784,0.0014082331,1.7616471132422253
1213.05799035632,0.005200949,0.0013976747,1.7626918615661036
1213.0679438285042,0.008364844,0.0017553614,1.7637091729588328
1213.0778973006882,0.0051917066,0.0014132037,1.7646939643161446
1213.0878507728723,0.0052947337,0.0014963244,1.7656446314927696
1213.0978042450565,0.004713605,0.0014708692,1.7665668496030063
1213.1077577172407,0.006252193,0.0015830547,1.7674628094907405
1213.1177111894249,0.0072807386,0.0016087752,1.7683337142784568
1213.127664661609,0.008810324,0.0017293438,1.769174891848747
1213.1376181337932,0.004144112,0.0013536379,1.7699875776109564
1213.1475716059774,0.008019545,0.0016662949,1.7707690330911636
1213.1575250781616,0.0040728105,0.0012263337,1.7715166648965892
1213.1674785503458,0.0038099147,0.0012683423,1.7722256430977685
1213.17743202253,0.004337077,0.0012734716,1.772898022126573
1213.187385494714,0.0050896523,0.001372779,1.7735388716283889
1213.197338966898,0.0045731766,0.0013036563,1.7741524936013948
1213.2072924390823,0.0045587616,0.00132838,1.774742905611792
1213.2172459112664,0.0037642266,0.0012114132,1.7753132459668373
1213.2271993834506,0.002449256,0.0010391065,1.775868325800567
1213.2371528556348,0.0053377757,0.0014236866,1.7764094396978896
1213.247106327819,0.0038016005,0.0013084488,1.7769374375489444
1213.2570598000032,0.0059326664,0.0014658746,1.7774517162161019
1213.2670132721873,0.004351013,0.0013119385,1.7779557856975
1213.2769667443715,0.004069419,0.0012434642,1.778452213522041
1213.2869202165557,0.0045635416,0.0013240754,1.7789435062878818
1213.2968736887397,0.003837521,0.0012780728,1.7794317878210903
1213.3068271609238,0.0043929974,0.0013589998,1.7799191337271418
1213.316780633108,0.0040978263,0.0013728086,1.7804068482463355
1213.3267341052922,0.0025210627,0.001053634,1.7808956922866024
1213.3366875774764,0.0025287215,0.0011162937,1.7813862496688808
1213.3466410496605,0.0041642673,0.001345666,1.7818790225894496
1213.3565945218447,0.00093763025,0.0007962368,1.7823737690173682
1213.366547994029,0.004172915,0.0013866858,1.7828700310229615
1213.376501466213,0.0036322672,0.0012078688,1.78336694778405
1213.3864549383973,0.0025243233,0.0012062137,1.7838630896305419
1213.3964084105814,0.0016942958,0.0009724688,1.7843570360560823
1213.4063618827654,0.0011555995,0.00084614387,1.7848475945303206
1213.4163153549498,0.0032467386,0.0011810301,1.7853337847550064
1213.4262688271338,0.002481295,0.0010337367,1.7858145968822485
1213.436222299318,0.0034734756,0.0011501565,1.7862900888444901
1213.446175771502,0.0034879092,0.00118996,1.7867613598288108
1213.4561292436863,0.002428568,0.0010240937,1.7872294728152447
1213.4660827158705,0.0034382893,0.0011850658,1.7876956688185466
1213.4760361880546,0.0018663357,0.0009245283,1.788161110854506
1213.4859896602388,0.00289721,0.0010860965,1.7886266264109412
1213.495943132423,0.00030171595,0.00064197177,1.7890922801614146
1213.5058966046072,0.0025887834,0.0010414651,1.7895575609702072
1213.5158500767911,0.0020955037,0.0009250182,1.790021090908784
1213.5258035489755,0.002076651,0.0009114559,1.7904813838037046
1213.5357570211595,0.002315411,0.000962914,1.7909368569561033
1213.5457104933437,0.0010245797,0.000789052,1.7913857049813546
1213.5556639655279,0.0025170972,0.000992897,1.7918254115015353
1213.565617437712,0.0037937562,0.0011355771,1.792253619284657
1213.5755709098962,0.0037902223,0.0011577499,1.792669588938507
1213.5855243820804,0.0027774998,0.0010136786,1.7930721933657159
1213.5954778542646,0.0037649726,0.001147486,1.7934607622167404
1213.6054313264488,0.0030143636,0.0010791628,1.7938333637279458
1213.615384798633,0.002749637,0.0010256927,1.7941926732229252
1213.625338270817,0.003005695,0.0010542703,1.7945396146337491
1213.6352917430013,0.0025043464,0.0009975313,1.7948751923372417
1213.6452452151852,0.0019748409,0.0009316633,1.7951993266394077
1213.6551986873694,0.00095466763,0.0006819861,1.7955138805213346
1213.6651521595536,0.0022056124,0.00092452863,1.795820681932798
1213.6751056317378,0.0012009399,0.00072521484,1.796121566826284
1213.685059103922,0.0004398012,0.0007005581,1.7964186806107025
1213.6950125761061,0.0027100702,0.001010281,1.7967140304546256
1213.7049660482903,0.002945388,0.0010526538,1.797008030285562
1213.7149195204745,0.0024695834,0.0009581717,1.797297920290187
1213.7248729926587,0.0011918269,0.0007480488,1.7975777674298503
1213.7348264648429,0.0016882081,0.0008426057,1.7978359347727833
1213.744779937027,0.0017041276,0.0008749291,1.7980673252385388
1213.754733409211,0.0019466663,0.00091541995,1.7982666521198216
1213.7646868813952,0.0014570671,0.00079417933,1.7984300055661504
1213.7746403535793,0.0022011967,0.00091833743,1.7985505272149998
1213.7845938257635,0.0017037145,0.00085009943,1.798626926984844
1213.7945472979477,0.0017028031,0.00091175345,1.7986594189993195
1213.8045007701319,0.0009642857,0.0007539931,1.7986457401550804
1213.814454242316,0.0027163026,0.0009968452,1.7985816176749758
1213.8244077145002,0.0024623005,0.0009774601,1.7984611441062968
1213.8343611866844,0.0011829946,0.00075472734,1.7982902320223242
1213.8443146588686,0.0037012934,0.0011362534,1.7980716349763024
1213.8542681310528,0.0012021854,0.0008057656,1.7978109199872185
1213.8642216032367,0.0014253565,0.0008264212,1.7975118628914761
1213.874175075421,0.0014328824,0.0008127116,1.7971872857715856
1213.884128547605,0.001175303,0.0008252903,1.7968434191767624
1213.8940820197893,0.0009348929,0.00071907364,1.7964835943321598
1213.9040354919734,0.0037065635,0.0011474455,1.796107796399503
1213.9139889641576,0.00020514216,0.0005864775,1.7957157455902064
1213.9239424363418,0.002955773,0.0010518943,1.7953076098311351
1213.933895908526,0.0037203012,0.0011382742,1.794882668826689
1213.9438493807102,0.00171695,0.00085235474,1.794440325431504
1213.9538028528943,0.00397313,0.0011695466,1.793979434187173
1213.9637563250785,0.0027218882,0.0010452565,1.7935036856677715
1213.9737097972625,0.0029412906,0.0010462148,1.7930151004786938
1213.9836632694467,0.0047086566,0.0012536759,1.7925160164088967
1213.9936167416308,0.0019446054,0.0008959306,1.7920080777795295
1214.003570213815,0.0039444985,0.0011642739,1.7914945562277316
1214.0135236859992,0.003709485,0.0011245027,1.7909775060034883
1214.0234771581834,0.002191058,0.0009600761,1.7904582664841135
1214.0334306303675,0.003441072,0.0010993109,1.7899378758564284
1214.0433841025517,0.0029527717,0.0010314954,1.7894177280968668
1214.053337574736,0.0021907643,0.00096658245,1.7888994731984265
1214.06329104692,0.0031927736,0.001064158,1.7883850774836438
1214.0732445191043,0.0019146905,0.0008492284,1.787876951240574
1214.0831979912882,0.002924658,0.0010579358,1.7873786652397323
1214.0931514634724,0.002145854,0.00096040854,1.7868902977549366
1214.1031049356566,0.0036453996,0.0011164511,1.7864111160924472
1214.1130584078408,0.0039041638,0.0011507086,1.7859379591620559
1214.123011880025,0.0023906974,0.0009825188,1.7854643342118819
1214.132965352209,0.0033777175,0.0010705866,1.784980899692055
1214.1429188243933,0.002387948,0.0009956566,1.7844790773543342
1214.1528722965775,0.0046503423,0.0012577036,1.7839510558881213
1214.1628257687616,0.0044079456,0.0012058809,1.7833881275663575
1214.1727792409458,0.003634528,0.0011080548,1.7827822308915668
1214.18273271313,0.0023775643,0.00094332313,1.78213416461685
1214.192686185314,0.003372475,0.0010871729,1.781442926344122
1214.2026396574981,0.0041333614,0.0011816275,1.7807096437436063
1214.2125931296823,0.0056377966,0.0013505974,1.779932847260083
1214.2225466018665,0.005898626,0.0013925224,1.779124986338147
1214.2325000740507,0.0026193887,0.0009584417,1.7782937132227457
1214.2424535462349,0.004110161,0.0011868301,1.7774457205679934
1214.252407018419,0.0053729475,0.0013095153,1.776585623324229
1214.2623604906032,0.004868804,0.0012641122,1.7757175743477815
1214.2723139627874,0.006633751,0.0014481245,1.7748439568770749
1214.2822674349716,0.0053514736,0.0013104995,1.7739656792721759
1214.2922209071558,0.0030860053,0.0010273297,1.7730831609912021
1214.3021743793397,0.005079227,0.0012924655,1.772196561182784
1214.3121278515239,0.005085645,0.0012935959,1.7713068473443392
1214.322081323708,0.006079677,0.0013805374,1.7704144494432157
1214.3320347958922,0.0068444577,0.0014646327,1.7695198099129268
1214.3419882680764,0.0073381444,0.0015133579,1.7686231906721603
1214.3519417402606,0.00583155,0.0013543632,1.7677253967332534
1214.3618952124448,0.0091009,0.001650138,1.7668270583442587
1214.371848684629,0.0027885332,0.0010111673,1.7659286606477713
1214.3818021568131,0.007542069,0.0015196485,1.7650304177970744
1214.3917556289973,0.008070543,0.001571086,1.7641320423994
1214.4017091011815,0.007033214,0.0014688433,1.7632326970748209
1214.4116625733654,0.0072948206,0.0015066493,1.7623309926011026
1214.4216160455499,0.005529328,0.0013310636,1.7614251093432614
1214.4315695177338,0.0070151505,0.0014788065,1.760512320649994
1214.441522989918,0.011300991,0.0018241652,1.7595922288626977
1214.4514764621022,0.008555523,0.0016092218,1.7586646102697123
1214.4614299342863,0.00827658,0.0015995644,1.7577302629252085
1214.4713834064705,0.009788984,0.0017131035,1.7567907995424346
1214.4813368786547,0.015069271,0.0020807923,1.7558498691075057
1214.4912903508389,0.011337498,0.0018237279,1.7549107994249193
1214.501243823023,0.014815731,0.0020620779,1.753976495471299
1214.5111972952072,0.011316254,0.0018195363,1.7530498225696483
1214.5211507673912,0.015337722,0.0021034048,1.7521331131372184
1214.5311042395756,0.013316385,0.0019714348,1.751226324338413
1214.5410577117595,0.014564606,0.002042967,1.7503296508223627
1214.5510111839437,0.015277537,0.002101213,1.749442889132053
1214.560964656128,0.019330038,0.002333338,1.7485668090883473
1214.570918128312,0.022123652,0.002483671,1.7476991298132631
1214.5808716004963,0.022881284,0.0025289175,1.7468385533424888
1214.5908250726804,0.029158391,0.0028289275,1.7459836124658774
1214.6007785448646,0.04303395,0.0033991178,1.7451329477874327
1214.6107320170488,0.04762788,0.0035675627,1.7442846574274053
1214.620685489233,0.060196433,0.0039918376,1.7434372001417513
1214.6306389614172,0.07588103,0.004457829,1.7425896000846786
1214.6405924336013,0.10210982,0.005143998,1.7417412269285537
1214.6505459057853,0.13649546,0.0059102178,1.7408919008496095
1214.6604993779695,0.17486848,0.0066645183,1.7400422037894567
1214.6704528501537,0.22285911,0.007497884,1.7391928920103232
1214.6804063223378,0.2612826,0.008092868,1.7383449431612683
1214.690359794522,0.3371529,0.009169684,1.7374998352409659
1214.7003132667062,0.3796506,0.009711617,1.7366583237815898
1214.7102667388904,0.46079966,0.010673935,1.735820766969254
1214.7202202110745,0.56193084,0.011768072,1.7349870893610349
1214.7301736832587,0.65407515,0.012674257,1.7341568345467966
1214.740127155443,0.7124869,0.013219177,1.733328645957541
1214.750080627627,0.8049157,0.014035749,1.732500338363312
1214.760034099811,0.93288547,0.015093862,1.7316685906726716
1214.7699875719952,1.0362376,0.01589435,1.7308270244545254
1214.7799410441794,1.1117092,0.0164559,1.729958668522941
1214.7898945163636,1.2013183,0.017094698,1.7290468376181258
1214.7998479885478,1.2574649,0.017486323,1.7280736195418065
1214.809801460732,1.3460276,0.018083904,1.727026014093223
1214.819754932916,1.4729182,0.018909868,1.7258889917162568
1214.8297084051003,1.5891373,0.019634593,1.724668380575376
1214.8396618772845,1.6711876,0.020127181,1.7233745678206343
1214.8496153494686,1.7812052,0.02077099,1.7220146354454706
1214.8595688216528,1.8842438,0.02135913,1.7205931191350563
1214.8695222938368,1.9841492,0.021909945,1.719114184972473
1214.879475766021,2.1202016,0.022641284,1.717590517763715
1214.8894292382051,2.2177284,0.02314981,1.7160282426005382
1214.8993827103893,2.3060415,0.02360196,1.7144338062995652
1214.9093361825735,2.3960013,0.024052672,1.7128119595404003
1214.9192896547577,2.5266407,0.024691414,1.7111756949346177
1214.9292431269419,2.6220064,0.025149914,1.7095361961782825
1214.939196599126,2.7833946,0.025905225,1.7079064900899483
1214.9491500713102,2.937723,0.026608104,1.706303822477465
1214.9591035434944,2.9987655,0.026877033,1.7047431518049296
1214.9690570156786,3.0942302,0.027296301,1.7032306229147625
1214.9790104878625,3.2943447,0.028161729,1.7017681385904617
1214.9889639600467,3.4570146,0.028845536,1.7003514071350811
1214.9989174322309,3.614226,0.02948625,1.6989740215219722
1215.008870904415,3.8036518,0.030246591,1.6976222559188838
1215.0188243765992,4.0757885,0.031303655,1.6962911656687387
1215.0287778487834,4.258114,0.031991754,1.69497851019208
1215.0387313209676,4.497435,0.032872904,1.6936864521944064
1215.0486847931518,4.705483,0.03361682,1.6924158013932926
1215.058638265336,4.8950715,0.03428135,1.6911693482720445
1215.0685917375201,4.977148,0.034567498,1.6899514335758152
1215.0785452097043,5.2323256,0.03543506,1.688769010158933
1215.0884986818883,5.4224205,0.036070373,1.6876290851326357
1215.0984521540724,5.5541954,0.03650305,1.6865313705437148
1215.1084056262566,5.7978153,0.03728563,1.6854773315582854
1215.1183590984408,5.873962,0.03753173,1.6844670675347724
1215.128312570625,6.096191,0.038233425,1.683506195037268
1215.1382660428092,6.284454,0.038815867,1.682587130570615
1215.1482195149933,6.500244,0.03947421,1.6817084492068042
1215.1581729871775,6.712987,0.04011227,1.6808687877801418
1215.1681264593617,6.856013,0.04053499,1.6800694733388175
1215.1780799315459,7.051169,0.04110759,1.6793063104982449
1215.18803340373,7.1197166,0.04130564,1.6785726669785035
1215.197986875914,7.26117,0.04171777,1.6778626837990533
1215.2079403480982,7.4836464,0.04234714,1.677169361245528
1215.2178938202824,7.6492066,0.042811308,1.6764834686798178
1215.2278472924665,7.8280315,0.04330246,1.675793747066506
1215.2378007646507,7.9133854,0.043538135,1.6750908803153866
1215.247754236835,7.998065,0.043770034,1.6743665090567048
1215.257707709019,8.036721,0.043872453,1.6736095878966895
1215.2676611812033,8.212259,0.044347003,1.6728180347293524
1215.2776146533874,8.407462,0.044869155,1.671991282499704
1215.2875681255716,8.603671,0.045388985,1.6711296307299872
1215.2975215977558,8.695248,0.045629486,1.6702325707738324
1215.3074750699398,8.774936,0.04584001,1.6693020868484068
1215.317428542124,8.904477,0.04617527,1.6683441260677112
1215.3273820143081,9.012432,0.046455972,1.6673615760676737
1215.3373354864923,9.15891,0.046830736,1.6663571043309817
1215.3472889586765,9.159111,0.046833552,1.665330713788067
1215.3572424308607,9.330769,0.047276814,1.6642880754965441
1215.3671959030448,9.454359,0.047585636,1.6632314951589167
1215.377149375229,9.487079,0.047668725,1.6621631884651347
1215.3871028474132,9.716999,0.048243232,1.6610844823790636
1215.3970563195974,9.960892,0.04884476,1.6599978959223156
1215.4070097917815,10.228743,0.049491975,1.6589054677639172
1215.4169632639655,10.401093,0.04990528,1.6578082542309676
1215.4269167361497,10.430465,0.049972396,1.6567067185575677
1215.4368702083339,10.510056,0.050186176,1.655601151273518
1215.446823680518,10.655596,0.05059408,1.6544929867452365
1215.4567771527022,10.723764,0.050981533,1.6533839050272436
1215.4667306248864,10.6193495,0.050901763,1.6522765412577418
1215.4766840970706,10.809864,0.05194143,1.6511755320086623
1215.4866375692548,10.779592,0.05278627,1.6500849778096303
1215.496591041439,10.995216,0.05363309,1.6490088831558989
1215.506544513623,11.05805,0.05399774,1.6479511597658638
1215.5164979858073,11.142787,0.054196864,1.6469170681427605
1215.5264514579912,11.301108,0.05486398,1.6459108859130591
1215.5364049301756,11.390859,0.05485011,1.644933946465272
1215.5463584023596,11.381023,0.054351106,1.6439903106857792
1215.5563118745438,11.2835245,0.054522056,1.6430854139710127
1215.566265346728,11.379517,0.055151798,1.6422326010383932
1215.5762188189121,11.267145,0.054808486,1.6414319073558588
1215.5861722910963,11.088934,0.05468622,1.6406885780241018
1215.5961257632805,10.976122,0.054486096,1.640006906827345
1215.6060792354647,10.924869,0.05406419,1.6393968626811528
1215.6160327076489,11.003901,0.0544384,1.6388576684427196
1215.625986179833,11.155495,0.055636987,1.6383860668330779
1215.6359396520172,11.11979,0.056146696,1.6379813809153465
1215.6458931242014,11.138516,0.055440195,1.6376447169843984
1215.6558465963853,10.914905,0.054264307,1.6373788244150806
1215.6658000685695,10.82851,0.053672727,1.637173730859487
1215.6757535407537,10.690403,0.053602863,1.637026870015318
1215.6857070129379,10.55083,0.05296836,1.6369355214027095
1215.695660485122,10.48613,0.05279444,1.6369038218415901
1215.7056139573062,10.434285,0.053251427,1.6369236386640889
1215.7155674294904,10.478378,0.052956667,1.6369920332991552
1215.7255209016746,10.326885,0.052354783,1.637107597513849
1215.7354743738588,10.328219,0.052341647,1.637272185002812
1215.745427846043,10.216769,0.051950075,1.6374851657913627
1215.7553813182271,10.009492,0.051231846,1.6377414889321358
1215.765334790411,9.846331,0.05079942,1.6380400705225964
1215.7752882625953,9.77485,0.05084833,1.638380172996225
1215.7852417347794,9.561557,0.050768808,1.6387664089466143
1215.7951952069636,9.687743,0.051419567,1.6391918996616042
1215.8051486791478,9.596872,0.05118731,1.6396559233768595
1215.815102151332,9.401794,0.050295748,1.6401578210123653
1215.8250556235162,9.239442,0.049838558,1.640700674731522
1215.8350090957003,9.265832,0.0505408,1.641282236835604
1215.8449625678845,9.110818,0.05021383,1.6419000250794886
1215.8549160400687,9.071688,0.05037151,1.6425536829021934
1215.8648695122529,9.098406,0.0505315,1.6432442254062902
1215.8748229844368,8.9609785,0.05070056,1.6439741696127728
1215.884776456621,9.0672035,0.05157255,1.6447390868753813
1215.8947299288052,8.909693,0.051585365,1.645538763922495
1215.9046834009894,8.850057,0.051833346,1.6463730125206752
1215.9146368731735,8.635238,0.050950907,1.647246113019824
1215.9245903453577,8.49926,0.050340287,1.6481542842085175
1215.934543817542,8.304965,0.04984461,1.6490964707519489
1215.944497289726,8.1206255,0.048769522,1.6500724662960131
1215.9544507619103,7.7985997,0.04725543,1.6510842745733112
1215.9644042340944,7.399575,0.04531149,1.652132261057685
1215.9743577062786,7.1846867,0.04418803,1.6532131727974013
1215.9843111784626,6.99869,0.043816395,1.6543267091800689
1215.9942646506468,6.8799024,0.04366324,1.6554726834773148
1216.004218122831,6.58792,0.042015523,1.6566553571673022
1216.0141715950151,6.404834,0.04073541,1.657869498156776
1216.0241250671993,6.345156,0.040775858,1.659114756692877
1216.0340785393835,6.075203,0.03972377,1.6603908311274322
1216.0440320115677,5.858069,0.03858277,1.6617003944967004
1216.0539854837518,5.695359,0.037969325,1.663041982813178
1216.063938955936,5.511212,0.037361443,1.664413417711602
1216.0738924281202,5.287822,0.036436345,1.6658141875538903
1216.0838459003044,4.996159,0.034968704,1.6672445703133612
1216.0937993724883,4.9144993,0.03441948,1.6687061791379332
1216.1037528446725,4.713795,0.033717375,1.6701948430818063
1216.1137063168567,4.658748,0.03351722,1.671710025617424
1216.1236597890409,4.460699,0.032805886,1.6732514489317214
1216.133613261225,4.267741,0.03209373,1.6748224298565861
1216.1435667334092,4.0776563,0.03137552,1.6764208449467963
1216.1535202055934,3.8763585,0.030599538,1.6780464212451418
1216.1634736777776,3.7731671,0.03018951,1.6796997220782517
1216.1734271499618,3.614749,0.0295519,1.6813829689072755
1216.183380622146,3.41763,0.028744102,1.6830973927919353
1216.19333409433,3.3169413,0.028319634,1.684840439080567
1216.203287566514,3.3034306,0.028264796,1.6866120843978236
1216.2132410386982,3.191524,0.027789265,1.688412255733785
1216.2231945108824,3.0838785,0.027319372,1.6902452602758111
1216.2331479830666,3.017476,0.027023796,1.6921068763007054
1216.2431014552508,2.8568892,0.026299758,1.6939972730966937
1216.253054927435,2.7249918,0.025690066,1.6959168006172485
1216.2630083996191,2.5352683,0.024790568,1.6978685622236958
1216.2729618718033,2.4457328,0.024355117,1.6998523111119992
1216.2829153439875,2.2747502,0.023494337,1.7018662289394049
1216.2928688161717,2.1553605,0.022875253,1.703910066012404
1216.3028222883559,2.009672,0.022099582,1.705983894430565
1216.3127757605398,1.8591598,0.02126501,1.7080893564662383
1216.322729232724,1.7660682,0.020732712,1.7102212840264617
1216.3326827049082,1.6711806,0.020172527,1.7123781864309602
1216.3426361770923,1.6111748,0.019813016,1.7145586604022875
1216.3525896492765,1.5149926,0.019217374,1.7167642294436023
1216.3625431214607,1.4583546,0.018859249,1.718992729069159
1216.3724965936449,1.3640821,0.018247101,1.7212436927365253
1216.382450065829,1.3028332,0.01783979,1.7235180884179482
1216.3924035380132,1.182233,0.017003408,1.7258185971358417
1216.4023570101974,1.1129147,0.016503632,1.728148054659531
1216.4123104823816,1.034032,0.015916744,1.7305049678324542
1216.4222639545656,0.9972319,0.015633883,1.732890011811402
1216.4322174267497,0.86599493,0.014585525,1.7353033941712002
1216.442170898934,0.8267531,0.014259358,1.737748884294236
1216.452124371118,0.70581406,0.013190527,1.740222211032591
1216.4620778433023,0.6286045,0.0124623105,1.742722270771058
1216.4720313154864,0.58320355,0.012013149,1.7452479771655685
1216.4819847876706,0.4887994,0.011015904,1.7477996617608809
1216.4919382598548,0.42394745,0.010278538,1.750374859225135
1216.501891732039,0.38020113,0.009738589,1.7529693105360589
1216.5118452042232,0.31128722,0.008836161,1.755580521152895
1216.5217986764073,0.24593817,0.007876434,1.7582063543133513
1216.5317521485913,0.20105097,0.0071421005,1.760846153334671
1216.5417056207757,0.15960304,0.006384942,1.7634968815423409
1216.5516590929597,0.11785514,0.0055167377,1.7661579946618162
1216.5616125651438,0.090739846,0.0048661963,1.768829223533169
1216.571566037328,0.06999616,0.0042971494,1.7715111989750074
1216.5815195095122,0.0555628,0.0038490032,1.7742025189550044
1216.5914729816964,0.03759544,0.003201008,1.7769013922969135
1216.6014264538805,0.027468193,0.0027620879,1.7796061092621847
1216.6113799260647,0.01966043,0.0023631311,1.782314908352984
1216.621333398249,0.017846873,0.0022538095,1.7850260401303866
1216.631286870433,0.015820807,0.0021333918,1.7877380223369033
1216.641240342617,0.012314891,0.0019004147,1.7904503540893697
1216.6511938148014,0.013061074,0.0019578182,1.7931630286757911
1216.6611472869854,0.012294305,0.0019058342,1.795876413145002
1216.6711007591696,0.010568285,0.001774282,1.798590912186095
1216.6810542313538,0.01051334,0.0017793273,1.8013068716669502
1216.691007703538,0.010803436,0.0017928076,1.804024528271924
1216.7009611757221,0.010011248,0.0017313992,1.8067440912650534
1216.7109146479063,0.0105600385,0.0017717963,1.8094655708554925
1216.7208681200905,0.0072742915,0.0015017473,1.8121886851322409
1216.7308215922747,0.006274782,0.001412175,1.8149131943448327
1216.7407750644588,0.006521512,0.0014285587,1.817638770769816
1216.750728536643,0.008794417,0.0016293043,1.820364966729823
1216.7606820088272,0.00528365,0.0013067451,1.8230911103308145
1216.7706354810111,0.008307125,0.0015959992,1.8258165718152553
1216.7805889531953,0.006577146,0.001442186,1.8285407454069396
1216.7905424253795,0.006319113,0.0014314327,1.8312629734075414
1216.8004958975637,0.0042914147,0.001211972,1.833982924452834
1216.8104493697479,0.005806801,0.0013618652,1.8367003840478306
1216.820402841932,0.0073254616,0.0015014779,1.8394148107555535
1216.8303563141162,0.0053088195,0.0013094519,1.8421251208415965
1216.8403097863004,0.004081946,0.0011775402,1.844828839324669
1216.8502632584846,0.0038232694,0.0011470258,1.8475244652875484
1216.8602167306688,0.0035651515,0.0011018702,1.850209911070383
1216.870170202853,0.0048412792,0.0012916364,1.8528832995221434
1216.8801236750369,0.0050867563,0.0012927607,1.8555415651001481
1216.890077147221,0.004590766,0.0012321632,1.8581851269258671
1216.9000306194052,0.004351658,0.0012203521,1.8608148616162714
1216.9099840915894,0.002840007,0.0010274614,1.8634317282818875
1216.9199375637736,0.0068718516,0.0014626334,1.866036801046105
1216.9298910359578,0.0041217804,0.0011838017,1.868631903398428
1216.939844508142,0.0038570405,0.001153905,1.8712202712956272
1216.9497979803261,0.005630137,0.0013521031,1.873803545126587
1216.9597514525103,0.0043846774,0.0012035607,1.876382864006553
1216.9697049246945,0.0044007413,0.0012389292,1.8789585305905758
1216.9796583968787,0.0031534024,0.0010797038,1.881531344869451
1216.9896118690626,0.0031417867,0.0010687809,1.88410146655823
1216.9995653412468,0.003147912,0.0010868188,1.8866688642056997
1217.009518813431,0.0021679404,0.00097713,1.8892331874323334
1217.0194722856152,0.0039136126,0.0011784628,1.891794168233029
1217.0294257577993,0.0034455115,0.0011005722,1.8943517895515356
1217.0393792299835,0.0031754037,0.0010697428,1.8969057105947424
1217.0493327021677,0.0026821748,0.0010727416,1.8994555232752977
1217.0592861743519,0.0042048744,0.001199183,1.9020001380282752
1217.069239646536,0.0029443558,0.0010297436,1.9045398933822089
1217.0791931187202,0.0044564,0.0012254205,1.9070744883663804
1217.0891465909044,0.0019481898,0.0008825252,1.9096036024005243
1217.0991000630884,0.00370912,0.001133353,1.912126247966761
1217.1090535352726,0.0029685425,0.0010537938,1.9146421496188752
1217.1190070074567,0.0029487067,0.0010470126,1.9171512850241976
1217.128960479641,0.004986493,0.0012846108,1.919653397222088
1217.138913951825,0.0032311778,0.0010722027,1.9221482577419136
1217.1488674240093,0.0027242776,0.0010218106,1.9246354554971918
1217.1588208961934,0.0026935062,0.0009885591,1.9271162786585694
1217.1687743683776,0.0019538011,0.00092015817,1.929591012141894
1217.1787278405618,0.0017193136,0.00089489826,1.9320597495440293
1217.188681312746,0.0054914416,0.0013405915,1.9345215400143232
1217.1986347849302,0.0022385323,0.00094159023,1.936976389750112
1217.2085882571141,0.0025034645,0.0009764024,1.939423978613379
1217.2185417292983,0.0039940597,0.0011804767,1.9418637257356666
1217.2284952014825,0.0025078002,0.000980608,1.944294623172582
1217.2384486736667,0.0035067643,0.0011120569,1.94671558096845
1217.2484021458508,0.0032646721,0.0010810186,1.949127093123522
1217.258355618035,0.0014965498,0.0008261583,1.9515288454323856
1217.2683090902192,0.001998021,0.0009056914,1.953920645647588
1217.2782625624034,0.001990601,0.0009183796,1.9563011646653696
1217.2882160345875,0.0032709856,0.0010916285,1.9586720952148196
1217.2981695067717,0.0012603576,0.0007877601,1.9610342959241638
1217.308122978956,0.005035028,0.0012896782,1.9633886405121226
1217.3180764511399,0.0025277443,0.0010181891,1.9657355596126238
1217.328029923324,0.0010133032,0.000780586,1.9680756423573011
1217.3379833955082,0.0030264647,0.0010474613,1.9704092096608727
1217.3479368676924,0.0035302935,0.0011237214,1.9727351712269248
1217.3578903398766,0.0033036717,0.0011018789,1.9750516551386443
1217.3678438120608,0.0015364806,0.0008204291,1.9773542782869042
1217.377797284245,0.0012838291,0.0008099474,1.9796424325256787
1217.387750756429,0.0030346885,0.0010626975,1.981914661971253
1217.3977042286133,0.00079240144,0.00069177605,1.9841706559346841
1217.4076577007975,0.0007782417,0.00073499087,1.9864100087896708
1217.4176111729817,0.0017886267,0.0008732546,1.9886353440066924
1217.4275646451656,0.0025443155,0.0009820308,1.9908498384636617
1217.4375181173498,0.003552026,0.0011317382,1.9930555733025659
1217.447471589534,0.0012961369,0.0007960771,1.9952539840429353
1217.4574250617181,0.0018040085,0.00086610334,1.9974454326214295
1217.4673785339023,0.0025627024,0.0010261746,1.9996310671178081
1217.4773320060865,0.0023147105,0.0010173309,2.0018109020675836
1217.4872854782707,0.002048683,0.00093466265,2.0039849558514353
1217.4972389504549,0.0007989406,0.00075051206,2.0061528906843717
1217.507192422639,-0.00046475386,0.00051751005,2.0083160028554117
1217.5171458948232,0.0010360517,0.000720249,2.010475875163836
1217.5270993670074,0.0013010745,0.0008058879,2.0126343274510887
1217.5370528391913,0.001300405,0.00079645956,2.0147935429266344
1217.5470063113758,0.002057969,0.000937727,2.0169560069314185
1217.5569597835597,0.0015684837,0.0008216946,2.0191232257666214
1217.5669132557439,0.0013266476,0.0008184061,2.021296378382782
1217.576866727928,0.0008108403,0.00070919027,2.023476270854514
1217.5868202001122,0.0020717762,0.00095942395,2.0256644261867276
1217.5967736722964,0.0010845771,0.0007870615,2.027860513790044
1217.6067271444806,0.0020772936,0.0009249825,2.0300649244193134
1217.6166806166648,0.0013249974,0.0007810641,2.0322784789349004
1217.626634088849,0.0005713259,0.00071882154,2.034503102114142
1217.6365875610331,0.0013195795,0.0008359867,2.0367409744510128
1217.646541033217,0.0020747087,0.0009360687,2.038993155106545
1217.6564945054015,0.0025725842,0.001018734,2.0412620129731325
1217.6664479775854,0.0013348376,0.00077614345,2.04355046627025
1217.6764014497696,0.0005643988,0.000683964,2.0458663733407167
1217.6863549219538,0.0005690649,0.00065815286,2.0482108703480084
1217.696308394138,0.001315907,0.00077266037,2.050586264542843
1217.7062618663222,0.002566816,0.0010152663,2.0529886341842563
1217.7162153385063,0.0020697112,0.0009233773,2.055404808590223
1217.7261688106905,0.00080789335,0.00072245026,2.0578118098631832
1217.7361222828747,5.000116e-05,0.00053481734,2.060188694637919
1217.7460757550589,0.0017902756,0.000866652,2.0625183415961432
1217.756029227243,0.0018035516,0.0008662411,2.0647882587896595
1217.7659826994272,0.00054558757,0.0006742187,2.066984067751518
1217.7759361716112,0.00078574795,0.00072602305,2.069112519008944
1217.7858896437954,0.002057846,0.00094279903,2.071172755939421
1217.7958431159796,0.0025603874,0.0009905315,2.0731639158970943
1217.8057965881637,0.0010632159,0.0007704049,2.0750772694330633
1217.815750060348,0.0008099113,0.0007451529,2.076914027630292
1217.825703532532,0.00055910356,0.0006927511,2.0786756247551397
1217.8356570047163,0.0010682156,0.00080138084,2.0803598864908226
1217.8456104769004,0.0018171233,0.0008676509,2.081962827093469
1217.8555639490846,0.0018342222,0.00090388727,2.0834792741501014
1217.8655174212688,-0.00017889559,0.00058042386,2.084924987694896
1217.875470893453,0.00056684704,0.00073676195,2.0863105304030025
1217.885424365637,0.0018184177,0.00087548024,2.0876499603850682
1217.8953778378211,0.0013234069,0.00082208385,2.088957002684648
1217.9053313100053,0.0005735712,0.0006419165,2.0902488029956716
1217.9152847821895,0.0018311035,0.0009313294,2.091531830392668
1217.9252382543737,0.00056457974,0.00068630563,2.092805868022232
1217.9351917265578,0.0010713511,0.00074515684,2.0940667857202406
1217.945145198742,0.0015706819,0.0008227196,2.0953089813031345
1217.9550986709262,0.0010831996,0.00081590936,2.096530266530705
1217.9650521431104,0.0023225246,0.0009791714,2.0977277473916525
1217.9750056152945,0.0013443056,0.0008022789,2.0988993589076217
1217.9849590874787,0.002340043,0.0009548013,2.100039936039411
1217.9949125596627,-0.0001760309,0.00055704464,2.1011520264818295
1218.0048660318469,0.00032150547,0.0006267669,2.1022360504605535
1218.014819504031,0.0005854541,0.00071674836,2.103292488248988
1218.0247729762152,0.0010808925,0.00079387816,2.104320725518026
1218.0347264483994,-0.00017134259,0.0005676764,2.1053226157733964
1218.0446799205836,-0.0004382454,0.0005476093,2.10630290812544
1218.0546333927678,0.00034965595,0.00072685315,2.107264506146569
1218.064586864952,0.0016654299,0.0009246642,2.1082109168109655
1218.074540337136,0.0014106383,0.00085765234,2.109145515264827
1218.0844938093203,0.0016715664,0.0009301019,2.1100759308183914
1218.0944472815045,0.0016832792,0.00096209283,2.1110079119006366
1218.1044007536884,0.000102096834,0.00071778434,2.1119472912044395
1218.1143542258726,-0.00014457069,0.00063202187,2.1129009014780076
1218.1243076980568,0.0009069198,0.0007661268,2.113873748204192
1218.134261170241,0.00040132288,0.00074185093,2.1148681340652438
1218.1442146424251,0.000914833,0.0007983716,2.1158859618344428
1218.1541681146093,0.0017166657,0.0010005719,2.116928022920509
1218.1641215867935,0.00042073996,0.0007406436,2.117995658617124
1218.1740750589777,0.00039062908,0.00072838843,2.1190823211959446
1218.1840285311619,0.0009428734,0.00084019086,2.120182754895527
1218.193982003346,0.00068365916,0.00077081117,2.121289935782004
1218.2039354755302,0.0014477702,0.00089757354,2.1223949631811485
1218.2138889477142,-0.0001231749,0.00063522835,2.1234886171234364
1218.2238424198983,0.0025296197,0.0010688549,2.124563893582435
1218.2337958920825,0.00069079205,0.00076133857,2.125614962827241
1218.2437493642667,0.0006771178,0.0007614785,2.1266364344791895
1218.2537028364509,0.002284374,0.0010195757,2.1276218777912184
1218.263656308635,0.00093721,0.0007928825,2.128572996665299
1218.2736097808192,0.00069012534,0.00076043175,2.1294882829513724
1218.2835632530034,0.0014499411,0.00088082097,2.1303664245085083
1218.2935167251876,0.001471104,0.0009235755,2.13120141263646
1218.3034701973718,0.00015083201,0.0006628837,2.131994608228165
1218.313423669556,0.00066705694,0.0007426105,2.132745943731085
1218.32337714174,0.0014571542,0.0008537956,2.1334538427668583
1218.333330613924,0.00068044884,0.0007457678,2.1341146521329404
1218.3432840861083,0.0006858937,0.00071573537,2.1347239484232023
1218.3532375582924,0.0014812923,0.0009506223,2.1352853559687435
1218.3631910304766,0.00039811674,0.0007357729,2.13579758108969
1218.3731445026608,0.0009392364,0.0008063403,2.13625933065082
1218.383097974845,0.0009490567,0.0007968059,2.136662396941359
1218.3930514470292,0.00068656466,0.00074224354,2.1370111584315454
1218.4030049192133,0.0009604484,0.0007961912,2.137305814543444
1218.4129583913975,0.0012279964,0.0008803246,2.1375454520465134
1218.4229118635817,0.00178555,0.0009440195,2.1377259717074475
1218.4328653357657,0.00071337103,0.0007549846,2.137845438182404
1218.4428188079498,0.0009956184,0.0008447906,2.1379096917765112
1218.452772280134,0.0010119346,0.0008435328,2.1379199029860354
1218.4627257523182,0.001007524,0.00085589744,2.1378778350217598
1218.4726792245024,0.00018826756,0.00065204524,2.1377792841334284
1218.4826326966866,0.001265104,0.0009192782,2.1376354784370983
1218.4925861688707,0.0018286471,0.0010190639,2.1374519745580707
1218.502539641055,0.0026202004,0.0011108154,2.13723443389471
1218.512493113239,0.0023069426,0.0010506489,2.13698710618889
1218.5224465854233,0.0004507218,0.0007025268,2.136717278870612
1218.5324000576074,0.0014864246,0.0008961847,2.1364335595490043
1218.5423535297914,0.00045046944,0.00072898477,2.1361425328500934
1218.5523070019756,0.0012260522,0.00088362064,2.1358504977496784
1218.5622604741598,0.00070753746,0.00076845643,2.135564489761674
1218.572213946344,0.0014569433,0.0008967101,2.135289093445859
1218.5821674185281,0.0022281648,0.0010255649,2.1350279395659104
1218.5921208907123,0.00045391312,0.0006889351,2.1347836370021467
1218.6020743628965,0.0027391107,0.0010443165,2.1345593220361114
1218.6120278350807,0.000694046,0.0007153414,2.134354931146972
1218.6219813072648,0.0011942153,0.0008364358,2.1341688046823135
1218.631934779449,0.0021942097,0.0009902777,2.134000225593777
1218.6418882516332,0.0019313275,0.0008988435,2.1338487741763705
1218.6518417238171,0.0019401615,0.0009193143,2.1337157047809145
1218.6617951960015,0.0011699578,0.00080480706,2.1335983945320187
1218.6717486681855,0.000933042,0.0007736871,2.1334966043892507
1218.6817021403697,0.0016821475,0.0008998407,2.133410151113748
1218.6916556125539,0.00043248796,0.0007130429,2.1333403610831674
1218.701609084738,0.0014338577,0.00084114436,2.1332862699814577
1218.7115625569222,0.0022073754,0.00094489416,2.1332468769193147
1218.7215160291064,0.0022180856,0.0009413661,2.133221978833374
1218.7314695012906,0.0017079113,0.00085708115,2.1332117752589066
1218.7414229734748,0.0004574511,0.000636942,2.133217204229156
1218.751376445659,0.0012033695,0.00080578105,2.1332361355364826
1218.7613299178429,0.0017035373,0.0008592879,2.1332680880187347
1218.7712833900273,0.0014487471,0.0008747621,2.1333124806878923
1218.7812368622112,0.0009411779,0.0007527434,2.1333699191367343
1218.7911903343954,0.0024723895,0.0010211287,2.1334388226689787
1218.8011438065796,0.0022089316,0.00095101865,2.133518145132333
1218.8110972787638,0.0014575628,0.0008744252,2.1336074220803214
1218.821050750948,0.00420583,0.0012147654,2.1337068246692468
1218.8310042231321,0.0022223762,0.0009859421,2.133817081296315
1218.8409576953163,0.0016986782,0.0009027936,2.133937487398293
1218.8509111675005,0.0057271654,0.0014014903,2.1340685968983215
1218.8608646396847,0.0034733126,0.0011297525,2.1342110970191266
1218.8708181118689,0.0027237018,0.0010193194,2.1343673547908235
1218.880771584053,0.004216449,0.0012186738,2.1345370442747478
1218.890725056237,0.0019792006,0.00093888957,2.134720382225616
1218.9006785284212,0.0047343257,0.0012901112,2.134917732530445
1218.9106320006053,0.0034826468,0.0011358019,2.135130064277268
1218.9205854727895,0.007496402,0.0015646237,2.1353580733549666
1218.9305389449737,0.001998577,0.0009385904,2.1356002167921817
1218.9404924171579,0.003971806,0.0012100294,2.135856228505185
1218.950445889342,0.0034834717,0.0011313482,2.136125746996017
1218.9603993615262,0.0034693,0.0011182309,2.136410097916811
1218.9703528337104,0.003715216,0.0011592048,2.1367073573536466
1218.9803063058946,0.004467851,0.0012634689,2.1370170630868524
1218.9902597780788,0.003972704,0.0011870245,2.1373390862724455
1219.0002132502627,0.004228365,0.0012372873,2.137674201276401
1219.010166722447,0.006471125,0.0014627202,2.1380227611053293
1219.020120194631,0.0034818891,0.0011204323,2.1383837387288396
1219.0300736668153,0.004971414,0.0013091897,2.138757101579917
1219.0400271389994,0.0062350356,0.0014354571,2.1391427049531657
1219.0499806111836,0.004976623,0.001313674,2.139541964764738
1219.0599340833678,0.0047323597,0.001277344,2.1399527883114895
1219.069887555552,0.008495003,0.0016445725,2.1403746924824607
1219.0798410277362,0.0054971217,0.0013612729,2.1408073194900195
1219.0897944999203,0.006494728,0.0014621988,2.1412511774439267
1219.0997479721045,0.005224725,0.0013314204,2.141706155086773
1219.1097014442885,0.007206979,0.0015567044,2.142171445308357
1219.1196549164727,0.0054739444,0.0013631828,2.1426470993798805
1219.1296083886568,0.0074758767,0.0015602602,2.1431332255079054
1219.139561860841,0.008757717,0.0016725872,2.143631390206219
1219.1495153330252,0.005500337,0.0013744045,2.1441400619957003
1219.1594688052094,0.0058383904,0.0014294041,2.1446592482939293
1219.1694222773936,0.006894322,0.0015648978,2.1451889755693
1219.1793757495777,0.00955674,0.0018044078,2.1457301911935636
1219.189329221762,0.0064943396,0.0015793237,2.14628283319938
1219.199282693946,0.008374407,0.0017320001,2.1468463168660046
1219.2092361661303,0.008416624,0.0017673961,2.1474207550245707
1219.2191896383142,0.0062992177,0.0015775255,2.148006375548669
1219.2291431104984,0.006619513,0.001613925,2.1486045975762327
1219.2390965826826,0.008485137,0.0017670962,2.149213839816135
1219.2490500548668,0.011634611,0.0021072687,2.1498340110368575
1219.259003527051,0.009314427,0.0018710375,2.1504650032024126
1219.2689569992351,0.010132528,0.0019521033,2.1511076893244154
1219.2789104714193,0.012342539,0.0021134343,2.151761587535462
1219.2888639436035,0.0072461576,0.0016841135,2.1524260184847757
1219.2988174157877,0.0143669015,0.002220973,2.1531009571659987
1219.3087708879718,0.008552231,0.0017833515,2.153786638097268
1219.318724360156,0.011220046,0.0020590906,2.1544841890885422
1219.32867783234,0.012480802,0.0021641382,2.1551922119081213
1219.3386313045241,0.015957654,0.0024082684,2.1559105884584007
1219.3485847767083,0.013311824,0.0022437372,2.156639088192428
1219.3585382488925,0.0146067375,0.002267961,2.1573783132039424
1219.3684917210767,0.014844124,0.0023059074,2.1581272360162718
1219.3784451932609,0.012926198,0.0021964228,2.158884931728577
1219.388398665445,0.01695463,0.0024416607,2.159651070809913
1219.3983521376292,0.01192815,0.0022601194,2.1604257387312864
1219.4083056098134,0.014568166,0.002463969,2.161209701751568
1219.4182590819976,0.015918558,0.0025615483,2.1620021007619945
1219.4282125541818,0.015259095,0.0025141332,2.1628030448041566
1219.4381660263657,0.017253576,0.002655131,2.1636125261119172
1219.4481194985499,0.01526509,0.002512614,2.16443119003345
1219.458072970734,0.01726894,0.0026533569,2.165257824085285
1219.4680264429182,0.016910145,0.0026340506,2.166091152031553
1219.4779799151024,0.017617065,0.0026783322,2.166929878968267
1219.4879333872866,0.018270249,0.0027217634,2.1677722947337537
1219.4978868594708,0.022281123,0.0029748501,2.168615995211537
1219.507840331655,0.016947685,0.0026321416,2.1694583728986045
1219.5177938038391,0.017255526,0.002659863,2.1702974456172455
1219.5277472760233,0.016935257,0.0026304733,2.1711319960257223
1219.5377007482075,0.017934809,0.0026985204,2.1719612891099036
1219.5476542203915,0.022594905,0.0029941867,2.1727868454200974
1219.5576076925756,0.017945755,0.002698778,2.1736108457056216
1219.5675611647598,0.025621425,0.0031700165,2.17443594534007
1219.577514636944,0.022639992,0.0029983835,2.175265550088898
1219.5874681091282,0.019968316,0.002831645,2.1761037065244775
1219.5974215813123,0.025647564,0.0031704186,2.1769524905573605
1219.6073750534965,0.02431843,0.0030963847,2.1778137510001767
1219.6173285256807,0.02865598,0.0033358068,2.178688410585181
1219.6272819978649,0.021643026,0.0029378503,2.179578152206993
1219.637235470049,0.021287749,0.0029169943,2.180481134620609
1219.6471889422332,0.022302454,0.0029749386,2.181396343061844
1219.6571424144172,0.024272718,0.0030947342,2.1823230380839123
1219.6670958866016,0.026978683,0.0032477146,2.18326094977987
1219.6770493587856,0.03104036,0.0034591206,2.184209461585627
1219.6870028309697,0.023328276,0.003037904,2.18516642080462
1219.696956303154,0.026309723,0.0032101918,2.1861305444330847
1219.706909775338,0.02532326,0.00315525,2.1871004747046694
1219.7168632475223,0.03203315,0.0035100805,2.1880754649126817
1219.7268167197064,0.026693055,0.003231443,2.1890541070005387
1219.7367701918906,0.023657154,0.0030613455,2.1900358895027003
1219.7467236640748,0.033053737,0.0035604138,2.191020657524109
1219.756677136259,0.023673639,0.003062219,2.1920084703355673
1219.766630608443,0.02601338,0.0031928031,2.1929990960151646
1219.7765840806273,0.029340012,0.0033739684,2.1939917444878194
1219.7865375528113,0.032374993,0.0035314888,2.1949857392467997
1219.7964910249955,0.02974551,0.003393431,2.1959804270184997
1219.8064444971797,0.030036705,0.0034101417,2.196975463247145
1219.8163979693638,0.0313885,0.0034788714,2.1979710639361723
1219.826351441548,0.03608526,0.0037092648,2.198967881575395
1219.8363049137322,0.032431174,0.0035318204,2.19996676123878
1219.8462583859164,0.031076603,0.003462708,2.2009687974120085
1219.8562118581006,0.033070106,0.0035621573,2.201974914357752
1219.8661653302847,0.032400686,0.00353276,2.2029853350051063
1219.876118802469,0.036433633,0.0037257578,2.2040003435013156
1219.886072274653,0.037460897,0.0037703554,2.205020093652074
1219.896025746837,0.042775616,0.0040127644,2.206045363551295
1219.9059792190212,0.041159876,0.0039422354,2.2070756424848694
1219.9159326912054,0.03858284,0.0037623502,2.2081110039373395
1219.9258861633896,0.033027012,0.003505024,2.209151552179276
1219.9358396355738,0.04061101,0.003368458,2.2101977059080413
1219.945793107758,0.041610397,0.0034040054,2.2112495453028793
1219.9557465799421,0.045435015,0.0035459707,2.212306603437883
1219.9657000521263,0.046201475,0.003572009,2.2133687945031593
1219.9756535243105,0.04418276,0.0034979915,2.214436010596018
1219.9856069964947,0.04793111,0.003633418,2.215508793161564
1219.9955604686788,0.050245233,0.0037131002,2.216586263680405
1220.0055139408628,0.047943067,0.0036354847,2.2176681680643098
1220.015467413047,0.04620238,0.003573621,2.2187541942371354
1220.0254208852311,0.04140642,0.003396509,2.2198440491282567
1220.0353743574153,0.047463823,0.0036183135,2.220936699808944
1220.0453278295995,0.046959378,0.0036007133,2.2220302981969566
1220.0552813017837,0.052483898,0.003793774,2.2231223075596196
1220.0652347739679,0.052498367,0.0037963185,2.2242089350188707
1220.075188246152,0.047497265,0.003620443,2.2252824420578845
1220.0851417183362,0.047459457,0.0036197403,2.2263377322260665
1220.0950951905204,0.05222588,0.0037870381,2.227368929454237
1220.1050486627046,0.047010805,0.0036034295,2.2283716834388327
1220.1150021348885,0.05477204,0.003871191,2.229341904530034
1220.1249556070727,0.053045962,0.003814221,2.230280969571812
1220.1349090792569,0.052017808,0.0037799156,2.2311944920474396
1220.144862551441,0.0543071,0.0038568967,2.2320873784770696
1220.1548160236252,0.056081396,0.003914317,2.232965711801662
1220.1647694958094,0.054525156,0.0038671407,2.2338365529929534
1220.1747229679936,0.05436233,0.0038579074,2.234709506869056
1220.1846764401778,0.0726637,0.0044251806,2.23559175436505
1220.194629912362,0.05965444,0.00403117,2.2364887177922035
1220.2045833845461,0.054566927,0.003866529,2.237404994960632
1220.2145368567303,0.05983514,0.004039477,2.2383410074045678
1220.2244903289143,0.06770026,0.0042804144,2.239293950417962
1220.2344438010985,0.063658655,0.0041570603,2.2402614293910204
1220.2443972732826,0.06262501,0.0041278433,2.2412409909550584
1220.2543507454668,0.067730345,0.0042784307,2.242231490226458
1220.264304217651,0.066461176,0.004240273,2.2432297110879587
1220.2742576898352,0.068625204,0.004310037,2.244234424504125
1220.2842111620193,0.07478251,0.004487185,2.245244643701005
1220.2941646342035,0.069734015,0.0043422636,2.246259788449291
1220.3041181063877,0.07074889,0.004371326,2.2472788044089587
1220.3140715785719,0.077504486,0.004566428,2.248300739005003
1220.324025050756,0.06503443,0.00419989,2.2493251978333126
1220.33397852294,0.07245754,0.004420999,2.2503521317431354
1220.3439319951242,0.077275164,0.0045592734,2.251382099281616
1220.3538854673084,0.08179946,0.004685228,2.2524150147027764
1220.3638389394926,0.07431849,0.004477141,2.2534508322040137
1220.3737924116767,0.0720559,0.004408335,2.254488987779931
1220.383745883861,0.08177162,0.00468356,2.2555281386481316
1220.393699356045,0.081639774,0.004678375,2.2565659156943423
1220.4036528282293,0.08436719,0.004752687,2.257599883217842
1220.4136063004134,0.07985864,0.004631694,2.2586276560767566
1220.4235597725976,0.08031718,0.0046460084,2.259647208770417
1220.4335132447818,0.08541026,0.004782178,2.260656264724026
1220.4434667169658,0.07538251,0.004504364,2.2616564163300366
1220.45342018915,0.07528929,0.0045030685,2.2626491013055294
1220.4633736613341,0.09466639,0.0050223507,2.263636690950251
1220.4733271335183,0.08470806,0.0047639203,2.264622109337945
1220.4832806057025,0.08541792,0.0047820047,2.2656087027946272
1220.4932340778867,0.094657816,0.0050259824,2.2665986572128625
1220.5031875500708,0.085532345,0.004784772,2.267593046326587
1220.513141022255,0.08362392,0.0047361874,2.268591760481316
1220.5230944944392,0.09194418,0.004954968,2.2695932192872164
1220.5330479666234,0.09707616,0.0050840513,2.2705938557768497
1220.5430014388076,0.10207158,0.005208679,2.271589985030945
1220.5529549109915,0.099397905,0.005141324,2.2725778811729196
1220.5629083831757,0.094279066,0.0050144903,2.2735531139430925
1220.5728618553599,0.107893825,0.0053480202,2.274513930018471
1220.582815327544,0.093599096,0.004997489,2.275461361605787
1220.5927687997282,0.09626471,0.0050653443,2.276397335034778
1220.6027222719124,0.09429554,0.0050152526,2.2773247300620767
1220.6126757440966,0.09373276,0.005003091,2.2782462563099055
1220.6226292162808,0.09908235,0.005136291,2.279164410446448
1220.632582688465,0.0998229,0.0051542227,2.2800780329789365
1220.6425361606491,0.09788202,0.0051032254,2.2809829916085147
1220.6524896328333,0.10229269,0.0052148825,2.28187081889633
1220.6624431050172,0.105634354,0.0052959193,2.2827338806276583
1220.6723965772017,0.10192832,0.0052042278,2.283567766160468
1220.6823500493856,0.10916819,0.005378169,2.2843689903465787
1220.6923035215698,0.12069379,0.005647277,2.2851353238672387
1220.702256993754,0.10877727,0.0053714425,2.285862082302459
1220.7122104659381,0.10470471,0.005272816,2.286554604123991
1220.7221639381223,0.10712576,0.0053333873,2.2872132702006147
1220.7321174103065,0.11147253,0.005433661,2.2878380596434305
1220.7420708824907,0.11092553,0.005422169,2.288426073495389
1220.7520243546749,0.107975304,0.005350974,2.28897985170583
1220.761977826859,0.11339593,0.0054802992,2.2895040671686138
1220.771931299043,0.113766685,0.0054866164,2.290002032545146
1220.7818847712274,0.117030725,0.0055594463,2.290477211890035
1220.7918382434113,0.112943135,0.0054687136,2.2909317915002902
1220.8017917155955,0.1200048,0.005630933,2.2913725756691643
1220.8117451877797,0.124087,0.0057219476,2.2918030277129517
1220.8216986599639,0.12957264,0.005844156,2.292226387307732
1220.831652132148,0.118149616,0.0055880733,2.2926457970200556
1220.8416056043322,0.114512384,0.0055045728,2.2930657243349617
1220.8515590765164,0.1220308,0.0056753396,2.293490886677974
1220.8615125487006,0.12132431,0.005659542,2.293926465540006
1220.8714660208848,0.12055781,0.0056419233,2.294378590024546
1220.881419493069,0.12327702,0.005704836,2.2948566982474263
1220.8913729652531,0.13036779,0.0058602407,2.2953630281703314
1220.901326437437,0.12739657,0.005794324,2.295900917446966
1220.9112799096213,0.12943232,0.005836339,2.296471866353195
1220.9212333818055,0.12684655,0.0057834946,2.297078392034193
1220.9311868539896,0.1326226,0.005908915,2.2977173814553753
1220.9411403261738,0.13597162,0.005979732,2.2983832049638657
1220.951093798358,0.13475646,0.005952013,2.2990708663228974
1220.9610472705422,0.13343756,0.0059254565,2.299774879856579
1220.9710007427263,0.14001887,0.0060612694,2.3004901355764162
1220.9809542149105,0.13394956,0.005936151,2.3012093568540504
1220.9909076870947,0.14000368,0.006063072,2.301927719187871
1221.0008611592789,0.14577211,0.006184209,2.3026409055417982
1221.0108146314628,0.15590633,0.0063871574,2.303344204456023
1221.020768103647,0.14187832,0.006101836,2.304034534441194
1221.0307215758312,0.15032114,0.006275419,2.3047105106890085
1221.0406750480154,0.15640487,0.0063974354,2.305370811294842
1221.0506285201996,0.15421028,0.0063526896,2.306014586050849
1221.0605819923837,0.1567177,0.006400765,2.306640018195341
1221.070535464568,0.14664645,0.006199335,2.307250752604249
1221.080488936752,0.15137585,0.006296027,2.307848772530356
1221.0904424089363,0.15124997,0.0062991306,2.308436861815709
1221.1003958811204,0.14839953,0.0062400005,2.309018403321628
1221.1103493533046,0.16372755,0.0065402053,2.309598462663908
1221.1203028254886,0.14366448,0.006141157,2.3101810762156187
1221.1302562976728,0.14605619,0.0061905663,2.31076850994561
1221.140209769857,0.16645524,0.006593262,2.3113617512588367
1221.1501632420411,0.15270509,0.006326687,2.311961242141886
1221.1601167142253,0.15822016,0.0064345887,2.312565207739833
1221.1700701864095,0.16524057,0.00657138,2.3131726165765576
1221.1800236585937,0.17061415,0.006672286,2.3137826310088228
1221.1899771307778,0.1585573,0.0064399904,2.3143949742298306
1221.199930602962,0.16296466,0.006526506,2.315009705168544
1221.2098840751462,0.1672626,0.0066083036,2.315627162032982
1221.2198375473304,0.174867,0.006751303,2.31624801021994
1221.2297910195143,0.1605534,0.0064801015,2.316872977784683
1221.2397444916985,0.15491293,0.006371475,2.31750337373885
1221.2496979638827,0.16150777,0.0064990516,2.3181389990844425
1221.2596514360669,0.16050214,0.0064776833,2.3187801206668883
1221.269604908251,0.16072659,0.0064826305,2.3194269169412776
1221.2795583804352,0.1739633,0.0067383326,2.320079969697932
1221.2895118526194,0.16535714,0.0065747383,2.3207393298373464
1221.2994653248036,0.16477194,0.006563061,2.3214046348869513
1221.3094187969878,0.18286768,0.006919913,2.322075875586438
1221.319372269172,0.18539116,0.0070103775,2.3227529995263256
1221.3293257413561,0.18037407,0.0069353785,2.3234366959025365
1221.33927921354,0.18190563,0.007111101,2.3241259774421286
1221.3492326857242,0.18145311,0.0071464493,2.3248207051049112
1221.3591861579084,0.18735982,0.007358872,2.3255207549099275
1221.3691396300926,0.18999456,0.007437378,2.3262263839264166
1221.3790931022768,0.17765512,0.007279422,2.3269374307660096
1221.389046574461,0.18754423,0.007528238,2.3276533571839977
1221.3990000466451,0.18643719,0.007582102,2.3283739721495484
1221.4089535188293,0.17182665,0.007272762,2.329099063007215
1221.4189069910135,0.20599498,0.008020546,2.32982899751907
1221.4288604631977,0.20202154,0.007963411,2.3305629687772447
1221.4388139353819,0.18676247,0.0077026645,2.3313008477577495
1221.4487674075658,0.195874,0.007865977,2.33204259230139
1221.45872087975,0.1990534,0.008033108,2.3327885175884067
1221.4686743519342,0.19297056,0.007941157,2.3335387832609134
1221.4786278241183,0.20676208,0.008105341,2.334293243501223
1221.4885812963025,0.19952343,0.007907536,2.33505204114654
1221.4985347684867,0.20988338,0.00814926,2.3358152939049757
1221.5084882406709,0.20923343,0.00821089,2.3365837146307338
1221.518441712855,0.18870759,0.007734683,2.3373566583455
1221.5283951850392,0.21344993,0.008205391,2.3381338621691024
1221.5383486572234,0.20547505,0.00799214,2.338914741755515
1221.5483021294076,0.22860411,0.008436097,2.3396980821212567
1221.5582556015916,0.21935526,0.008356592,2.340480971065684
1221.5682090737757,0.2044295,0.008025769,2.341259063635219
1221.57816254596,0.19868757,0.008341806,2.342026565786731
1221.588116018144,0.19660176,0.008304515,2.342776633558816
1221.5980694903283,0.20980833,0.008563952,2.343498043731668
1221.6080229625125,0.20809068,0.008532067,2.3441879190562838
1221.6179764346966,0.20374922,0.008447191,2.3448433804076454
1221.6279299068808,0.21429054,0.008648726,2.3454636690342023
1221.637883379065,0.20429537,0.008458921,2.3460485346576267
1221.6478368512492,0.20674348,0.008507304,2.346601490656543
1221.6577903234333,0.22014755,0.008769708,2.3471307030610276
1221.6677437956173,0.21661663,0.008697893,2.3476422840466618
1221.6776972678015,0.21104862,0.008593577,2.34814333562868
1221.6876507399857,0.2104886,0.00858006,2.348642469671259
1221.6976042121698,0.20168571,0.008407011,2.3491489659441664
1221.707557684354,0.2191933,0.008748074,2.3496696824012266
1221.7175111565382,0.2074848,0.008518724,2.3502095972670953
1221.7274646287224,0.2321962,0.008995681,2.3507723009954393
1221.7374181009066,0.22673847,0.0088910125,2.351357736807569
1221.7473715730907,0.201378,0.008400337,2.3519605157403443
1221.757325045275,0.22289988,0.0088198455,2.352576152961258
1221.767278517459,0.22534586,0.008865264,2.353199694014928
1221.777231989643,0.24707253,0.009270616,2.353825532476815
1221.7871854618274,0.23653778,0.009077656,2.354446958831562
1221.7971389340114,0.25495458,0.009410115,2.355057631093575
1221.8070924061956,0.24960971,0.009315544,2.355650975225437
1221.8170458783798,0.24180898,0.009177747,2.3562197008574124
1221.826999350564,0.23895279,0.009122202,2.3567579867021657
1221.8369528227481,0.23506163,0.009053325,2.357267485761711
1221.8469062949323,0.23886295,0.009119876,2.357749759623651
1221.8568597671165,0.24341096,0.009206593,2.358208885477782
1221.8668132393007,0.23240232,0.009004822,2.358649748434502
1221.8767667114848,0.24747998,0.009282833,2.359082843505071
1221.8867201836688,0.2690947,0.009665249,2.3595171624204725
1221.8966736558532,0.24167988,0.009174737,2.359960638584844
1221.9066271280371,0.23848793,0.009115494,2.360420669087418
1221.9165806002213,0.24508497,0.009239441,2.360903226982953
1221.9265340724055,0.24226122,0.009184385,2.3614075436057553
1221.9364875445897,0.24480098,0.009232293,2.3619330998940717
1221.9464410167739,0.25292802,0.009379963,2.3624784906652545
1221.956394488958,0.2536438,0.009392205,2.3630439561264005
1221.9663479611422,0.23789296,0.009105498,2.3636264412052186
1221.9763014333264,0.25188503,0.00936203,2.364224163174638
1221.9862549055106,0.2617039,0.009535813,2.3648362271830035
1221.9962083776948,0.25863877,0.009485468,2.365462336144521
1222.006161849879,0.26319206,0.009562304,2.3661027970416
1222.016115322063,0.25846907,0.009476477,2.3667554832929145
1222.026068794247,0.27647173,0.009792394,2.367419861716193
1222.0360222664312,0.27694657,0.009801395,2.36809542112078
1222.0459757386154,0.23601392,0.009070604,2.3687827300669926
1222.0559292107996,0.2531699,0.009387176,2.369480565369663
1222.0658826829838,0.25401977,0.009401264,2.370187985901491
1222.075836155168,0.281938,0.009885556,2.3709045542037814
1222.0857896273521,0.27220175,0.009722758,2.3716301009907617
1222.0957430995363,0.27523023,0.009388668,2.372365050379757
1222.1056965717205,0.26689717,0.009245907,2.3731080709408143
1222.1156500439047,0.26620632,0.009235535,2.3738589363547
1222.1256035160886,0.26866442,0.008330779,2.3746174671574916
1222.1355569882728,0.27492097,0.008417993,2.3753842582367772
1222.145510460457,0.26885626,0.008329743,2.3761589016954554
1222.1554639326412,0.25986022,0.0081927,2.3769409982342813
1222.1654174048253,0.26482758,0.008265614,2.3777305939025517
1222.1753708770095,0.2839046,0.008551986,2.3785279150085734
1222.1853243491937,0.29533216,0.008717521,2.3793339788113044
1222.1952778213779,0.2963552,0.0087333275,2.3801479366082887
1222.205231293562,0.27406278,0.008407664,2.3809699254302923
1222.2151847657462,0.2986235,0.008764525,2.3818000559191312
1222.2251382379304,0.30263165,0.008824455,2.3826391388746635
1222.2350917101144,0.28289315,0.008539419,2.383487031111809
1222.2450451822986,0.2875022,0.008608279,2.384343276707436
1222.2549986544827,0.28083706,0.008509413,2.3852079165548012
1222.264952126667,0.27944168,0.0084904935,2.386081067737403
1222.274905598851,0.2913297,0.0086640185,2.3869638840701923
1222.2848590710353,0.30019107,0.0087904185,2.3878551958666008
1222.2948125432195,0.29515597,0.008718554,2.3887549929076077
1222.3047660154036,0.30502537,0.00885808,2.3896632392587427
1222.3147194875878,0.29292333,0.008686804,2.390580531983187
1222.324672959772,0.31202364,0.008957653,2.3915067419416034
1222.3346264319562,0.30929345,0.008920682,2.3924412612257044
1222.3445799041401,0.30781826,0.008898173,2.3933841361999972
1222.3545333763243,0.29922214,0.008778922,2.3943355070080434
1222.3644868485085,0.30132815,0.008806311,2.395296981708471
1222.3744403206927,0.30497655,0.008858846,2.3962677349839385
1222.3843937928768,0.30115262,0.008808223,2.397248301579883
1222.394347265061,0.30244836,0.0088264765,2.398239268256841
1222.4043007372452,0.29318398,0.008693308,2.399241935845029
1222.4142542094294,0.30448267,0.0088535175,2.4002566438969772
1222.4242076816136,0.31050983,0.008938774,2.4012819149760953
1222.4341611537977,0.3107794,0.0089444285,2.402316324479055
1222.444114625982,0.30642396,0.008880041,2.4033575109958356
1222.4540680981659,0.30597305,0.008874169,2.4044023405764414
1222.46402157035,0.30852976,0.00891131,2.405446541366583
1222.4739750425342,0.31436428,0.008992316,2.4064867653189674
1222.4839285147184,0.33138826,0.009227158,2.4075198517835554
1222.4938819869026,0.31628662,0.009019176,2.408541950221611
1222.5038354590868,0.31133267,0.00895176,2.4095488257971818
1222.513788931271,0.3083755,0.008910013,2.4105381039499565
1222.5237424034551,0.3102417,0.008938488,2.4115064565705597
1222.5336958756393,0.3113523,0.008952825,2.412451188836239
1222.5436493478235,0.31016412,0.008934026,2.4133676382339884
1222.5536028200077,0.31884888,0.009055707,2.4142590431787325
1222.5635562921916,0.31236997,0.008966251,2.4151279776400343
1222.5735097643758,0.33772317,0.009314198,2.415978090085208
1222.58346323656,0.33190498,0.009233225,2.416813913383646
1222.5934167087441,0.31064323,0.008942324,2.417641751312468
1222.6033701809283,0.31629017,0.009021512,2.418469124270651
1222.6133236531125,0.32445106,0.009134337,2.4193018423013135
1222.6232771252967,0.33746627,0.009311619,2.420144774708625
1222.6332305974809,0.316759,0.009028249,2.42100298036051
1222.643184069665,0.32538098,0.009148073,2.421876416810981
1222.6531375418492,0.3300905,0.009209778,2.4227636738946794
1222.6630910140334,0.31685334,0.009030188,2.42366302068681
1222.6730444862173,0.3127052,0.008970771,2.4245731944662348
1222.6829979584015,0.34672362,0.009435702,2.4254939833518163
1222.6929514305857,0.33841053,0.009325096,2.4264242083729304
1222.70290490277,0.3235669,0.009122335,2.4273643135661738
1222.712858374954,0.3372857,0.00930901,2.4283149380636972
1222.7228118471382,0.3401478,0.009346853,2.4292778899910497
1222.7327653193224,0.34462875,0.009408415,2.4302529264457906
1222.7427187915066,0.33739522,0.009311826,2.431239578709735
1222.7526722636908,0.34368446,0.009394383,2.4322376266881074
1222.762625735875,0.34360245,0.009394575,2.4332469081644814
1222.7725792080591,0.3486828,0.009462403,2.4342679338277775
1222.782532680243,0.34695655,0.009440109,2.435298880519983
1222.7924861524275,0.36403036,0.009663865,2.4363393830569122
1222.8024396246115,0.35716432,0.00957356,2.4373891880104237
1222.8123930967956,0.35926226,0.009602769,2.4384489952728017
1222.8223465689798,0.36105016,0.009627184,2.4395184918256456
1222.832300041164,0.3613652,0.009630006,2.44059726305945
1222.8422535133482,0.3799669,0.009869758,2.4416855047180945
1222.8522069855323,0.36984465,0.00973841,2.442783584547477
1222.8621604577165,0.36810222,0.009717785,2.443893117905493
1222.8721139299007,0.34528145,0.009419614,2.4450130155329157
1222.8820674020849,0.35070187,0.009491596,2.4461435176884
1222.8920208742688,0.3512499,0.009497962,2.4472848323269445
1222.9019743464532,0.3569792,0.00957482,2.4484380333193614
1222.9119278186372,0.3450563,0.009416497,2.4496032836386687
1222.9218812908214,0.34108937,0.009366045,2.4507800953507597
1222.9318347630056,0.35555655,0.009554143,2.4519688993511277
1222.9417882351897,0.36624524,0.009695813,2.453170333721594
1222.951741707374,0.3513838,0.009500623,2.4543874873438303
1222.961695179558,0.35879675,0.0095981965,2.4556198065020016
1222.9716486517423,0.36709666,0.009707111,2.45686876449557
1222.9816021239265,0.37726066,0.009836576,2.4581358746553206
1222.9915555961106,0.40494946,0.010182565,2.4594236255329855
1223.0015090682948,0.38964295,0.009994471,2.4607324220799205
1223.011462540479,0.38594952,0.009946254,2.4620585977673457
1223.021416012663,0.38281393,0.009907842,2.4633980636032917
1223.0313694848471,0.37810585,0.009847182,2.464744611872597
1223.0413229570313,0.39811733,0.010098191,2.466089541483088
1223.0512764292155,0.37559637,0.0098160645,2.467424730878186
1223.0612299013997,0.39990166,0.010120247,2.468743937043302
1223.0711833735838,0.3833839,0.009915463,2.4700421181071985
1223.081136845768,0.38361183,0.009918263,2.471314282920116
1223.0910903179522,0.37484226,0.009805114,2.4725571472861314
1223.1010437901364,0.39909694,0.01010974,2.4737738639289066
1223.1109972623206,0.3869192,0.009958477,2.474967326192408
1223.1209507345047,0.3993252,0.010116439,2.47614264589983
1223.1309042066887,0.40289044,0.0101569,2.4773054629947064
1223.1408576788729,0.3846399,0.009931671,2.4784639917675837
1223.150811151057,0.38198647,0.00990024,2.4796238771657615
1223.1607646232412,0.37962565,0.009868909,2.4807890460038493
1223.1707180954254,0.4005831,0.010132965,2.48196237672746
1223.1806715676096,0.39723593,0.010092079,2.4831461367350127
1223.1906250397938,0.39898983,0.010113968,2.4843398505160055
1223.200578511978,0.41358384,0.010293446,2.485543542210182
1223.2105319841621,0.41086382,0.010260299,2.4867569665838904
1223.2204854563463,0.4120647,0.010276081,2.4879806718678172
1223.2304389285305,0.40036172,0.010131388,2.489213711553117
1223.2403924007144,0.41894966,0.010355916,2.490455462029256
1223.2503458728986,0.41565982,0.010316814,2.491705927327513
1223.2602993450828,0.4178524,0.010345287,2.4929655302651392
1223.270252817267,0.3970776,0.010089667,2.494235795878552
1223.2802062894511,0.4170541,0.010333973,2.495516188985052
1223.2901597616353,0.41289017,0.01028396,2.496807351082216
1223.3001132338195,0.4018572,0.010147777,2.498109820978388
1223.3100667060037,0.3948974,0.010063888,2.499424897472243
1223.3200201781879,0.41833887,0.01034967,2.500751992208147
1223.329973650372,0.39999145,0.010127816,2.502089530095405
1223.3399271225562,0.42366722,0.010414393,2.50343613198858
1223.3498805947402,0.4116909,0.010269785,2.504790041617535
1223.3598340669243,0.39578223,0.0100735575,2.5061498784532508
1223.3697875391085,0.41448793,0.010304412,2.5075132638364663
1223.3797410112927,0.44685218,0.010689388,2.508879413580707
1223.389694483477,0.43153578,0.010511034,2.5102483353133493
1223.399647955661,0.42969012,0.010485197,2.5116212745908117
1223.4096014278452,0.43118274,0.0105064,2.51300037332413
1223.4195549000294,0.41166332,0.010272169,2.5143877431904573
1223.4295083722136,0.4241417,0.010423543,2.515786026163769
1223.4394618443978,0.40997025,0.010250412,2.5171978754117004
1223.449415316582,0.4215778,0.010393232,2.5186280860790586
1223.459368788766,0.43698633,0.010577959,2.5200762283458906
1223.46932226095,0.42135462,0.0103895245,2.521542276961976
1223.4792757331343,0.43982133,0.010609726,2.5230249907548323
1223.4892292053185,0.42624208,0.010450227,2.524522305085344
1223.4991826775026,0.44462577,0.010666498,2.526029917475173
1223.5091361496868,0.45731175,0.010812927,2.5275417014005592
1223.519089621871,0.4398618,0.010612889,2.52905293759221
1223.5290430940552,0.45450494,0.010783459,2.530559779335603
1223.5389965662393,0.42970994,0.010491624,2.5320587518205078
1223.5489500384235,0.42029646,0.010376594,2.53355005083143
1223.5589035106077,0.43621626,0.0105678635,2.5350350062158005
1223.5688569827917,0.42727727,0.01046151,2.5365152047160464
1223.5788104549758,0.44250563,0.010643657,2.537991268658672
1223.58876392716,0.44134533,0.010631031,2.5394611283205606
1223.5987173993442,0.4303737,0.010501089,2.540921047212083
1223.6086708715284,0.4308331,0.010505333,2.5423649905316363
1223.6186243437126,0.4493924,0.01072398,2.5437862630238914
1223.6285778158967,0.45720378,0.0108158225,2.5451751764241304
1223.638531288081,0.45759916,0.010819612,2.5465281414780954
1223.648484760265,0.44517478,0.010676451,2.5478436177344332
1223.6584382324493,0.4561844,0.010805961,2.5491197595984803
1223.6683917046334,0.45453113,0.010786223,2.550354335668417
1223.6783451768174,0.4583657,0.010829517,2.55154164153822
1223.6882986490016,0.4553414,0.010793815,2.552687670016139
1223.6982521211858,0.43824974,0.0105926525,2.5537949419855805
1223.70820559337,0.44762024,0.010703717,2.554867721037969
1223.7181590655541,0.45877203,0.010832715,2.55590925486292
1223.7281125377383,0.45323265,0.010769833,2.556926443893363
1223.7380660099225,0.45976117,0.010845756,2.557925205758172
1223.7480194821067,0.45352596,0.010773421,2.5589077180936335
1223.7579729542908,0.46626857,0.010922059,2.559873986354027
1223.767926426475,0.44679552,0.01069538,2.5608193555948944
1223.7778798986592,0.47814596,0.011055846,2.5617440832566736
1223.7878333708431,0.44969186,0.01073235,2.562646456852833
1223.7977868430273,0.4791354,0.011069003,2.563525882226906
1223.8077403152115,0.45179516,0.010756423,2.5643821159717386
1223.8176937873957,0.44564158,0.0106843505,2.5652185756234935
1223.8276472595799,0.46310568,0.010885888,2.566041558659416
1223.837600731764,0.4823638,0.011106766,2.566856062628867
1223.8475542039482,0.46986088,0.010961403,2.567666575709956
1223.8575076761324,0.4652697,0.010948904,2.568476480289068
1223.8674611483166,0.46514937,0.011039913,2.5692878803380204
1223.8774146205008,0.46188277,0.01116539,2.5701014118310135
1223.887368092685,0.4603941,0.011291295,2.5709169867156527
1223.897321564869,0.47108614,0.011516774,2.5717341618593696
1223.9072750370533,0.4795111,0.011694454,2.5725524107607676
1223.9172285092372,0.48072705,0.0118498765,2.573371514349494
1223.9271819814214,0.50113004,0.01216005,2.5741918722737447
1223.9371354536056,0.4813395,0.012037554,2.575014374800936
1223.9470889257898,0.5008293,0.012282098,2.57584081942579
1223.957042397974,0.4818574,0.0121146925,2.576672575522809
1223.9669958701581,0.5107282,0.012481841,2.5775107711013927
1223.9769493423423,0.4940771,0.012276785,2.578356365424875
1223.9869028145265,0.5049942,0.012514993,2.579210199662815
1223.9968562867107,0.5014279,0.012570037,2.5800732812069667
1224.0068097588949,0.51564294,0.012729561,2.5809445643119875
1224.016763231079,0.5222806,0.012722284,2.581823837863051
1224.026716703263,0.49934065,0.0124491425,2.5827108293317473
1224.0366701754472,0.5072824,0.012700385,2.583605907913842
1224.0466236476313,0.5131996,0.012658908,2.584508494664484
1224.0565771198155,0.52231383,0.012686498,2.5854179571921923
1224.0665305919997,0.5401096,0.012892487,2.586334118509077
1224.076484064184,0.5262695,0.012728344,2.5872568961501012
1224.086437536368,0.5412062,0.012867446,2.58818701664255
1224.0963910085522,0.5208112,0.012560594,2.589123476446841
1224.1063444807364,0.51785827,0.012850992,2.5900661409276786
1224.1162979529206,0.5083122,0.012755884,2.5910148025091617
1224.1262514251048,0.49545118,0.013069208,2.59196954124468
1224.1362048972887,0.5008554,0.013140494,2.5929299553969325
1224.146158369473,0.50975966,0.013256833,2.5938952710650884
1224.156111841657,0.5388114,0.013622075,2.594865204786488
1224.1660653138413,0.518318,0.013362825,2.5958395960078335
1224.1760187860255,0.48640937,0.01295639,2.596819025070639
1224.1859722582096,0.50804394,0.013233956,2.597803116654004
1224.1959257303938,0.51330316,0.013299794,2.598792052531397
1224.205879202578,0.507767,0.013232478,2.599786106753153
1224.2158326747622,0.49589196,0.013077469,2.600785811755696
1224.2257861469463,0.507097,0.013223279,2.601791611983775
1224.2357396191305,0.4880466,0.012980441,2.6028029980615996
1224.2456930913145,0.48289883,0.012913328,2.6038198244562594
1224.2556465634987,0.49370798,0.013051691,2.6048417952912497
1224.2656000356828,0.52055347,0.013394182,2.6058690223795478
1224.275553507867,0.51035273,0.013266088,2.6069007856084863
1224.2855069800512,0.5159475,0.01333554,2.607936875222528
1224.2954604522354,0.5079435,0.013232986,2.608977596580437
1224.3054139244196,0.50914145,0.01324997,2.6100237904287327
1224.3153673966037,0.5115953,0.013281432,2.6110770905777088
1224.325320868788,0.48907772,0.01299244,2.6121378741477272
1224.335274340972,0.5403321,0.013640192,2.613207022144789
1224.3452278131563,0.5326799,0.013544167,2.614285190282781
1224.3551812853402,0.5284358,0.013492452,2.6153736690533296
1224.3651347575244,0.51822346,0.013362519,2.61647226530599
1224.3750882297086,0.53363514,0.013558465,2.617580391516994
1224.3850417018928,0.5215584,0.013407346,2.618697926877938
1224.394995174077,0.5230039,0.0134259,2.6198248478466315
1224.4049486462611,0.49870646,0.013115825,2.620962422299114
1224.4149021184453,0.5346709,0.013568632,2.6221095195169544
1224.4248555906295,0.54770714,0.013729033,2.6232664574338833
1224.4348090628137,0.5491783,0.013752206,2.624433688628187
1224.4447625349978,0.5576712,0.013853078,2.6256126413216623
1224.454716007182,0.55587083,0.01383122,2.6268043738782487
1224.464669479366,0.5393996,0.013629644,2.628009093927786
1224.4746229515501,0.54838485,0.01374026,2.629228168948198
1224.4845764237343,0.5403574,0.013642864,2.6304632767446114
1224.4945298959185,0.54457974,0.013695724,2.631718906189918
1224.5044833681027,0.53871953,0.0136212045,2.6329945084258415
1224.5144368402869,0.51745,0.013356524,2.63428970924935
1224.524390312471,0.57565194,0.014071794,2.63560230119101
1224.5343437846552,0.5479876,0.013736884,2.6369280588816464
1224.5442972568394,0.52741235,0.01348609,2.6382594713869203
1224.5542507290236,0.54363483,0.01368491,2.6395873872606868
1224.5642042012078,0.5503464,0.013768499,2.640903668276892
1224.5741576733917,0.5493027,0.013758667,2.6422009380457805
1224.584111145576,0.5619592,0.013909288,2.6434696014965073
1224.59406461776,0.5416935,0.013664163,2.6447062713310627
1224.6040180899442,0.55784523,0.013859703,2.645909150000906
1224.6139715621284,0.583018,0.014162558,2.647077223698559
1224.6239250343126,0.55898404,0.013874775,2.648211053738942
1224.6338785064968,0.5380115,0.013619086,2.6493122091315557
1224.643831978681,0.5513275,0.012965664,2.650391384399786
1224.6537854508651,0.5373401,0.012804768,2.651456221208424
1224.6637389230493,0.572128,0.012090101,2.6525145415601
1224.6736923952335,0.5308716,0.011650494,2.653573813063705
1224.6836458674175,0.5368824,0.0117148645,2.6546401210861035
1224.6935993396016,0.55492175,0.0119075505,2.6557166432066905
1224.7035528117858,0.5657152,0.012018667,2.6568055578576617
1224.71350628397,0.5671437,0.012033973,2.6579082941974566
1224.7234597561542,0.56590426,0.012018202,2.6590276479159725
1224.7334132283383,0.59216017,0.0122918645,2.6601603759243404
1224.7433667005225,0.57263386,0.012090934,2.6613031009639387
1224.7533201727067,0.56167305,0.0119780125,2.6624499904995624
1224.763273644891,0.57523566,0.012119757,2.6635926980213127
1224.773227117075,0.5770665,0.012138392,2.6647210339829153
1224.7831805892592,0.5770719,0.0121389255,2.6658274225547323
1224.7931340614432,0.57943225,0.012165199,2.666905072070472
1224.8030875336274,0.55520505,0.011912712,2.6679491188808093
1224.8130410058116,0.5475985,0.011832982,2.668952370111715
1224.8229944779957,0.556726,0.011926377,2.669919355820022
1224.83294795018,0.5775404,0.012145124,2.670854608400231
1224.842901422364,0.57921016,0.012161304,2.671763557638128
1224.8528548945483,0.598601,0.012359099,2.6726520283167816
1224.8628083667325,0.5824015,0.012195865,2.673525744421783
1224.8727618389166,0.58562845,0.012228403,2.674391270262178
1224.8827153111008,0.58040386,0.012174019,2.6752517797171045
1224.892668783285,0.5895691,0.012269439,2.676109419713278
1224.902622255469,0.57034934,0.012070987,2.676965669945168
1224.9125757276533,0.56862766,0.012054021,2.6778218585836746
1224.9225291998373,0.5732936,0.012102724,2.6786787106796206
1224.9324826720215,0.58179665,0.012189624,2.6795363332449855
1224.9424361442057,0.5742854,0.01211341,2.6803940477082557
1224.9523896163898,0.5614313,0.011979548,2.6812497637348436
1224.962343088574,0.57196087,0.012088393,2.682101179582385
1224.9722965607582,0.56789464,0.012047271,2.682945808304613
1224.9822500329424,0.5897286,0.012273931,2.683781590930765
1224.9922035051266,0.59705,0.012346939,2.6846067213559035
1225.0021569773107,0.5735884,0.012107821,2.6854215911223043
1225.0121104494947,0.59324205,0.012306138,2.6862287844692454
1225.022063921679,0.58908004,0.012266645,2.6870311043589687
1225.032017393863,0.59983414,0.012373643,2.6878319192565643
1225.0419708660472,0.5786658,0.012157784,2.6886353870145534
1225.0519243382314,0.5794689,0.012167408,2.6894445469632604
1225.0618778104156,0.5669881,0.01203873,2.6902611889307826
1225.0718312825998,0.5718413,0.012090691,2.691086019877904
1225.081784754784,0.5589781,0.011956175,2.6919190404980284
1225.0917382269681,0.572517,0.012095455,2.692759286666534
1225.1016916991523,0.56911385,0.012062141,2.6936044295226202
1225.1116451713365,0.5877026,0.012250873,2.694452900878821
1225.1215986435207,0.58365184,0.012213545,2.6953033253125014
1225.1315521157048,0.5845738,0.012222749,2.6961547157997328
1225.1415055878888,0.61485994,0.012527533,2.6970065664514817
1225.151459060073,0.5921612,0.01229977,2.6978590717861892
1225.1614125322571,0.60048044,0.012384533,2.6987129384760826
1225.1713660044413,0.61154735,0.012495591,2.699569264278909
1225.1813194766255,0.59330124,0.012311147,2.700429736967519
1225.1912729488097,0.60087365,0.012389236,2.701294977357962
1225.2012264209939,0.5918528,0.0122955665,2.702165530319762
1225.211179893178,0.58126885,0.012188974,2.7030413890684253
1225.2211333653622,0.59561974,0.012336778,2.7039220764722853
1225.2310868375464,0.597668,0.012358388,2.7048055135196507
1225.2410403097306,0.5981117,0.012359845,2.7056887131608827
1225.2509937819145,0.5991511,0.012372147,2.7065683657880104
1225.2609472540987,0.60076964,0.012387493,2.707440935763554
1225.270900726283,0.6039511,0.012420421,2.708301422544796
1225.280854198467,0.6005736,0.012397356,2.7091490815394685
1225.2908076706512,0.60050654,0.012396935,2.7099834884418996
1225.3007611428354,0.5952711,0.01234322,2.7108052556244036
1225.3107146150196,0.60408336,0.012432626,2.711615227895735
1225.3206680872038,0.6106144,0.012498429,2.712414426222862
1225.330621559388,0.60458404,0.012438008,2.713203900694684
1225.3405750315721,0.6085758,0.0124784205,2.7139817613707624
1225.3505285037563,0.6023188,0.012415044,2.7147444074793374
1225.3604819759403,0.6214875,0.01260621,2.715484947598254
1225.3704354481245,0.6025286,0.0124188475,2.716201469272904
1225.3803889203086,0.6299244,0.012692753,2.716893988450388
1225.3903423924928,0.62289906,0.01262308,2.7175638149577472
1225.400295864677,0.62213534,0.0126141235,2.718214143903781
1225.4102493368612,0.6220295,0.012612185,2.7188501374197847
1225.4202028090453,0.60675216,0.012461806,2.7194818066969773
1225.4301562812295,0.623237,0.012626153,2.7201179066269003
1225.4401097534137,0.61580753,0.012553877,2.720767162523023
1225.450063225598,0.61447024,0.012539012,2.721438940905463
1225.460016697782,0.59979445,0.012391767,2.7221370563372136
1225.469970169966,0.59158975,0.012309533,2.7228587292184927
1225.4799236421502,0.59418875,0.012335441,2.723598795338919
1225.4898771143344,0.6062087,0.0124566825,2.72434974460945
1225.4998305865186,0.6036611,0.012432538,2.7251023350106514
1225.5097840587027,0.5956643,0.012351957,2.7258479274885294
1225.519737530887,0.6057303,0.012453277,2.7265811715466066
1225.529691003071,0.6178127,0.012574471,2.727298694205576
1225.5396444752553,0.6199077,0.012595778,2.727998266034921
1225.5495979474395,0.62606853,0.012654881,2.7286803058308453
1225.5595514196236,0.6184862,0.012579191,2.729349401592579
1225.5695048918078,0.6212422,0.012609079,2.730009500051017
1225.5794583639918,0.6266935,0.012663741,2.730664720561292
1225.589411836176,0.6224869,0.012620793,2.731318456063591
1225.5993653083601,0.6224221,0.012620972,2.7319728434924957
1225.6093187805443,0.58018184,0.012193326,2.732628256167191
1225.6192722527285,0.6299925,0.01269532,2.733284379416668
1225.6292257249127,0.5905745,0.012302314,2.733940468760179
1225.6391791970968,0.6102343,0.012499876,2.7345949807306678
1225.649132669281,0.6180677,0.012578705,2.7352455616221705
1225.6590861414652,0.6083671,0.0124806175,2.735887912322534
1225.6690396136494,0.6394437,0.012790392,2.736515702429134
1225.6789930858336,0.62251085,0.01262184,2.7371182663422506
1225.6889465580175,0.59820455,0.012378242,2.7376858177947128
1225.6989000302017,0.6184506,0.012582671,2.738212653980892
1225.7088535023859,0.62379926,0.012637969,2.7386939105112917
1225.71880697457,0.6010826,0.012408712,2.739127873472711
1225.7287604467542,0.65170705,0.012911226,2.739509558064548
1225.7387139189384,0.62958384,0.012693974,2.7398491788055517
1225.7486673911226,0.6469758,0.012866047,2.7401512370274994
1225.7586208633068,0.62226003,0.01262164,2.740420526726294
1225.768574335491,0.63194543,0.012717302,2.7406616067096965
1225.7785278076751,0.6256125,0.012656243,2.74088226256207
1225.7884812798593,0.63455504,0.012743687,2.7410946650973593
1225.7984347520432,0.6337311,0.0127354115,2.7413096926736724
1225.8083882242274,0.6326078,0.012726198,2.7415380230536863
1225.8183416964116,0.64425325,0.012840908,2.741791796919697
1225.8282951685958,0.6503533,0.01290063,2.742075477714298
1225.83824864078,0.6230847,0.0126315765,2.7423895827973133
1225.8482021129641,0.64648247,0.012861723,2.7427327683906797
1225.8581555851483,0.63553625,0.012754001,2.743102553707789
1225.8681090573325,0.6361335,0.012761531,2.7434973606148274
1225.8780625295167,0.6118025,0.012519653,2.7439110002769773
1225.8880160017009,0.61625534,0.012563387,2.744341210598998
1225.897969473885,0.6426859,0.012824708,2.7447863239754895
1225.907922946069,0.62965447,0.012695486,2.7452461606521394
1225.9178764182534,0.6489225,0.012885888,2.745719565108444
1225.9278298904374,0.6430808,0.012828163,2.746204920945386
1225.9377833626215,0.6333723,0.0127346935,2.7467015317952517
1225.9477368348057,0.61688817,0.012569882,2.7472086353654
1225.95769030699,0.6156442,0.012557473,2.7477266341979933
1225.967643779174,0.6172662,0.012575739,2.7482534429150154
1225.9775972513582,0.62250334,0.012627185,2.748788334332212
1225.9875507235424,0.6300813,0.012701603,2.749330867555759
1225.9975041957266,0.63583636,0.01275965,2.7498811523140345
1226.0074576679108,0.65501946,0.012946267,2.7504395403510773
1226.0174111400947,0.63374376,0.012737644,2.7510054086909825
1226.0273646122791,0.60540885,0.012455584,2.7515788978777196
1226.037318084463,0.63420373,0.012742792,2.7521601216641804
1226.0472715566473,0.6370416,0.012772047,2.7527499401711446
1226.0572250288315,0.63536924,0.012754948,2.7533478426460034
1226.0671785010156,0.6196639,0.012601109,2.7539534266469214
1226.0771319731998,0.6381774,0.012782304,2.7545666214604765
1226.087085445384,0.62409985,0.012645971,2.7551874998592654
1226.0970389175682,0.6540716,0.012938422,2.7558170010556333
1226.1069923897523,0.6294891,0.012699668,2.756454307807271
1226.1169458619365,0.64000374,0.012801132,2.7570997052406754
1226.1268993341207,0.64690304,0.0128686195,2.7577535632828196
1226.136852806305,0.6546997,0.01294457,2.7584169481232172
1226.1468062784888,0.6589712,0.012987043,2.7590902764636875
1226.156759750673,0.670451,0.013096428,2.75977303662453
1226.1667132228572,0.6645057,0.013041195,2.7604652047882277
1226.1766666950414,0.6443219,0.012843992,2.7611665911838017
1226.1866201672256,0.676929,0.013158403,2.7618779931314723
1226.1965736394097,0.6678224,0.013070318,2.76259802899333
1226.206527111594,0.68062073,0.013194751,2.7633262323385073
1226.216480583778,0.675083,0.013140406,2.764062385719509
1226.2264340559623,0.6622421,0.01302085,2.764806662662381
1226.2363875281465,0.6451041,0.012852043,2.765559541184772
1226.2463410003306,0.6682702,0.013077813,2.766320147486447
1226.2562944725146,0.64624053,0.012863649,2.7670884096922963
1226.2662479446988,0.66567636,0.0130531555,2.7678641956861307
1226.276201416883,0.65393364,0.012937639,2.7686480025682405
1226.2861548890671,0.6466217,0.012866907,2.7694392998757076
1226.2961083612513,0.67878586,0.013179426,2.7702376040757515
1226.3060618334355,0.644568,0.012848489,2.77104292166185
1226.3160153056197,0.6516496,0.012917334,2.771855428132248
1226.3259687778038,0.6609275,0.013007618,2.772676443923812
1226.335922249988,0.65851897,0.012985499,2.7735053142030437
1226.3458757221722,0.6394375,0.0127991345,2.7743424128545096
1226.3558291943564,0.6494157,0.012896215,2.7751880785633185
1226.3657826665403,0.6463425,0.012866503,2.7760431161398356
1226.3757361387245,0.6552026,0.012952102,2.7769078451999856
1226.3856896109087,0.6528251,0.0129304025,2.77778127799797
1226.3956430830929,0.63530076,0.012759827,2.7786627353482074
1226.405596555277,0.66175294,0.01301956,2.7795508584163784
1226.4155500274612,0.6541807,0.012947461,2.7804435211984426
1226.4255034996454,0.65859085,0.0131213255,2.7813365871226488
1226.4354569718296,0.6781216,0.013479399,2.7822261183493966
1226.4454104440138,0.6582057,0.013493855,2.7831086283691304
1226.455363916198,0.6844128,0.0138405925,2.7839811687315845
1226.4653173883821,0.7094381,0.014186529,2.784841248760352
1226.475270860566,0.6845162,0.0140858255,2.7856907294882283
1226.4852243327502,0.6823815,0.014189288,2.786531530015801
1226.4951778049344,0.6884404,0.014359422,2.7873666730880537
1226.5051312771186,0.69053257,0.014406879,2.7882006195659232
1226.5150847493028,0.7003156,0.014655718,2.789039587547781
1226.525038221487,0.71876276,0.014879699,2.7898892410950604
1226.5349916936711,0.70737857,0.014647788,2.790754752600004
1226.5449451658553,0.71481454,0.014872866,2.7916396586654297
1226.5548986380395,0.7027499,0.014779678,2.792546918787386
1226.5648521102237,0.69086176,0.014742171,2.793469923836414
1226.5748055824079,0.71956044,0.014883945,2.7944020601165374
1226.5847590545918,0.6910569,0.014692747,2.795335602554242
1226.594712526776,0.70054096,0.014794362,2.7962619085068705
1226.6046659989602,0.674088,0.014532743,2.797171694572822
1226.6146194711444,0.7040193,0.014713408,2.7980601232314446
1226.6245729433285,0.69128174,0.014598698,2.798922956280592
1226.6345264155127,0.692211,0.014570619,2.7997577422881337
1226.644479887697,0.7108585,0.0147367455,2.8005613904814934
1226.654433359881,0.71825516,0.014727711,2.801338421379132
1226.6643868320652,0.7018233,0.014482401,2.802094797962864
1226.6743403042494,0.7025805,0.014989189,2.802836444155668
1226.6842937764336,0.6695138,0.015159072,2.803569760841145
1226.6942472486176,0.691718,0.015404061,2.804301164737846
1226.7042007208017,0.6506297,0.014947747,2.8050357471197342
1226.714154192986,0.67029107,0.01516833,2.8057761510373993
1226.72410766517,0.6507409,0.014951063,2.806523799098018
1226.7340611373543,0.7017241,0.015513267,2.807279690960609
1226.7440146095385,0.6646384,0.0151059395,2.808043711021159
1226.7539680817226,0.7030909,0.015528303,2.8088145957363455
1226.7639215539068,0.68667006,0.015349733,2.8095915099958537
1226.773875026091,0.69217634,0.015409747,2.8103736057474853
1226.7838284982752,0.6708967,0.015176922,2.811160694959043
1226.7937819704593,0.678409,0.015259053,2.811952067664539
1226.8037354426433,0.7054653,0.015555274,2.812747751670848
1226.8136889148275,0.6949715,0.015441649,2.8135480773253896
1226.8236423870117,0.67634296,0.015236685,2.8143534665645964
1226.8335958591958,0.693367,0.015424973,2.815164253853736
1226.84354933138,0.6727087,0.015195781,2.815979249693161
1226.8535028035642,0.6773414,0.015248363,2.8167974376749254
1226.8634562757484,0.67544556,0.015228551,2.8176176319530164
1226.8734097479326,0.6592238,0.015047284,2.8184387261217303
1226.8833632201167,0.6611751,0.015071843,2.819259910716197
1226.893316692301,0.7004918,0.0155023085,2.8200811057651785
1226.903270164485,0.67599046,0.015235834,2.8209027951974797
1226.913223636669,0.67613345,0.01523698,2.8217258585181715
1226.9231771088532,0.66580564,0.015123086,2.822551879246824
1226.9331305810374,0.66907316,0.01515951,2.823381790630888
1226.9430840532216,0.67603177,0.015237618,2.824216437356159
1226.9530375254058,0.71985424,0.015713345,2.825056409349334
1226.96299099759,0.7037991,0.015540882,2.825902299278863
1226.9729444697741,0.7009815,0.0155115025,2.8267545232655475
1226.9828979419583,0.71305805,0.015640488,2.8276124665087994
1226.9928514141425,0.7030992,0.015533204,2.828476018876301
1227.0028048863267,0.68474776,0.015332533,2.8293450570042586
1227.0127583585108,0.696488,0.015462567,2.830219998158324
1227.0227118306948,0.6943242,0.01543756,2.831100473992448
1227.0326653028792,0.7225833,0.015743062,2.8319862137641927
1227.0426187750631,0.666068,0.015129368,2.832877214908052
1227.0525722472473,0.6977532,0.015477469,2.8337735214568793
1227.0625257194315,0.6850703,0.015337435,2.834675766132294
1227.0724791916157,0.6848653,0.015335722,2.835583140962272
1227.0824326637999,0.6944871,0.01544249,2.836495494915493
1227.092386135984,0.6799947,0.015284113,2.837412648090015
1227.1023396081682,0.6948848,0.015446373,2.838334693949674
1227.1122930803524,0.7296124,0.015820961,2.8392615760945694
1227.1222465525366,0.6808277,0.015294158,2.840192857818568
1227.1322000247205,0.66020834,0.015065529,2.8411285418413326
1227.142153496905,0.67047495,0.015178862,2.84206868657767
1227.152106969089,0.663832,0.015105282,2.843013934343907
1227.162060441273,0.686023,0.015351468,2.843964079856143
1227.1720139134572,0.7065674,0.015575319,2.84491912969058
1227.1819673856414,0.6864966,0.01535552,2.845879156002804
1227.1919208578256,0.66110706,0.015078067,2.8468441887535962
1227.2018743300098,0.6674932,0.015146984,2.84781425934856
1227.211827802194,0.6702281,0.014054152,2.8487880451429515
1227.2217812743781,0.68480474,0.013252516,2.8497644894187473
1227.2317347465623,0.66111445,0.013025416,2.850742316364676
1227.2416882187465,0.6864458,0.013268533,2.8517201410160267
1227.2516416909307,0.68057275,0.013212008,2.852696731146575
1227.2615951631146,0.6712112,0.013122826,2.853671559638453
1227.2715486352988,0.66730833,0.013082466,2.854644621990717
1227.281502107483,0.6648794,0.013062372,2.8556164188062776
1227.2914555796672,0.6746376,0.013157159,2.8565879108437677
1227.3014090518514,0.68987685,0.013299889,2.8575604771269316
1227.3113625240355,0.6691302,0.013104262,2.858535337266687
1227.3213159962197,0.6734231,0.013145324,2.8595136020765435
1227.331269468404,0.6968506,0.0133678485,2.8604963538994697
1227.341222940588,0.66153556,0.013031116,2.8614847050023235
1227.3511764127722,0.6461743,0.0128823295,2.862478582799667
1227.3611298849564,0.6749435,0.013161995,2.863478262217374
1227.3710833571404,0.66521513,0.013067622,2.864483959405026
1227.3810368293246,0.68618405,0.0132691655,2.865496414329996
1227.3909903015087,0.68719316,0.013277048,2.8665155780373865
1227.400943773693,0.68247855,0.01323338,2.8675411479995105
1227.410897245877,0.6931132,0.013334289,2.8685730591031846
1227.4208507180613,0.6761687,0.013172137,2.869611108771216
1227.4308041902455,0.6761118,0.013173094,2.8706557274770175
1227.4407576624296,0.70837134,0.013529083,2.8717056964030414
1227.4507111346138,0.7108217,0.013575318,2.8727606464442403
1227.460664606798,0.67325974,0.013315615,2.8738203279097054
1227.4706180789822,0.6680501,0.013608636,2.874884871511971
1227.4805715511661,0.6740332,0.013908808,2.8759546096708104
1227.4905250233503,0.69196117,0.0140324375,2.8770293329893644
1227.5004784955345,0.7021506,0.014261817,2.8781092986222947
1227.5104319677187,0.7143701,0.014563406,2.87919467493542
1227.5203854399028,0.7045252,0.014629573,2.8802859267706693
1227.530338912087,0.69266105,0.014556388,2.8813822803822
1227.5402923842712,0.69772744,0.0149389645,2.882482597798759
1227.5502458564554,0.67996377,0.01499174,2.883585415219402
1227.5601993286396,0.70835125,0.01566507,2.8846886431038588
1227.5701528008237,0.70860445,0.015402013,2.8857887590517337
1227.580106273008,0.69214666,0.01538958,2.886882435747486
1227.5900597451919,0.6819134,0.015254591,2.8879662131319663
1227.600013217376,0.67688316,0.014934964,2.8890371839071194
1227.6099666895602,0.6752785,0.014959666,2.890092599068183
1227.6199201617444,0.69945747,0.015190275,2.891131674335694
1227.6298736339286,0.6875326,0.014998249,2.8921568524651122
1227.6398271061128,0.7141281,0.015224468,2.8931703853234034
1227.649780578297,0.6792355,0.015045731,2.8941754098546917
1227.6597340504811,0.7161223,0.015444684,2.895175270467877
1227.6696875226653,0.70179844,0.015101278,2.8961743181356105
1227.6796409948495,0.68464607,0.014792509,2.897175340482574
1227.6895944670337,0.7096691,0.015013762,2.8981799534120056
1227.6995479392176,0.72507447,0.015172493,2.8991888527444187
1227.7095014114018,0.71969205,0.015258846,2.9002023024086085
1227.719454883586,0.71699697,0.015060195,2.9012195689402165
1227.7294083557701,0.69591635,0.014741476,2.902240902218357
1227.7393618279543,0.67786807,0.014742518,2.9032671401095587
1227.7493153001385,0.695649,0.014763472,2.9043001466030938
1227.7592687723227,0.7071826,0.0148986075,2.9053416374566394
1227.7692222445069,0.6745822,0.014745927,2.906392143134898
1227.779175716691,0.69611573,0.014984101,2.9074521505144046
1227.7891291888752,0.6931921,0.014838085,2.908521547575831
1227.7990826610594,0.7222243,0.015225335,2.9096006886015697
1227.8090361332434,0.6839842,0.0147557845,2.9106877789948293
1227.8189896054275,0.70595986,0.014773495,2.9117817469085603
1227.8289430776117,0.7147282,0.014856747,2.912881885703959
1227.838896549796,0.7057499,0.014868823,2.9139878842683857
1227.84885002198,0.67901,0.014465222,2.915100155925326
1227.8588034941642,0.7129636,0.014889206,2.9162183776181734
1227.8687569663484,0.7033977,0.014806202,2.9173432031125333
1227.8787104385326,0.715306,0.015077297,2.9184754419363452
1227.8886639107168,0.7376194,0.01520617,2.9196163749933417
1227.898617382901,0.7273757,0.015056797,2.9207658363891285
1227.9085708550851,0.7252446,0.01465054,2.921922103902708
1227.918524327269,0.75433177,0.014630617,2.923082967290249
1227.9284777994533,0.74780244,0.014459823,2.924245354218981
1227.9384312716375,0.71212816,0.013719561,2.9254051231902896
1227.9483847438216,0.7196752,0.0135933,2.9265589991466747
1227.9583382160058,0.7272316,0.0136616845,2.9277047228003203
1227.96829168819,0.72058743,0.0136014,2.9288411373523595
1227.9782451603742,0.71099865,0.013511315,2.929968043321336
1227.9881986325584,0.7185679,0.013582019,2.9310864633359413
1227.9981521047425,0.70882744,0.013492685,2.9321999145399253
1228.0081055769267,0.7286307,0.013677371,2.933311102150711
1228.018059049111,0.7031569,0.013440848,2.9344225112571185
1228.0280125212948,0.71175295,0.013521521,2.93553631410827
1228.0379659934792,0.7214199,0.013611509,2.9366535962067686
1228.0479194656632,0.6974816,0.013389484,2.9377742829112043
1228.0578729378474,0.68164057,0.013238338,2.938897788755985
1228.0678264100316,0.70330137,0.01344383,2.9400230573391855
1228.0777798822157,0.71516705,0.013553417,2.9411486440602337
1228.0877333544,0.70145756,0.01342586,2.9422731501102435
1228.097686826584,0.72745496,0.013667307,2.9433957089015133
1228.1076402987683,0.72339964,0.013630957,2.944515980714771
1228.1175937709525,0.70679843,0.013473806,2.9456341290963524
1228.1275472431366,0.7238331,0.013633515,2.946750997717754
1228.1375007153206,0.6927691,0.013342986,2.9478680837138214
1228.147454187505,0.6929058,0.013343825,2.948986852047735
1228.157407659689,0.7077935,0.013485891,2.950108866209749
1228.1673611318731,0.6796767,0.013219752,2.9512362624570403
1228.1773146040573,0.72340876,0.01363102,2.9523704211670405
1228.1872680762415,0.71166974,0.013521301,2.9535117488154685
1228.1972215484257,0.706268,0.013472209,2.9546600409253254
1228.2071750206098,0.69944876,0.013408101,2.9558139728173836
1228.217128492794,0.71074325,0.013514467,2.956971021881125
1228.2270819649782,0.7050613,0.013460305,2.9581270787600022
1228.2370354371624,0.7197018,0.013599094,2.9592786302494734
1228.2469889093466,0.70082736,0.013423315,2.9604223677274817
1228.2569423815307,0.7108025,0.013517064,2.9615547364142856
1228.2668958537147,0.68946344,0.013316084,2.962671436078428
1228.2768493258989,0.73691916,0.013757498,2.9637694249007014
1228.286802798083,0.71828717,0.013585685,2.964842370188289
1228.2967562702672,0.73146325,0.013707452,2.9658813281889747
1228.3067097424514,0.7373324,0.013761444,2.9668695502598017
1228.3166632146356,0.73661405,0.013755343,2.9677952125377782
1228.3266166868198,0.73260725,0.013718616,2.968649734223918
1228.336570159004,0.7271871,0.013669122,2.969422872362733
1228.3465236311881,0.73657584,0.0137553075,2.9701055918219175
1228.3564771033723,0.7296961,0.013693538,2.9706757409235025
1228.3664305755565,0.7473418,0.013855439,2.971144450173743
1228.3763840477404,0.73288125,0.013723208,2.9715141514777312
1228.3863375199246,0.7304598,0.013700591,2.9717920261142305
1228.3962909921088,0.7384575,0.013784989,2.9719859823114083
1228.406244464293,0.72622764,0.013671477,2.9721089136418835
1228.4161979364771,0.7192319,0.013607705,2.972183364065666
1228.4261514086613,0.7235765,0.013646744,2.972223290248351
1228.4361048808455,0.7271563,0.013679359,2.9722415552380643
1228.4460583530297,0.71797097,0.013596534,2.972250273939817
1228.4560118252139,0.71597016,0.01357743,2.9722623751700175
1228.465965297398,0.70913893,0.013514426,2.972286805916462
1228.4759187695822,0.6990831,0.013419259,2.972329664323827
1228.4858722417662,0.6868412,0.0133041125,2.9723939647516597
1228.4958257139504,0.7270703,0.013681856,2.972482524633347
1228.5057791861345,0.71784335,0.0135940565,2.9725899201420933
1228.5157326583187,0.6950088,0.01338073,2.972713447282331
1228.525686130503,0.73598707,0.0137627395,2.972850509223255
1228.535639602687,0.7680977,0.014055612,2.972999489149873
1228.5455930748712,0.7038137,0.013465435,2.973159071698597
1228.5555465470554,0.721857,0.013634404,2.9733273115069316
1228.5655000192396,0.7531635,0.013923016,2.9735038301381524
1228.5754534914238,0.72982883,0.013708869,2.973688834703647
1228.585406963608,0.7335409,0.013744065,2.9738843394363363
1228.595360435792,0.74096197,0.013811713,2.974091559585183
1228.605313907976,0.7616223,0.013999507,2.9743108386211667
1228.6152673801603,0.7183075,0.0136018805,2.9745409916856707
1228.6252208523445,0.7658007,0.014035379,2.974777781525843
1228.6351743245286,0.72330165,0.013647026,2.9750108857952284
1228.6451277967128,0.72282654,0.013645714,2.975226176821096
1228.655081268897,0.7233784,0.013649026,2.9754075700049447
1228.6650347410812,0.7243679,0.013659339,2.9755382844686005
1228.6749882132654,0.7291187,0.013702929,2.975598809236401
1228.6849416854495,0.7395739,0.013799777,2.9755717529320096
1228.6948951576337,0.7397157,0.01380119,2.9754564041008273
1228.7048486298177,0.7480097,0.0138770435,2.975248866790446
1228.7148021020018,0.73916775,0.01379804,2.9749482586813203
1228.724755574186,0.7592088,0.013982339,2.974547850482297
1228.7347090463702,0.76210725,0.014006113,2.9740598936152023
1228.7446625185544,0.7677168,0.014056879,2.9734990051966146
1228.7546159907386,0.74866956,0.013884611,2.972878141402035
1228.7645694629227,0.78010744,0.014166506,2.9722110858877797
1228.774522935107,0.73601717,0.013767873,2.971507329095447
1228.784476407291,0.7250427,0.013666944,2.970781812565004
1228.7944298794753,0.7128899,0.0135544725,2.970039416144894
1228.8043833516595,0.74875766,0.013886406,2.9692819474561776
1228.8143368238434,0.7417906,0.013822908,2.9685084016200873
1228.8242902960276,0.71734405,0.01359569,2.967717004020207
1228.8342437682118,0.73092884,0.0137231145,2.966908647050473
1228.844197240396,0.74310344,0.0138362935,2.9660832301383393
1228.8541507125801,0.75515586,0.01394406,2.9652410479954545
1228.8641041847643,0.7580751,0.013971928,2.964380875682718
1228.8740576569485,0.7810786,0.014178956,2.9635039659517224
1228.8840111291327,0.7202536,0.013625539,2.9626111388305736
1228.8939646013168,0.73366493,0.013746867,2.9617021178167438
1228.903918073501,0.7236104,0.013657093,2.9607763574531534
1228.9138715456852,0.725697,0.01367625,2.9598304586640842
1228.9238250178691,0.75773144,0.013969637,2.9588661986036437
1228.9337784900533,0.70782787,0.013509455,2.9578828131197814
1228.9437319622375,0.7333762,0.013748376,2.9568795803740446
1228.9536854344217,0.73300254,0.013745592,2.9558548359057384
1228.9636389066059,0.7260322,0.013681838,2.954807079308848
1228.97359237879,0.7331172,0.0137466565,2.953738117242026
1228.9835458509742,0.74759495,0.013877104,2.952647750991674
1228.9934993231584,0.7766653,0.014141662,2.9515358219597028
1229.0034527953426,0.7467671,0.013872996,2.95039999791268
1229.0134062675268,0.7443062,0.013849319,2.949241231520784
1229.023359739711,0.74246013,0.013832442,2.9480605324202585
1229.033313211895,0.7145024,0.013574084,2.9468578281620332
1229.0432666840793,0.72132957,0.013638239,2.9456330611764012
1229.0532201562633,0.7047101,0.013481138,2.9443828316604184
1229.0631736284474,0.6994068,0.013432124,2.943110325564743
1229.0731271006316,0.75921977,0.013986902,2.9418154099168894
1229.0830805728158,0.7369422,0.013781222,2.9404978412498517
1229.093034045,0.74770826,0.013883965,2.9391561536590634
1229.1029875171841,0.74843264,0.013888457,2.9377885705813926
1229.1129409893683,0.7509443,0.01391294,2.9363971673227893
1229.1228944615525,0.75288254,0.013930341,2.934981762574567
1229.1328479337367,0.7619763,0.014011632,2.9335423094770197
1229.1428014059206,0.7730779,0.014110858,2.932076612133714
1229.152754878105,0.77076834,0.014092216,2.930586008919446
1229.162708350289,0.7698557,0.014083616,2.9290721562623188
1229.1726618224732,0.7553713,0.01395372,2.9275354083884424
1229.1826152946574,0.7708995,0.014095333,2.9259760358042373
1229.1925687668415,0.72863805,0.013708856,2.9243908170823794
1229.2025222390257,0.7414077,0.0138254175,2.922782600442088
1229.21247571121,0.7627225,0.014018781,2.9211506505113873
1229.222429183394,0.76819795,0.014069052,2.919493433493338
1229.2323826555782,0.7386214,0.013800392,2.9178071801898104
1229.2423361277624,0.737472,0.013792898,2.9160859357522844
1229.2522895999466,0.7475796,0.013883853,2.914329036132674
1229.2622430721308,0.7661953,0.014052029,2.9125332934667885
1229.2721965443147,0.7568833,0.013968442,2.9106966117741284
1229.282150016499,0.7486252,0.013893405,2.9088146028517046
1229.292103488683,0.7325307,0.013744372,2.9068901599771184
1229.3020569608673,0.76301616,0.014024031,2.9049291126383676
1229.3120104330515,0.75721854,0.013970963,2.902936326237106
1229.3219639052356,0.7578258,0.013978341,2.9009175672419083
1229.3319173774198,0.74088454,0.013822709,2.898877098817003
1229.341870849604,0.7524848,0.013930416,2.89682405613426
1229.3518243217882,0.7648147,0.014041225,2.8947632113500905
1229.3617777939724,0.750254,0.013912301,2.8926972372504642
1229.3717312661565,0.7872174,0.0142431855,2.8906263045770437
1229.3816847383405,0.7479841,0.0138909705,2.88854704425236
1229.3916382105247,0.7749674,0.014135488,2.8864553330003018
1229.4015916827088,0.73739475,0.013794301,2.884345348803857
1229.411545154893,0.76571906,0.0140520865,2.882210734699234
1229.4214986270772,0.7420176,0.013834967,2.880042282869613
1229.4314520992614,0.7252887,0.013682392,2.8778348904872897
1229.4414055714456,0.7449259,0.013862396,2.875587445347686
1229.4513590436297,0.72144437,0.013645559,2.8732984392900116
1229.461312515814,0.75059885,0.013916028,2.8709682600368582
1229.471265987998,0.7416619,0.013833775,2.8685943312231577
1229.4812194601823,0.7441975,0.013858493,2.8661852450741874
1229.4911729323662,0.75363475,0.013944918,2.863745932785103
1229.5011264045504,0.7710059,0.014102296,2.861280430766985
1229.5110798767346,0.76604706,0.014058634,2.8587912852635053
1229.5210333489188,0.76228285,0.014021576,2.8562788116436173
1229.530986821103,0.7805979,0.014187311,2.853746460296478
1229.5409402932871,0.7789883,0.014173256,2.8511944225913535
1229.5508937654713,0.8011565,0.014370128,2.8486226225916673
1229.5608472376555,0.77409565,0.014129532,2.846029371879717
1229.5708007098397,0.76292366,0.014028754,2.843414798661157
1229.5807541820238,0.7832041,0.014210927,2.8407806072356196
1229.590707654208,0.75868654,0.013989305,2.8381271791995397
1229.600661126392,0.78939134,0.01426669,2.835454997430302
1229.6106145985761,0.7858151,0.014235445,2.8327623087687805
1229.6205680707603,0.79046446,0.014342356,2.8300513261347624
1229.6305215429445,0.7730638,0.014310232,2.8273226541624497
1229.6404750151287,0.78990597,0.014501589,2.8245762540032167
1229.6504284873129,0.7838727,0.014744658,2.821811605695456
1229.660381959497,0.78108644,0.01503403,2.8190267320779974
1229.6703354316812,0.77829045,0.014960233,2.8162241573208324
1229.6802889038654,0.7730823,0.015047065,2.81340422247596
1229.6902423760496,0.7744691,0.015192884,2.810567343900907
1229.7001958482338,0.78887916,0.015560407,2.8077128213076294
1229.7101493204177,0.7773639,0.01551781,2.804840826187401
1229.720102792602,0.8256928,0.016316932,2.801952858493043
1229.730056264786,0.7631348,0.015947726,2.7990488105729154
1229.7400097369703,0.82110894,0.017122922,2.796128215641015
1229.7499632091544,0.78680426,0.01641676,2.7931878507085734
1229.7599166813386,0.7866987,0.016468814,2.790226932812745
1229.7698701535228,0.7983547,0.016702898,2.7872430619863993
1229.779823625707,0.79520303,0.016383868,2.784232104157601
1229.7897770978911,0.792294,0.016141368,2.7811884118998687
1229.7997305700753,0.78235567,0.016119119,2.7781006835471094
1229.8096840422595,0.76026344,0.01576876,2.7749690039623234
1229.8196375144435,0.7846077,0.016108258,2.7717905767401794
1229.8295909866276,0.79411453,0.016191615,2.7685646141626634
1229.8395444588118,0.7899775,0.016240286,2.7652894776357475
1229.849497930996,0.7746079,0.015978659,2.761966389826857
1229.8594514031802,0.78802484,0.015985826,2.7586030289361734
1229.8694048753644,0.81896657,0.016202968,2.7552034260239235
1229.8793583475485,0.7839758,0.015793046,2.7517723886942176
1229.8893118197327,0.7756646,0.015793175,2.74831348083884
1229.899265291917,0.7836984,0.015879814,2.744835899617879
1229.909218764101,0.8059508,0.01593681,2.7413482178996356
1229.9191722362852,0.7750372,0.015713938,2.7378575368991327
1229.9291257084692,0.7992159,0.01589312,2.734369940733797
1229.9390791806534,0.7737012,0.01558828,2.7308910762857312
1229.9490326528376,0.7708609,0.015700214,2.727421640853861
1229.9589861250217,0.8214788,0.01634764,2.7239614593155914
1229.968939597206,0.80781543,0.016107008,2.720509525115985
1229.97889306939,0.77421516,0.015745947,2.7170647815727706
1229.9888465415743,0.781069,0.015777314,2.713626186698935
1229.9988000137585,0.7778287,0.015604608,2.710192204814432
1230.0087534859426,0.79623115,0.01572423,2.7067621813467078
1230.0187069581268,0.7965313,0.015845617,2.703335622717256
1230.028660430311,0.7796263,0.015549206,2.699912390368182
1230.038613902495,0.7802687,0.015598621,2.696492095930353
1230.0485673746791,0.80228907,0.015880285,2.6930744235207023
1230.0585208468633,0.8062308,0.015967194,2.6896592939326847
1230.0684743190475,0.8068461,0.015852295,2.6862467032243025
1230.0784277912317,0.7771881,0.015578693,2.6828370409748197
1230.0883812634158,0.8199019,0.015768077,2.679430150399568
1230.0983347356,0.77836764,0.014815282,2.676026169227781
1230.1082882077842,0.78810316,0.0149236135,2.6726252964002435
1230.1182416799684,0.7454097,0.01412709,2.669227869391916
1230.1281951521526,0.73890865,0.013824555,2.6658344709530652
1230.1381486243367,0.7405729,0.013838711,2.6624450310801695
1230.1481020965207,0.7615422,0.014030392,2.659059849333458
1230.158055568705,0.7707176,0.014114396,2.6556792173473447
1230.168009040889,0.77408326,0.014144359,2.6523037473931605
1230.1779625130732,0.7694713,0.014103859,2.6489335187713867
1230.1879159852574,0.76052594,0.014021919,2.6455679916682615
1230.1978694574416,0.7578961,0.0139986435,2.6422064822567966
1230.2078229296258,0.7679285,0.014089837,2.638847519514835
1230.21777640181,0.7689754,0.014099869,2.635487899953124
1230.2277298739941,0.78017795,0.014199702,2.63212246889667
1230.2376833461783,0.7760502,0.014163852,2.6287445475064555
1230.2476368183625,0.78099066,0.014207346,2.625346136511027
1230.2575902905464,0.7911362,0.014296161,2.6219184981334065
1230.2675437627308,0.7820859,0.014218751,2.6184497758768814
1230.2774972349148,0.7686669,0.014097229,2.614939706811639
1230.287450707099,0.77573556,0.014160102,2.611386771315562
1230.2974041792831,0.7515927,0.013944083,2.607792139832313
1230.3073576514673,0.75089693,0.0139376,2.6041570721916028
1230.3173111236515,0.74403286,0.013874664,2.600487082434137
1230.3272645958357,0.77796113,0.014182824,2.5967921070987163
1230.3372180680199,0.77736,0.014178862,2.5930798897686214
1230.347171540204,0.7838534,0.014235072,2.589359266601916
1230.3571250123882,0.76375604,0.0140558,2.5856411276541116
1230.3670784845724,0.77341914,0.014142832,2.5819363002413196
1230.3770319567566,0.7438451,0.01387168,2.5782527334640473
1230.3869854289405,0.7634922,0.014054124,2.574596505688127
1230.3969389011247,0.7485957,0.013920521,2.5709712539505376
1230.406892373309,0.751808,0.013946582,2.5673826431341658
1230.416845845493,0.7700999,0.014115545,2.5638249898613137
1230.4267993176773,0.78270036,0.014227878,2.560296423786896
1230.4367527898614,0.78147095,0.014216799,2.5567950192850732
1230.4467062620456,0.8025824,0.014406018,2.553320103867557
1230.4566597342298,0.7809431,0.014212922,2.5498709119762237
1230.466613206414,0.8082612,0.014455381,2.5464427427244183
1230.4765666785981,0.7915724,0.01430717,2.5430327032433517
1230.4865201507823,0.78311485,0.01423142,2.539637120872325
1230.4964736229663,0.79307693,0.014320947,2.5362519898592395
1230.5064270951505,0.7993094,0.014374866,2.532871369705037
1230.5163805673346,0.7748353,0.014157886,2.529490766156603
1230.5263340395188,0.7880808,0.014276337,2.5261074304100033
1230.536287511703,0.78964573,0.014291009,2.522719509561991
1230.5462409838872,0.7647172,0.014067313,2.5193248921578744
1230.5561944560714,0.80446434,0.014421779,2.5159242263705552
1230.5661479282555,0.80119914,0.014394305,2.5125188632255124
1230.5761014004397,0.80134445,0.014395667,2.509111349273581
1230.586054872624,0.79471695,0.014338272,2.50570557211515
1230.596008344808,0.75799865,0.014009151,2.5023075967573956
1230.605961816992,0.75850946,0.01401314,2.4989220347037646
1230.6159152891762,0.7754405,0.01416642,2.4955531680679615
1230.6258687613604,0.7693718,0.014110145,2.492204223758795
1230.6358222335446,0.78394306,0.014242727,2.488878841254911
1230.6457757057287,0.7792353,0.014199667,2.485578013016783
1230.655729177913,0.77563184,0.014166864,2.4822997353656016
1230.665682650097,0.7809976,0.014217114,2.4790429507985237
1230.6756361222813,0.76041585,0.014032483,2.4758063172925238
1230.6855895944655,0.77443033,0.0141598815,2.4725906809654306
1230.6955430666496,0.7706982,0.014128013,2.469393880606917
1230.7054965388338,0.7897022,0.014297639,2.4662156869275402
1230.7154500110178,0.77238387,0.014143009,2.4630571662400023
1230.725403483202,0.7890511,0.0142913,2.459920060563319
1230.7353569553861,0.7673476,0.014097298,2.4568091452903023
1230.7453104275703,0.77858186,0.014198799,2.4537228713946178
1230.7552638997545,0.79558736,0.014349423,2.4506623232184013
1230.7652173719387,0.7846568,0.014252081,2.4476282749935137
1230.7751708441228,0.7691247,0.014113452,2.4446226887131224
1230.785124316307,0.77836347,0.014197443,2.441647105942024
1230.7950777884912,0.78559476,0.014259913,2.438699207020826
1230.8050312606754,0.77987045,0.014210784,2.435779207600353
1230.8149847328596,0.8010819,0.014400404,2.432887307616218
1230.8249382050435,0.7967902,0.014361798,2.430026417001792
1230.8348916772277,0.7934765,0.014334753,2.427195551059802
1230.8448451494119,0.79064,0.014306394,2.42439344352654
1230.854798621596,0.7836378,0.0142475385,2.42162032733351
1230.8647520937802,0.79478157,0.014348171,2.4188764663237774
1230.8747055659644,0.7855603,0.014263355,2.416166272114576
1230.8846590381486,0.8221256,0.014586528,2.413486342406879
1230.8946125103328,0.8011618,0.014402873,2.410836741646531
1230.904565982517,0.8282352,0.014640108,2.4082178519463824
1230.9145194547011,0.8146588,0.014520506,2.4056310941985464
1230.9244729268853,0.7816734,0.014229566,2.403079567074719
1230.9344263990693,0.81125075,0.01449238,2.4005600831422464
1230.9443798712534,0.80028814,0.014396978,2.398073061299833
1230.9543333434376,0.7933786,0.014334542,2.3956189340476675
1230.9642868156218,0.8018569,0.014410092,2.393200668212324
1230.974240287806,0.78815794,0.014289984,2.390818797810356
1230.9841937599901,0.76645887,0.014096705,2.3884713476016164
1230.9941472321743,0.80144227,0.014409029,2.386158751539503
1231.0041007043585,0.8133406,0.014516609,2.383881362234002
1231.0140541765427,0.80538446,0.014445103,2.381643514623905
1231.0240076487269,0.790361,0.014310693,2.3794422223199696
1231.033961120911,0.84771425,0.014812733,2.377276237775379
1231.043914593095,0.8201597,0.01457668,2.3751453674616516
1231.0538680652792,0.7983512,0.014383204,2.3730498366789194
1231.0638215374634,0.81885517,0.014563138,2.3709941636974126
1231.0737750096475,0.80688655,0.014457624,2.368973868887523
1231.0837284818317,0.82224494,0.014594327,2.3669894745753153
1231.093681954016,0.80685526,0.014459944,2.3650416153075517
1231.1036354262,0.80804527,0.014468897,2.3631329100451985
1231.1135888983843,0.8201088,0.01457454,2.361265683972765
1231.1235423705684,0.8071676,0.014463062,2.3594368208836283
1231.1334958427526,0.8313571,0.014677619,2.3576467928784517
1231.1434493149368,0.8128089,0.014514031,2.355896216187253
1231.1534027871207,0.78792226,0.014293049,2.3541898737033757
1231.1633562593051,0.8066143,0.014456655,2.352527765706528
1231.173309731489,0.8054811,0.014447893,2.3509094802226747
1231.1832632036733,0.7901401,0.014312443,2.3493371505640406
1231.1932166758575,0.8137664,0.014521894,2.347813223800582
1231.2031701480416,0.79900885,0.014391852,2.3463476259120917
1231.2131236202258,0.76291966,0.014069578,2.344937212110501
1231.22307709241,0.8224497,0.014598512,2.3435835109435494
1231.2330305645942,0.8149521,0.014534221,2.3422874165762377
1231.2429840367784,0.8304465,0.0146675175,2.341049477666222
1231.2529375089625,0.8416654,0.014766359,2.3398708933909567
1231.2628909811465,0.80773926,0.0144715635,2.338739988770133
1231.272844453331,0.79365444,0.014348011,2.337651240440328
1231.2827979255148,0.82052225,0.014582895,2.336598980521262
1231.292751397699,0.8434981,0.014783065,2.335578722346531
1231.3027048698832,0.8391546,0.014745725,2.3345819143789583
1231.3126583420674,0.8214555,0.014591855,2.333597493857837
1231.3226118142516,0.7581423,0.014027497,2.3326161454936374
1231.3325652864357,0.8226637,0.014605512,2.3316291431599483
1231.34251875862,0.79344225,0.014346865,2.33062749091826
1231.352472230804,0.7966861,0.014377632,2.32960690758527
1231.3624257029883,0.8029806,0.014431335,2.328565439979859
1231.3723791751725,0.8058965,0.01445748,2.3275021279636787
1231.3823326473566,0.81411606,0.014530754,2.3264172420695086
1231.3922861195406,0.8282747,0.014651805,2.3253102539927917
1231.4022395917248,0.8023578,0.014428001,2.3241890238110057
1231.412193063909,0.82306856,0.014611761,2.3230606055111576
1231.4221465360931,0.8111942,0.014506641,2.321933755795362
1231.4321000082773,0.8248031,0.014627514,2.32081907009541
1231.4420534804615,0.81988424,0.01458288,2.319728145421597
1231.4520069526457,0.8008412,0.014415226,2.3186661093115553
1231.4619604248298,0.7970286,0.014384119,2.31763746136564
1231.471913897014,0.7842171,0.014267421,2.316644996186638
1231.4818673691982,0.801369,0.0144201685,2.315693503648561
1231.4918208413824,0.8168835,0.01455987,2.314783103277247
1231.5017743135663,0.7908425,0.014328456,2.3139116383992517
1231.5117277857505,0.7772514,0.014206124,2.3130790402405674
1231.5216812579347,0.8018418,0.014425978,2.312284768490393
1231.5316347301189,0.8059542,0.014463929,2.311531748322366
1231.541588202303,0.803389,0.014441199,2.3108129880649115
1231.5515416744872,0.85198045,0.014863712,2.310122996228063
1231.5614951466714,0.7959366,0.0143757695,2.3094557553074404
1231.5714486188556,0.8062318,0.014468368,2.3088049531469332
1231.5814020910398,0.7820459,0.014250729,2.308165542871292
1231.591355563224,0.7862688,0.014289403,2.3075326551299113
1231.6013090354081,0.76991326,0.014143422,2.306905200664968
1231.611262507592,0.7698895,0.014142926,2.306283105804331
1231.6212159797763,0.7794131,0.014225971,2.305666476774658
1231.6311694519604,0.79843664,0.014398602,2.305054323257845
1231.6411229241446,0.79322517,0.014352449,2.3044447207438212
1231.6510763963288,0.8060161,0.014466347,2.3038370288137866
1231.661029868513,0.8002639,0.014415928,2.303232495318314
1231.6709833406971,0.8022505,0.014434593,2.302635348496312
1231.6809368128813,0.7956812,0.014378275,2.302050887906644
1231.6908902850655,0.81258804,0.014525557,2.301484003222423
1231.7008437572497,0.82079697,0.014597397,2.300939614429224
1231.7107972294339,0.82758063,0.014658494,2.3004219554663825
1231.7207507016178,0.8254487,0.01463935,2.299939406520641
1231.730704173802,0.79623353,0.014382274,2.299491865304508
1231.7406576459862,0.8101744,0.014505641,2.2990812370454115
1231.7506111181704,0.8219271,0.014611466,2.298708579079486
1231.7605645903545,0.84018266,0.014769014,2.2983747611807206
1231.7705180625387,0.81869775,0.014583831,2.2980819050424346
1231.780471534723,0.8221552,0.014613217,2.2978239937127602
1231.790425006907,0.8114578,0.014518283,2.297599617149289
1231.8003784790913,0.8127438,0.014530627,2.297407782684876
1231.8103319512754,0.82242286,0.014613882,2.2972501635740725
1231.8202854234596,0.82617223,0.014647481,2.297127237079279
1231.8302388956436,0.8146402,0.014548069,2.2970367608516584
1231.8401923678277,0.83911127,0.014761095,2.296979129000161
1231.850145840012,0.836909,0.014743239,2.2969546380606234
1231.860099312196,0.8165414,0.014565018,2.296966932945306
1231.8700527843803,0.805664,0.014468681,2.297013783411893
1231.8800062565645,0.8236134,0.014627364,2.297093562126489
1231.8899597287486,0.850536,0.014861083,2.297205905217287
1231.8999132009328,0.83031887,0.014685067,2.297350323586558
1231.909866673117,0.81660044,0.014566227,2.2975307347143787
1231.9198201453012,0.82573724,0.014646982,2.2977420794651984
1231.9297736174854,0.82415736,0.0146352,2.2979838083195845
1231.9397270896693,0.82329154,0.014626484,2.298255515020108
1231.9496805618535,0.84929216,0.014851492,2.298557929750936
1231.9596340340377,0.8192169,0.01459455,2.2988929654593604
1231.9695875062218,0.8488786,0.014847862,2.2992571691027903
1231.979540978406,0.83997935,0.014772755,2.2996504060513248
1231.9894944505902,0.8111658,0.014522944,2.3000725581459314
1231.9994479227744,0.8498328,0.014857239,2.300525645525624
1232.0094013949586,0.85763943,0.014925932,2.301009449062191
1232.0193548671427,0.8183417,0.014587132,2.3015217443508695
1232.029308339327,0.83949983,0.014769707,2.302062380031356
1232.039261811511,0.81277496,0.014538153,2.302631188647049
1232.049215283695,0.8259252,0.014651435,2.3032310506614175
1232.0591687558792,0.8076877,0.014492981,2.3038593230002857
1232.0691222280634,0.83203757,0.014707046,2.3045145870191113
1232.0790757002476,0.8401328,0.014776045,2.3051963493680896
1232.0890291724318,0.841016,0.0147814,2.3059042135680348
1232.098982644616,0.8464114,0.014828483,2.30664117831429
1232.1089361168001,0.84779006,0.014844304,2.3074032358174135
1232.1188895889843,0.82462823,0.014642072,2.3081902456543135
1232.1288430611685,0.8183593,0.014587937,2.309002302978039
1232.1387965333527,0.8227967,0.014629551,2.3098408695237964
1232.1487500055368,0.80909896,0.014507304,2.310708351485485
1232.1587034777208,0.8363041,0.0147447,2.311602995360262
1232.168656949905,0.8213172,0.01468721,2.312525723068198
1232.1786104220892,0.8437587,0.015125146,2.313477228617553
1232.1885638942733,0.87834334,0.015688984,2.3144597366608624
1232.1985173664575,0.8483717,0.015635544,2.3154711349185497
1232.2084708386417,0.8366768,0.015596358,2.316506347110456
1232.2184243108259,0.86034673,0.015872603,2.3175610630033883
1232.22837778301,0.81731534,0.015678255,2.318630347287933
1232.2383312551942,0.8673395,0.016327918,2.31970964126807
1232.2482847273784,0.8491486,0.01633979,2.320792877577574
1232.2582381995626,0.85002047,0.016540911,2.3218763802861195
1232.2681916717465,0.89008904,0.01733178,2.322958267774995
1232.278145143931,0.8555432,0.017200459,2.324038203502335
1232.288098616115,0.856839,0.017360393,2.325117666734731
1232.298052088299,0.8497781,0.01717817,2.3261999490700536
1232.3080055604833,0.8490116,0.017290805,2.3272886843801968
1232.3179590326674,0.8761152,0.017214926,2.328387437382772
1232.3279125048516,0.8503473,0.016831847,2.329499954304763
1232.3378659770358,0.85380644,0.016883578,2.330629401622551
1232.34781944922,0.8503534,0.016825214,2.3317754416316063
1232.3577729214041,0.889397,0.01719921,2.332938563917486
1232.3677263935883,0.83310694,0.016726071,2.334118913386619
1232.3776798657725,0.85213864,0.016928736,2.335317882749531
1232.3876333379567,0.83958286,0.01677149,2.3365350233097786
1232.3975868101406,0.83297306,0.016495213,2.3377691274945556
1232.4075402823248,0.8480995,0.016655995,2.3390200751284347
1232.417493754509,0.85529,0.016709685,2.340287755088906
1232.4274472266932,0.8426176,0.01659439,2.3415740388196147
1232.4374006988774,0.8820547,0.016874757,2.3428772628334196
1232.4473541710615,0.85769355,0.01660332,2.344196859311393
1232.4573076432457,0.8590972,0.016505066,2.3455326369484273
1232.46726111543,0.8544225,0.016464671,2.3468844624836276
1232.477214587614,0.8424749,0.016408823,2.348253781686853
1232.4871680597983,0.844254,0.016508343,2.349637927657268
1232.4971215319824,0.8393159,0.016509192,2.35103635744938
1232.5070750041664,0.85413694,0.016709942,2.3524485977587757
1232.5170284763506,0.85304946,0.01662674,2.353874923881202
1232.5269819485347,0.8742273,0.016760135,2.355315884952235
1232.536935420719,0.8613283,0.01652604,2.356770283133007
1232.546888892903,0.88234144,0.016635878,2.3582383931184623
1232.5568423650873,0.8888087,0.016689574,2.359720580586642
1232.5667958372715,0.8850825,0.016687047,2.3612184606818056
1232.5767493094556,0.84088993,0.016288642,2.3627320524081825
1232.5867027816398,0.8721949,0.016615788,2.3642604560854754
1232.596656253824,0.91543823,0.017144935,2.3658032675600573
1232.6066097260082,0.89068305,0.01690889,2.3673593994648297
1232.6165631981921,0.8721761,0.016566224,2.368927492877771
1232.6265166703763,0.8894828,0.016454175,2.3705016042483686
1232.6364701425605,0.88514763,0.016032888,2.3720743225060206
1232.6464236147447,0.8695591,0.0156308,2.373636130762413
1232.6563770869288,0.8655822,0.015313852,2.375176169043966
1232.666330559113,0.8456051,0.01484505,2.376679521193402
1232.6762840312972,0.85119003,0.014889909,2.3781443246273994
1232.6862375034814,0.81629866,0.014584867,2.379570152838632
1232.6961909756656,0.8462728,0.014849533,2.3809604228675307
1232.7061444478497,0.83403,0.014740919,2.3823193389380317
1232.716097920034,0.8443797,0.0148325395,2.3836522952774706
1232.7260513922179,0.84439737,0.014831484,2.3849673340347146
1232.736004864402,0.88249373,0.015159544,2.3862685701112305
1232.7459583365862,0.8409479,0.014804435,2.3875588937032894
1232.7559118087704,0.8712847,0.015065383,2.38883958339845
1232.7658652809546,0.90452194,0.015345759,2.3901134284794594
1232.7758187531388,0.878204,0.01512405,2.3913845086970698
1232.785772225323,0.87466806,0.015092741,2.392657600078323
1232.7957256975071,0.86307615,0.014995221,2.393937426836311
1232.8056791696913,0.8739338,0.015085165,2.3952273481634156
1232.8156326418755,0.8416844,0.0148129845,2.3965246885647336
1232.8255861140597,0.8472046,0.014858649,2.397824371078685
1232.8355395862436,0.8409614,0.014807224,2.3991204700226723
1232.8454930584278,0.8589951,0.014962154,2.400407523458768
1232.855446530612,0.8540349,0.0149204815,2.4016798613525023
1232.8654000027962,0.8787437,0.015131247,2.4029387239882696
1232.8753534749803,0.87703127,0.01511857,2.4041862836736705
1232.8853069471645,0.850633,0.014892043,2.405426613481329
1232.8952604193487,0.879524,0.015139507,2.4066649983571264
1232.9052138915329,0.8675727,0.015038213,2.407907213262137
1232.915167363717,0.85918623,0.014965967,2.4091569098963204
1232.9251208359012,0.8697001,0.015057269,2.4104164429156483
1232.9350743080854,0.86545247,0.015022618,2.4116871419957464
1232.9450277802694,0.8367263,0.014775297,2.4129705795643677
1232.9549812524535,0.85876226,0.014964364,2.414266912778327
1232.9649347246377,0.8577116,0.014955748,2.415575357562241
1232.974888196822,0.8711322,0.015069259,2.416895888598593
1232.984841669006,0.87779695,0.015125104,2.4182284657932365
1232.9947951411903,0.8806814,0.015151198,2.419574408173887
1233.0047486133744,0.8618414,0.014991466,2.4209327958899642
1233.0147020855586,0.8868723,0.015202937,2.422303263786947
1233.0246555577428,0.8854383,0.015189347,2.4236858717964966
1233.034609029927,0.8712827,0.015069935,2.4250807131078873
1233.0445625021111,0.8895669,0.015224675,2.426489663539063
1233.054515974295,0.8567946,0.014948553,2.4279111294604743
1233.0644694464793,0.8844902,0.015185399,2.429345323080212
1233.0744229186635,0.86287844,0.015003329,2.430792508313834
1233.0843763908476,0.87398696,0.015097881,2.4322534887004017
1233.0943298630318,0.8955411,0.015279193,2.4337297111110496
1233.104283335216,0.8708599,0.015071804,2.4352201536241362
1233.1142368074002,0.87078893,0.015070229,2.4367253196946583
1233.1241902795844,0.87780297,0.015130733,2.438245815899458
1233.1341437517685,0.88518214,0.01519377,2.4397835936696226
1233.1440972239527,0.86964864,0.015061623,2.4413398585937975
1233.154050696137,0.8613829,0.014993239,2.442914459889284
1233.1640041683208,0.8485798,0.014883429,2.444508353247602
1233.173957640505,0.8734402,0.015092655,2.44612191920306
1233.1839111126892,0.88403475,0.015185291,2.4477559739361054
1233.1938645848734,0.8599681,0.014982423,2.4494053314927444
1233.2038180570576,0.8678546,0.015050071,2.451062594834496
1233.2137715292417,0.8621698,0.015002344,2.4527188570421496
1233.223725001426,0.8629979,0.015008957,2.4543639987569605
1233.23367847361,0.87907594,0.015147735,2.4559833074815876
1233.2436319457943,0.86106503,0.014995348,2.4575697140034842
1233.2535854179785,0.8627595,0.015008908,2.4591170431385727
1233.2635388901626,0.8852897,0.015201194,2.4606216502819995
1233.2734923623466,0.87043214,0.015075334,2.462081324550659
1233.283445834531,0.85244596,0.014922457,2.4634936518081383
1233.293399306715,0.85386026,0.014936166,2.464866889840902
1233.3033527788991,0.8537232,0.014933338,2.4662049578884666
1233.3133062510833,0.8856875,0.0152069535,2.4675129015327726
1233.3232597232675,0.8860563,0.015208104,2.4687955630167853
1233.3332131954517,0.8672295,0.015048105,2.47006003230096
1233.3431666676358,0.8767206,0.0151257785,2.4713150435531395
1233.35312013982,0.88443553,0.01519624,2.472567086390121
1233.3630736120042,0.8616802,0.015002314,2.4738218072929774
1233.3730270841884,0.8918999,0.015259637,2.475084580682758
1233.3829805563723,0.886378,0.015212313,2.4763583748614333
1233.3929340285567,0.86272234,0.01501242,2.477644552469669
1233.4028875007407,0.8694288,0.015070868,2.4789445214816994
1233.4128409729249,0.86997575,0.015075553,2.4802596321512396
1233.422794445109,0.8929898,0.015266911,2.4815934837637506
1233.4327479172932,0.8746251,0.015114192,2.4829452379206423
1233.4427013894774,0.8581741,0.014970972,2.4843144869628264
1233.4526548616616,0.87590355,0.015125378,2.4856995953491823
1233.4626083338458,0.8691213,0.01506558,2.4870969164547114
1233.47256180603,0.85497916,0.014947462,2.4885003223167446
1233.4825152782141,0.8533969,0.014928474,2.4899014294001973
1233.4924687503983,0.861717,0.015169948,2.49129338267241
1233.5024222225825,0.83556247,0.014938901,2.4926699469552167
1233.5123756947664,0.85043335,0.017177537,2.4940248915779084
1233.5223291669506,0.86954147,0.017395966,2.4953534362682683
1233.5322826391348,0.84336,0.017136874,2.496656759338671
1233.542236111319,0.8628055,0.0173293,2.4979359059201216
1233.5521895835032,0.8463515,0.017167397,2.499193783261349
1233.5621430556873,0.87623847,0.017463764,2.500433514934301
1233.5720965278715,0.8487647,0.017193934,2.5016605820771924
1233.5820500000557,0.8652208,0.017356664,2.5028790348164827
1233.5920034722399,0.8666519,0.017370135,2.504089588890664
1233.601956944424,0.84399265,0.017147195,2.5052905956261897
1233.6119104166082,0.8615495,0.017321056,2.506476424794716
1233.6218638887922,0.8363633,0.01706991,2.507643397546325
1233.6318173609764,0.8900811,0.017603481,2.508788505400899
1233.6417708331605,0.8590962,0.01729785,2.5099098278291057
1233.6517243053447,0.8859209,0.017560538,2.511007319319738
1233.661677777529,0.85236055,0.01723035,2.512080415112683
1233.671631249713,0.889182,0.017591858,2.51313679607651
1233.6815847218973,0.86414224,0.017347338,2.514181961776039
1233.6915381940814,0.878889,0.017492121,2.5152221012348432
1233.7014916662656,0.893046,0.01763116,2.516263723884716
1233.7114451384498,0.9275082,0.017962089,2.5173137734004514
1233.721398610634,0.89676815,0.017672235,2.518375732353854
1233.731352082818,0.87120533,0.01741905,2.5194513838063086
1233.741305555002,0.87088126,0.017417638,2.5205407531232873
1233.7512590271863,0.8534302,0.01724475,2.521643121144594
1233.7612124993705,0.90076786,0.017709978,2.522755960409009
1233.7711659715546,0.84614354,0.017173441,2.52387608230294
1233.7811194437388,0.86813945,0.01739132,2.5250015032981414
1233.791072915923,0.8946242,0.017647374,2.526130714013675
1233.8010263881072,0.89997214,0.017700015,2.527263065402565
1233.8109798602914,0.91749877,0.017869648,2.528398260697046
1233.8209333324755,0.89267045,0.017631123,2.5295366655121834
1233.8308868046597,0.90077513,0.017707312,2.530679105023659
1233.8408402768437,0.8819943,0.017529665,2.5318264803747983
1233.8507937490278,0.9064278,0.017765757,2.5329803127785437
1233.860747221212,0.86035806,0.017316233,2.5341403604802752
1233.8707006933962,0.87566257,0.017468652,2.5353065564522774
1233.8806541655804,0.89189243,0.01762565,2.536478680926466
1233.8906076377646,0.8658945,0.017375255,2.537656517248284
1233.9005611099487,0.87333816,0.017449856,2.538840274080703
1233.910514582133,0.8821823,0.017536374,2.540029083919932
1233.920468054317,0.8809689,0.017523332,2.5412228589914787
1233.9304215265013,0.88026094,0.01751577,2.5424215951108833
1233.9403749986855,0.903463,0.017741414,2.543625584687315
1233.9503284708694,0.8720973,0.01744011,2.5448351238538334
1233.9602819430536,0.8574417,0.01729243,2.546049829095749
1233.9702354152378,0.8571304,0.017291209,2.5472697608580575
1233.980188887422,0.82821786,0.01700479,2.548494954762333
1233.9901423596061,0.85344523,0.017256,2.549725821304767
1234.0000958317903,0.8667289,0.01738623,2.550962191280938
1234.0100493039745,0.8259276,0.016980162,2.5522036013206764
1234.0200027761587,0.82046175,0.016927585,2.55344983340969
1234.0299562483428,0.8310714,0.017032197,2.5547006204655713
1234.039909720527,0.8147331,0.016867837,2.5559561062955223
1234.0498631927112,0.83396417,0.017062625,2.557215678859489
1234.0598166648952,0.8434415,0.017157642,2.5584790459893014
1234.0697701370793,0.8512788,0.017236767,2.5597461274080913
1234.0797236092635,0.85996217,0.017324332,2.5610169194887615
1234.0896770814477,0.8820093,0.017540801,2.562291983491228
1234.0996305536319,0.87640965,0.01748445,2.5635708775523547
1234.109584025816,0.8727903,0.017453264,2.564853663407873
1234.1195374980002,0.8571728,0.01729782,2.566140403229788
1234.1294909701844,0.8274895,0.017001888,2.567431281012638
1234.1394444423686,0.87241393,0.017448867,2.5687266969274294
1234.1493979145528,0.8426706,0.017154174,2.5700262809380297
1234.159351386737,0.8435062,0.017164692,2.571330083190177
1234.169304858921,0.8672209,0.01739872,2.5726381249015007
1234.179258331105,0.8342544,0.01707008,2.573950632721774
1234.1892118032893,0.86511153,0.017377058,2.575267621406126
1234.1991652754734,0.87775165,0.017500877,2.576588676372135
1234.2091187476576,0.8470048,0.017198423,2.5779137266497694
1234.2190722198418,0.87464285,0.017471705,2.5792427427563185
1234.229025692026,0.8617912,0.017347496,2.580576110970905
1234.2389791642101,0.87454027,0.017470716,2.5819137909340855
1234.2489326363943,0.86124873,0.017340194,2.583255726136532
1234.2588861085785,0.8648897,0.017379232,2.5846020734883797
1234.2688395807627,0.87029386,0.017433124,2.585952985048993
1234.2787930529466,0.87256265,0.017452685,2.587309161197226
1234.288746525131,0.8613348,0.017341249,2.588670261015876
1234.298699997315,0.86543775,0.017387303,2.59003624217303
1234.3086534694992,0.82537544,0.016986106,2.591407107012401
1234.3186069416834,0.8680482,0.017409943,2.5927828298664193
1234.3285604138675,0.87646055,0.017494772,2.5941637935622075
1234.3385138860517,0.8826578,0.017555118,2.5955491451033827
1234.348467358236,0.88628983,0.01759267,2.5969386453548546
1234.35842083042,0.8664757,0.017397378,2.59833212007636
1234.3683743026043,0.8702552,0.017433068,2.599729691743546
1234.3783277747884,0.84009326,0.01713596,2.6011318112752875
1234.3882812469724,0.86562085,0.017392287,2.602538451080897
1234.3982347191568,0.8469689,0.017207153,2.603950159897983
1234.4081881913407,0.8438321,0.017174838,2.605367656031208
1234.418141663525,0.83876544,0.017123979,2.6067923371831854
1234.428095135709,0.84860224,0.017221626,2.608225470334748
1234.4380486078933,0.83070886,0.01704324,2.6096676932937988
1234.4480020800775,0.830555,0.017043281,2.6111202471578334
1234.4579555522616,0.87821317,0.01751669,2.6125844704627617
1234.4679090244458,0.86381173,0.017375732,2.6140632764320406
1234.47786249663,0.89138,0.017648013,2.6155579353616867
1234.4878159688142,0.8912796,0.017646143,2.6170698333067897
1234.4977694409984,0.8646135,0.017386505,2.618600899752533
1234.5077229131825,0.87339324,0.017470822,2.6201523476757766
1234.5176763853665,0.83148587,0.017055534,2.621725952455986
1234.5276298575507,0.87448573,0.01748383,2.623315419089887
1234.5375833297348,0.86769354,0.017416116,2.6249138142591546
1234.547536801919,0.8739682,0.017479165,2.6265126446411435
1234.5574902741032,0.84108573,0.0171538,2.628102529090339
1234.5674437462874,0.856109,0.017302126,2.6296714871914895
1234.5773972184716,0.83421135,0.017084138,2.631214037579299
1234.5873506906557,0.8395928,0.017139075,2.632724603246086
1234.59730416284,0.85344374,0.017277109,2.6341990069202543
1234.607257635024,0.8338533,0.017084356,2.6356327544253335
1234.6172111072083,0.86600864,0.017402714,2.6370228952790216
1234.6271645793922,0.83958536,0.017143056,2.63837597246944
1234.6371180515764,0.86034715,0.017347211,2.639697093883856
1234.6470715237606,0.88554263,0.017595498,2.6409934261078427
1234.6570249959448,0.8684461,0.01742811,2.6422723191045914
1234.666978468129,0.85247856,0.017270816,2.643542312716662
1234.6769319403131,0.85250765,0.017272511,2.6448095019345
1234.6868854124973,0.85189486,0.017266786,2.6460769583915846
1234.6968388846815,0.87620395,0.017506154,2.6473463117987905
1234.7067923568657,0.8546831,0.017293865,2.6486185793321333
1234.7167458290498,0.8545127,0.017293356,2.6498939218842263
1234.726699301234,0.8403133,0.017157752,2.651172307408058
1234.736652773418,0.9024155,0.018097876,2.65245375001018
1234.7466062456022,0.89078593,0.018495135,2.6537382215457805
1234.7565597177863,0.86926794,0.018635672,2.655025971283148
1234.7665131899705,0.8755118,0.018734451,2.6563164758696165
1234.7764666621547,0.9109997,0.019138627,2.657609406151234
1234.7864201343389,0.8796115,0.019301455,2.6589043726978625
1234.796373606523,0.8590642,0.019170806,2.6602009187124116
1234.8063270787072,0.85919136,0.019677704,2.6614985876472037
1234.8162805508914,0.8825879,0.020152165,2.662796879485831
1234.8262340230756,0.8901982,0.021032713,2.664095662584312
1234.8361874952598,0.87731653,0.020809755,2.665395082293689
1234.8461409674437,0.88158983,0.021374654,2.6666956267321993
1234.856094439628,0.8524341,0.020838644,2.6679981680289035
1234.866047911812,0.8791107,0.021151822,2.669303425027144
1234.8760013839963,0.8727015,0.020744996,2.670612162646416
1234.8859548561804,0.845789,0.020217879,2.6719249786874415
1234.8959083283646,0.7991128,0.019799063,2.6732425630051355
1234.9058618005488,0.84977937,0.02035579,2.6745650534154395
1234.915815272733,0.8654725,0.020271061,2.6758920628660343
1234.9257687449171,0.86961526,0.020566044,2.677223437607119
1234.9357222171013,0.8331862,0.020063696,2.678559030223097
1234.9456756892855,0.89101946,0.020839961,2.6798991523416325
1234.9556291614695,0.8836825,0.020383395,2.681243597591108
1234.9655826336536,0.8836535,0.020340597,2.682592277334702
1234.9755361058378,0.8618879,0.020065103,2.6839453030875187
1234.985489578022,0.8704445,0.020101203,2.6853027872763486
1234.9954430502062,0.84342873,0.01971764,2.6866653966882854
1235.0053965223904,0.86651963,0.019916983,2.6880327267812434
1235.0153499945745,0.81483984,0.019288095,2.6894047740083966
1235.0253034667587,0.8631131,0.019826064,2.6907816023992157
1235.035256938943,0.8768561,0.019958349,2.692163340195412
1235.045210411127,0.8984057,0.020524412,2.6935506400730813
1235.0551638833113,0.84515065,0.01993532,2.694942960602396
1235.0651173554952,0.85289127,0.020040555,2.6963403520305302
1235.0750708276794,0.8414767,0.019870514,2.6977428217671955
1235.0850242998636,0.8406545,0.0196757,2.6991505159541704
1235.0949777720477,0.8706592,0.019804962,2.7005636316762116
1235.104931244232,0.8316936,0.019281166,2.701981563468963
1235.114884716416,0.83350253,0.019357903,2.7034042264491265
1235.1248381886003,0.8682044,0.01972798,2.7048315653920327
1235.1347916607845,0.8506721,0.019551294,2.7062638463554243
1235.1447451329686,0.8539461,0.019713039,2.7077010430337998
1235.1546986051528,0.862333,0.01987923,2.70914269028963
1235.164652077337,0.8709856,0.020037495,2.710588579130783
1235.174605549521,0.87570375,0.019979663,2.712038424390624
1235.1845590217051,0.8787235,0.019446677,2.7134921872690607
1235.1945124938893,0.84458876,0.018711688,2.714949355380117
1235.2044659660735,0.8307438,0.018001897,2.7164095656530245
1235.2144194382577,0.83666766,0.017629525,2.7178727348525804
1235.2243729104418,0.8314618,0.017082106,2.7193389186933947
1235.234326382626,0.81769186,0.016943652,2.720808742988156
1235.2442798548102,0.8132308,0.01689808,2.722282352520135
1235.2542333269944,0.8220609,0.01698677,2.723760211255237
1235.2641867991786,0.8176297,0.016942972,2.725242918870505
1235.2741402713627,0.8408592,0.01718031,2.7267311178244733
1235.2840937435467,0.8326068,0.017098734,2.728226200554569
1235.2940472157309,0.82830393,0.01705372,2.729727828327926
1235.304000687915,0.8550918,0.017323617,2.7312362965933974
1235.3139541600992,0.83043927,0.017075093,2.732751804225024
1235.3239076322834,0.8285925,0.017055606,2.7342747169641735
1235.3338611044676,0.8072439,0.01683933,2.7358057047716464
1235.3438145766518,0.81187433,0.016888596,2.737344078783803
1235.353768048836,0.8090261,0.016860181,2.738889944018036
1235.3637215210201,0.8184826,0.0169555,2.740443418947742
1235.3736749932043,0.8252947,0.017025415,2.742005098156333
1235.3836284653885,0.8080235,0.016849443,2.7435753444143804
1235.3935819375724,0.824741,0.017023146,2.7451536736405266
1235.4035354097568,0.8468635,0.017245706,2.7467402472093343
1235.4134888819408,0.83346206,0.017112633,2.74833521707004
1235.423442354125,0.81513774,0.016927535,2.749939438679509
1235.4333958263092,0.8512688,0.01729141,2.7515527275257137
1235.4433492984933,0.8637575,0.017417569,2.753174525458915
1235.4533027706775,0.8370284,0.017151762,2.7548046321934243
1235.4632562428617,0.8328803,0.017107606,2.756442741625933
1235.4732097150459,0.8253471,0.01703246,2.758089339554667
1235.48316318723,0.8247207,0.017026743,2.759743601232894
1235.4931166594142,0.82296324,0.017011015,2.7614054431961534
1235.5030701315982,0.82749027,0.017055558,2.7630754200996814
1235.5130236037826,0.8425938,0.017210323,2.764754542981189
1235.5229770759665,0.8636441,0.01741867,2.7664459330600297
1235.5329305481507,0.8681727,0.017462723,2.7681501750806636
1235.542884020335,0.8681306,0.017460963,2.769869258365143
1235.552837492519,0.8352882,0.017136978,2.771605416764112
1235.5627909647033,0.8986697,0.017765554,2.773361642409586
1235.5727444368874,0.85857546,0.017369855,2.7751436233957745
1235.5826979090716,0.81273675,0.016910713,2.7769521240421744
1235.5926513812558,0.8801791,0.017583055,2.7787899229540107
1235.60260485344,0.8490467,0.017274106,2.7806578745391572
1235.6125583256241,0.8164642,0.016945759,2.782554469501731
1235.6225117978083,0.78501993,0.016623123,2.7844725087467594
1235.6324652699923,0.84658045,0.017253207,2.786398243344614
1235.6424187421765,0.8003618,0.016780274,2.7883193746338986
1235.6523722143606,0.81713486,0.0169476,2.7902249894946345
1235.6623256865448,0.8123797,0.016897958,2.7921045979353574
1235.672279158729,0.8505038,0.018029716,2.793951662671256
1235.6822326309132,0.8285484,0.017793356,2.795764145294784
1235.6921861030974,0.8403595,0.021087285,2.7975386793297896
1235.7021395752815,0.8171958,0.020833366,2.799271976514379
1235.7120930474657,0.8142104,0.020795673,2.8009557261093816
1235.72204651965,0.8053642,0.020687662,2.8025889338671712
1235.731999991834,0.81670916,0.020829234,2.804172629999373
1235.741953464018,0.7921619,0.020522712,2.8057086835575147
1235.7519069362022,0.8442095,0.021168794,2.8072028663465294
1235.7618604083864,0.8837675,0.021648541,2.8086618080140555
1235.7718138805706,0.84120274,0.021135496,2.8101013819825047
1235.7817673527547,0.8844147,0.02165778,2.81153169779431
1235.791720824939,0.8306522,0.02100293,2.8129595685117645
1235.801674297123,0.8238247,0.020919561,2.8143889497494303
1235.8116277693073,0.84931815,0.02123299,2.8158220739036737
1235.8215812414915,0.8436917,0.021166794,2.8172586939551834
1235.8315347136756,0.85547507,0.02131006,2.818697763549401
1235.8414881858598,0.8458741,0.021192612,2.820136821587255
1235.8514416580438,0.84637624,0.021198424,2.821570955499312
1235.861395130228,0.85907245,0.021352962,2.822990414895212
1235.8713486024121,0.8748377,0.021545826,2.8243857451316803
1235.8813020745963,0.8164901,0.02083168,2.825746865342554
1235.8912555467805,0.85245556,0.02127643,2.827065824392876
1235.9012090189647,0.7925332,0.020531932,2.828335063672598
1235.9111624911488,0.8137888,0.02079924,2.829552508706315
1235.921115963333,0.8417916,0.021146284,2.830725309906205
1235.9310694355172,0.8276562,0.02097311,2.8318574804076415
1235.9410229077014,0.84584296,0.02119831,2.8329534629453432
1235.9509763798856,0.826683,0.020960758,2.8340157374121064
1235.9609298520695,0.8627017,0.021402888,2.8350512393743488
1235.9708833242537,0.8428896,0.021162516,2.83606866618021
1235.9808367964379,0.86580414,0.02144286,2.837076438887191
1235.990790268622,0.8789972,0.021602508,2.83808476512294
1236.0007437408062,0.8725777,0.021525024,2.8391072677215323
1236.0106972129904,0.85674804,0.021332229,2.8401542583717614
1236.0206506851746,0.80532205,0.020698955,2.8412312778673705
1236.0306041573588,0.81298465,0.020794611,2.842340738251599
1236.040557629543,0.8199924,0.02088306,2.8434817801854075
1236.0505111017271,0.8358184,0.02107909,2.8446549218299673
1236.0604645739113,0.8505197,0.021259652,2.8458530676374467
1236.0704180460953,0.86078787,0.021384655,2.847073044172376
1236.0803715182794,0.8222508,0.020911833,2.848312627909675
1236.0903249904636,0.80582404,0.020709045,2.84957040162031
1236.1002784626478,0.84451586,0.021186968,2.8508473271607926
1236.110231934832,0.8374603,0.02110097,2.8521408744880343
1236.1201854070162,0.85517085,0.021319255,2.8534514231837425
1236.1301388792003,0.8726173,0.021530312,2.8547797837169244
1236.1400923513845,0.8710866,0.021512369,2.856127535843157
1236.1500458235687,0.84510344,0.021199003,2.8574962662377343
1236.1599992957529,0.83297664,0.021049274,2.858882699636513
1236.169952767937,0.85681593,0.021342965,2.860284112859365
1236.179906240121,0.8298909,0.021013109,2.861696399103562
1236.1898597123052,0.8558079,0.021331344,2.8631145167512675
1236.1998131844894,0.8194406,0.020882294,2.864532126929213
1236.2097666566735,0.8542517,0.021313114,2.8659437722152497
1236.2197201288577,0.850397,0.021264926,2.867345224778146
1236.229673601042,0.8437016,0.021184664,2.868733501272875
1236.239627073226,0.8487596,0.021246461,2.8701058748832495
1236.2495805454103,0.8569062,0.021346854,2.8714633942259398
1236.2595340175944,0.84835875,0.021243762,2.872809409753761
1236.2694874897786,0.89351714,0.02179098,2.8741474914277583
1236.2794409619628,0.86261797,0.021419385,2.875481871662249
1236.2893944341467,0.83767974,0.021115154,2.8768171748449562
1236.299347906331,0.8234771,0.020939624,2.878157025402022
1236.309301378515,0.8356433,0.02109056,2.879503362341168
1236.3192548506993,0.8345958,0.021078719,2.880857336792959
1236.3292083228835,0.8408818,0.02115607,2.8822195613139447
1236.3391617950676,0.81023437,0.02077618,2.8835914914578313
1236.3491152672518,0.81834394,0.020879202,2.8849723078867497
1236.359068739436,0.8754442,0.021577308,2.8863620258052967
1236.3690222116202,0.8617649,0.021412268,2.8877607239554886
1236.3789756838044,0.83619255,0.021103226,2.889168551510631
1236.3889291559885,0.8466012,0.021227386,2.890586599675243
1236.3988826281725,0.8826912,0.021665627,2.8920136936370464
1236.408836100357,0.82816404,0.021002136,2.893449829076867
1236.4187895725408,0.86544704,0.021456614,2.8948950032346543
1236.428743044725,0.85452724,0.021328488,2.896349527265559
1236.4386965169092,0.85714805,0.02136115,2.8978140599791846
1236.4486499890934,0.9050691,0.021935787,2.899287646832228
1236.4586034612776,0.86741287,0.021485768,2.90077031789964
1236.4685569334617,0.9131808,0.022032926,2.902262141024835
1236.478510405646,0.9065617,0.021957174,2.9037638061058657
1236.48846387783,0.8752613,0.021582657,2.905275899619173
1236.4984173500143,0.86841,0.021501184,2.906798125752837
1236.5083708221982,0.81930107,0.02089769,2.9083312166199025
1236.5183242943826,0.86382645,0.021447381,2.909876193014097
1236.5282777665666,0.88238937,0.021669392,2.9114355693196305
1236.5382312387508,0.8502226,0.021281794,2.9130109085259854
1236.548184710935,0.8339366,0.021083089,2.9146027970946853
1236.5581381831191,0.8573121,0.0213681,2.916212003813926
1236.5680916553033,0.7911763,0.020547425,2.9178381075511064
1236.5780451274875,0.84603655,0.021233385,2.919480022093834
1236.5879985996717,0.8380497,0.02113388,2.9211317920798114
1236.5979520718558,0.8644218,0.021458438,2.9227870417713855
1236.60790554404,0.83806115,0.021136124,2.9244393794948795
1236.6178590162242,0.8385322,0.021141402,2.926082573384905
1236.6278124884084,0.8700563,0.021526445,2.9277088368373305
1236.6377659605923,0.9041468,0.021936107,2.9293156838515713
1236.6477194327765,0.883505,0.02169033,2.9309017332219387
1236.6576729049607,0.81733495,0.020881701,2.932467316288081
1236.6676263771449,0.86034447,0.021413041,2.9340145588161324
1236.677579849329,0.8615677,0.02142758,2.935546150927207
1236.6875333215132,0.8610376,0.021421524,2.937069707328668
1236.6974867936974,0.860201,0.0214099,2.9385900868818076
1236.7074402658816,0.82584184,0.020990172,2.9401112663074764
1236.7173937380658,0.8136725,0.020840753,2.941635997777082
1236.72734721025,0.8122176,0.020820932,2.9431658483087406
1236.7373006824341,0.7928397,0.02057782,2.944700186744366
1236.747254154618,0.77044976,0.02029274,2.946238192035987
1236.7572076268023,0.8330019,0.021081619,2.947778768101188
1236.7671610989864,0.8280815,0.021020532,2.9493208655983585
1236.7771145711706,0.8550819,0.02135185,2.9508635678199955
1236.7870680433548,0.8195285,0.020915003,2.9524063400274727
1236.797021515539,0.8220017,0.020945698,2.953949021953808
1236.8069749877232,0.8031348,0.020709623,2.9554915796634837
1236.8169284599073,0.8244347,0.020976951,2.9570338706353305
1236.8268819320915,0.82104933,0.02093418,2.958575667980774
1236.8368354042757,0.81437355,0.020852761,2.960116799765905
1236.8467888764599,0.84742105,0.021263579,2.9616571890068775
1236.8567423486438,0.85059434,0.021302702,2.9631971105854924
1236.866695820828,0.8383298,0.021153456,2.9647373839429485
1236.8766492930122,0.82625985,0.021003444,2.9662793043248086
1236.8866027651964,0.8506833,0.021303592,2.967824186445419
1236.8965562373805,0.84248596,0.021204626,2.9693733203399932
1236.9065097095647,0.8364713,0.021129416,2.970927783320266
1236.916463181749,0.8235552,0.020972587,2.9724890304019547
1236.926416653933,0.8348354,0.02111351,2.974056901443915
1236.9363701261173,0.7860171,0.02050165,2.9756312755179533
1236.9463235983014,0.8281245,0.021030866,2.977212079772106
1236.9562770704856,0.8420165,0.021203434,2.9787991946235017
1236.9662305426696,0.85171324,0.021324152,2.980393327002738
1236.9761840148537,0.83759683,0.021149,2.981993617513359
1236.986137487038,0.8558358,0.021373807,2.9836000035876813
1236.996090959222,0.8238542,0.020979214,2.985212473585657
1237.0060444314063,0.81452304,0.020864772,2.9868311023032628
1237.0159979035905,0.8207307,0.020942597,2.9884565066188573
1237.0259513757746,0.86447906,0.021483166,2.9900878820843415
1237.0359048479588,0.8657703,0.02149658,2.9917251536646585
1237.045858320143,0.85851854,0.021410238,2.9933682297130444
1237.0558117923272,0.8274982,0.021030199,2.9950172044373478
1237.0657652645114,0.8478867,0.021282136,2.99667231621903
1237.0757187366953,0.82399476,0.020986145,2.9983328529507602
1237.0856722088795,0.82148635,0.020954337,2.9999986905695977
1237.0956256810637,0.82949024,0.02105574,3.001669723008587
1237.1055791532478,0.7659797,0.020251442,3.003346152606501
1237.115532625432,0.8076333,0.020784438,3.0050280665697744
1237.1254860976162,0.81287676,0.02084987,3.0067150489916052
1237.1354395698004,0.7975081,0.020657182,3.0084071336642464
1237.1453930419846,0.81633365,0.020894734,3.010104376052242
1237.1553465141687,0.78276896,0.020471003,3.0118072400388813
1237.165299986353,0.8188488,0.020927982,3.0135157228112353
1237.175253458537,0.8225047,0.020973979,3.0152295419275954
1237.185206930721,0.8474978,0.021284312,3.016948722426404
1237.1951604029052,0.80746883,0.020786185,3.0186732753747534
1237.2051138750894,0.8145024,0.020874007,3.020403720007465
1237.2150673472736,0.8042302,0.020747675,3.0221397790465794
1237.2250208194578,0.8247794,0.021000504,3.023881250126182
1237.234974291642,0.8093483,0.020812286,3.0256281745467266
1237.2449277638261,0.801181,0.020711178,3.0273806133590595
1237.2548812360103,0.8572618,0.021406822,3.0291393059861793
1237.2648347081945,0.8237856,0.020993773,3.0309038338527055
1237.2747881803787,0.84702146,0.021283513,3.0326741525317886
1237.2847416525628,0.85836124,0.021423459,3.034450310093939
1237.2946951247468,0.8711548,0.021578947,3.0362322728300373
1237.304648596931,0.85236096,0.021350035,3.0380206134049157
1237.3146020691152,0.9159825,0.022115989,3.0398142210575747
1237.3245555412993,0.8450296,0.021259833,3.0416126094364686
1237.3345090134835,0.8467509,0.021281835,3.043415252596991
1237.3444624856677,0.87120384,0.021581398,3.045221696612047
1237.3544159578519,0.87330264,0.021607561,3.0470317637607867
1237.364369430036,0.80113196,0.02071437,3.048844710371613
1237.3743229022202,0.8176434,0.020925278,3.050660348876072
1237.3842763744044,0.80187565,0.020729166,3.052478630513477
1237.3942298465886,0.8138024,0.020876754,3.054299747856312
1237.4041833187725,0.7908349,0.020586928,3.0561241359949336
1237.414136790957,0.79893494,0.02069073,3.0579518531390986
1237.424090263141,0.8346163,0.02113868,3.0597832777134513
1237.434043735325,0.79452765,0.020637337,3.0616187659771885
1237.4439972075093,0.8269806,0.02104734,3.0634588396264597
1237.4539506796934,0.837237,0.021174237,3.0653038209373245
1237.4639041518776,0.80878,0.020819474,3.067153436861304
1237.4738576240618,0.8468273,0.021293642,3.0690077230577795
1237.483811096246,0.81184745,0.020859988,3.0708666845658916
1237.4937645684302,0.8596874,0.021451008,3.072730647794189
1237.5037180406143,0.8649712,0.021516154,3.0745995286077297
1237.5136715127983,0.88423675,0.021750612,3.076473006059234
1237.5236249849827,0.85488576,0.021393612,3.0783510635858597
1237.5335784571666,0.83952826,0.021204375,3.0802337070576384
1237.5435319293508,0.82475847,0.021022571,3.0821214048199503
1237.553485401535,0.8256679,0.021036705,3.0840140141925483
1237.5634388737192,0.8018299,0.020735484,3.0859114227070874
1237.5733923459034,0.8242213,0.021018289,3.0878137211488
1237.5833458180875,0.82527554,0.021031741,3.0897209875990597
1237.5932992902717,0.83084875,0.021101182,3.0916338418555185
1237.603252762456,0.8125327,0.020872302,3.0935518856620767
1237.61320623464,0.8482007,0.0213161,3.095475002022297
1237.6231597068243,0.8599165,0.021462526,3.097403193802026
1237.6331131790084,0.82851297,0.021073582,3.0993364610388285
1237.6430666511924,0.83997947,0.021218821,3.101275468511256
1237.6530201233766,0.83041096,0.021100631,3.103219604464219
1237.6629735955607,0.8292696,0.021088272,3.105168852267431
1237.672927067745,0.83763766,0.02119121,3.107123242837984
1237.682880539929,0.82491,0.02103376,3.109082883648567
1237.6928340121133,0.83762586,0.021192543,3.11104846312103
1237.7027874842975,0.83520335,0.021160467,3.1130194298709863
1237.7127409564816,0.84341604,0.02125996,3.114995911667334
1237.7226944286658,0.8315089,0.021115486,3.1169780527733026
1237.73264790085,0.78936833,0.020585915,3.1189661578605508
1237.7426013730342,0.8319307,0.021121832,3.12096076285631
1237.7525548452181,0.82557625,0.021042934,3.12296117550674
1237.7625083174023,0.8544851,0.021402111,3.1249671660174223
1237.7724617895865,0.8112548,0.020865781,3.126978298436002
1237.7824152617707,0.8352205,0.021165943,3.1289941145667983
1237.7923687339548,0.8106587,0.020861639,3.1310138714622755
1237.802322206139,0.80513334,0.020791965,3.133036418862203
1237.8122756783232,0.80211294,0.020755347,3.13506112616186
1237.8222291505074,0.78642315,0.020554911,3.1370875763463406
1237.8321826226916,0.82671434,0.021061273,3.139115728030739
1237.8421360948757,0.8199994,0.020980537,3.1411458063861475
1237.85208956706,0.8190008,0.020968447,3.1431781302234176
1237.8620430392439,0.8364252,0.021186002,3.1452132104280754
1237.871996511428,0.8394586,0.021225842,3.1472515715593636
1237.8819499836122,0.82287955,0.021017715,3.14929402267454
1237.8919034557964,0.80991113,0.020857954,3.151340873095558
1237.9018569279806,0.7835469,0.020521913,3.1533921595340675
1237.9118104001648,0.82369727,0.02103065,3.155448050324118
1237.921763872349,0.7885243,0.020588288,3.157508669735573
1237.9317173445331,0.7894604,0.020604568,3.159574607348649
1237.9416708167173,0.8206979,0.020997792,3.161645643986647
1237.9516242889015,0.79325753,0.020651469,3.163721663487549
1237.9615777610857,0.8838802,0.021773666,3.165802706787196
1237.9715312332696,0.8693889,0.02159831,3.167888796764551
1237.9814847054538,0.8801927,0.021727137,3.169980534853709
1237.991438177638,0.85969144,0.021478647,3.1720774116285844
1238.0013916498222,0.84896576,0.021349777,3.1741793096880877
1238.0113451220063,0.84946,0.021357732,3.1762862033442767
1238.0212985941905,0.82210016,0.021017753,3.1783980721934646
1238.0312520663747,0.8131346,0.020908175,3.180515584515559
1238.0412055385589,0.8295652,0.021113794,3.1826381082199293
1238.051159010743,0.8652311,0.021553589,3.184765692268049
1238.0611124829272,0.8603397,0.0214941,3.186898415361878
1238.0710659551114,0.8837921,0.021777945,3.1890364471448516
1238.0810194272954,0.8078536,0.02084467,3.191180448207748
1238.0909728994795,0.86781627,0.021587448,3.1933298356024684
1238.1009263716637,0.86809295,0.021590412,3.195484622146378
1238.110879843848,0.8685817,0.021597035,3.197644763250075
1238.120833316032,0.8328435,0.021158503,3.199810316023918
1238.1307867882163,0.8615193,0.021510419,3.2019814370551063
1238.1407402604004,0.8618758,0.02151667,3.204157299171658
1238.1506937325846,0.785523,0.020564789,3.206337461736956
1238.1606472047688,0.83784425,0.021221891,3.2085211140366456
1238.170600676953,0.8054143,0.020817151,3.210706574777427
1238.1805541491372,0.80187863,0.020770928,3.2128899334315113
1238.190507621321,0.8304329,0.021125257,3.2150652570066693
1238.2004610935053,0.8445132,0.021283388,3.217224351852479
1238.2104145656895,0.80977464,0.020829313,3.219357548431106
1238.2203680378736,0.8079074,0.023135142,3.221452333226542
1238.2303215100578,0.82051015,0.023316609,3.2235003993456894
1238.240274982242,0.8191143,0.030052822,3.225501893990682
1238.2502284544262,0.89558315,0.031420246,3.2274573085184173
1238.2601819266104,0.92456883,0.031909045,3.229369525303212
1238.2701353987945,0.91117585,0.031685334,3.2312398594321006
1238.2800888709787,0.8821829,0.031193625,3.233075376276913
1238.290042343163,0.85226136,0.030678198,3.234884172034036
1238.2999958153468,0.8264776,0.030228518,3.2366730735392215
1238.309949287531,0.87502915,0.031073896,3.23845052718215
1238.3199027597152,0.9133355,0.03172662,3.240227476219666
1238.3298562318994,0.87411726,0.031061204,3.2420159805748217
1238.3398097040836,0.84618664,0.030576885,3.243825226398291
1238.3497631762677,0.776849,0.02933993,3.245661874491973
1238.359716648452,0.832643,0.030339463,3.247528994211865
1238.369670120636,0.85546273,0.030740635,3.249429798510883
1238.3796235928203,0.8213601,0.030142624,3.2513586588480092
1238.3895770650045,0.8792068,0.031150658,3.2533118380460913
1238.3995305371886,0.88957965,0.0313297,3.255286659238103
1238.4094840093726,0.8296867,0.030292116,3.2572809793082973
1238.4194374815568,0.8151789,0.030035306,3.2592952252291543
1238.429390953741,0.8658213,0.030924106,3.261325282854361
1238.4393444259251,0.78629076,0.029518416,3.2633693029920186
1238.4492978981093,0.86174625,0.030855628,3.2654253778993727
1238.4592513702935,0.8265815,0.03023981,3.2674915406967004
1238.4692048424777,0.7986706,0.0297431,3.2695664105768256
1238.4791583146618,0.75114983,0.028876543,3.2716469689708787
1238.489111786846,0.82874143,0.030282497,3.2737318723204405
1238.4990652590302,0.8308493,0.03032022,3.2758202777384184
1238.5090187312144,0.82047373,0.030136647,3.2779119462123196
1238.5189722033983,0.8091497,0.029935986,3.2800073678942536
1238.5289256755827,0.7925814,0.029638842,3.2821066980212676
1238.5388791477667,0.84436417,0.030561136,3.284210479437446
1238.5488326199509,0.8184216,0.030102402,3.2863192403800143
1238.558786092135,0.8205047,0.030140383,3.288433710178414
1238.5687395643192,0.87018704,0.031011214,3.2905547213289124
1238.5786930365034,0.80513626,0.02986982,3.2926821046041637
1238.5886465086876,0.7843715,0.02949385,3.2948161912417904
1238.5985999808718,0.7616253,0.029079065,3.2969573168519926
1238.608553453056,0.8123699,0.03000065,3.299106319621511
1238.6185069252401,0.8475319,0.030622562,3.301263997967418
1238.628460397424,0.8258858,0.030243175,3.3034303783868846
1238.6384138696085,0.77519,0.029332053,3.3056061947834285
1238.6483673417924,0.7814562,0.029447787,3.307792236457343
1238.6583208139766,0.7783588,0.029392337,3.309990141986016
1238.6682742861608,0.7659732,0.029166926,3.312200618445294
1238.678227758345,0.8218505,0.030176012,3.3144233577951487
1238.6881812305292,0.8229189,0.030196717,3.3166586018356083
1238.6981347027133,0.743249,0.028747207,3.31890643706392
1238.7080881748975,0.82810533,0.030290088,3.321168060712857
1238.7180416470817,0.798126,0.029755877,3.3234432098934206
1238.7279951192659,0.82298404,0.030200599,3.3257316122263236
1238.73794859145,0.7805447,0.029438436,3.32803389537351
1238.7479020636342,0.78775746,0.029569104,3.330350957425865
1238.7578555358182,0.79194725,0.029647032,3.332685792779584
1238.7678090080024,0.80433595,0.029870447,3.3350390239449137
1238.7777624801865,0.763055,0.029121296,3.3374119065980477
1238.7877159523707,0.72365993,0.028385546,3.339806680446377
1238.797669424555,0.79921144,0.02978075,3.342226066707817
1238.807622896739,0.8178192,0.030113565,3.3446769646799583
1238.8175763689233,0.72886425,0.028486213,3.3471600058178064
1238.8275298411074,0.777474,0.029387994,3.3496762326321137
1238.8374833132916,0.7775697,0.02939186,3.3522243237566953
1238.8474367854758,0.82720214,0.03028388,3.3547988403690123
1238.85739025766,0.8013749,0.029823672,3.3573916185210124
1238.867343729844,0.7652007,0.029167175,3.3599878740775218
1238.877297202028,0.7247876,0.028412959,3.3625761661419467
1238.8872506742123,0.7227316,0.028375752,3.365146868298382
1238.8972041463965,0.7402843,0.028705915,3.367692212069505
1238.9071576185806,0.74761087,0.028844314,3.370201252452074
1238.9171110907648,0.7837716,0.029508924,3.3726722160130724
1238.927064562949,0.7310499,0.028535187,3.375099379606568
1238.9370180351332,0.7538353,0.028961774,3.3774767991753953
1238.9469715073174,0.7445845,0.028791325,3.3797977027519983
1238.9569249795015,0.8004557,0.029815836,3.3820528884692274
1238.9668784516857,0.77253056,0.029308444,3.3842508188231
1238.9768319238697,0.77560717,0.029365493,3.386398044473147
1238.9867853960538,0.7776821,0.029403945,3.3885048314568396
1238.996738868238,0.78596216,0.029555196,3.390582579982546
1239.0066923404222,0.8108907,0.030006493,3.3926438505281946
1239.0166458126064,0.79325414,0.02968943,3.39470096889348
1239.0265992847906,0.7942698,0.029707521,3.3967611635694785
1239.0365527569747,0.8264724,0.030287132,3.3988295457923057
1239.046506229159,0.83272314,0.030397734,3.4009100042814406
1239.056459701343,0.7436474,0.028780947,3.403004514460817
1239.0664131735273,0.80264145,0.029862877,3.4051116868620137
1239.0763666457115,0.79440683,0.029715346,3.4072303869848333
1239.0863201178954,0.7612794,0.029110935,3.409359132090911
1239.0962735900796,0.78819704,0.029604008,3.4114969403553435
1239.1062270622638,0.7592589,0.029075572,3.4136424883483287
1239.116180534448,0.7623106,0.029131398,3.4157943583654413
1239.1261340066321,0.748908,0.028884917,3.417952021228018
1239.1360874788163,0.7561796,0.029021246,3.420115162814443
1239.1460409510005,0.7117185,0.028185705,3.4222840689269227
1239.1559944231847,0.68165284,0.027606037,3.424458694008083
1239.1659478953688,0.7365674,0.028659122,3.4266389244328237
1239.175901367553,0.7107543,0.02817015,3.428825032368682
1239.1858548397372,0.7645642,0.029180625,3.431017327835925
1239.1958083119212,0.7511052,0.028931959,3.433216733557817
1239.2057617841053,0.77600443,0.029392228,3.4354231902558587
1239.2157152562895,0.7739192,0.029354338,3.4376365228063688
1239.2256687284737,0.75115395,0.028934672,3.439856802141111
1239.2356222006579,0.80291605,0.029881774,3.4420840714648278
1239.245575672842,0.75948304,0.029091414,3.4443191197102934
1239.2555291450262,0.7594918,0.029092556,3.446561456654749
1239.2654826172104,0.73982805,0.028727088,3.448810850939681
1239.2754360893946,0.78433913,0.029549055,3.4510672547817287
1239.2853895615788,0.7678116,0.029248115,3.4533305787313653
1239.295343033763,0.82374656,0.030259283,3.4556015122303667
1239.305296505947,0.7419664,0.02876958,3.457879271763669
1239.315249978131,0.8102848,0.030020956,3.46016371006842
1239.3252034503153,0.76888245,0.029270213,3.462454882784622
1239.3351569224994,0.7544295,0.029004727,3.4647529117955713
1239.3451103946836,0.734743,0.028637588,3.467058908243668
1239.3550638668678,0.71098495,0.028188849,3.469372136388997
1239.365017339052,0.7586825,0.029087866,3.4716926307794154
1239.3749708112362,0.7680005,0.029259393,3.4740203701123265
1239.3849242834203,0.77630705,0.029413046,3.476355275698692
1239.3948777556045,0.7680121,0.029260868,3.478697911423574
1239.4048312277887,0.77420694,0.029375555,3.481047000820046
1239.4147846999726,0.77114755,0.029320048,3.4834021566815014
1239.4247381721568,0.7742851,0.029379245,3.4857630163635407
1239.434691644341,0.80952597,0.030018467,3.488129420405766
1239.4446451165252,0.7795229,0.029476348,3.490501762757769
1239.4545985887094,0.7650249,0.029211547,3.492879493096471
1239.4645520608935,0.7350072,0.028653868,3.4952628043501126
1239.4745055330777,0.8003482,0.029858528,3.4976519549659866
1239.484459005262,0.771382,0.029332569,3.500047430822076
1239.494412477446,0.77033997,0.029314259,3.502449985875357
1239.5043659496303,0.78274524,0.029540855,3.5048591885990708
1239.5143194218144,0.728929,0.028544137,3.5072752281370865
1239.5242728939984,0.82417053,0.030287476,3.509698270299682
1239.5342263661828,0.7942286,0.029752666,3.512128787343833
1239.5441798383667,0.8460054,0.030674595,3.514567251400395
1239.554133310551,0.8429351,0.030622045,3.517013075080299
1239.564086782735,0.8077284,0.029997576,3.519466297570639
1239.5740402549193,0.8388678,0.030553471,3.521926909506786
1239.5839937271035,0.83478576,0.030482566,3.524395276416449
1239.5939471992876,0.8731186,0.031152565,3.5268714404691064
1239.6039006714718,0.85652256,0.030864041,3.529354664290456
1239.613854143656,0.8627544,0.030973583,3.5318447618351465
1239.6238076158402,0.81509346,0.030134534,3.534341517027283
1239.6337610880241,0.8440899,0.03064881,3.536845131521507
1239.6437145602085,0.8296278,0.03039537,3.53935534786466
1239.6536680323925,0.79231066,0.029727265,3.5418716133682766
1239.6636215045767,0.7695485,0.029312635,3.5443939458267835
1239.6735749767608,0.7768147,0.029447194,3.546922534255959
1239.683528448945,0.8410406,0.03059966,3.5494582754898714
1239.6934819211292,0.81108326,0.030069342,3.552001393230614
1239.7034353933134,0.8327986,0.030455872,3.554551746274616
1239.7133888654976,0.82147986,0.030257072,3.5571094114877164
1239.7233423376817,0.86396164,0.031003755,3.5596742834851174
1239.733295809866,0.7997322,0.029868273,3.562246784790886
1239.74324928205,0.8961394,0.03155986,3.5648263921001178
1239.7532027542343,0.784215,0.029588632,3.56741281280843
1239.7631562264182,0.85162234,0.03079312,3.570006177033676
1239.7731096986024,0.8049682,0.029966112,3.5726066310250837
1239.7830631707866,0.8091888,0.030043831,3.5752148556312777
1239.7930166429708,0.8319808,0.030450266,3.5778297658185876
1239.802970115155,0.812257,0.030099094,3.5804501477222916
1239.8129235873391,0.8724323,0.0311593,3.583074677359074
1239.8228770595233,0.87253803,0.031162914,3.58570190499747
1239.8328305317075,0.8103082,0.030067582,3.5883306316407353
1239.8427840038917,0.9036573,0.031697854,3.5909600219825513
1239.8527374760758,0.9026813,0.031682175,3.593590073693692
1239.86269094826,0.87262326,0.03116769,3.5962213460203403
1239.872644420444,0.8238426,0.03031301,3.5988547845314174
1239.8825978926282,0.8840041,0.03136494,3.601492077771719
1239.8925513648123,0.8829697,0.03134758,3.6041340279908693
1239.9025048369965,0.8612319,0.030972898,3.606781404881203
1239.9124583091807,0.89236176,0.03151108,3.609434747895558
1239.9224117813649,0.80947477,0.030061385,3.6120944044905783
1239.932365253549,0.9338845,0.032214787,3.6147614252422935
1239.9423187257332,0.85932547,0.030944798,3.6174350045352854
1239.9522721979174,0.856126,0.030887792,3.620115168848427
1239.9622256701016,0.8146225,0.030155957,3.6228019361721873
1239.9721791422858,0.8271488,0.03038072,3.6254954145596083
1239.9821326144697,0.7711795,0.029370831,3.628196367122574
1239.992086086654,0.7805251,0.029543126,3.630903981588849
1240.002039558838,0.85002905,0.030787695,3.63361826769464
1240.0119930310223,0.7971801,0.029847879,3.6363392299136
1240.0219465032064,0.8864257,0.03142093,3.639067027544672
1240.0318999753906,0.83348215,0.030497862,3.6418022489974713
1240.0418534475748,0.8501447,0.030793523,3.6445441198814557
1240.051806919759,0.8761152,0.031246047,3.6472926203369997
1240.0617603919432,0.90207297,0.031691615,3.6500477242222673
1240.0717138641273,0.87510604,0.031230154,3.652809620344793
1240.0816673363115,0.9457207,0.03242726,3.6555786870997613
1240.0916208084955,0.90728676,0.031781703,3.6583541716397403
1240.1015742806796,0.8647754,0.031053748,3.661135982851796
1240.1115277528638,0.8502327,0.030800369,3.6639240391924206
1240.121481225048,0.8928069,0.03153835,3.66671857038069
1240.1314346972322,0.8523783,0.030839982,3.669519880387581
1240.1413881694164,0.8378547,0.030585518,3.672327496828777
1240.1513416416005,0.83891445,0.030605612,3.675141575993618
1240.1612951137847,0.8596812,0.030970328,3.6779622943848493
1240.171248585969,0.834828,0.030534776,3.6807901968363415
1240.181202058153,0.87417954,0.031223029,3.6836255858993088
1240.1911555303373,0.901228,0.031688,3.6864679414550237
1240.2011090025212,0.92209256,0.03204369,3.689317254685799
1240.2110624747054,0.8909973,0.031516545,3.6921734836929607
1240.2210159468896,0.8214075,0.030300692,3.6950370129532724
1240.2309694190737,0.8950519,0.03158673,3.697907780902784
1240.240922891258,0.8722978,0.031196157,3.700785178012712
1240.250876363442,0.8556726,0.030907916,3.703669036598899
1240.2608298356263,0.7996363,0.029912751,3.7065591333405337
1240.2707833078105,0.79969823,0.02991607,3.7094556388059043
1240.2807367799946,0.8215122,0.030308519,3.71235818910339
1240.2906902521788,0.86515117,0.031077875,3.7152662799794607
1240.300643724363,0.7821555,0.029600764,3.718179891977189
1240.310597196547,0.8309481,0.030479588,3.7210991611019857
1240.3205506687311,0.82685137,0.030408135,3.7240248999690087
1240.3305041409153,0.8144338,0.030188167,3.726957313073791
1240.3404576130995,0.8445339,0.030722983,3.729896440818032
1240.3504110852837,0.8196492,0.030282231,3.7328425515876162
1240.3603645574678,0.8019672,0.029965283,3.735795815480909
1240.370318029652,0.82276887,0.030340273,3.738757031855794
1240.3802715018362,0.8363546,0.0305831,3.7417258430112033
1240.3902249740204,0.7387547,0.028803984,3.7447019053205044
1240.4001784462046,0.79794896,0.029897891,3.7476851321111417
1240.4101319183887,0.78652054,0.02969037,3.750675418133215
1240.4200853905727,0.757448,0.029155118,3.7536733828188287
1240.4300388627569,0.758497,0.0291767,3.756678400361398
1240.439992334941,0.83749574,0.030608583,3.7596901646945997
1240.4499458071252,0.8012072,0.029961465,3.7627086232962106
1240.4598992793094,0.75030977,0.02902758,3.7657337648122935
1240.4698527514936,0.8250715,0.03039028,3.7687663928166706
1240.4798062236778,0.7773282,0.029529147,3.7718059482997313
1240.489759695862,0.7607702,0.029224819,3.7748523407431156
1240.4997131680461,0.80124104,0.029966267,3.777905624663515
1240.5096666402303,0.7888771,0.029743899,3.7809658518271028
1240.5196201124145,0.80137503,0.029971344,3.7840339538515355
1240.5295735845984,0.87099177,0.03120468,3.7871092228935908
1240.5395270567826,0.8211556,0.030328384,3.79019164891115
1240.5494805289668,0.88663083,0.031476513,3.7932813208389096
1240.559434001151,0.85967696,0.031010518,3.7963783211692324
1240.5693874733352,0.835789,0.030591635,3.7994837158524195
1240.5793409455193,0.89185023,0.03156852,3.8025965889424436
1240.5892944177035,0.82240397,0.030357048,3.805716927569815
1240.5992478898877,0.89606583,0.03164239,3.8088447326046238
1240.6092013620719,0.8670729,0.031144664,3.811980031508189
1240.619154834256,0.8598384,0.031019872,3.8151237664355455
1240.6291083064402,0.8899826,0.03154308,3.818274944437473
1240.6390617786242,0.92542124,0.032146133,3.8214335773492474
1240.6490152508086,0.9108653,0.031901293,3.824599692291048
1240.6589687229925,0.8994679,0.031708386,3.827773434179605
1240.6689221951767,0.9202378,0.032061238,3.830955690284756
1240.678875667361,0.8787787,0.03135587,3.834145567467253
1240.688829139545,0.92968076,0.032222748,3.837343101174535
1240.6987826117293,0.86426616,0.0311061,3.8405483178447346
1240.7087360839134,0.8808448,0.031393833,3.8437614129067885
1240.7186895560976,0.9120306,0.031927567,3.8469831254639044
1240.7286430282818,0.9007274,0.031737722,3.850212582848485
1240.738596500466,0.8425952,0.030731443,3.853449806210028
1240.7485499726502,0.8310185,0.030525152,3.856694817454794
1240.7585034448343,0.85368764,0.030874446,3.859947882608494
1240.7684569170183,0.82886904,0.030367367,3.863209619610399
1240.7784103892025,0.83714366,0.030455716,3.8664792115341298
1240.7883638613866,0.8068562,0.042498402,3.869756685658415
1240.7983173335708,,,3.8730420818683298
1240.808270805755,,,3.8763357716923945
1240.8182242779392,,,3.8796383056141615
1240.8281777501234,,,3.8829489645847595
1240.8381312223075,,,3.886267816868912
1240.8480846944917,,,3.8895949226789055
1240.858038166676,,,3.8929307238095254
1240.86799163886,,,3.8962755974036405
1240.877945111044,,,3.8996288145653075
1240.8878985832282,,,3.902990434704524
1240.8978520554124,,,3.9063605450758634
1240.9078055275966,,,3.90973972471237
1240.9177589997807,,,3.913128337173913
1240.927712471965,,,3.9165258290142453
1240.937665944149,,,3.919932371558877
1240.9476194163333,,,3.9233481344720635
1240.9575728885175,,,3.926773895870718
1240.9675263607016,,,3.930209940432479
1240.9774798328858,,,3.933655705474177
1240.9874333050698,,,3.937111323501761
1240.997386777254,,,3.9405769212008677
1241.0073402494381,,,3.944053370114242
1241.0172937216223,,,3.9475407981313637
1241.0272471938065,,,3.951038718267809
1241.0372006659907,,,3.9545473816771564
1241.0471541381748,,,3.9580671087770884
1241.057107610359,,,3.961599261790747
1241.0670610825432,,,3.965144201457276
1241.0770145547274,,,3.96870185318582
1241.0869680269116,,,3.9722729307620237
1241.0969214990955,,,3.9758582640627544
1241.1068749712797,,,3.979460288701373
1241.1168284434639,,,3.983079915713436
1241.126781915648,,,3.9867179866403255
1241.1367353878322,,,3.9903766341283378
1241.1466888600164,,,3.9940584533950503
1241.1566423322006,,,3.9977689509885606
1241.1665958043848,,,4.001508985540329
1241.176549276569,,,4.00527673123327
1241.1865027487531,,,4.009068210612865
1241.1964562209373,,,4.012875944679798
1241.2064096931213,,,4.016689394006194
1241.2163631653054,,,4.02049604448977
1241.2263166374896,,,4.024286317999964
1241.2362701096738,,,4.0280524904609365
1241.246223581858,,,4.031788526387588
1241.2561770540422,,,4.035485067731342
1241.2661305262263,,,4.039140495600265
1241.2760839984105,,,4.0427528420148136
1241.2860374705947,,,4.046320468994813
1241.2959909427789,,,4.049844311756129
1241.305944414963,,,4.053324253308258
1241.315897887147,,,4.056772174957923
1241.3258513593312,,,4.060198182757778
1241.3358048315154,,,4.063611298607
1241.3457583036995,,,4.0670188699726095
1241.3557117758837,,,4.070426439972588
1241.365665248068,,,4.073837367036115
1241.375618720252,,,4.077253266450006
1241.3855721924363,,,4.080675222773405
1241.3955256646204,,,4.084104029479426
1241.4054791368046,,,4.087541231452927
1241.4154326089888,,,4.090986206485988
1241.4253860811727,,,4.094438740598458
1241.435339553357,,,4.097898387808396
1241.445293025541,,,4.101364445054898
1241.4552464977253,,,4.1048366183833025
1241.4651999699095,,,4.108313167967009
1241.4751534420936,,,4.111793251647503
1241.4851069142778,,,4.115276226178448
1241.495060386462,,,4.118761666383296
1241.5050138586462,,,4.122249605305138
1241.5149673308304,,,4.125739626442967
1241.5249208030145,,,4.129231555818308
1241.5348742751985,,,4.13272514206157
1241.5448277473827,,,4.136220063362495
1241.5547812195668,,,4.139715968229937
1241.564734691751,,,4.143212363690588
1241.5746881639352,,,4.14670895347262
1241.5846416361194,,,4.150205547560011
1241.5945951083036,,,4.153702110536969
1241.6045485804877,,,4.1571988071587676
1241.614502052672,,,4.160696020364121
1241.624455524856,,,4.164194222409761
1241.6344089970403,,,4.167693973206124
1241.6443624692242,,,4.171195908504256
1241.6543159414086,,,4.1747008836037915
1241.6642694135926,,,4.1782090180264975
1241.6742228857768,,,4.181720431508548
1241.684176357961,,,4.185235001592032
1241.6941298301451,,,4.188752503186204
1241.7040833023293,,,4.192272758499638
1241.7140367745135,,,4.195795160388312
1241.7239902466977,,,4.199319495832419
1241.7339437188818,,,4.202845707888874
1241.743897191066,,,4.2063739598027095
1241.75385066325,,,4.209904721321949
1241.7638041354344,,,4.213438192523214
1241.7737576076183,,,4.216974814778616
1241.7837110798025,,,4.220515046619374
1241.7936645519867,,,4.224059472041512
1241.8036180241709,,,4.227608822466654
1241.813571496355,,,4.231163043099592
1241.8235249685392,,,4.234722489092731
1241.8334784407234,,,4.238287547619567
1241.8434319129076,,,4.24185892518018
1241.8533853850918,,,4.245437602861796
1241.863338857276,,,4.249023619553435
1241.8732923294601,,,4.252617698103332
1241.883245801644,,,4.256220620814596
1241.8931992738283,,,4.259833569127406
1241.9031527460124,,,4.263457424585993
1241.9131062181966,,,4.267090743269008
1241.9230596903808,,,4.270731856234198
1241.933013162565,,,4.2743779263298745
1241.9429666347492,,,4.278024755887308
1241.9529201069333,,,4.2816666292011325
1241.9628735791175,,,4.28529883298297
1241.9728270513017,,,4.288917218113428
1241.9827805234859,,,4.292518680646048
1241.9927339956698,,,4.296100562993139
1242.002687467854,,,4.2996627363995445
1242.0126409400382,,,4.3032089961533435
1242.0225944122224,,,4.3067424393077065
1242.0325478844065,,,4.3102665963316715
1242.0425013565907,,,4.313784673738488
1242.052454828775,,,4.317299919162336
1242.062408300959,,,4.320814931737606
1242.0723617731433,,,4.324331310311843
1242.0823152453274,,,4.327850254877486
1242.0922687175116,,,4.331372923381904
1242.1022221896956,,,4.3349000527228645
1242.1121756618797,,,4.338431652269843
1242.122129134064,,,4.341967782896887
1242.132082606248,,,4.345508346107707
1242.1420360784323,,,4.349053423456657
1242.1519895506165,,,4.35260279327159
1242.1619430228006,,,4.356155969973189
1242.1718964949848,,,4.359712766952595
1242.181849967169,,,4.3632729945343325
1242.1918034393532,,,4.3668366424209735
1242.2017569115374,,,4.37040342572114
1242.2117103837213,,,4.373972898741274
1242.2216638559055,,,4.377544825524874
1242.2316173280897,,,4.3811190056541065
1242.2415708002738,,,4.384695417364509
1242.251524272458,,,4.38827391972028
1242.2614777446422,,,4.391854326885792
1242.2714312168264,,,4.3954365758503835
1242.2813846890106,,,4.39902059484473
1242.2913381611947,,,4.402606400808205
1242.301291633379,,,4.406193867354738
1242.311245105563,,,4.409782841968574
1242.321198577747,,,4.413373283449017
1242.3311520499312,,,4.416965183241938
1242.3411055221154,,,4.420558655819105
1242.3510589942996,,,4.424153697922986
1242.3610124664838,,,4.427750227581704
1242.370965938668,,,4.4313481393802325
1242.3809194108521,,,4.434947200702064
1242.3908728830363,,,4.438546996063513
1242.4008263552205,,,4.442146752833604
1242.4107798274047,,,4.4457455539206
1242.4207332995888,,,4.4493423727682355
1242.4306867717728,,,4.452936149293421
1242.440640243957,,,4.456525426590066
1242.4505937161412,,,4.46010944792052
1242.4605471883253,,,4.463687864679532
1242.4705006605095,,,4.467260270825977
1242.4804541326937,,,4.470826395673192
1242.4904076048779,,,4.474385438491795
1242.500361077062,,,4.477937660531397
1242.5103145492462,,,4.481483438707901
1242.5202680214304,,,4.485022881644337
1242.5302214936146,,,4.488556170591677
1242.5401749657985,,,4.49208300711667
1242.5501284379827,,,4.495604163128754
1242.560081910167,,,4.49912045948818
1242.570035382351,,,4.502632598929462
1242.5799888545353,,,4.506141496446046
1242.5899423267194,,,4.509648269438671
1242.5998957989036,,,4.513154913334091
1242.6098492710878,,,4.516663659996006
1242.619802743272,,,4.520177225045664
1242.6297562154562,,,4.5236991700872355
1242.6397096876403,,,4.527236277816241
1242.6496631598243,,,4.530795468760094
1242.6596166320087,,,4.53438410715211
1242.6695701041926,,,4.53800956577513
1242.6795235763768,,,4.541677361089516
1242.689477048561,,,4.54539608482091
1242.6994305207452,,,4.549165707926103
1242.7093839929294,,,4.552986745228951
1242.7193374651135,,,4.556860540426137
1242.7292909372977,,,4.560786871952927
1242.739244409482,,,4.56476926926481
1242.749197881666,,,4.568801437284736
1242.75915135385,,,4.572879081141437
1242.7691048260344,,,4.576999880702448
1242.7790582982184,,,4.581161650629263
1242.7890117704026,,,4.585366290674339
1242.7989652425867,,,4.5896087670360775
1242.808918714771,,,4.593886020925677
1242.818872186955,,,4.598196526008526
1242.8288256591393,,,4.602538975265808
1242.8387791313235,,,4.606915521833926
1242.8487326035076,,,4.611322738651073
1242.8586860756918,,,4.615758717399934
1242.868639547876,,,4.620222449492641
1242.8785930200602,,,4.624712713101882
1242.8885464922441,,,4.629230535352784
1242.8984999644283,,,4.6337717619476075
1242.9084534366125,,,4.638333467818258
1242.9184069087967,,,4.6429135430979676
1242.9283603809808,,,4.647510186005258
1242.938313853165,,,4.652123680926223
1242.9482673253492,,,4.656752155423264
1242.9582207975334,,,4.661395435198335
1242.9681742697176,,,4.6660544320008315
1242.9781277419017,,,4.670730458139751
1242.988081214086,,,4.6754271347561005
1242.9980346862699,,,4.680144284242047
1243.007988158454,,,4.684882165049742
1243.0179416306382,,,4.689641076684774
1243.0278951028224,,,4.694420876975773
1243.0378485750066,,,4.699223306022344
1243.0478020471908,,,4.7040457606679436
1243.057755519375,,,4.708886900037168
1243.0677089915591,,,4.713745976434668
1243.0776624637433,,,4.718622340176439
1243.0876159359275,,,4.723517264147817
1243.0975694081117,,,4.72842862508397
1243.1075228802956,,,4.733355326301508
1243.1174763524798,,,4.738296585121537
1243.127429824664,,,4.743251528403194
1243.1373832968482,,,4.748220630278206
1243.1473367690323,,,4.753201870632446
1243.1572902412165,,,4.758194344826256
1243.1672437134007,,,4.763197639502486
1243.1771971855849,,,4.768211446161102
1243.187150657769,,,4.77323650649032
1243.1971041299532,,,4.778271208438289
1243.2070576021374,,,4.783314370019915
1243.2170110743214,,,4.7883648573637645
1243.2269645465055,,,4.793421516640381
1243.2369180186897,,,4.7984839652735385
1243.246871490874,,,4.803551350177678
1243.256824963058,,,4.808623770001007
1243.2667784352423,,,4.8137018962027875
1243.2767319074264,,,4.818786630949912
1243.2866853796106,,,4.823879729847771
1243.2966388517948,,,4.828981145966449
1243.306592323979,,,4.8340908637294175
1243.3165457961632,,,4.8392086845883835
1243.326499268347,,,4.844334121654908
1243.3364527405313,,,4.849467095498521
1243.3464062127155,,,4.854605904026521
1243.3563596848996,,,4.859749322422225
1243.3663131570838,,,4.864896279873281
1243.376266629268,,,4.870045814567749
1243.3862201014522,,,4.875197294128633
1243.3961735736364,,,4.880350169454567
1243.4061270458205,,,4.885504488201961
1243.4160805180047,,,4.8906606506988135
1243.426033990189,,,4.895819253866614
1243.4359874623729,,,4.900981306355662
1243.445940934557,,,4.906147076040191
1243.4558944067412,,,4.911316728430203
1243.4658478789254,,,4.91649025575089
1243.4758013511096,,,4.921667425289657
1243.4857548232937,,,4.926848154238071
1243.495708295478,,,4.932031670973066
1243.505661767662,,,4.937217472401322
1243.5156152398463,,,4.942405165022263
1243.5255687120305,,,4.947594398291602
1243.5355221842146,,,4.952784924408167
1243.5454756563986,,,4.9579763149134415
1243.5554291285828,,,4.9631682390841405
1243.565382600767,,,4.968360376582282
1243.5753360729511,,,4.973552394047644
1243.5852895451353,,,4.978743815103634
1243.5952430173195,,,4.983934314023112
1243.6051964895037,,,4.989123566099188
1243.6151499616878,,,4.994311233128492
1243.625103433872,,,4.999496991423614
1243.6350569060562,,,5.004680215626293
1243.6450103782404,,,5.0098608198073675
1243.6549638504243,,,5.015038625304415
1243.6649173226085,,,5.02021338437082
1243.6748707947927,,,5.025384815920734
1243.6848242669769,,,5.030552066304445
1243.694777739161,,,5.035714922403295
1243.7047312113452,,,5.040872804304589
1243.7146846835294,,,5.046024798534306
1243.7246381557136,,,5.051169749708393
1243.7345916278978,,,5.0563051937406644
1243.744545100082,,,5.061430334467534
1243.7544985722661,,,5.066544325742134
1243.76445204445,,,5.071646452630645
1243.7744055166345,,,5.076736477686612
1243.7843589888184,,,5.0818133304859945
1243.7943124610026,,,5.0868786968242645
1243.8042659331868,,,5.091933587537965
1243.814219405371,,,5.09697820112818
1243.8241728775552,,,5.10201178661884
1243.8341263497393,,,5.107029760933953
1243.8440798219235,,,5.112026815465198
1243.8540332941077,,,5.116994960219008
1243.8639867662919,,,5.121924473335224
1243.8739402384758,,,5.126806410076884
1243.8838937106602,,,5.1316277889374415
1243.8938471828442,,,5.136389232471075
1243.9038006550284,,,5.141093408055903
1243.9137541272125,,,5.145743409584176
1243.9237075993967,,,5.1503439176933234
1243.933661071581,,,5.154897152788349
1243.943614543765,,,5.159414951798506
1243.9535680159493,,,5.1639083057607955
1243.9635214881334,,,5.168387607067025
1243.9734749603176,,,5.172863332583367
1243.9834284325018,,,5.177345470019317
1243.993381904686,,,5.181839127441949
1244.00333537687,,,5.186344488270392
1244.013288849054,,,5.190859366260437
1244.0232423212383,,,5.1953801808414415
1244.0331957934225,,,5.199902985833558
1244.0431492656066,,,5.204423993602427
1244.0531027377908,,,5.208940774443117
1244.063056209975,,,5.213451686434691
1244.0730096821592,,,5.217955775119235
1244.0829631543434,,,5.222451907438496
1244.0929166265275,,,5.226940547200586
1244.1028700987117,,,5.231422256810406
1244.1128235708957,,,5.235897240789136
1244.1227770430799,,,5.240365571423614
1244.132730515264,,,5.2448264017005615
1244.1426839874482,,,5.249279654358721
1244.1526374596324,,,5.253725141570919
1244.1625909318166,,,5.258162310310916
1244.1725444040007,,,5.262590620092128
1244.182497876185,,,5.2670086350112575
1244.192451348369,,,5.2714162920888405
1244.2024048205533,,,5.275813700638544
1244.2123582927375,,,5.280200519062475
1244.2223117649214,,,5.284576419206604
1244.2322652371056,,,5.288939999863415
1244.2422187092898,,,5.293291309856731
1244.252172181474,,,5.297630604109414
1244.2621256536581,,,5.301957529951095
1244.2720791258423,,,5.306271743069036
1244.2820325980265,,,5.310571729618246
1244.2919860702107,,,5.314857561534941
1244.3019395423948,,,5.319129681650809
1244.311893014579,,,5.323387774620136
1244.3218464867632,,,5.327631495842423
1244.3317999589472,,,5.33185914930183
1244.3417534311313,,,5.336070597248178
1244.3517069033155,,,5.340266329881803
1244.3616603754997,,,5.34444605338453
1244.3716138476839,,,5.3486096246678025
1244.381567319868,,,5.3527557499343335
1244.3915207920522,,,5.356884902401946
1244.4014742642364,,,5.3609983021969585
1244.4114277364206,,,5.365096066052399
1244.4213812086048,,,5.3691781469721676
1244.431334680789,,,5.373243007630473
1244.441288152973,,,5.37729020742237
1244.451241625157,,,5.381320105570255
1244.4611950973413,,,5.385331926145591
1244.4711485695254,,,5.389324936375498
1244.4811020417096,,,5.393297065144116
1244.4910555138938,,,5.397247926458055
1244.501008986078,,,5.401178753963412
1244.5109624582622,,,5.4050895183148775
1244.5209159304463,,,5.408980290649741
1244.5308694026305,,,5.412849869889395
1244.5408228748147,,,5.416698422793222
1244.5507763469986,,,5.420527701037969
1244.5607298191828,,,5.424337965125298
1244.570683291367,,,5.428129436403058
1244.5806367635512,,,5.431901042194542
1244.5905902357354,,,5.435652551335593
1244.6005437079195,,,5.439385352644031
1244.6104971801037,,,5.443099245457287
1244.620450652288,,,5.446793911107326
1244.630404124472,,,5.450467647427389
1244.6403575966563,,,5.454119162391012
1244.6503110688404,,,5.457749127057228
1244.6602645410244,,,5.461356301566397
1244.6702180132086,,,5.4649392861281525
1244.6801714853927,,,5.468495172846035
1244.690124957577,,,5.472021809392779
1244.700078429761,,,5.4755209477938624
1244.7100319019453,,,5.4789925517672105
1244.7199853741295,,,5.482436951814828
1244.7299388463136,,,5.485853404829919
1244.7398923184978,,,5.489241535419748
1244.749845790682,,,5.492604152504964
1244.7597992628662,,,5.495941177964644
1244.7697527350501,,,5.499251976748312
1244.7797062072345,,,5.5025339611797675
1244.7896596794185,,,5.505783679775188
1244.7996131516027,,,5.509002140449357
1244.8095666237868,,,5.5121880026233505
1244.819520095971,,,5.515340705347635
1244.8294735681552,,,5.518459468528796
1244.8394270403394,,,5.521544078049284
1244.8493805125236,,,5.524599791943568
1244.8593339847077,,,5.527628093945351
1244.869287456892,,,5.530629319032171
1244.8792409290759,,,5.533601065464753
1244.8891944012603,,,5.53653693872213
1244.8991478734442,,,5.539434251961765
1244.9091013456284,,,5.5422863171788626
1244.9190548178126,,,5.545086769990988
1244.9290082899968,,,5.547829141303776
1244.938961762181,,,5.550506434343524
1244.9489152343651,,,5.553126224185618
1244.9588687065493,,,5.5556915494088575
1244.9688221787335,,,5.558206695512258
1244.9787756509177,,,5.560675702119666
1244.9887291231018,,,5.563101181942283
1244.998682595286,,,5.565494305970409
1245.00863606747,,,5.567861047880845
1245.0185895396542,,,5.570206979591117
1245.0285430118383,,,5.572536157101337
1245.0384964840225,,,5.5748496048961735
1245.0484499562067,,,5.577149454824669
1245.0584034283909,,,5.5794347205502905
1245.068356900575,,,5.581703833830916
1245.0783103727592,,,5.583955044635912
1245.0882638449434,,,5.5861847937298394
1245.0982173171276,,,5.588394603533158
1245.1081707893118,,,5.590583751609295
1245.1181242614957,,,5.592751523778901
1245.12807773368,,,5.594897014807363
1245.138031205864,,,5.5970163133701485
1245.1479846780483,,,5.599111771969537
1245.1579381502324,,,5.601182844982908
1245.1678916224166,,,5.603229241979368
1245.1778450946008,,,5.605250960649222
1245.187798566785,,,5.607244777114735
1245.1977520389692,,,5.609214592647555
1245.2077055111533,,,5.611160693990427
1245.2176589833375,,,5.6130831750442445
1245.2276124555215,,,5.614981885948372
1245.2375659277056,,,5.616853121158075
1245.2475193998898,,,5.618699553765893
1245.257472872074,,,5.620520937995623
1245.2674263442582,,,5.6223169456852515
1245.2773798164424,,,5.624087317121719
1245.2873332886265,,,5.625828387838434
1245.2972867608107,,,5.6275427835913225
1245.307240232995,,,5.62923027956403
1245.317193705179,,,5.630890085414464
1245.3271471773633,,,5.6325212490312
1245.3371006495472,,,5.63411900395709
1245.3470541217314,,,5.635685459785522
1245.3570075939156,,,5.637220700141017
1245.3669610660997,,,5.63872450648541
1245.376914538284,,,5.640196839023437
1245.386868010468,,,5.641634032854919
1245.3968214826523,,,5.643038680116971
1245.4067749548365,,,5.644411140457854
1245.4167284270206,,,5.645750675992688
1245.4266818992048,,,5.647056504715575
1245.436635371389,,,5.648324253954036
1245.446588843573,,,5.649556165843222
1245.4565423157571,,,5.650753452888354
1245.4664957879413,,,5.651916217567153
1245.4764492601255,,,5.653044424807361
1245.4864027323097,,,5.654134138567833
1245.4963562044938,,,5.655186492947069
1245.506309676678,,,5.656201668072668
1245.5162631488622,,,5.65717808540161
1245.5262166210464,,,5.658113980677131
1245.5361700932306,,,5.659003343581556
1245.5461235654147,,,5.659845797345049
1245.5560770375987,,,5.660641432620954
1245.5660305097829,,,5.661388140770486
1245.575983981967,,,5.662083718247842
1245.5859374541512,,,5.662721095418924
1245.5958909263354,,,5.663299055975074
1245.6058443985196,,,5.663818261750199
1245.6157978707038,,,5.664276330111994
1245.625751342888,,,5.6646712888794255
1245.6357048150721,,,5.664997590113427
1245.6456582872563,,,5.665258537914567
1245.6556117594405,,,5.665463207487243
1245.6655652316244,,,5.665617710924073
1245.6755187038086,,,5.6657281149235725
1245.6854721759928,,,5.665798047053438
1245.695425648177,,,5.665835076948101
1245.7053791203612,,,5.665849171544031
1245.7153325925453,,,5.665847151779078
1245.7252860647295,,,5.665834583958264
1245.7352395369137,,,5.665815116848058
1245.7451930090979,,,5.665791440536978
1245.755146481282,,,5.665765393881621
1245.7650999534662,,,5.665737743623543
1245.7750534256502,,,5.665708885869949
1245.7850068978346,,,5.665678920345545
1245.7949603700185,,,5.665647817803693
1245.8049138422027,,,5.66561557192784
1245.814867314387,,,5.665581938332237
1245.824820786571,,,5.665546530584905
1245.8347742587553,,,5.665508686579993
1245.8447277309394,,,5.6654674953298665
1245.8546812031236,,,5.665422469452769
1245.8646346753078,,,5.665372821971603
1245.874588147492,,,5.6653178238578645
1245.884541619676,,,5.665256660955694
1245.8944950918603,,,5.66518833351081
1245.9044485640443,,,5.665113148817298
1245.9144020362285,,,5.665030862197369
1245.9243555084126,,,5.664941409007011
1245.9343089805968,,,5.664844640292033
1245.944262452781,,,5.664740105260734
1245.9542159249652,,,5.664629048351065
1245.9641693971494,,,5.664512071196559
1245.9741228693335,,,5.664389875467446
1245.9840763415177,,,5.664263196672108
1245.994029813702,,,5.664132635671765
1246.003983285886,,,5.6639996263098595
1246.01393675807,,,5.663864907750628
1246.0238902302542,,,5.66372898636105
1246.0338437024384,,,5.663592059195735
1246.0437971746226,,,5.663453819501585
1246.0537506468067,,,5.663314040799619
1246.063704118991,,,5.663172223190584
1246.073657591175,,,5.66302792237609
1246.0836110633593,,,5.662880882130296
1246.0935645355435,,,5.662730646803461
1246.1035180077276,,,5.6625777716026455
1246.1134714799118,,,5.6624223941855885
1246.1234249520958,,,5.662264570045652
1246.13337842428,,,5.6621042436438085
1246.1433318964641,,,5.66194090574701
1246.1532853686483,,,5.661774875177731
1246.1632388408325,,,5.661606388973606
1246.1731923130167,,,5.661435896575474
1246.1831457852008,,,5.6612639680422685
1246.193099257385,,,5.661090854676429
1246.2030527295692,,,5.660916495478929
1246.2130062017534,,,5.660739966338389
1246.2229596739376,,,5.66055967444597
1246.2329131461215,,,5.66037365675603
1246.2428666183057,,,5.660178822207228
1246.2528200904899,,,5.6599739987155715
1246.262773562674,,,5.6597586670300215
1246.2727270348582,,,5.659532886485362
1246.2826805070424,,,5.65929750822472
1246.2926339792266,,,5.659053372850816
1246.3025874514108,,,5.658803150013618
1246.312540923595,,,5.658549051609657
1246.3224943957791,,,5.658292684016374
1246.3324478679633,,,5.658035226410311
1246.3424013401473,,,5.657777284683944
1246.3523548123314,,,5.657518854106417
1246.3623082845156,,,5.657259332703414
1246.3722617566998,,,5.656997718532294
1246.382215228884,,,5.656732845710784
1246.3921687010682,,,5.656463160462193
1246.4021221732523,,,5.656187799175758
1246.4120756454365,,,5.655906672704877
1246.4220291176207,,,5.655619801607724
1246.4319825898049,,,5.655327514348187
1246.441936061989,,,5.655030020508966
1246.451889534173,,,5.6547280327892055
1246.4618430063572,,,5.654422473636672
1246.4717964785414,,,5.654113780534418
1246.4817499507255,,,5.653802259233784
1246.4917034229097,,,5.65348786060868
1246.501656895094,,,5.653170331678043
1246.511610367278,,,5.652849395812876
1246.5215638394623,,,5.65252415651062
1246.5315173116464,,,5.65219338896213
1246.5414707838306,,,5.651855346906466
1246.5514242560148,,,5.651508348589714
1246.5613777281987,,,5.651152637486279
1246.571331200383,,,5.65078849757464
1246.581284672567,,,5.650416973621413
1246.5912381447513,,,5.6500396858470285
1246.6011916169355,,,5.649658986907033
1246.6111450891196,,,5.649277730390772
1246.6210985613038,,,5.6488978468803275
1246.631052033488,,,5.6485207217653075
1246.6410055056722,,,5.648147229840612
1246.6509589778564,,,5.647778066644038
1246.6609124500405,,,5.647412920876341
1246.6708659222245,,,5.647051834590064
1246.6808193944087,,,5.6466949238219755
1246.6907728665929,,,5.646342422425727
1246.700726338777,,,5.645995029268323
1246.7106798109612,,,5.645652244198245
1246.7206332831454,,,5.645313747628579
1246.7305867553296,,,5.644978812958739
1246.7405402275137,,,5.644646370094397
1246.750493699698,,,5.644315208015804
1246.760447171882,,,5.643984219584035
1246.7704006440663,,,5.643653194239851
1246.7803541162502,,,5.64332282586593
1246.7903075884344,,,5.642994830742276
1246.8002610606186,,,5.642672977502308
1246.8102145328028,,,5.642360759096648
1246.820168004987,,,5.6420621071860095
1246.8301214771711,,,5.641780178847021
1246.8400749493553,,,5.641515912737385
1246.8500284215395,,,5.6412676352590765
1246.8599818937237,,,5.641025968438698
1246.8699353659078,,,5.640780654164745
1246.879888838092,,,5.640520624840489
1246.889842310276,,,5.640235125598484
1246.8997957824604,,,5.639910220728672
1246.9097492546443,,,5.639539738539497
1246.9197027268285,,,5.639118921080777
1246.9296561990127,,,5.638643206641218
1246.9396096711969,,,5.638110044230905
1246.949563143381,,,5.637514637441913
1246.9595166155652,,,5.636864517423512
1246.9694700877494,,,5.636170071568197
1246.9794235599336,,,5.635439942427157
1246.9893770321178,,,5.6346808915170765
1246.9993305043017,,,5.633893676678776
1247.0092839764861,,,5.6330772381544385
1247.01923744867,,,5.632229452409672
1247.0291909208543,,,5.631346707523672
1247.0391443930384,,,5.630426181333738
1247.0490978652226,,,5.629462826277657
1247.0590513374068,,,5.628454376040915
1247.069004809591,,,5.6274021452856555
1247.0789582817752,,,5.6263046143744635
1247.0889117539593,,,5.625160840153336
1247.0988652261435,,,5.6239682700056015
1247.1088186983277,,,5.622726973788609
1247.1187721705119,,,5.621443554604193
1247.1287256426958,,,5.620121683717559
1247.13867911488,,,5.6187657441580585
1247.1486325870642,,,5.617379599508579
1247.1585860592484,,,5.615967856760701
1247.1685395314325,,,5.6145383239344895
1247.1784930036167,,,5.6130956274468895
1247.188446475801,,,5.61164412373995
1247.198399947985,,,5.610188275432817
1247.2083534201693,,,5.608734224341984
1247.2183068923534,,,5.607289371215357
1247.2282603645376,,,5.605862393331956
1247.2382138367216,,,5.604462884253641
1247.2481673089057,,,5.603100046798057
1247.25812078109,,,5.601784049908327
1247.268074253274,,,5.6005107271204055
1247.2780277254583,,,5.599278211443748
1247.2879811976425,,,5.59808360843527
1247.2979346698266,,,5.596924151014122
1247.3078881420108,,,5.595801585672669
1247.317841614195,,,5.594709430235902
1247.3277950863792,,,5.593646339441177
1247.3377485585634,,,5.592611237072799
1247.3477020307473,,,5.591603203873913
1247.3576555029315,,,5.590624668105405
1247.3676089751157,,,5.5896717649062895
1247.3775624472999,,,5.588743492455271
1247.387515919484,,,5.587839201661521
1247.3974693916682,,,5.586958336679127
1247.4074228638524,,,5.586102951587006
1247.4173763360366,,,5.585270507558509
1247.4273298082207,,,5.584459940142443
1247.437283280405,,,5.583670675137094
1247.447236752589,,,5.5829020124648805
1247.457190224773,,,5.582154942648034
1247.4671436969572,,,5.5814270417409535
1247.4770971691414,,,5.580716116964808
1247.4870506413256,,,5.580020113027817
1247.4970041135098,,,5.5793357125625045
1247.506957585694,,,5.57865765617694
1247.5169110578781,,,5.577977359391822
1247.5268645300623,,,5.577286297234664
1247.5368180022465,,,5.576576764005971
1247.5467714744307,,,5.575842859162497
1247.5567249466148,,,5.575079463835735
1247.5666784187988,,,5.57428700489532
1247.576631890983,,,5.573470270761804
1247.5865853631672,,,5.572633451085977
1247.5965388353513,,,5.571781949340699
1247.6064923075355,,,5.57092216343997
1247.6164457797197,,,5.570063120976328
1247.6263992519039,,,5.569214549339376
1247.636352724088,,,5.568385991408266
1247.6463061962722,,,5.567586618931555
1247.6562596684564,,,5.566825521690892
1247.6662131406406,,,5.566109269293349
1247.6761666128245,,,5.56543401955733
1247.6861200850087,,,5.564797252161858
1247.696073557193,,,5.564195152767704
1247.706027029377,,,5.563624638316685
1247.7159805015613,,,5.563084618475477
1247.7259339737454,,,5.5625698368462135
1247.7358874459296,,,5.562079186543545
1247.7458409181138,,,5.561612146016825
1247.755794390298,,,5.561168846220632
1247.7657478624822,,,5.560751834770457
1247.7757013346663,,,5.560357628472544
1247.7856548068503,,,5.559985181787192
1247.7956082790345,,,5.559632843149257
1247.8055617512186,,,5.559298387481097
1247.8155152234028,,,5.558981120417447
1247.825468695587,,,5.558676734948763
1247.8354221677712,,,5.55838387220611
1247.8453756399554,,,5.55810205031842
1247.8553291121395,,,5.557831420920262
1247.8652825843237,,,5.557573986616434
1247.875236056508,,,5.557329295809126
1247.885189528692,,,5.55709728631209
1247.895143000876,,,5.5568770310629745
1247.9050964730604,,,5.556666154422826
1247.9150499452444,,,5.556460683079312
1247.9250034174286,,,5.556254563822602
1247.9349568896127,,,5.556042464580882
1247.944910361797,,,5.5558197430316385
1247.954863833981,,,5.555582716675653
1247.9648173061653,,,5.555327001224606
1247.9747707783495,,,5.555051697986242
1247.9847242505336,,,5.554757877870712
1247.9946777227178,,,5.554447312819107
1248.0046311949018,,,5.554123511195252
1248.0145846670862,,,5.5537915069763635
1248.0245381392701,,,5.553458517841603
1248.0344916114543,,,5.553130645677583
1248.0444450836385,,,5.552812283206973
1248.0543985558227,,,5.552506352019002
1248.0643520280069,,,5.55221518347462
1248.074305500191,,,5.551939730221619
1248.0842589723752,,,5.551678954667073
1248.0942124445594,,,5.551432936236232
1248.1041659167436,,,5.5512018488650074
1248.1141193889277,,,5.550986575640182
1248.124072861112,,,5.550788251522354
1248.1340263332959,,,5.550605406546173
1248.14397980548,,,5.550437748593158
1248.1539332776642,,,5.55028471776068
1248.1638867498484,,,5.550145900617443
1248.1738402220326,,,5.550021585127411
1248.1837936942168,,,5.549909592732801
1248.193747166401,,,5.5498094155385385
1248.2037006385851,,,5.5497206361936255
1248.2136541107693,,,5.549642990191945
1248.2236075829535,,,5.549577458558835
1248.2335610551377,,,5.549522514408799
1248.2435145273216,,,5.549478231003584
1248.2534679995058,,,5.549444843209316
1248.26342147169,,,5.549422683695973
1248.2733749438742,,,5.5494134413341065
1248.2833284160583,,,5.549415535572554
1248.2932818882425,,,5.549428028705208
