wave,flux,err,best_fit_spec
1250.009054124688,1.4864026,0.121266946,1.191617223820153
1250.022495373983,1.394218,0.1228852,1.1959235936688968
1250.035936358543,1.4337382,0.12108747,1.2001841769085049
1250.0493770783835,1.2761142,0.11512224,1.2046454603979848
1250.0628175335196,1.5917532,0.124591485,1.2090731513869113
1250.0762577239673,1.34977,0.119821526,1.2136914607439309
1250.089697649743,1.3662148,0.12504752,1.218354045005164
1250.1031373108615,1.2446187,0.13002658,1.2229062629841576
1250.1165767073385,1.340166,0.12041861,1.227444630219629
1250.1300158391894,1.2540691,0.12000533,1.2319510840728647
1250.1434547064307,1.3916106,0.11825107,1.2364145953342622
1250.156893309077,1.4177458,0.120830774,1.2408317493180232
1250.170331647145,1.603825,0.12301347,1.2450667544902732
1250.1837697206495,1.4024624,0.12296283,1.2494886692220692
1250.1972075296064,1.5083658,0.11712002,1.253600742772055
1250.2106450740312,1.4725902,0.12426476,1.2576398045787525
1250.2240823539396,1.5488737,0.12247608,1.2616078058930076
1250.237519369347,1.5109866,0.120826565,1.2654907655542607
1250.2509561202696,1.4863871,0.11995675,1.2692932691113947
1250.264392606723,1.4537963,0.12512173,1.2730110632043097
1250.2778288287222,1.396883,0.12270363,1.2765126993484048
1250.291264786283,1.3518591,0.11696646,1.2799279659969376
1250.3047004794212,1.3539491,0.12151627,1.2832456374614236
1250.318135908152,1.2466124,0.11392663,1.2862254716335064
1250.331571072492,1.3376719,0.112771936,1.289356836591547
1250.345005972456,1.532954,0.12259029,1.2922618992074573
1250.3584406080593,1.4016924,0.11654885,1.2950749672675126
1250.3718749793181,1.4930757,0.118971616,1.2976650695025904
1250.3853090862483,1.0257831,0.109436296,1.3001552626170243
1250.3987429288647,1.5994676,0.12395029,1.3026736318849121
1250.4121765071832,1.3247536,0.11388834,1.3048382485431111
1250.42560982122,1.2207038,0.11049838,1.3070293322341833
1250.4390428709896,1.4193368,0.12045715,1.3089946463137463
1250.4524756565083,1.4685118,0.11840026,1.3108506484161473
1250.4659081777918,1.3884487,0.11632407,1.312602400676338
1250.4793404348552,1.4875233,0.118786916,1.3139845485670296
1250.4927724277143,1.1951693,0.111122675,1.3153691471615887
1250.5062041563851,1.1090016,0.114844285,1.3166256342662552
1250.5196356208821,0.9143064,0.10951845,1.3176303149869986
1250.533066821222,1.0909827,0.1077987,1.3185366963796143
1250.5464977574202,0.84641474,0.09856008,1.3193676096810965
1250.5599284294922,0.44482255,0.08314346,1.3200457113422748
1250.573358837453,0.4655822,0.09041216,1.3208390314787142
1250.5867889813187,0.46628776,0.08330387,1.3215193930542568
1250.600218861105,0.65660894,0.09184998,1.3222107682567155
1250.6136484768272,0.706614,0.09086347,1.3230328211046978
1250.627077828501,0.31170833,0.08157533,1.3237330987561555
1250.640506916142,0.22664271,0.074236035,1.324181436532208
1250.6539357397653,0.1767381,0.08454315,1.3249759422504899
1250.6673642993871,0.12960504,0.06036951,1.325621566745355
1250.6807925950231,0.0716053,0.08261344,1.3262293508888143
1250.6942206266885,0.40057233,0.09601581,1.3269122581599513
1250.7076483943986,0.6822124,0.09022936,1.327301366937161
1250.7210758981694,0.96787167,0.10938163,1.3278707290132892
1250.7345031380162,1.0951823,0.10609669,1.328256437039502
1250.7479301139542,1.3438021,0.12735969,1.328573762967778
1250.7613568260003,1.3300258,0.113887876,1.328816071219963
1250.774783274169,1.3426491,0.11217049,1.3288658570502914
1250.7882094584759,1.2732422,0.11758584,1.328834287214013
1250.8016353789367,1.5295289,0.1173083,1.3287286229544923
1250.815061035567,1.3656429,0.118987784,1.3283057552096107
1250.8284864283826,1.3328854,0.11191852,1.3280536664047953
1250.8419115573981,1.4745893,0.11545926,1.3276207632740462
1250.8553364226304,1.58867,0.12573412,1.3271324109486136
1250.8687610240938,1.4207932,0.12252625,1.3264806325892753
1250.882185361805,1.1116805,0.11088112,1.3259199362309013
1250.8956094357784,1.3351254,0.110078916,1.3253348177328066
1250.9090332460305,1.3592927,0.111378886,1.324612648371192
1250.9224567925762,1.3968242,0.11268918,1.3240001152573573
1250.9358800754317,1.4124459,0.11297989,1.3233768907002994
1250.9493030946117,1.6261748,0.118780464,1.3224983050579229
1250.9627258501323,1.2687293,0.10831425,1.3218469152062065
1250.976148342009,1.1902536,0.13217925,1.3210534611701914
1250.9895705702572,1.3331014,0.11279809,1.3202325903025287
1251.0029925348922,1.2668746,0.10589397,1.319378051792038
1251.0164142359301,1.3577024,0.1122126,1.3184883793883062
1251.0298356733858,1.576805,0.11588,1.3175549660150825
1251.0432568472754,1.5300915,0.113718554,1.3167035166116194
1251.0566777576144,1.5073614,0.113475025,1.3156880795106125
1251.070098404418,1.4180712,0.11198544,1.3146306291452223
1251.0835187877012,1.4354585,0.11121933,1.313415614208081
1251.0969389074808,1.1263409,0.10915748,1.3122864285555838
1251.110358763772,1.4595594,0.11869611,1.3112508980158357
1251.1237783565894,1.3664049,0.11099555,1.310068863091415
1251.1371976859489,1.3783147,0.11278907,1.308866807089451
1251.1506167518671,1.245903,0.10694733,1.3075307928134583
1251.164035554358,1.392728,0.11490102,1.3061887251360975
1251.177454093438,1.2438098,0.11276497,1.3049698336617914
1251.190872369122,1.2427422,0.105613306,1.3036350290032186
1251.2042903814263,1.503175,0.11437853,1.3024338549722154
1251.217708130366,1.63261,0.118338145,1.3013677264241865
1251.231125615956,1.3346174,0.111113176,1.3001953325803974
1251.2445428382127,1.2167778,0.1036355,1.298917266123496
1251.257959797152,1.3081514,0.10902569,1.2977774346357023
1251.271376492788,1.3373525,0.11202049,1.2966560224112214
1251.284792925137,1.167975,0.10782597,1.2956718861602163
1251.2982090942144,1.3010546,0.112405986,1.2945807088302632
1251.311625000036,1.3284179,0.11188948,1.2935018662282864
1251.3250406426164,1.3051908,0.11146783,1.2921877778995832
1251.3384560219722,1.2935133,0.1157599,1.2912461861398972
1251.3518711381187,1.3515911,0.113032065,1.290184733013712
1251.3652859910703,1.4051139,0.11401259,1.2891230159933844
1251.3787005808438,1.4236877,0.11276588,1.2880591476946799
1251.3921149074542,1.2509601,0.10588948,1.2868705470784954
1251.4055289709163,1.5597929,0.11523554,1.2858013414984475
1251.4189427712467,1.7098197,0.11951347,1.2846090055020025
1251.4323563084604,1.1713274,0.10355696,1.283417772266068
1251.445769582573,1.261522,0.112653114,1.2823528168923983
1251.4591825935997,1.4151012,0.11130926,1.2811723171089668
1251.4725953415566,1.3335158,0.1051418,1.2801241146370432
1251.4860078264583,1.3467509,0.111327834,1.2790873142122767
1251.4994200483206,1.2625961,0.1109996,1.2776966489568138
1251.5128320071592,1.4973022,0.1117332,1.276684742157911
1251.5262437029899,1.3669761,0.11829195,1.27568229237657
1251.5396551358272,1.2336193,0.102893576,1.274564956937121
1251.5530663056873,1.203411,0.10594308,1.2735722633746165
1251.5664772125854,1.1243218,0.10214355,1.2725782205757286
1251.5798878565374,1.0153887,0.10129211,1.2714564044966976
1251.5932982375582,1.2153884,0.11006948,1.2704489228056
1251.6067083556634,1.0438731,0.09705777,1.2691872879701505
1251.6201182108684,1.2379647,0.11958835,1.268038025157667
1251.6335278031893,1.3192385,0.10631786,1.2670025377226652
1251.6469371326405,0.9930586,0.09814777,1.2658378890606856
1251.6603461992381,0.8184071,0.1170998,1.2646696187165802
1251.673755002998,0.6919167,0.08472451,1.2633781016431755
1251.6871635439347,0.24061993,0.08778678,1.2622103362644805
1251.7005718220641,0.31895694,0.08762572,1.261045980935354
1251.7139798374017,0.20322247,0.06772293,1.2598870061810374
1251.7273875899627,0.08776422,0.06462669,1.258855583293629
1251.7407950797633,0.06461321,0.060361005,1.2577084553887856
1251.754202306818,0.052035607,0.062465783,1.2565679144031885
1251.7676092711424,0.12848705,0.060317513,1.2554335617844203
1251.7810159727528,0.018754672,0.06228202,1.254428746921692
1251.7944224116636,0.1135169,0.05673434,1.2534308420668414
1251.8078285878908,0.15606555,0.07590107,1.2523184776545653
1251.8212345014497,0.35969076,0.07971969,1.2512137642334655
1251.8346401523556,0.6479655,0.09087833,1.2501154501006746
1251.848045540624,0.853953,0.099540025,1.2490230932247568
1251.8614506662707,0.9062721,0.11292831,1.2480563534160702
1251.8748555293107,1.1681218,0.099663034,1.2469693571478142
1251.8882601297594,1.3357978,0.10335707,1.2460039262845282
1251.901664467633,1.1649144,0.103093356,1.2450363265101538
1251.9150685429458,1.3090146,0.10487434,1.2439429102944055
1251.9284723557141,1.2657573,0.103977196,1.2428460414454423
1251.9418759059529,1.368712,0.108534254,1.2418688185994589
1251.9552791936778,1.3508221,0.10610515,1.2407694838964627
1251.9686822189037,1.4301779,0.11042461,1.2397952766942915
1251.982084981647,1.4054132,0.10517113,1.238828530171307
1251.9954874819223,1.2127246,0.10142558,1.2377506398434734
1252.0088897197454,1.3505131,0.10821323,1.2365645604543434
1252.0222916951318,1.4010751,0.107374795,1.235640117984412
1252.0356934080967,1.5412152,0.11044407,1.2347319754914743
1252.0490948586553,1.2851381,0.10026012,1.2337192172066174
1252.0624960468233,1.4775165,0.107864216,1.2328422485053436
1252.0758969726162,1.4606588,0.11288397,1.231731339443293
1252.0892976360494,1.387778,0.11039723,1.2308705528281327
1252.1026980371382,1.4292641,0.10499902,1.2298884937265417
1252.1160981758978,1.294361,0.10671996,1.22890271302479
1252.1294980523442,1.3010656,0.10345491,1.2279092467268828
1252.142897666492,1.2454314,0.098632134,1.2269053504748952
1252.156297018357,1.1502062,0.10066921,1.225764688142319
1252.1696961079551,1.1128519,0.09743523,1.2247312660001053
1252.1830949353007,1.3260863,0.106033966,1.2235577851526704
1252.1964935004098,1.4904205,0.1092666,1.222609782925387
1252.209891803298,1.3661337,0.104318954,1.2213994179656749
1252.2232898439802,1.2107147,0.10966277,1.220291127570043
1252.2366876224721,1.2365733,0.10427378,1.2192894730568904
1252.250085138789,1.3647611,0.10341409,1.2180299722087506
1252.2634823929463,1.3650992,0.10229693,1.2168840162457109
1252.2768793849593,1.2623569,0.10018445,1.215735041753486
1252.2902761148437,1.2943937,0.10619536,1.2145905302310034
1252.3036725826144,1.2259561,0.09746948,1.2134567781742818
1252.317068788287,1.3981421,0.10705393,1.2123407259312746
1252.330464731877,1.4246607,0.10839473,1.2112480739424254
1252.3438604133999,1.2521067,0.10405684,1.2101807388361103
1252.3572558328706,1.3967024,0.105558835,1.2091458210354868
1252.370650990305,1.0971801,0.09638608,1.208139259614573
1252.3840458857185,1.2543335,0.100685865,1.2071626421814434
1252.3974405191252,1.3648742,0.10566842,1.2063361930188035
1252.4108348905424,1.3010058,0.10267673,1.2054112775676662
1252.4242289999843,1.2268156,0.1030227,1.2046317200580126
1252.4376228474666,1.3855776,0.10658801,1.2037459459835091
1252.4510164330043,1.121114,0.105282776,1.20299417542725
1252.4644097566133,1.2319618,0.102248274,1.2022480689602146
1252.4778028183089,1.0561211,0.09567985,1.2013795493630048
1252.4911956181058,1.2233965,0.10416219,1.2006262261101412
1252.5045881560202,1.1935804,0.10325979,1.1999838448600815
1252.5179804320674,1.2063824,0.097156495,1.1989597422872955
1252.5313724462617,1.2480221,0.1034407,1.198038860838723
1252.54476419862,1.0531702,0.094437845,1.197100414900718
1252.5581556891568,1.1648575,0.10055281,1.1961431175444628
1252.571546917887,0.9631703,0.10160004,1.1951720018690999
1252.5849378848272,1.2018335,0.10812946,1.1941901314890302
1252.5983285899915,1.3897694,0.10776641,1.1930804136473527
1252.6117190333957,1.293415,0.108117625,1.1920923638552177
1252.625109215056,1.1414189,0.1046489,1.1909881338217512
1252.6384991349867,1.2157934,0.10181793,1.190017189080975
1252.6518887932032,1.3495306,0.104576826,1.1890629293720174
1252.6652781897214,1.1657088,0.111004435,1.1878867639736246
1252.6786673245565,1.2243534,0.100407355,1.186977565291929
1252.6920561977233,1.4264,0.105710015,1.1857298355272934
1252.7054448092379,1.2631907,0.10119307,1.1848738705446027
1252.7188331591149,1.063599,0.09663615,1.184043689114634
1252.73222124737,1.1338031,0.109032296,1.1832398780788533
1252.7456090740188,1.4736679,0.1096564,1.1824588229532758
1252.7589966390765,1.3710389,0.11394674,1.181702590599549
1252.7723839425578,1.2024903,0.09496011,1.1809685421633254
1252.7857709844793,1.2715733,0.10307162,1.1802570762201623
1252.7991577648547,1.193817,0.09533643,1.179570575879112
1252.8125442837006,0.9845419,0.10133318,1.1790295987618509
1252.8259305410324,1.1872963,0.104028404,1.1783944661577266
1252.8393165368645,1.2339588,0.10730791,1.1779081032430123
1252.8527022712126,1.1940299,0.10861571,1.1774491155953144
1252.8660877440923,1.1237811,0.10736501,1.1767749280170885
1252.8794729555186,1.3439788,0.10370818,1.1764913901464524
1252.892857905507,1.3403364,0.101886176,1.1761102986767265
1252.906242594073,1.2230078,0.096351534,1.1757477650571633
1252.9196270212317,1.2040232,0.10025079,1.175399963683061
1252.9330111869979,1.1469373,0.100142136,1.1751854568833422
1252.946395091388,1.357717,0.106559075,1.174733725930352
1252.9597787344164,1.3145758,0.10621726,1.1745311886508671
1252.9731621160986,1.0620474,0.09824279,1.174331927705111
1252.98654523645,1.11619,0.09725968,1.1738915277368305
1252.9999280954864,1.1098324,0.09483902,1.1736998311620057
1253.0133106932224,1.3562956,0.1027506,1.1733921245524765
1253.0266930296734,1.2974136,0.09870935,1.173216391838355
1253.040075104855,1.1735778,0.10403646,1.1729313268458106
1253.0534569187828,1.2453927,0.10268739,1.172662182631294
1253.0668384714713,1.2183092,0.09555582,1.1725358696440011
1253.0802197629362,1.073198,0.09639234,1.1724301160277188
1253.093600793193,1.2017918,0.095333844,1.1723486076081695
1253.1069815622564,1.2759703,0.107589364,1.1722897335963327
1253.1203620701424,1.2645155,0.102620885,1.172252208834164
1253.1337423168654,1.2806181,0.11310714,1.172357587007268
1253.1471223024419,1.202909,0.10353306,1.172234514660333
1253.160502026886,1.1815516,0.09731621,1.172247557537128
1253.173881490214,1.2828342,0.09962647,1.1722704114850087
1253.1872606924403,1.3154862,0.10125376,1.1724223513150025
1253.2006396335807,1.0743326,0.094133615,1.1724570671346557
1253.2140183136505,1.3270249,0.09646377,1.1724941646999072
1253.227396732665,1.1627244,0.09408883,1.172532714754488
1253.240774890639,1.2621453,0.09909865,1.1726939841540016
1253.2541527875883,1.0479653,0.09143838,1.172733598526638
1253.267530423528,1.2989203,0.09946067,1.1728958365379751
1253.2809077984734,1.1082612,0.09571865,1.1729369936628662
1253.2942849124397,1.2355931,0.09966358,1.1732238510302464
1253.3076617654426,1.5247378,0.10684635,1.1732683876804426
1253.3210383574965,1.4272629,0.10055635,1.1734371546589966
1253.3344146886172,1.1268857,0.09578836,1.1736087775845263
1253.34779075882,1.3161402,0.100567184,1.173661389431813
1253.3611665681203,1.3604358,0.108218156,1.1738401700434702
1253.3745421165331,1.4695442,0.10872641,1.1739017908379992
1253.387917404074,1.2248266,0.09965089,1.1740916353403474
1253.4012924307576,1.2092142,0.09860397,1.174290555618876
1253.4146671965996,1.2867298,0.10016815,1.1746221595607889
1253.4280417016153,0.99719083,0.093428716,1.174846959686485
1253.44141594582,1.1236423,0.097127,1.1750897108183338
1253.4547899292286,1.1875978,0.09524276,1.1754752796518781
1253.4681636518567,1.2047875,0.09648006,1.1757644870034052
1253.4815371137195,1.0373797,0.09141193,1.1762002318942089
1253.4949103148322,1.1052563,0.095342234,1.1765418836856356
1253.50828325521,1.1485994,0.09214926,1.1770305020185696
1253.5216559348682,1.1223905,0.09231984,1.1775412911297887
1253.535028353822,1.2055808,0.097090565,1.1779487334014154
1253.548400512087,1.2920147,0.09973027,1.1783668818585056
1253.5617724096778,1.1295309,0.09546411,1.178789050004634
1253.5751440466104,1.2804674,0.11223371,1.1792062112079402
1253.588515422899,1.3045391,0.099878065,1.1796104006877441
1253.6018865385602,1.14294,0.09496054,1.1801138807085951
1253.6152573936083,1.2283156,0.10340859,1.180346862346222
1253.6286279880585,1.2829853,0.099584125,1.1806671500159274
1253.6419983219264,1.3040754,0.101818494,1.180951798909555
1253.655368395227,1.295883,0.10352871,1.181199191082352
1253.6687382079756,1.0471883,0.093637615,1.1814053956191255
1253.6821077601876,1.0078586,0.09617186,1.1814522694747343
1253.6954770518785,1.063354,0.094689816,1.1815781574024
1253.708846083063,0.8624723,0.08211742,1.1815406825188766
1253.7222148537562,0.91038215,0.090109095,1.1815815829162015
1253.7355833639735,0.9952476,0.09164161,1.1813281484588498
1253.7489516137302,1.0156726,0.09063181,1.1811491956155078
1253.7623196030422,0.86205995,0.08315352,1.1810354273667634
1253.7756873319238,0.5705953,0.07438872,1.1807460147088897
1253.7890548003902,0.3670801,0.07145969,1.180280318533713
1253.8024220084574,0.08635072,0.06036552,1.1800034224231708
1253.8157889561396,0.19823363,0.063632436,1.1794365789581278
1253.8291556434529,0.24507329,0.07797655,1.1788239047441051
1253.842522070412,0.2063994,0.07007726,1.1781777297493212
1253.855888237032,0.19013232,0.056969855,1.1775065236327789
1253.869254143329,0.14581008,0.05226499,1.176821519218453
1253.882619789317,0.093667544,0.074120134,1.1761347971642402
1253.8959851750121,0.05050348,0.05277899,1.175335735802815
1253.9093503004292,0.080588765,0.06442273,1.174798080986175
1253.9227151655834,0.24587454,0.06361434,1.1741612142431317
1253.9360797704899,0.58139676,0.07940031,1.173672457154379
1253.9494441151646,0.5697428,0.07874855,1.1730838082339754
1253.9628081996216,1.1602186,0.09534919,1.1726373115425952
1253.9761720238769,1.0786244,0.098609984,1.1720799879658061
1253.9895355879453,1.264319,0.098738536,1.1715273787297127
1254.002898891842,1.297691,0.10105758,1.1710945194085691
1254.0162619355822,0.9891096,0.090449825,1.1705327971388737
1254.0296247191816,1.083579,0.0976556,1.1700815718686401
1254.0429872426546,1.2418939,0.096397094,1.169496255698128
1254.0563495060173,1.2125838,0.099248365,1.169020183184772
1254.069711509284,1.228147,0.096336246,1.1682882235651864
1254.0830732524703,1.1480157,0.09929265,1.1676706404224524
1254.0964347355914,1.0838641,0.09252717,1.1671718617055893
1254.1097959586625,1.1315188,0.09474027,1.1665543004550156
1254.1231569216984,1.067471,0.09095027,1.1660686099545354
1254.1365176247148,1.0252405,0.09046128,1.1654775985475814
1254.1498780677268,0.99938655,0.095126286,1.1651510751617453
1254.1632382507494,1.0520216,0.09277701,1.1646089751764996
1254.1765981737976,1.0333109,0.087784395,1.1642172245796332
1254.189957836887,1.0727609,0.09448233,1.1639807002325493
1254.2033172400327,1.0937755,0.09247073,1.1635356226105875
1254.2166763832497,1.1655351,0.09246324,1.1633686422705685
1254.2300352665534,1.0333017,0.10047163,1.1631192677729936
1254.2433938899583,1.1753677,0.09379488,1.1629026968252059
1254.2567522534803,1.1727105,0.10112994,1.1628412784481499
1254.2701103571344,1.0672598,0.08844672,1.1628077735611582
1254.2834682009357,1.1386056,0.09710846,1.162795443065607
1254.2968257848993,1.156246,0.097921535,1.1628001092328697
1254.3101831090405,1.1191235,0.09760166,1.1629356626262135
1254.3235401733743,1.102931,0.093941554,1.1629534002261699
1254.3368969779162,0.9657125,0.08982946,1.1629707342849724
1254.3502535226808,1.0616375,0.09583191,1.1629849825282537
1254.3636098076838,1.1621804,0.09326884,1.1629946022525868
1254.3769658329397,1.1825596,0.100431345,1.1628787145273316
1254.3903215984644,1.1636059,0.09486091,1.1630055837168074
1254.403677104273,1.1206856,0.09421915,1.1627687938709865
1254.4170323503797,1.2277448,0.10205654,1.1627829587821066
1254.4303873368008,0.9605882,0.08797027,1.1626883551678913
1254.443742063551,1.1542287,0.088817544,1.162732119451213
1254.457096530645,1.0559132,0.09364892,1.162798127438143
1254.4704507380989,1.2050862,0.094306104,1.1627658582215055
1254.4838046859268,0.8939728,0.08500009,1.1628798247147538
1254.4971583741446,1.1448303,0.095060654,1.163019317275722
1254.5105118027673,1.0896155,0.089739114,1.1631793511617579
1254.5238649718099,1.1632031,0.10245779,1.163359325009632
1254.5372178812875,1.1413654,0.091322534,1.1635546168037156
1254.550570531215,1.1718253,0.095537074,1.163762524519697
1254.563922921608,0.9320193,0.08993193,1.1641038233106893
1254.5772750524816,1.1229843,0.097625054,1.1640877542272754
1254.5906269238508,0.96677303,0.08973687,1.1644473378863527
1254.6039785357307,1.0891464,0.0924896,1.1645714290323252
1254.6173298881365,1.0219209,0.08988145,1.1649487694143161
1254.630680981083,1.0689981,0.091494724,1.1650917943841321
1254.644031814586,1.1075884,0.095300645,1.16548726194904
1254.6573823886602,0.97578734,0.09753511,1.1658909860686006
1254.6707327033207,1.0515171,0.092279,1.1660561333813968
1254.6840827585825,1.0476849,0.09141523,1.1664693204538281
1254.697432554461,0.97044295,0.09896907,1.1667623259241902
1254.7107820909714,0.9851022,0.08740407,1.1670558698441746
1254.7241313681284,1.1488456,0.09255918,1.1674716434935775
1254.7374803859473,0.8722629,0.09193228,1.1677660921841135
1254.7508291444433,1.0817459,0.10767479,1.1680628053399453
1254.764177643632,0.97413963,0.09091893,1.1683639491836644
1254.7775258835272,0.8008059,0.088030554,1.1686709010554568
1254.7908738641452,0.76226914,0.07759845,1.169107909084354
1254.8042215855007,0.75455713,0.0814659,1.16955158602912
1254.8175690476087,0.9329487,0.09136051,1.1698779212732444
1254.8309162504845,0.78403425,0.08517705,1.1703257854580016
1254.8442631941432,0.9052353,0.08797759,1.1707666728493091
1254.8576098785998,0.74385124,0.09107612,1.171189606223112
1254.8709563038692,0.8604447,0.083083294,1.17171076017546
1254.884302469967,0.75698376,0.0831522,1.1719543621310113
1254.8976483769077,0.47867176,0.06511722,1.1722823918250147
1254.9109940247072,0.22591674,0.060543302,1.1724505924643138
1254.9243394133796,0.057477813,0.05689624,1.172577421493472
1254.937684542941,0.10852557,0.05959582,1.1727941113715727
1254.9510294134054,0.05792583,0.054768056,1.1728596495995323
1254.9643740247889,-0.020952657,0.049093887,1.1731502788694022
1254.9777183771064,-0.0081799,0.04890864,1.1731866037387197
1254.9910624703723,-0.01125039,0.052257523,1.173343802331503
1255.0044063046023,0.029552007,0.047811456,1.1733853684871731
1255.0177498798112,0.007890292,0.05228048,1.1735617477500497
1255.0310931960146,-0.020073809,0.051007062,1.1737524380800428
1255.0444362532269,0.14936191,0.05832152,1.1738343709176
1255.0577790514635,0.23592767,0.060190994,1.1739263755833116
1255.0711215907395,0.4662154,0.0767881,1.1740219013762925
1255.0844638710703,0.6347261,0.07203899,1.1741136768957654
1255.0978058924702,0.7760324,0.08222959,1.1741946601637223
1255.1111476549545,0.8367336,0.08292404,1.174258269330247
1255.1244891585388,1.1264645,0.094882995,1.174419429173292
1255.1378304032378,0.9156823,0.088059485,1.1744321660797472
1255.1511713890666,0.9392344,0.090092756,1.1742888594762482
1255.1645121160402,0.9525,0.08895765,1.174235374199712
1255.1778525841737,1.1177276,0.090286724,1.1741470214204743
1255.1911927934825,0.89712286,0.08532624,1.1740228735601677
1255.204532743981,1.0214674,0.09275156,1.1737447571432518
1255.2178724356847,1.0960798,0.093729116,1.1735536531013402
1255.2312118686086,0.9162588,0.09296487,1.1733354526125601
1255.2445510427676,1.0204046,0.08624029,1.1729692555843996
1255.2578899581772,0.96553135,0.08794194,1.172459503150891
1255.2712286148521,1.1560798,0.09379157,1.1721777793361392
1255.2845670128072,0.914445,0.08317438,1.171760938008001
1255.2979051520583,0.9344324,0.08816766,1.1714592848124588
1255.3112430326194,0.89772147,0.08862746,1.1711544351670753
1255.3245806545065,0.98854166,0.090607055,1.1708514469764442
1255.337918017734,0.91592073,0.08774734,1.170432787666069
1255.3512551223173,0.99161553,0.09081592,1.1701497717457081
1255.364591968271,0.8899152,0.08801038,1.1698841615520132
1255.3779285556107,0.8777245,0.08992342,1.169643994276849
1255.3912648843514,0.9387026,0.084926575,1.1695552279305872
1255.4046009545077,1.0385671,0.094256416,1.1693769120906212
1255.417936766095,1.0267154,0.091657035,1.1692362395501463
1255.431272319128,1.0385255,0.09599289,1.1690067851354868
1255.4446076136223,1.2933544,0.100333825,1.1690572788838915
1255.4579426495927,1.1149518,0.093169555,1.1690143916656233
1255.4712774270538,1.1586692,0.095039465,1.169240261567501
1255.4846119460212,0.9659474,0.106665984,1.1692413444033436
1255.4979462065094,1.2312198,0.09785038,1.169376491548076
1255.5112802085341,1.0633389,0.098147705,1.169519046575608
1255.5246139521098,1.2251127,0.10751535,1.1695414028981195
1255.537947437252,1.1826514,0.09939421,1.1696841003856695
1255.551280663975,1.1124908,0.094194055,1.1696996841388492
1255.5646136322944,1.1260628,0.09151638,1.169830817990121
1255.5779463422248,1.1400511,0.094751194,1.1698304117171818
1255.5912787937818,1.0360806,0.10042373,1.1698206751491065
1255.60461098698,0.96827465,0.09630522,1.1696770190299144
1255.6179429218346,0.9885162,0.100851156,1.169519414859403
1255.6312745983605,1.0178324,0.098503076,1.1694683430804256
1255.644606016573,1.149682,0.10442526,1.1692743707136044
1255.6579371764867,0.9256304,0.08652464,1.169060147632548
1255.6712680781168,0.90524054,0.088894166,1.1688213321300747
1255.6845987214783,1.1152321,0.09533807,1.1685573288621454
1255.6979291065861,1.0790818,0.089424685,1.1682683983724966
1255.7112592334556,1.2578598,0.1032763,1.167831117077345
1255.7245891021016,1.2070004,0.096613325,1.1674953798410959
1255.7379187125387,1.1896106,0.09462413,1.1671410577495902
1255.7512480647822,1.035012,0.09804331,1.1667755967183582
1255.7645771588475,1.2238879,0.09650266,1.1662835070173263
1255.777905994749,0.99766755,0.09545163,1.1657951909672386
1255.791234572502,1.0998517,0.0950549,1.165317414588941
1255.8045628921216,0.9756776,0.09345964,1.1651033477090473
1255.8178909536227,0.8253852,0.08824008,1.164790404219398
1255.8312187570198,1.0255872,0.09055848,1.1643830019323023
1255.8445463023286,0.9619788,0.092210196,1.1641279408114755
1255.857873589564,1.1074319,0.09554065,1.1640222057804834
1255.8712006187404,1.0305966,0.096723884,1.1638245331713342
1255.8845273898737,1.0589427,0.09113721,1.1635286185828697
1255.8978539029779,1.1947252,0.09792728,1.1635005774797524
1255.9111801580686,1.0000211,0.08926267,1.1633721129410841
1255.924506155161,0.859411,0.08679229,1.1632627571036567
1255.9378318942695,1.1314219,0.092298515,1.1632964134424273
1255.9511573754094,0.96444434,0.09068562,1.1631037953122116
1255.9644825985956,1.180147,0.102042556,1.163175398010539
1255.9778075638433,1.0909662,0.092889786,1.1632664110578355
1255.991132271167,1.1264949,0.093100965,1.16325425173661
1256.004456720582,0.96083647,0.09655098,1.1633848010656
1256.0177809121033,0.9104775,0.089144535,1.1634111954760078
1256.0311048457459,1.0775748,0.09309522,1.163701654658309
1256.0444285215242,1.0690978,0.0936958,1.1637658773337156
1256.0577519394542,0.98063123,0.087094836,1.1639698382464134
1256.0710750995502,1.09424,0.09279577,1.164191857271962
1256.084398001827,1.1017818,0.09212279,1.164429380461276
1256.0977206462999,1.0685222,0.08904018,1.1646837699934842
1256.111043032984,1.0356969,0.09516596,1.1648299733400647
1256.124365161894,0.93385667,0.08883432,1.165111835877199
1256.137687033045,1.2111608,0.09576835,1.1654064155233845
1256.1510086464518,1.387318,0.1012639,1.1658339008672993
1256.1643300021296,1.2099149,0.09683115,1.1661514969403783
1256.177651100093,1.1756237,0.1016968,1.1664795282827758
1256.1909719403575,1.1461713,0.09700206,1.1668196693655615
1256.2042925229375,1.0597309,0.09712128,1.1672950445037364
1256.2176128478482,1.2982813,0.106970325,1.16766260809466
1256.2309329151046,1.249896,0.109627366,1.1680488597743963
1256.2442527247213,1.0561205,0.09429001,1.1685760195937638
1256.2575722767142,1.1205326,0.095776245,1.169127061355185
1256.2708915710969,1.1035784,0.0953021,1.1695811841219523
1256.2842106078856,1.2809602,0.099471375,1.1700622906489087
1256.2975293870943,1.1404111,0.09902334,1.17069644852115
1256.3108479087387,1.124617,0.100748315,1.17135896851378
1256.324166172833,1.068262,0.0949925,1.1719323133352142
1256.3374841793923,1.2400252,0.10274218,1.172657163375326
1256.3508019284322,0.9892086,0.10043503,1.173411955060221
1256.364119419967,1.0834072,0.10327531,1.174318191487263
1256.377436654012,1.0576162,0.10101874,1.1750050877062943
1256.3907536305815,1.1155952,0.10996899,1.1759620112063345
1256.4040703496912,1.2646601,0.10617526,1.176815930544313
1256.4173868113555,1.1889601,0.1028085,1.1776864085626984
1256.4307030155899,1.195675,0.10287953,1.178690189505382
1256.4440189624086,0.9775366,0.08991786,1.17957762668112
1256.4573346518273,1.1372415,0.09609598,1.1803436398687852
1256.4706500838602,1.0767927,0.099303894,1.181227890869581
1256.4839652585229,1.2513827,0.10363725,1.1822258290986767
1256.4972801758297,1.0271107,0.09177403,1.1830903281662843
1256.5105948357957,1.1049837,0.0991906,1.1840634272453068
1256.523909238436,1.0619909,0.092396595,1.1848979042858339
1256.5372233837659,1.1917137,0.097936094,1.1858390657393618
1256.5505372717996,1.322562,0.11283619,1.1865185659512245
1256.563850902552,1.2865539,0.10252378,1.187305221221505
1256.5771642760383,1.1202563,0.09637272,1.1880781713771489
1256.5904773922737,1.1623394,0.1023065,1.1889620188392653
1256.6037902512726,1.2977237,0.101208456,1.1897166065391633
1256.6171028530503,1.2490699,0.10327245,1.1904660195045138
1256.6304151976215,1.2148275,0.10315333,1.1912129336977784
1256.6437272850008,1.1013223,0.09299441,1.1919571772722768
1256.6570391152038,1.2466681,0.11234666,1.1926968099606199
1256.670350688245,0.9691889,0.101051055,1.1934283841894597
1256.6836620041393,1.3549823,0.10286228,1.19426619264401
1256.6969730629016,0.9686187,0.08951126,1.1949611933779953
1256.7102838645471,1.1348693,0.10059896,1.1956252490151456
1256.7235944090903,1.0990088,0.0987938,1.1962526820723012
1256.7369046965462,1.2113109,0.097569086,1.1967163524432776
1256.75021472693,1.0593611,0.095952496,1.1972514616209984
1256.763524500256,1.2980413,0.10068598,1.197493739065527
1256.7768340165396,1.3904929,0.10283565,1.1977982746664073
1256.7901432757956,1.207807,0.09907256,1.1979241741163484
1256.8034522780385,1.2087727,0.096590735,1.1979898099943282
1256.8167610232836,1.3464357,0.108721524,1.1979932335312258
1256.830069511546,1.0972251,0.09547874,1.1979417893181061
1256.8433777428404,1.2130572,0.101584144,1.1978304015380536
1256.856685717181,1.3292578,0.10143957,1.1976736093878086
1256.8699934345836,1.1226989,0.09758576,1.1974744779416842
1256.8833008950626,1.1380242,0.098727606,1.1971208731832705
1256.8966080986334,1.1180305,0.100056365,1.1969878513062606
1256.90991504531,1.6891145,0.11437901,1.196714392074923
1256.923221735108,1.1789923,0.09857194,1.1964305452431805
1256.9365281680418,1.1494837,0.10059379,1.196140252376723
1256.9498343441267,1.2579223,0.10614364,1.1958488009320631
1256.9631402633772,1.2044601,0.105451874,1.1954380540366851
1256.9764459258085,1.3750876,0.10093044,1.1950347906789773
1256.9897513314356,1.2150768,0.09757359,1.1947636512943334
1257.003056480273,1.1703616,0.10199413,1.1943855992202026
1257.0163613723353,1.1915151,0.10054988,1.1941457417246943
1257.0296660076383,1.2619478,0.10088552,1.1939248389689032
1257.0429703861955,1.3138885,0.099846505,1.1936024095373825
1257.0562745080233,1.2340858,0.10365035,1.1934212441053544
1257.0695783731353,1.302116,0.10483866,1.193261708003141
1257.0828819815474,1.2619709,0.1024484,1.1931192455466317
1257.0961853332735,1.1754568,0.1049416,1.1929937959923222
1257.109488428329,1.2028579,0.10427796,1.1927602928007255
1257.1227912667289,1.1614377,0.10060877,1.1926605295314205
1257.1275272883338,4.3976145,0.3140593,1.1926279441025076
1257.1360938484877,1.1690426,0.10167477,1.1924492859195563
1257.1411569942666,3.0282676,0.22671136,1.1924172368011814
1257.1493961736203,1.1362654,0.0978838,1.1923678085798093
1257.1547864287977,1.0302373,0.14171101,1.1923370474197283
1257.1626982421417,1.3594064,0.102983914,1.1922934537377636
1257.1684155919438,0.7441754,0.12400635,1.192141019295121
1257.1760000540664,1.3086071,0.106027365,1.1921019827786221
1257.182044483721,0.8313689,0.12664062,1.1920716749756068
1257.18930160941,1.1921595,0.10137499,1.1920361259221748
1257.1956731041453,1.0616677,0.16790165,1.192005132258037
1257.2026029081862,1.3665683,0.1130118,1.191971327534259
1257.2093014532331,1.3438871,0.16532509,1.1919382533752474
1257.215903950411,1.2877499,0.10298056,1.1919049786220084
1257.2229295310005,1.308086,0.1647917,1.1917458511400856
1257.2292047360984,1.2195387,0.108591296,1.191711047816488
1257.236557337464,1.3927337,0.1797984,1.1917901661332404
1257.2425052652638,1.1837752,0.10950678,1.191753500846318
1257.2501848726392,1.4233937,0.16850473,1.1917028676694084
1257.255805537922,1.2171271,0.10661633,1.191662987092117
1257.2638121365428,1.7669752,0.1748581,1.1916024124420552
1257.2691055540874,1.2007163,0.1089974,1.1915596462472497
1257.2774391291912,1.4990083,0.1785654,1.1914880355307664
1257.2824053137754,1.2812241,0.1120675,1.1913211626974434
1257.2910658505994,0.8882469,0.15752976,1.19123764499922
1257.2957048170003,1.0973098,0.10844929,1.1911900140313345
1257.3046923007855,1.1642828,0.15706089,1.191094674769908
1257.3090040637771,1.303045,0.10669039,1.1909253227820855
1257.3183184797638,1.0860062,0.155863,1.1908189187323566
1257.3223030541208,1.116816,0.10195909,1.1907721742620256
1257.3319443875519,0.95469815,0.14997007,1.1906570446200202
1257.3356017880465,1.0508474,0.10198999,1.1904906490628515
1257.3455700241652,1.4199299,0.170772,1.1903692877502108
1257.348900265568,1.1784668,0.11268111,1.1902066633690733
1257.35919538962,1.0477598,0.16130954,1.1900828019256737
1257.3621984867013,0.90509933,0.10086017,1.1900474690432494
1257.3728204839329,1.1218498,0.14915358,1.1899249843676225
1257.3754964514608,1.1606578,0.10266768,1.1898947914176206
1257.3864453071199,1.2730231,0.1595171,1.1897780298806198
1257.388794159861,1.2086769,0.115660615,1.1898761215783271
1257.4000698591967,1.1816798,0.15504983,1.1897666706144783
1257.4020916119173,1.1478374,0.10477499,1.1897487841569045
1257.4136941401798,1.3008997,0.15834253,1.189528966350164
1257.4153888076441,1.0493166,0.1047532,1.1895154457289845
1257.427318150086,1.3112794,0.16237265,1.189429637034606
1257.428685747056,1.2079829,0.10810339,1.1894208249380007
1257.4409418889306,1.2371377,0.15536153,1.1893469758105453
1257.4419824301685,1.1495286,0.10276592,1.18934102328393
1257.45456535673,1.1925533,0.16203299,1.1892791595584988
1257.455278856996,1.2865064,0.11015958,1.189275936925044
1257.4681885535006,1.18733,0.14629495,1.1892222249379136
1257.4685750275537,1.1156447,0.099554546,1.189220794400026
1257.4818114792583,1.1674645,0.14876734,1.1890511015593561
1257.481870941856,1.1043023,0.09683008,1.189050894947622
1257.4951665999174,0.95248914,0.09638401,1.189005772864273
1257.4954341340197,1.1133088,0.14535668,1.18900486428166
1257.5084620017533,1.1617424,0.10122493,1.1889595624217455
1257.5090565178007,1.3560139,0.15726472,1.1889574603557038
1257.5217571473786,1.0720794,0.09492615,1.1889082170972052
1257.522678630617,1.2176183,0.15046234,1.1889044345868442
1257.5350520368079,1.3307608,0.10449371,1.1888498717992224
1257.536300472486,1.2817484,0.1602461,1.1888436931251467
1257.5483466700555,1.3078228,0.10388707,1.1887815113910571
1257.5499220434224,1.3019758,0.15691593,1.188772971737861
1257.5616410471375,1.3113602,0.10888266,1.188703421787239
1257.5635433434434,0.84798163,0.13933878,1.1886912519970636
1257.5749351680672,1.1464329,0.100921564,1.1886152577930353
1257.5771643725648,1.0692654,0.16216587,1.1885996911163792
1257.5882290328605,1.1561946,0.09917612,1.1886400595954951
1257.5907851308027,1.1531068,0.15370399,1.18849844681156
1257.6015226415316,1.1276546,0.097866416,1.1884136459175538
1257.6044056181738,1.3305473,0.15302162,1.1883898723178494
1257.6148159940956,1.1791303,0.10132871,1.1883027830211828
1257.6180258346933,1.2568315,0.15409179,1.188275519917466
1257.6281090905672,1.1513643,0.10271473,1.188187883253188
1257.6316457803782,1.1896048,0.14002259,1.1881567070074066
1257.6414019309611,1.2263347,0.10448672,1.188070235874577
1257.645265455244,0.9319574,0.13531019,1.1881579469851857
1257.6546945152922,1.1206478,0.10461851,1.1879521714757248
1257.6588848593076,1.0372338,0.1437623,1.1879151695218413
1257.6679868435756,1.2099627,0.10748033,1.1877137814370344
1257.6725039925843,1.1634811,0.14314584,1.1876753621888634
1257.6812789158257,1.1833571,0.099850975,1.1876023882746374
1257.686122855091,1.0806327,0.14279434,1.1875631715081592
1257.6945707320572,1.0978515,0.10009457,1.1876202843680628
1257.6997414468435,1.5242101,0.15326361,1.187583063211226
1257.7078622922852,1.319901,0.10918546,1.1875282473491242
1257.7133597678578,1.207755,0.13622333,1.1874943348620421
1257.7211535965246,1.2754143,0.107836396,1.1874512059782236
1257.7269778181503,1.0760396,0.14292331,1.1874227940934499
1257.7344446447898,0.9413572,0.091334976,1.1875154918170012
1257.7405955977374,1.102352,0.13711098,1.1874969819955776
1257.7477354370958,1.0696638,0.09877516,1.1874814600094308
1257.7542131066348,1.1651306,0.13973467,1.1874732500704912
1257.7610259734572,1.1761004,0.11046304,1.1874710173193959
1257.7678303448586,1.2259524,0.14388984,1.1874772198074035
1257.774316253889,1.2626109,0.105648264,1.187488932941041
1257.7814473124254,1.0880746,0.14054942,1.1875078366860896
1257.787606278406,1.1792407,0.102693215,1.18752877463122
1257.7950640093507,1.0550647,0.14199652,1.1876820030977648
1257.8008960470227,1.1800624,0.10587875,1.1877104347753134
1257.8086804356508,1.2114304,0.13714331,1.187751241270222
1257.8141855597544,1.1157838,0.099008545,1.1879036362238216
1257.8222965913426,0.9622646,0.13309148,1.1878272865192612
1257.8274748166154,1.3698142,0.10848029,1.1878564985613018
1257.8359124764413,1.090339,0.1516457,1.1880241859589113
1257.8407638176207,1.1002133,0.09736055,1.1880482149443612
1257.8495280909633,0.7241762,0.12382924,1.1880877866707413
1257.854052562785,1.1232946,0.09766656,1.1881060301862718
1257.863143434925,1.2179217,0.15292633,1.1882561881301086
1257.867341052123,1.0968252,0.10147749,1.1882653081284413
1257.8767585083426,1.2522091,0.14715208,1.1882778701475596
1257.8806292856498,1.0672734,0.10539517,1.1882789873759856
1257.890373311231,1.1328367,0.14606324,1.1883937035544736
1257.8939172633798,1.0754149,0.09517235,1.1883880421620119
1257.9039878436083,1.2057064,0.13551858,1.1883604519594086
1257.907204985328,1.1522816,0.11638465,1.1883472229192953
1257.917602105489,1.1716353,0.14378476,1.1882981735174698
1257.9204924515086,1.0797846,0.10226341,1.1884050474140482
1257.9312160968902,1.2168539,0.1437621,1.1883360100742153
1257.9337796619375,1.0601393,0.09989761,1.1883178568829937
1257.9448298178274,1.0786903,0.14880122,1.1882348436953576
1257.9470666166285,0.99248886,0.104598396,1.1882170067235993
1257.9584432683173,1.3182998,0.16783576,1.188123723347967
1257.9603533155969,1.1552111,0.10009767,1.188107846165927
1257.9720564483755,1.5480883,0.15665208,1.1881330619871535
1257.973639758857,1.1042266,0.10162314,1.1881202243757314
1257.9856693580184,1.2061031,0.15064079,1.1880248128855055
1257.9869259464242,1.1838155,0.10513765,1.1880150394744649
1257.999281997262,0.8022282,0.13030551,1.187803727921707
1258.0002118783127,1.1642712,0.100840986,1.1877973874167576
1258.0128943661225,1.0396316,0.14652568,1.187715663048938
1258.0134975545373,1.3085626,0.109943286,1.187712225442501
1258.0265064646155,0.93384624,0.14646736,1.1877631296270104
1258.0267829751128,1.0349399,0.09854614,1.1877617077503064
1258.040068140054,1.0281346,0.10267815,1.1878218379549592
1258.040118292758,1.0048627,0.1372221,1.187821629487698
1258.053353049376,1.0489874,0.10062461,1.1877696555143054
1258.0537298505656,1.1519245,0.14527407,1.1877682533488403
1258.066637703093,1.0492327,0.10952654,1.187848120857074
1258.0673411380544,1.1444051,0.14864364,1.1878460247764078
1258.0799221012205,1.0753703,0.105813995,1.1878113530259904
1258.0809521552405,1.272881,0.13827172,1.1878089582627478
1258.0932062437726,1.1560363,0.11461816,1.187904209990402
1258.0945629021403,1.086756,0.13265143,1.187901508007039
1258.106490130764,1.2598683,0.11013119,1.1878814509195084
1258.1081733787696,1.2779932,0.1443466,1.1878792321456708
1258.1197737622097,1.073557,0.10050948,1.1878661915044937
1258.1217835851444,1.238707,0.13743478,1.187986336139227
1258.1330571381245,1.1257453,0.107869096,1.1879804629769943
1258.135393521281,1.4332104,0.14969115,1.187979877283579
1258.146340258523,1.1848089,0.111199304,1.1879797430530648
1258.1490031871956,0.8227949,0.12541917,1.187980552722744
1258.15962312342,1.241005,0.10695212,1.1881077172554222
1258.162612582904,1.4445875,0.14183712,1.1879875125656003
1258.1729057328305,1.0427846,0.119142435,1.187995416215865
1258.1762217084226,1.2779332,0.14037465,1.1879982008179641
1258.1861880867687,1.3698429,0.11510488,1.1880061996812108
1258.1898305637674,0.9123827,0.1398143,1.1880088573004421
1258.1994701852498,1.3110404,0.11426233,1.1880136742073493
1258.2034391489542,1.1640469,0.1359388,1.1880145980336567
1258.2127520282882,1.1750128,0.11061242,1.1881354921139153
1258.2170474639997,1.2430279,0.13697241,1.188132644895127
1258.2260336158986,1.2480145,0.11225537,1.1881221694633632
1258.2306555089194,1.0783597,0.13665792,1.188114614797331
1258.2393149480965,1.0967541,0.11443358,1.1879710733368771
1258.2442632837294,1.2011856,0.13523123,1.1880758481974802
1258.2525960248959,1.0877455,0.10384073,1.188041412351621
1258.2578707884466,1.206413,0.1355698,1.1880153109474263
1258.2658768463116,1.2527926,0.10439332,1.1879679810551962
1258.271478023086,1.2009017,0.14273994,1.1879293145902503
1258.2791574123582,1.2390287,0.11160848,1.1878689820083999
1258.2850849876643,0.99012506,0.12332256,1.18781670513998
1258.2924377230513,1.1047431,0.11264754,1.1878676600058369
1258.2986916821972,1.1261454,0.12966435,1.1878020367232722
1258.3057177784042,1.1964061,0.110595815,1.1875992037545997
1258.312298106701,1.072691,0.12655045,1.1875177469297227
1258.3189975784333,1.2332152,0.11204156,1.1874301607043907
1258.3259042611921,0.831404,0.12938896,1.1873351569425035
1258.3322771231517,0.9078385,0.09864696,1.1872437383929393
1258.339510145686,1.1626847,0.1323522,1.187013062339902
1258.3455564125754,1.2317375,0.107049905,1.1869189146459025
1258.3531157601994,1.0254365,0.12587348,1.186798322014314
1258.3588354467186,1.2426697,0.109011896,1.1867050639842047
1258.3667211047477,1.1693957,0.13338107,1.1865736849286344
1258.3721142255954,1.092276,0.1106064,1.1863601826494232
1258.3803261793473,1.1035709,0.1297166,1.1862190415265297
1258.3853927492214,1.1007316,0.104343526,1.186130874768291
1258.3939309840143,1.0768535,0.13545129,1.185980900423635
1258.3986710176116,1.2732645,0.11290434,1.1858970951218426
1258.4075355187645,1.210519,0.13350803,1.1857387936864203
1258.4119490307796,1.118509,0.10589357,1.1856591270287782
1258.4211397836143,1.3435922,0.13551788,1.18549211242445
1258.4252267887414,1.2074498,0.111664526,1.1854172193132504
1258.43474377858,1.1314231,0.12818864,1.1851183264722
1258.4385042915108,1.0856344,0.10384186,1.1850475541202714
1258.4483475036766,1.113158,0.13233967,1.1848595203897805
1258.4517815391025,1.1904802,0.101673745,1.1847925169260065
1258.4619509589215,1.1144898,0.1328101,1.1845907583876967
1258.4650585315314,1.0369401,0.1063682,1.1845282078185082
1258.4755541443299,1.2700429,0.14262754,1.184188975071617
1258.4783352688123,1.2195804,0.11214534,1.1841297727533067
1258.489157059918,1.255121,0.1287394,1.1838953616292751
1258.4916117509597,1.1534034,0.10615686,1.1838412944842152
1258.5027597057015,1.3885634,0.14145969,1.1834650663994717
1258.5048879779888,1.2688376,0.107834116,1.1832934068874823
1258.5163620816975,1.2696791,0.1404581,1.1827761692025496
1258.5181639499135,1.2464187,0.10862512,1.1827317539847668
1258.5299641879208,1.0115837,0.1264693,1.1823148528495477
1258.5314396667493,1.1222109,0.102547064,1.182277403523398
1258.5435660243888,1.1986668,0.12730037,1.1818387708746094
1258.544715128511,1.3186971,0.11314157,1.181807941187639
1258.5571675911165,1.0640064,0.13443835,1.1812242739168664
1258.5579903352118,1.1958244,0.10638112,1.1812015743144124
1258.5707688881203,0.8718228,0.120813966,1.1807140112022725
1258.5712652868683,1.3422471,0.11550878,1.1806995195761958
1258.5843699154163,1.2326615,0.13438448,1.1801866073389222
1258.5845399834946,1.1478575,0.1058527,1.1801813594594845
1258.5978144251044,0.91153055,0.09827186,1.1795228555013606
1258.5979706730202,1.2676666,0.1342645,1.1795179060151528
1258.6110886117135,1.0574915,0.099896066,1.1788478970729606
1258.6115711609486,1.2176534,0.12869538,1.1788318585466389
1258.6243625433367,1.3941975,0.114079215,1.1781575255108487
1258.6251713792171,1.3474807,0.12968598,1.1781300731074063
1258.6376362199878,1.1042372,0.1050469,1.1773308155403799
1258.638771327842,1.3041172,0.13702284,1.1772908906583157
1258.6509096416821,1.2209606,0.110914096,1.1767374726306397
1258.652371006839,1.3318312,0.13116038,1.176684685175145
1258.6641828084341,1.3533943,0.116999745,1.1760121763650528
1258.6659704162244,1.023535,0.11822007,1.1759469927442983
1258.6774557202589,1.0836776,0.10346189,1.1752810925357233
1258.6795695560143,1.1446687,0.13001761,1.174958869645526
1258.6907283771704,1.2379934,0.109666534,1.174423579393935
1258.6931684262247,1.0490893,0.124894105,1.1743330030493109
1258.7040007791838,1.3230575,0.10951099,1.1736853760930717
1258.7067670268716,1.1481,0.13481288,1.173582185471259
1258.7172729263139,1.326811,0.11110146,1.1730680135529008
1258.7203653579706,1.3441198,0.13843042,1.1728305704666089
1258.7305448185748,1.0780014,0.10519615,1.1723291621453757
1258.7339634195387,1.2875706,0.14384355,1.1722019477366437
1258.743816455982,1.2101578,0.11676913,1.1715924992067623
1258.7475612115911,1.1784074,0.12732092,1.1714543695878041
1258.7570878385498,1.1098526,0.108135596,1.1709823470313137
1258.7611587341437,1.1416335,0.12502562,1.1707115785591136
1258.7703589662922,1.228007,0.11032924,1.1702563980336635
1258.7747559872132,1.1945146,0.13423988,1.1700986043580448
1258.783629839225,0.9594461,0.10091714,1.169539350345381
1258.7883529708156,1.1461885,0.12288939,1.169373889166464
1258.796900457362,1.0994704,0.10552542,1.1689558986187665
1258.8019496849658,1.241488,0.12783644,1.1687829449740486
1258.8101708207187,1.213228,0.116332546,1.168262509628952
1258.8155461296815,1.3008863,0.13049425,1.168085391719874
1258.8234409293093,1.2710708,0.11136929,1.1677066959923024
1258.8291423049775,1.1961524,0.13779826,1.1675244892450527
1258.8367107831482,1.2193859,0.12002904,1.1671650761341996
1258.84273821087,1.1356924,0.12729034,1.16685791049872
1258.8499803822506,1.2970358,0.111039005,1.1665182959540092
1258.8563338473755,0.9975618,0.12464306,1.1662095386868436
1258.8632497266308,1.4259144,0.118886635,1.1658885181322525
1258.8699292145097,1.0486554,0.13311866,1.165578594328799
1258.8765188163038,1.2741318,0.11719396,1.165398275536941
1258.8835243122885,1.0203879,0.12532794,1.1652118238064615
1258.889787651284,1.165452,0.11449545,1.1649272387008598
1258.897119140728,1.1663997,0.12973502,1.1646198672058152
1258.9030562315859,1.1944779,0.10698778,1.164351259553986
1258.9107136998443,1.3216321,0.13050765,1.1641684674607218
1258.9163245572245,1.1940974,0.12618636,1.1640387242408972
1258.9243079896535,1.1994002,0.13988839,1.1637360251169686
1258.9295926282148,1.40963,0.12177225,1.163619087325925
1258.937902010171,1.2191751,0.123722054,1.1631955740593023
1258.9428604445707,1.2887388,0.11725949,1.1630906717250777
1258.9514957614138,1.4067134,0.13174915,1.162788679779553
1258.9561280063072,1.2733837,0.116895534,1.162693433553311
1258.965089243397,1.2541889,0.12575284,1.1623885974206742
1258.969395313439,1.3885714,0.11538251,1.1621791361730036
1258.978682456137,1.2834234,0.13898058,1.1617468827099788
1258.9826623659808,1.1249727,0.107467234,1.1616660443796873
1258.9922753996498,1.2068212,0.13516136,1.161347916726235
1258.9959291639473,1.1858507,0.11823005,1.161272998041439
1259.0058680739514,1.4591422,0.13218643,1.1608227622152216
1259.0091957073523,1.1917797,0.118691206,1.1606310233292687
1259.0194604790577,1.0239137,0.115149714,1.160169955569863
1259.022461996212,1.2964652,0.12057105,1.160105773221122
1259.0330526149846,1.2916656,0.12862341,1.1596335040861585
1259.0357280305398,1.1655054,0.113137975,1.1594534675903092
1259.0466444817484,1.226372,0.12351635,1.1590933066118922
1259.048993810351,0.97390175,0.11326009,1.1589197925988763
1259.0602360793648,1.0449669,0.11778629,1.1585516486454104
1259.06225933566,0.9353903,0.10910642,1.1583853085776936
1259.0738274078499,1.0914127,0.13110213,1.1578900750166636
1259.075524606481,1.243584,0.11642655,1.1578535201603226
1259.0874184672198,1.1597211,0.1158457,1.1573559912529707
1259.0887896228294,0.9448447,0.10711049,1.157205403180417
1259.1010092574902,1.1855407,0.13587353,1.1567101419497616
1259.1020543847198,1.0033478,0.10674944,1.1566889857870115
1259.1145997786773,1.2821503,0.123673126,1.1563205157432868
1259.1153188921662,1.3888141,0.121165,1.1563068820535984
1259.1281900307972,1.4006357,0.12691726,1.1557018550928426
1259.1285831451842,1.1850185,0.11122631,1.1556946910039954
1259.1417800138656,1.1508927,0.11839005,1.155344736325488
1259.1418471437876,1.1689303,0.12554428,1.1553436187662276
1259.1551108879912,1.0543411,0.11221524,1.1548862075438246
1259.155369727899,1.0381823,0.11309156,1.1548823231884895
1259.1683743778096,1.0492659,0.112218484,1.1544474483209646
1259.1689591729123,1.3848424,0.12312295,1.1544391616676855
1259.1816376132579,1.2529705,0.11267704,1.1541473269269114
1259.1825483489222,1.351312,0.124754116,1.1541359375063993
1259.1949005943507,1.0867059,0.11571185,1.1536207163189505
1259.1961372559451,0.9899983,0.116385296,1.1536062753211904
1259.208163321102,1.3305197,0.113436796,1.1533554790007252
1259.2097258939962,1.2469288,0.1250498,1.153339739116987
1259.2214257935268,1.0409645,0.1092523,1.1531059217186272
1259.2233142630917,1.1158035,0.11314644,1.1530893919999732
1259.2346880116395,1.0717282,0.11150835,1.1528729671073417
1259.2369023632477,1.0360792,0.11696477,1.152855554922508
1259.2479499754556,1.0888513,0.108719304,1.1526531383518115
1259.2504901944803,1.2855334,0.123906754,1.1526363162581483
1259.2612116849884,1.1402714,0.1103899,1.1524463187791745
1259.264077756805,1.2725914,0.12816744,1.1524289667603609
1259.2744731402536,1.121079,0.11662434,1.152249618681949
1259.2776650502383,1.1217344,0.116269946,1.1522331404081612
1259.2877343412656,1.1564053,0.1161301,1.152184008511585
1259.2912520747957,1.3704962,0.12290393,1.1520460026978205
1259.3009952880384,1.0693481,0.11785157,1.1520045161783117
1259.3048388304937,1.1654086,0.11688041,1.151989023461709
1259.3142559805872,1.224005,0.12225933,1.1518318516710653
1259.3184253173474,1.1222149,0.117910385,1.15181786358412
1259.3275164189267,1.014617,0.106750675,1.151667065488976
1259.3320115353736,1.1073288,0.109891176,1.1516539653270828
1259.3407766030712,1.1825931,0.110229954,1.1516315695307522
1259.345597484588,0.99814546,0.11141745,1.1514987563335914
1259.3540365330357,1.111041,0.10457881,1.1516043638111304
1259.3591831650062,1.0296156,0.11910085,1.1514738684630395
1259.367296208834,0.8333301,0.102136776,1.151340745177925
1259.3727685766448,0.99323267,0.106109865,1.151334565391496
1259.3805556304815,1.1072499,0.11469044,1.1513279381186385
1259.386353719519,1.1810257,0.11651941,1.1512021168527928
1259.3938147979927,1.0080092,0.107319765,1.1511982009929889
1259.3999385936456,0.89897066,0.109891325,1.1513176614245255
1259.4070737113823,1.153989,0.1109982,1.151192983348193
1259.4135231990397,1.0861199,0.11139244,1.1511905532387696
1259.4203323706643,1.0801674,0.10786408,1.1511874444755805
1259.4271075357178,0.8771087,0.108658925,1.1511834520238309
1259.4335907758539,0.9346358,0.10181653,1.1510564011467301
1259.4406916036955,0.99836665,0.10760559,1.1510490910881526
1259.4468489269655,1.0763811,0.10851745,1.1511623232757127
1259.4542754029894,0.7043423,0.104279205,1.1510266374003613
1259.4601068240136,0.7757533,0.109395534,1.1510132252979197
1259.4678589336147,0.63483864,0.09787487,1.150869117410878
1259.4733644670132,0.5597306,0.08537041,1.1508505826032047
1259.4814421955875,0.33807725,0.07960333,1.1508169852927317
1259.4866218559785,0.45733374,0.07905816,1.150668936606189
1259.4950251889243,0.085578255,0.070350714,1.1506209141514563
1259.4998789909243,0.18531632,0.06614847,1.1504678034645979
1259.5086079136404,0.14282587,0.07192957,1.1504024192090667
1259.513135871865,0.12897038,0.05531991,1.1502417362454809
1259.5221903697513,0.18097228,0.079365864,1.1501570872048978
1259.5263924988153,0.15713859,0.0713853,1.149991776247155
1259.5357725572742,0.10450105,0.069556504,1.1497640595899745
1259.5396488717902,0.14520927,0.06367074,1.1495953386599527
1259.5493544762244,0.08724113,0.063569605,1.1494698259142804
1259.5529049908037,0.19761904,0.06796826,1.1492980747343746
1259.5629361266174,0.1250146,0.07445395,1.1491530795765865
1259.5661608558705,-0.037580162,0.055467416,1.1489830658094728
1259.57651750847,-0.0100428425,0.06217844,1.1488212124063502
1259.5794164670053,0.09778416,0.06110763,1.1486525215821648
1259.5900986217978,-0.027187157,0.05201487,1.1484781684340013
1259.5926718242229,0.025483478,0.054187573,1.1484355783673035
1259.6036794666159,0.074099526,0.06795768,1.1480073968338664
1259.6059269275377,-0.033397023,0.06886376,1.1479696739844312
1259.6172600429418,0.1843495,0.07626677,1.1476576474772742
1259.6191817769643,0.05273345,0.061088204,1.1476256595090584
1259.63084035079,0.101222515,0.06911492,1.1474326519543856
1259.6324363725175,0.1885641,0.07583617,1.1474063828434287
1259.6444203901774,0.4365549,0.08593738,1.147090251104018
1259.6456907142112,0.36488518,0.07834411,1.1470699841938863
1259.6580001611192,0.5633614,0.08617331,1.1468757936050236
1259.6589448020607,0.7861848,0.10331374,1.1467389673942816
1259.6715796636315,1.0312526,0.11636286,1.1465462414915186
1259.6721986360803,0.86923873,0.101532385,1.1465369304962527
1259.6851588977306,1.0621648,0.11243008,1.1461014735068713
1259.6854522162846,0.99368787,0.106300995,1.1460972660651811
1259.6987055426882,0.83539784,0.10023619,1.1459096552493877
1259.6987378634321,1.0879645,0.10563682,1.145909204467109
1259.711958615306,1.0667943,0.11220832,1.1454867829736957
1259.712316560752,0.9848401,0.113245256,1.1454821170211047
1259.7252114341518,1.0371201,0.106974185,1.1451960049016257
1259.7258949897061,1.0703416,0.11955548,1.1451874605980212
1259.738463999241,1.2392486,0.11781012,1.144918149970747
1259.7394731503107,0.9590513,0.1092135,1.144906778837451
1259.7517163105874,0.9120845,0.10772528,1.1446531918492573
1259.753051042581,0.8194585,0.099053316,1.1446400238258814
1259.7649683682064,1.1738791,0.114791974,1.1442822308677694
1259.7666286665335,1.0122359,0.12155587,1.1442670741931815
1259.7782201721125,1.1038611,0.11263341,1.1440478238952108
1259.7802060221838,1.0542434,0.114057146,1.1440325388821515
1259.791471722319,1.1525173,0.11472337,1.1437060844966647
1259.7937831095483,1.2689937,0.12052722,1.143690144338445
1259.8047230188422,1.0581543,0.10882638,1.1433773406102186
1259.8073599286422,1.1768323,0.11769469,1.1433618015221454
1259.8179740616954,0.9511219,0.10849387,1.1431806624256027
1259.8209364794816,0.8293931,0.10220938,1.143043297128256
1259.8312248508937,1.052167,0.10959679,1.1428698646119486
1259.8345127620828,0.9515862,0.10172451,1.1427318767833032
1259.844475386452,1.010082,0.108929604,1.1425631428276684
1259.8480887764615,0.82885545,0.10432441,1.142546546532798
1259.8577256683839,1.1972646,0.11438073,1.1422582827345211
1259.8616645226332,1.05371,0.11101537,1.142240255868725
1259.8709756967046,1.0847317,0.11129134,1.1420752723770495
1259.8752400006142,0.9476168,0.11190893,1.1418113035009685
1259.8842254714293,0.8440861,0.099331126,1.1416471271398376
1259.8888152104205,0.9104395,0.10642333,1.141503429523889
1259.897474992571,0.8961206,0.12320126,1.141340564907782
1259.9023901520677,1.1178591,0.10354492,1.1414395486392235
1259.9107242601458,0.96471214,0.111134484,1.1412790105574282
1259.915964825572,1.126028,0.105823584,1.1411335685890054
1259.923973274167,1.0123208,0.10712023,1.1410990531393241
1259.929539230949,0.9675723,0.11473067,1.1409541770648919
1259.93722203465,0.9160139,0.110394865,1.140802843647963
1259.9431133682144,0.9249972,0.118065074,1.1407826000015517
1259.9504705416093,0.87049305,0.10765096,1.1406383391460317
1259.9566872373846,1.2228149,0.13010707,1.140500399397011
1259.963718795059,1.0070835,0.11334288,1.1404857420128094
1259.9702608384753,0.98482656,0.10483385,1.1403533453129726
1259.9769667950143,1.3090209,0.12165704,1.14034732316571
1259.9838341715022,0.94678855,0.1083609,1.1402234284983308
1259.9902145414885,1.128515,0.11744269,1.140103397657952
1259.9974072364812,0.80132794,0.10092459,1.1401100754203144
1260.0034620344977,1.0481529,0.11480426,1.1401189570309544
1260.0109800334285,0.9957603,0.10857253,1.1401357740967653
1260.0167092740555,1.066374,0.114967026,1.1400301835443516
1260.0245525623595,1.0758661,0.106737986,1.1400566662492213
1260.0299562601767,1.0357268,0.11766093,1.1399554250403006
1260.0381248232907,1.033394,0.11395085,1.1399915635882465
1260.0432029928759,0.9303508,0.104173385,1.139772473287628
1260.0516968162376,0.888388,0.10708913,1.1399397367266504
1260.0564494721677,1.0655867,0.123115666,1.1398448099804388
1260.0652685412158,1.0247114,0.10715515,1.13989820198148
1260.0696956980664,0.89873636,0.10814111,1.1398040878916602
1260.0788399982416,1.1418036,0.124012545,1.1398645238131397
1260.0829416705865,1.1785105,0.114951886,1.140014832301544
1260.0924111873305,1.1253458,0.107212506,1.1399589796486813
1260.096187389743,0.9335567,0.10135794,1.1399857438283876
1260.1059821084991,1.0735132,0.10771848,1.139933965294763
1260.1094328555498,0.78824234,0.096573256,1.1399587496559445
1260.1195527617622,1.0428025,0.107025355,1.140030837624923
1260.1226780680217,0.9650007,0.104093336,1.1400527016525552
1260.133123147137,0.88568056,0.09691343,1.1400015053558765
1260.1359230271737,1.9775803,0.14101504,1.1400199030001765
1260.146693264638,0.9517572,0.10619207,1.1400861415329084
1260.1491677330198,0.7834611,0.09324248,1.1400995891384071
1260.1602631142816,1.0513757,0.112201996,1.140155401184159
1260.1738326960844,1.1161987,0.10117099,1.1400829395295617
1260.1874020100609,0.96383387,0.1140473,1.1401074422795126
1260.2009710562277,0.8777658,0.10125453,1.1399784889961593
1260.214539834601,0.8779711,0.096421026,1.139696719523195
1260.228108345196,0.8560753,0.095140286,1.1396245191885448
1260.241676588029,0.87469345,0.10121764,1.1393993147037802
1260.2552445631152,0.60788006,0.081591465,1.1391474318183161
1260.2688122704715,0.44029078,0.07412302,1.138994014356311
1260.2823797101125,0.2077704,0.062386364,1.1387049160309293
1260.295946882055,0.11372683,0.061346542,1.138409016655814
1260.3095137863147,-0.050163813,0.06916546,1.137993590743798
1260.3230804229072,0.19286504,0.055393215,1.1377093307086852
1260.3366467918484,-0.037441313,0.05018997,1.1374426999957188
1260.350212893154,0.03309494,0.061787535,1.1370740859991662
1260.3637787268406,-0.031084513,0.05797048,1.1368513599685799
1260.3773442929228,-0.010077237,0.046292815,1.1366552086135404
1260.3909095914175,0.08849509,0.04894508,1.1362395507710334
1260.4044746223399,-0.03030028,0.052626714,1.1359732019497497
1260.418039385706,-0.016120026,0.04468046,1.1358534898359243
1260.4316038815318,0.05735385,0.047896367,1.135512916510665
1260.445168109833,-0.06554019,0.04346492,1.1354401995337242
1260.4587320706253,-0.07347829,0.045380138,1.1352642700999458
1260.472295763925,-0.070158124,0.047884937,1.1351065814728876
1260.4858591897473,-0.10843481,0.048791822,1.1349640056560364
1260.4994223481085,-0.013302243,0.06929105,1.134711225131333
1260.512985239024,-0.008920289,0.05180741,1.1347130362572373
1260.5265478625101,0.009705984,0.049151517,1.1345992983801714
1260.5401102185822,0.06013648,0.048192322,1.1344902391296285
1260.5536723072564,-0.008974717,0.058616467,1.1343835699245484
1260.5672341285485,-0.009828598,0.057321522,1.1341551762969293
1260.580795682474,0.07057798,0.047986317,1.1341695860402377
1260.594356969049,-0.033737,0.05200458,1.134181707260491
1260.6079179882895,0.07946299,0.055207584,1.134191126456494
1260.621478740211,0.021113498,0.06134427,1.1341976773052496
1260.6350392248291,0.13127954,0.060199834,1.1340799796383298
1260.6485994421603,-0.054218136,0.055609606,1.1340825423705865
1260.6621593922193,-0.051936965,0.047716986,1.1340841214619028
1260.675719075023,-0.051685814,0.062930554,1.134207509284435
1260.6892784905867,-0.061274227,0.05634737,1.1342094629730501
1260.7028376389262,0.006490219,0.052732684,1.1342127950942569
1260.7163965200575,-0.13106155,0.05124867,1.134340412108589
1260.7299551339963,0.07704352,0.061469894,1.1343485975740846
1260.743513480758,0.051822316,0.052405857,1.1343592711196653
1260.7570715603595,-0.07053399,0.0589265,1.134372034145332
1260.7706293728152,-0.03292776,0.058849595,1.134629447819124
1260.7841869181418,0.0061735143,0.067241326,1.1346413905119688
1260.7977441963549,0.077356204,0.08404159,1.1347712127703473
1260.8113012074705,0.14826338,0.06817013,1.134894473048615
1260.8248579515036,0.029642604,0.06344044,1.1350072211634696
1260.8384144284707,0.10364195,0.06878216,1.1349858690882857
1260.8519706383875,0.17492439,0.060587328,1.1351953745359031
1260.865526581269,0.010449757,0.04711524,1.1351460965896938
1260.8790822571325,0.04682186,0.054690663,1.1352070205018174
1260.8926376659924,0.09678335,0.060156744,1.1352574280974255
1260.9061928078652,0.36063087,0.095873535,1.1350577305131782
1260.9197476827665,0.71787953,0.086244605,1.1352228948456897
1260.933302290712,0.7116645,0.08578964,1.1352700736310875
1260.9468566317173,0.83975023,0.08815277,1.135203302530019
1260.9604107057987,0.5620503,0.08700229,1.1352709102933938
1260.9739645129716,0.61783785,0.09708155,1.1354757662183967
1260.9875180532515,0.5495295,0.08421061,1.1355735637757038
1261.0010713266547,0.2693942,0.061581533,1.135810385542962
1261.014624333197,0.07363791,0.063469246,1.1359385543956746
1261.0281770728936,0.040298227,0.060211465,1.1362006634912398
1261.0417295457605,0.05409688,0.057777118,1.1363498463872626
1261.0552817518137,0.0653836,0.048237316,1.1366267215632624
1261.068833691069,0.061260056,0.061443634,1.1367850573452853
1261.0823853635416,0.016540892,0.060018886,1.137066271738084
1261.0959367692478,0.04099243,0.050936323,1.137224285133756
1261.109487908203,0.046001755,0.05996388,1.1376234762628283
1261.1230387804233,-0.002823583,0.05991958,1.1378971395507749
1261.136589385924,-0.058172204,0.06349955,1.1381666489702216
1261.1501397247212,0.052061226,0.047616113,1.1384321884731543
1261.1636897968306,0.15954065,0.059371773,1.1388161988892387
1261.177239602268,-0.012827178,0.042988986,1.1389524210670847
1261.1907891410492,0.08712288,0.05598995,1.139330351655891
1261.2043384131894,0.06526718,0.060000192,1.1395845625799677
1261.217887418705,0.12906718,0.06879261,1.1398387912041816
1261.2314361576114,0.1489511,0.060495418,1.1402166408796472
1261.244984629924,0.2526238,0.06435195,1.1404764377390744
1261.2585328356595,0.2948356,0.07749602,1.1407420345628145
1261.2720807748328,0.4204595,0.074743494,1.1411381316712679
1261.2856284474599,0.3165712,0.0723044,1.1415458630309205
1261.299175853557,0.25237295,0.066605024,1.1419666834485793
1261.3127229931386,0.093377195,0.05759104,1.1424050322001822
1261.3262698662215,-0.0017982476,0.049006898,1.142861694709624
1261.3398164728217,0.10583474,0.055540957,1.143460454804858
1261.353362812954,0.017295763,0.062800445,1.1439600448884906
1261.3669088866338,0.051100623,0.049356688,1.1444800595114577
1261.3804546938784,-0.056557745,0.05754757,1.1451437543703182
1261.3940002347022,0.04081411,0.070080966,1.1457036550411497
1261.4075455091213,-0.03718098,0.054875318,1.1464006597383332
1261.4210905171517,-0.042781457,0.048005477,1.1471096239314438
1261.4346352588086,-0.019554233,0.04938698,1.1478241016916906
1261.448179734108,-0.033085115,0.05609321,1.1484166605740944
1261.4617239430659,-0.0062285047,0.043490905,1.1491249072373109
1261.4752678856978,-0.025625484,0.05150446,1.1499441268132997
1261.488811562019,0.008019041,0.05021195,1.15062194263295
1261.5023549720456,0.02039971,0.049732413,1.151155743692102
1261.515898115793,-0.07752367,0.053434536,1.1517839103245153
1261.5294409932774,0.047816586,0.05433048,1.1522578577468767
1261.5429836045143,0.009278867,0.049429417,1.152822171836231
1261.5565259495193,0.016411198,0.048600644,1.1532265027874624
1261.5700680283085,0.050657917,0.043264482,1.1535973897332132
1261.5836098408968,-0.06818475,0.048067495,1.153691341402373
1261.5971513873,-0.050692152,0.045362912,1.1539986215289577
1261.6106926675347,0.014665376,0.043563496,1.1542822332244924
1261.6242336816158,-0.024735205,0.043867335,1.1544229579082135
1261.6377744295596,-0.052629296,0.047841627,1.1546721310270656
1261.6513149113812,0.03148552,0.05150443,1.1547892172985665
1261.6648551270962,-0.016843319,0.043835808,1.1548984623273597
1261.6783950767212,-0.015558879,0.053388968,1.1551236926118473
1261.691934760271,-0.09388894,0.04034251,1.1552196914849815
1261.7054741777613,0.003474141,0.049359612,1.1554289882959399
1261.7190133292083,-0.015038712,0.043558434,1.1555054520212102
1261.7325522146277,0.037604664,0.044631846,1.1556883692941144
1261.7460908340345,0.01531375,0.05664293,1.1558550049790302
1261.7596291874454,0.13363013,0.04778076,1.1558796326238228
1261.7731672748748,0.18159223,0.05461362,1.1558832439403715
1261.7867050963393,0.22647542,0.059334047,1.155867089081959
1261.8002426518542,0.18261527,0.08233182,1.1559516030157901
1261.8137799414355,0.4911959,0.07228258,1.1558981354796711
1261.8273169650986,0.5212053,0.07466332,1.1558312381131461
1261.8408537228593,0.4851575,0.07088573,1.1558782148080209
1261.8543902147333,0.71357274,0.080667175,1.1558013937683982
1261.867926440736,0.69334275,0.0841735,1.1557302351883831
1261.881462400883,0.8068262,0.088867374,1.155671233704875
1261.8949980951909,0.85092944,0.08996441,1.1556301401329208
1261.908533523674,0.9400976,0.08970604,1.1556121435198685
1261.922068686349,0.73423475,0.08789255,1.1556171083994395
1261.935603583231,0.60809433,0.0759183,1.1555265384076763
1261.949138214336,0.8773924,0.08747306,1.1554588198761446
1261.9626725796795,0.8490803,0.08482162,1.1556553538130432
1261.9762066792773,0.8406371,0.09277629,1.1556253635830533
1261.9897405131444,0.9051191,0.091677785,1.1557296927813243
1262.0032740812974,1.0304679,0.10010372,1.1558445481857753
1262.0168073837513,0.96516794,0.09297424,1.1559670059808913
1262.030340420522,0.8248924,0.09066831,1.155973781384321
1262.0438731916254,0.92779255,0.104532994,1.1561094377352483
1262.0574056970768,0.91106397,0.092142425,1.1562516106709437
1262.0709379368911,0.9922062,0.10102356,1.1562798697157044
1262.0844699110858,0.9259288,0.09212971,1.1564395116935535
1262.098001619675,0.7674658,0.08329037,1.1563651155178736
1262.111533062675,0.97025764,0.08826625,1.1564259619644002
1262.125064240101,0.95507723,0.0918936,1.156621842302605
1262.1385951519687,0.8430873,0.089539334,1.1567112620978826
1262.1521257982947,1.012429,0.095397376,1.156940137824368
1262.1656561790933,0.98341894,0.09239822,1.1571866337859311
1262.1791862943805,0.9624573,0.08806339,1.1574550168675732
1262.192716144173,0.9007321,0.08760554,1.1577433657686709
1262.2062457284846,1.0599798,0.09955243,1.1579309294119882
1262.2197750473322,1.0537446,0.09958185,1.1582613924201561
1262.2333041007314,1.079201,0.09049228,1.1586091159183858
1262.246832888697,0.94346064,0.09107418,1.1589732752789397
1262.2603614112454,0.9503025,0.09981,1.1593481652054647
1262.2738896683923,1.064167,0.0885174,1.159608078294597
1262.2874176601524,1.1587819,0.10036875,1.1599926561896448
1262.3009453865425,0.9120664,0.10070308,1.1603756350560395
1262.314472847577,0.9381966,0.08451428,1.1606305331639093
1262.3280000432724,0.9782562,0.105715066,1.1609986826807142
1262.3415269736442,1.0402335,0.0892467,1.1613558618411057
1262.3550536387081,0.9930183,0.09169139,1.1616998105709808
1262.3685800384792,0.89324236,0.10629376,1.1619096717849895
1262.382106172973,1.0597638,0.09028329,1.1622290556921702
1262.3956320422058,1.0290375,0.101669304,1.1624166637031312
1262.409157646193,1.0867062,0.096806064,1.1627190409733639
1262.42268298495,0.9169587,0.087579556,1.1630165791012739
1262.4362080584926,0.94352347,0.09379304,1.16306793281809
1262.449732866836,1.0537078,0.087675124,1.1633628290686882
1262.4632574099965,0.91756445,0.08649938,1.1635353306731053
1262.476781687989,0.9975048,0.090711534,1.1638288077926555
1262.4903057008294,0.96322846,0.08677239,1.1641187151533294
1262.5038294485337,1.0354725,0.09028742,1.164280992558495
1262.5173529311169,1.0453441,0.094030716,1.1645567850243999
1262.5308761485946,1.036155,0.088574424,1.1646997732153328
1262.5443991009824,1.0444082,0.08933213,1.1649532783530863
1262.5579217882964,0.972372,0.09323359,1.1650706852415722
1262.5714442105516,0.91976845,0.08467042,1.165298797055179
1262.5849663677643,1.0749218,0.08857168,1.1653941135244845
1262.5984882599494,1.0926331,0.092877164,1.1656034188334814
1262.6120098871227,0.9302854,0.08908472,1.1655634282922032
1262.6255312492995,0.9796003,0.08581668,1.1657646078786028
1262.6390523464959,1.018317,0.088954434,1.1659654151958052
1262.652573178727,1.0244552,0.095366135,1.1661674362164796
1262.6660937460088,1.0543337,0.09088087,1.166371733423902
1262.6796140483568,1.2487634,0.09348306,1.1665783936112275
1262.6931340857861,1.1144058,0.09459816,1.1669094659612718
1262.7066538583126,0.9193981,0.08731198,1.1671199882585097
1262.7201733659526,0.93305546,0.086441115,1.1673315099965265
1262.7336926087205,0.9552037,0.08707118,1.1675436918536217
1262.747211586632,0.9057076,0.08865922,1.1677566107041502
1262.7607302997035,0.9634037,0.088222556,1.167970976989969
1262.7742487479497,1.0340147,0.090507925,1.16818764281803
1262.7877669313868,1.0410941,0.09430661,1.1682853605154775
1262.8012848500302,1.031092,0.08991205,1.168508967417218
1262.814802503895,1.1273723,0.09137083,1.1687355007170344
1262.8283198929976,0.9855825,0.08936042,1.1688414059549552
1262.8418370173526,0.97593415,0.086033955,1.1690675411726639
1262.855353876976,1.0921537,0.09099263,1.1692880872254938
1262.8688704718838,0.8167314,0.08605797,1.16937505162808
1262.8823868020907,1.0612581,0.09180259,1.1695691917776276
1262.8959028676127,1.1186283,0.09150362,1.1696205206006005
1262.9094186684658,0.9997401,0.086519316,1.1697718833790436
1262.9229342046647,1.0038801,0.08739666,1.1697788389158645
1262.936449476225,0.9615225,0.095293745,1.1698845505834088
1262.9499644831633,1.0576342,0.090019695,1.1697282679701002
1262.963479225494,1.0006354,0.08749988,1.169678294150878
1262.9769937032331,0.93221134,0.08789894,1.1697410015960261
1262.9905079163962,1.0036854,0.08663547,1.1697996560438302
1263.0040218649983,1.0940427,0.0962332,1.1697382187053664
1263.0175355490558,1.0776719,0.08784025,1.1696837192340879
1263.0310489685837,1.0308069,0.08826367,1.1697639659250751
1263.0445621235979,0.943407,0.0919788,1.169737851428187
1263.058075014113,1.1184554,0.09773945,1.1697281456950814
1263.0715876401455,1.0008932,0.09477856,1.1698587991223612
1263.0851000017108,1.0167898,0.08644569,1.1698815278093404
1263.098612098824,0.9374871,0.08432607,1.1700381681666834
1263.1121239315012,0.959251,0.08872666,1.1702011462568365
1263.1256354997572,1.0362684,0.093986906,1.170121223526816
1263.1391468036084,1.0773277,0.09467414,1.1702805908595129
1263.1526578430696,1.0717173,0.092686,1.1704308207934861
1263.1661686181567,1.1686374,0.094559595,1.1705668117452017
1263.1796791288846,1.0252411,0.08605591,1.1705633456707187
1263.1931893752699,1.0422415,0.09064967,1.170664053275582
1263.2066993573274,1.1887417,0.09165897,1.1707430344820502
1263.2202090750725,0.92902035,0.08762026,1.170803858531795
1263.233718528521,0.92377514,0.10154922,1.170847176068825
1263.2472277176882,1.0151678,0.087464094,1.1707543834459666
1263.2607366425902,1.1082971,0.09357394,1.1708962846002127
1263.274245303242,1.0401951,0.09299549,1.1709093166823503
1263.2877536996589,0.9376073,0.09820509,1.1709195654157976
1263.3012618318571,0.83762574,0.09205234,1.1708065263534526
1263.314769699851,1.0193456,0.09398722,1.1706930131840796
1263.3282773036574,1.080603,0.0935211,1.1708226623502513
1263.341784643291,0.90090966,0.0856585,1.1708274744096625
1263.3552917187676,1.1390809,0.09051315,1.1707059030503468
1263.3687985301024,1.1262462,0.092607416,1.170699979199707
1263.3823050773112,1.00125,0.09208218,1.1705638545018497
1263.3958113604097,0.9787217,0.09028832,1.1704195770177914
1263.4093173794122,1.071045,0.08598445,1.1702659873647696
1263.4228231343359,1.1076568,0.08773784,1.1702271317977084
1263.436328625195,1.075711,0.09054982,1.1700602456268143
1263.449833852006,1.0189552,0.09488655,1.1698896759538386
1263.4633388147834,1.1107353,0.097016655,1.169473920678235
1263.476843513543,1.0459486,0.097517505,1.169303664236105
1263.4903479483005,1.1025606,0.09210134,1.1690146337292675
1263.5038521190713,0.9268336,0.08614455,1.1687303084950529
1263.5173560258706,1.0248792,0.08666926,1.1685737813329728
1263.5308596687146,1.1667534,0.0943479,1.1683004145119886
1263.544363047618,1.1386915,0.096326105,1.1680324672663875
1263.557866162597,0.9943438,0.08827201,1.1676466049309713
1263.571369013666,1.11512,0.097160675,1.167386514629799
1263.5848716008418,1.2209265,0.09134722,1.167129963265997
1263.5983739241387,1.1101261,0.09093021,1.1667544674260744
1263.611875983573,1.0450547,0.08684734,1.1665045969990628
1263.6253777791599,0.9119315,0.082491815,1.16613607150843
1263.6388793109145,1.1192853,0.08788947,1.1656493404617572
1263.6523805788527,1.2396699,0.09030508,1.1652892705149234
1263.66588158299,1.1619924,0.08981195,1.1650558973983665
1263.679382323342,1.2515523,0.09700802,1.164706253338236
1263.6928827999232,1.0876644,0.09009803,1.1643624888584556
1263.7063830127502,1.1472708,0.08916643,1.1641471712820022
1263.7198829618378,1.2148994,0.095971614,1.1638168429096454
1263.7333826472018,1.2224137,0.09482961,1.163492899418723
1263.7468820688575,1.1682163,0.08925652,1.1632980383187348
1263.7603812268198,1.1606034,0.09482398,1.1631087497744097
1263.7738801211055,1.1005869,0.093914814,1.1629238289020054
1263.787378751729,1.3009288,0.09629779,1.1627415558462864
1263.8008771187056,1.2470595,0.092523806,1.162437748488527
1263.8143752220517,0.9474889,0.08869637,1.1621324558870063
1263.827873061782,1.0423365,0.08707596,1.1620682661497372
1263.8413706379122,1.112575,0.09381803,1.1618781903389626
1263.8548679504577,1.3633648,0.10090068,1.1615621960622768
1263.8683649994337,1.0939476,0.09137846,1.1614885360947003
1263.881861784856,1.1912829,0.09143381,1.1612937889623074
1263.89535830674,1.2412956,0.092611745,1.1611043614542158
1263.9088545651011,1.1103523,0.088960536,1.160924746667065
1263.922350559954,1.1905746,0.09121945,1.1607615810206915
1263.9358462913156,1.1513207,0.09195125,1.160617383984238
1263.9493417592003,1.184587,0.09530637,1.1606205784118655
1263.9628369636237,1.1004097,0.09221059,1.1605275851817873
1263.9763319046015,1.1628407,0.09153341,1.160339450752542
1263.989826582149,1.1159858,0.09074478,1.1604235871063933
1264.003320996281,1.0972056,0.08611591,1.1604083873209383
1264.016815147014,1.1427757,0.092725486,1.1605368516548364
1264.0303090343627,1.2139119,0.09195186,1.1605582999492543
1264.043802658343,1.3548198,0.09319259,1.1607117416543613
1264.0572960189697,1.1704957,0.09515274,1.1608689350667034
1264.0707891162588,1.1459936,0.089529134,1.1609015656758075
1264.0842819502254,1.2247338,0.08936194,1.1610473428664516
1264.0977745208852,1.225787,0.09410789,1.1611797325544213
1264.1112668282535,1.2851295,0.0940973,1.1612950098265868
1264.1247588723452,1.2637476,0.095600605,1.1612665030953715
1264.1382506531763,1.2381715,0.09659196,1.1613393900034352
1264.1517421707622,1.2003138,0.090682976,1.161144828149983
1264.1652334251178,1.0513942,0.088094674,1.161052215867294
1264.178724416259,1.2216076,0.09194255,1.1608198486588484
1264.1922151442016,1.1546034,0.08985271,1.160694370516195
1264.2057056089598,1.3392527,0.09500333,1.160559197331629
1264.21919581055,1.2020125,0.09519404,1.1604174698864431
1264.2326857489875,1.13299,0.087972365,1.1601517598499522
1264.246175424287,1.342321,0.093506426,1.1600093038321102
1264.2596648364647,1.1593258,0.08997335,1.1598711024427497
1264.2731539855354,1.2520208,0.09223137,1.1594940016634911
1264.286642871515,1.2780932,0.09284265,1.1593675165416593
1264.3001314944186,1.1609015,0.094002455,1.159246337864903
1264.3136198542613,1.2063006,0.09184949,1.1591289434912204
1264.3271079510596,1.2046127,0.09428673,1.1588903308856362
1264.3405957848277,1.1322548,0.093937784,1.158648983153091
1264.3540833555812,1.2707927,0.09356417,1.1586435690550134
1264.3675706633362,1.3441525,0.099351145,1.1585031208398875
1264.3810577081072,1.200992,0.09637047,1.1584665923246655
1264.3945444899105,1.1574135,0.09468093,1.158282869156773
1264.4080310087602,1.2114103,0.09398888,1.1581946439085113
1264.421517264673,1.1993183,0.09437787,1.1578286366305863
1264.4350032576633,1.2582514,0.09330846,1.1576738603287526
1264.4484889877474,0.96876425,0.088987075,1.1574848901422374
1264.4619744549395,1.1719784,0.09309052,1.1572599636827192
1264.475459659256,1.036696,0.08657347,1.1568825856801876
1264.4889446007123,1.3070045,0.093736194,1.156474021623327
1264.5024292793225,1.228257,0.09412745,1.1560413117797539
1264.5159136951036,1.2654542,0.09831694,1.1557106974652482
1264.5293978480702,1.145939,0.100340076,1.1552435514212278
1264.5428817382374,1.1960436,0.087772444,1.1548917511648504
1264.5563653656209,1.1948922,0.10166834,1.1545408217974529
1264.5698487302361,1.2454547,0.09199461,1.1540770226747417
1264.5833318320979,1.2225072,0.09587019,1.1537522445326904
1264.5968146712223,1.1444576,0.088572875,1.153331477344262
1264.6102972476247,1.2282847,0.09751646,1.1530622785322175
1264.6237795613197,1.1100259,0.08983577,1.1529539002259712
1264.6372616123233,1.0279142,0.09148199,1.1527605796255982
1264.650743400651,1.241434,0.09103833,1.1526054431636912
1264.6642249263173,1.2754852,0.09526618,1.1523650579990985
1264.6777061893383,1.1484267,0.08865255,1.152275246310976
1264.691187189729,1.2819171,0.09129029,1.152210176910292
1264.7046679275052,1.267056,0.09516602,1.1521589857122994
1264.7181484026812,1.3098674,0.09009074,1.1519921695097128
1264.7316286152736,1.2653519,0.08913935,1.1519452640854246
1264.7451085652972,1.0893764,0.08682849,1.1518897872814404
1264.758588252767,1.2982962,0.094765715,1.1518177087151704
1264.7720676776992,1.2239887,0.09687651,1.1517258172492157
1264.7855468401083,1.2449055,0.092684515,1.1514872617293788
1264.79902574001,1.1878024,0.08982192,1.1513422239086828
1264.8125043774196,1.2393752,0.09296055,1.151047441316961
1264.8259827523523,1.3570263,0.094179735,1.1507197230680282
1264.839460864824,1.1460495,0.08929864,1.1502417691985503
1264.8529387148492,1.1924064,0.08980686,1.1498570480460129
1264.866416302444,1.2802545,0.08991051,1.1494445419863002
1264.8798936276228,1.0954407,0.090943925,1.1488863603165629
1264.8933706904018,1.4381164,0.09565283,1.1484259155075365
1264.9068474907958,1.2926888,0.091475606,1.1478252644355038
1264.920324028821,1.167802,0.090096295,1.1473299788487759
1264.9338003044913,1.2599264,0.093299575,1.1465770690038113
1264.9472763178233,1.3747538,0.09405246,1.1460586920224283
1264.9607520688314,1.1146761,0.09385703,1.145288873467515
1264.9742275575313,1.3303909,0.09392594,1.1447604469349248
1264.9877027839386,1.13611,0.10247065,1.1439882075314407
1265.0011777480684,1.1861901,0.08934895,1.1433418210337414
1265.0146524499357,1.1289822,0.09245565,1.1425793671938256
1265.0281268895562,1.2067573,0.09341725,1.1420704190206734
1265.0416010669455,1.1764551,0.09410199,1.141326678819384
1265.055074982118,1.2219256,0.089680985,1.1408379790822973
1265.0685486350899,1.1772506,0.09166072,1.1401159712125568
1265.0820220258756,1.1899216,0.089483984,1.13964823079084
1265.0954951544911,1.1684163,0.08914477,1.1390695431957902
1265.1089680209518,1.278977,0.098545335,1.1385001018995426
1265.1224406252725,1.2601578,0.09774341,1.1380624833961885
1265.1359129674686,1.1313362,0.09493862,1.1375116532872553
1265.1493850475556,1.2688235,0.09545351,1.1369686520601576
1265.162856865549,1.3375534,0.094212405,1.1365554117443195
1265.1763284214633,1.1973965,0.09566775,1.1360256931589143
1265.1897997153148,1.2168689,0.09072344,1.1355003424211967
1265.2032707471183,1.1535294,0.09052404,1.1352207069785423
1265.2167415168888,1.2274642,0.0933743,1.134817687433493
1265.230212024642,1.1668922,0.09544029,1.1344091182637748
1265.243682270393,1.2833109,0.09513534,1.1339917793215233
1265.2571522541573,1.1702756,0.10273788,1.1335605155199087
1265.2706219759498,1.1835964,0.09447429,1.133112799732189
1265.2840914357866,1.139311,0.09693011,1.132524432075864
1265.2975606336822,1.2316477,0.09750091,1.1320361113146542
1265.3110295696517,1.1744381,0.09217028,1.1315280686206617
1265.324498243711,1.1560365,0.09293005,1.1308770115527846
1265.337966655875,1.2797219,0.0972864,1.130209032181415
1265.3514348061594,1.2857003,0.094419286,1.129405064182252
1265.364902694579,1.3314843,0.09422092,1.1285910029551758
1265.3783703211495,1.1686809,0.09065047,1.1277726599991222
1265.391837685886,1.0167186,0.08745634,1.1270775966627748
1265.4053047888037,1.233236,0.09474193,1.1262677529913818
1265.418771629918,1.1256803,0.088959455,1.1254704561002877
1265.432238209244,1.1616526,0.097218394,1.1248137419036228
1265.4457045267966,1.1944085,0.09597849,1.1240550754228245
1265.4591705825922,1.2218163,0.09527132,1.1233224512597755
1265.4726363766445,1.1576266,0.0925035,1.1228583677529564
1265.48610190897,1.1161835,0.09728485,1.122175818640587
1265.499567179584,1.3741311,0.09440659,1.1217627251441535
1265.513032188501,1.2307566,0.09442744,1.1213710928516907
1265.5264969357365,1.2156444,0.09503265,1.1206356838341904
1265.5399614213059,1.2021781,0.0927264,1.1202836263341815
1265.5534256452245,1.2499034,0.09171425,1.1199474013466562
1265.5668896075074,1.2449499,0.091525875,1.1196245978088577
1265.5803533081698,1.1781338,0.09275642,1.1193123271178878
1265.5938167472273,1.1519026,0.094324686,1.1188885575640883
1265.607279924695,1.1834002,0.09238324,1.118595044624583
1265.6207428405878,1.0776172,0.087207705,1.1183100541588706
1265.6342054949212,1.2779851,0.08875288,1.118155386916352
1265.6476678877107,1.2241002,0.09097547,1.1178859757792425
1265.6611300189709,1.0845536,0.08783598,1.1176240273962885
1265.6745918887177,1.1526772,0.0885433,1.1174892331181903
1265.688053496966,1.0652856,0.087172166,1.1171140188864697
1265.7015148437313,1.1741664,0.08867202,1.1169841327701389
1265.7149759290285,1.2625859,0.09476967,1.1167311775742923
1265.7284367528728,1.2057748,0.08974003,1.116718895509495
1265.7418973152799,1.128825,0.09229144,1.1165802718746431
1265.7553576162645,1.111356,0.089284584,1.1163147973880028
1265.7688176558422,1.2823111,0.09639467,1.1161678885569721
1265.7822774340284,1.1037239,0.09199936,1.116019358972191
1265.7957369508376,1.0961192,0.08789956,1.1158715937486643
1265.8091962062858,1.1714523,0.08705358,1.1157268050698361
1265.8226552003878,0.86224264,0.077246845,1.115587018478093
1265.8361139331587,0.8496021,0.07790221,1.1155742289100763
1265.849572404614,0.5982017,0.0682174,1.1154434309287506
1265.863030614769,0.4885332,0.07143488,1.1153146394386204
1265.8764885636388,0.29077694,0.06248093,1.1151848993077431
1265.8899462512386,0.27046996,0.05832763,1.1150500567449608
1265.9034036775834,0.04405732,0.05640419,1.1150288990436108
1265.9168608426887,0.12278977,0.0544595,1.1149955471490705
1265.9303177465695,0.18868873,0.053951453,1.1149459449749186
1265.9437743892413,0.032421645,0.058035523,1.114757576450317
1265.9572307707194,0.1887501,0.056234103,1.1146711055438547
1265.9706868910187,0.4051768,0.06442087,1.1144452219538554
1265.9841427501542,0.5536777,0.07266008,1.1143245915365156
1265.9975983481418,0.7259888,0.08184704,1.1140673092084912
1266.0110536849959,0.99266595,0.0824427,1.1137985540569155
1266.024508760732,1.1055003,0.08674003,1.1135184288891045
1266.0379635753654,1.089039,0.08823431,1.113107598454773
1266.0514181289116,1.0824056,0.08836993,1.1128094253520104
1266.0648724213856,1.0886779,0.08915822,1.112500488562978
1266.078326452802,1.1369363,0.09326819,1.1121798403919863
1266.0917802231768,0.9875702,0.08663754,1.1117213603397942
1266.1052337325245,0.97379017,0.08924349,1.1112473188171827
1266.1186869808614,1.0896182,0.09284954,1.1108762079931407
1266.1321399682015,0.95773476,0.08316861,1.1103629932851038
1266.1455926945605,0.82410187,0.08362069,1.109951629155654
1266.1590451599536,0.8061436,0.07959709,1.1092734234261554
1266.1724973643957,0.80236596,0.082138106,1.1088200860909792
1266.185949307902,0.8553446,0.09315648,1.108102556329658
1266.1994009904886,0.9177016,0.08599572,1.1073689284518116
1266.2128524121697,0.5626826,0.07164786,1.1067446569171864
1266.2263035729604,0.5685476,0.082886234,1.1061114962859793
1266.2397544728765,0.7891998,0.08258664,1.1054750977787202
1266.253205111933,1.0403858,0.08920008,1.1048403439671175
1266.2666554901448,1.1861439,0.09124334,1.1042116852303594
1266.2801056075273,1.068386,0.09181042,1.103714845430782
1266.2935554640958,1.1619532,0.08962494,1.103109326660129
1266.307005059865,1.2219564,0.09691799,1.1026391688368835
1266.3204543948507,1.0849844,0.087600335,1.1020617812302664
1266.3339034690675,1.3566797,0.09393688,1.1016177361291626
1266.3473522825313,1.1799805,0.09887677,1.1011828958880545
1266.3608008352564,1.0836602,0.0937047,1.1006323527511268
1266.3742491272583,1.1890463,0.09504107,1.1002077707699063
1266.3876971585523,1.0894985,0.09329594,1.0997866382824657
1266.4011449291534,1.1426013,0.09004984,1.0994908625315332
1266.4145924390768,1.1768131,0.09068595,1.0989559360575627
1266.4280396883378,1.0490497,0.086966254,1.0986724734210593
1266.4414866769514,1.1620857,0.08895767,1.0983981589312237
1266.454933404933,1.2004675,0.094241194,1.0981371044435924
1266.4683798722972,1.2121898,0.09244193,1.0978895594577134
1266.4818260790598,1.2452779,0.09373273,1.0976586556922263
1266.4952720252356,1.1373248,0.096151024,1.0974442885059714
1266.5087177108396,1.0617152,0.08866084,1.0973680657443026
1266.5221631358872,1.1308678,0.094929375,1.09718655409911
1266.5356083003942,1.0742096,0.088601,1.0971409987825567
1266.549053204374,1.0814832,0.08613127,1.0968661400662318
1266.5624978478431,1.0297043,0.08769404,1.0968484927883397
1266.5759422308165,1.0533149,0.088005506,1.0967217916294543
1266.5893863533095,1.0256107,0.086976476,1.0964867454245233
1266.6028302153363,1.0554304,0.08890744,1.0963861052693433
1266.6162738169132,1.0956782,0.09169898,1.0964219930572865
1266.6297171580545,1.0990448,0.08831304,1.0963491193001822
1266.6431602387756,1.0483755,0.09101466,1.0961685094728824
1266.6566030590916,1.1080598,0.08600432,1.0961249579489365
1266.6700456190183,1.2126507,0.09745627,1.0960950401388123
1266.6834879185694,0.9601964,0.08313169,1.096080735784612
1266.696929957761,1.0513564,0.08701591,1.095957116577925
1266.7103717366085,1.2889111,0.092663005,1.0960904731038927
1266.7238132551267,1.1240321,0.089794636,1.0958683945903713
1266.7372545133303,1.1641284,0.08968692,1.0960205386292523
1266.7506955112347,0.99006146,0.09320392,1.0959338662922233
1266.7641362488553,1.2880216,0.09954578,1.0959701666035795
1266.7775767262067,1.1978827,0.091121234,1.096125176696722
1266.7910169433046,1.0730376,0.08962722,1.096150444337268
1266.8044569001636,1.292233,0.09369504,1.0961647681868114
1266.8178965967993,1.0310981,0.08806816,1.0961638154092075
1266.831336033226,1.1324195,0.08820925,1.0961479205637956
1266.8447752094603,0.9287701,0.084708035,1.0962368962102196
1266.8582141255158,1.1161277,0.09231037,1.0961896111484908
1266.8716527814083,1.1689991,0.0923881,1.096130663087816
1266.8850911771528,1.0864168,0.08803827,1.0960643229849505
1266.8985293127646,1.1928471,0.09158342,1.0961179962306176
1266.9119671882586,1.2197433,0.09218029,1.0960531650090015
1266.9254048036496,1.1331813,0.09462239,1.095996629582368
1266.9388421589533,1.2102778,0.09256131,1.0960754729462439
1266.9522792541845,1.1814259,0.09860546,1.0961719876980658
1266.9657160893585,1.2594192,0.101539366,1.0962871956974538
1266.97915266449,1.1551814,0.1025152,1.0963036487690343
1266.9925889795945,1.1495082,0.09154525,1.0965841057829802
1267.0060250346867,1.2137723,0.096263476,1.0967625840469828
1267.0194608297822,1.0953313,0.08952087,1.0970793320946046
1267.0328963648954,1.0680056,0.0952128,1.0972849037967738
1267.046331640042,1.2101448,0.09359968,1.0976176860276807
1267.059766655237,1.0805817,0.094823,1.0977039313281045
1267.0732014104954,1.1069212,0.09095811,1.0980240123633804
1267.086635905832,1.0981404,0.09471189,1.0982045015288868
1267.1000701412622,1.2909713,0.102107964,1.098605312944077
1267.1135041168016,0.9646419,0.0958197,1.098729646046051
1267.1269378324641,1.0572331,0.09535656,1.09882153709915
1267.1403712882657,1.2038416,0.1015101,1.0989960157785654
1267.1538044842212,1.0801761,0.09366938,1.0990126650051077
1267.1672374203456,1.0036137,0.09047946,1.098993562060686
1267.1806700966538,1.0826789,0.09327413,1.0989413593029604
1267.1941025131612,1.2751601,0.101047136,1.0988636807033243
1267.207534669883,1.0555693,0.09689796,1.0986417741623256
1267.2209665668342,0.9567452,0.09333853,1.098530984591263
1267.2343982040293,1.1474721,0.09122476,1.0982951633101057
1267.247829581484,1.127353,0.0935666,1.0980671796080652
1267.261260699213,1.0362679,0.09092537,1.0979776150377807
1267.2746915572316,1.090115,0.090153314,1.0976732028400265
1267.2881221555551,1.0062062,0.08773079,1.0976462418982647
1267.301552494198,1.0729911,0.099635,1.097541208207661
1267.314982573176,1.0643529,0.090177536,1.0976039554677155
1267.3284123925032,1.1595867,0.094281435,1.0975911761578254
1267.3418419521952,0.99702674,0.097285315,1.0977498907491747
1267.3552712522674,1.2652155,0.098318495,1.0979494633661755
1267.3687002927345,1.0896463,0.09641838,1.0981901678199468
1267.382129073612,1.2342349,0.09330556,1.098461637967592
1267.3955575949142,0.83133334,0.07976338,1.0986361689315074
1267.4089858566565,0.91589266,0.0928091,1.0989506000738969
1267.4224138588538,1.0328617,0.09209601,1.0992743820335924
1267.4358416015218,1.0278349,0.090030216,1.0997232137396666
1267.4492690846748,1.1007642,0.09136649,1.1000461318484354
1267.462696308328,1.0514576,0.091502436,1.1004813840243348
1267.4761232724968,1.0790642,0.09136134,1.1006573439575664
1267.4895499771958,1.0968248,0.08822784,1.1009374238258007
1267.5029764224403,0.9745094,0.09130514,1.101315473416276
1267.5164026082452,1.0855806,0.094882786,1.1016712333211633
1267.529828534626,1.0774108,0.0884148,1.1018798036541173
1267.543254201597,1.1170106,0.09400466,1.1021879754964325
1267.5566796091737,1.0607121,0.09202512,1.1024760056258747
1267.5701047573712,0.9832687,0.09374136,1.1025020864045383
1267.583529646204,0.8919016,0.08590787,1.1027606597575543
1267.5969542756877,1.2414019,0.10114561,1.103011279490976
1267.6103786458368,1.2858107,0.095541425,1.103259822318181
1267.6238027566671,1.180851,0.09358626,1.1035102411172568
1267.637226608193,1.2427584,0.09353987,1.1036441087116784
1267.65065020043,1.1167951,0.097765185,1.1040289194808546
1267.6640735333924,0.983816,0.08806285,1.1043009032909374
1267.6774966070957,1.1142684,0.09247563,1.104458976052264
1267.6909194215548,0.94966507,0.08790012,1.104747799818096
1267.7043419767851,1.1443129,0.09597808,1.1050445948579073
1267.7177642728013,0.97907716,0.094291925,1.1053485553115223
1267.7311863096184,0.9897762,0.089044206,1.1055380384636144
1267.7446080872512,1.028678,0.08907761,1.1056117429163408
1267.7580296057154,0.97759783,0.09328398,1.1059364108517835
1267.771450865025,0.89036137,0.08995978,1.1061452021034475
1267.784871865196,1.0107906,0.09690959,1.1064820305150194
1267.7982926062427,1.1907525,0.09304619,1.1065802555050794
1267.8117130881806,1.0874676,0.09305498,1.1069265314568966
1267.825133311025,1.0653574,0.096812755,1.1071532353146507
1267.8385532747898,1.0687524,0.09433297,1.1073799704020806
1267.8519729794907,1.0812196,0.10129122,1.1076044645813192
1267.8653924251423,1.023717,0.09410364,1.1079461591030748
1267.8788116117603,1.0985911,0.09227059,1.1081593907697278
1267.8922305393594,1.0318264,0.09029776,1.1083633319493003
1267.9056492079544,0.9798788,0.090359285,1.1085586153305829
1267.9190676175604,1.2135799,0.095518254,1.1087444345655442
1267.9324857681925,1.0382379,0.09376332,1.1089224119256513
1267.9459036598657,0.9294179,0.09380838,1.1090942817658942
1267.9593212925945,1.0506009,0.08866911,1.1092615856219763
1267.9727386663944,1.1959565,0.097308315,1.1093045294062924
1267.9742126386327,0.6536327,0.13182476,1.1092957384018538
1267.9861557812803,0.9696703,0.09219318,1.1093466235109262
1267.9879626415477,2.5856724,0.20559552,1.1093358610154729
1267.9995726372676,1.1046448,0.10264676,1.1093892283189
1268.0017123705202,1.0867375,0.14116895,1.1093766740458193
1268.0129892343703,0.9858496,0.09382439,1.1094332198481958
1268.0154618255674,0.566086,0.10956491,1.109419064926727
1268.0264055726045,1.0212427,0.09499386,1.1096017282292525
1268.0292110067057,0.8780219,0.12556463,1.109586240546158
1268.039821651984,0.9423229,0.08914239,1.1095293126358925
1268.042959913951,1.0018051,0.15821351,1.1095133262275776
1268.0532374725249,0.96689075,0.093843654,1.1094625482990084
1268.0567085473206,1.396745,0.1681613,1.109568054021997
1268.0666530342414,0.9326723,0.09460262,1.1095249139206298
1268.0704569068293,1.3256993,0.16539516,1.1095098794658191
1268.080068337149,1.1205187,0.10083675,1.109353470907247
1268.0842049924952,1.1318532,0.15308236,1.1093408780593703
1268.093483381262,1.1073512,0.09463369,1.1093177014651565
1268.0979528043335,1.0365226,0.15156683,1.1093087984543488
1268.1068981665965,1.0929034,0.09441795,1.1092978803624862
1268.1117003423612,1.0302624,0.13282424,1.1092966156124167
1268.1203126931664,1.1594378,0.10053184,1.109299846942877
1268.1254476065942,0.9154382,0.15204377,1.109305695632707
1268.1337269609871,1.1419257,0.095657885,1.1093235831344912
1268.1391945970486,0.98140883,0.16420154,1.109341173387771
1268.1471409700732,1.0646758,0.098333396,1.1093741320537716
1268.1529413137416,1.284055,0.15520248,1.1094041456974362
1268.1605547204406,1.2804344,0.10681501,1.1094507392471178
1268.1666877566888,1.0862728,0.14741234,1.1094936200025227
1268.1739682121035,1.1111053,0.094236895,1.1096751398536875
1268.180433925907,1.2530982,0.16251634,1.1097340650419205
1268.1873814450769,1.0553128,0.09181784,1.109802672638099
1268.194179821413,1.0167339,0.14486516,1.1098748251464938
1268.2007944193758,0.89717776,0.088746734,1.1099491670838002
1268.2079254432217,1.0878412,0.14988738,1.1101559944803343
1268.2142071350156,1.0218337,0.10164512,1.1102332907053165
1268.2216707913512,1.0818201,0.14159219,1.110326885740097
1268.2276195920108,1.0846014,0.09579802,1.1104022586076092
1268.2354158658163,1.1554291,0.14114077,1.110623141877551
1268.2410317903768,1.1198729,0.09832935,1.1106934385587122
1268.2491606666345,1.0889875,0.15270819,1.1107924669064428
1268.2544437301278,1.1220322,0.09305805,1.1107321160474952
1268.2629051938216,0.95025015,0.13971066,1.110948018465448
1268.2678554112795,1.2278016,0.09814116,1.1110002499895653
1268.276649447394,1.0092287,0.14198664,1.1112059010818893
1268.2812668338465,1.2074018,0.095283695,1.1112440605807237
1268.290393427368,1.1613771,0.14269142,1.111312144096806
1268.2946779978438,0.96549726,0.09213412,1.1114620112856386
1268.3041371337595,1.0443876,0.14127326,1.1115100287445128
1268.3080889032863,0.99061817,0.08706297,1.1115254174716376
1268.3178805665862,1.1080788,0.14163525,1.1115516376700048
1268.3214995501892,1.1209153,0.09681509,1.1115557463752603
1268.331623725863,1.0347307,0.13475722,1.1115560863254612
1268.3349099385673,0.97713333,0.092703626,1.111553213318373
1268.3453666116072,1.3128182,0.15875956,1.1115275506882727
1268.348320068436,1.2101486,0.09743258,1.1115160465596063
1268.3591092238344,0.97013277,0.12875003,1.1114652504570948
1268.361729939809,1.1185054,0.09246202,1.111450737193628
1268.3728515625612,0.9754637,0.13443576,1.1113744437491806
1268.3751395527026,0.94817734,0.09041787,1.1113568865877093
1268.3865936278041,1.0749367,0.13880783,1.1112602099254967
1268.388548907131,1.0200064,0.0970321,1.1112414175008716
1268.4003354195795,1.3253962,0.14882834,1.1111239281191616
1268.4019580031093,1.165005,0.09861558,1.111107050521213
1268.4140769379032,0.9257235,0.13314049,1.110850489861932
1268.4153668406527,1.0149143,0.09280406,1.1108354607508772
1268.427818182792,1.2379334,0.14853299,1.1104427158115424
1268.4287754197758,0.9519793,0.09157485,1.1104311090733554
1268.4415591542624,0.9965204,0.13839613,1.1102698232444472
1268.4421837404934,1.2312467,0.11291548,1.1101397454449624
1268.45529985233,0.95841074,0.13252895,1.1099693915323967
1268.455591802821,0.9434787,0.097089924,1.1099655473690921
1268.4689996067732,1.1417097,0.101818316,1.1096667524686268
1268.4690402770116,1.1557742,0.13643715,1.1096662157566732
1268.4824071523649,1.0858411,0.09455886,1.1094911176518694
1268.4827804283236,1.0974566,0.14532253,1.109486286730991
1268.4958144396112,0.9674079,0.092517085,1.1091978682049803
1268.496520306282,1.1932405,0.1432579,1.1091889475053924
1268.509221468527,0.9894591,0.10100873,1.1089139324208226
1268.5102599109034,1.1955143,0.144101,1.1089018083586257
1268.522628239127,0.9813045,0.094964646,1.108764024116795
1268.5239992422044,1.034718,0.14551239,1.1087499839569197
1268.5360347514265,1.1430217,0.09808256,1.108631655612577
1268.5377383001999,0.9971591,0.13849337,1.10861569849734
1268.54944100544,1.0867827,0.0958098,1.1085183777549041
1268.551477084908,1.2103763,0.13783726,1.108503350290318
1268.5628470011827,1.0850774,0.09834219,1.1083050615815022
1268.565215596344,1.0428764,0.13815935,1.1082912569299894
1268.57625273867,1.1948917,0.09625048,1.1081164111579325
1268.5789538345246,0.9788282,0.13896935,1.108105631048256
1268.589658217916,1.1450644,0.09964589,1.1080728776731268
1268.5926917994655,1.1321398,0.13729666,1.1079458211232662
1268.6030634389358,0.9956622,0.09003358,1.1079345442165918
1268.6064294911837,1.0800378,0.13074625,1.107932928208991
1268.6164684017447,1.190374,0.09965163,1.1079408381516176
1268.6201669096952,1.054817,0.13736565,1.107947266590162
1268.6298731063569,1.1463157,0.099420145,1.107970751565357
1268.6339040550163,1.1039019,0.13329338,1.1079838185416857
1268.643277552788,1.214,0.09641991,1.1080214483481146
1268.6476409271634,1.1826386,0.15043868,1.1080416821463257
1268.6566817410533,1.2034426,0.09844983,1.108089919436281
1268.6613775261528,1.3651484,0.1439469,1.1081183700527255
1268.6700856711666,1.0960065,0.101314195,1.1082967166245943
1268.6751138520003,1.2997944,0.1459944,1.108331209797712
1268.683489343143,1.1077944,0.09863474,1.1083924592465253
1268.6888499047227,1.4515078,0.16698198,1.108433507580578
1268.6968927569985,1.0287818,0.092696145,1.1084965435191105
1268.7025856843366,0.98222095,0.12846166,1.1086640574665942
1268.710295912747,1.0260264,0.105391316,1.1087261667268864
1268.7163211908576,1.2604035,0.14237079,1.1087747936795336
1268.7236988104037,1.0962298,0.10047128,1.108833650221033
1268.7300564243023,0.9797202,0.13381793,1.1088833926361326
1268.7371014499831,0.96576285,0.09494772,1.1089372247297964
1268.743791384687,0.9625008,0.1286946,1.1089867612832744
1268.750503831501,1.0854796,0.10093959,1.109156719515457
1268.757526072028,1.270999,0.13319942,1.1092038852730703
1268.7639059549717,1.0377809,0.095813066,1.1091223994439514
1268.7712604863416,1.1342418,0.13234776,1.1091665962212511
1268.7773078204102,1.2327988,0.10302507,1.1092008731327212
1268.7849946276438,1.166301,0.13787071,1.1092413634178668
1268.7907094278314,1.184164,0.10209407,1.1092691225600055
1268.7987284959513,1.0613375,0.14003336,1.1095497475271312
1268.8041107772501,1.2775179,0.10598544,1.109572631469899
1268.8124620912802,1.2340865,0.13736933,1.1096059718594748
1268.8175118686815,1.0898994,0.09834207,1.1096251879962202
1268.8261954136465,1.0270567,0.12820481,1.1096566858666335
1268.8309127021405,1.0887326,0.10234111,1.1096733033645585
1268.8399284630668,1.0619396,0.1358886,1.1098270922716111
1268.844313277641,1.0543613,0.09750548,1.1098426247826638
1268.8536612395574,1.1994166,0.13050051,1.109877011318111
1268.8577135951996,1.0982494,0.104831025,1.1098926656074513
1268.8673937431345,0.93269384,0.12942806,1.1100544306302207
1268.87111365483,1.09074,0.099554345,1.1100709911503195
1268.8811259738143,1.1154919,0.13653193,1.1101193768578823
1268.8845134565474,1.1128651,0.10584398,1.1102589462153176
1268.8948579316127,1.1105349,0.13106577,1.1103181091147536
1268.8979130003668,1.0887226,0.10082324,1.1103377723215282
1268.9085896165473,1.0599523,0.11857254,1.1105327897546227
1268.9113122863027,1.0680509,0.09993519,1.1105523340964991
1268.9223210286327,1.2694451,0.13386874,1.110764046100143
1268.9247113143704,1.1247553,0.10099429,1.110785028852978
1268.936052167886,1.1187816,0.12356647,1.1108912639513902
1268.9381100845847,1.0455172,0.09991294,1.111034371285682
1268.9497830343234,1.1045016,0.123190075,1.1111606435212054
1268.9515085969601,1.1719338,0.10166775,1.1111801898922584
1268.9635136279612,1.1099991,0.13577242,1.1114473449682212
1268.9649068515125,1.0931407,0.10274047,1.1114652939929994
1268.9772439488154,1.1714631,0.123335324,1.1117508534188882
1268.9783048482557,1.22298,0.10086373,1.1117652414764327
1268.9909739969028,1.0722846,0.13280968,1.111945764123344
1268.9917025872053,1.1288995,0.09729605,1.1119564231276091
1269.0047037722393,1.2303928,0.13576506,1.1123941241680602
1269.0051000683752,1.2683452,0.10251261,1.112400172294181
1269.0184332748406,0.83264756,0.12547274,1.1126044659835945
1269.0184972917816,1.1293893,0.099727355,1.1126054521518656
1269.0318942574384,1.2561482,0.103747405,1.1129339220396957
1269.0321625047243,1.0513377,0.12818381,1.1129380363163883
1269.045290965361,1.0523007,0.09728143,1.1131382103039065
1269.0458914619055,0.8372221,0.12832125,1.1131473195760018
1269.058687415564,1.1078312,0.10737389,1.1133372975529636
1269.059620146401,1.067426,0.12330952,1.1133509166713913
1269.0720836080625,1.2105685,0.10021982,1.1135299546656254
1269.073348558226,1.1145788,0.1254661,1.1135475136270436
1269.0854795428709,1.2370429,0.10525191,1.113713783162745
1269.0870766973985,1.0508786,0.12664399,1.1137352899637447
1269.0988752200044,1.1474977,0.10241194,1.1137675114130916
1269.1008045639335,1.1641283,0.12948252,1.1137918907799798
1269.112270639478,1.1050291,0.09827386,1.113812056315835
1269.1145321578476,1.1073743,0.12845208,1.1138396504991195
1269.1256658013065,1.2372179,0.102737814,1.1138478079518583
1269.1282594791574,1.1670268,0.12906285,1.1138773407863596
1269.1390607055046,1.1907046,0.10775233,1.113875044756703
1269.141986527878,1.1017983,0.128832,1.1139062042758914
1269.1524553520871,1.1735271,0.104218036,1.1137703950954148
1269.1557133040271,1.047081,0.12049236,1.1136811243716769
1269.1658497410695,1.0595039,0.09847599,1.1136562949154318
1269.1694398076197,1.1539955,0.12341777,1.113688736984951
1269.1792438724658,1.2641841,0.10494694,1.113530011197301
1269.183166038673,1.040338,0.13109167,1.1134405188428764
1269.1926377462914,1.1460301,0.10074112,1.1133913719230393
1269.1968919972028,1.339445,0.12901078,1.113421884260947
1269.206031362561,1.0234119,0.09741615,1.1133604733151152
1269.2106176832253,1.130768,0.12834752,1.113143719979365
1269.2194247212894,1.2291914,0.101271346,1.1130693359555113
1269.224343096757,0.98967,0.12437564,1.1130935609244448
1269.2328178224914,1.1625849,0.108096935,1.113006353464666
1269.2380682378136,1.132925,0.12686515,1.1127794472497485
1269.2462106661822,1.2636802,0.1125769,1.1126799289382894
1269.2517931064115,0.8478423,0.12717652,1.112691965851441
1269.2596032523763,1.2179601,0.104072444,1.1124595763133893
1269.2655177025672,1.173106,0.12756138,1.1124646608598214
1269.2729955810887,1.3272424,0.10510517,1.1123446107718349
1269.2792420262967,1.2325337,0.1317869,1.112098744070538
1269.2863876523343,1.1529003,0.10591855,1.1119713350288554
1269.2929660776163,1.3526824,0.13229069,1.1118413896199033
1269.2997794661278,1.1221919,0.10598845,1.1117077302273999
1269.3066898565426,1.2579947,0.12688959,1.111570836032726
1269.313171022484,1.4290029,0.109288566,1.1114325066713628
1269.3204133630907,1.2226589,0.12669578,1.11141178654044
1269.3265623214184,1.457467,0.1102503,1.1111481973977875
1269.3341365972783,1.3029827,0.1321108,1.1111213627001884
1269.3399533629445,1.1087968,0.09957637,1.110976707487184
1269.3478595591207,1.2358348,0.12375478,1.1108221756931247
1269.3533441470788,1.2023497,0.10465298,1.1106764093386687
1269.361582248634,1.332305,0.12970687,1.1106389730660795
1269.3667346738346,1.2173333,0.10606406,1.1104925676626496
1269.375304665835,1.1067469,0.12809633,1.110328926514011
1269.3801249432279,1.1661721,0.10702813,1.1101830045872658
1269.3890268107393,1.1170709,0.12727048,1.1101385299573994
1269.393514955273,1.4263717,0.10911973,1.1099939432648405
1269.4027486833634,1.2122818,0.12404067,1.109825822453587
1269.4069047099845,1.041911,0.10071853,1.1098054633546597
1269.4164702837238,1.1062875,0.12961861,1.1095153375326998
1269.4202942073775,1.3898232,0.11479284,1.1094974076762492
1269.430191611836,1.1640791,0.12695469,1.1093311191638142
1269.4336834474673,1.2383158,0.10636423,1.1093162272028168
1269.4439126677175,0.9938922,0.12084534,1.1091530032804808
1269.4470724302682,1.3778276,0.1127705,1.1088972737820983
1269.4576334513831,1.1147277,0.123974144,1.1088613495833362
1269.460461155795,1.1462231,0.10141962,1.1088524033502334
1269.4713539628494,1.4808589,0.13293034,1.1085786386912293
1269.473849624063,1.2690084,0.11107554,1.1085729756677654
1269.485074202133,1.2744031,0.119820654,1.1085505028615472
1269.4872378350863,1.1241517,0.10083765,1.1085466796173578
1269.4987941692498,1.186131,0.13521172,1.1084103953467868
1269.5006257888804,1.3848503,0.10776755,1.1084087169408061
1269.5125138642159,1.0800351,0.12491952,1.1081571953298424
1269.5140134854598,1.2071913,0.11142845,1.1081570012193074
1269.5262332870475,1.0881709,0.12352859,1.108157305529885
1269.5274009248392,1.1313609,0.10210563,1.10815756751718
1269.539952437761,1.0819262,0.124581404,1.108042238019555
1269.540788107034,1.2298841,0.10981989,1.1080429243553938
1269.553671316373,0.94510514,0.1177427,1.107933182525458
1269.5541750320585,1.1268985,0.104756705,1.107933716661335
1269.5673899228984,1.2127532,0.1286986,1.1078285360586801
1269.5675616999276,1.4039286,0.11414342,1.1078287739901138
1269.5809481106562,1.3855968,0.11322055,1.1078483773672259
1269.5811082573548,1.2429253,0.12197189,1.1078486293954781
1269.594334264259,1.1215066,0.10309752,1.1077477933157982
1269.5948263197577,1.0546284,0.13115588,1.1077486035677127
1269.6077201607507,1.1399858,0.11373671,1.1076486659734441
1269.608544110123,1.2040087,0.12299386,1.10765014792119
1269.6211058001466,1.2034622,0.10314609,1.1074293923027727
1269.6222616284676,1.3922327,0.12492059,1.1074316027602484
1269.634491182461,1.3954508,0.112102516,1.1074574350580422
1269.6359788748073,1.46345,0.13356656,1.1074607986965397
1269.6478763077093,1.2122309,0.10551689,1.1072457178238755
1269.6496958491584,1.3816631,0.13173579,1.1072508322915733
1269.661261175906,1.3779063,0.11122641,1.107285324902446
1269.6634125515363,1.235882,0.12330471,1.1072922066674034
1269.6746457870654,1.3687303,0.113043316,1.107210711830461
1269.6771289819583,1.3048372,0.123269714,1.1072208112251163
1269.6880301412032,1.2732942,0.11516495,1.1072680849312424
1269.6908451404402,1.07237,0.12809643,1.107281124486851
1269.7014142383337,1.2277534,0.11245503,1.1070912632921661
1269.7045610269984,1.2821878,0.12680103,1.107108502737226
1269.7147980784714,1.1003184,0.112995535,1.1071676298970605
1269.7182766416483,1.1343609,0.124335915,1.107188949703406
1269.7281816616319,1.2598959,0.114664264,1.1071294826802176
1269.7319919844065,1.1022304,0.12106931,1.1071541359977193
1269.7415649878294,1.4510784,0.11469612,1.1072172635631121
1269.7457070552896,1.0066202,0.1251875,1.1072446772566775
1269.7549480570792,1.1537876,0.112763226,1.1073053271623445
1269.7594218543134,1.1543121,0.12170113,1.10733422062959
1269.7683308693954,1.1844363,0.10561469,1.107145699513578
1269.773136381494,1.1907544,0.12025152,1.1071744540343489
1269.7817134247932,1.4596264,0.115334176,1.1072230485995318
1269.7868506368475,1.313794,0.12455973,1.107250092069107
1269.7950957232874,1.3192898,0.11500399,1.1071683812759108
1269.80056462039,1.1727153,0.119863756,1.1071932614867954
1269.8084777648928,1.1957765,0.105449304,1.107102833158689
1269.814278332138,1.3544585,0.12787142,1.1071230318041718
1269.8218595496244,1.2496207,0.10925096,1.107146672927093
1269.8279917721075,1.2520677,0.12220184,1.1070412716891096
1269.8352410774964,1.0987854,0.11316112,1.1070581805376594
1269.8417049403145,1.0132186,0.121650085,1.1070707589533442
1269.8486223485245,1.3030599,0.107718855,1.1070820360295592
1269.8554178367756,1.0215914,0.11669551,1.1069694248219175
1269.8620033627224,1.3002235,0.1135732,1.1069773866739872
1269.8691304615065,1.2395316,0.13284852,1.106984963605956
1269.8753841201058,1.3039036,0.11112969,1.1069910002605525
1269.8828428145237,1.1330563,0.11605833,1.1069979827577832
1269.8887646206888,1.1428084,0.103543125,1.106881532965235
1269.896554895843,1.293434,0.124966405,1.1068893086339173
1269.9021448644867,1.2268219,0.10519319,1.106895239132471
1269.910266705481,1.2644836,0.1227524,1.1069050702356775
1269.915524851514,1.335364,0.11353609,1.1069123937745142
1269.9239782434531,1.2940767,0.12163316,1.106925465604813
1269.9289045817854,0.9646315,0.10898442,1.1069339684644608
1269.9376895097764,1.2175615,0.1269373,1.1069513964855102
1269.9422840553161,1.169089,0.10888162,1.1068395645511446
1269.9514005044664,1.32998,0.121236734,1.106862219151168
1269.95566327212,1.3076202,0.11409579,1.10687414331053
1269.9651112275392,1.4506152,0.13124606,1.1067811893440083
1269.9690422322135,1.2061267,0.10700858,1.1067942442718572
1269.9788216790114,1.1803576,0.11390763,1.106830716374028
1269.9824209356098,1.0785357,0.101752006,1.106845719808431
1269.9925318588987,1.0958506,0.11489461,1.106890174545144
1269.9957993823243,1.0340449,0.106277026,1.1069053007660412
1270.0062417672177,1.3749542,0.13267143,1.1069575649326817
1270.0091775723718,1.1561569,0.11014298,1.1069728991199617
1270.0199514039837,1.2746031,0.122529745,1.107030479671443
1270.022555505767,1.2688158,0.10901396,1.1070445840788659
1270.0336607692138,1.2702708,0.12038127,1.1071042730968974
1270.0359331825248,1.1595455,0.10851968,1.1071163134172477
1270.0473698629237,1.0841284,0.123633936,1.1072950948006641
1270.0493106026597,1.2742559,0.11725655,1.1073036730089731
1270.0610786851298,1.1789879,0.11838237,1.1073506438659313
1270.0626877661862,1.2657107,0.11368798,1.107356503704024
1270.0747872358477,1.1898317,0.1207071,1.107384020421792
1270.0760646731198,1.0405176,0.115873784,1.1073856489194411
1270.0884955150937,1.2378503,0.11836472,1.107388294634176
1270.0894413234753,1.1368206,0.10763414,1.1073863477442336
1270.1022035228843,1.1201959,0.114155464,1.107349738261199
1270.1028177172668,1.2246733,0.11224641,1.1073472598067564
1270.1159112592354,1.0606847,0.117386505,1.1072673078447113
1270.1161938545092,1.261017,0.111114435,1.107264912093785
1270.1295697352173,1.2407407,0.106526725,1.1072562850482999
1270.129618724163,1.0947968,0.1134494,1.1072557517517665
1270.1429453594064,1.1562883,0.10884361,1.1068271750078202
1270.1433259176831,1.3369502,0.12041451,1.106821115482147
1270.1563207270906,1.2641232,0.113756076,1.106592246219707
1270.1570328398122,1.4707109,0.12251969,1.1065772492480548
1270.1696958382852,0.9203952,0.099295445,1.1061760573891344
1270.1707394905663,1.2137387,0.11324744,1.1061514479366508
1270.1830706930045,1.1295946,0.106818266,1.1058330747134149
1270.1844458699616,1.2572038,0.11945052,1.1057939608624856
1270.196445291263,1.2586046,0.11466463,1.1054385199949301
1270.1981519780143,1.1526867,0.109772444,1.1053861274548114
1270.2098196330762,1.226136,0.11087081,1.104877062765691
1270.21185781474,1.0456458,0.110677876,1.1048062424612786
1270.2231937184588,1.3602114,0.1163411,1.1043992628992585
1270.2255633801549,1.2668471,0.11969654,1.1043105994149234
1270.2365675474248,1.1733183,0.11347792,1.1037655888449565
1270.2392686742758,1.2062428,0.11810254,1.1036596039021669
1270.2499411199892,1.2625145,0.11356436,1.1032314735084405
1270.252973697118,1.1794606,0.11823201,1.1031071396027334
1270.2633144361675,1.1449696,0.1074079,1.1025585297066258
1270.2666784486983,1.22662,0.123791195,1.1024189350403086
1270.2766874959736,1.214369,0.11618547,1.1018795474900247
1270.2803829290322,1.313018,0.11700874,1.1018476759842832
1270.290060299423,1.4307827,0.11855811,1.1013243326022275
1270.294087138136,1.1906545,0.12283797,1.1011587585219649
1270.3034328465294,1.2014565,0.11059498,1.100656413757454
1270.307791076026,1.2421064,0.11520578,1.1004809808693548
1270.3168051373084,1.0638499,0.10811671,1.1000024234016796
1270.321494742718,1.0135562,0.1201477,1.0998211387641477
1270.330177171774,1.3909172,0.11548023,1.099490601650124
1270.3351981382284,1.2061439,0.118188195,1.0993028389011599
1270.343548949942,1.0193058,0.10434512,1.0988762505233507
1270.348901262573,1.1061339,0.111740716,1.0988081000410344
1270.3569204718262,1.2344999,0.11333102,1.0984068444276764
1270.3626041157686,1.1369407,0.115008146,1.0982135178638646
1270.3702917374421,1.1893492,0.11754782,1.0980797763675847
1270.3763066978306,1.1594657,0.116133094,1.097761610098432
1270.3836627468038,1.0698532,0.10759456,1.097527993322634
1270.390009008775,1.3935275,0.122806184,1.0974528141338908
1270.3970334999262,1.2099098,0.11636888,1.097116365389177
1270.4037110486179,1.3637497,0.12406469,1.0969163219033713
1270.4104039968238,1.1457568,0.11339687,1.0967193257194672
1270.4174128173759,1.2104582,0.112906106,1.0965175023490605
1270.4237742375117,1.1310952,0.11152658,1.0963373084119694
1270.431114315065,1.0694196,0.10832848,1.0961326348981904
1270.4371442220047,1.2312728,0.11307091,1.096089022545529
1270.4448155417008,1.0508192,0.11577581,1.0957598960386827
1270.4505139503174,1.1391338,0.11346593,1.0956091951502094
1270.4585164973,1.1839617,0.10891551,1.0955229761705663
1270.4638834224643,1.1734093,0.108762994,1.0953857891061876
1270.4722171818785,1.0999584,0.115379654,1.095054976000979
1270.4772526384604,1.0911889,0.11108951,1.0948091269713016
1270.4859175954518,1.1066372,0.11492923,1.0947234732347069
1270.49062159832,1.091354,0.11206321,1.0946139282333365
1270.4996177380367,0.9745508,0.1054298,1.0944090988637476
1270.5039903020586,1.2835433,0.11465678,1.0944336038136904
1270.5133176096492,1.1191636,0.11302874,1.0942338480053333
1270.5173587496902,1.217604,0.111664996,1.0940283968612734
1270.5270172103048,1.1363162,0.118111044,1.0939570685640776
1270.5307269412301,1.1143283,0.11273731,1.0938854793991832
1270.5407165400204,1.2083343,0.106776506,1.093701333365329
1270.5440948766925,1.0014819,0.10816058,1.0937634417746658
1270.5544155988116,1.0329007,0.1109495,1.0935884641305775
1270.5574625560923,1.2925272,0.1155837,1.093540184231421
1270.5681143866943,1.1564666,0.10632163,1.0934988465272668
1270.5708299794442,1.1825365,0.113138765,1.0934585338929073
1270.5818129036852,1.1610472,0.11436984,1.093427750381919
1270.584197146763,1.1803719,0.109404765,1.0933962194762874
1270.5955111497994,1.1520739,0.12087327,1.0932511214739038
1270.5975640580632,1.0616356,0.115680926,1.0932255910016482
1270.6092091250537,1.2047442,0.107423894,1.0932082837807808
1270.61093071336,1.019193,0.104896344,1.093188074106713
1270.6229068294642,1.1006751,0.11101137,1.0931711310856365
1270.6242971126676,1.1373576,0.10977591,1.0931550616319166
1270.6366042630466,1.139573,0.1157176,1.093133957233303
1270.6376632560007,1.363163,0.123182,1.0931215449895695
1270.6503014258176,1.0458708,0.11429103,1.0927245478771737
1270.6510291433742,1.2971231,0.11736203,1.0927154407154007
1270.6639983177922,1.123429,0.10907339,1.0926706696467288
1270.6643947748032,1.2172153,0.114265285,1.0926654744226865
1270.677694938987,1.0283749,0.1107941,1.0924784918946076
1270.6777601503018,1.0445069,0.12026755,1.0924775388368595
1270.6911252698844,0.77519053,0.10033729,1.0923951614637655
1270.6913912894188,1.1842232,0.11149464,1.0923907863807463
1270.7044901335669,1.3556849,0.11768562,1.0921696524916218
1270.7050873691023,1.0414972,0.10248379,1.092159240667308
1270.717854741363,1.2349876,0.11759199,1.0920457310325649
1270.7187831780548,1.002603,0.11499433,1.0920276685004793
1270.7312190932873,1.2383536,0.118731104,1.0916567153217647
1270.7324787162913,1.2143912,0.10914518,1.0916309760570702
1270.7445831893556,1.2220764,0.11822103,1.0913695227912363
1270.7461739838286,1.0501469,0.101809464,1.0913341740551243
1270.7579470295814,1.1871009,0.11654127,1.0911881729494395
1270.7598689806825,1.1764189,0.110480785,1.091142777803413
1270.77131061398,1.2312799,0.1176393,1.090747491859876
1270.773563706869,1.1726835,0.10707556,1.0906929797534655
1270.7846739425659,1.2708623,0.1164313,1.090541757171633
1270.787258162404,1.1797458,0.1114953,1.0904773536623067
1270.798037015354,1.0626546,0.114911295,1.0900855684325839
1270.8009523473038,1.0924301,0.11355287,1.0901344342438275
1270.8113998323588,1.2547556,0.11695107,1.0898717956491546
1270.8146462615844,1.1199167,0.11258134,1.0896683040121422
1270.8247623935947,1.3351027,0.1183403,1.0894160165662814
1270.8283399052618,1.1540775,0.1107011,1.0893277173995857
1270.8381246990773,1.2536889,0.1267721,1.0892106580649035
1270.8420332783521,1.2467756,0.11589629,1.089116074261085
1270.8514867488207,1.1107095,0.113529876,1.0888913476075182
1270.8557263808716,1.2229047,0.10936995,1.0887927540469255
1270.8648485428391,1.1205285,0.11092444,1.088583076501144
1270.869419212836,1.058976,0.10892993,1.0886016129653573
1270.878210081148,1.0427197,0.104473874,1.0884061897144215
1270.8831117742607,1.2040992,0.11023068,1.0884211025654977
1270.8915713637612,0.86038005,0.09817166,1.0882387220771972
1270.896804065163,1.2048999,0.10934316,1.0881275735102602
1270.9049323906945,1.088018,0.107064836,1.0880791333889488
1270.9104960855582,1.011196,0.10337876,1.0879636684130447
1270.9182931619619,2.7065158,0.15840158,1.0879262535364433
1270.9241878354626,1.1054432,0.112884924,1.0879292289725182
1270.9316536775782,0.6729694,0.084889375,1.0876577309777187
1270.9378793148917,1.1531897,0.11405458,1.0876564578744055
1270.9515705238625,1.1803193,0.10484149,1.0875118008352231
1270.9652614623901,1.1110584,0.101691306,1.0874954820001628
1270.9789521304908,1.1360291,0.11051027,1.087241008211263
1270.992642528181,1.037701,0.11443929,1.0869935624381
1271.0063326554762,1.1430726,0.11139115,1.0868748186578197
1271.0200225123926,1.172488,0.11668035,1.0867629812236088
1271.0337120989466,1.1755536,0.117330104,1.086536587172096
1271.047401415154,1.1328053,0.106951065,1.0864393349945822
1271.0610904610303,1.0494097,0.105159454,1.0863504991087032
1271.074779236592,1.1744198,0.1125155,1.086270527698265
1271.088467741855,1.3036727,0.11429896,1.0860779200505848
1271.1021559768353,1.1347756,0.10399013,1.086019620933302
1271.115843941549,1.099806,0.10242639,1.0858515495590138
1271.1295316360124,1.1756464,0.108554475,1.0858203423736976
1271.1432190602407,1.2667108,0.1066076,1.0856836105034042
1271.1569062142507,1.2825353,0.12227928,1.0855632974792013
1271.170593098058,1.0961432,0.10372917,1.0854625768415098
1271.1842797116785,1.0987294,0.1139323,1.085379562308148
1271.1979660551283,1.2666507,0.11991753,1.0854365680947509
1271.211652128424,1.0537624,0.107091896,1.085389522853134
1271.2253379315805,0.98236865,0.10670289,1.0854794553633766
1271.2390234646148,1.2136563,0.10706669,1.0854618888508807
1271.2527087275425,1.0624521,0.10523734,1.0855780324351199
1271.2663937203793,1.2358208,0.11126132,1.085581703375073
1271.2800784431415,1.0488448,0.100172415,1.0855939393659852
1271.2937628958452,1.1055604,0.10452362,1.085734145064309
1271.307447078506,1.1859922,0.100514345,1.0858794314911733
1271.32113099114,1.3061728,0.10872815,1.0859065517059487
1271.3348146337637,1.3271662,0.11012196,1.0858145853082415
1271.3484980063922,1.0466838,0.108229406,1.086091569513145
1271.3621811090422,1.1667244,0.108553074,1.0861262082017293
1271.3758639417297,1.2967613,0.11433719,1.0861620382333275
1271.3895465044704,1.3570445,0.10846439,1.0864421155350035
1271.40322879728,1.287923,0.10687941,1.0864769147874185
1271.4169108201747,1.2257446,0.10228387,1.0865086066413734
1271.4305925731708,0.9914007,0.10031719,1.0867798918159166
1271.444274056284,1.1521462,0.11401573,1.0868012145872845
1271.45795526953,1.2246331,0.10412491,1.0869372366012682
1271.4716362129252,1.2942414,0.10966485,1.0869443633536495
1271.4853168864859,1.2561004,0.105117485,1.0870664828564955
1271.498997290227,1.0858449,0.10553602,1.0870606805932077
1271.5126774241653,1.1283971,0.10344242,1.0870501883520678
1271.5263572883164,1.0790997,0.104157425,1.087157000725008
1271.5400368826963,1.1494249,0.09992187,1.087259252289897
1271.5537162073213,1.1389549,0.10618051,1.087354845847305
1271.567395262207,0.9531962,0.097953826,1.087317055561255
1271.581074047369,1.1419348,0.10691082,1.0873856994500055
1271.5947525628244,0.96149373,0.09928346,1.087550493474375
1271.6084308085879,1.0825263,0.09615096,1.087440726982238
1271.6221087846764,1.2907026,0.111724354,1.0874165338632227
1271.6357864911056,1.1387372,0.113197885,1.0872268732758479
1271.6494639278908,1.236784,0.10692554,1.087118229489881
1271.6631410950483,1.1472684,0.10510945,1.086841161869947
1271.6768179925948,1.0772253,0.1036018,1.0863994216786317
1271.6904946205455,1.0668834,0.10771082,1.0861624654151392
1271.7041709789162,0.9451535,0.10650416,1.085885506115062
1271.7178470677234,0.9387754,0.099966094,1.085333307033097
1271.7315228869825,1.1047093,0.10389919,1.0849963933896205
1271.7451984367099,1.2327096,0.10239352,1.0845161050037466
1271.7588737169212,1.2174371,0.1100154,1.084022656830443
1271.7725487276327,1.2860248,0.10471711,1.0835235513383674
1271.78622346886,1.130075,0.11581231,1.082905871248399
1271.799897940619,0.96034956,0.10302353,1.0825437115132137
1271.813572142926,1.2787309,0.10243661,1.081956839821256
1271.8272460757964,1.1398698,0.09880085,1.0815145487481939
1271.8409197392464,1.0963418,0.10315567,1.0809787667895296
1271.8545931332924,1.1136606,0.10437681,1.0804697833308852
1271.8682662579495,1.1278281,0.10155629,1.0801100446316374
1271.881939113234,1.117901,0.10225076,1.0797792327910973
1271.8956116991621,1.1183023,0.09989417,1.0794743885189821
1271.9092840157489,1.228262,0.10377134,1.0789547276715539
1271.9229560630113,1.1806513,0.1022014,1.0787080473430135
1271.9366278409645,1.4717641,0.10400887,1.0784900632427936
1271.9502993496246,1.2892225,0.104697876,1.078426534124584
1271.9639705890079,1.3169802,0.10274616,1.0783904838016638
1271.9776415591296,1.2662255,0.10076718,1.078259598591893
1271.9913122600065,1.1512911,0.10321876,1.0781515220653335
1272.0049826916538,1.1966299,0.10257577,1.0783042552268232
1272.0186528540873,1.0883894,0.09847692,1.0781036279799994
1272.0323227473232,1.2206811,0.097511895,1.078030355618768
1272.045992371378,1.0849,0.10125915,1.0782018027416007
1272.0596617262665,1.0034695,0.10285566,1.0781246439739265
1272.0733308120057,1.3239309,0.09896434,1.078162552291622
1272.0869996286106,1.234651,0.10165917,1.0780682404019044
1272.1006681760969,0.9941546,0.09258448,1.0779642905815328
1272.1143364544816,1.2631831,0.10487538,1.0778514944806543
1272.1280044637801,1.1552782,0.0995249,1.0777317844899095
1272.141672204008,1.0493203,0.100127235,1.0776089979521046
1272.1553396751813,0.9925829,0.09892786,1.0774868719898028
1272.1690068773162,1.0064805,0.094098926,1.0772479268673847
1272.1826738104278,0.9642394,0.09753671,1.076896016239643
1272.1963404745331,0.90887386,0.09127812,1.0768028200271278
1272.2100068696475,1.1394554,0.09496911,1.0766031629903146
1272.2236729957865,1.0292668,0.09637955,1.0764225033090147
1272.2373388529663,1.0489272,0.09588862,1.0762618924981542
1272.251004441203,1.0481348,0.09521423,1.0761204004105618
1272.2646697605123,1.1922741,0.096852526,1.0761227293289872
1272.2783348109094,1.1750304,0.10352715,1.0760207935916375
1272.2919995924115,1.0213242,0.09366441,1.0759363877672075
1272.3056641050334,1.0355184,0.0956807,1.075867964734484
1272.3193283487915,1.07111,0.101480864,1.0758125369092528
1272.332992323702,1.0599478,0.100344464,1.0758920815683686
1272.3466560297793,1.0755877,0.096480876,1.0759815316038912
1272.3603194670409,1.1263784,0.09861984,1.075835545413912
1272.3739826355018,1.0493124,0.092733644,1.075819320903356
1272.387645535178,1.1457102,0.0996057,1.0759309239163772
1272.4013081660858,1.206294,0.09979265,1.0759258113163566
1272.4149705282405,1.191663,0.09794877,1.0760468807227295
1272.4286326216584,1.133166,0.0938154,1.076049527081249
1272.4422944463547,1.0712278,0.09843392,1.0761783447822983
1272.4559560023458,1.0656762,0.0930729,1.076189697088639
1272.4696172896472,1.1081016,0.09475825,1.0763301684356656
1272.4832783082757,0.98621583,0.09182563,1.0763581166518574
1272.4969390582457,1.0080485,0.09366856,1.0765199078374321
1272.5105995395743,1.1193482,0.093974836,1.0766987125861016
1272.5242597522767,1.165224,0.09721162,1.076651093783414
1272.5379196963686,1.1393659,0.09661121,1.0768687450566143
1272.5515793718664,1.0631311,0.09145566,1.0771087424484325
1272.5652387787854,0.95444745,0.09676765,1.0772473955447837
1272.578897917142,0.99554366,0.09281788,1.077653101015076
1272.592556786952,0.87485826,0.091813564,1.0778332232590802
1272.6062153882303,1.2194207,0.0946521,1.078275377051248
1272.619873720994,0.87697697,0.08743297,1.0784902184147733
1272.6335317852584,1.1121236,0.104176074,1.0788414781250033
1272.6471895810387,1.2225045,0.09849459,1.0793305698429316
1272.6608471083518,1.0409027,0.09018462,1.079589750609778
1272.6745043672129,1.0144951,0.09062551,1.079985561969126
1272.6881613576377,1.0614953,0.11076576,1.0805185417371737
1272.701818079643,1.1720605,0.0953148,1.0808197556602424
1272.7154745332437,1.0430293,0.09260396,1.0812541363423613
1272.7291307184555,1.198776,0.09557974,1.0816946023086107
1272.7427866352953,1.1139238,0.09512701,1.0822580780578033
1272.7564422837775,1.0540828,0.09970368,1.082692882230038
1272.770097663919,1.0302327,0.09645246,1.082993068608287
1272.7837527757351,1.0827912,0.09669352,1.083516657145306
1272.7974076192415,1.0115262,0.09100033,1.0838917149748641
1272.811062194455,1.0649058,0.09944902,1.084237403190342
1272.82471650139,1.0873404,0.092769854,1.0845465056578374
1272.8383705400634,1.0143361,0.092399485,1.0848232844412422
1272.8520243104904,1.1674455,0.10065912,1.0851888490605677
1272.8656778126874,1.1921505,0.095954396,1.0852800837023957
1272.8793310466697,1.0675749,0.09148005,1.0853463817798494
1272.8929840124526,1.1364379,0.098904945,1.085510196202382
1272.9066367100531,1.0221845,0.09022244,1.085656828642823
1272.9202891394866,0.9025785,0.094928466,1.0856668373013774
1272.9339413007688,1.0263011,0.0929301,1.0857880471699337
1272.947593193915,0.9890181,0.092066206,1.0859031320570378
1272.9612448189419,0.8641802,0.08811886,1.086016340640768
1272.9748961758646,1.2689468,0.101467945,1.0861328251126552
1272.9885472646993,1.0749553,0.09205183,1.0861348520347374
1273.0021980854615,1.1265783,0.09226383,1.0862709456576864
1273.0158486381672,1.0026426,0.08768257,1.0865420772077343
1273.029498922832,1.1036453,0.096052736,1.0865842793687563
1273.0431489394718,1.3049194,0.09609496,1.0866393965065084
1273.0567986881024,1.203667,0.0937522,1.0869485227936662
1273.0704481687399,1.2392044,0.093820445,1.0871409832829646
1273.0840973813993,1.1871587,0.09374112,1.0873326411987863
1273.0977463260972,1.0445306,0.09573486,1.0875171553728027
1273.111395002849,0.9371223,0.091692075,1.0876884384717713
1273.1250434116703,1.0330731,0.08902655,1.0878420388471146
1273.1386915525775,0.9628804,0.090789534,1.0879706139523069
1273.1523394255853,1.2369872,0.100578,1.088074056055536
1273.1659870307108,1.0686905,0.09060713,1.0882698310577748
1273.1796343679687,1.1691045,0.093954325,1.0881919885045037
1273.1932814373752,0.9703957,0.0941474,1.0882091801812135
1273.2069282389464,1.0390695,0.086439624,1.0881981759421433
1273.2205747726973,1.2628917,0.1006466,1.0880441450505285
1273.2342210386446,0.85226226,0.08908596,1.0878717928531394
1273.2478670368027,1.0361538,0.0883798,1.0878091659834
1273.2615127671888,1.2723632,0.096949905,1.087741129381634
1273.275158229818,1.138579,0.1019787,1.0875527433710503
1273.2888034247064,1.1042852,0.09751825,1.0874948070603292
1273.3024483518693,1.0796163,0.09614293,1.0873296321926154
1273.3160930113227,0.87394416,0.08582989,1.0873078300795909
1273.3297374030822,0.9811814,0.093135156,1.0871872219578969
1273.3433815271637,1.027595,0.08732932,1.0870960597343091
1273.357025383583,1.0486971,0.08888453,1.0871542629697568
1273.370668972356,1.1161084,0.091066025,1.087118481508396
1273.384312293498,1.0143598,0.090939894,1.0869888175046514
1273.397955347025,0.9295511,0.09056673,1.0871270437346015
1273.411598132953,0.8206523,0.083142124,1.0871675868919373
1273.4252406512967,1.0212561,0.08767693,1.0873500140523689
1273.4388829020734,1.0984173,0.08723043,1.0875506584112957
1273.4525248852976,0.958872,0.09016021,1.0877689941866524
1273.4661666009856,0.9778225,0.084272966,1.0880020972670335
1273.4798080491535,0.8017904,0.07775413,1.0881290023879502
1273.493449229816,0.86751705,0.081080385,1.0885148486990375
1273.5070901429895,1.0323192,0.09186521,1.0887937987643936
1273.5207307886897,1.1149503,0.089276135,1.0890908063506242
1273.5343711669323,1.1248949,0.08801481,1.0894052599918993
1273.5480112777332,1.1302978,0.096521854,1.0898625951776668
1273.5616511211076,0.96004325,0.08906607,1.0900960946675453
1273.575290697072,1.0140923,0.08546111,1.0905926147023663
1273.5889300056417,1.0041703,0.08730699,1.0909850636464682
1273.602569046832,1.0013894,0.085349664,1.0915107975498692
1273.6162078206592,0.8570861,0.09324293,1.0920416282512735
1273.629846327139,1.0034902,0.08914833,1.092567551616093
1273.6434845662866,0.886323,0.08634633,1.0930795759643424
1273.657122538119,1.059636,0.09498355,1.0934413040123547
1273.6707602426504,0.92697465,0.081023805,1.093768533846709
1273.684397679897,1.0542201,0.08998863,1.0941710490949514
1273.698034849875,1.19603,0.09485732,1.0942740695889115
1273.7116717525996,1.0822575,0.08699741,1.094441998387887
1273.725308388087,1.0872401,0.08764339,1.0942946476700293
1273.7389447563523,1.136518,0.09193868,1.0942066281290828
1273.7525808574117,0.9650174,0.08387353,1.093930384033506
1273.7662166912803,0.9087672,0.09111328,1.0937133509872714
1273.7798522579744,1.1274421,0.094887406,1.093199432734789
1273.79348755751,0.99410254,0.083982676,1.0927557022388643
1273.8071225899018,0.96434766,0.08601363,1.0922769130321832
1273.8207573551658,1.0431782,0.0901049,1.0916500382676015
1273.8343918533187,1.0163763,0.086722866,1.0910100956175715
1273.848026084375,1.0254982,0.09064078,1.090368192147189
1273.8616600483506,1.1612571,0.08997355,1.0898565249474292
1273.8752937452616,1.1969916,0.09738791,1.0892371558094105
1273.8889271751236,1.054589,0.08525847,1.0886372733933767
1273.9025603379523,1.0102613,0.08943114,1.0879384260112355
1273.9161932337631,1.0819207,0.08877328,1.0873832113571194
1273.929825862572,1.0502797,0.09184254,1.0869738006324245
1273.9434582243946,1.202868,0.097940065,1.0864624540752599
1273.9570903192466,0.9430946,0.081897914,1.0862142431115738
1273.9707221471433,0.9419906,0.0961482,1.0858625844911005
1273.9843537081008,1.0534217,0.0872684,1.0856489409484706
1273.9979850021352,1.0013654,0.08684552,1.0852085769165982
1274.011616029261,1.1840466,0.094505295,1.0850280318915586
1274.0252467894952,0.9850675,0.09245028,1.0847411386442591
1274.0388772828521,1.0074424,0.08871868,1.084593485852988
1274.052507509349,0.9610403,0.08874804,1.0844613662792333
1274.066137469,1.1132609,0.08512944,1.0841027407068289
1274.0797671618216,1.0960606,0.08704851,1.0841269583462196
1274.0933965878294,0.9951397,0.08928479,1.0840457211779713
1274.107025747039,1.0287426,0.084091574,1.0839827407269624
1274.1206546394662,0.9780288,0.08578357,1.083935976760086
1274.134283265126,1.1013337,0.103217684,1.0837851247976027
1274.147911624035,1.006802,0.085183874,1.0838953138327994
1274.1615397162088,1.1716927,0.093580276,1.0838998249614176
1274.1751675416624,1.0230722,0.08361699,1.0839223420603608
1274.1887951004117,0.8691629,0.087995574,1.084082724262777
1274.2024223924723,0.9711169,0.08175231,1.0841385151975174
1274.2160494178602,1.1368551,0.09236453,1.0844553098777783
1274.2296761765908,1.0786276,0.0878036,1.0845446317646756
1274.24330266868,0.9170946,0.08088126,1.084531449325209
1274.256928894143,1.1162163,0.09126022,1.084780450199141
1274.2705548529952,1.019482,0.08248148,1.0851724355361365
1274.2841805452538,1.0581548,0.08776464,1.0853417025124201
1274.2978059709326,1.2591267,0.094140776,1.085654487470038
1274.3114311300483,0.86455905,0.08460594,1.0859928465692086
1274.3250560226163,1.1147723,0.08568642,1.0863543945594807
1274.3386806486524,0.91971374,0.08884635,1.0868638914253204
1274.352305008172,1.2134272,0.093189485,1.087276786941654
1274.3659291011907,1.0290827,0.08399474,1.0877135149191905
1274.3795529277243,0.9925353,0.088010095,1.0882989867357309
1274.3931764877884,1.1634058,0.08863321,1.0887845852112124
1274.4067997813986,0.9421553,0.085248984,1.0892932977192546
1274.4204228085703,1.0987233,0.08800958,1.0899456395492249
1274.4340455693196,1.0252545,0.09126742,1.0906172973492332
1274.447668063662,1.0912175,0.084648855,1.091310565472363
1274.4612902916128,1.0984813,0.092956394,1.0920221225058189
1274.4749122531882,0.99572647,0.095926136,1.092753452573691
1274.4885339484033,1.2474022,0.087166294,1.0935046818876666
1274.5021553772742,0.95296127,0.08273252,1.0942745719077722
1274.515776539816,0.9639676,0.08238519,1.0950657200583538
1274.5293974360447,1.092204,0.08916341,1.0958737900845226
1274.5430180659757,1.1517341,0.09105122,1.0968188802023837
1274.5566384296246,1.0851313,0.08702663,1.0976506671400201
1274.5702585270074,1.0081096,0.086746775,1.098482387259573
1274.583878358139,1.1823658,0.088390045,1.0993011023725052
1274.5974979230357,1.1992733,0.08394242,1.1000964442063228
1274.6111172217127,1.1815789,0.08868675,1.1009774711672202
1274.624736254186,0.9813153,0.08562092,1.1016881508686862
1274.6383550204712,1.0427532,0.087644234,1.1023468047862435
1274.6519735205834,1.0696489,0.08932302,1.1030604097957846
1274.6655917545384,1.1087859,0.08696984,1.103590205253421
1274.679209722352,1.0761902,0.09251581,1.1040534885182072
1274.6928274240397,1.0598817,0.08943531,1.1045724286102554
1274.7064448596168,0.98173875,0.081751846,1.104910954291181
1274.7200620290996,1.0235188,0.08422451,1.1051871834190896
1274.7336789325032,0.95237094,0.085605055,1.1054152058314297
1274.7472955698436,1.1504221,0.093628876,1.105477318695606
1274.7609119411354,1.1807764,0.09110313,1.1056261230388333
1274.7745280463953,0.98520327,0.08391144,1.1057506260851309
1274.7881438856389,1.2799006,0.0905012,1.105857086473422
1274.801759458881,1.18309,0.08620652,1.105955730298914
1274.8153747661377,1.1805989,0.087965466,1.1060522329569418
1274.828989807424,1.076502,0.0829027,1.1061509270921501
1274.8426045827564,0.9913965,0.08885842,1.1061318308292796
1274.8562190921496,0.85320145,0.07872319,1.1061189565358978
1274.86983333562,1.1162434,0.09204915,1.106234346256183
1274.8834473131826,1.0707501,0.08566613,1.1062346759944583
1274.897061024853,1.1110045,0.08761408,1.1063652784764697
1274.9106744706473,1.1473023,0.087562606,1.1063825779252325
1274.9242876505805,1.0778103,0.083105765,1.1062897583958404
1274.9379005646686,1.1309202,0.0852256,1.1063314082719007
1274.9515132129266,1.1979496,0.08720863,1.106509524589193
1274.9651255953706,1.2854819,0.09264527,1.106581640582235
1274.9787377120163,1.1223965,0.08613138,1.106668697216254
1274.9923495628789,1.1933385,0.08650693,1.1067726048651867
1275.0059611479737,1.1919374,0.08961169,1.106890426733168
1275.019572467317,1.074508,0.08721207,1.1070214470804856
1275.033183520924,1.0607368,0.08328813,1.1071641484701615
1275.0467943088101,1.090269,0.08567103,1.1073157681415413
1275.0604048309908,1.0748329,0.08413364,1.1074754639525701
1275.0740150874822,1.0176072,0.083196424,1.1076402035662158
1275.0876250782994,1.1094253,0.08845006,1.1078079919569341
1275.101234803458,1.1654837,0.08500819,1.107732000742086
1275.1148442629737,1.0479213,0.08692221,1.107898070428894
1275.1284534568622,1.1406277,0.08547043,1.1080587033138678
1275.1420623851388,1.0649059,0.08040442,1.1083337859100633
1275.1556710478187,1.1908349,0.08414955,1.1084766306346965
1275.1692794449182,1.1340716,0.08325463,1.1086070862513562
1275.1828875764525,0.9723997,0.08121801,1.1087255981965403
1275.1964954424368,1.1013073,0.085092485,1.1088303911581852
1275.2101030428876,1.171836,0.08485076,1.1089243247534772
1275.2237103778195,1.1463008,0.089688525,1.10900896491584
1275.2373174472482,0.9924019,0.08069585,1.1090876762970885
1275.2509242511896,1.1388551,0.085037515,1.109164489863808
1275.264530789659,1.1551591,0.08749379,1.1091209830590099
1275.2781370626722,0.9429177,0.082886115,1.1092041718326289
1275.2917430702441,1.0490702,0.08243154,1.1092941866277952
1275.3053488123912,1.088156,0.086100005,1.109392798714945
1275.3189542891282,1.0858428,0.08798295,1.1094996942941888
1275.332559500471,1.0598838,0.086134404,1.109616139900153
1275.3461644464348,1.0867751,0.08469922,1.1097406349333867
1275.3597691270359,1.2079399,0.08715497,1.1099953483686351
1275.3733735422888,1.2678438,0.09505868,1.110136044547648
1275.3869776922102,1.1762583,0.095694415,1.1104060800519924
1275.4005815768144,1.233596,0.088168204,1.1105625205221168
1275.4141851961174,1.0875545,0.085844904,1.1108484535856669
1275.4277885501353,1.3356433,0.09438667,1.1110200460725568
1275.4413916388828,1.1256621,0.09050922,1.1110774801075338
1275.454994462376,1.1399996,0.08256793,1.1115084158237156
1275.4685970206299,1.2629226,0.09234099,1.1117035849428136
1275.4821993136604,1.0791688,0.08898377,1.1119057961309473
1275.4958013414825,1.2702591,0.10082738,1.1122370368126637
1275.5094031041128,1.1246393,0.08894099,1.1125745961805675
1275.5230046015654,1.3081311,0.08896581,1.112917107855422
1275.5366058338573,1.1803696,0.08935413,1.113142241732068
1275.5502068010026,1.183729,0.09606312,1.1134927010853177
1275.5638075030179,1.1768825,0.08616537,1.1138463317140923
1275.5774079399177,1.1114457,0.09027294,1.1142035108280703
1275.5910081117186,1.1122476,0.08702021,1.114564829769663
1275.6046080184356,1.1016686,0.08690186,1.114810809174013
1275.6182076600833,1.2496154,0.091131054,1.1150649526722876
1275.631807036679,1.3859053,0.09037837,1.1154529136809943
1275.6454061482366,1.2664281,0.09713025,1.115856530488071
1275.6590049947722,1.3146288,0.08827628,1.1162780780266686
1275.6726035763018,1.127991,0.09064824,1.1167247883229776
1275.6862018928402,0.99406016,0.084920876,1.1171964402634
1275.699799944403,0.9017348,0.07762021,1.1178199212223938
1275.7133977310061,1.1048677,0.08624387,1.118231007297755
1275.7269952526642,1.0723829,0.08518186,1.118916221737733
1275.7405925093938,1.2057413,0.08808059,1.1195130182537405
1275.7541895012096,1.2229289,0.08859447,1.1202585098335212
1275.7677862281273,1.2683667,0.08582761,1.121029577837715
1275.7813826901624,1.1630943,0.08630103,1.1215763847725189
1275.7949788873307,1.2400048,0.09213436,1.1223808469509025
1275.8085748196472,1.1530991,0.08438964,1.1230713042132785
1275.8221704871276,1.1518719,0.08499235,1.123884676790539
1275.8357658897871,1.1519915,0.08614888,1.1245711885755172
1275.8493610276414,1.2902095,0.091150165,1.1253693620451672
1275.8629559007065,1.3876323,0.09391131,1.12603117219843
1275.876550508997,1.1309516,0.085171126,1.126794056372605
1275.8901448525287,1.1847863,0.0907117,1.1275355725715677
1275.903738931317,1.2333199,0.097794645,1.1280070496417438
1275.917332745378,1.2074782,0.09140218,1.1286961153213648
1275.9309262947259,1.127926,0.08598558,1.1293595440122384
1275.9445195793771,1.22856,0.10152467,1.1297512436401338
1275.958112599347,1.0788845,0.089665316,1.1303654623781356
1275.971705354651,1.0854346,0.08449698,1.1308372791648897
1275.985297845304,1.1090357,0.08881963,1.1314163723070392
1275.9988900713226,1.262647,0.089366324,1.1318632325240696
1276.0124820327212,1.2078413,0.08639801,1.1324260529132177
1276.0260737295157,1.2436798,0.09334994,1.1328654607170574
1276.0396651617216,1.2670286,0.096279666,1.1334288704307554
1276.053256329354,1.2329109,0.095896535,1.1339965117711615
1276.066847232429,1.0668952,0.086553074,1.1344470964717959
1276.0804378709613,1.145289,0.08696603,1.1350249779479122
1276.0940282449665,1.1535617,0.09292757,1.1354840777940596
1276.1076183544606,1.171247,0.085551016,1.1359443582174495
1276.1212081994586,1.0850658,0.087438196,1.13640212518593
1276.1347977799758,1.0286537,0.08540853,1.136975331074706
1276.148387096028,0.992096,0.08747529,1.1374132675756945
1276.1619761476306,0.8755178,0.088492535,1.1379565852835112
1276.1755649347988,1.1230994,0.08537445,1.1384754810771267
1276.1891534575484,1.1046515,0.09037451,1.1388453555650317
1276.2027417158945,1.0676473,0.09053847,1.1391845199218023
1276.2163297098525,1.1799074,0.09152288,1.1394887482276999
1276.229917439438,1.1651962,0.086794905,1.1398831951670143
1276.2435049046665,1.2333883,0.089658886,1.1401205598579092
1276.2570921055535,1.2758174,0.0912892,1.1403291136484919
1276.2706790421141,1.0717609,0.08356366,1.1406338566987282
1276.284265714364,1.2137026,0.08759918,1.140794837223424
1276.2978521223183,1.1979655,0.08518652,1.1408192779355624
1276.3114382659924,1.064668,0.086336024,1.1410771631072152
1276.3250241454027,1.1690497,0.09087011,1.141208573204739
1276.3386097605635,1.2780747,0.08863434,1.141339073902941
1276.3521951114906,1.1189457,0.085746415,1.1414717470939986
1276.3657801981994,1.2979956,0.095327176,1.1416080616792685
1276.3793650207053,1.2895416,0.09312961,1.141749743251624
1276.3929495790235,1.1586246,0.08894238,1.1418967254901424
1276.40653387317,1.0263813,0.086438134,1.1420498012848137
1276.4201179031595,1.0746765,0.0840792,1.1422098430489598
1276.433701669008,1.2110077,0.08993495,1.1423772566992494
1276.4472851707308,1.0263124,0.08541712,1.1426773733771103
1276.460868408343,0.9545954,0.08884415,1.142744673856103
1276.4744513818607,1.0257828,0.08264262,1.1429489389336687
1276.4880340912985,1.3003575,0.09116639,1.1431709309608793
1276.501616536672,1.1159447,0.089539416,1.1435338399146673
1276.5151987179968,1.1352082,0.0860869,1.1437990784433048
1276.528780635288,1.0094935,0.08511317,1.1442096504708479
1276.5423622885612,0.95010334,0.08970989,1.144525670395104
1276.555943677832,1.1193852,0.08690956,1.1449920464919388
1276.5695248031154,1.161178,0.09221719,1.1454861418341555
1276.583105664427,1.235465,0.09524111,1.1460116303502423
1276.5966862617822,1.2469356,0.087223016,1.1465636194075848
1276.6102665951967,1.0756322,0.08707683,1.1472649981307965
1276.6238466646853,1.1539824,0.09388847,1.1478663964891882
1276.6374264702638,1.0747335,0.08233123,1.1483624792018476
1276.651006011947,1.1759028,0.088586695,1.1489922913769612
1276.664585289751,0.9836467,0.08373293,1.1497482721433958
1276.678164303691,1.170031,0.085089125,1.1505018390193449
1276.691743053782,1.2618867,0.090442106,1.1511239133468436
1276.70532154004,1.1337411,0.09147253,1.1518528409303228
1276.7188997624799,1.1016843,0.08795669,1.1524367621722789
1276.732477721117,1.1015282,0.08439437,1.1529959792365196
1276.746055415967,1.1180648,0.08467401,1.1535229021240174
1276.7596328470452,1.2547215,0.08938174,1.1541388965353392
1276.773210014367,1.1167638,0.090660624,1.154352217532176
1276.7867869179474,1.0708319,0.08769422,1.1547686867692168
1276.8003635578023,1.1188327,0.08726674,1.1549028264979648
1276.8139399339468,1.1151007,0.083239175,1.155236585334149
1276.8275160463963,0.97700846,0.0863435,1.1552865866517066
1276.8410918951663,1.3280752,0.09374241,1.1552954718327781
1276.8546674802717,1.3375704,0.09248437,1.1553848880373505
1276.8682428017285,1.2235525,0.09286466,1.1551935115892844
1276.8818178595513,1.1870738,0.08465302,1.1550835183153358
1276.8953926537567,1.1791246,0.091099575,1.1548182716711524
1276.9089671843587,1.1333472,0.08764274,1.154519700020752
1276.9225414513735,1.1790218,0.097508654,1.1543126342552341
1276.9361154548162,0.9857533,0.08135538,1.154079948359364
1276.9496891947017,1.0675516,0.08358498,1.1536991231867788
1276.9632626710463,1.0187601,0.085607916,1.1532996075226356
1276.9768358838644,1.1573263,0.088455796,1.1528835927018624
1276.9904088331718,1.0009441,0.08206028,1.1524562496426538
1277.0039815189841,1.2702997,0.09593861,1.1520224256355722
1277.0175539413165,1.089153,0.086073786,1.151709123217262
1277.0311261001839,1.1816823,0.08883551,1.151399336257823
1277.0446979956023,1.1361437,0.088285245,1.1508541484675314
1277.0582696275862,1.14089,0.085606985,1.1505662057968857
1277.0718409961516,1.3204008,0.09121365,1.150294819842601
1277.085412101314,1.1927336,0.08853455,1.1499234432425147
1277.0989829430882,1.2014511,0.08782824,1.1496958976987122
1277.1125535214896,1.19338,0.09148954,1.1494945137843162
1277.126123836534,1.1280488,0.08836828,1.1493180143300021
1277.139693888236,1.1289637,0.085768744,1.1489219674795292
1277.1532636766117,1.278198,0.08989441,1.1486731650219755
1277.166833201676,1.1224341,0.08646866,1.148567838921025
1277.1804024634441,1.0024918,0.0841631,1.1486077657499896
1277.1939714619318,0.9763301,0.08560974,1.1484231830538278
1277.2075401971542,0.67116386,0.075570576,1.1483797246879628
1277.2211086691261,0.5181682,0.067480884,1.1482326640890657
1277.2346768778636,0.46936908,0.06528933,1.1482232748418038
1277.2482448233818,0.72524035,0.07181272,1.1482305840868126
1277.2618125056963,0.55949223,0.07141022,1.1482513556153047
1277.2753799248214,0.88318574,0.081660524,1.148285390995883
1277.2889470807731,0.90185374,0.08278096,1.148331865543934
1277.3025139735669,0.8759295,0.0769888,1.1482672506925935
1277.3160806032179,0.5591701,0.07591658,1.14833736752262
1277.3296469697414,0.41730028,0.062567934,1.148418633385441
1277.3432130731526,0.58411235,0.06698454,1.148390662689713
1277.356778913467,0.6384956,0.077239,1.1486204798517996
1277.3703444907,0.8506419,0.0782882,1.1487422649675567
1277.3839098048663,1.0248716,0.08308411,1.1490036118205857
1277.397474855982,1.1614207,0.08879569,1.1490372952503036
1277.4110396440617,1.0598623,0.08898294,1.1492126751584162
1277.4246041691215,1.2582966,0.10106756,1.1495299309295643
1277.4381684311759,1.0695521,0.085097685,1.1498674479981799
1277.4517324302406,1.1888661,0.08878119,1.1501055772980902
1277.4652961663312,1.135865,0.09117342,1.1503637232858854
1277.4788596394624,1.0536361,0.085362695,1.1506440509096607
1277.4924228496498,0.9362944,0.08317798,1.150943932672066
1277.5059857969081,0.99375564,0.082537666,1.1513843711842107
1277.5195484812537,0.974049,0.082162924,1.1518421593337633
1277.533110902701,1.0724566,0.0862586,1.1521909407347275
1277.5466730612654,1.229708,0.09013963,1.1525509218663013
1277.5602349569626,1.1154547,0.08713715,1.1530383905404633
1277.573796589808,1.1049293,0.090607926,1.1535268057037111
1277.5873579598162,0.94490516,0.08493481,1.154010199351833
1277.600919067003,1.0142981,0.08521437,1.154361827128319
1277.614479911383,1.1009184,0.08590935,1.1548173905035775
1277.6280404929723,1.2383956,0.08781305,1.155252344286308
1277.6416008117858,1.1250911,0.0853324,1.1554166038667342
1277.6551608678387,1.1124564,0.08826387,1.1556732595365373
1277.6687206611468,1.0891403,0.08741757,1.1560222462856817
1277.6822801917247,1.0506072,0.08748086,1.1562145447702656
1277.6958394595881,1.2246081,0.09126933,1.1564998392371524
1277.7093984647518,1.0602952,0.08898171,1.1566330117256172
1277.7229572072315,1.0429119,0.0864147,1.1567411425943233
1277.7365156870426,1.1594675,0.092678204,1.1567070848313885
1277.7500739042,1.1749867,0.09089561,1.1569012145017539
1277.763631858719,1.3159411,0.08990474,1.156964516098184
1277.7771895506153,1.293457,0.09265449,1.1570235401629552
1277.7907469799034,1.070155,0.08738947,1.1570832925166885
1277.8043041465987,1.0904462,0.089224055,1.1572691016401253
1277.817861050717,1.2103254,0.09099036,1.157339695185025
1277.8314176922731,1.3093517,0.09175023,1.1572958064160188
1277.844974071283,1.2001595,0.092161834,1.1575057793581196
1277.858530187761,1.2854694,0.09263367,1.1577249176826792
1277.8720860417227,1.1260452,0.087619044,1.157831875245341
1277.8856416331837,1.0802264,0.09037866,1.1579490261092962
1277.8991969621588,1.1193094,0.08925347,1.1580754452760487
1277.9127520286631,1.1480385,0.08495881,1.158334568402609
1277.9263068327123,1.2007221,0.094443396,1.158480356954712
1277.9398613743215,1.0636151,0.08829268,1.158879319717034
1277.953415653506,1.0635713,0.08803141,1.1590422722785
1277.966969670281,1.0829276,0.09509371,1.1592121426275899
1277.9805234246614,1.2334065,0.09289735,1.159510760239778
1277.9940769166628,1.1073694,0.08645906,1.1598142860381058
1278.0076301463007,1.2314527,0.09203119,1.1600004476859285
1278.0211831135894,1.171376,0.0896103,1.160190642001058
1278.0347358185452,1.1157095,0.087580316,1.160506862907043
1278.048288261183,1.1633803,0.09189647,1.160827787162871
1278.0618404415175,1.2614063,0.09359711,1.1610313317794754
1278.0753923595646,1.1501441,0.09035349,1.161240949624681
1278.0889440153394,1.2781422,0.091492295,1.1615788095526494
1278.1024954088566,1.2447561,0.10251127,1.161801461100807
1278.116046540132,1.2053012,0.08894314,1.1621534253178718
1278.1295974091806,1.1634793,0.092412725,1.1623894429440091
1278.1431480160177,1.1212953,0.09460225,1.1626314603222054
1278.1566983606585,1.3253446,0.09560861,1.1629992995794332
1278.1702484431182,1.2096305,0.08912634,1.16312554879743
1278.183798263412,1.1054214,0.088810824,1.1633748081984971
1278.1973478215552,1.022261,0.09057866,1.163746071422037
1278.210897117563,1.1770958,0.08920908,1.1639944918607052
1278.2244461514501,1.112512,0.08786372,1.164364475926889
1278.2379949232327,1.2344772,0.097677164,1.1646125883063183
1278.2515434329255,1.1208904,0.086918846,1.1648621941341597
1278.2650916805437,1.2995166,0.09413511,1.1652365240529696
1278.2786396661022,1.0187352,0.096406825,1.1654925621749732
1278.2921873896164,1.218568,0.09121879,1.1657521718246382
1278.305734851102,1.0914857,0.09363981,1.1661372482443646
1278.3192820505737,1.213814,0.08993065,1.166402016715026
1278.3328289880467,1.002038,0.0834867,1.1666666433714448
1278.3463756635365,1.1426332,0.09622841,1.1669286253717446
1278.3599220770582,1.0085057,0.08649839,1.167186276284807
1278.373468228627,0.94156605,0.08559487,1.167436867948424
1278.3870141182574,0.94194067,0.088382475,1.1676800336335091
1278.400559745966,0.92946696,0.083227545,1.1679147714997233
1278.4141051117665,0.9491919,0.08180905,1.1682634808087022
1278.427650215675,0.9203121,0.08172444,1.168483653903134
1278.4411950577066,0.7734479,0.08227428,1.1686986481288146
1278.4547396378766,0.65788364,0.08106301,1.1690337400899915
1278.4682839561992,0.5518723,0.07710833,1.1692474050023498
1278.481828012691,0.6489823,0.07635605,1.1694642511582436
1278.4953718073664,0.68082106,0.07705936,1.1698080014300207
1278.5089153402407,0.63787806,0.08151948,1.1699137593668683
1278.5224586113293,0.8837685,0.0815598,1.1702688132516161
1278.5360016206469,0.9722455,0.08461917,1.170506023211109
1278.549544368209,0.98668325,0.08606105,1.1707446620676656
1278.5630868540306,1.1313407,0.08983862,1.17110404475219
1278.576629078127,0.94738215,0.08464067,1.171336427215498
1278.590171040514,1.1307008,0.09498732,1.1715615495627838
1278.6037127412055,1.1189295,0.08983851,1.1718971271722658
1278.6172541802173,1.039667,0.086959474,1.1720982936233872
1278.630795357565,0.974287,0.086422116,1.1722846575401578
1278.644336273263,0.9948365,0.08793032,1.1725774380362544
1278.657876927327,1.1052526,0.09292945,1.1727336385997584
1278.6714173197718,0.95059985,0.08638888,1.1728742908372345
1278.6849574506132,0.9587984,0.082481354,1.172881157440173
1278.6984973198655,1.0270573,0.08784676,1.1729994332887888
1278.7120369275444,1.0014808,0.089641124,1.1732325522827802
1278.7255762736647,0.92044336,0.09287136,1.1733391981177597
1278.739115358242,1.1052771,0.08827587,1.1734441547766181
1278.7526541812915,0.8207513,0.07968684,1.1735498601270193
1278.7661927428278,0.8522333,0.08854025,1.173536006759375
1278.7797310428664,0.90350676,0.09214052,1.1736472160678857
1278.7932690814225,1.0658915,0.08730704,1.173761054013068
1278.806806858511,1.141825,0.09299783,1.173753999540196
1278.8203443741472,0.94839036,0.09300325,1.1738681457649645
1278.8338816283465,0.9488895,0.087437525,1.1738565315213751
1278.8474186211233,1.1132741,0.09907527,1.1738396554301227
1278.860955352494,1.2064809,0.090969965,1.1736934226609759
1278.874491822473,1.129262,0.09319255,1.1735392415964414
1278.8880280310743,1.0190307,0.090069875,1.1734997903165951
1278.9015639783152,1.1197886,0.090722196,1.1733315829428121
1278.9150996642097,1.0899607,0.08986459,1.1732819395223908
1278.9286350887728,1.2351489,0.092801556,1.1731096268395174
1278.9421702520199,1.0184587,0.0915787,1.1729405696639974
1278.9557051539662,0.9426071,0.084495835,1.1729004701150763
1278.9692397946267,1.1393098,0.09668758,1.1727498109927512
1278.9827741740164,1.1064776,0.08823011,1.1726124751336149
1278.996308292151,1.0715855,0.09010197,1.172493230159243
1279.0096229260666,0.8090925,0.13444923,1.1725111223398694
1279.0098421490452,0.937737,0.09192015,1.1725136409896342
1279.023375744714,0.99006116,0.090609245,1.172553159375225
1279.0234952912435,2.307297,0.18378639,1.1725546385993497
1279.0369090791728,1.0153779,0.08603984,1.172611705324469
1279.0373673798942,1.0150411,0.1290385,1.1726181597139544
1279.0504421524365,1.0393999,0.08895511,1.1726869409582517
1279.051239192036,0.52997947,0.1002563,1.1726992843244515
1279.0639749645204,1.0457354,0.08829541,1.172779971030978
1279.0651107276854,0.90845156,0.1190202,1.172676491222456
1279.0775075154395,0.95208657,0.08758759,1.172886930929389
1279.0789819868587,1.1694094,0.14273441,1.1729130214788903
1279.0910398052092,1.1364731,0.092630774,1.1730082453529307
1279.0928529695725,0.7271175,0.12570432,1.1730414619674265
1279.1045718338444,1.1612098,0.09512471,1.1732645734402576
1279.1067236758438,1.1590227,0.13849293,1.1731844872016453
1279.1181036013597,1.1902307,0.092487365,1.173410926118915
1279.120594105689,1.04398,0.14099336,1.1734618603476417
1279.131635107771,1.2054138,0.098415665,1.1736916808972093
1279.1344642591237,1.1221493,0.14117025,1.1737514658458972
1279.1451663530931,1.1851054,0.0937727,1.173982276958238
1279.1483341361657,1.0351741,0.135905,1.1740520783646593
1279.1586973373414,1.1043303,0.0975573,1.1741605429712572
1279.1622037368304,0.9127319,0.12547179,1.174239361987817
1279.1722280605306,0.9875855,0.09002423,1.174467791339105
1279.1760730611352,0.98373353,0.15041627,1.1744340718370403
1279.1857585226762,1.137885,0.098713666,1.1746577289397888
1279.189942109096,1.2805347,0.1494942,1.1747546596942278
1279.1992887237927,0.94024503,0.08740044,1.174727040360184
1279.2038108807296,1.2335693,0.14493318,1.17483164259207
1279.2128186638959,1.1022617,0.089222245,1.1750383816019214
1279.2176793760523,1.0926303,0.14248553,1.1750263339864908
1279.2263483430004,1.0047967,0.097470105,1.1752203157763972
1279.231547595081,0.8842198,0.13871612,1.1753347003849202
1279.239877761122,0.9884111,0.090538576,1.1753916426986386
1279.2454155378325,1.088136,0.14109643,1.1755075457991355
1279.2534069182748,1.0709847,0.09103284,1.1757917009810064
1279.2592832043224,1.0346968,0.13231401,1.17578452728719
1279.2669358144744,1.074936,0.10287399,1.1759289961042774
1279.2731505945676,1.1691986,0.14166452,1.175919985010341
1279.2804644497362,1.0961602,0.09554112,1.1760465278934804
1279.2870177085847,1.2249395,0.1531504,1.1761537384372156
1279.2939928240748,1.0907766,0.08965312,1.176140602052242
1279.3008845463903,0.9668421,0.13224842,1.1762428348141567
1279.3075209375052,1.1608644,0.09203544,1.1762143618079124
1279.3147511080006,0.9289488,0.13341878,1.1761881729986576
1279.3210487900435,1.0534871,0.098504,1.1762661684110747
1279.3286173934323,1.4004656,0.14555137,1.1763550825159748
1279.3345763817035,1.1502085,0.10126293,1.176299211441633
1279.342483402702,1.1285841,0.13267493,1.1763816814504335
1279.348103712501,1.0823251,0.093685046,1.1764367955803232
1279.356349135826,1.0908422,0.13817544,1.176390153191749
1279.3616307824514,1.0973161,0.09745757,1.1764350515061117
1279.3702145928207,1.1780847,0.13402684,1.1763813478262894
1279.3751575915692,1.0100789,0.09062711,1.1764185404873493
1279.3840797737028,1.0775564,0.13293652,1.176356987974284
1279.3886841398692,0.8177849,0.08965249,1.1762630528629985
1279.397944678489,0.9992001,0.12584496,1.176193244051344
1279.4022104273674,1.0774297,0.09638215,1.1762149770787662
1279.411809307195,1.0387708,0.12973958,1.1762576400299656
1279.4157364540781,1.0775679,0.095252156,1.176273041510766
1279.4256736598384,1.0185287,0.13715473,1.1761840150864142
1279.4292622200167,1.1397545,0.094528094,1.1761931903181053
1279.4395377364349,1.1550325,0.13590291,1.1760930515422392
1279.4427877251987,0.9910563,0.08980389,1.1760987908719098
1279.4534015370016,1.0539057,0.1308226,1.1759873256267217
1279.4563129696385,1.1360971,0.10353797,1.1759885459195165
1279.4672650615541,0.99074113,0.13144147,1.1759887139631287
1279.4698379533513,1.1541302,0.09679823,1.1758654494234866
1279.4811283101096,1.0657263,0.13631995,1.1757316398614759
1279.4833626763525,1.2354455,0.09626409,1.175728399859524
1279.4949912826842,0.975285,0.12725219,1.1757054640337772
1279.4968871386568,1.1255437,0.092740424,1.1757003257584748
1279.5088539792948,1.2470479,0.13500291,1.1754198755989353
1279.51041134028,0.99546266,0.092249654,1.1754146351427441
1279.5227163999575,1.1473129,0.14058167,1.1753636657393787
1279.5239352812362,1.0665257,0.09142382,1.1753578790284278
1279.536578544689,1.1704091,0.13608706,1.1749257866067782
1279.5374589615408,1.1102728,0.094656765,1.1749206750732357
1279.5504404135056,1.1930012,0.133199,1.1748360009759766
1279.5509823812095,1.0382667,0.09150895,1.1748322014201895
1279.5643020064238,0.92123955,0.12609087,1.1744852581188512
1279.5645055402563,1.1025653,0.09603821,1.1744835029128184
1279.578028438697,1.240135,0.093480304,1.1743613594610371
1279.5781633234603,1.1583142,0.14049324,1.1743600867675714
1279.5915510765467,1.1839936,0.092672095,1.1742217859318695
1279.5920243646315,1.1437042,0.13201347,1.1742165729669165
1279.60507345382,1.1744494,0.09282879,1.1738225295644336
1279.605885129953,1.1471828,0.13773519,1.1738126113807013
1279.6185955705323,1.029991,0.09344272,1.1736508911420152
1279.6197456194432,0.96682435,0.13160668,1.173635772865387
1279.6321174266986,1.1459538,0.09783282,1.1733442985903069
1279.6336058331165,0.9050755,0.124800146,1.1733229257815296
1279.645639022334,1.1441841,0.093619585,1.1731468985744762
1279.647465770991,0.9994659,0.1393866,1.1728755620987708
1279.6591603574534,1.0060865,0.09782077,1.172695079821234
1279.6613254330819,0.913295,0.12787105,1.1726609198026763
1279.672681432072,1.1582712,0.09827611,1.1723570815305495
1279.6751848194062,1.0460068,0.13068631,1.172316285907518
1279.6862022462049,1.3176694,0.10091991,1.1721345784976558
1279.689043929981,1.2174499,0.13819441,1.1720872910324482
1279.699722799867,1.2162528,0.10144489,1.1717858118989184
1279.7029027648216,1.0211047,0.12193791,1.171609827075983
1279.713243093073,1.0810667,0.09218866,1.1713120772770547
1279.7167613239449,0.91278815,0.1237445,1.1712521884041944
1279.7267631258392,1.0862226,0.094142035,1.1709599058824607
1279.7306196073673,1.1089164,0.12755443,1.1708944602102802
1279.7402828981792,1.1343393,0.10183857,1.1707313486512962
1279.744477615106,0.93454987,0.12506545,1.1706611988707647
1279.7538024101088,1.0446546,0.09055675,1.170384819004818
1279.7583353471764,1.23744,0.13249215,1.1703105964644882
1279.767321661643,1.1563684,0.09522961,1.1701662389513299
1279.7721928035955,1.1347157,0.13038808,1.1699678898638375
1279.780840652797,1.0138375,0.09252254,1.1697126702245413
1279.7860499843794,1.0635923,0.1300455,1.1696341420316902
1279.794359383585,0.99003834,0.09291079,1.1693901010775738
1279.7999068895451,1.136745,0.12591885,1.1693108343115086
1279.807877854023,1.0719993,0.095520474,1.1691995625757845
1279.8137635191088,1.2818323,0.13998659,1.1691192281445453
1279.821396064126,1.1262429,0.096083544,1.1688947916892658
1279.8276198730866,1.0448993,0.12746437,1.1688124758618885
1279.8349140139082,1.1489209,0.102684274,1.1687170854121682
1279.8414759514956,1.1210827,0.14461334,1.168509207811835
1279.8484317033854,1.0328513,0.09225596,1.1682954844894196
1279.8553317543513,0.83064824,0.1149953,1.1682032262507192
1279.8619491325724,0.87518734,0.08878779,1.1681129900053588
1279.8691872816712,0.92152023,0.12140661,1.1677665828434456
1279.875466301484,1.032261,0.096671216,1.1676740108772743
1279.8830425334709,1.0789068,0.12187415,1.1674356336644711
1279.8889832101358,0.9303075,0.0923068,1.1672183603407762
1279.8968975097673,0.99938464,0.12181177,1.166962583693767
1279.9024998585423,1.1022426,0.09384843,1.1667405116312022
1279.910752210577,1.0650111,0.12904389,1.1665850312028079
1279.9160162467188,0.8291081,0.09267597,1.1662360232714264
1279.9246066359153,1.0952927,0.12159894,1.1660560122982515
1279.9295323746805,1.1546242,0.09618612,1.1658265630257936
1279.9384607858003,0.949094,0.1232611,1.1654972081091508
1279.9430482424418,1.0949968,0.09869395,1.1652618134259356
1279.9523146602473,0.91838896,0.11678768,1.1649027950933708
1279.9565638500187,1.0772508,0.09437341,1.1646677585061032
1279.966168259273,0.9955298,0.11634466,1.16415450270164
1279.9700791974249,0.9335229,0.09299006,1.1640404273080156
1279.9800215828936,0.9141261,0.1108889,1.1634950722811002
1279.9835942846767,1.0410606,0.09338871,1.1633817344151678
1279.9938746311261,0.85464853,0.10977388,1.1628008454466188
1279.9971091117886,1.2054126,0.099105746,1.1626921400509576
1280.0077274039868,0.94633096,0.12357057,1.1621977891005135
1280.010623678775,1.1260926,0.09970868,1.161970103627489
1280.0215799014918,1.2563922,0.12399109,1.1615618256596285
1280.024137985652,1.0748738,0.09544993,1.161342427549748
1280.0354321236573,1.2738812,0.13272181,1.1606519878848358
1280.0376520324346,0.9773224,0.092404515,1.1605622442912114
1280.0492840704999,0.8751775,0.11542912,1.1597157365380761
1280.051165819137,1.0506662,0.104075015,1.1596354464490584
1280.0631357420368,0.9852471,0.12334975,1.1589971127220573
1280.064679345774,1.1117721,0.095257185,1.1589296926534196
1280.0769871382834,0.8102396,0.1096768,1.1581375498025843
1280.0781926123618,0.88956606,0.09495901,1.1580830153221893
1280.0908382592568,0.79468375,0.11809377,1.157262705089799
1280.0917056189148,0.8641898,0.09174593,1.1572229835023826
1280.1046891049725,0.7745908,0.112169474,1.1565000654173816
1280.1052183654476,0.72096014,0.086726725,1.156475475355164
1280.1185396754481,0.7351821,0.10780114,1.1556114448305923
1280.118730851976,0.6811881,0.08291594,1.1556025462232578
1280.1322430785149,0.81514263,0.086235784,1.1548523919544298
1280.1323899706993,0.8863108,0.1061542,1.1548455754787337
1280.1457550450784,0.9768207,0.10222754,1.1541068490629334
1280.1462399907425,0.9634322,0.11277798,1.1540846297480616
1280.1592667516825,1.1146909,0.10178361,1.1532468557666689
1280.1600897355943,1.1219991,0.1227554,1.1532095061942575
1280.172778198342,1.1263744,0.09562268,1.1525201891856671
1280.1739392052712,1.0088266,0.124607794,1.152468767975571
1280.1862893850716,1.1370866,0.09986996,1.1516835060315063
1280.187788399789,0.853465,0.11738787,1.1516191049192988
1280.1998003118865,0.8605814,0.09091194,1.1509848286743503
1280.201637319165,0.7252282,0.10320205,1.1509072468002748
1280.2133109788017,0.65712833,0.0803603,1.1501790957567932
1280.215485963415,0.7750926,0.1105237,1.1500905486949784
1280.2268213858315,0.79100627,0.09361615,1.1493901417233512
1280.2293343325555,0.7840536,0.11078241,1.1492903031108381
1280.2403315329925,0.8195844,0.090534806,1.1486180055117603
1280.2431824266025,1.1927098,0.11901235,1.1485085987857053
1280.2538414202984,0.96409523,0.09325869,1.147983622304312
1280.2570302455736,1.0132377,0.113589376,1.147865679435938
1280.2673510477646,0.8443918,0.09013309,1.1473662245041094
1280.270877789484,1.216184,0.123539336,1.1472386911100152
1280.2808604154056,1.1661905,0.09934175,1.1467626224177048
1280.2847250583507,1.0600082,0.11365054,1.146505856716239
1280.2943695232373,0.99428964,0.09178997,1.1461731551622087
1280.29857205219,1.0803628,0.119063325,1.1460299432100611
1280.3078783712742,1.2531823,0.10011815,1.1455948081209457
1280.3124187710177,1.0496508,0.1161055,1.1453215096591398
1280.3213869595309,1.0109649,0.09441095,1.1450254165050446
1280.326265214851,0.88726425,0.11268205,1.1447435596864683
1280.334895288023,1.1425891,0.10029153,1.1444620051118366
1280.3401113837058,1.1324899,0.116905555,1.144292274336761
1280.3484033567654,1.0377688,0.09486271,1.1437784767178416
1280.3539572775985,1.1071453,0.12638111,1.1435973304325469
1280.361911165773,1.0415914,0.09964818,1.1432146968101424
1280.367802896546,0.92067236,0.110192776,1.1430203637073797
1280.3754187150605,0.9330552,0.09468657,1.142766924544282
1280.381648240564,1.0048236,0.11970332,1.142557347192747
1280.3889260046435,1.0400399,0.093708284,1.1420647206661787
1280.3954933096693,1.3280966,0.12312132,1.141715081688138
1280.4024330345362,1.1913021,0.10554578,1.1413490347870017
1280.4093381038779,1.238478,0.12370518,1.14110242558543
1280.415939804754,1.1174015,0.10214638,1.1408625434855608
1280.423182623207,0.95959914,0.11143531,1.1404720448137784
1280.4294463153121,0.93146783,0.09756288,1.1402359482923035
1280.4370268676716,1.1731505,0.11468936,1.1399455870864306
1280.4429525662251,1.0613631,0.09588793,1.1394712196796104
1280.4508708372894,1.1225582,0.118551545,1.1391579675921417
1280.4564585575083,1.077783,0.09436264,1.1389326393444144
1280.4647145320762,1.1413413,0.11987954,1.1384736910029414
1280.469964289176,1.0848997,0.1041213,1.1382567076204206
1280.478557952048,1.2421694,0.13097298,1.137774568980732
1280.483469761244,1.0922769,0.09478172,1.1375664608463043
1280.492401097222,1.0703454,0.11473348,1.137183911050488
1280.4969749737268,1.1216781,0.10226673,1.136863832661962
1280.5062439676137,1.0688607,0.12027656,1.1364598336079814
1280.5104799266394,1.1694518,0.10056468,1.1361522163463813
1280.5200865632403,1.2657455,0.12021043,1.1356062186996954
1280.523984619997,1.4454051,0.10507342,1.1354334390967302
1280.5339288841176,0.9767654,0.11316429,1.134869796724558
1280.5374890538142,0.97626513,0.09773068,1.1347114919991808
1280.547770930262,1.1993427,0.12186184,1.1342541951189364
1280.5509932281063,1.0867624,0.09926778,1.1339889203850255
1280.5616127016901,0.9274823,0.116946615,1.1333960617271166
1280.5644971428883,0.95552486,0.10326463,1.1332689152038258
1280.5754541984184,0.88594365,0.113645926,1.1326657825115352
1280.5780007981748,1.0292263,0.09468761,1.1325544394909668
1280.5892954204623,0.8755505,0.108073354,1.1318216097672051
1280.5915041939809,1.0821555,0.09641079,1.13172697894545
1280.6031363678394,1.0782042,0.12113525,1.1312322842255298
1280.6050073303218,1.244375,0.10472516,1.1310312683523436
1280.616977040565,1.180763,0.11858802,1.130533067592376
1280.6185102072122,1.1172215,0.096584685,1.130469806832196
1280.6308174386563,0.9972204,0.111737296,1.1298450286132464
1280.6320128246668,1.2512091,0.10367845,1.129796910859811
1280.6446575621292,1.1612539,0.117374144,1.12916839811639
1280.6455151827015,1.1658584,0.098860666,1.1291342428062907
1280.658497411,1.1706668,0.11741601,1.1286217849691473
1280.6590172813303,1.2579901,0.10848517,1.1286013912739523
1280.6723369852853,0.95889926,0.1128413,1.127957778945821
1280.6725191205683,1.1948117,0.11213258,1.1279506563892112
1280.686020700431,0.9030713,0.0981268,1.1272996882962927
1280.6861762850012,1.0457947,0.119610354,1.1272935781771336
1280.6995220209328,1.2339925,0.10503603,1.126766006827404
1280.7000153101644,0.99632466,0.11919889,1.126746247315829
1280.7130230820887,1.1214234,0.10392505,1.1260994920782283
1280.7138540607907,0.80038494,0.11226359,1.1260656984472284
1280.7265238839138,0.8776375,0.09260647,1.1252959306496388
1280.7276925368967,0.90806586,0.10449755,1.125246483351811
1280.7400244264231,1.0550307,0.10029522,1.1245954146472423
1280.7415307384988,1.0567809,0.12370068,1.1245298871896563
1280.7535247096316,1.237247,0.10500358,1.1238717192572987
1280.7553686656133,1.0937011,0.10707849,1.1237878991472945
1280.7670247335539,1.0283251,0.09526426,1.1231260046460443
1280.769206318257,1.1401458,0.11941562,1.1230219600205473
1280.780524498205,1.2701285,0.1003957,1.1223546744255135
1280.783043696445,1.1898386,0.118038,1.1222318518611365
1280.7940240036,1.1027381,0.103942476,1.1215629611355125
1280.7968808001947,1.1102288,0.11866607,1.121418245518438
1280.8075232497542,1.0748116,0.11093686,1.1207520789327963
1280.8107176295223,1.1123338,0.11327499,1.12058709067225
1280.821022236682,1.0491098,0.09708804,1.1199272446154618
1280.824554184444,1.1719793,0.12150501,1.119741754759798
1280.8345209643983,1.062718,0.10237848,1.1190940632655195
1280.8383904649754,1.1780112,0.11667582,1.1188894560719338
1280.848019432918,1.0364633,0.09433014,1.1182585443595314
1280.8522264711341,0.98563856,0.106433526,1.1179144187344348
1280.8615176422566,1.0737578,0.09584358,1.1174272622116632
1280.866062202936,1.1263963,0.116446875,1.1170690714256273
1280.8750155924283,1.1133274,0.09949707,1.1166077760834927
1280.8798976603966,1.1584975,0.1139401,1.1162371210176618
1280.888513283449,1.061371,0.106198885,1.1159270220360014
1280.8937328435331,1.3295901,0.12676887,1.1155471775527603
1280.9020107153324,1.1919683,0.10203949,1.1150241512863885
1280.907567752362,1.051633,0.11115645,1.1146387723682785
1280.9155078880945,1.0586542,0.10171517,1.1142696603907045
1280.921402386899,1.1486574,0.11982225,1.113878907410411
1280.9290048017492,1.2687396,0.10670268,1.1135411610119912
1280.9352367471602,1.2200328,0.119227305,1.1131501926364418
1280.9425014563124,1.062973,0.09812465,1.112843309385073
1280.9490708331625,1.1080244,0.115552776,1.1125723624752626
1280.9559978517987,1.1435663,0.10676158,1.1121711763110094
1280.9629046449222,1.2719834,0.11918797,1.1119000233712606
1280.969493988223,1.3122693,0.108554184,1.1115264856808382
1280.9767381824552,1.2441257,0.11591095,1.1112560601825245
1280.9829898655998,1.2506696,0.10486341,1.1110276940110064
1280.9905714457782,1.076315,0.11523515,1.1107570583059998
1280.9964854839445,1.1530193,0.10531325,1.1105506103236094
1281.0044044349072,1.1486105,0.110207796,1.1102804960048513
1281.0099808432717,1.3509834,0.10937107,1.1099722826840355
1281.0182371498588,1.0316949,0.11129153,1.1097018498666236
1281.0234759435964,1.0969764,0.10826189,1.1095329190396777
1281.0320695906491,1.0548155,0.10296336,1.1091404580684285
1281.0369707849338,1.1850101,0.11416045,1.1089898893353993
1281.0459017572946,1.0919833,0.10526424,1.1087197524746704
1281.050465367299,1.2490089,0.1085536,1.1087062841039907
1281.0597336498113,1.1609691,0.11591178,1.1083152121070867
1281.063959690706,1.379361,0.11064699,1.1081949426469684
1281.0735652682156,1.0926529,0.10923827,1.107805308977451
1281.0774537551702,0.99995667,0.098066375,1.1075778423327396
1281.087396612524,1.0948979,0.10532711,1.107313729291278
1281.090947560707,1.1401927,0.10061434,1.1072210214364293
1281.1012276827523,1.0356131,0.10957857,1.1070836453593742
1281.1044411073306,1.0478903,0.10386357,1.1068831023334365
1281.1150584789177,1.2633975,0.11254969,1.1066294332075912
1281.117934395056,1.282206,0.112993,1.1065623631870745
1281.1288890010355,1.1016802,0.11478202,1.1063171155183342
1281.1314274238982,1.1364355,0.1157253,1.1062619288569917
1281.1427192491224,1.2623727,0.11311065,1.1060239952631687
1281.1449201938724,1.2601689,0.10720974,1.1059799435286308
1281.156549223195,1.0931836,0.107454926,1.1057523840278822
1281.1584127049932,1.1424744,0.107227184,1.1057168243828335
1281.170378923269,1.0125165,0.11221006,1.1053765730359086
1281.1719049572753,1.1672628,0.10711827,1.1053499408306602
1281.1842083493611,1.0941337,0.11084287,1.105262671816483
1281.1853969507338,1.2688044,0.108883284,1.1052428243958978
1281.1980375014875,1.2994562,0.11767724,1.1050428295640788
1281.1988886853842,1.1264329,0.10337738,1.1050297492490224
1281.2118663796643,1.1258527,0.10607739,1.1049580314357665
1281.21238016124,1.1387327,0.10600135,1.1049507000347223
1281.225694983908,1.1632823,0.12034674,1.1046413665017933
1281.2258713783174,1.183664,0.10750475,1.104638930964857
1281.2393623366304,0.96034753,0.10207743,1.1044579072012766
1281.2395233142347,1.020401,0.110381,1.1044558040404442
1281.252853036195,1.2022469,0.10637606,1.10428382278386
1281.253351370661,1.0760822,0.1030411,1.1042774585040753
1281.266343477025,0.9255154,0.092057824,1.1041152631212423
1281.2671791532025,0.892329,0.10331309,1.1041049581517135
1281.2798336591354,1.2076116,0.10897502,1.104072420126272
1281.2810066618765,0.9871379,0.108030796,1.1040582971343602
1281.2933235825417,1.2928267,0.113427825,1.1039106114258124
1281.2948338966985,1.222397,0.109518066,1.1038926039783634
1281.3068132472586,1.2802215,0.113030024,1.1037509057531034
1281.3086608576846,1.0046887,0.10559325,1.1037292243091181
1281.3203026533001,1.1171631,0.109829985,1.1035931920907185
1281.3224875448518,0.9533724,0.10417395,1.1035677612353956
1281.3337918006825,1.0259038,0.107715786,1.1035595093688446
1281.3363139582161,1.0557905,0.10604231,1.1035306357960242
1281.3472806894194,0.83376455,0.09335521,1.103406169857516
1281.3501400977932,0.8477283,0.10011983,1.1034962624413296
1281.3607693195268,0.88831,0.10217941,1.1033787682108065
1281.3639659636003,0.89000773,0.096574984,1.1033438492624787
1281.3742576910188,1.0905704,0.107323036,1.1033561000955885
1281.377791555653,0.91418564,0.10750428,1.1033195446587092
1281.3877458039105,1.1061795,0.103592485,1.1032186341059202
1281.3916168739677,0.99728733,0.09748513,1.1031803964142513
1281.4012336582168,0.8943806,0.09819377,1.1032115802734506
1281.4054419185607,1.1362214,0.10891867,1.1031734190100564
1281.4147212539524,1.2393442,0.11502444,1.103092817284324
1281.4192666894482,1.1611166,0.11110651,1.1030554947526285
1281.4282085911325,1.128304,0.10965574,1.1031077673789413
1281.433091186647,1.104472,0.11217362,1.1030714026377657
1281.441695669772,1.0027081,0.10346006,1.1031340282366708
1281.446915410172,0.97418505,0.10296004,1.1031008213749036
1281.455182489885,1.017575,0.10475281,1.103173115851715
1281.460739360041,1.0734302,0.11213108,1.1031418275894906
1281.4686690514873,1.0362617,0.10357242,1.1031005365022741
1281.4745630362695,1.2657042,0.108909495,1.1031943094101488
1281.482155354593,1.2944478,0.11506167,1.1031602913442935
1281.488386438874,0.95172167,0.105678804,1.1031342126570571
1281.4956413992177,1.0770984,0.10302455,1.1032276641005014
1281.50220956787,1.1328406,0.115325876,1.1032031079996139
1281.509127185376,1.3541747,0.11526804,1.10342285158774
1281.5160324232745,1.1844834,0.10925047,1.1033994888608238
1281.5226127130827,1.386331,0.112176016,1.1035000455985406
1281.5298550051039,1.1435907,0.11684631,1.1034771305759559
1281.5360979823517,1.0186273,0.10305092,1.1034579113514171
1281.5436773133738,1.0137454,0.10716913,1.1035575622798524
1281.5495829931997,1.0547861,0.10752547,1.103540798749099
1281.5574993481007,1.0085914,0.10828202,1.1036413266686864
1281.5630677456406,0.9414086,0.10970759,1.1036268924698118
1281.5713211093014,1.0968995,0.104559,1.103607103468673
1281.5765522396891,1.1766384,0.11117492,1.1037178791323812
1281.585142596991,1.1556702,0.11769332,1.1038235241500018
1281.5900364753604,1.1250491,0.11242317,1.1038156606060117
1281.5989638111866,1.1171342,0.10076659,1.103804390262477
1281.6035204526688,1.2781962,0.11501729,1.1039221442480016
1281.6127847519042,1.1449326,0.11358842,1.1039178875556763
1281.6170041716302,1.2608466,0.11044536,1.103918542640843
1281.62660541916,1.2983155,0.1104675,1.1040456275985617
1281.6304876322586,1.1843542,0.11420783,1.1040490604564581
1281.6404258129703,1.0334905,0.1066385,1.1043090631578627
1281.6439708345688,0.89745975,0.09844652,1.10431667501514
1281.6542459333514,1.255894,0.11473219,1.1044654978589605
1281.6574537785757,1.1545212,0.115606524,1.1044756287764674
1281.6680657803195,1.2674805,0.11329678,1.1046369928905573
1281.6709364642948,1.1543041,0.11691122,1.1046488326188841
1281.6818853538905,1.1769773,0.11566179,1.1049440585254802
1281.6844188917403,1.1713204,0.106732436,1.1050797020154206
1281.6957046540808,1.0425044,0.108154126,1.1052656296487327
1281.6979010609273,1.0635314,0.1149542,1.1052787013691192
1281.7095236809068,1.008086,0.10362387,1.1055997104882174
1281.7113829718703,1.106679,0.10524341,1.1056129014014309
1281.7233424343847,1.0034689,0.105928384,1.1058242372913059
1281.7248646245846,1.1457638,0.1152493,1.1058363022128517
1281.7371609145305,1.086181,0.10709944,1.1061845812251985
1281.738346019085,1.2948737,0.11225323,1.1061950788334767
1281.7509791213606,1.1292701,0.10290381,1.106435914744403
1281.7518271553856,1.1545795,0.109303065,1.106444520152025
1281.7647970548915,1.3285639,0.108703986,1.1068247442138999
1281.7653080335024,1.1128862,0.11485775,1.1068302861500805
1281.778614715139,1.171789,0.121642865,1.1072294136524443
1281.7787886534495,1.209711,0.11945417,1.1072315524693317
1281.7922690152418,1.0459442,0.108259805,1.1077696046894308
1281.7924321021192,1.1340575,0.09946699,1.107771730970706
1281.8057491188945,1.0479938,0.11260735,1.108079993546741
1281.8062492158483,1.2944443,0.1051221,1.1080872130224975
1281.8192289644217,1.0794132,0.12042755,1.1085252118695732
1281.8200660563427,1.2402681,0.10801957,1.1085382779874693
1281.8327085518388,1.0951068,0.10411126,1.1089824625230125
1281.8338826236195,1.103129,0.1025168,1.1090013264407044
1281.8461878811606,1.108016,0.10141242,1.1094474000965444
1281.8476989176934,1.0405976,0.118008055,1.109594606203928
1281.8596669524018,0.9090258,0.09599221,1.109916447797131
1281.861514938581,0.9887134,0.10830271,1.1099473400598705
1281.873145765577,0.97590053,0.09816041,1.1102627621213998
1281.875330686299,1.0374312,0.09887329,1.1104208814331482
1281.8866243207015,2.6810167,0.1515968,1.1106046034645183
1281.8891461608634,1.0853753,0.10377951,1.1106443757978204
1281.90010261779,0.5754896,0.0761452,1.1110587294097076
1281.9029613622904,1.0104709,0.102654494,1.1111023259634996
1281.916776290596,1.1835921,0.10238363,1.1114246729716868
1281.9305909457971,1.3275896,0.10960603,1.1116114838976667
1281.9444053279085,1.2018436,0.10291176,1.111783632146237
1281.9582194369477,1.166147,0.10260745,1.111821333883666
1281.9720332729303,1.2213374,0.10575269,1.1119719258606282
1281.9858468358727,1.1928836,0.10586946,1.1119942913861727
1281.999660125791,1.1612418,0.10474979,1.1120153596577615
1282.0134731427017,1.2896057,0.10269251,1.1120386274529706
1282.0272858866206,1.2697728,0.109474726,1.1121894113463497
1282.041098357564,1.1360809,0.10795404,1.1122250945557406
1282.0549105555474,1.1515133,0.10812496,1.1122699939650493
1282.0687224805883,0.90250635,0.09634114,1.1124456647746217
1282.082534132702,1.0070986,0.099539645,1.1125077292654
1282.0963455119052,1.0468339,0.10078121,1.1126998475863519
1282.1101566182133,1.0957239,0.10407787,1.112775646263005
1282.1239674516432,1.1383624,0.10041796,1.112855902197273
1282.1377780122111,1.0728748,0.09704479,1.1130603090355784
1282.1515882999324,0.96381265,0.09513166,1.1132649111566362
1282.1653983148242,1.143738,0.10384008,1.1133456176832823
1282.1792080569019,1.2030581,0.10430801,1.1136677688589365
1282.193017526182,1.1887883,0.10233585,1.1137424357415082
1282.206826722681,1.1785914,0.09989083,1.113936109758091
1282.2206356464146,0.88761646,0.0966544,1.1141277634488786
1282.234444297399,1.1476715,0.10147301,1.114196601967774
1282.2482526756505,1.1904036,0.103745885,1.1143887036875124
1282.2620607811853,1.119429,0.104771666,1.114706104758643
1282.2758686140196,1.2804602,0.11073883,1.1146634011006267
1282.2896761741692,1.2259241,0.10414921,1.114872609866709
1282.3034834616506,1.2453141,0.09985965,1.1150927487523865
1282.3172904764797,1.2318107,0.10437374,1.1152032559700742
1282.331097218673,1.0711801,0.098855846,1.1155712408408076
1282.3449036882462,1.3096052,0.10164905,1.1158328290664232
1282.3587098852158,1.2018157,0.10440859,1.1159853150035737
1282.372515809598,1.1121773,0.09692424,1.1162719595154473
1282.386321461409,1.1612223,0.10210502,1.116689391431718
1282.4001268406641,1.1615973,0.09843425,1.1169896102068244
1282.4139319473807,1.050001,0.10396017,1.1171689175399422
1282.4277367815737,1.2058971,0.1029574,1.1175896418888613
1282.4415413432603,1.2055627,0.10490827,1.1176383332869368
1282.455345632456,1.3314136,0.103508346,1.1178003153934255
1282.4691496491773,1.3741632,0.10686712,1.1180751860835496
1282.4829533934396,1.1282527,0.09667947,1.118217161901486
1282.49675686526,1.0102013,0.10337852,1.1184714058649643
1282.5105600646543,1.1252875,0.101836264,1.11847234499182
1282.5243629916388,1.2827468,0.098973244,1.1185860693067315
1282.5381656462291,1.0840541,0.103756376,1.1186921147411888
1282.5519680284415,1.3035043,0.11003976,1.1187899176960214
1282.5657701382922,1.1199797,0.10165391,1.1188790603144714
1282.5795719757978,1.1885262,0.10462763,1.1189590864186276
1282.5933735409733,1.1054783,0.10271413,1.1190268915664712
1282.6071748338356,1.0951248,0.10238083,1.1189602321112402
1282.620975854401,1.1264778,0.10164701,1.1188780637692282
1282.6347766026854,0.9583443,0.093084276,1.1190211449048246
1282.6485770787046,1.1646602,0.09965122,1.1190223242015982
1282.662377282475,1.0840622,0.10343211,1.1189988112770604
1282.6761772140126,1.083589,0.100349225,1.119073913341591
1282.689976873334,1.2042389,0.1089175,1.1190032234218599
1282.7037762604543,1.0367146,0.10099339,1.1189080836837708
1282.7175753753907,1.2039269,0.10611002,1.1187931041064012
1282.7313742181584,1.057727,0.100063466,1.1187813267989155
1282.7451727887742,1.2593712,0.10424384,1.1185113216584284
1282.758971087254,1.1564724,0.11149429,1.1184756444700938
1282.772769113613,1.335777,0.10690126,1.1184342846681037
1282.7865668678692,1.2718904,0.09932667,1.1180265974992585
1282.8003643500372,1.2720661,0.105455324,1.1179894635066479
1282.8141615601332,1.0202672,0.09540509,1.117961025835844
1282.827958498174,1.0864495,0.10326153,1.117821157091143
1282.8417551641746,1.2700611,0.09795479,1.1178174284967999
1282.8555515581527,1.1062948,0.095948644,1.1178262068867715
1282.8693476801227,1.115429,0.10698662,1.117847242047445
1282.8831435301017,1.1338854,0.094658256,1.1177573202062754
1282.8969391081055,1.1568388,0.09810398,1.1177981059566133
1282.9107344141503,1.1666493,0.10855491,1.1178471183057175
1282.9245294482525,1.2615553,0.10218089,1.1179030146869282
1282.9383242104273,1.0557733,0.1008087,1.1178436209126859
1282.952118700691,1.2229682,0.10349847,1.1177922011019692
1282.9659129190607,1.1747788,0.10661723,1.1176267498773318
1282.9797068655512,1.1991469,0.101192,1.1175934989114407
1282.9935005401792,1.0918826,0.09462764,1.1176934909070027
1283.0072939429606,1.0370291,0.09479764,1.1176826937547566
1283.021087073912,1.0511748,0.10044967,1.117685025656487
1283.0348799330486,1.0623391,0.09488506,1.1175761498422159
1283.0486725203866,1.239737,0.103070945,1.1175999304027164
1283.0624648359433,1.1708722,0.09746824,1.1177546416796296
1283.0762568797331,1.1182655,0.10211325,1.1177938607780278
1283.0900486517723,1.35307,0.1001321,1.117838670022974
1283.1038401520789,1.0829394,0.09172057,1.1178870702766992
1283.1176313806664,1.0498192,0.09717065,1.1179383178723084
1283.131422337552,1.0032717,0.10046548,1.1178700813155664
1283.145213022752,1.1756115,0.09368273,1.117926481534023
1283.1590034362819,1.2110746,0.09643537,1.1179865850512067
1283.1727935781585,1.008129,0.09562119,1.1180515032819103
1283.1865834483974,1.0807097,0.09497693,1.1181227448790954
1283.2003730470142,1.0996948,0.092755064,1.1183252269427326
1283.2141623740254,1.3571173,0.098425075,1.1184157442705325
1283.2279514294473,1.2044016,0.098868854,1.118519441771471
1283.2417402132955,1.3992946,0.102515765,1.1186380138329837
1283.2555287255866,1.1407797,0.09404704,1.118772396398203
1283.269316966336,1.1455269,0.09332954,1.118926878271099
1283.2831049355598,1.2231404,0.09338673,1.1192225306021126
1283.2968926332744,1.2892346,0.09946197,1.119296084323073
1283.3106800594958,1.1104903,0.09161173,1.1195153395107438
1283.3244672142398,1.2052753,0.09565058,1.12000149435573
1283.3382540975226,0.977577,0.09062501,1.1202699312341113
1283.35204070936,1.1415027,0.09273525,1.1205611377513884
1283.3658270497688,1.122529,0.08886977,1.1211185461922684
1283.3796131187637,1.2632105,0.09773684,1.1214517271362607
1283.3933989163622,1.1541631,0.09685156,1.121799169911378
1283.4071844425791,0.9593138,0.09011168,1.122401441741172
1283.4209696974315,1.2043657,0.09658387,1.122763703180602
1283.4347546809347,1.2697146,0.09707699,1.1233690749932699
1283.4485393931045,1.2274243,0.094016045,1.1237230011425412
1283.4623238339577,1.1928948,0.13258591,1.124187561600036
1283.4761080035096,1.3143231,0.095998324,1.124512669059655
1283.4898919017771,1.4606509,0.104615755,1.124817256251974
1283.5036755287751,1.1053002,0.09184058,1.1252220598819989
1283.5174588845205,1.2378807,0.097692996,1.1256010263614988
1283.5312419690285,1.1583648,0.09258011,1.125835942924187
1283.5450247823162,1.1561925,0.09049568,1.1260486772539464
1283.5588073243991,1.2258679,0.09404893,1.1262424285094341
1283.5725895952928,1.0048509,0.0898377,1.1265441159158314
1283.5863715950136,1.2047373,0.09282124,1.1267131047741925
1283.6001533235778,0.9683437,0.08917545,1.1268782371844157
1283.613934781001,1.0858282,0.089467436,1.1269224011771861
1283.6277159672993,1.1434395,0.08996287,1.1270951306228532
1283.641496882489,1.271907,0.09300834,1.1270334334236944
1283.6552775265852,1.3283974,0.098565064,1.1273518899254342
1283.6690578996051,1.0995238,0.09714017,1.1275619789056797
1283.6828380015643,1.2340436,0.09566311,1.127785050606969
1283.6966178324785,1.0220847,0.09292551,1.128018884612983
1283.7103973923636,1.1793091,0.09440006,1.128258050031842
1283.724176681236,1.1078309,0.09137523,1.1284972047925799
1283.7379556991116,1.2010821,0.09282673,1.1288515291347228
1283.7517344460061,0.94101906,0.08369327,1.129071233597013
1283.7655129219356,1.3250998,0.099043325,1.129270394432769
1283.7792911269164,1.2824734,0.10015509,1.1295689799611899
1283.7930690609644,0.98759633,0.0914333,1.1298390069214368
1283.806846724095,1.2195792,0.09364995,1.1299571370573744
1283.820624116325,1.0272026,0.08771706,1.1299241311789416
1283.8344012376701,0.98869133,0.09170338,1.1299807337342656
1283.848178088146,1.1754825,0.09285792,1.1300106833556036
1283.8619546677687,1.1211438,0.088794686,1.130136435686923
1283.8757309765542,1.2266492,0.09459599,1.1299953048569156
1283.8895070145188,1.0138247,0.08978128,1.1299581159638852
1283.9032827816786,1.1989287,0.094301276,1.129903355231953
1283.9170582780487,1.3574193,0.09880682,1.129957504313201
1283.9308335036458,1.1107696,0.09518845,1.1298769493134844
1283.9446084584856,1.1538476,0.09592872,1.129661538085828
1283.9583831425844,1.3263773,0.094990775,1.1296782414616522
1283.9721575559577,1.1653644,0.091181725,1.129558181743131
1283.9859316986217,1.1652608,0.090453245,1.1291799036573398
1283.9997055705924,0.9893406,0.09078402,1.1291528866546299
1284.0134791718858,1.1501033,0.09646949,1.1288655767236297
1284.0272525025173,1.2589744,0.09664424,1.1286860622719948
1284.041025562504,1.0822365,0.08840287,1.1284916214080034
1284.0547983518607,1.1791182,0.09524484,1.128284995924211
1284.0685708706037,1.1255866,0.08823845,1.127946021534633
1284.0823431187493,1.105004,0.09356296,1.1275982067430466
1284.096115096313,1.1244681,0.093684666,1.1272446641422276
1284.1098868033114,1.2926773,0.09246201,1.1270090544567577
1284.1236582397592,0.9937398,0.08770039,1.1266496949044345
1284.1374294056736,1.1029997,0.09187097,1.1262906443458798
1284.1512003010703,1.1854961,0.09202812,1.1258123818694323
1284.1649709259646,1.0321474,0.0893824,1.125460920092738
1284.178741280373,1.0583396,0.09500683,1.125116954046367
1284.1925113643117,1.2539883,0.09885884,1.1246610277079714
1284.2062811777957,0.99429536,0.08954845,1.1243389391189953
1284.2200507208418,1.081937,0.09457306,1.123911398462031
1284.2338199934657,1.0011111,0.0858573,1.1237447609734177
1284.2475889956827,1.1592187,0.08940129,1.1233538272639243
1284.2613577275097,1.0767413,0.08568294,1.122984502829905
1284.275126188962,0.9985658,0.08504492,1.1227578030214957
1284.2888943800558,1.0861126,0.08712265,1.1224327755961183
1284.3026623008072,0.9918175,0.08988547,1.1222502805370622
1284.316429951232,1.1895839,0.0961658,1.1219660905681699
1284.3301973313453,0.9214019,0.08916717,1.1217011472580873
1284.343964441164,0.9909546,0.084198184,1.1215739426123972
1284.357731280704,1.1143116,0.09613209,1.121462330794718
1284.3714978499809,1.1820965,0.08878252,1.1213629849445756
1284.3852641490105,1.0670002,0.08669244,1.121274650882416
1284.3990301778088,1.2629943,0.09383242,1.1213187046431874
1284.412795936392,1.252777,0.09110457,1.121371214566069
1284.426561424776,1.2339534,0.09114638,1.12143272152558
1284.4403266429763,1.2541088,0.090433635,1.1212583722191491
1284.454091591009,1.1817781,0.09025941,1.1213363639965501
1284.4678562688903,1.1233301,0.09219615,1.1214233257307533
1284.4816206766354,0.98848516,0.08508008,1.1215178869105873
1284.495384814261,1.1330831,0.08762363,1.1214978256019008
1284.509148681782,1.0969843,0.08682236,1.1217268028842808
1284.522912279216,1.111115,0.08490277,1.1219578755743902
1284.536675606577,1.1053982,0.09071406,1.12206506022667
1284.5504386638825,1.1500734,0.088971004,1.1221666378049304
1284.564201451147,1.135665,0.086743556,1.122257516196918
1284.5779639683872,1.1796286,0.0878814,1.1223329937172681
1284.5917262156188,1.2148522,0.08946674,1.1225120485659514
1284.6054881928578,1.1642971,0.086837135,1.1225435594668247
1284.6192499001202,1.3903044,0.098087505,1.1225504455353206
1284.6330113374215,1.2219037,0.09239245,1.1226516222224523
1284.646772504778,0.89690727,0.08242463,1.1224814296448578
1284.660533402205,1.0673344,0.08759675,1.1225319264048736
1284.6742940297192,1.0268252,0.08034359,1.1223150444366747
1284.6880543873358,1.0704689,0.088144176,1.1222048061871157
1284.7018144750707,0.9629638,0.09215107,1.122083410619307
1284.7155742929403,1.0255096,0.091005586,1.122079459891449
1284.7293338409604,1.183935,0.09593346,1.1219549558382849
1284.7430931191464,1.0056001,0.08855634,1.1218391748955656
1284.756852127514,1.0507617,0.08935199,1.1218588227078086
1284.7706108660802,1.1848354,0.0867388,1.121896348119333
1284.7843693348598,1.1968662,0.09232691,1.121834040890983
1284.798127533869,1.0473472,0.08540749,1.1219160631020868
1284.8118854631239,1.2048634,0.09300577,1.1219026059482937
1284.8256431226398,1.0209779,0.08241859,1.1220353066172324
1284.8394005124333,1.1556653,0.09157571,1.1220703165865717
1284.8531576325202,1.172664,0.09273364,1.1222526129687216
1284.8669144829155,0.96938425,0.09060063,1.1224568551155014
1284.8806710636359,1.2542961,0.091732055,1.1228067607107821
1284.8944273746968,1.249609,0.08802659,1.1230550728791595
1284.908183416114,0.9161335,0.08070854,1.1233227070776235
1284.9219391879044,1.1693908,0.085537255,1.1237317346273366
1284.9356946900823,1.1667858,0.08985904,1.124156660239057
1284.9494499226648,1.064821,0.09553965,1.124475913021287
1284.9632048856668,1.1687233,0.09109803,1.1249313590811418
1284.9769595791047,1.0792582,0.094013676,1.1252777208768157
1284.9907140029945,1.054612,0.08902235,1.1257594412770904
1285.0044681573518,1.1458458,0.087223455,1.1261301460039457
1285.0182220421925,1.0579634,0.08715934,1.1263902150588425
1285.031975657532,1.130953,0.09274601,1.1269042302403072
1285.0457290033867,1.1242862,0.08784366,1.1273046659014447
1285.0594820797724,1.0341651,0.08659356,1.1277133362295069
1285.0732348867045,1.1395617,0.09241218,1.1280062371253674
1285.0869874241994,0.86616147,0.07802102,1.128549405929197
1285.1007396922728,1.0918868,0.08899725,1.1289759005622584
1285.1144916909402,1.1016723,0.08778471,1.1295293177576435
1285.1282434202178,0.9696284,0.085424125,1.1299655691876902
1285.141994880121,1.1440252,0.084425375,1.130527420800274
1285.1557460706663,1.138115,0.09363549,1.1309698658329381
1285.1694969918685,1.0114659,0.08774779,1.131413080886232
1285.1832476437446,1.0736939,0.09690081,1.1318548709587146
1285.1969980263098,1.1028323,0.08955044,1.1322916246846821
1285.2107481395801,0.9429273,0.082022265,1.1328429380930722
1285.224497983571,1.0189289,0.08520646,1.1332610471928126
1285.2382475582986,1.0069448,0.09156028,1.133787308074612
1285.2519968637785,1.0093988,0.089841746,1.1341770161567988
1285.265745900027,1.1497427,0.08528769,1.1347933211449646
1285.2794946670597,1.126384,0.09134103,1.1351512429583197
1285.293243164892,1.115042,0.083560236,1.1356182953304792
1285.3069913935399,1.0800294,0.08943766,1.1360760126265492
1285.3207393530195,1.1322312,0.08466214,1.1364069484165054
1285.3344870433464,0.9630338,0.079834774,1.136859906665027
1285.3482344645367,1.2145563,0.09088076,1.137195832104052
1285.3619816166058,1.06024,0.084403686,1.1376632473172374
1285.3757284995697,0.88844955,0.07988233,1.138144217698
1285.389475113444,1.0502318,0.089442804,1.1386394541221165
1285.4032214582446,1.120019,0.087556325,1.13915204398192
1285.4169675339876,1.0158746,0.08150215,1.1398015940888095
1285.4307133406887,1.0375743,0.08898637,1.1402210493639757
1285.444458878363,1.0116374,0.08347772,1.1408959519287674
1285.4582041470276,1.0306989,0.081758186,1.1415776746267248
1285.471949146697,1.1936083,0.086129844,1.142140263686867
1285.4856938773873,1.0688206,0.08296031,1.1427008911532204
1285.4994383391152,0.9132741,0.08315941,1.1433775389030023
1285.5131825318956,1.1515379,0.083558,1.1437997304965528
1285.5269264557444,1.1700178,0.093386106,1.1442103373968546
1285.5406701106776,1.1803148,0.08580088,1.1447286968484887
1285.5544134967106,1.1269962,0.086997375,1.1452345635829217
1285.5681566138594,0.96590364,0.088789456,1.145607012462808
1285.5818994621404,1.1342674,0.08413343,1.1460922233811526
1285.5956420415687,1.1918831,0.085202925,1.1464496791816852
1285.60938435216,1.2014152,0.08482819,1.1468038601580115
1285.6231263939303,1.0674092,0.082401745,1.1471570809979021
1285.6368681668955,1.0926185,0.08915328,1.1476322952913547
1285.650609671071,1.0632739,0.08131523,1.1479847759901438
1285.664350906473,1.0472455,0.08668016,1.1485792200726685
1285.6780918731165,1.0683569,0.08298202,1.1489239775458757
1285.6918325710183,1.1703919,0.082832776,1.1492599609526435
1285.7055730001937,1.2346632,0.083979696,1.1495836689414882
1285.7193131606587,1.0784826,0.082039475,1.1498903157087543
1285.7330530524282,1.1140676,0.080435835,1.1503012168056712
1285.7467926755191,0.93980104,0.0813814,1.150567875743211
1285.7605320299467,1.057361,0.08070892,1.1508126664662715
1285.7742711157264,1.0255922,0.08258437,1.1511572415691669
1285.7880099328743,1.0279286,0.08191286,1.1514776385467584
1285.8017484814063,1.153796,0.08689453,1.1516547316534622
1285.8154867613378,1.0330133,0.08336368,1.1518083685358065
1285.8292247726852,0.9814926,0.0863052,1.1519402607094638
1285.8429625154633,1.1123043,0.085875355,1.1521727026094974
1285.8566999896884,1.0351183,0.08649064,1.1523814590632082
1285.8704371953766,1.17083,0.08397357,1.1523248476265546
1285.8841741325427,1.140153,0.08588995,1.1523661152322058
1285.8979108012034,1.127994,0.08437115,1.1523838774419821
1285.9116472013736,1.0915303,0.08298032,1.1524992754943486
1285.9253833330697,0.99069107,0.07991047,1.152463020559749
1285.9391191963075,1.1070353,0.084841564,1.1523967991482233
1285.952854791102,1.1899946,0.08261756,1.1522917735213996
1285.9665901174697,0.9120888,0.078349315,1.1521433802467644
1285.9803251754258,1.0040114,0.0787667,1.1520687607255322
1285.9940599649863,0.99245334,0.07830856,1.1516899037018566
1286.007794486167,1.1710021,0.08556231,1.1513764157984128
1286.0215287389835,1.2586697,0.08607038,1.1509978336840692
1286.0352627234513,1.0731701,0.07977344,1.1503137473073155
1286.0489964395867,1.1630132,0.08343447,1.1499377866189242
1286.062729887405,1.0321001,0.081138976,1.1492572500962277
1286.0764630669223,1.0187032,0.078145,1.1486495279957967
1286.0901959781536,1.1221454,0.08313237,1.1477470763385849
1286.1039286211155,1.1080543,0.08397674,1.1469221758951738
1286.1176609958231,1.0200819,0.081633985,1.1461775380578432
1286.1313931022921,1.3513353,0.08871292,1.1452642946396927
1286.145124940539,1.126777,0.08298289,1.1441857387023813
1286.1588565105785,1.151073,0.08516369,1.1431780327320156
1286.1725878124266,1.0601516,0.08204496,1.141996324091255
1286.1863188460998,0.956796,0.083613195,1.140884471406742
1286.200049611613,1.2331152,0.085808575,1.139714267843611
1286.2137801089823,1.088442,0.08423531,1.1382502324433226
1286.2275103382228,1.1991106,0.08268566,1.1368567158016905
1286.2412402993507,1.1330826,0.08471366,1.1354198511457407
1286.2549699923816,1.0770993,0.081560895,1.1339474830030212
1286.2686994173312,1.1225414,0.08202567,1.132324111381624
1286.2824285742158,1.2058576,0.088635616,1.1306860969632322
1286.29615746305,1.3090849,0.08997779,1.1291673899590826
1286.30988608385,1.0664612,0.081743255,1.12766166384672
1286.323614436632,0.91755307,0.079855815,1.1260603761303338
1286.3373425214108,1.2776781,0.08845672,1.1245047948696376
1286.3510703382024,1.1004239,0.08709727,1.1229997999033832
1286.364797887023,0.9835747,0.08104419,1.1216801611498617
1286.3785251678878,1.1796231,0.08576773,1.1201782344391273
1286.3922521808126,1.1974214,0.08656914,1.1188562730951015
1286.4059789258135,1.3491452,0.08951258,1.1175911785051293
1286.4197054029053,1.2569481,0.086803705,1.116368145006998
1286.4334316121042,1.1952939,0.08515539,1.115182255511424
1286.4471575534258,1.0320084,0.08206882,1.114144164522876
1286.460883226886,1.1709372,0.08836926,1.1131236838808642
1286.4746086325006,1.0317675,0.08150395,1.1119931289797527
1286.4883337702845,1.0070131,0.09144282,1.1109904463090274
1286.502058640254,1.209289,0.08703765,1.1098686680458498
1286.5157832424247,1.1748335,0.0869906,1.1088700212260958
1286.5295075768126,1.1441777,0.083491296,1.107994738934567
1286.5432316434326,1.0128884,0.0848506,1.1070008401120504
1286.556955442301,0.9287748,0.07787965,1.105891005725431
1286.570678973433,1.2114583,0.089516506,1.1049142913687895
1286.5844022368442,1.1628796,0.08903797,1.1040749993145966
1286.5981252325512,1.1524284,0.096499324,1.1030108351210146
1286.6118479605689,1.086047,0.09051146,1.101972466896898
1286.625570420913,1.060012,0.08245017,1.1009599290720928
1286.6392926135995,1.0646793,0.08268717,1.099978383667165
1286.6530145386434,0.98044944,0.08438963,1.0991490815863107
1286.6667361960608,1.042887,0.07872091,1.098227326149391
1286.680457585868,1.164227,0.087646775,1.0972148132558717
1286.6941787080796,1.08519,0.088996924,1.0963503949361801
1286.7078995627116,1.1244029,0.080065496,1.0955128406392656
1286.7216201497795,1.2171928,0.08452998,1.094575489806165
1286.7353404692997,1.0197974,0.07979707,1.0936576044539823
1286.7490605212872,1.0547978,0.08691558,1.093001464395718
1286.7627803057578,1.3387872,0.090820976,1.0922359555394814
1286.776499822727,0.96625423,0.09246881,1.0914814632850771
1286.7902190722102,1.0774473,0.08059421,1.090734306511657
1286.8039380542239,1.0641329,0.08209015,1.090236424645556
1286.8176567687833,1.1455112,0.08562741,1.0896201712728923
1286.8313752159038,1.1783875,0.08480293,1.0888844218442868
1286.8450933956012,1.0654994,0.07947073,1.088274001809638
1286.8588113078915,1.1704865,0.08400493,1.0877900160021916
1286.8725289527895,1.0802643,0.079539336,1.0870683496441667
1286.886246330312,0.97003937,0.08074097,1.0864786309626049
1286.8999634404734,0.88992053,0.07946768,1.0859003151497264
1286.9136802832902,1.066207,0.08093318,1.085459100780997
1286.9273968587775,1.1550106,0.084147476,1.0849104745614926
1286.9411131669513,1.1384917,0.08638406,1.0844981396853646
1286.9548292078273,1.0354071,0.08285038,1.0840981716258669
1286.9685449814206,0.9559448,0.08594497,1.0837055814928869
1286.9822604877472,1.0128564,0.09080136,1.0833156214363746
1286.995975726823,0.9895978,0.080588445,1.082922282485443
1287.009690698663,1.0734483,0.087106235,1.0823981076047082
1287.0234054032835,0.9833603,0.08049988,1.081980953649213
1287.0371198406992,1.1190422,0.08477101,1.081546087587962
1287.0508340109266,0.92914176,0.09968621,1.0810875292602582
1287.064547913981,1.0231925,0.08412518,1.0803617099680478
1287.0782615498777,0.9776541,0.07881748,1.0798556766530034
1287.0919749186328,0.90753096,0.07919608,1.079202930843341
1287.1056880202616,0.9504949,0.07619473,1.0786516041364727
1287.1194008547798,1.0082535,0.07717105,1.0779572015346222
1287.1331134222032,0.9826611,0.079322115,1.077369644442975
1287.1468257225474,1.0602698,0.0838813,1.0766476247770733
1287.1605377558276,0.79742455,0.08069818,1.0760397433300168
1287.1742495220599,1.0333917,0.08303545,1.0753064807655566
1287.187961021259,1.094703,0.08299219,1.0745740500450163
1287.2016722534418,0.99224675,0.08458202,1.0739686320275237
1287.2153832186225,0.9828772,0.08243926,1.073250247814691
1287.229093916818,1.2535032,0.08615554,1.0724224738340773
1287.2428043480434,1.0597055,0.08131604,1.0718525271627088
1287.2565145123142,1.181482,0.083249025,1.0711783009062767
1287.2702244096458,0.94145834,0.08625679,1.0705206864001693
1287.283934040054,1.0368389,0.08124163,1.0700039245635469
1287.2976434035547,0.98517543,0.080381796,1.069384697950349
1287.3113525001631,0.8680961,0.08001562,1.0687838509097474
1287.3250613298947,1.0181924,0.08090657,1.0680822549353781
1287.3387698927656,1.0391251,0.08147989,1.0675203286044321
1287.3524781887909,0.93572843,0.07927086,1.066854347720896
1287.3661862179858,1.1121716,0.086823866,1.0663262592381302
1287.3798939803671,1.0244683,0.08087819,1.06568917937255
1287.3936014759495,1.078855,0.0842353,1.0651868485999543
1287.4073087047486,1.055752,0.081007145,1.0645716558126295
1287.4210156667802,1.1179901,0.08483997,1.0639650244893353
1287.4347223620603,1.0166106,0.078721724,1.0636098222452943
1287.4484287906034,1.1105248,0.08471635,1.0631392096391084
1287.4621349524257,1.0795321,0.08041645,1.0626763997920659
1287.475840847543,1.0703909,0.08829025,1.062221154559947
1287.4895464759704,1.1128308,0.08248276,1.0618976708393033
1287.503251837724,1.2041885,0.08819094,1.0614631783234405
1287.516956932819,0.967512,0.08367019,1.0610409658973357
1287.5306617612707,1.0800941,0.09032245,1.0606342281091146
1287.5443663230951,1.0236431,0.08046848,1.0602422638198392
1287.5580706183077,1.0303187,0.07964522,1.0598677652573438
1287.5717746469238,0.8593976,0.08377488,1.0595101142145178
1287.5854784089593,0.9921021,0.07872232,1.0590469026694378
1287.5991819044295,1.076393,0.08231426,1.0588448529279417
1287.6128851333506,1.0945209,0.08539971,1.0585343663106261
1287.626588095737,0.9402472,0.077352524,1.0582368536359463
1287.6402907916047,1.127493,0.08227885,1.0579485670316697
1287.6539932209698,1.0057015,0.08663997,1.0577889536933252
1287.6676953838473,1.0831096,0.08178319,1.057389178311686
1287.681397280253,1.0313704,0.09118763,1.0572347961639137
1287.6950989102024,0.9880811,0.08479207,1.057079630255885
1287.708800273711,1.1424745,0.087267585,1.0568000868426881
1287.7225013707941,0.9962763,0.082274765,1.0565174201613092
1287.7362022014674,0.97701603,0.084095396,1.0563534757639368
1287.7499027657473,1.0478641,0.078200325,1.055943431898585
1287.7636030636477,1.0048084,0.08282373,1.0557775941342449
1287.7773030951855,0.9021853,0.07575547,1.0556144396666272
1287.7910028603753,1.0311574,0.077714555,1.055334842454713
1287.8047023592335,1.0470111,0.08019274,1.0551868073477912
1287.818401591775,1.0614208,0.08247203,1.0550504028541259
1287.8321005580158,0.98150086,0.08525488,1.0548083540582707
1287.8457992579706,0.9655351,0.08053525,1.0547047863792491
1287.8594976916559,0.98995435,0.07945054,1.05449814590291
1287.8731958590868,1.1141659,0.08991063,1.0544338516836271
1287.8868937602786,1.0075488,0.084309906,1.0542665623741176
1287.9005913952474,1.0197864,0.08049239,1.0542439144315172
1287.9142887640082,1.1517956,0.082700714,1.0541186938983471
1287.927985866577,1.0850128,0.08014877,1.0540149152340033
1287.9416827029688,0.9712374,0.08310922,1.0540544967966419
1287.955379273199,1.2001755,0.08516558,1.0541142939824848
1287.969075577284,0.8972621,0.07551124,1.0541973901901989
1287.9827716152386,1.0038362,0.08122863,1.0543006660515033
1287.9964673870782,1.0718919,0.081766196,1.0544259835145366
1288.0101628928187,1.1349554,0.08265332,1.0546935795449934
1288.0238581324757,1.0435205,0.08200722,1.0548570756343674
1288.0375531060643,0.9416206,0.077419974,1.0550373030167992
1288.0512478136004,1.087678,0.083760165,1.055472866151855
1288.0649422550994,1.2097615,0.08382731,1.055672453937658
1288.0786364305764,0.9692473,0.08171839,1.055875237697356
1288.0923303400475,1.1016109,0.07975936,1.0561996037562356
1288.1060239835278,1.170006,0.084230825,1.056397510344864
1288.1197173610333,1.0169314,0.087152645,1.0568333463404345
1288.1334104725786,1.0199561,0.080085486,1.0570159204365337
1288.14710331818,0.994547,0.07943279,1.057432822796049
1288.1607958978527,0.94370806,0.08121024,1.0575947231137302
1288.174488211612,0.97647387,0.08469309,1.0579887220917774
1288.1881802594737,1.1499555,0.088077895,1.05824962576113
1288.2018720414535,0.85967004,0.08249956,1.0584976946569822
1288.2155635575664,0.9989187,0.07901958,1.0587340949883506
1288.2292548078278,0.89613664,0.08026243,1.0590802507753962
1288.2429457922537,1.0643591,0.08949444,1.059291984356034
1288.2566365108596,0.9855097,0.080453604,1.0592490947402737
1288.2703269636604,1.0452881,0.08250797,1.0595617199252922
1288.2840171506716,1.1284167,0.08179463,1.059744943296578
1288.2977070719096,0.93869966,0.08005812,1.0600453205526303
1288.311396727389,1.1613505,0.09274732,1.0602226509764099
1288.3250861171255,1.1192197,0.088514134,1.060402445969968
1288.3387752411343,1.0334464,0.08666567,1.060589360751268
1288.3524640994317,1.1195006,0.083131924,1.06090787424625
1288.3661526920325,1.1923888,0.08885262,1.061117750588378
1288.3798410189524,1.1578544,0.086265914,1.0614653660011626
1288.3935290802067,1.1658795,0.08671992,1.0617075296578893
1288.4072168758112,1.0060279,0.08202524,1.0620921840499982
1288.4209044057811,0.99101615,0.077679954,1.0624958379604212
1288.4345916701313,0.9580759,0.08294913,1.0626776986994648
1288.4482786688786,1.0540774,0.07996535,1.0631258437478908
1288.461965402037,1.1650199,0.08480641,1.0637182166074735
1288.4756518696236,1.0642623,0.08788394,1.064090814852968
1288.4893380716524,1.0930798,0.08480221,1.0647287371003475
1288.5030240081392,1.2841381,0.0881176,1.065267755126765
1288.5167096791,0.97417116,0.07947194,1.0658270034118786
1288.5303950845496,1.1888946,0.08740802,1.0665277139626714
1288.544080224504,0.94804347,0.08305229,1.0671257906464764
1288.5577650989785,1.0592532,0.08176377,1.067740737752373
1288.5714497079884,1.0995952,0.08514227,1.0684969722735564
1288.585134051549,1.0010533,0.08871041,1.0691487493602256
1288.5988181296761,1.0302272,0.0821861,1.0698196499520238
1288.612501942385,1.195454,0.09394582,1.0706334729452456
1288.6261854896911,1.1167641,0.08332225,1.071345120526413
1288.63986877161,1.2325529,0.08778169,1.0722030717032704
1288.6535517881573,1.1163449,0.085218266,1.072960825655381
1288.6672345393474,1.1261523,0.0817163,1.0738651665253112
1288.680917025197,1.1138083,0.084433354,1.0747950878784036
1288.694599245721,1.1672431,0.087676324,1.075627801284699
1288.708281200935,1.1236691,0.08609764,1.0766125998623932
1288.7219628908542,1.114923,0.08684942,1.077624528950567
1288.7356443154938,1.0318285,0.07994411,1.0786676641157267
1288.7493254748704,1.0398215,0.081447974,1.0796199790754009
1288.7630063689978,1.2423592,0.08548358,1.0808472228065507
1288.7766869978925,0.9294073,0.07808601,1.0818649581954825
1288.7903673615695,1.2104298,0.08907734,1.0830349188143242
1288.8040474600446,1.0031013,0.08234937,1.0843603781573015
1288.8177272933333,1.1592127,0.09016905,1.085716199874596
1288.8314068614502,1.2057766,0.091983266,1.0871015614494286
1288.8450861644114,0.92614675,0.083213694,1.0883956300516382
1288.858765202232,1.2022972,0.09133323,1.0898386604210497
1288.8724439749278,1.0652409,0.081364825,1.0913126979228864
1288.8861224825139,1.2519461,0.087842464,1.0928156860344695
1288.899800725006,1.1864637,0.08558296,1.094472671741816
1288.913478702419,0.9570077,0.08032455,1.0960436387041828
1288.927156414769,1.0547075,0.08312721,1.0977722962857603
1288.9408338620706,1.2405005,0.08990707,1.0994234022156053
1288.95451104434,1.1716719,0.085961625,1.1011146672127732
1288.968187961592,1.11269,0.08547274,1.103092771394168
1288.9818646138424,1.1439302,0.08689298,1.1048665194989886
1288.9955410011064,1.065041,0.0840847,1.106794706380019
1289.0092171233996,1.1315259,0.09137713,1.1088735139946733
1289.022892980737,1.1345631,0.08697508,1.1109686756096147
1289.0365685731342,1.1896087,0.08985961,1.1129509879715256
1289.050243900607,0.9711814,0.09330717,1.1150558022165131
1289.0639189631706,1.2644365,0.08678181,1.1170325748527443
1289.07759376084,1.15401,0.08894846,1.1191186529169268
1289.0912682936305,1.1120341,0.08367501,1.1210676903350403
1289.1049425615581,1.1502311,0.088264026,1.1231194016014698
1289.1186165646384,1.1002259,0.08912347,1.1250295492778069
1289.1322903028856,1.1580931,0.090713724,1.126919125124602
1289.1459637763162,1.094847,0.08673036,1.1289068962046933
1289.1596369849449,1.0842081,0.08695028,1.1307480879103469
1289.1733099287874,1.0552772,0.08699802,1.1325556520858324
1289.1869826078591,1.1288263,0.09005881,1.1344488768388254
1289.2006550221759,1.3152659,0.092014134,1.136297554383085
1289.2143271717518,1.1998138,0.08778581,1.1379711068278473
1289.2279990566033,1.0001,0.09312986,1.139591024758522
1289.2416706767453,1.2681892,0.08952236,1.1413860388910777
1289.2553420321938,1.1172148,0.08544092,1.1428735204045297
1289.2690131229633,0.98977023,0.09091802,1.1442883075658652
1289.2826839490697,1.2120745,0.09022985,1.145507372423098
1289.2963545105283,1.294734,0.09254419,1.1467784762739832
1289.3100248073542,1.1810346,0.09109816,1.1480950430832473
1289.3236948395634,1.1988771,0.09704789,1.149228211786045
1289.3373646071705,1.2277046,0.08804027,1.1501801343614524
1289.3510341101912,1.2651153,0.09324914,1.1512112870408828
1289.3647033486413,1.1776979,0.0905986,1.15209116403577
1289.378372322535,1.2735302,0.092759445,1.1530778887630646
1289.3920410318892,1.1670842,0.090661004,1.153818715630254
1289.405709476718,1.3036902,0.09231233,1.154812427607388
1289.4193776570373,1.3868353,0.09143907,1.1555760793172145
1289.4330455728627,1.0926456,0.09060853,1.1563569361649373
1289.446713224209,1.2323642,0.08947037,1.1571553005866426
1289.4603806110918,1.1287214,0.08615217,1.1579671465801797
1289.4740477335263,1.3394957,0.09133841,1.1587895217083524
1289.4877145915282,1.0445338,0.08671822,1.1596158103531622
1289.5013811851122,1.1797525,0.09255894,1.1604409875183408
1289.5150475142948,1.2088784,0.091076314,1.1612591596432618
1289.52871357909,1.1629834,0.0868896,1.1620662439376073
1289.542379379514,1.204321,0.08778423,1.1629781433218889
1289.5560449155817,1.1906016,0.08478186,1.163872460256878
1289.5697101873088,1.1184735,0.09052685,1.1646238583182722
1289.5833751947107,1.1605669,0.08815651,1.1653555890667107
1289.5970399378023,1.147601,0.090160325,1.1661915494444632
1289.6107044165994,1.3769312,0.09430604,1.1668889903484425
1289.6243686311166,1.0957028,0.084020436,1.1675753197288765
1289.6380325813702,1.1728593,0.09306264,1.1682533212771178
1289.651696267375,1.1475816,0.085210614,1.168805804462524
1289.6653596891465,1.1535487,0.09129737,1.1696023712629369
1289.6790228466998,1.1390144,0.08720979,1.1702802604457037
1289.6926857400504,1.1124393,0.086498104,1.1709635835327843
1289.7063483692136,1.1027079,0.08701507,1.1715335450637359
1289.7200107342042,1.1072236,0.09156601,1.1721128877818145
1289.7336728350383,1.0986544,0.08536087,1.1728259661140301
1289.7473346717313,1.190031,0.08663228,1.1734301843002721
1289.7609962442978,1.1618694,0.090143286,1.1740480040800674
1289.7746575527538,1.1902624,0.08652591,1.1746826213240138
1289.788318597114,1.2240045,0.08641543,1.1753325080808095
1289.8019793773942,1.2071366,0.08866288,1.1757555120058019
1289.8156398936096,1.2701423,0.09016026,1.176438611526902
1289.8293001457755,1.305474,0.09456027,1.1770142780562556
1289.842960133907,1.1369936,0.08751187,1.1777258447943357
1289.8566198580193,1.0039734,0.09463447,1.1784474078183873
1289.870279318128,1.035152,0.09213768,1.1790553278523128
1289.8839385142492,1.1175073,0.089561164,1.179790081693319
1289.8975974463965,1.2239966,0.09261105,1.1805272565978226
1289.9112561145864,1.0947963,0.09528167,1.1812646022332731
1289.924914518834,1.1819124,0.09251543,1.1820007163398087
1289.9385726591543,1.0641031,0.087183796,1.182612379841967
1289.9522305355629,1.2415764,0.098223366,1.1834658520078447
1289.9658881480748,1.24866,0.0952666,1.1839505524993377
1289.9795454967057,1.0868263,0.095547274,1.1847989118284945
1289.9932025814708,1.2798591,0.09140832,1.1855225205642217
1290.006859402385,1.190657,0.092816,1.1863644378608604
1290.0205159594639,1.1499028,0.095739864,1.1870800697322157
1290.0341722527228,1.2274804,0.092466354,1.1877894125016337
1290.0478282821773,1.1660315,0.08853955,1.1884907862582286
1290.061484047842,1.3490851,0.094936505,1.1893040070442367
1290.0751395497325,1.04725,0.09428573,1.1899809788785443
1290.0887947878641,1.111997,0.09074495,1.190642716445479
1290.1024497622523,0.9994563,0.08660502,1.1911615873925896
1290.1161044729122,1.2611194,0.09469341,1.1919035258375033
1290.129758919859,1.0747836,0.08696547,1.1923769759429568
1290.1434131031074,1.1639329,0.09623653,1.1927019861147403
1290.157067022674,1.193157,0.09163285,1.1933684142566718
1290.1707206785734,1.1241981,0.093309,1.1937623062481446
1290.1843740708202,1.092826,0.09406324,1.1941332339338406
1290.1980271994307,1.3169873,0.09612307,1.1944804714348143
1290.2116800644203,1.1817478,0.10117149,1.1950514459912713
1290.225332665803,1.0128671,0.09100112,1.1953612273327174
1290.238726796712,0.6456917,0.11753178,1.1956502991214089
1290.2389850035952,1.1394484,0.08691876,1.1956557610202299
1290.2526370778119,1.1834766,0.098097034,1.1959397353085637
1290.252723643004,2.460815,0.18121652,1.195941490306442
1290.266288888468,1.0770545,0.09575009,1.1963367471289459
1290.2667202101427,1.1018895,0.12778424,1.1963453555757542
1290.2799404355792,1.1767066,0.09344315,1.1966062767738725
1290.2807164981436,0.6843351,0.105345055,1.196621460790288
1290.2935917191608,1.0919052,0.092881635,1.1968729250246501
1290.294712507025,0.92576075,0.11642934,1.19689478677769
1290.3072427392274,1.2280841,0.091147594,1.1972621118090152
1290.3087082368029,1.2696072,0.13895959,1.1972909262177924
1290.320893495795,1.2191044,0.09751136,1.1975325624057458
1290.3227036874935,1.3798784,0.14783393,1.1975691536955382
1290.3345439888785,1.2882288,0.09546075,1.1979327747436972
1290.3366988591144,1.0933726,0.13018098,1.1979772430858076
1290.3481942184935,1.2127609,0.0881302,1.198220657802739
1290.350693751682,1.0338109,0.12871331,1.1982749892948727
1290.3618441846545,1.1128178,0.097598374,1.1985217522495397
1290.3646883652123,1.1621679,0.1327857,1.1985860847342469
1290.3754938873778,1.2039286,0.09225359,1.1989598082402222
1290.3786826997227,1.3180085,0.14426664,1.1990356906704047
1290.3891433266772,1.198439,0.09143427,1.1992904397907265
1290.3926767552298,1.3014832,0.13688494,1.1995012313443225
1290.40279250257,1.2431695,0.09651297,1.199881129584162
1290.4066705317503,1.2393253,0.14352328,1.1999813365600187
1290.4164414150696,1.2738605,0.0937734,1.2002400216086464
1290.4206640293005,1.2458386,0.13638674,1.2003538119360035
1290.430090064192,1.3452917,0.09474191,1.2006105129625446
1290.4346572478978,1.0223433,0.13032825,1.2007363496870944
1290.4437384499527,1.2747558,0.093568765,1.2009891084383084
1290.4486501875579,1.4880849,0.15217818,1.2013709790553504
1290.4573865723662,1.1919249,0.09750974,1.2016175182812419
1290.4626428482986,1.345774,0.14258146,1.201766592157214
1290.471034431448,1.2327323,0.09323703,1.2020052019530738
1290.4766352301356,1.5449532,0.15087081,1.2020427113214844
1290.4846820272141,1.0822265,0.090900905,1.20227231640268
1290.4906273330864,1.2054328,0.13255793,1.2024420433626277
1290.4983293596788,1.18287,0.102943294,1.2027839437229102
1290.504619157167,1.1676016,0.13790144,1.2030854270374585
1290.5119764288581,1.3039193,0.09875098,1.2032950890785832
1290.5186107023944,1.2372004,0.13759255,1.2034839081984356
1290.5256232347665,1.0611575,0.08691926,1.2038050590421419
1290.5326019687848,1.232638,0.13693303,1.2040026672480555
1290.5392697774196,1.1632488,0.09082193,1.2041908857460952
1290.5465929563559,1.4530989,0.14875658,1.2045188268785134
1290.5529160568326,1.2284242,0.09477025,1.2046957513764585
1290.5605836651237,1.2670102,0.13645042,1.2050305173700842
1290.5665620730206,1.0282792,0.08813674,1.2051947770065896
1290.5745740951047,1.3278295,0.14216794,1.2055347754592527
1290.5802078259994,1.2235867,0.09025443,1.2056863138766465
1290.588564246316,1.2221094,0.14215805,1.2059072256769001
1290.5938533157835,1.3116418,0.09585672,1.206166335087769
1290.6025541187737,1.2305346,0.1377959,1.2063873993893535
1290.6074985423884,1.1537868,0.09007344,1.206510005176427
1290.6165437124948,0.9836604,0.12513256,1.2067284010975339
1290.6211435058294,1.1695684,0.0909952,1.206958961072011
1290.6305330274965,1.0218397,0.13267764,1.2071727499557703
1290.6347882061218,1.3272005,0.09687545,1.2072654117294674
1290.6445220637945,1.1897875,0.13567825,1.2074722314859925
1290.6484326432808,1.1742238,0.09049536,1.2074310608288847
1290.6585108214063,1.0192424,0.14540564,1.2076300178240342
1290.6620768173211,1.1799288,0.09347253,1.2076979978292004
1290.6724993003475,1.1141137,0.13298665,1.2080129955212224
1290.6757207282583,1.1861504,0.09000045,1.2080705383674184
1290.6864875006358,1.3466663,0.14170867,1.2082579067931802
1290.6893643761084,1.1732893,0.093655095,1.2083070179171684
1290.7004754222874,1.188178,0.14365804,1.20849251042667
1290.7030077608854,1.0971661,0.09456933,1.208534022417576
1290.7144630653188,1.1351396,0.14129989,1.2087211161118583
1290.7166508826049,1.3814205,0.09939281,1.2087567434658997
1290.7284504297468,1.244705,0.13710037,1.2089497978423476
1290.7302937412821,1.1869978,0.095785335,1.2089801889310776
1290.7424375155886,1.1312428,0.13395764,1.2090608815819024
1290.7439363369328,1.2052029,0.0955698,1.2090866030604697
1290.75642432286,1.208748,0.13270488,1.2093040706854326
1290.7575786695716,1.0520133,0.09294316,1.2093245139332103
1290.7704108515777,1.050295,0.12986068,1.2095592416723284
1290.771220739214,1.340259,0.10107089,1.2095745780224272
1290.7843971017592,1.2157135,0.1316058,1.209829145785566
1290.7848625458744,1.2012335,0.097499825,1.2098382790154218
1290.7983830734206,1.089314,0.13135588,1.2101155068109704
1290.7985040895692,1.3142343,0.0985491,1.2101180534961276
1290.812145370313,1.4599081,0.09924926,1.2104124249428285
1290.8123687665777,1.3463386,0.1471796,1.2104174534759264
1290.825786388121,1.0803819,0.093131654,1.2106016501099048
1290.8263541812485,1.2968386,0.13344052,1.2106148520766618
1290.8394271430086,1.2756573,0.096887745,1.2109283151521877
1290.840339317449,1.2447835,0.12929796,1.2109508699010891
1290.853067634991,1.2604197,0.09786028,1.2112708837727375
1290.8543241751963,1.2058649,0.13361835,1.2113028835808977
1290.866707864083,1.3728156,0.099660195,1.2116299131069979
1290.8683087545062,1.1172273,0.12798735,1.211673059649962
1290.8803478303003,1.2102431,0.09944111,1.21200402808006
1290.8822930553956,1.2852242,0.14445606,1.2120593940546178
1290.893987533658,1.2393376,0.0938406,1.2123961850484326
1290.8962770778815,1.1394401,0.13287543,1.2124631315819894
1290.9076269741709,1.1514081,0.092742205,1.21280395493952
1290.9102608219805,1.0187149,0.12705511,1.212885101070781
1290.9212661518545,1.4352331,0.1059244,1.2132293777962224
1290.924244287709,1.2874798,0.13021159,1.213324212994167
1290.9349050667242,1.2942587,0.10593751,1.2135503489107393
1290.9382274750833,1.1027493,0.12026854,1.213660899282548
1290.9485437187948,1.2773027,0.10162717,1.2138888315393586
1290.9522103841205,1.1799443,0.12508059,1.2138944617713938
1290.9621821080816,1.0948477,0.0932844,1.2142472719259636
1290.9661930148377,1.1282052,0.12266695,1.2142691353009463
1290.9758202346,1.3210367,0.1029532,1.2145016518908738
1290.9801753672505,1.239738,0.13020538,1.214787963361424
1290.989458098365,1.3090763,0.101550296,1.2148992803076177
1290.9941574413758,1.4465038,0.13529648,1.215082635260742
1291.0030956993917,1.0910224,0.096321665,1.2153164927575646
1291.0081392372308,1.0567214,0.120305635,1.2153988922100691
1291.0167330376955,1.1076403,0.10147325,1.2157540072813249
1291.022120754831,1.3232011,0.13146079,1.2158589712082364
1291.0303701132916,1.2089516,0.0978728,1.2163337459086263
1291.0361019941943,1.1861442,0.12509988,1.2164600953568216
1291.0440069261952,1.1310577,0.09437109,1.2168080474237353
1291.0500829553364,1.1911862,0.12615919,1.216957297102391
1291.0576434764207,1.208674,0.1031339,1.217297393563742
1291.0640636382743,1.3525747,0.13038841,1.2175881419887924
1291.0712797639844,1.1464931,0.094444096,1.2179163378888158
1291.0780440430244,0.9993905,0.12408015,1.2181024347089102
1291.084915788901,1.2998759,0.10639472,1.2184146793841943
1291.0920241696037,1.3940188,0.13547498,1.218613844810471
1291.0985515511857,1.278392,0.10220596,1.219028577776352
1291.1060040180284,1.46556,0.13543633,1.2192369182677512
1291.1121870508534,1.2504237,0.10096862,1.2195072923486827
1291.119983588315,1.3668166,0.12972179,1.2198412984652687
1291.12582228792,1.0361886,0.09183061,1.2199639430561977
1291.1339628804806,1.1756489,0.124619424,1.2204198638214292
1291.1394572623997,1.3654802,0.10248388,1.2205183969581634
1291.1479418945419,1.3370558,0.13179247,1.220847927148574
1291.1530919743084,1.1469142,0.0994198,1.2210409574921235
1291.1619206305143,1.0333292,0.12443827,1.2211187102033336
1291.166726423661,1.2834877,0.10004524,1.221288249144684
1291.1758990884157,1.3617765,0.13704413,1.2215998726375537
1291.1803606104725,1.1020216,0.09305666,1.2217466333207123
1291.1898772682623,1.1450934,0.1238603,1.221925392343873
1291.1939945347588,1.2319952,0.10671012,1.22204930310785
1291.2038551700705,1.4052042,0.1318735,1.2222152586000479
1291.207628196534,1.1740022,0.09446754,1.2223227455035282
1291.2178327938568,1.1516526,0.122298956,1.2224756055850416
1291.2212615958142,1.1428564,0.10084008,1.2225642623335526
1291.231810139638,1.1421505,0.12659642,1.2227067033410595
1291.2348947326136,1.0419551,0.091431886,1.2227812412499763
1291.2457872074308,1.0480688,0.12193249,1.2229120607407322
1291.2485276069485,1.2753265,0.100616165,1.2228517679372581
1291.2597639972519,1.0113436,0.12241308,1.222974336336463
1291.2621602188335,1.2335032,0.096109904,1.2230241687561496
1291.2737405091173,1.4787984,0.13984448,1.2230165626931773
1291.2757925682834,1.2688974,0.09727267,1.223057717015596
1291.287716743044,1.221197,0.12611619,1.2230436179952702
1291.289424655314,1.3641664,0.109833494,1.22307567036157
1291.3016926990485,1.0975314,0.1264438,1.2231795019072202
1291.3030564799396,1.2885631,0.10190302,1.2232040252783976
1291.3156683771474,1.1304138,0.12997945,1.2230592941746814
1291.316688042176,1.2520713,0.09433665,1.2230769199175286
1291.3296437773574,1.1324757,0.123631135,1.2230524295909726
1291.3303193420386,1.3091426,0.09871947,1.223063618198025
1291.3436188996948,1.1535236,0.12718245,1.2229156814799993
1291.3439503795423,1.1571207,0.09568737,1.2229210736808023
1291.3575811547016,1.1023415,0.09596312,1.2228947567297483
1291.3575937441765,1.1844332,0.1267807,1.222894955458913
1291.3712116675326,0.99111074,0.09139664,1.2228641992867728
1291.3715683108187,1.2295154,0.12712237,1.2227476538265163
1291.38484191805,1.1921993,0.09471912,1.2228298915126823
1291.3855425996383,1.226894,0.14130121,1.2228406171541426
1291.3984719062687,1.2993923,0.099683605,1.2227930924776085
1291.3995166106517,1.1350613,0.12488039,1.2228088545012894
1291.4121016322042,1.1969048,0.100158654,1.2227540521202427
1291.4134903438753,1.1377411,0.13266893,1.222774886089761
1291.4257310958724,1.3160897,0.099893846,1.222713319499727
1291.427463799326,1.1396302,0.13413885,1.2227390679114944
1291.4393602972866,1.2428879,0.10122915,1.2227934317059836
1291.44143697702,0.97359824,0.12375692,1.222824162609977
1291.452989236463,1.3050439,0.096915185,1.2227508090798156
1291.4554098769745,1.1889968,0.13742274,1.222664516391124
1291.4666179134172,1.2112601,0.09645461,1.222708254989429
1291.4693824992057,1.2327998,0.13114695,1.2227492575593164
1291.4802463281637,1.2710699,0.097174585,1.222666578132096
1291.4833548437298,1.4994358,0.13207848,1.2227128729261514
1291.4938744807175,1.3331418,0.10074301,1.2227483265881185
1291.4973269105635,1.0435306,0.115081765,1.2226781742939732
1291.507502371094,1.1233788,0.0956532,1.222465533554507
1291.5112986997237,1.3352339,0.12077184,1.222523060817212
1291.5211299993084,1.306085,0.099343225,1.2225504024041811
1291.5252702112268,1.1687908,0.11505388,1.2226134500060406
1291.5347573653758,1.2297072,0.09862819,1.222513932035089
1291.5392414450894,1.2563579,0.123251356,1.2224601483414093
1291.548384469311,1.1630951,0.097216114,1.2224770387088848
1291.5532124013282,0.8900872,0.10614206,1.222428119748166
1291.5620113111295,1.1397158,0.10197565,1.2223164396112116
1291.5671830799592,1.2800632,0.122195296,1.222393673670002
1291.5756378908466,1.1906713,0.1002923,1.222396789919341
1291.581153480999,1.1530733,0.114192314,1.2222334293984984
1291.5892642084768,1.1643,0.098668054,1.222228842666111
1291.595123604465,1.27605,0.12347116,1.2223128261169118
1291.6028902640358,1.3471221,0.10193988,1.222300320055627
1291.6090934503732,1.0983646,0.11789447,1.2221424467553377
1291.6165160575383,1.3086197,0.10157804,1.2221224097807155
1291.6230630187395,1.3618501,0.12525761,1.222089238051288
1291.6301415889995,1.2161872,0.09534893,1.221940070308745
1291.6370323095814,1.234315,0.12396773,1.2220312480616558
1291.643766858435,1.3080003,0.102775015,1.221997398986558
1291.6510013229151,1.3536348,0.12587015,1.2218472519963028
1291.6573918658594,1.3850659,0.101860836,1.2218076533749993
1291.664970058757,1.2379789,0.11844945,1.2217827876797764
1291.6710166112878,1.248252,0.09897485,1.2217379258539283
1291.678938517124,1.2563306,0.11364396,1.2214727172507485
1291.6846410947353,1.2642783,0.11397899,1.2215454227161437
1291.6929066980322,0.9897985,0.1127025,1.2215289129079032
1291.6982653162177,1.3073723,0.10343012,1.2213533860882577
1291.7068746014988,1.1725816,0.11539482,1.221342257502457
1291.7118892757492,1.1861906,0.103379145,1.2212853829941015
1291.7208422275392,1.2608138,0.121912226,1.2211585290217641
1291.7255129733453,1.3378069,0.10635763,1.2210981697185868
1291.734809576171,1.2250811,0.11586681,1.2211007353049559
1291.7391364090213,1.1495621,0.09816507,1.2210374766165724
1291.74877664741,1.250686,0.12129097,1.2208040251227166
1291.7527595827917,1.149623,0.098305695,1.220859768107954
1291.7627434412732,1.1857812,0.112531535,1.2207575142988356
1291.7663824946728,1.1920457,0.10059974,1.2205657426614507
1291.776709957777,1.1283419,0.11303729,1.2205950399843053
1291.7800051446782,1.3262881,0.105175495,1.2205223208693234
1291.7906761969377,1.3348632,0.11992379,1.2203176549100856
1291.7936275328238,1.3610057,0.104047954,1.2203627690042427
1291.8046421587726,1.3078697,0.12224409,1.2202906238148403
1291.8072496591249,1.160703,0.107721046,1.2202097879808562
1291.8186078432973,0.90719795,0.10733268,1.2200249681232447
1291.8208715235962,1.3028202,0.111518,1.2200615486259165
1291.8325732505284,1.3286397,0.11871486,1.2200078613632361
1291.834493126253,1.2837863,0.108959995,1.2199171964506252
1291.8465383804828,1.1493685,0.1137341,1.2197488225675746
1291.8481144671102,1.0931606,0.10274271,1.2196526850751341
1291.8605032331773,1.2345442,0.11369443,1.2197341527463923
1291.8617355461831,1.109458,0.099782385,1.2195102323839246
1291.8744678086275,1.2132002,0.114338994,1.2194729208631578
1291.8753563634866,1.3216254,0.107045054,1.2194872263802092
1291.8884321068504,1.1057663,0.112582706,1.219573382760804
1291.8889769190355,1.366356,0.10940221,1.2194597601883497
1291.902396127863,1.0290965,0.111286305,1.2194215868440494
1291.9025972128459,1.2429585,0.10830302,1.2194246265190536
1291.916217244932,1.0617799,0.09471808,1.219380537355057
1291.9163598716812,1.3478603,0.11808312,1.2193825568562142
1291.929837015309,1.328891,0.10899044,1.2192034151838431
1291.9303233383212,1.1240294,0.10832146,1.2192100414080689
1291.9434565239926,1.1724694,0.09862399,1.2191361001912193
1291.9442865278004,1.2103168,0.11723908,1.2191464628620874
1291.9570757709969,1.2836015,0.113867916,1.2190571450700034
1291.9582494401348,1.1952186,0.117630355,1.2190705702558589
1291.970694756338,1.2980455,0.1043051,1.2189649287220063
1291.9722120753406,1.1048696,0.11008589,1.2189813050268605
1291.9843134800303,1.2885138,0.10812338,1.2188622621145255
1291.986174433435,1.3775609,0.12220989,1.2188805594536654
1291.9979319420886,1.0988494,0.095284276,1.2187496695418971
1292.000136514434,1.2547123,0.11376921,1.2187705065278398
1292.011550142529,1.3503304,0.108607315,1.218630220085114
1292.0140983183542,0.9754395,0.10336426,1.2186529583263683
1292.0251680813658,1.1687018,0.10348644,1.2185066626254777
1292.028059845212,1.1060835,0.10591743,1.21853203811032
1292.0387857586143,1.2757031,0.107322544,1.218504149893828
1292.0420210950242,1.1821316,0.11703116,1.2182885285506972
1292.0524031742896,1.2687309,0.10514463,1.2182592841346702
1292.0559820678075,1.2942712,0.11539453,1.2182920927321987
1292.066020328407,1.1942728,0.10136882,1.2182635766037875
1292.0699427635775,1.036944,0.10961302,1.2183008804481235
1292.0796372209809,1.3416502,0.10529721,1.2181525083040534
1292.0839031823516,0.98569405,0.10223331,1.2181960837474568
1292.0932538520271,1.319076,0.11723996,1.2181725423554088
1292.0978633241457,1.2153505,0.1133881,1.218223008828994
1292.1068702215603,1.4111443,0.11074193,1.218202955301602
1292.1118231889766,1.4189297,0.12660645,1.2180165801369975
1292.1204863295957,1.1456355,0.101200454,1.2181217347714473
1292.1257827768602,1.3099364,0.11794925,1.2180665565335855
1292.1341021761477,1.3883957,0.10543952,1.2180522205039748
1292.139742087814,1.2746983,0.118747346,1.2181272487379835
1292.1477177612323,1.2957835,0.10779525,1.218114407716791
1292.1537011218534,1.3504084,0.11895415,1.218198695770265
1292.1613330848643,1.3192079,0.103023805,1.218064387687613
1292.1676598789957,1.2137647,0.11430344,1.218157296287465
1292.1749481470586,1.1491858,0.10389218,1.218144091665165
1292.181618359257,1.2473732,0.11985816,1.2181231744016108
1292.1885629478306,1.2261746,0.110854186,1.2181082012242546
1292.195576562654,1.1242876,0.11460843,1.2180955024365137
1292.202177487195,1.1341485,0.10292528,1.2179551916674252
1292.209534489203,1.1618884,0.11034939,1.2180717804766465
1292.2157917651666,1.4125527,0.11309571,1.218049428398042
1292.2234921389204,1.3950601,0.120340325,1.2181728482816863
1292.2294057817612,1.322856,0.104523934,1.218145869261886
1292.237449511823,1.2582016,0.12145808,1.218275489789134
1292.2430195369932,1.131432,0.10077658,1.2182433377939172
1292.2514066079268,1.2715473,0.114686884,1.2182569219270278
1292.256633030878,1.139979,0.11157376,1.2182195302810133
1292.2653634272485,1.3650881,0.11790375,1.218361214292056
1292.2702462634306,1.1615751,0.10742781,1.2183185552095668
1292.2793199698046,1.4326558,0.117536515,1.2184664989495224
1292.2838592346661,1.2866819,0.117857754,1.2184186196198052
1292.2932762356118,1.3516773,0.11214012,1.218573158349939
1292.2974719445992,1.2765235,0.10413144,1.2186424120832045
1292.3072322246858,1.1336342,0.10861442,1.218682078717826
1292.3110843932454,1.1040632,0.10257362,1.2187461699847069
1292.3211879370438,1.1696095,0.113071546,1.2186714882340541
1292.3246965806193,1.2518696,0.10656897,1.2187306986192592
1292.3351433727023,1.7184503,0.12477402,1.218907905891212
1292.3383085067362,1.2476138,0.104720436,1.2189619125962463
1292.349098531677,1.20893,0.11547524,1.2190248102930359
1292.3519201716115,1.3488443,0.11047176,1.219073326510991
1292.3630534139857,1.4868135,0.11726089,1.2191430880683263
1292.3655315752599,1.1406254,0.10498681,1.2191858037623857
1292.3770080196432,1.4084618,0.11993691,1.2192612281868378
1292.3791427176957,1.0294276,0.10193602,1.2192979081479984
1292.3909623486668,1.2053846,0.11580762,1.2194991941149866
1292.3927535989355,1.2177718,0.10613713,1.219529444811085
1292.4049164010728,1.3643373,0.11537035,1.2194888047444405
1292.4063642189928,1.1400009,0.10200866,1.219512664635411
1292.4188701768783,1.3941896,0.12713295,1.2197155147518797
1292.4199745778837,1.2682995,0.10304871,1.219733192860713
1292.4328236760987,1.1870552,0.11349581,1.2198125334985659
1292.4335846756228,1.0995096,0.10429964,1.2198241368698333
1292.4467768987513,1.2764304,0.11325287,1.2200227104018793
1292.4471945122255,1.1903502,0.105618194,1.2200289184408661
1292.4607298448518,1.426695,0.11958954,1.220102642934378
1292.460804087706,1.054648,0.10384356,1.220103696492877
1292.4744134020802,1.3844087,0.11331072,1.2200504443251938
1292.474682514417,1.1244124,0.11254755,1.2200541628417045
1292.4880224553626,1.2170832,0.10545731,1.2201148676697924
1292.4886349074638,0.80648655,0.10559384,1.220123219213538
1292.5016312475684,1.0883526,0.100695096,1.2203003144831803
1292.502587024008,1.3340042,0.11168831,1.2203133953674674
1292.5152397787126,1.1263676,0.10497971,1.22036557577312
1292.5165388640664,1.3822043,0.11965622,1.2203835813395514
1292.5288480488105,1.2194337,0.10364123,1.220191698050936
1292.530490427655,1.0960158,0.10969715,1.2202154298215335
1292.5424560578767,1.1126162,0.101149365,1.2202693380593386
1292.5444417147905,1.2276655,0.111206554,1.2202992636851109
1292.5560638059264,1.2137899,0.10461523,1.220357076909446
1292.5583927254895,1.2128552,0.11449537,1.2203938767306906
1292.5696712929748,1.4555118,0.11632985,1.2204546661795748
1292.5723434597683,1.1616362,0.11534023,1.2204995831379837
1292.583278519036,1.2467012,0.11215675,1.2205639094668268
1292.5862939176434,1.3401535,0.12033571,1.220494002756397
1292.5968854841265,1.1696957,0.10051782,1.2206825810707966
1292.600244099131,1.2509474,0.11391755,1.2206215526548654
1292.6104921882602,1.3391883,0.10934257,1.220688243958346
1292.6141940042478,1.4077652,0.11440603,1.2207574788833546
1292.6240986314529,1.2115237,0.10485552,1.2208232407740107
1292.6281436330098,1.3676267,0.11681237,1.2209007470969913
1292.6377048137188,1.2857668,0.109929994,1.2209637624541885
1292.642092985434,1.2505062,0.10345686,1.2210496020469437
1292.6513107350734,1.1010172,0.10104496,1.2211088173025475
1292.6560420615365,0.9962462,0.10856929,1.2210802658707478
1292.6649163955317,1.0999296,0.10397071,1.2212568598810727
1292.6699908613334,1.2076794,0.1081058,1.2212363336214869
1292.6785217951083,1.2070429,0.10457631,1.2212856225511077
1292.683939384842,1.440766,0.11529445,1.2213949422148969
1292.6921269338188,1.1856822,0.107119516,1.2214388764982762
1292.697887632078,1.3700333,0.11599606,1.2215562412691765
1292.7057318116779,1.1296672,0.10562615,1.2214729357939529
1292.7118356030578,1.4021195,0.115811646,1.2214768820229518
1292.7193364287007,1.2755789,0.11278305,1.2216327653996628
1292.7257832977982,1.1711067,0.103923626,1.2216456710153585
1292.7329407849024,1.3309749,0.11182288,1.2216748111105584
1292.7397307163153,1.1186894,0.11081715,1.2218199660977676
1292.746544880297,1.3677045,0.11775643,1.2218450346455856
1292.753677858626,1.2144349,0.108265884,1.2218786845920757
1292.7601487149007,1.3940425,0.11847455,1.222021474359329
1292.7676247247462,1.1723187,0.10539811,1.2220665501010533
1292.773752288728,1.2333746,0.11477187,1.222083690038207
1292.7815713146924,1.1149384,0.10670999,1.222385457369342
1292.787355601794,1.1939301,0.10970744,1.2223979978622483
1292.7955176284809,1.1495082,0.10884468,1.2224685225360057
1292.8009586541132,1.2150717,0.1094189,1.2225985677653384
1292.8094636661285,1.309349,0.114987746,1.2226826778468962
1292.8145614457012,1.243023,0.11129615,1.2226859752044703
1292.8234094276515,1.3409702,0.109509215,1.2227840254185507
1292.828163976573,1.2037357,0.114425175,1.2229033888474894
1292.8373549130658,1.0850699,0.1048676,1.2230158709732648
1292.8417662467432,1.178033,0.10614155,1.2230079861846774
1292.8513001223882,1.2064492,0.099531,1.2232571064123228
1292.855368256227,1.285018,0.1169218,1.2233645531830475
1292.8652450556351,1.0847963,0.094680555,1.2233848444929785
1292.8689700050397,1.2853395,0.107892826,1.2234856412342872
1292.8791897128233,1.2337567,0.101597264,1.2233991168121465
1292.8825714931957,1.1485337,0.11181775,1.2234930349907027
1292.8931340939685,1.256625,0.10350767,1.2236669597655006
1292.8961727207102,1.3299598,0.11244945,1.2237527818046556
1292.907078199087,1.3355522,0.10997243,1.2238210416500888
1292.9097736875983,1.3721871,0.11243945,1.223899242835048
1292.921022028196,1.1781049,0.103762,1.223983885041153
1292.9233743938748,1.3668163,0.114085935,1.2240531326140176
1292.9349655813114,1.1417897,0.108083114,1.2242765937352782
1292.9369748395548,1.0845577,0.11161595,1.2242148665487336
1292.9489088584496,1.3704538,0.114573844,1.2243315672410107
1292.9505750246537,1.2345009,0.11100031,1.2243824563376406
1292.9628518596269,1.3189555,0.11428772,1.2245143190064276
1292.9641749491855,1.1693047,0.11733074,1.2245549827607132
1292.9767945848594,1.1666212,0.10662533,1.2248224631087115
1292.977774613166,1.2834349,0.12096635,1.224852811478848
1292.9907370341646,1.0330956,0.10458448,1.225010419879795
1292.9913740166094,1.1272337,0.1028157,1.2249081051842132
1293.004679207558,1.1559775,0.10040117,1.2251985934666338
1293.004973159532,1.107804,0.09849847,1.225207701961934
1293.0185720419472,0.941666,0.09500256,1.225384295006133
1293.018621105056,1.1754221,0.09958397,1.2253858080022502
1293.032170663871,1.1830156,0.10376039,1.2254369080974548
1293.0325627266748,1.2257859,0.104224525,1.2254489615185022
1293.0457690253181,2.7020638,0.14880274,1.2256094559604511
1293.0465040724314,1.1923108,0.100282095,1.2256318958136383
1293.0593671263032,0.63954014,0.0776362,1.2257798079314446
1293.060445142342,1.238663,0.10331896,1.2258126211012836
1293.0743859364225,1.0655546,0.10282102,1.2259914522302064
1293.0883264546896,1.2681636,0.100663304,1.2261691808561292
1293.10226669716,1.0715141,0.10735751,1.2262242446205307
1293.1162066638497,1.1880488,0.1055093,1.226523391257257
1293.130146354775,1.1308445,0.09816667,1.226700766102986
1293.1440857699527,1.1857852,0.099844076,1.2267565446768316
1293.1580249093986,1.1704884,0.10674681,1.2269345669982235
1293.1719637731292,1.3409044,0.109875135,1.2269898778237116
1293.1859023611607,1.3998854,0.107201084,1.2271651496650418
1293.1998406735104,1.2344248,0.10070143,1.227336880081268
1293.2137787101933,1.2694647,0.10119716,1.227136083558662
1293.2277164712268,1.1735383,0.105596736,1.2272927258795001
1293.241653956627,1.1555882,0.10003118,1.2271936771929453
1293.25559116641,1.2352958,0.10357158,1.227321768125689
1293.2695281005924,1.3143753,0.11088346,1.2271869750251532
1293.2834647591903,1.2284045,0.102063574,1.2271499888870592
1293.29740114222,1.1825274,0.10403281,1.227085265308693
1293.3113372496985,1.2262646,0.10037636,1.22699190682872
1293.3252730816416,1.2728524,0.10101963,1.226863337517099
1293.3392086380657,1.1817753,0.10537156,1.2265806628138316
1293.353143918987,1.2088643,0.102190025,1.2263865707952932
1293.367078924422,1.1354641,0.10278851,1.2262809723842634
1293.3810136543868,1.0897446,0.09435486,1.2260254587951125
1293.3949481088982,1.2153639,0.09626709,1.2254986157682324
1293.4088822879726,1.2579963,0.10286288,1.2253176612294716
1293.422816191626,1.107109,0.10566816,1.2249994066016794
1293.4367498198744,1.2358055,0.10442882,1.224671230720608
1293.4506831727344,1.514787,0.10724645,1.2244623590186292
1293.464616250223,1.0576285,0.09891044,1.2241345105440997
1293.4785490523557,1.0777804,0.0934422,1.223937760236976
1293.4924815791492,1.2076341,0.105714135,1.2236317159634962
1293.5064138306193,1.2424108,0.10323795,1.2234668451020165
1293.5203458067829,1.1618329,0.09612401,1.2233216553224517
1293.5342775076567,1.155323,0.10993461,1.2230769076634438
1293.5482089332559,1.1128672,0.09617053,1.2229788329039732
1293.5621400835973,1.255162,0.09783595,1.2226591862614535
1293.5760709586975,1.4732391,0.10814962,1.222608404104303
1293.5900015585726,1.2488052,0.09945038,1.222456810340515
1293.603931883239,1.4161799,0.106784075,1.2224465145165597
1293.617861932713,1.2617145,0.10449513,1.2224539976931479
1293.6317917070105,1.3337847,0.10896433,1.2225958926182976
1293.6457212061484,1.1063654,0.10135434,1.2226249052813662
1293.6596504301426,1.2508755,0.100785345,1.2226580222617858
1293.6735793790099,1.1292024,0.09558008,1.2226909990613588
1293.687508052766,1.1567655,0.09844068,1.2228411834272306
1293.7014364514273,1.1889306,0.10751356,1.2228616677611117
1293.7153645750102,1.2561115,0.099573515,1.2229938084801408
1293.7292924235312,1.317605,0.10398006,1.222869500639613
1293.743219997007,1.1025093,0.09574758,1.2228556983920522
1293.7571472954526,1.132496,0.106049865,1.2228294092539578
1293.7710743188852,1.0813752,0.09524636,1.2229153240599266
1293.785001067321,1.2259438,0.09850079,1.22299305681533
1293.7989275407765,0.99149084,0.097102284,1.2230645817151253
1293.8128537392672,1.2017906,0.10320601,1.2230106680938873
1293.8267796628104,1.1538706,0.09850508,1.2229551274686683
1293.8407053114217,1.2643465,0.104752675,1.223022171476889
1293.8546306851174,1.1378459,0.098476335,1.2230913576567124
1293.8685557839137,0.96816504,0.10259261,1.2230427679575033
1293.8824806078278,1.1455213,0.100701876,1.223121387797148
1293.8964051568748,1.3363677,0.10024096,1.22308458381859
1293.9103294310721,1.401963,0.10183582,1.2231776061007826
1293.9242534304346,1.1420124,0.09991994,1.223400580228589
1293.9381771549795,1.1317537,0.094105706,1.2235111858536962
1293.952100604723,1.1868176,0.09636119,1.223630973981555
1293.966023779681,1.1870205,0.098941594,1.2237606926138183
1293.9799466798704,1.0409849,0.096959144,1.2240235567135451
1293.9938693053073,1.0824255,0.092993736,1.2241749818110965
1294.0077916560072,1.0850012,0.09388691,1.2243392057098115
1294.0217137319871,1.1553141,0.0988441,1.224516594889988
1294.0356355332635,1.1165553,0.09248492,1.2247081451454576
1294.0495570598518,1.2146844,0.097504295,1.2250390447745962
1294.0634783117684,1.2488527,0.09511325,1.2252643678389972
1294.0773992890304,1.2061121,0.09311176,1.2253859780852911
1294.0913199916538,1.1323435,0.0952629,1.225768982894122
1294.1052404196541,1.1525161,0.09057055,1.2261662874408779
1294.119160573048,1.1134528,0.09570272,1.2264541399891806
1294.133080451852,1.1863465,0.093326606,1.2268704619614081
1294.147000056082,1.2180016,0.095295236,1.2272885697313125
1294.1609193857541,1.0504775,0.0920437,1.2277024064172364
1294.1748384408854,1.21233,0.10052478,1.2282294356950012
1294.1887572214912,1.2565461,0.09515134,1.228619166464184
1294.2026757275883,1.1910129,0.09791976,1.2291129932372473
1294.2165939591928,1.26456,0.09937566,1.2294637962350925
1294.2305119163204,1.2157403,0.09577125,1.229911792310818
1294.244429598988,1.1773674,0.094414614,1.2302145996027587
1294.2583470072123,1.2559648,0.09593668,1.230614102033555
1294.2722641410082,1.0971545,0.09085374,1.2308689622738704
1294.2861810003928,1.1245648,0.09573486,1.231104326849156
1294.3000975853822,1.2611183,0.0975648,1.2313217082556331
1294.3140138959925,1.3728025,0.10008159,1.2316489006189923
1294.32792993224,1.1433785,0.090563245,1.2318438739376112
1294.341845694141,1.1125858,0.10314521,1.2319084953189208
1294.355761181712,1.289608,0.096185684,1.2319652402124683
1294.3696763949688,1.3643842,0.09694813,1.2318864300363117
1294.3835913339274,1.3305099,0.10042594,1.2316661508221438
1294.3975059986046,1.2248938,0.09617188,1.231535972730224
1294.411420389016,1.2228016,0.09266172,1.2311112231221328
1294.4253345051786,1.2382969,0.096134916,1.2306226323386427
1294.439248347108,1.1250683,0.094594374,1.2301647780319014
1294.4531619148204,1.2061148,0.09313406,1.2294863702524972
1294.4670752083325,1.1723602,0.094669916,1.2287007592157722
1294.48098822766,1.3299594,0.0944455,1.2277951717875948
1294.4949009728198,1.294976,0.09650109,1.2267837752321955
1294.508813443827,1.3087907,0.09678959,1.2256602802732617
1294.5227256406988,1.1217167,0.09175955,1.2243144020887633
1294.5366375634512,1.3335214,0.0970467,1.2230007436150114
1294.5505492121,1.30864,0.0949806,1.2213506145948658
1294.5644605866619,1.2685958,0.09695349,1.2198724455892977
1294.5783716871524,1.1689914,0.09226873,1.218081360515801
1294.5922825135883,1.3240187,0.0968092,1.2162334743626877
1294.6061930659862,1.0836143,0.09270576,1.2143440079846435
1294.6201033443615,1.3721616,0.098027945,1.2123008529177106
1294.6340133487302,1.4002966,0.097223096,1.2104918658321884
1294.6479230791094,1.1933347,0.09080838,1.2084451848411786
1294.6618325355143,1.3453622,0.095265545,1.2064246505841547
1294.675741717962,1.0506974,0.08697963,1.2044405193561212
1294.6896506264682,1.2483782,0.093974456,1.2025071507437912
1294.7035592610496,1.0585616,0.09304843,1.2005013731214882
1294.7174676217214,1.2044259,0.091623135,1.1986665947316255
1294.7313757085003,1.2012317,0.097520016,1.196758596958514
1294.745283521403,1.1808654,0.092355005,1.1948900968710987
1294.7591910604451,1.0029438,0.09160637,1.193061489868105
1294.7730983256426,1.1917715,0.094500795,1.1912674947902793
1294.787005317012,1.1499008,0.09391073,1.1896272270131893
1294.8009120345694,1.1276866,0.090894416,1.187898606472428
1294.8148184783313,1.2053729,0.09033892,1.1863206609299635
1294.8287246483133,1.1786441,0.09268479,1.1847731805479036
1294.8426305445323,1.2197125,0.09482869,1.1832550416824898
1294.8565361670032,1.16572,0.08926128,1.1817638085210596
1294.8704415157438,1.2287449,0.097477734,1.180425075117009
1294.884346590769,1.156288,0.094120905,1.1789899031333047
1294.8982513920955,1.3272858,0.0928138,1.177581392649923
1294.9121559197395,1.0295227,0.093115896,1.1764433490638675
1294.9260601737167,1.0634676,0.089097954,1.1749624166514594
1294.9399641540438,1.2159511,0.09414528,1.1737509972900966
1294.9538678607369,1.0273992,0.09211864,1.1726831259300847
1294.9677712938117,1.1881926,0.10373418,1.171514013461762
1294.981674453285,1.2004186,0.09089375,1.1704873671983802
1294.995577339172,1.2813525,0.090357,1.1693555027039708
1295.00947995149,1.1544567,0.08991541,1.168484839057494
1295.0233822902542,1.1633947,0.09226635,1.167384253512066
1295.0372843554815,1.2347361,0.09874395,1.166540666213416
1295.0511861471878,1.1965972,0.096049316,1.165587947626956
1295.0650876653888,1.1455283,0.09085797,1.1646460723960348
1295.078988910101,1.2066181,0.08858103,1.1637158830007603
1295.0928898813406,1.221332,0.08975526,1.1627969055103535
1295.1067905791238,1.24598,0.0936973,1.1620108285455102
1295.1206910034662,1.2400355,0.09011284,1.1613593743061026
1295.1345911543845,1.3200632,0.0924288,1.1605970842718747
1295.1484910318948,1.1613113,0.08822154,1.1598469247792251
1295.1623906360132,1.1236979,0.08796014,1.1591083316547817
1295.1762899667556,1.3059316,0.09227705,1.1583795188294632
1295.1901890241381,0.9336541,0.082828835,1.15778210503221
1295.204087808177,1.2681961,0.095533565,1.1571903234466139
1295.217986318889,1.0344299,0.09007616,1.1564795553493994
1295.2318845562886,1.333217,0.090501025,1.1558901072897552
1295.2457825203937,1.2957882,0.09252231,1.155296739041555
1295.2596802112198,1.2868868,0.09047571,1.1545732220337643
1295.2735776287825,1.3120166,0.094633944,1.1538398259647695
1295.2874747730984,1.1764485,0.08963198,1.1532170688368553
1295.3013716441835,1.2728939,0.0885234,1.1525820490486718
1295.3152682420543,1.1376479,0.08645183,1.1519374575622467
1295.3291645667264,1.2214602,0.09229434,1.1512850808591226
1295.343060618216,1.150245,0.08532165,1.150629856775283
1295.356956396539,1.234387,0.0896656,1.149976165388707
1295.3708519017123,1.173914,0.08882129,1.1494522935384124
1295.3847471337513,1.1801745,0.08819974,1.1488182238096947
1295.3986420926724,1.0294544,0.0841358,1.148202166343153
1295.4125367784914,1.098121,0.08687775,1.1478510937930206
1295.4264311912245,1.3270015,0.09587273,1.1472777285487608
1295.4403253308883,1.220534,0.08825729,1.1467290332870288
1295.4542191974986,1.2658427,0.0918727,1.1464445007179254
1295.4681127910712,1.0679238,0.08313094,1.1460565385815087
1295.4820061116222,1.0282885,0.084246606,1.1458049779273138
1295.4958991591682,1.1522127,0.091697305,1.1455634776813062
1295.5097919337252,0.99664706,0.08492928,1.145207926072692
1295.5236844353087,1.1988009,0.08594117,1.1449790693424815
1295.5375766639354,1.1617672,0.08578818,1.1447539260025925
1295.5514686196207,1.1369556,0.08912602,1.144532300774121
1295.5653603023818,1.2658038,0.09132905,1.144314456907683
1295.5792517122336,1.2531295,0.09448973,1.1441022651297437
1295.593142849193,1.1172239,0.08738821,1.14389630883243
1295.6070337132755,1.1358721,0.09170813,1.1436977586807995
1295.6209243044982,1.1226195,0.08502227,1.1435070164920575
1295.634814622876,1.0596268,0.086301856,1.1434447504033804
1295.6487046684256,1.0331424,0.08250164,1.143265784833614
1295.6625944411628,1.0314872,0.08515501,1.1432113457054864
1295.676483941104,1.2520351,0.089045554,1.1431568527081504
1295.6903731682646,1.281399,0.089216,1.1429771111740947
1295.7042621226617,1.0478559,0.08662101,1.1429143158669441
1295.7181508043109,1.2818109,0.08952386,1.1428440185589974
1295.7320392132272,1.2597579,0.0910462,1.1427662091460005
1295.7459273494287,1.2292206,0.08842911,1.1426814981049582
1295.7598152129299,1.100852,0.08797144,1.1424690652835765
1295.7737028037475,1.0444915,0.088260315,1.142376157083676
1295.787590121897,1.186668,0.09124601,1.1421616549893274
1295.8014771673954,1.1228216,0.083435796,1.1420733316701346
1295.815363940258,1.1663051,0.08903485,1.1419920558443308
1295.8292504405015,1.0683165,0.08815021,1.141922282531065
1295.8431366681411,1.2315813,0.087765805,1.1418652373261937
1295.8570226231936,1.24048,0.09062928,1.1418241578391939
1295.870908305675,1.2348449,0.090046585,1.1419224967245478
1295.8847937156008,1.1787449,0.08470097,1.141915922039471
1295.8986788529871,1.1294043,0.09465589,1.141807643411627
1295.9125637178508,1.1367376,0.086790204,1.1418390965843166
1295.926448310207,1.1641237,0.08530988,1.1418895344016113
1295.9403326300721,1.1798654,0.09160946,1.1420810627139877
1295.954216677462,1.1504991,0.08254392,1.1420459419872409
1295.9681004523932,1.2852652,0.10033927,1.1422749576094318
1295.9819839548813,1.1113896,0.088019304,1.142277187724667
1295.9958671849424,1.2088652,0.09316041,1.1425418239206886
1296.0097501425928,1.0687703,0.0948407,1.142825147360173
1296.0236328278484,1.2059045,0.093044624,1.1431255222795385
1296.0375152407246,1.2275095,0.09482207,1.1434453794667543
1296.0513973812388,1.2209207,0.08474826,1.143782669425395
1296.0652792494059,1.0423367,0.08658913,1.144015896864786
1296.079160845242,1.0588945,0.08748702,1.1445120206207458
1296.0930421687638,1.163916,0.08896145,1.1449027275093395
1296.1069232199866,1.2411615,0.087835535,1.145433731237326
1296.120803998927,1.2305018,0.09738193,1.1458582802757957
1296.1346845056003,1.1330245,0.09080035,1.1464192077866502
1296.1485647400236,0.8896027,0.08249961,1.1468703170846108
1296.1624447022118,1.0892243,0.087545864,1.1474507441732307
1296.1763243921816,1.2747536,0.09259778,1.1480331515047986
1296.1902038099488,1.011252,0.08651097,1.148609304883051
1296.2040829555294,1.1056007,0.081152566,1.149170184789455
1296.2179618289397,1.3093386,0.0890777,1.1497020393904447
1296.2318404301955,1.0193008,0.088512436,1.1500753667259167
1296.2457187593122,1.0794015,0.08699766,1.150519915394697
1296.2595968163068,1.1633031,0.08954984,1.1509074019755388
1296.2734746011952,1.3174193,0.09840014,1.1511120742189216
1296.2873521139927,1.1761576,0.0857298,1.151244958197217
1296.3012293547158,1.1539813,0.08444263,1.1510690361457612
1296.3151063233802,1.1195647,0.08930264,1.1510653763302532
1296.3289830200022,1.2752014,0.09195759,1.1509920400667635
1296.3428594445977,1.1287487,0.08624642,1.1507298240824668
1296.356735597183,1.0000913,0.08175355,1.1505130888296518
1296.3706114777733,1.0347328,0.084477454,1.1499836887357997
1296.384487086386,1.1206188,0.0821083,1.1494976385733682
1296.398362423035,1.0659695,0.083583385,1.1489286740221476
1296.4122374877381,1.2167313,0.08614273,1.1482766465568703
1296.4261122805106,1.1047956,0.08144861,1.1474008187420326
1296.4399868013688,0.96260804,0.085502535,1.1465556364754306
1296.4538610503278,1.1465906,0.08496355,1.1454881905499605
1296.4677350274048,0.99509764,0.08642107,1.144322067466243
1296.4816087326149,1.1583841,0.097804606,1.1429454441253484
1296.4954821659746,0.99881536,0.07935373,1.1417161940930087
1296.5093553274994,1.0862188,0.08323762,1.1402881064778132
1296.523228217206,1.1036342,0.08664894,1.1387857881644803
1296.5371008351092,1.1340169,0.083263636,1.1372184285619793
1296.5509731812265,1.3105661,0.08743436,1.1354781805794847
1296.5648452555724,1.1346085,0.084501065,1.1336905609598276
1296.5787170581639,1.175219,0.08383022,1.1318708921758336
1296.5925885890167,1.1550384,0.08325006,1.1300251318185661
1296.6064598481462,1.1985812,0.083319776,1.128158483725405
1296.6203308355693,1.0991868,0.08039153,1.12615165713605
1296.6342015513014,1.1031092,0.08059379,1.1239997637862817
1296.6480719953586,1.1014434,0.082962394,1.1220663711736332
1296.661942167757,1.1740528,0.083480015,1.1199795390551268
1296.675812068512,1.1113992,0.08227726,1.117732829074764
1296.68968169764,1.1315101,0.08183899,1.115571365703823
1296.703551055157,1.0088526,0.07807019,1.1133668465562965
1296.7174201410792,1.0615925,0.08279917,1.1110022474475238
1296.7312889554219,1.1638509,0.08459812,1.1086008532271852
1296.7451574982015,1.1658409,0.08307001,1.1061650102293894
1296.7590257694337,1.0555111,0.079373434,1.103703332013139
1296.7728937691345,1.1334296,0.083948575,1.1012207212896818
1296.7867614973204,1.0372468,0.08145054,1.0987291147015
1296.8006289540067,1.087042,0.089719966,1.0961177464504588
1296.8144961392093,0.98570544,0.08143936,1.0935249515571503
1296.8283630529445,1.112023,0.080103904,1.0909646743023962
1296.842229695228,1.2147859,0.08577812,1.088458861064125
1296.8560960660761,1.1308564,0.08558299,1.0858967348322228
1296.8699621655044,0.97159153,0.07857516,1.0836544404629318
1296.8838279935287,1.0252495,0.078185275,1.0813780828585884
1296.8976935501655,1.1248485,0.0805129,1.0790590917248513
1296.91155883543,0.86225384,0.07699869,1.0769485190953891
1296.9254238493393,0.9604695,0.08158049,1.0749142531708347
1296.9392885919078,1.1179063,0.08048698,1.0728291250181259
1296.9531530631523,1.2490189,0.089308515,1.0710610704323402
1296.9670172630888,1.1171929,0.08239548,1.0692321764850559
1296.980881191733,1.150381,0.08387782,1.0673465654909018
1296.994744849101,1.0519468,0.07984964,1.0657641104344768
1297.0086082352084,0.9972252,0.07862774,1.0643597763019663
1297.0224713500716,1.1403288,0.07955645,1.0628929858594183
1297.036334193706,1.0944314,0.081821814,1.0615992769697489
1297.0501967661276,0.95089495,0.07652221,1.0602386790391545
1297.064059067353,1.009631,0.081271805,1.0591732823322677
1297.0779210973972,1.0418555,0.08241898,1.0580345049037252
1297.0917828562765,1.0654858,0.0842512,1.0570706843181132
1297.1056443440068,1.0291121,0.08019065,1.056152424522328
1297.119505560604,1.0527079,0.09486526,1.0552836895338575
1297.1333665060843,1.0731558,0.0840782,1.0544612890858494
1297.1472271804635,0.9317616,0.08637263,1.0535605315023258
1297.1610875837569,1.0526646,0.07985576,1.0529513266284394
1297.1749477159813,1.0373907,0.08159391,1.05238237306013
1297.1888075771517,0.9729605,0.08022184,1.0518567728828967
1297.2026671672847,1.0641543,0.084219985,1.0513721235609048
1297.2165264863959,1.0818512,0.08351286,1.0509264726754948
1297.2303855345012,0.981467,0.079991594,1.0506469272648413
1297.2442443116165,0.98754454,0.0806947,1.0504066070165055
1297.258102817758,0.9903449,0.07803474,1.0502107907462466
1297.2719610529414,0.93296427,0.075608134,1.0501820433078897
1297.2858190171826,0.9145897,0.07747433,1.050075934271433
1297.2996767104971,1.2467569,0.08464552,1.0501447527964989
1297.313534132901,1.1314765,0.08250544,1.050261370855953
1297.3273912844109,1.0406457,0.0790951,1.0504319843237866
1297.3412481650416,1.1703964,0.085802205,1.0506565173657259
1297.35510477481,1.0897385,0.08495274,1.0511774319908413
1297.368961113731,1.11121,0.08322442,1.0516370208356078
1297.382817181821,0.94698167,0.07726601,1.0523949968396904
1297.396672979096,0.8224533,0.079731114,1.0529695399765158
1297.4105285055716,1.0017807,0.08549871,1.0537262657022552
1297.424383761264,1.054572,0.090252906,1.0544161440322557
1297.4382387461885,0.9805555,0.07686805,1.0552858482157101
1297.4520934603615,1.1448704,0.08359818,1.0560731669392496
1297.4659479037987,1.00604,0.08073992,1.0568885025947643
1297.479802076516,1.0943297,0.086968936,1.0577114118056823
1297.4936559785292,0.94708765,0.07878097,1.0584018207848176
1297.5075096098542,1.1404097,0.08162663,1.0593040227622217
1297.521362970507,0.9636414,0.079795055,1.0599188625435567
1297.535216060503,0.95903414,0.07606432,1.0605970421088022
1297.5490688798589,1.0527813,0.0792756,1.0610855563644117
1297.5629214285896,0.98905575,0.07567368,1.0616263894133104
1297.5767737067117,1.0426418,0.08222794,1.062081097911462
1297.590625714241,1.0047001,0.07975154,1.0623351639184557
1297.604477451193,1.013172,0.078077026,1.0624999829983042
1297.6183289175835,1.1061099,0.07888567,1.0625741718916557
1297.6321801134284,0.9460521,0.076032564,1.0625617776504765
1297.646031038744,1.0971,0.07962492,1.0623279206628262
1297.659881693546,1.0345665,0.07753493,1.0620117953938903
1297.6737320778498,1.0051411,0.077103116,1.0617356185358509
1297.6875821916717,0.97592026,0.07746252,1.0612705757010699
1297.7014320350277,1.2484782,0.08682703,1.0607575185024727
1297.7152816079324,1.1322017,0.08334113,1.060210294004794
1297.7291309104035,1.1093173,0.0807727,1.0595289474131133
1297.7429799424556,1.0349051,0.07837429,1.0589706449460605
1297.7568287041047,0.9552869,0.07890132,1.058303451843929
1297.7706771953672,1.0587547,0.07881098,1.057655415820828
1297.784525416258,1.105534,0.08020583,1.0569128507737389
1297.7983733667938,1.2216835,0.08408939,1.0561965937597546
1297.8122210469903,1.2536256,0.08539675,1.0555102381551198
1297.826068456863,1.079077,0.07863783,1.054853220532781
1297.8399155964278,0.94035333,0.08012347,1.0541014285181247
1297.8537624657006,1.1716678,0.08191185,1.0535019514235269
1297.8676090646973,1.0962675,0.082170434,1.052805913467262
1297.8814553934333,1.1247271,0.07835599,1.052381380875417
1297.8953014519257,1.0116161,0.07907813,1.0517390175202117
1297.9091472401883,1.1182963,0.08496337,1.0513655461227152
1297.9229927582387,0.8757129,0.07727183,1.0507760359785572
1297.936838006092,1.1083668,0.08027408,1.0504551242544702
1297.9506829837635,1.0409319,0.08103447,1.0500391507348272
1297.9645276912702,1.242521,0.08138024,1.0497717795567363
1297.9783721286271,1.091782,0.081198804,1.0492858118829367
1297.9922162958503,1.0629967,0.08427417,1.049073460874836
1298.0060601929551,1.1156465,0.07971919,1.0486432499191274
1298.0199038199585,1.2702553,0.084549,1.0484869728723853
1298.0337471768746,1.0813124,0.07958683,1.0484827783171602
1298.0475902637208,1.0748799,0.07664604,1.0482641936827717
1298.0614330805117,1.0889165,0.08237298,1.0482026582216872
1298.0752756272645,1.0159657,0.089096114,1.0482947632189934
1298.0891179039936,1.0309933,0.07754523,1.0481785720996983
1298.1029599107153,1.2756884,0.0857945,1.0483420024966763
1298.1168016474458,1.1857741,0.08406423,1.0484181916363862
1298.1306431142002,1.1525502,0.08201482,1.0485341011256657
1298.1444843109946,1.2149223,0.086388536,1.0488072438444274
1298.1583252378455,1.2020569,0.0847478,1.0491198786915858
1298.1721658947674,1.1212852,0.07875385,1.0492268209483289
1298.186006281777,1.0835781,0.081100196,1.049615677773335
1298.1998463988898,1.0850867,0.077724464,1.0501692900901825
1298.2136862461216,1.1197919,0.085155696,1.0506384667696302
1298.227525823488,1.0302814,0.08134894,1.0511493023464187
1298.2413651310055,1.0266888,0.083023734,1.0518207187691946
1298.255204168689,1.0471164,0.07873528,1.0524059145922255
1298.2690429365543,0.8877421,0.08189247,1.0530271074323307
1298.282881434618,1.0909902,0.09435649,1.0537980374379368
1298.2967196628956,0.90810186,0.07489927,1.054594401934719
1298.3105576214025,1.0123844,0.08844305,1.0554085957005361
1298.3243953101546,1.1455058,0.08043128,1.0562347681367172
1298.3382327291677,1.1096351,0.08331102,1.0570676926804987
1298.3520698784575,1.1437175,0.08273733,1.0577800016032304
1298.36590675804,1.0433654,0.081032336,1.0587345834275883
1298.379743367931,1.1301727,0.08406357,1.059563368583108
1298.3935797081463,1.1325147,0.08301832,1.060388067989906
1298.4074157787006,1.0011816,0.07713448,1.0613314012768795
1298.4212515796119,1.0548779,0.08104026,1.0621519839933964
1298.4350871108936,0.84732854,0.07488454,1.0630977980154563
1298.448922372563,1.0319653,0.07980419,1.0639292062595382
1298.462757364635,1.1716403,0.08894001,1.0650170236131524
1298.4765920871257,1.0851147,0.08219186,1.0658792742162655
1298.4904265400512,1.2695955,0.08481088,1.066884249438738
1298.5042607234268,1.121833,0.080830365,1.06791611962737
1298.5180946372686,1.1063776,0.08639922,1.0688530837324417
1298.5319282815915,1.1919588,0.08347506,1.0699412968265447
1298.5457616564122,1.0704637,0.07715256,1.0711839211820287
1298.5595947617464,1.1010675,0.08036422,1.0722121183739752
1298.5734275976092,1.0218542,0.088614166,1.0735189591615248
1298.587260164017,1.0540228,0.08466941,1.074857388821759
1298.6010924609852,0.9979233,0.07767426,1.0761065606476132
1298.6149244885296,0.99235874,0.07554355,1.0775124143689752
1298.6287562466662,1.076355,0.0811741,1.0788273558353692
1298.6425877354102,1.0734274,0.08031315,1.0802997846444815
1298.6564189547776,1.0628417,0.08238119,1.0818029924000636
1298.6702499047844,1.0681762,0.08012061,1.0833371689844187
1298.684080585446,1.2115674,0.083132304,1.0846567144608361
1298.6979109967783,1.0700215,0.083548665,1.0861219761813328
1298.7117411387972,1.1276343,0.0824197,1.0877304591269246
1298.725571011518,1.0458992,0.0797047,1.0891055413364328
1298.7394006149564,1.1211267,0.08057646,1.0906032279600826
1298.7532299491288,0.8959156,0.07280877,1.0919632761075948
1298.7670590140503,1.0502067,0.08029153,1.0932921608907606
1298.780887809737,1.1964735,0.08281446,1.0945618119868956
1298.7947163362044,1.3036375,0.085300386,1.095759544627544
1298.808544593468,1.1165512,0.08386269,1.0968631344151374
1298.822372581544,1.0904022,0.07959271,1.097735707308571
1298.8362003004481,1.1464022,0.08660617,1.098502055773143
1298.8500277501957,1.0996969,0.07832213,1.0991450207051758
1298.8638549308027,1.0759289,0.07783617,1.0996862227568331
1298.8776818422848,1.2992624,0.0872424,1.1001226476889898
1298.8915084846576,1.1312346,0.07863239,1.1003409725975657
1298.9053348579369,0.9892422,0.078143544,1.100475630647566
1298.9191609621384,1.1171594,0.08572149,1.1006447072485204
1298.9329867972776,0.96196383,0.07512068,1.1006227852377242
1298.946812363371,1.1089448,0.07833199,1.1006533035318653
1298.9606376604336,1.1698184,0.08074448,1.1003786262417465
1298.9744626884808,1.2075263,0.08262062,1.1001733432664083
1298.9882874475288,1.1520438,0.08650154,1.0997939624184765
1299.0021119375936,0.96692586,0.07838835,1.099497817059504
1299.01593615869,1.1510731,0.08492306,1.0991658562828825
1299.029760110835,1.0762287,0.08141273,1.09856445853636
1299.043583794043,1.0280915,0.08307579,1.0980696500285458
1299.0574072083305,1.1941915,0.0811986,1.0975726873974114
1299.0712303537125,1.0578054,0.080560006,1.0970905778711748
1299.0850532302056,1.07051,0.080017045,1.0967707770800073
1299.098875837825,1.0557476,0.07874265,1.0963938045335189
1299.112698176586,1.1020298,0.0835463,1.096105983167352
1299.126520246505,0.88848954,0.07474229,1.0959382389833792
1299.1403420475972,0.9261258,0.07922094,1.0958894235824845
1299.1541635798783,1.0217681,0.08575953,1.095979611693246
1299.1679848433646,0.9527008,0.0813316,1.0963176794192477
1299.1818058380713,1.0941559,0.09253175,1.0966574734119265
1299.1956265640138,0.9926255,0.07956103,1.097122892421982
1299.2094470212082,1.0510434,0.08048193,1.097695220762645
1299.2232672096698,1.1212147,0.085172065,1.0986265940012558
1299.2370871294152,1.1473465,0.08350006,1.0996523607303632
1299.2509067804588,1.0787997,0.08002925,1.1007662686948525
1299.2647261628172,0.98988295,0.07805394,1.1020800967739572
1299.2785452765054,1.1070818,0.08594633,1.1033301284092925
1299.29236412154,1.1153277,0.084202364,1.1047544027513534
1299.3061826979358,1.1951283,0.08520201,1.1062122406673212
1299.320001005708,1.137018,0.0811931,1.1078184026728382
1299.3338190448742,1.1644216,0.0823588,1.109443572639411
1299.3476368154481,1.2029903,0.083969004,1.1110825863210907
1299.3614543174465,1.1383009,0.08556516,1.112735891048159
1299.3752715508847,1.0716035,0.080976024,1.114279760975535
1299.389088515778,1.0837315,0.086311445,1.115960750168538
1299.402905212143,1.0157192,0.07747523,1.1176587728283716
1299.4167216399946,1.212399,0.08372706,1.1193733151257979
1299.4305377993485,1.0365653,0.08456723,1.1212278059008365
1299.4443536902206,1.1089562,0.086210616,1.123093851748171
1299.458169312626,1.1170113,0.08454164,1.1249664199010323
1299.4719846665814,1.1074995,0.08660234,1.1269589274565723
1299.4857997521015,1.0841066,0.083763674,1.128819627287037
1299.4996145692023,1.1404489,0.08524455,1.130660256153134
1299.5134291178997,1.074591,0.08054733,1.1325982325598793
1299.527243398209,1.2738868,0.08505614,1.1345015990486453
1299.5410574101454,1.1520766,0.08098621,1.1361214486274553
1299.5548711537253,1.092995,0.08430753,1.1380638229613145
1299.568684628964,1.1384261,0.08342354,1.1398312024940416
1299.5824978358778,1.029912,0.07772379,1.1415488105854328
1299.5963107744813,1.0256032,0.07762884,1.143208205343802
1299.6101234447906,1.209131,0.084200926,1.144935927804848
1299.6239358468215,1.2788697,0.082741566,1.1464895362368175
1299.6377479805892,1.1336124,0.08213766,1.1479929606127315
1299.6515598461096,1.1457204,0.083960615,1.1495778840079751
1299.6653714433987,1.338625,0.08697468,1.1508764290089046
1299.6791827724717,1.0517987,0.08100355,1.1523821867424417
1299.692993833344,1.2449678,0.080818325,1.1536043810612986
1299.7068046260315,1.0929983,0.08149911,1.154904631385603
1299.72061515055,0.9869696,0.07830834,1.155917342026072
1299.7344254069149,1.1258618,0.07865709,1.1571190485352765
1299.7482353951416,1.1955962,0.08501518,1.1582680202168627
1299.762045115246,1.1143655,0.079937145,1.1592340958670233
1299.775854567244,1.1193074,0.08203069,1.1602555690795724
1299.789663751151,1.0861676,0.08333269,1.1610891048228542
1299.803472666982,1.0936483,0.08103003,1.1619624488394757
1299.8172813147535,1.2616622,0.08990747,1.1626391626083887
1299.831089694481,1.2216641,0.083889954,1.1631093038457485
1299.8448978061795,1.121947,0.082729936,1.163617724473632
1299.858705649865,1.1876496,0.084168285,1.1640491899069683
1299.872513225553,1.2714152,0.08549136,1.1644023101726915
1299.8863205332593,1.0830616,0.08326923,1.1644544458999002
1299.900127572999,1.2130393,0.0938908,1.1647021629697383
1299.9139343447887,1.1284888,0.08195117,1.1647969288911222
1299.9277408486428,1.142101,0.08834284,1.164751726849261
1299.941547084578,1.1130692,0.08100626,1.1648210064114934
1299.9553530526086,1.1823485,0.08910527,1.1647692053603
1299.9691587527518,1.098194,0.0833739,1.1646023377103587
1299.982964185022,1.102781,0.08794767,1.1644461084591375
1299.996769349435,1.1147445,0.08569827,1.1643035096526182
