wave,flux,err,best_fit_spec
1135.0080964710282,0.29967406,0.017389646,1.0796743550131027
1135.0180505129285,0.34794134,0.018649079,1.0812702956810645
1135.0280045548288,0.3595501,0.018936645,1.0824585184097242
1135.0379585967291,0.38974467,0.019696143,1.0833157142729708
1135.0479126386292,0.42543918,0.0205451,1.0839284381618013
1135.0578666805295,0.4727221,0.021585995,1.0844183364118407
1135.0678207224298,0.5189834,0.022596214,1.0848455715216694
1135.07777476433,0.5279012,0.022762557,1.0852491626597374
1135.0877288062302,0.56612605,0.023537284,1.085651666557038
1135.0976828481305,0.67019355,0.025533658,1.086056898009986
1135.1076368900308,0.67033273,0.025528898,1.0864636007178605
1135.1175909319309,0.6826043,0.025757125,1.0868689482960852
1135.1275449738312,0.7696743,0.02728401,1.0872718181172436
1135.1374990157315,0.7447033,0.02685594,1.087672278326607
1135.1474530576315,0.79655534,0.02801057,1.0880715057807493
1135.1574070995318,0.8964036,0.030478612,1.0884699385013068
1135.1673611414321,0.85546696,0.030013964,1.0888669396674402
1135.1773151833324,0.8448594,0.02944844,1.0892614533519067
1135.1872692252325,0.8856664,0.030448947,1.0896528699355212
1135.1972232671328,0.9249183,0.031183286,1.090040679445547
1135.207177309033,0.89662,0.03092842,1.0904244720618217
1135.2171313509332,0.90623194,0.031194573,1.0908032158468708
1135.2270853928335,0.8961868,0.031330373,1.0911729763850324
1135.2370394347338,0.9270837,0.032556236,1.091525007015289
1135.246993476634,0.8681492,0.03149584,1.0918532952224527
1135.2569475185342,0.8224409,0.030374618,1.0921506764547095
1135.2669015604345,0.8401095,0.031014634,1.092405644371803
1135.2768556023348,0.8087666,0.030553006,1.0926249306030367
1135.2868096442348,0.822295,0.030388383,1.09281274016864
1135.2967636861351,0.81237054,0.030985417,1.0929733559873964
1135.3067177280354,0.7764943,0.030251024,1.0931194947614218
1135.3166717699357,0.7184879,0.028649788,1.0932608638308363
1135.3266258118358,0.74289525,0.029277304,1.09340740167139
1135.336579853736,0.6490006,0.027039459,1.0935686528269346
1135.3465338956364,0.6660853,0.027142417,1.0937519988489617
1135.3564879375367,0.6400495,0.027078602,1.0939685725562445
1135.3664419794368,0.6550906,0.027764652,1.0942298227858873
1135.376396021337,0.5925974,0.02614952,1.0945412171745763
1135.3863500632374,0.5657775,0.025337731,1.0949139648840056
1135.3963041051375,0.52733195,0.024378264,1.0953597831322603
1135.4062581470378,0.49918872,0.023714975,1.0958693330217528
1135.416212188938,0.45369402,0.022572542,1.0964369332672015
1135.4261662308381,0.45958638,0.022923239,1.0970541865354688
1135.4361202727384,0.38924262,0.02151993,1.09769289778998
1135.4460743146387,0.3356689,0.019954098,1.0983332532646726
1135.456028356539,0.3595063,0.020455481,1.0989510326024245
1135.465982398439,0.31699675,0.019100472,1.099533312270283
1135.4759364403394,0.3898816,0.0217358,1.1000719018094758
1135.4858904822397,0.3169988,0.0189334,1.1005530508319517
1135.49584452414,0.30864045,0.018957768,1.1009729092487626
1135.50579856604,0.32579714,0.019555904,1.1013239993106807
1135.5157526079404,0.34435266,0.019785281,1.101581823477451
1135.5257066498407,0.39671993,0.021248361,1.1017267114481357
1135.5356606917408,0.4214387,0.021825904,1.1017521787073798
1135.545614733641,0.4381317,0.022550039,1.101640329323888
1135.5555687755414,0.52983266,0.02510795,1.1013825618969406
1135.5655228174417,0.5132072,0.024058016,1.1010050534878724
1135.5754768593417,0.5477422,0.024325676,1.100521839085368
1135.585430901242,0.60056525,0.025506632,1.0999480514090372
1135.5953849431423,0.65160704,0.02630761,1.0993241931996482
1135.6053389850424,0.6804417,0.026906103,1.098674618143158
1135.6152930269427,0.7215051,0.027246283,1.0980238434437284
1135.625247068843,0.77677685,0.02795071,1.0973913449104646
1135.6352011107433,0.7538569,0.02762535,1.0967885169852736
1135.6451551526434,0.8475468,0.028707592,1.096228469236657
1135.6551091945437,0.82283294,0.027948521,1.0957098673711112
1135.665063236444,0.8628748,0.02858338,1.0952304574371237
1135.675017278344,0.90389323,0.02924043,1.094792432028071
1135.6849713202444,0.7941375,0.027447011,1.09439162508889
1135.6949253621447,0.9497429,0.02997261,1.0940229612005838
1135.704879404045,0.9669451,0.030192496,1.0936867439472295
1135.714833445945,0.9051318,0.029229954,1.0933819307874342
1135.7247874878453,0.91176456,0.029332401,1.0931036015533058
1135.7347415297456,0.9343252,0.029690625,1.0928511462360164
1135.7446955716457,0.9123005,0.029338455,1.0926247182217752
1135.754649613546,0.8577065,0.028463503,1.0924181353301334
1135.7646036554463,0.90378916,0.029188026,1.0922283771727352
1135.7745576973466,0.93260604,0.029632438,1.0920534750489057
1135.7845117392467,0.9288296,0.029584922,1.0918867615751484
1135.794465781147,0.9278974,0.029545385,1.0917250207063407
1135.8044198230473,0.88201576,0.028835218,1.0915664234359959
1135.8143738649474,0.9780177,0.030306676,1.0914102275036626
1135.8243279068477,0.9612554,0.030067962,1.0912579405489953
1135.834281948748,0.9244209,0.029491767,1.0911139660228788
1135.8442359906483,0.96432006,0.030091029,1.090982642945229
1135.8541900325483,0.92924225,0.029530862,1.0908675371392174
1135.8641440744486,1.0127022,0.030806283,1.0907742519814887
1135.874098116349,1.0049247,0.03067945,1.0907061213983127
1135.884052158249,0.95296997,0.029917011,1.0906624990169091
1135.8940062001493,0.8959834,0.029031131,1.0906455694890476
1135.9039602420496,1.0363951,0.031121878,1.0906577334278382
1135.91391428395,0.95499456,0.029922154,1.0906952449285974
1135.92386832585,0.999191,0.030579686,1.0907581501842416
1135.9338223677503,0.9851224,0.030363388,1.0908498474289796
1135.9437764096506,0.9821769,0.030313881,1.0909658193499818
1135.9537304515507,1.0403367,0.031173732,1.0911061770120285
1135.963684493451,1.0062854,0.03066504,1.091275578547278
1135.9736385353513,1.0425715,0.031192098,1.091470014249186
1135.9835925772516,0.97877336,0.030236442,1.0916871631283938
1135.9935466191516,0.9591746,0.029949822,1.09192373357341
1136.003500661052,0.9774041,0.030185707,1.0921682279073202
1136.0134547029522,1.0237968,0.030915221,1.092408710235078
1136.0234087448525,1.0668225,0.03149994,1.0926308657228603
1136.0333627867526,1.0489242,0.031257775,1.0928231991326918
1136.043316828653,1.0975299,0.031947453,1.0929826138846404
1136.0532708705532,1.1051826,0.032053683,1.0931066017435302
1136.0632249124533,1.0909431,0.031864382,1.0931976440667606
1136.0731789543536,1.0622699,0.03142706,1.0932663640766964
1136.0831329962539,1.0330826,0.030997371,1.0933193359365578
1136.0930870381542,1.0891691,0.031812686,1.0933622180758085
1136.1030410800543,1.0587244,0.0313595,1.0934010171802415
1136.1129951219546,1.0209717,0.03081053,1.0934379401224947
1136.1229491638549,1.0475874,0.031198565,1.0934741402611505
1136.132903205755,1.0908759,0.031814247,1.093511235572668
1136.1428572476552,1.0769166,0.03159861,1.0935525630745535
1136.1528112895555,1.042575,0.031121137,1.0936079730458754
1136.1627653314558,1.0407429,0.031075303,1.0936904917870414
1136.172719373356,1.0846262,0.031699058,1.0938157914563404
1136.1826734152562,1.0991066,0.031919975,1.094010419517183
1136.1926274571565,1.0939571,0.031831723,1.0942928044309328
1136.2025814990566,1.1058035,0.031970657,1.0946688534634297
1136.2125355409569,1.0568542,0.031270437,1.0951513246630111
1136.2224895828572,1.1110848,0.032044016,1.0957430687285072
1136.2324436247575,1.0494286,0.031166265,1.0964244337920581
1136.2423976666576,1.1063224,0.031981558,1.0971869401015153
1136.2523517085579,1.1411859,0.032493293,1.0980225230904321
1136.2623057504582,1.0744084,0.032136995,1.0989032568307184
1136.2722597923582,1.0793749,0.03255664,1.0998105996478391
1136.2822138342585,1.1360861,0.03389411,1.1007197703066254
1136.2921678761588,1.0855098,0.033118278,1.1016031114218154
1136.3021219180591,1.030841,0.03216865,1.10243765196138
1136.3120759599592,1.1089585,0.034000866,1.1031908002695765
1136.3220300018595,1.0838965,0.033484176,1.1038553340628738
1136.3319840437598,1.0844109,0.033523485,1.1044295169824738
1136.3419380856599,1.1422747,0.034696747,1.1049067859260715
1136.3518921275602,1.1691282,0.035017118,1.1053018182772343
1136.3618461694605,1.082868,0.03388914,1.1056344743525188
1136.3718002113608,1.0951914,0.034287117,1.105915740160613
1136.3817542532609,1.1644889,0.035564974,1.1061588214226128
1136.3917082951612,1.140517,0.03531877,1.1063772076180194
1136.4016623370615,1.1963922,0.03627279,1.1065754620689743
1136.4116163789615,1.0921649,0.034826744,1.106755215646415
1136.4215704208618,1.0344015,0.03410348,1.1069208540877615
1136.4315244627621,1.1457367,0.036286287,1.1070737481779829
1136.4414785046624,1.1322805,0.036300473,1.1072138663360942
1136.4514325465625,1.1351922,0.03608084,1.1073453349360203
1136.4613865884628,1.1531909,0.036195092,1.107469565866484
1136.471340630363,1.1063998,0.03506546,1.107585276362904
1136.4812946722632,1.1679817,0.036002222,1.107689878765546
1136.4912487141635,1.1365073,0.035802364,1.107776440900189
1136.5012027560638,1.0928029,0.03462184,1.1078277543803337
1136.511156797964,1.0541484,0.033593085,1.1078247209035759
1136.5211108398641,1.0514929,0.033979915,1.1077497444028577
1136.5310648817645,1.0812162,0.034414142,1.1075746291230844
1136.5410189236648,1.1368412,0.03525732,1.1072786621145878
1136.5509729655648,1.1225013,0.035144147,1.1068671075713195
1136.5609270074651,1.0845612,0.034679543,1.1063391268686338
1136.5708810493654,1.094248,0.035320666,1.1056986304036627
1136.5808350912657,1.0769631,0.034522537,1.104979599634409
1136.5907891331658,1.0738336,0.03477066,1.10420093452871
1136.600743175066,1.0819466,0.034836557,1.1033768380412652
1136.6106972169664,1.1497887,0.036052767,1.1025323808607779
1136.6206512588665,1.0241709,0.034367822,1.1016798524855633
1136.6306053007668,1.1216141,0.035835184,1.100830568931035
1136.640559342667,1.1373998,0.035121117,1.0999930354862106
1136.6505133845674,1.138142,0.034966096,1.0991739340633389
1136.6604674264674,1.0722704,0.034080695,1.0983838932194037
1136.6704214683677,1.040903,0.033377144,1.09762846790762
1136.680375510268,1.1376462,0.03487052,1.09690971655323
1136.6903295521684,1.0301228,0.032685358,1.0962329248401224
1136.7002835940684,1.1167707,0.034059953,1.0955985265918948
1136.7102376359687,1.115172,0.033873733,1.0949996763422414
1136.720191677869,1.0879133,0.033409312,1.0944330394452786
1136.730145719769,1.1465893,0.034088198,1.0938930820975923
1136.7400997616694,1.070402,0.03242982,1.0933668237151504
1136.7500538035697,1.0468307,0.031163538,1.092844480247882
1136.76000784547,1.0732695,0.031249836,1.0923132322148579
1136.76996188737,1.0860188,0.031417955,1.0917654538581494
1136.7799159292704,1.0405176,0.030767044,1.0911974784982186
1136.7898699711707,1.0170137,0.030424858,1.0906074240701087
1136.7998240130707,1.0193012,0.030456876,1.0900042571683373
1136.809778054971,1.0644664,0.031090852,1.089397125772848
1136.8197320968713,1.0454699,0.030818311,1.088796798668921
1136.8296861387716,1.030616,0.030616388,1.088209224298867
1136.8396401806717,1.0150175,0.030387906,1.0876284735009532
1136.849594222572,1.0320264,0.030600952,1.0870336269032501
1136.8595482644723,1.0323573,0.030626839,1.086392875081971
1136.8695023063724,0.9904965,0.030002875,1.0856877070541342
1136.8794563482727,0.9807709,0.029841043,1.0849057583436628
1136.889410390173,1.0742188,0.031203585,1.0840427814479563
1136.8993644320733,1.0685115,0.031094922,1.083116746775958
1136.9093184739734,1.0466553,0.030806294,1.082134071409413
1136.9192725158737,1.0584793,0.030974431,1.0810926383400647
1136.929226557774,1.0052816,0.03021916,1.0800071296756395
1136.939180599674,0.9983573,0.030096995,1.078881918929914
1136.9491346415743,1.0746988,0.03119048,1.0777163922861726
1136.9590886834746,1.0763555,0.031222856,1.0765206440033075
1136.969042725375,1.0574751,0.030928593,1.0753016960897168
1136.978996767275,1.0101753,0.030245231,1.0740682948051417
1136.9889508091753,1.034578,0.030583713,1.072838550504985
1136.9989048510756,1.071002,0.031102842,1.0716304326871535
1137.0088588929757,1.0359634,0.030601041,1.0704580913897357
1137.018812934876,1.0039973,0.030160127,1.0693187784048437
1137.0287669767763,1.0703939,0.031077808,1.0681948714843026
1137.0387210186766,1.037726,0.030616455,1.0670724591274139
1137.0486750605767,1.0716077,0.03108673,1.0659446267293733
1137.058629102477,1.0467465,0.0307366,1.0648179468764267
1137.0685831443773,1.0455006,0.030722996,1.0637068155617637
1137.0785371862773,1.0446995,0.030687423,1.0626393926931763
1137.0884912281776,1.1334883,0.031931974,1.061630092814738
1137.098445270078,1.1122301,0.031649616,1.0606949676380637
1137.1083993119782,1.0764971,0.031123225,1.0598640697855197
1137.1183533538783,1.0081093,0.030131644,1.0591415702103135
1137.1283073957786,1.1146404,0.031647608,1.0585383181218895
1137.138261437679,1.0731486,0.031042973,1.0580860578755014
1137.148215479579,1.070891,0.031030798,1.057792460949694
1137.1581695214793,1.1012644,0.031456433,1.0576535523388837
1137.1681235633796,1.0469644,0.030680165,1.0576793918562974
1137.17807760528,1.0786514,0.031141225,1.0578605742800455
1137.18803164718,1.116815,0.031660523,1.058161136670451
1137.1979856890803,1.1115888,0.031581342,1.058562129189342
1137.2079397309806,1.102874,0.031446714,1.0590473116371288
1137.2178937728809,1.0898721,0.03126255,1.059589048099157
1137.227847814781,1.0768429,0.031080872,1.0601808434073603
1137.2378018566812,1.0605577,0.030832713,1.0608342798369645
1137.2477558985815,1.0686344,0.030960198,1.0615476727892792
1137.2577099404816,1.0643175,0.030897383,1.0623293473266409
1137.267663982382,1.1529902,0.032111898,1.0631961246316655
1137.2776180242822,1.0377651,0.03051399,1.0641358313538007
1137.2875720661823,1.1592749,0.032183066,1.065132083710409
1137.2975261080826,1.1202754,0.03165671,1.0661626679488152
1137.307480149983,1.141114,0.03194588,1.0671897341353231
1137.3174341918832,1.0894912,0.031220254,1.0681794951148702
1137.3273882337833,1.0864645,0.031167625,1.0690989358434821
1137.3373422756836,1.1081936,0.031475037,1.0699251429860346
1137.3472963175839,1.0946227,0.03125741,1.070663089054134
1137.3572503594842,1.0925565,0.03122857,1.0713170367008642
1137.3672044013842,1.090481,0.031204958,1.0718962706906487
1137.3771584432845,1.1080085,0.03146209,1.0724310021700563
1137.3871124851848,1.104331,0.031366233,1.0729378481374348
1137.397066527085,1.1167737,0.031521603,1.0734283395925663
1137.4070205689852,1.0845089,0.031070452,1.0739128156891846
1137.4169746108855,1.0419827,0.030484192,1.074393656297116
1137.4269286527858,1.1217968,0.03158063,1.0748719045491417
1137.436882694686,1.0998952,0.031253472,1.0753500844404846
1137.4468367365862,1.1103892,0.03140066,1.0758318486208056
1137.4567907784865,1.0664364,0.030795652,1.0763248239066354
1137.4667448203866,1.0839487,0.031008303,1.0768389959083158
1137.4766988622869,1.0859625,0.031063072,1.0773840258403093
1137.4866529041872,1.0531778,0.030600071,1.0779750652031712
1137.4966069460875,1.0806617,0.030980594,1.0786278074192044
1137.5065609879875,1.0685596,0.030810885,1.0793436974629544
1137.5165150298878,1.0483766,0.030489855,1.0801269369760704
1137.5264690717881,1.0814276,0.030971231,1.080981157327801
1137.5364231136882,1.089824,0.03106651,1.081886209314069
1137.5463771555885,1.0618705,0.030678723,1.0828309278875894
1137.5563311974888,1.0186945,0.030071154,1.0838087158771565
1137.5662852393891,1.041939,0.030392196,1.0848073256331432
1137.5762392812892,1.0551674,0.030584155,1.0858257844148835
1137.5861933231895,1.0466986,0.03044925,1.0868743452201
1137.5961473650898,1.1008917,0.031190138,1.0879646408185804
1137.6061014069899,1.0788454,0.030898388,1.0891080105638231
1137.6160554488902,1.022677,0.03008129,1.0903138256202798
1137.6260094907905,1.1561679,0.031954486,1.091566498190792
1137.6359635326908,1.0726691,0.030796709,1.0928357571405645
1137.6459175745908,1.0822748,0.030915089,1.0940935428903504
1137.6558716164911,1.0844997,0.030944956,1.0953156486616813
1137.6658256583914,1.0491291,0.03045177,1.0964960579591192
1137.6757797002915,1.0889597,0.03101088,1.097631784784609
1137.6857337421918,1.0838667,0.030931309,1.098720078588899
1137.6956877840921,1.0484188,0.030432796,1.099775050955609
1137.7056418259924,1.0281563,0.03014438,1.1008045131959732
1137.7155958678925,1.1190369,0.03141005,1.1018126930190557
1137.7255499097928,1.0989729,0.031134024,1.1028042152143445
1137.735503951693,1.0719732,0.030742543,1.103773715450095
1137.7454579935932,1.0790937,0.030858256,1.1047034080753702
1137.7554120354935,1.0941201,0.03103592,1.1055803489978442
1137.7653660773938,1.0903296,0.031006882,1.1064000701800534
1137.775320119294,1.0919137,0.031030955,1.1071585008255878
1137.7852741611941,1.082632,0.030872494,1.1078581674356907
1137.7952282030944,1.1373472,0.031612605,1.108501640692558
1137.8051822449947,1.1263995,0.03146003,1.1090786504874006
1137.8151362868948,1.1252395,0.031446055,1.109577174259722
1137.825090328795,1.0533451,0.030430276,1.1100081471065204
1137.8350443706954,1.0919894,0.030989233,1.1103790237870144
1137.8449984125957,1.1270046,0.03146062,1.1106967285023046
1137.8549524544958,1.0617943,0.030557217,1.1109840620265625
1137.864906496396,1.1089321,0.031211695,1.111250128397554
1137.8748605382964,1.113862,0.03125834,1.1114966711468264
1137.8848145801967,1.0776244,0.030775506,1.1117258675378852
1137.8947686220968,1.1400263,0.03162367,1.1119378568523923
1137.904722663997,1.1032107,0.031111384,1.1121341958429363
1137.9146767058974,1.0678717,0.030618401,1.1123251775541605
1137.9246307477974,1.0575961,0.030474083,1.112524405626429
1137.9345847896977,1.0331668,0.030120993,1.1127489945030271
1137.944538831598,1.1120274,0.031204373,1.113014478452766
1137.9544928734983,1.0669792,0.030579586,1.113322897162087
1137.9644469153984,1.1299287,0.03143053,1.1136728786418302
1137.9744009572987,1.1147461,0.031231813,1.114055267430877
1137.984354999199,1.1145775,0.031221768,1.1144490490095638
1137.994309041099,1.1417751,0.031591773,1.114839563054838
1138.0042630829994,1.0933616,0.030928612,1.1152120143541064
1138.0142171248997,1.0723797,0.030620264,1.1155647293925515
1138.0241711668,1.0853055,0.030802025,1.1158998582425383
1138.0341252087,1.1116682,0.03117069,1.1162224046554754
1138.0440792506004,1.0684617,0.03056724,1.1165416789159448
1138.0540332925007,1.0963428,0.030941015,1.1168636204491407
1138.0639873344007,1.1185486,0.03126225,1.1171916542153164
1138.073941376301,1.139308,0.031528078,1.1175246766243854
1138.0838954182013,1.0022367,0.029598353,1.1178582867977724
1138.0938494601016,1.0960568,0.030935582,1.1181859697165155
1138.1038035020017,1.1096824,0.031106409,1.1184991324601499
1138.113757543902,1.0811176,0.03071943,1.118792893258959
1138.1237115858023,1.060129,0.030426735,1.1190627327531668
1138.1336656277024,1.07236,0.030600179,1.1193039942247476
1138.1436196696027,1.0981256,0.030927436,1.1195232951702305
1138.153573711503,1.1109896,0.031114096,1.119725496060382
1138.1635277534033,1.0901128,0.030833922,1.1199154897219468
1138.1734817953034,1.1092465,0.03105139,1.1201008038651434
1138.1834358372037,1.0663378,0.030484898,1.1202842148559267
1138.193389879104,1.1408511,0.031500816,1.1204649544775618
1138.203343921004,1.078706,0.030651007,1.1206393593807085
1138.2132979629043,1.1231898,0.031247072,1.1208020232462068
1138.2232520048046,1.0518229,0.030253736,1.1209439047882186
1138.233206046705,1.0819358,0.03068544,1.1210566201513668
1138.243160088605,1.1233076,0.03125796,1.121136462529709
1138.2531141305053,1.0786369,0.03062087,1.1211761740156796
1138.2630681724056,1.137774,0.031435654,1.1211650268262066
1138.2730222143057,1.0287511,0.029897867,1.1211000655685648
1138.282976256206,1.0436745,0.030132206,1.120968431813273
1138.2929302981063,1.0644034,0.030409917,1.1207367674455493
1138.3028843400066,1.0510011,0.030221803,1.1204000518991846
1138.3128383819067,1.092107,0.030790808,1.119942313160244
1138.322792423807,1.0771705,0.03057834,1.1193309085600043
1138.3327464657073,1.0885372,0.030728094,1.1185804200290743
1138.3427005076073,1.0494133,0.030186865,1.1177020220583227
1138.3526545495076,1.0508195,0.030205337,1.1166982144726019
1138.362608591408,1.0382918,0.030029407,1.1155970241395885
1138.3725626333082,1.0635831,0.030380167,1.114425776183746
1138.3825166752083,1.029757,0.029892879,1.1131955174731225
1138.3924707171086,1.0897588,0.030715548,1.1119116890572533
1138.402424759009,1.0589789,0.030297536,1.1105754410338196
1138.4123788009092,1.0357434,0.029963618,1.1091694443903117
1138.4223328428093,1.0705129,0.030578254,1.1076557678252499
1138.4322868847096,1.0692524,0.031260546,1.1060213499073228
1138.4422409266099,1.0739478,0.031600982,1.1042463451618592
1138.45219496851,1.0613046,0.03186837,1.1022932815770043
1138.4621490104103,1.0352968,0.03127988,1.1001966154897522
1138.4721030523106,1.0559309,0.031613044,1.097981739631445
1138.4820570942106,1.044814,0.032137185,1.09568192309986
1138.492011136111,1.0623215,0.03203538,1.093362128486984
1138.5019651780112,1.020893,0.031686187,1.0910771873163179
1138.5119192199115,1.0539855,0.032354932,1.0888831159445824
1138.5218732618116,1.1057407,0.03299848,1.086812895376239
1138.531827303712,1.0953635,0.03311314,1.0848641898258893
1138.5417813456122,1.0457141,0.032623965,1.0830346246802116
1138.5517353875125,1.0750221,0.033354394,1.081312889574682
1138.5616894294126,1.1531717,0.034447316,1.079668507441942
1138.5716434713129,1.0283068,0.032927584,1.0780913107004557
1138.5815975132132,1.0317187,0.032774057,1.0765873650928275
1138.5915515551133,1.0697728,0.033776596,1.0751499834873528
1138.6015055970136,1.0644453,0.033830594,1.0737877973483658
1138.6114596389139,1.1050782,0.03474494,1.0725265276433413
1138.6214136808142,1.0778947,0.034531347,1.0713645930141114
1138.6313677227142,1.0929923,0.03398888,1.0703045373491942
1138.6413217646145,1.0873357,0.03364726,1.0693592966414194
1138.6512758065148,1.1380484,0.034538347,1.0685188410135464
1138.661229848415,1.0550966,0.033337828,1.0677688793877806
1138.6711838903152,1.079696,0.03340703,1.067107365354925
1138.6811379322155,1.1139613,0.03339039,1.0665279686647415
1138.6910919741158,1.0807793,0.033314295,1.0660161246428486
1138.7010460160159,1.0669656,0.03292844,1.0655703522975302
1138.7110000579162,1.0368434,0.032660242,1.0651956747396736
1138.7209540998165,1.0434635,0.03295461,1.0648812558892944
1138.7309081417166,1.0716866,0.03343299,1.0646256840271833
1138.7408621836169,1.1335243,0.03483313,1.0644359366190876
1138.7508162255172,1.061023,0.03316618,1.0642968417947705
1138.7607702674175,1.0210655,0.032912206,1.0642023313417253
1138.7707243093175,1.0304682,0.032860447,1.064151204987877
1138.7806783512178,1.0253521,0.033024684,1.0641338683577453
1138.7906323931181,1.0049864,0.032936063,1.0641445503719704
1138.8005864350182,1.1311207,0.034644436,1.0641820896058538
1138.8105404769185,1.1146449,0.03363753,1.0642421868866987
1138.8204945188188,0.9757963,0.03151084,1.0643186802907123
1138.830448560719,1.0775585,0.033299122,1.0644076353640526
1138.8404026026192,1.0360385,0.032250464,1.0645052179994399
1138.8503566445195,1.0543509,0.032338396,1.0646080447537933
1138.8603106864198,1.0164123,0.03143896,1.0647163664598833
1138.8702647283199,1.088096,0.03251998,1.0648351785357661
1138.8802187702202,1.0583472,0.032052796,1.0649697724422607
1138.8901728121205,1.1160307,0.03277076,1.0651287898439277
1138.9001268540208,1.0371823,0.031473886,1.0653299184199228
1138.9100808959208,1.0493902,0.030877993,1.065581501678795
1138.9200349378211,1.0754669,0.030370679,1.065893103174407
1138.9299889797214,1.0124384,0.029444221,1.0662818034271135
1138.9399430216215,1.0374054,0.029807411,1.0667496525986717
1138.9498970635218,1.0236143,0.029589526,1.06729239862743
1138.959851105422,1.0247798,0.0296294,1.0679144832465912
1138.9698051473224,1.0206871,0.029559638,1.0686174533286659
1138.9797591892225,0.9985037,0.029234335,1.0693931529756076
1138.9897132311228,1.037423,0.029782224,1.0702459118598961
1138.999667273023,0.99481034,0.02918376,1.0711888318204967
1139.0096213149232,0.97917837,0.028939033,1.0722126696485992
1139.0195753568235,0.9959662,0.029191697,1.0733186373107895
1139.0295293987238,1.0195159,0.029535374,1.074518813723193
1139.039483440624,0.99181885,0.029130328,1.0757910196050853
1139.0494374825241,0.95148826,0.028548423,1.0771202901784571
1139.0593915244244,0.9651599,0.028738389,1.0784880201276457
1139.0693455663247,1.010826,0.029378224,1.0798607602890393
1139.079299608225,1.003297,0.029257713,1.081209206587476
1139.089253650125,0.9206709,0.028050898,1.0824998842988975
1139.0992076920254,0.91768986,0.028034223,1.0837069856494077
1139.1091617339257,0.9048519,0.027830407,1.0848247785328944
1139.1191157758258,0.97134894,0.028816491,1.0858471905119906
1139.129069817726,0.9168827,0.028002478,1.0867800255018643
1139.1390238596264,0.9123592,0.027945535,1.0876581857593077
1139.1489779015265,0.92052144,0.028056817,1.0885072620849054
1139.1589319434268,0.9399749,0.02832722,1.0893518622893492
1139.168885985327,0.94379556,0.028388802,1.0902059334574936
1139.1788400272274,0.92983264,0.028188555,1.0910683486907369
1139.1887940691274,0.92885894,0.028168593,1.0919246605615123
1139.1987481110277,0.94416535,0.028386287,1.0927518274407992
1139.208702152928,0.9408932,0.028325569,1.0935254158660896
1139.2186561948283,0.87229997,0.027298417,1.0942085677754037
1139.2286102367284,0.93450487,0.028243463,1.0947767773287698
1139.2385642786287,0.94852704,0.028426593,1.095220957802935
1139.248518320529,0.947664,0.028394261,1.095522643458057
1139.258472362429,0.9163668,0.027943444,1.095674595878581
1139.2684264043294,0.9502465,0.028465372,1.0957049013227658
1139.2783804462297,0.95858496,0.028573476,1.0956325112746617
1139.28833448813,0.9899224,0.029032191,1.0954783482465817
1139.29828853003,1.0201906,0.029437395,1.0952829758553033
1139.3082425719304,0.99138874,0.029037552,1.0950662317389184
1139.3181966138307,1.0189469,0.029421957,1.0948426355396226
1139.3281506557307,0.9522909,0.028449068,1.094622878232573
1139.338104697631,0.95838714,0.028533269,1.0944122186695897
1139.3480587395313,0.9663822,0.028647464,1.094216880377645
1139.3580127814316,0.97923285,0.028827013,1.0940407135148988
1139.3679668233317,0.9685354,0.028667634,1.0938868003044586
1139.377920865232,0.9999455,0.029137274,1.0937612821647935
1139.3878749071323,1.0358776,0.029610375,1.0936677697721673
1139.3978289490324,1.0078514,0.02923563,1.0936029617476912
1139.4077829909327,1.0312585,0.029571988,1.0935632740983174
1139.417737032833,1.0377594,0.029642843,1.0935379130394818
1139.4276910747333,0.9873081,0.028924081,1.0935070522952879
1139.4376451166333,1.097255,0.030445378,1.093452114535034
1139.4475991585336,1.07209,0.030121267,1.0933461300042444
1139.457553200434,1.0193387,0.029377127,1.093185641057627
1139.467507242334,1.0020471,0.02912326,1.092968780754353
1139.4774612842343,1.0852407,0.030264355,1.0926920171815762
1139.4874153261346,1.0713769,0.030079838,1.0923694145922758
1139.497369368035,1.104422,0.030537533,1.0920147953852157
1139.507323409935,1.0897857,0.030338798,1.0916421649013575
1139.5172774518353,1.0718482,0.030082505,1.0912726172432121
1139.5272314937356,1.1096568,0.030594235,1.0909266501516577
1139.5371855356357,1.0836637,0.030236352,1.0906253390377751
1139.547139577536,1.0874745,0.030288335,1.0903871389257087
1139.5570936194363,1.1480494,0.031096514,1.0902076795290787
1139.5670476613366,1.123719,0.030771911,1.0900826064113285
1139.5770017032366,1.054719,0.029826244,1.0900087950865873
1139.586955745137,1.0429677,0.029660862,1.0899674024384
1139.5969097870372,1.0508828,0.0297746,1.089950694351361
1139.6068638289373,1.0168948,0.029281879,1.0899558079405618
1139.6168178708376,1.1320118,0.030869227,1.0899771549978392
1139.626771912738,1.0847478,0.030209474,1.0900121929638937
1139.6367259546382,1.1148782,0.030626148,1.0900600486392662
1139.6466799965383,1.084171,0.030205416,1.0901178460422511
1139.6566340384386,1.1016936,0.030441655,1.0901833135362724
1139.666588080339,1.0959569,0.030361107,1.0902572691103538
1139.676542122239,1.1312886,0.030834004,1.0903437533345615
1139.6864961641393,1.0447475,0.029654946,1.0904481212278392
1139.6964502060396,1.0815449,0.030160405,1.0905794731929945
1139.7064042479399,1.0733132,0.030055676,1.0907525692516797
1139.71635828984,1.0847137,0.030188719,1.0909679819081604
1139.7263123317402,1.044741,0.029635616,1.0912278612710486
1139.7362663736405,1.0509347,0.029723292,1.091537873458605
1139.7462204155408,1.0993766,0.03037829,1.091887641583002
1139.756174457441,1.031308,0.029455703,1.0922715150837816
1139.7661284993412,1.0464172,0.029654786,1.092687650248571
1139.7760825412415,0.9963677,0.028947486,1.093128949817186
1139.7860365831416,1.0765612,0.030071834,1.0935893694873515
1139.795990625042,1.0727189,0.030012257,1.0940650402617966
1139.8059446669422,1.0750338,0.030026902,1.0945472792677755
1139.8158987088425,1.0360373,0.029496733,1.0950213086258411
1139.8258527507426,1.0139819,0.029184839,1.0954651398846087
1139.8358067926429,1.0702775,0.029972462,1.095840481219304
1139.8457608345432,1.0107553,0.029124616,1.0961275988385215
1139.8557148764432,1.043339,0.02958388,1.096307305839325
1139.8656689183435,1.0303798,0.029400904,1.0963451481460444
1139.8756229602438,1.047098,0.029634329,1.0962557177681318
1139.8855770021441,1.0365067,0.029482545,1.0960410232675866
1139.8955310440442,1.0961528,0.030271033,1.0956912120315776
1139.9054850859445,1.0851617,0.030150738,1.095229276684435
1139.9154391278448,1.1079755,0.030439025,1.0946811930028493
1139.925393169745,1.082763,0.030085951,1.0940691432158252
1139.9353472116452,1.0823189,0.030094946,1.0934271392486272
1139.9453012535455,1.0340531,0.029428272,1.0927872138359198
1139.9552552954458,1.1158347,0.0305318,1.092172521452671
1139.9652093373459,1.0449965,0.029572947,1.0916034622104376
1139.9751633792462,1.0744616,0.029970296,1.0910814127223742
1139.9851174211465,1.0653968,0.029847445,1.0906075740458414
1139.9950714630465,1.0766885,0.029988341,1.090191792372114
1140.0050255049468,1.1117309,0.030462617,1.0898294182302006
1140.0149795468471,1.0754638,0.02998307,1.0895281321237476
1140.0249335887474,1.0721602,0.029916983,1.089309410584327
1140.0348876306475,1.0509361,0.029629353,1.0891771777241699
1140.0448416725478,1.0788795,0.030008523,1.0891326101071448
1140.0547957144481,1.0820718,0.030043937,1.0891791302939642
1140.0647497563482,1.0511559,0.029632144,1.0892945693675307
1140.0747037982485,1.0705378,0.029879801,1.0894402767695472
1140.0846578401488,1.0726228,0.029907882,1.0895813440787998
1140.094611882049,1.0885928,0.030127054,1.089684897714656
1140.1045659239492,1.0868096,0.03009707,1.089738056411023
1140.1145199658495,1.0762845,0.0299501,1.0897319047970462
1140.1244740077498,1.0986202,0.03024521,1.0896513798007492
1140.1344280496498,1.1089867,0.030371463,1.089509799771275
1140.1443820915501,1.0451146,0.029529078,1.089313659157259
1140.1543361334504,1.076415,0.029944006,1.089068699230406
1140.1642901753507,1.13078,0.030670317,1.088795745574996
1140.1742442172508,1.1516752,0.030939832,1.0885107353750199
1140.1841982591511,1.1434886,0.03082454,1.0882270031584027
1140.1941523010514,1.0415069,0.02945252,1.0879531484951552
1140.2041063429515,1.0908085,0.030127887,1.087691105340598
1140.2140603848518,1.0891374,0.03010678,1.0874440723005483
1140.224014426752,1.0545727,0.029633394,1.0872210071337576
1140.2339684686524,1.0456082,0.02949862,1.0870277364172483
1140.2439225105525,1.1382964,0.030737983,1.0868658918796057
1140.2538765524528,1.0462093,0.02950166,1.0867293241681648
1140.263830594353,1.0577997,0.029660018,1.0865992528591164
1140.2737846362534,1.068111,0.029797098,1.0864637766376224
1140.2837386781534,1.0760926,0.029895259,1.0863127788509035
1140.2936927200537,1.0845929,0.03002374,1.08614765066614
1140.303646761954,1.0374428,0.029366398,1.0859764991218632
1140.3136008038541,1.0498339,0.029531583,1.0858136228487747
1140.3235548457544,1.0097315,0.02897743,1.0856725782956032
1140.3335088876547,1.0999625,0.030196391,1.0855586469903509
1140.3434629295548,1.1213943,0.030492516,1.0854729841000206
1140.353416971455,1.0847069,0.029991565,1.0854102108698027
1140.3633710133554,1.1322343,0.030625574,1.085360294958177
1140.3733250552557,1.1244236,0.03050967,1.085318370754036
1140.3832790971558,1.0729666,0.029816873,1.0852841550720367
1140.393233139056,1.0718062,0.02981207,1.0852595188503706
1140.4031871809564,1.0725982,0.029810362,1.0852497106914516
1140.4131412228567,1.1258616,0.030526623,1.0852654848516803
1140.4230952647567,1.1283871,0.030548127,1.085310874761212
1140.433049306657,1.1433485,0.030737812,1.0853906029979994
1140.4430033485573,1.0769719,0.029853094,1.0855143556514348
1140.4529573904574,1.0541025,0.029557774,1.0856852372088905
1140.4629114323577,1.0940115,0.03008738,1.0859042575735567
1140.472865474258,1.169814,0.031086091,1.0861792755927697
1140.4828195161583,1.0699433,0.029766014,1.0865172758428883
1140.4927735580584,1.0560546,0.029568918,1.0869150950463604
1140.5027275999587,1.1355858,0.030639442,1.087377034029526
1140.512681641859,1.0727414,0.029789457,1.0879146377228488
1140.522635683759,1.0859487,0.029964296,1.088519045194145
1140.5325897256594,1.0595435,0.029610766,1.0891915284796507
1140.5425437675597,1.0760032,0.029825982,1.089944861312682
1140.55249780946,1.0909933,0.030032959,1.0907696058458383
1140.56245185136,1.0814244,0.029896438,1.0916651615798743
1140.5724058932603,1.075687,0.029821051,1.0926410423579758
1140.5823599351606,1.0643425,0.029654643,1.0936920728601969
1140.5923139770607,1.0959156,0.030086583,1.0948071815024816
1140.602268018961,1.0759925,0.029825736,1.0959739320836
1140.6122220608613,1.1118226,0.030289272,1.0971645433938872
1140.6221761027616,1.097244,0.030087633,1.0983468986640754
1140.6321301446617,1.0715861,0.029744308,1.0994955777235174
1140.642084186562,1.0880517,0.029966693,1.1005837812130776
1140.6520382284623,1.1064295,0.030210761,1.1016080095499396
1140.6619922703624,1.0911723,0.029998321,1.1025618174830405
1140.6719463122627,1.1577629,0.030875675,1.1034256960273838
1140.681900354163,1.136304,0.030588787,1.1042040709907779
1140.6918543960633,1.0421205,0.02932263,1.1048896383884108
1140.7018084379633,1.0966583,0.030058729,1.105457181309031
1140.7117624798636,1.1030841,0.03014048,1.1058997095863135
1140.721716521764,1.133064,0.030540545,1.1062151389432866
1140.731670563664,1.1109148,0.03023721,1.1063880140949236
1140.7416246055643,1.1590244,0.030879518,1.1064159858612028
1140.7515786474646,1.1073954,0.030194972,1.1063200113273968
1140.761532689365,1.0705532,0.029684948,1.1061011727072572
1140.771486731265,1.0908065,0.029971786,1.1057466768134985
1140.7814407731653,1.1347569,0.03052375,1.1052763113485358
1140.7913948150656,1.0707625,0.029684993,1.1046945057219282
1140.8013488569657,1.1595428,0.030854791,1.1039996324693218
1140.811302898866,1.1588877,0.030845053,1.1032370879104634
1140.8212569407663,1.1333567,0.030495666,1.1024460879075941
1140.8312109826666,1.0868493,0.029891264,1.101675637943508
1140.8411650245666,1.057266,0.029488012,1.1009646368200416
1140.851119066467,1.0896199,0.029926986,1.1003278290408307
1140.8610731083672,1.0864338,0.029878916,1.0997757871027063
1140.8710271502673,1.0776156,0.029744746,1.0993080997883498
1140.8809811921676,1.0937775,0.029972997,1.0989096377621266
1140.890935234068,1.1249323,0.03037507,1.0985688408019088
1140.9008892759682,1.1081184,0.030146351,1.0982615963011715
1140.9108433178683,1.1362443,0.030534534,1.0979466620838947
1140.9207973597686,1.063512,0.029544007,1.0975907802230607
1140.9307514016689,1.0780599,0.029743552,1.097151335574223
1140.9407054435692,1.1137934,0.030214053,1.0966217628423776
1140.9506594854693,1.1072059,0.030120583,1.0959982013276686
1140.9606135273696,1.0983726,0.030403242,1.0952724123141473
1140.9705675692699,1.1108841,0.030848613,1.0944594852383533
1140.98052161117,1.0873164,0.03091061,1.0935755291299454
1140.9904756530702,1.1053015,0.03120092,1.0926344220114557
1141.0004296949705,1.0577698,0.030397834,1.0916663212952642
1141.0103837368708,1.1194869,0.031686228,1.0907054251391917
1141.020337778771,1.136812,0.031918187,1.089776357716227
1141.0302918206712,1.0523214,0.030686295,1.0888993873505728
1141.0402458625715,1.0759398,0.031190837,1.0880729502974502
1141.0501999044716,1.0659187,0.031157898,1.0872979357051915
1141.0601539463719,1.0957998,0.03154546,1.086582703709573
1141.0701079882722,1.0771371,0.031452637,1.085917512028796
1141.0800620301725,1.1301621,0.032299373,1.0852999761898672
1141.0900160720726,1.0588785,0.031622376,1.0847336999999941
1141.0999701139729,1.0933931,0.03212404,1.0842130169862056
1141.1099241558732,1.0873678,0.03221779,1.0837330894820532
1141.1198781977732,1.1041088,0.032481752,1.0832950047625438
1141.1298322396735,1.0536256,0.03182292,1.082897732002535
1141.1397862815738,1.0948886,0.032727778,1.0825356639718564
1141.1497403234741,1.1095891,0.033059224,1.0822085839872757
1141.1596943653742,1.0630541,0.032189317,1.081918783338367
1141.1696484072745,1.0918832,0.032042615,1.0816591841457255
1141.1796024491748,1.08096,0.03193167,1.0814276526965743
1141.1895564910749,1.1098101,0.03252706,1.0812261810571255
1141.1995105329752,1.1350343,0.032788217,1.0810487383199545
1141.2094645748755,1.0615772,0.031376116,1.0808946181448749
1141.2194186167758,1.1057826,0.032024812,1.0807686158039318
1141.2293726586759,1.1177711,0.03237488,1.0806727908136362
1141.2393267005762,1.1663766,0.032901354,1.0806096417540918
1141.2492807424765,1.10452,0.032229975,1.080586518010595
1141.2592347843765,1.159466,0.033205166,1.0806086768202379
1141.2691888262768,1.0844891,0.03228279,1.0806738374863891
1141.2791428681771,1.0812993,0.032238014,1.0807841227075858
1141.2890969100774,1.1413225,0.0327503,1.0809448152895444
1141.2990509519775,1.152672,0.033123415,1.081148422114566
1141.3090049938778,1.1376163,0.032999005,1.0813950788290632
1141.318959035778,1.0583416,0.031975545,1.081694553343744
1141.3289130776782,1.1117611,0.0327736,1.082044124185762
1141.3388671195785,1.1124784,0.03232718,1.08244862445752
1141.3488211614788,1.1198173,0.032179058,1.0829228978195253
1141.358775203379,1.1126858,0.03230174,1.0834702357274844
1141.3687292452792,1.0872194,0.03178235,1.0840899025904942
1141.3786832871795,1.1531318,0.032479726,1.084786959425997
1141.3886373290798,1.0918394,0.031391338,1.0855588033782024
1141.3985913709798,1.1239353,0.031756353,1.0863906294454355
1141.4085454128801,1.1291429,0.03179847,1.0872763806053711
1141.4184994547804,1.1965554,0.032665186,1.088211983111023
1141.4284534966807,1.1300824,0.031657,1.0891769038137546
1141.4384075385808,1.1343776,0.031350482,1.0901525323540628
1141.448361580481,1.0883505,0.030047162,1.091112540076222
1141.4583156223814,1.0392963,0.029112013,1.0920445414888171
1141.4682696642815,1.0935975,0.02982193,1.0929498307470238
1141.4782237061818,1.1431023,0.030465143,1.0938328679233371
1141.488177748082,1.1455384,0.030490113,1.094697614242206
1141.4981317899824,1.1412534,0.03043855,1.095538474085127
1141.5080858318825,1.1419138,0.030443985,1.096338038236695
1141.5180398737828,1.2063203,0.03126964,1.0970764550578567
1141.527993915683,1.1537143,0.030585801,1.0977475987324703
1141.5379479575831,1.1445351,0.030481609,1.0983401947309175
1141.5479019994834,1.1185992,0.030132309,1.0988303564123318
1141.5578560413837,1.0806904,0.029623229,1.0992193072790815
1141.567810083284,1.1409782,0.030415379,1.099494244470086
1141.577764125184,1.0480565,0.029182002,1.0996246285717162
1141.5877181670844,1.1586651,0.030644458,1.0996308403199677
1141.5976722089847,1.1107491,0.030023089,1.099536805301757
1141.607626250885,1.1633437,0.030692926,1.0993738468041836
1141.617580292785,1.1427686,0.030424546,1.0991862490534776
1141.6275343346854,1.1551429,0.030585805,1.099000186455508
1141.6374883765857,1.1565362,0.03060108,1.0988286800267422
1141.6474424184858,1.1368835,0.030338598,1.0986821302430916
1141.657396460386,1.1011341,0.029877976,1.098568204301809
1141.6673505022864,1.1026098,0.029891666,1.098497577807763
1141.6773045441867,1.0616848,0.029338986,1.0984812723266602
1141.6872585860867,1.0708196,0.029457623,1.0985039000410026
1141.697212627987,1.1577078,0.030608945,1.0985514220929387
1141.7071666698873,1.1141211,0.030023467,1.0986048955602314
1141.7171207117874,1.1088976,0.029964762,1.0986427509149985
1141.7270747536877,1.1119697,0.02999292,1.0986479138130032
1141.737028795588,1.0685749,0.029424395,1.0985959619425394
1141.7469828374883,1.0590937,0.029285299,1.0984664416026717
1141.7569368793884,1.1286961,0.030209567,1.0982461577104965
1141.7668909212887,1.0879633,0.029666996,1.0979158356661034
1141.776844963189,1.1229678,0.030126441,1.0974617018970148
1141.786799005089,1.0907265,0.029706892,1.0968972227484028
1141.7967530469894,1.1579947,0.030583074,1.0962224465933976
1141.8067070888897,1.1094555,0.02994404,1.0954218765039963
1141.81666113079,1.1076198,0.029909477,1.094518228728813
1141.82661517269,1.1323496,0.030236362,1.0935174082083883
1141.8365692145903,1.0876917,0.029650075,1.0924168388951396
1141.8465232564906,1.1509974,0.03047534,1.0912410848696676
1141.8564772983907,1.1180178,0.030044995,1.0900077453056203
1141.866431340291,1.0934896,0.029727427,1.088728593066894
1141.8763853821913,1.1153848,0.030007664,1.0874196790622639
1141.8863394240916,1.0721254,0.029427473,1.0860928708481077
1141.8962934659917,1.1335279,0.030237937,1.0847529899934556
1141.906247507892,1.0506998,0.029134532,1.083402643931027
1141.9162015497923,1.086331,0.029614706,1.0820448062838208
1141.9261555916923,1.1052463,0.029864566,1.0806807088512882
1141.9361096335927,1.058815,0.029240765,1.079311215041244
1141.946063675493,1.0427805,0.02902987,1.0779388480392857
1141.9560177173933,1.1181272,0.030017624,1.0765646022907944
1141.9659717592933,1.1069173,0.029878736,1.075188558324196
1141.9759258011936,1.0543239,0.029173376,1.073810573046646
1141.985879843094,1.0243819,0.028764501,1.0724305877559495
1141.995833884994,1.0555384,0.029181434,1.0710496833193106
1142.0057879268943,1.0678585,0.029348707,1.0696718913774133
1142.0157419687946,1.1241689,0.030092828,1.0683037064472787
1142.025696010695,1.1243054,0.030088468,1.0669563647984586
1142.035650052595,1.0646027,0.029295342,1.0656514426059924
1142.0456040944953,1.1111627,0.02990887,1.0644073312808564
1142.0555581363956,1.05331,0.0291459,1.0632485358566355
1142.0655121782956,1.1156242,0.029969748,1.0622209220486045
1142.075466220196,1.101695,0.029781733,1.0613212595073258
1142.0854202620962,1.1092689,0.029882353,1.0605550294185906
1142.0953743039966,1.060703,0.029233348,1.0599442004627917
1142.1053283458966,1.1111561,0.029897485,1.0594828808765178
1142.115282387797,1.067414,0.0293244,1.0591696584390324
1142.1252364296972,1.0923127,0.029646698,1.0590246511966348
1142.1351904715975,1.0484837,0.029057415,1.0590560564569151
1142.1451445134976,1.0832988,0.029523334,1.0592456976886975
1142.155098555398,1.0644953,0.02927535,1.0595906633418546
1142.1650525972982,1.0590594,0.02919869,1.0600920865815295
1142.1750066391983,1.0455389,0.029010734,1.060712584960881
1142.1849606810986,1.0709786,0.029356865,1.0614403894526103
1142.1949147229989,1.0289431,0.028783299,1.0622837838933903
1142.204868764899,1.0856123,0.029543865,1.0632182194359525
1142.2148228067992,1.0569203,0.029152952,1.0642267015145148
1142.2247768486995,1.0284333,0.02876842,1.0652886470497798
1142.2347308905998,1.0368916,0.028876381,1.0663733988669217
1142.2446849325,1.0843205,0.029515544,1.0674622819221775
1142.2546389744002,1.0350935,0.028857687,1.0685435910149024
1142.2645930163005,1.0437139,0.028962048,1.0696070096127621
1142.2745470582008,1.0316441,0.028805247,1.0706459853598629
1142.284501100101,1.0254097,0.028711468,1.0716516692362033
1142.2944551420012,1.0485941,0.0290272,1.0726088293737122
1142.3044091839015,1.0617876,0.029197875,1.073515828426042
1142.3143632258016,1.0982249,0.029692344,1.074366072541991
1142.3243172677019,1.039144,0.028903086,1.075142621240525
1142.3342713096022,1.0334516,0.028820653,1.0758476337950413
1142.3442253515025,0.9677433,0.027908735,1.0764779188183429
1142.3541793934025,1.0001606,0.028355554,1.0770221253896317
1142.3641334353028,0.96132916,0.027814379,1.077490107909807
1142.3740874772031,0.96647424,0.027882647,1.0779118955389617
1142.3840415191032,1.0599307,0.029157935,1.078330492463254
1142.3939955610035,0.99588823,0.028293114,1.0788042917754352
1142.4039496029038,0.99904644,0.028326208,1.0793686964076241
1142.4139036448041,0.97235733,0.027948476,1.0800470189759497
1142.4238576867042,0.9953275,0.028270105,1.080866994182362
1142.4338117286045,0.99472505,0.028261624,1.0817986233059733
1142.4437657705048,0.9743317,0.0279745,1.0828217290661737
1142.4537198124049,1.0231382,0.028648315,1.0839117314815896
1142.4636738543052,1.0192182,0.02859841,1.0850255593137756
1142.4736278962055,1.065906,0.029226111,1.0861367367881796
1142.4835819381058,1.0494648,0.02900379,1.0872266255754868
1142.4935359800058,1.0439754,0.028925734,1.0882858765940338
1142.5034900219061,1.0437866,0.028923435,1.0893126868233227
1142.5134440638064,1.0568498,0.02909612,1.0902997494210962
1142.5233981057065,1.123759,0.02997423,1.0912313222788887
1142.5333521476068,1.0818273,0.029422328,1.092101725747514
1142.5433061895071,1.1109909,0.02980505,1.0929040554462108
1142.5532602314074,1.1103785,0.029787354,1.0936255854244188
1142.5632142733075,1.0983722,0.02962984,1.0942844314849367
1142.5731683152078,1.091211,0.029536558,1.0948868934783649
1142.583122357108,1.0647084,0.029182658,1.0954302697516376
1142.5930763990082,1.0963691,0.029603247,1.095919244205034
1142.6030304409085,1.0924087,0.029547239,1.096352411967422
1142.6129844828088,1.1163799,0.029857993,1.096711769033814
1142.622938524709,1.105409,0.029717634,1.0969722083205413
1142.6328925666091,1.0834765,0.029428605,1.0971224383526126
1142.6428466085094,1.0710585,0.029257536,1.0971487368444408
1142.6528006504097,1.0707626,0.029249387,1.0970354505599709
1142.6627546923098,1.1266122,0.029980434,1.0968037955865708
1142.6727087342101,1.0986207,0.029611755,1.0964549012794926
1142.6826627761104,1.0416127,0.028857239,1.0959678424084565
1142.6926168180107,1.0695459,0.029225772,1.0953598639843152
1142.7025708599108,1.0866356,0.029446438,1.094634107713511
1142.712524901811,1.084763,0.02942727,1.0937816224835566
1142.7224789437114,1.1716526,0.03055312,1.092816934717848
1142.7324329856115,1.0669687,0.029186128,1.0917563615510315
1142.7423870275118,0.9821403,0.028027536,1.0906022755480105
1142.752341069412,0.97864515,0.027974652,1.0893576329282917
1142.7622951113124,1.054628,0.029012285,1.088035358565346
1142.7722491532124,1.0096117,0.028402314,1.0866350600099692
1142.7822031951127,1.0210234,0.028556125,1.085150531750723
1142.792157237013,1.0131004,0.028450865,1.0836100329293066
1142.8021112789133,1.007755,0.028371062,1.0820386120735295
1142.8120653208134,0.994387,0.028184572,1.0804679553170375
1142.8220193627137,0.9842101,0.02804113,1.0789238112547193
1142.831973404614,0.9917746,0.02814329,1.0774220385708264
1142.841927446514,1.0171785,0.028492998,1.075985250703765
1142.8518814884144,0.9831216,0.028023735,1.0746277669123927
1142.8618355303147,0.99068725,0.028124005,1.0733507644409477
1142.871789572215,1.0061122,0.028334336,1.072160318938722
1142.881743614115,0.9448665,0.027479773,1.071062880258236
1142.8916976560154,0.89348096,0.026740108,1.0700477396892196
1142.9016516979157,0.90716875,0.026941074,1.069118261350709
1142.9116057398157,0.9497684,0.02754197,1.0682992603331818
1142.921559781716,0.9503179,0.027555194,1.0675816525767465
1142.9315138236163,0.9505755,0.027554916,1.0669707789809584
1142.9414678655166,0.9100303,0.026976248,1.066482288805143
1142.9514219074167,0.92148584,0.02713636,1.066101033982708
1142.961375949317,0.9585251,0.027657365,1.0658120683252748
1142.9713299912173,0.89974856,0.026817167,1.0656097144941783
1142.9812840331174,0.9296854,0.02724277,1.0654812727437912
1142.9912380750177,0.9535407,0.027581416,1.0654099123210763
1143.001192116918,0.99834156,0.028210662,1.0653906961926556
1143.0111461588183,0.9512338,0.02755712,1.0654238156189615
1143.0211002007184,0.9581013,0.027646372,1.065498732407817
1143.0310542426187,0.94709426,0.027486285,1.0656134730017706
1143.041008284519,0.9547325,0.027591651,1.065774341992256
1143.050962326419,1.0232556,0.028538246,1.0659773978212155
1143.0609163683193,1.0096074,0.028347556,1.0662264765332528
1143.0708704102196,1.0148354,0.028417613,1.0665345795917696
1143.08082445212,0.99389225,0.028129,1.0669043535835265
1143.09077849402,0.99914926,0.02820092,1.0673287155056896
1143.1007325359203,0.98896116,0.028059047,1.0677913357547308
1143.1106865778206,0.96563435,0.027737055,1.068256541800519
1143.1206406197207,0.96102333,0.027665382,1.0686938371693309
1143.130594661621,0.8964623,0.026745688,1.0690886273345965
1143.1405487035213,0.9481497,0.027482737,1.0694291515706047
1143.1505027454216,0.9559339,0.02759262,1.0697219187818772
1143.1604567873217,0.88398993,0.026564399,1.0699655100419971
1143.170410829222,0.89453924,0.026716806,1.0701541657865867
1143.1803648711223,0.8559646,0.02614171,1.0703017800181671
1143.1903189130223,0.8880675,0.026614498,1.070424494203957
1143.2002729549226,0.8387154,0.02588587,1.0705448001093303
1143.210226996823,0.7451649,0.024441801,1.0706916141751537
1143.2201810387232,0.76572037,0.024763739,1.0708848016827393
1143.2301350806233,0.7996143,0.02528417,1.071137942141417
1143.2400891225236,0.7541149,0.024576738,1.0714557513347165
1143.250043164424,0.73377484,0.024253502,1.0718209977551365
1143.259997206324,0.73839915,0.024327036,1.0722199082673611
1143.2699512482243,0.781543,0.02500374,1.072634813025141
1143.2799052901246,0.7483313,0.02448072,1.073042728144445
1143.289859332025,0.8299036,0.02574554,1.0734317059406968
1143.299813373925,0.84175706,0.025913786,1.0738007677571424
1143.3097674158253,0.843144,0.025935544,1.0741630657776224
1143.3197214577256,0.9170994,0.02701356,1.07452558128545
1143.3296754996259,0.8739578,0.026390258,1.0748877726467672
1143.339629541526,0.9224445,0.027090942,1.0752485932035807
1143.3495835834262,0.9147092,0.026977686,1.0756119486889157
1143.3595376253265,1.0157225,0.028385103,1.07598708913065
1143.3694916672266,1.0256991,0.028515209,1.0763926747862191
1143.379445709127,1.0032043,0.028208971,1.0768404979458053
1143.3893997510272,1.0208703,0.028453458,1.0773385460920908
1143.3993537929273,1.0238699,0.028491912,1.0778877038509127
1143.4093078348276,1.0270417,0.028527848,1.078462897727059
1143.419261876728,0.995083,0.028097397,1.0790434743170452
1143.4292159186282,1.0274408,0.028534137,1.0796057110072481
1143.4391699605283,1.0296358,0.028565524,1.0801256280010376
1143.4491240024286,1.0235043,0.028477855,1.080585184796389
1143.4590780443289,0.97557235,0.02781929,1.0809610368692617
1143.4690320862292,1.0464121,0.02906246,1.0812298787465706
1143.4789861281292,0.97660303,0.028443575,1.0813963257410582
1143.4889401700295,0.9538451,0.028329574,1.0814600589943884
1143.4988942119298,0.9584476,0.028538777,1.0814120337553832
1143.50884825383,1.0331963,0.02959031,1.0812823117809411
1143.5188022957302,0.91083395,0.02795786,1.0810815750631997
1143.5287563376305,0.93414575,0.02857894,1.0808067981622695
1143.5387103795308,0.97502935,0.02910595,1.0804592948221372
1143.5486644214309,0.966473,0.029115088,1.080028953136667
1143.5586184633312,0.9090032,0.028214356,1.0794925148991399
1143.5685725052315,0.95513225,0.028970886,1.0788471864343565
1143.5785265471316,0.949839,0.029035911,1.0781248036736963
1143.5884805890319,0.9142691,0.028706623,1.0773602460582712
1143.5984346309322,0.9217222,0.029034356,1.0765946036899001
1143.6083886728325,0.88798153,0.028519401,1.0758599796383925
1143.6183427147325,0.8636392,0.028112039,1.0751787261994186
1143.6282967566328,0.8899907,0.028716804,1.074584725785181
1143.6382507985331,0.8141184,0.027505968,1.074083225572235
1143.6482048404332,0.8706763,0.028618367,1.073680712476868
1143.6581588823335,0.8608142,0.028591117,1.073390659256062
1143.6681129242338,0.7923525,0.027333798,1.0732041535357562
1143.678066966134,0.80820346,0.027222853,1.0731062130402462
1143.6880210080342,0.7324837,0.02583379,1.0730909151723593
1143.6979750499345,0.7573264,0.026644273,1.0731458091441988
1143.7079290918348,0.69793594,0.02550581,1.0732425315567593
1143.7178831337349,0.71490777,0.025521131,1.0733575784223328
1143.7278371756352,0.68562347,0.024833791,1.0734615740627858
1143.7377912175355,0.6856116,0.025135223,1.073537825300171
1143.7477452594358,0.6686367,0.024729261,1.0735824594114654
1143.7576993013358,0.67177933,0.024828246,1.0735953233552173
1143.7676533432361,0.6641096,0.024690293,1.0735855111112445
1143.7776073851364,0.6805809,0.02530505,1.0735587751205629
1143.7875614270365,0.68785155,0.025423735,1.0735177360366004
1143.7975154689368,0.6698354,0.024761306,1.0734655540196019
1143.807469510837,0.6746036,0.025061008,1.0734056964127803
1143.8174235527374,0.7091843,0.025650736,1.073341103473521
1143.8273775946375,0.72638017,0.025941264,1.073278120172908
1143.8373316365378,0.7573007,0.02667548,1.0732261305192292
1143.847285678438,0.76375645,0.026542595,1.0731966445147298
1143.8572397203382,0.8151387,0.027025415,1.0732114535244006
1143.8671937622385,0.8667662,0.02799939,1.073276381433259
1143.8771478041388,0.8999432,0.028433172,1.073387169503856
1143.887101846039,0.9414615,0.028903162,1.073522707055803
1143.8970558879391,0.9474889,0.028850812,1.07364788767761
1143.9070099298394,0.9691104,0.028999366,1.0737406159521732
1143.9169639717397,0.9804369,0.029284665,1.073785760013989
1143.9269180136398,1.0020218,0.029474596,1.0737725949148635
1143.93687205554,1.0242511,0.029751921,1.0737011385979884
1143.9468260974404,1.0533506,0.029868048,1.0735633791718522
1143.9567801393407,1.0330307,0.028948482,1.0733363510433926
1143.9667341812408,1.00853,0.028199492,1.073022671211672
1143.976688223141,1.0382106,0.028598463,1.0726146392764302
1143.9866422650414,1.0788572,0.029133102,1.0720962936227085
1143.9965963069417,1.0374627,0.028582629,1.0714897589835175
1144.0065503488418,1.0670658,0.028976355,1.0708254489278684
1144.016504390742,1.0908047,0.029288514,1.0701378517948115
1144.0264584326424,1.0945895,0.029339777,1.0694582674691597
1144.0364124745424,1.0716602,0.029037436,1.0687951151397184
1144.0463665164427,1.1164259,0.02961785,1.0681419613856653
1144.056320558343,1.1220495,0.029690465,1.06748369176844
1144.066274600243,1.1102539,0.029534396,1.0668133482285425
1144.0762286421434,1.0689512,0.028992154,1.0661407582999598
1144.0861826840437,1.1123867,0.029558193,1.0654968896659744
1144.096136725944,1.0924526,0.029296413,1.064902945838863
1144.106090767844,1.1276248,0.029755097,1.0643687363998078
1144.1160448097444,1.0831699,0.02917909,1.0639026027410223
1144.1259988516447,1.1144241,0.029580891,1.063497731650705
1144.135952893545,1.0875591,0.029227268,1.0631463310220266
1144.145906935445,1.1340688,0.029831283,1.0628503793922088
1144.1558609773454,1.1011128,0.029407043,1.062615956668312
1144.1658150192457,1.0306739,0.02847156,1.0624427957807385
1144.1757690611457,1.1680973,0.030260243,1.0623402095391394
1144.185723103046,1.1079569,0.029488634,1.0623324695039889
1144.1956771449463,1.0893091,0.029244307,1.0624131424719014
1144.2056311868466,1.0981096,0.029358467,1.0625846446214466
1144.2155852287467,1.1083493,0.029487848,1.0628574946394824
1144.225539270647,1.060603,0.028861348,1.0632187619669522
1144.2354933125473,1.1522583,0.030053776,1.0636623661602784
1144.2454473544474,1.1277978,0.029735642,1.0641976228789876
1144.2554013963477,1.1477469,0.0299923,1.0648323483034976
1144.265355438248,1.078639,0.029091572,1.0655648817964305
1144.2753094801483,1.1275125,0.029732805,1.0664024217329073
1144.2852635220484,1.1534593,0.03006201,1.0673513461832407
1144.2952175639487,1.131295,0.029778307,1.0683779109323213
1144.305171605849,1.141076,0.029902356,1.0694534383593157
1144.315125647749,1.0715458,0.02899693,1.0705379972681657
1144.3250796896493,1.1147523,0.029558687,1.0715874482781262
1144.3350337315496,1.1475893,0.02997791,1.0725709220261666
1144.34498777345,1.1620684,0.030161906,1.0734552541154623
1144.35494181535,1.1461568,0.029961731,1.074232161342421
1144.3648958572503,1.0581641,0.028813882,1.0749103375541127
1144.3748498991506,1.1440984,0.029935751,1.0754951505414736
1144.3848039410507,1.086102,0.029178057,1.0760031731404016
1144.394757982951,1.0828915,0.029135348,1.076470693776983
1144.4047120248513,1.04538,0.028641274,1.0769268236492966
1144.4146660667516,1.0818971,0.029124977,1.0774092134793425
1144.4246201086517,1.1384473,0.02985443,1.0779395478614897
1144.434574150552,1.1185877,0.029596228,1.0785305000291068
1144.4445281924523,1.097789,0.029328417,1.0791959361803811
1144.4544822343523,1.0939243,0.029275035,1.0799277942528733
1144.4644362762526,1.09207,0.029246813,1.080714487388364
1144.474390318153,1.1289243,0.029726362,1.0815431574892682
1144.4843443600532,1.1318914,0.029760174,1.0823881860521365
1144.4942984019533,1.1140736,0.029528784,1.0832159551075202
1144.5042524438536,1.1034002,0.02939187,1.083984463791288
1144.514206485754,1.1269362,0.029696796,1.0846268572751265
1144.524160527654,1.1122649,0.029503878,1.08511500084183
1144.5341145695543,1.079607,0.02907991,1.0854186341919996
1144.5440686114546,1.0990994,0.029334316,1.0854866477819007
1144.5540226533549,1.0792196,0.029071536,1.085345777712394
1144.563976695255,1.0891131,0.02919749,1.0850177891001747
1144.5739307371553,1.1698116,0.030231662,1.0845153228961069
1144.5838847790556,1.0669599,0.028903918,1.0838813812420576
1144.5938388209556,1.1452315,0.029938798,1.0831635371889206
1144.603792862856,1.0952796,0.029640827,1.082394259977654
1144.6137469047562,1.0592632,0.029976843,1.081605082608865
1144.6237009466565,1.074986,0.030345721,1.0808212696385997
1144.6336549885566,1.092437,0.030486105,1.0800564660644776
1144.643609030457,1.1769122,0.032081958,1.0793278766591619
1144.6535630723572,1.0126412,0.029784996,1.078639442579545
1144.6635171142575,1.095322,0.031816278,1.0779946271711447
1144.6734711561576,1.0718733,0.031575125,1.0773938318741867
1144.6834251980579,1.0165646,0.03171559,1.0768198663529485
1144.6933792399582,1.0621352,0.031472422,1.076253240206614
1144.7033332818582,1.0515097,0.031398617,1.0756762074686015
1144.7132873237585,1.0929567,0.032413073,1.075073105785275
1144.7232413656589,1.0101112,0.030948455,1.0744377620352192
1144.7331954075592,0.98903143,0.030350033,1.0737647204573881
1144.7431494494592,1.0049374,0.030219615,1.0730440081355312
1144.7531034913595,1.0220578,0.030966286,1.072279285709945
1144.7630575332598,0.9876353,0.02983144,1.0714668063567099
1144.77301157516,0.9371618,0.028979195,1.0705983927687315
1144.7829656170602,0.9769607,0.029885322,1.0696899664723927
1144.7929196589605,0.8796053,0.028978089,1.068761691998449
1144.8028737008608,0.85532665,0.02819892,1.0678282316929795
1144.8128277427609,0.904372,0.028546264,1.0668910057987513
1144.8227817846612,0.8830059,0.028272001,1.0659411789819377
1144.8327358265615,0.8529637,0.027710399,1.0649701026488936
1144.8426898684615,0.7939271,0.026882801,1.063974372226616
1144.8526439103618,0.8283463,0.0279392,1.0629623838303928
1144.8625979522621,0.7289369,0.02607657,1.0619407379863715
1144.8725519941624,0.77597255,0.026793014,1.0609160460265068
1144.8825060360625,0.69743675,0.025822092,1.0598938558483004
1144.8924600779628,0.65613335,0.024877222,1.058877154023636
1144.9024141198631,0.6284942,0.024489773,1.0578703389234259
1144.9123681617632,0.6198261,0.024358707,1.0568795970870126
1144.9223222036635,0.5406373,0.02289947,1.0559133392473425
1144.9322762455638,0.51438355,0.022738334,1.0549853853886835
1144.942230287464,0.52910954,0.02301975,1.054112573434848
1144.9521843293642,0.49157706,0.022316605,1.0532991156569995
1144.9621383712645,0.5288061,0.022798236,1.0525525244378202
1144.9720924131648,0.47020042,0.021310624,1.0518927206257658
1144.9820464550648,0.5005712,0.022139894,1.0513095838599953
1144.9920004969651,0.54629177,0.022591777,1.0508048992092374
1145.0019545388654,0.56759566,0.02312448,1.0503917348810412
1145.0119085807657,0.60141677,0.023487506,1.0500703987246047
1145.0218626226658,0.5788191,0.023042528,1.0498482892206322
1145.0318166645661,0.6583824,0.024480496,1.04975494345279
1145.0417707064664,0.7062752,0.025469633,1.0498262532518707
1145.0517247483665,0.78954136,0.026901584,1.0500748483855666
1145.0616787902668,0.7322897,0.025587566,1.0505260458685468
1145.071632832167,0.8027818,0.026505942,1.05121919251913
1145.0815868740674,0.8346049,0.026953584,1.0521067891827462
1145.0915409159675,0.8345333,0.02670206,1.0531619617214143
1145.1014949578678,0.84258085,0.026686028,1.0543610491623596
1145.111448999768,0.8278002,0.026520519,1.0556380865916108
1145.1214030416681,0.8192252,0.026333839,1.056942390970832
1145.1313570835684,0.9264749,0.028051468,1.0582242409510625
1145.1413111254687,0.8597564,0.02716105,1.059442032626849
1145.151265167369,0.8623298,0.027011542,1.0605811086648154
1145.1612192092691,0.8988357,0.027350022,1.061632587120986
1145.1711732511694,0.83376634,0.025787752,1.0625902862258887
1145.1811272930697,0.82468444,0.025444308,1.0634775057104748
1145.19108133497,0.77665097,0.024711387,1.0643102754232108
1145.20103537687,0.7538322,0.02435614,1.0651051363810484
1145.2109894187704,0.7400177,0.02413801,1.0658905519520618
1145.2209434606707,0.70647234,0.023597367,1.0666870796366696
1145.2308975025708,0.6730516,0.023050074,1.0675198208471957
1145.240851544471,0.6904864,0.023339558,1.0684077111936383
1145.2508055863714,0.6462694,0.02260027,1.0693592728875227
1145.2607596282714,0.62800413,0.022287542,1.0703880448214027
1145.2707136701717,0.62706846,0.022270376,1.0715122646192587
1145.280667712072,0.6052032,0.021891654,1.0727294161417278
1145.2906217539723,0.5489877,0.02088661,1.0740382232451078
1145.3005757958724,0.5031572,0.020022599,1.0754319468913722
1145.3105298377727,0.5031645,0.020023987,1.0768545559790326
1145.320483879673,0.47581542,0.019492675,1.0782547006400733
1145.3304379215733,0.47192764,0.019415434,1.0795637086705614
1145.3403919634734,0.47180158,0.019413546,1.0807383811619835
1145.3503460053737,0.44447753,0.018860936,1.0817612938751746
1145.360300047274,0.42920086,0.018546158,1.0826148000694489
1145.370254089174,0.42913258,0.018541297,1.0833032224493666
1145.3802081310744,0.3731389,0.017338885,1.0838639772420535
1145.3901621729747,0.38727513,0.017649574,1.084316721112483
1145.400116214875,0.3357935,0.01648421,1.0846696584334883
1145.410070256775,0.3228099,0.016178166,1.0849547517255345
1145.4200242986753,0.30451164,0.015734354,1.0851856491748788
1145.4299783405756,0.26800662,0.014802199,1.0853731599325387
1145.4399323824757,0.28543073,0.015255214,1.0855382155510214
1145.449886424376,0.27250493,0.0149187045,1.0856931006883568
1145.4598404662763,0.25130004,0.014356482,1.0858426505310497
1145.4697945081766,0.2746589,0.014974063,1.0859867835835708
1145.4797485500767,0.27242064,0.014914202,1.0861253214101296
1145.489702591977,0.30580595,0.015760371,1.0862606094790772
1145.4996566338773,0.31413543,0.015961466,1.086401024231612
1145.5096106757774,0.31488428,0.015981551,1.0865573216099644
1145.5195647176777,0.30503127,0.015739309,1.086741260161822
1145.529518759578,0.34580222,0.016710255,1.0869729611860488
1145.5394728014783,0.4003667,0.017924862,1.087259368270216
1145.5494268433783,0.41941497,0.018327719,1.0876090647305463
1145.5593808852786,0.45051706,0.018969944,1.0880381594213817
1145.569334927179,0.50270975,0.019996112,1.088549236459043
1145.579288969079,0.5187192,0.02029911,1.089130764334575
1145.5892430109793,0.5754909,0.021342669,1.0897673312591996
1145.5991970528796,0.54985654,0.020877015,1.0904276939550168
1145.60915109478,0.63000554,0.022297803,1.09107271999724
1145.61910513668,0.61410487,0.022020012,1.0916715791138771
1145.6290591785803,0.67847687,0.023109145,1.0921794333145352
1145.6390132204806,0.7722932,0.024605025,1.0925840816402226
1145.6489672623807,0.748311,0.024231844,1.0928706831496748
1145.658921304281,0.7798746,0.02471878,1.0930146747972744
1145.6688753461813,0.79073375,0.024889285,1.0930242307253206
1145.6788293880816,0.8283463,0.025454758,1.092920169294269
1145.6887834299816,0.8509913,0.025788026,1.0927212455026063
1145.698737471882,0.88743573,0.026320102,1.092462061872915
1145.7086915137822,0.91915065,0.02677073,1.0921867647900256
1145.7186455556823,0.90792876,0.026612809,1.0919245124952228
1145.7285995975826,0.9357113,0.027004989,1.0917051343330513
1145.738553639483,0.89938796,0.026487863,1.0915351538944886
1145.7485076813832,0.91742945,0.026745774,1.0914197182741954
1145.7584617232833,0.93394196,0.026973866,1.0913689504172392
1145.7684157651836,0.9908029,0.027763449,1.091379660220807
1145.778369807084,1.0134231,0.028070292,1.0914496603955723
1145.788323848984,1.0104343,0.028029503,1.091584109272015
1145.7982778908843,1.0193238,0.028146537,1.0917856091215912
1145.8082319327846,1.0201377,0.028156573,1.092048002140445
1145.8181859746849,1.0322001,0.028319879,1.0923728150895546
1145.828140016585,0.99587816,0.027829636,1.0927690957761493
1145.8380940584852,1.0892841,0.029067867,1.0932251211630148
1145.8480481003855,1.0503343,0.028558588,1.0937379071324893
1145.8580021422858,1.0251057,0.02822025,1.0943090120045698
1145.867956184186,1.0370126,0.028376263,1.0949238305331672
1145.8779102260862,0.97669107,0.027560158,1.0955717922030797
1145.8878642679865,1.0625231,0.028714588,1.0962447842207645
1145.8978183098866,1.0385193,0.028394567,1.096927084834627
1145.907772351787,1.1026334,0.029237278,1.0975978464295746
1145.9177263936872,1.0733322,0.028856883,1.0982352098934394
1145.9276804355875,1.0275975,0.02824745,1.0988160904010722
1145.9376344774876,1.0524808,0.028576393,1.0993404113394498
1145.9475885193879,1.0117068,0.028032525,1.0998064385841593
1145.9575425612882,1.0484836,0.028523248,1.1002056750905846
1145.9674966031882,1.0529764,0.028578725,1.1005480454491057
1145.9774506450885,1.0794002,0.028924318,1.1008367061468687
1145.9874046869888,1.0929755,0.029099861,1.1010654363326078
1145.9973587288891,1.0605189,0.028677378,1.101231434252776
1146.0073127707892,1.1350611,0.029643545,1.1013355300735754
1146.0172668126895,1.0627837,0.02870768,1.101372659293437
1146.0272208545898,1.0820044,0.02895729,1.101338896923398
1146.03717489649,1.0677464,0.02876995,1.10125189056284
1146.0471289383902,1.0962282,0.029139236,1.1011267548982784
1146.0570829802905,1.0963508,0.029143766,1.100987523948204
1146.0670370221908,1.1278459,0.029546503,1.100869083036086
1146.0769910640909,1.0887474,0.029042909,1.1008004558057871
1146.0869451059912,1.0575739,0.028633494,1.1008133558338073
1146.0968991478915,1.0906286,0.029065285,1.1009130131868274
1146.1068531897915,1.0650147,0.028727625,1.1010861603457593
1146.1168072316918,1.1019093,0.029208405,1.101319966177382
1146.1267612735921,1.1403135,0.029700091,1.1015974240441533
1146.1367153154924,1.1449165,0.0297594,1.1018984638597475
1146.1466693573925,1.1048962,0.029247379,1.1022150546946343
1146.1566233992928,1.1030765,0.029220415,1.1025468672965306
1146.166577441193,1.100092,0.029179621,1.1028935426200284
1146.1765314830932,1.0826998,0.028953057,1.1032589594754934
1146.1864855249935,1.0788649,0.028903628,1.1036512551577065
1146.1964395668938,1.1307364,0.029572368,1.10407372340173
1146.206393608794,1.1949562,0.030381244,1.1045272950007128
1146.2163476506942,1.0978054,0.029150344,1.1050141074819972
1146.2263016925945,1.1539743,0.029868769,1.1055316808602844
1146.2362557344948,1.1351215,0.029625893,1.1060691971296457
1146.2462097763948,1.0769678,0.028873144,1.1066171484586884
1146.2561638182951,1.181661,0.030209623,1.1071635034101537
1146.2661178601954,1.0899367,0.029043637,1.10769893788813
1146.2760719020957,1.1611193,0.029952003,1.108219310653772
1146.2860259439958,1.1528704,0.029846003,1.1087233402111762
1146.295979985896,1.0911276,0.02905692,1.1092172718214335
1146.3059340277964,1.1608186,0.029945824,1.1097074309245112
1146.3158880696965,1.0931921,0.029079866,1.1101989647739616
1146.3258421115968,1.1028236,0.029204957,1.1106951063231731
1146.335796153497,1.1108589,0.029304786,1.111195476053827
1146.3457501953974,1.077075,0.02886578,1.1116984214023944
1146.3557042372975,1.087594,0.029006487,1.1122012315546836
1146.3656582791978,1.0834905,0.028948747,1.1127010469312808
1146.375612321098,1.1053616,0.02923123,1.1131952392865947
1146.3855663629981,1.1399962,0.029674886,1.1136791631575003
1146.3955204048984,1.1182587,0.029398367,1.1141488201154257
1146.4054744467987,1.078176,0.028878491,1.1145982591770132
1146.415428488699,1.1239687,0.029471053,1.1150162977847753
1146.425382530599,1.13818,0.029649314,1.1153908848667653
1146.4353365724994,1.1050323,0.029222455,1.1157149864251241
1146.4452906143997,1.1433353,0.02971126,1.11597845164777
1146.4552446562998,1.146452,0.029752957,1.116168638138611
1146.4651986982,1.1130584,0.029321123,1.1162993693434378
1146.4751527401004,1.1305013,0.02954751,1.1163817504310516
1146.4851067820007,1.12959,0.029535728,1.1164288211866413
1146.4950608239008,1.0933316,0.029068211,1.116462745105892
1146.505014865801,1.076628,0.028849278,1.1164945573371126
1146.5149689077014,1.16157,0.029936103,1.1165250708403638
1146.5249229496017,1.1203417,0.02941154,1.1165420300273359
1146.5348769915017,1.1074213,0.02924468,1.1165265456195685
1146.544831033402,1.1209571,0.029420052,1.1164561562580113
1146.5547850753023,1.1915423,0.030310014,1.116308205519267
1146.5647391172024,1.1157184,0.029352948,1.1160910421838985
1146.5746931591027,1.0943377,0.029075254,1.1158126335494831
1146.584647201003,1.1347455,0.029588427,1.1154781217112335
1146.5946012429033,1.1215345,0.029424364,1.1151075451462709
1146.6045552848034,1.0415925,0.02838242,1.114711335224559
1146.6145093267037,1.1375093,0.02962625,1.1142957104206765
1146.624463368604,1.1498644,0.029785838,1.1138679848490345
1146.634417410504,1.1375316,0.029624455,1.1134344849835491
1146.6443714524044,1.1293353,0.029519415,1.113001289197718
1146.6543254943047,1.1826154,0.030190714,1.1125799152711893
1146.664279536205,1.1977181,0.030377502,1.11218183447872
1146.674233578105,1.157948,0.029884007,1.111814540677456
1146.6841876200053,1.1470306,0.029742347,1.1114812328739574
1146.6941416619056,1.1478027,0.029751299,1.1111673502789106
1146.7040957038057,1.1619397,0.02992829,1.1108608368777497
1146.714049745706,1.119867,0.02939325,1.1105485574840226
1146.7240037876063,1.13701,0.029610755,1.1102199807783473
1146.7339578295066,1.1234491,0.029437074,1.1098706904331745
1146.7439118714067,1.1504334,0.029781004,1.1094990903367816
1146.753865913307,1.1255058,0.029462017,1.1091091907350887
1146.7638199552073,1.0888745,0.0290523,1.1087111073506
1146.7737739971074,1.1361098,0.030154547,1.1083115924347218
1146.7837280390077,1.1410089,0.031063305,1.1079169721909312
1146.793682080908,1.1822518,0.031457752,1.1075295648754901
1146.8036361228083,1.1103271,0.030522272,1.1071504841839412
1146.8135901647083,1.1079376,0.03108045,1.1067825848274553
1146.8235442066086,1.1319383,0.031192368,1.1064290305243183
1146.833498248509,1.082924,0.031801373,1.1060944486278919
1146.843452290409,1.1785246,0.03288967,1.1057877283639814
1146.8534063323093,1.1513271,0.033571485,1.1055195810025933
1146.8633603742096,1.1196916,0.031930856,1.1052914649699592
1146.87331441611,1.1604854,0.032748953,1.1051054622024887
1146.88326845801,1.1534162,0.033267252,1.104967208899367
1146.8932224999103,1.1174438,0.03212295,1.104863998280463
1146.9031765418106,1.1109387,0.031831667,1.1047900356519924
1146.9131305837107,1.1440316,0.03234512,1.1047421141219114
1146.923084625611,1.1256255,0.03229464,1.1047138494128854
1146.9330386675113,1.0622276,0.030509755,1.1047017712321874
1146.9429927094116,1.1249404,0.031629343,1.104706130221746
1146.9529467513116,1.1659442,0.032865584,1.1047280910560924
1146.962900793212,1.1000936,0.032084554,1.1047673767208999
1146.9728548351122,1.1088203,0.03155588,1.1048276585446843
1146.9828088770123,1.1079046,0.03143642,1.104921772095039
1146.9927629189126,1.0803612,0.031103523,1.105056287724786
1147.002716960813,1.1173491,0.031556346,1.105243085950324
1147.0126710027132,1.1382043,0.032129444,1.1055017667401343
1147.0226250446133,1.1401821,0.032603417,1.10583343143657
1147.0325790865136,1.1545312,0.032230712,1.1062320261931047
1147.0425331284139,1.119807,0.03179432,1.1066911589346478
1147.0524871703142,1.0976194,0.032074746,1.107194028369468
1147.0624412122143,1.1236794,0.032034975,1.107717077216218
1147.0723952541146,1.1325524,0.032266878,1.1082460284051634
1147.0823492960149,1.1394227,0.0323104,1.1087709066579965
1147.092303337915,1.157853,0.03287432,1.109290494344394
1147.1022573798152,1.1635585,0.033543006,1.1098086055425744
1147.1122114217155,1.1539519,0.032963455,1.110332431076044
1147.1221654636156,1.1805273,0.033568308,1.1108667763909899
1147.132119505516,1.1268942,0.0325385,1.1114118892871372
1147.1420735474162,1.1760099,0.03317023,1.1119635217157546
1147.1520275893165,1.1634153,0.03317855,1.1125101465259246
1147.1619816312166,1.134843,0.032294843,1.1130386214351276
1147.1719356731169,1.1380256,0.032414287,1.1135356271562937
1147.1818897150172,1.1278677,0.03186073,1.1139827721300415
1147.1918437569175,1.1521132,0.031958763,1.1143816706632648
1147.2017977988176,1.0769103,0.030914566,1.1147333485076527
1147.2117518407179,1.1275629,0.031880952,1.115039217275774
1147.2217058826182,1.192918,0.03241425,1.1153153222143017
1147.2316599245182,1.1765858,0.031841423,1.1155758586337994
1147.2416139664185,1.1485776,0.031411786,1.1158342631482383
1147.2515680083188,1.1618603,0.031472564,1.116105926570111
1147.2615220502191,1.1595055,0.030992094,1.1164030469420347
1147.2714760921192,1.1509262,0.030785149,1.1167386554858387
1147.2814301340195,1.1148103,0.030486254,1.117132694609665
1147.2913841759198,1.1036626,0.030312734,1.1175845150754924
1147.3013382178199,1.1294822,0.03074574,1.1180933759421219
1147.3112922597202,1.200046,0.031726424,1.1186526090924187
1147.3212463016205,1.1503906,0.03083966,1.1192329051481906
1147.3312003435208,1.199378,0.031090446,1.1198080482534443
1147.3411543854209,1.0944431,0.029054182,1.1203541730911493
1147.3511084273212,1.1360165,0.02955458,1.1208556653356914
1147.3610624692215,1.131644,0.029499253,1.121310088992029
1147.3710165111215,1.1607848,0.029868793,1.121712995710983
1147.3809705530218,1.104512,0.029150866,1.1220528708159978
1147.3909245949221,1.0826885,0.028868629,1.1223329153254271
1147.4008786368224,1.1207101,0.029357046,1.1225453869449291
1147.4108326787225,1.0916935,0.028985364,1.1226679935233939
1147.4207867206228,1.1213183,0.02936305,1.1226998422520253
1147.430740762523,1.1237928,0.029396884,1.1226425354920924
1147.4406948044232,1.1056067,0.029161125,1.1224971919440678
1147.4506488463235,1.14232,0.02963146,1.1222777974586635
1147.4606028882238,1.1264886,0.02942749,1.1220019352346764
1147.470556930124,1.149014,0.029713914,1.1216736819149349
1147.4805109720241,1.1317841,0.029496685,1.1212892267734347
1147.4904650139244,1.0844766,0.0288874,1.1208589280253614
1147.5004190558248,1.1052783,0.029155096,1.1203866462392251
1147.5103730977248,1.1434432,0.029642323,1.119873992898751
1147.5203271396251,1.106041,0.029164914,1.1193345739851994
1147.5302811815254,1.090803,0.028963886,1.1187797494130742
1147.5402352234257,1.1402661,0.02959784,1.1182213794845306
1147.5501892653258,1.1170255,0.02929907,1.117673580081254
1147.560143307226,1.1178228,0.029311115,1.1171457296265612
1147.5700973491264,1.0968454,0.02904166,1.116643818406742
1147.5800513910265,1.0674428,0.028656537,1.1161715863955193
1147.5900054329268,1.1316639,0.029483601,1.115719927529324
1147.599959474827,1.1400503,0.02959172,1.11528080064913
1147.6099135167274,1.221529,0.030606663,1.1148424764455491
1147.6198675586274,1.1093012,0.029196596,1.114390889654992
1147.6298216005277,1.1959617,0.03029105,1.1139141070696614
1147.639775642428,1.1204426,0.029340073,1.1133983299295536
1147.6497296843281,1.0895818,0.028941626,1.1128364902356862
1147.6596837262284,1.1185595,0.02931215,1.1122321066985146
1147.6696377681287,1.1524519,0.029746795,1.111587984020459
1147.679591810029,1.1320013,0.029483743,1.1109084757254006
1147.689545851929,1.1583028,0.029817516,1.110208787501797
1147.6994998938294,1.0962349,0.02902737,1.1094977533688186
1147.7094539357297,1.1274225,0.029428342,1.1087818159317449
1147.71940797763,1.0891869,0.028935153,1.108063852911155
1147.72936201953,1.12879,0.029444976,1.1073420730591037
1147.7393160614304,1.1099973,0.029199565,1.1066126645285979
1147.7492701033307,1.0914867,0.028964203,1.1058743782673799
1147.7592241452307,1.1271302,0.029420301,1.1051318180486351
1147.769178187131,1.0777906,0.02878284,1.1043952881868389
1147.7791322290313,1.0777386,0.028783405,1.103686201905924
1147.7890862709316,1.1044781,0.029127482,1.1030212130875918
1147.7990403128317,1.0896496,0.028937953,1.1024172407752868
1147.808994354732,1.1163713,0.02928158,1.1019000666055931
1147.8189483966323,1.0318007,0.028172264,1.1014678140736822
1147.8289024385324,1.05429,0.028475633,1.1011158032639967
1147.8388564804327,1.075667,0.028751513,1.100840986192858
1147.848810522333,1.0653248,0.028615054,1.10062842031317
1147.8587645642333,1.0503893,0.028419007,1.1004579757762185
1147.8687186061334,1.1077516,0.029164743,1.1003180276493185
1147.8786726480337,1.0967335,0.029024018,1.1002007311342414
1147.888626689934,1.1069721,0.02915247,1.1000972837490286
1147.898580731834,1.1078463,0.029165266,1.1000061445544098
1147.9085347737343,1.1301898,0.029451782,1.0999305982285272
1147.9184888156346,1.0644482,0.028602613,1.0998725535960343
1147.928442857535,1.0730394,0.028711848,1.099834801672977
1147.938396899435,1.0873477,0.028896492,1.099821552874623
1147.9483509413353,1.0971127,0.029024858,1.0998326723613823
1147.9583049832356,1.1783831,0.030055525,1.0998625876730712
1147.9682590251357,1.1202936,0.029324068,1.0999062902091175
1147.978213067036,1.1498508,0.02969597,1.099957405997233
1147.9881671089363,1.1096548,0.02918505,1.1000081536446125
1147.9981211508366,1.1489961,0.029683197,1.100054005773726
1148.0080751927367,1.1439346,0.029620757,1.1000908091239112
1148.018029234637,1.1056143,0.029128537,1.1001190167480148
1148.0279832765373,1.1086397,0.029168425,1.1001408549241478
1148.0379373184373,1.142005,0.029590923,1.1001602113329223
1148.0478913603376,1.0623077,0.028566314,1.1001834250346363
1148.057845402238,1.0685408,0.028644495,1.1002163549068558
1148.0677994441382,1.1058414,0.029126905,1.1002652128949886
1148.0777534860383,1.1250453,0.02936779,1.1003393654854647
1148.0877075279386,1.091681,0.028940367,1.1004405990443389
1148.097661569839,1.1234137,0.029347355,1.1005724253745854
1148.107615611739,1.0704248,0.028662752,1.1007415905231335
1148.1175696536393,1.0439651,0.028311584,1.1009431604533342
1148.1275236955396,1.0857406,0.028857194,1.1011700148326145
1148.13747773744,1.1042624,0.029094556,1.1014103320716297
1148.14743177934,1.052737,0.028422778,1.1016404193985145
1148.1573858212403,1.1166577,0.029251106,1.1018360200895638
1148.1673398631406,1.0643896,0.028571976,1.1019773875522882
1148.1772939050406,1.0835955,0.02882101,1.1020467731261792
1148.187247946941,1.0992676,0.029024066,1.1020562837488805
1148.1972019888412,1.1155127,0.029233143,1.1020124889909688
1148.2071560307415,1.1823263,0.030071937,1.1019170209643674
1148.2171100726416,1.1183914,0.029266534,1.101780850914293
1148.227064114542,1.1373407,0.029502474,1.1016082941629632
1148.2370181564422,1.1172117,0.029243886,1.1013964330069546
1148.2469721983425,1.114938,0.029214034,1.101143143857108
1148.2569262402426,1.1207564,0.029288927,1.1008531904409635
1148.266880282143,1.1295185,0.02939892,1.1005313906237513
1148.2768343240432,1.0952152,0.02895983,1.1001857536864805
1148.2867883659433,1.0962552,0.028967224,1.0998286959291765
1148.2967424078436,1.1419107,0.029552927,1.0994607230490594
1148.3066964497439,1.1029526,0.029052008,1.099074098607164
1148.316650491644,1.1087183,0.02912267,1.0986663797972938
1148.3266045335442,1.1005924,0.029018095,1.0982424981389345
1148.3365585754445,1.164507,0.029831976,1.0978152702985733
1148.3465126173448,1.1477919,0.029617334,1.0974064359559588
1148.356466659245,1.1143498,0.029190516,1.0970347872299904
1148.3664207011452,1.1707652,0.029902887,1.0967171448536202
1148.3763747430455,1.1603922,0.02977235,1.096475031561996
1148.3863287849458,1.1429684,0.029552778,1.0962996806558472
1148.396282826846,1.1792165,0.030002141,1.0961854410570773
1148.4062368687462,1.0938995,0.02892251,1.096125337178763
1148.4161909106465,1.0733294,0.028653549,1.096096672742867
1148.4261449525466,1.1304007,0.029384118,1.096081877122486
1148.4360989944469,1.1371725,0.02946922,1.0960675675042288
1148.4460530363472,1.177159,0.029969014,1.0960416365227186
1148.4560070782475,1.1214947,0.029270284,1.0959963934650916
1148.4659611201475,1.2003688,0.030251378,1.0959230244619145
1148.4759151620478,1.0789936,0.02871825,1.0958022710850546
1148.4858692039481,1.1251945,0.029307919,1.0956280152188853
1148.4958232458482,1.049559,0.02833111,1.0953905839628557
1148.5057772877485,1.1322907,0.02939526,1.0950727463450094
1148.5157313296488,1.0767998,0.028683992,1.0946750996707664
1148.5256853715491,1.1196128,0.029235417,1.094200922547528
1148.5356394134492,1.0868233,0.028811542,1.0936478465764998
1148.5455934553495,1.0992057,0.028965933,1.09302100438989
1148.5555474972498,1.1444603,0.02954053,1.0923423915836787
1148.5655015391499,1.1207247,0.02924032,1.0916304451928114
1148.5754555810502,1.0426997,0.028227538,1.0909107579153228
1148.5854096229505,1.1713705,0.029875074,1.0902129930574254
1148.5953636648508,1.131496,0.029371705,1.0895584692798375
1148.6053177067508,1.133621,0.029398983,1.0889686479494047
1148.6152717486511,1.1578594,0.029702872,1.0884442398347978
1148.6252257905514,1.1205455,0.029225666,1.0879800203812007
1148.6351798324515,1.1117884,0.02911667,1.087575898543434
1148.6451338743518,1.1142482,0.029143266,1.08722988298483
1148.6550879162521,1.124845,0.029280834,1.0869290589813319
1148.6650419581524,1.1295758,0.029332655,1.0866653363221497
1148.6749960000525,1.1639506,0.029768076,1.0864313197480862
1148.6849500419528,1.1066484,0.029042175,1.0862097934104853
1148.694904083853,1.1567733,0.029674575,1.0859920274814288
1148.7048581257532,1.115175,0.029145565,1.0857728974118093
1148.7148121676535,1.1313276,0.029351268,1.0855533653560332
1148.7247662095538,1.1527296,0.029619323,1.0853398299936274
1148.734720251454,1.1703731,0.029839406,1.0851434044015715
1148.7446742933541,1.1081476,0.029053729,1.0849795263911464
1148.7546283352544,1.1047508,0.029006686,1.0848552955412551
1148.7645823771547,1.1507456,0.02958946,1.0847769916052359
1148.7745364190548,1.1446829,0.029512089,1.0847565037791078
1148.784490460955,1.1215163,0.029215055,1.084785597011692
1148.7944445028554,1.1377739,0.029420579,1.0848622093141231
1148.8043985447557,1.1362132,0.029399112,1.0849894125139783
1148.8143525866558,1.1375158,0.029414758,1.0851635288565304
1148.824306628556,1.1381693,0.029421013,1.0853800666617759
1148.8342606704564,1.1394204,0.029433679,1.0856402813667692
1148.8442147123565,1.140857,0.029450692,1.0859480314052834
1148.8541687542568,1.1217045,0.029211456,1.086299215808625
1148.864122796157,1.135987,0.02938558,1.086697446305633
1148.8740768380574,1.1131579,0.029095901,1.0871586982871695
1148.8840308799574,1.0796084,0.028661769,1.0876837575905987
1148.8939849218577,1.1445423,0.029487696,1.0882801016848225
1148.903938963758,1.0595565,0.028401135,1.088963464007643
1148.9138930056583,1.1324412,0.029335119,1.0897348401842626
1148.9238470475584,1.1330496,0.029340079,1.0905805884174145
1148.9338010894587,1.1102177,0.029048866,1.0914845709131689
1148.943755131359,1.154934,0.029611517,1.0924221688792919
1148.953709173259,1.1076291,0.029008845,1.0933650476519938
1148.9636632151594,1.1230606,0.029205857,1.094297643701811
1148.9736172570597,1.0962976,0.028861891,1.0952038959977526
1148.9835712989598,1.1744198,0.029847909,1.0960765500183367
1148.99352534086,1.1737026,0.029837523,1.0969074417323417
1149.0034793827604,1.1049577,0.028970754,1.097681844189689
1149.0134334246607,1.1176804,0.029128755,1.0983900302042588
1149.0233874665607,1.1081136,0.029004456,1.0990307625353462
1149.033341508461,1.1110957,0.029041719,1.0995995221698653
1149.0432955503613,1.0966752,0.02885507,1.1000938865175012
1149.0532495922616,1.076767,0.028597513,1.1005394576070764
1149.0632036341617,1.1036681,0.02893978,1.1009554630975429
1149.073157676062,1.0890057,0.028750854,1.1013569899132982
1149.0831117179623,1.11459,0.02907824,1.101750839711684
1149.0930657598624,1.0709676,0.02851506,1.102131943572128
1149.1030198017627,1.1023792,0.028915305,1.1024877133994022
1149.112973843663,1.131984,0.029292611,1.1028066512713417
1149.1229278855633,1.0802076,0.028630532,1.1030871786989427
1149.1328819274634,1.1446844,0.02944714,1.1033304005276108
1149.1428359693637,1.0526878,0.028265059,1.1035413003728431
1149.152790011264,1.1340659,0.029310385,1.103737344214085
1149.162744053164,1.1106607,0.029012494,1.103930833634871
1149.1726980950643,1.146537,0.02946457,1.104135567596363
1149.1826521369646,1.1243124,0.029185228,1.104360849492803
1149.192606178865,1.1240956,0.029178241,1.1046131074288807
1149.202560220765,1.0724627,0.028516011,1.1049025982350638
1149.2125142626653,1.1237211,0.029168772,1.1052412653691261
1149.2224683045656,1.1126068,0.029024065,1.1056357570366646
1149.2324223464657,1.1133744,0.029034577,1.1060972279856847
1149.242376388366,1.1235372,0.029163105,1.1066444032800549
1149.2523304302663,1.1416817,0.029389499,1.1072608403455955
1149.2622844721666,1.0886153,0.028714148,1.10793250184497
1149.2722385140667,1.169185,0.029728027,1.1086403133431628
1149.282192555967,1.1297042,0.029232338,1.1093539802048036
1149.2921465978673,1.1513354,0.029501334,1.1100484762642475
1149.3021006397673,1.1128515,0.029213509,1.1106954080176528
1149.3120546816676,1.1557608,0.030411217,1.1112585956576622
1149.322008723568,1.1221583,0.030229956,1.1117124141675117
1149.3319627654682,1.1256769,0.030089796,1.112023430055339
1149.3419168073683,1.1139388,0.030254478,1.11212559387601
1149.3518708492686,1.102439,0.030081483,1.112033717743867
1149.361824891169,1.1643293,0.031472385,1.1117545415522687
1149.371778933069,1.1223112,0.031120986,1.111303746795644
1149.3817329749693,1.1564885,0.031862143,1.1107486912241682
1149.3916870168696,1.0952455,0.030896645,1.1101547922814063
1149.4016410587699,1.1362814,0.031273264,1.1095781624275571
1149.41159510067,1.1010554,0.031223847,1.1090729592870159
1149.4215491425703,1.0587662,0.030503023,1.1086589491815426
1149.4315031844706,1.1314055,0.031145269,1.1083440984569926
1149.4414572263709,1.1095912,0.030938247,1.108136221110374
1149.451411268271,1.0452183,0.03015425,1.1079992748591094
1149.4613653101712,1.1161072,0.030701734,1.107909586511847
1149.4713193520715,1.0949962,0.030207682,1.1078458035743517
1149.4812733939716,1.0667443,0.030105004,1.1077855061987494
1149.491227435872,1.1087073,0.031027954,1.1077147115512904
1149.5011814777722,1.1071202,0.030814573,1.107624928676563
1149.5111355196723,1.109079,0.030473448,1.1075116673884966
1149.5210895615726,1.1101476,0.03063585,1.1073812600054969
1149.5310436034729,1.1057937,0.030544443,1.1072406405169755
1149.5409976453732,1.0992041,0.03053487,1.1070993224790664
1149.5509516872733,1.1207243,0.03125331,1.106966915451622
1149.5609057291736,1.1167932,0.031090716,1.1068500892158415
1149.5708597710739,1.1580806,0.031236777,1.1067556196665234
1149.5808138129742,1.1147516,0.031130878,1.1066860154562659
1149.5907678548742,1.1030124,0.03091866,1.106639760763597
1149.6007218967745,1.1281025,0.03114444,1.1066167179220048
1149.6106759386748,1.1516023,0.031564284,1.1066174927888377
1149.620629980575,1.0980513,0.030893998,1.106636395098791
1149.6305840224752,1.1029052,0.031251244,1.106671179989291
1149.6405380643755,1.128517,0.03185555,1.1067219648421724
1149.6504921062756,1.040526,0.030374918,1.106786086120216
1149.6604461481759,1.0251813,0.030183509,1.1068629975568303
1149.6704001900762,1.1134632,0.031204434,1.1069539524921197
1149.6803542319765,1.1042151,0.031083865,1.107058716808139
1149.6903082738766,1.128774,0.031338494,1.1071746349955032
1149.7002623157769,1.0984453,0.03084685,1.107299693111535
1149.7102163576772,1.0974678,0.030593038,1.1074317847926636
1149.7201703995775,1.0385523,0.029686043,1.1075674999580198
1149.7301244414775,1.1082876,0.030478226,1.107706147985886
1149.7400784833778,1.0833906,0.030233746,1.1078492439578604
1149.7500325252781,1.0388398,0.02966891,1.107998847452
1149.7599865671782,1.0995213,0.030191476,1.1081568203675092
1149.7699406090785,1.0989103,0.030002426,1.1083244021747338
1149.7798946509788,1.0964028,0.02996158,1.1084996370423874
1149.789848692879,1.0666509,0.029317506,1.1086768566436065
1149.7998027347792,1.1245248,0.029879237,1.1088502110191243
1149.8097567766795,1.1046234,0.02965338,1.1090114482795808
1149.8197108185798,1.1135725,0.02978674,1.1091581135764232
1149.8296648604799,1.0612751,0.029149747,1.109289657465225
1149.8396189023802,1.0670421,0.029310506,1.1094079959710414
1149.8495729442805,1.0776435,0.02937313,1.1095206238490594
1149.8595269861808,1.117616,0.02969202,1.1096352392309976
1149.8694810280808,1.075093,0.028670559,1.1097590614905026
1149.8794350699811,1.0308106,0.027847027,1.1098978444658978
1149.8893891118814,0.99356383,0.027348174,1.1100507768771466
1149.8993431537815,1.0617939,0.028247815,1.110216077405561
1149.9092971956818,1.0693007,0.028346054,1.1103912977419175
1149.919251237582,1.042751,0.027994735,1.110570405228032
1149.9292052794824,1.0680696,0.028324712,1.1107498723661053
1149.9391593213825,1.0716426,0.028368322,1.1109271790808686
1149.9491133632828,1.0685958,0.028327025,1.1111016475266227
1149.959067405183,1.052534,0.028118052,1.1112741119628131
1149.9690214470832,1.0667837,0.02830195,1.1114460893337066
1149.9789754889835,1.035511,0.027892807,1.1116207056574121
1149.9889295308838,1.0899311,0.0285965,1.1118019933609735
1149.998883572784,1.0037823,0.02746797,1.1119956705173915
1150.0088376146841,0.99060094,0.027290812,1.1122136475480178
1150.0187916565844,1.0199301,0.02767975,1.1124635227258999
1150.0287456984847,1.0172493,0.027641295,1.1127541244665309
1150.0386997403848,1.0300833,0.027810339,1.1130997910505265
1150.048653782285,1.038006,0.027910523,1.1135101147325175
1150.0586078241854,1.0445443,0.027994175,1.1139858007626386
1150.0685618660857,1.0233325,0.02771568,1.114531881474317
1150.0785159079858,0.986717,0.027223889,1.1151574729859752
1150.088469949886,0.99884063,0.027385455,1.1158447707117225
1150.0984239917864,0.9471788,0.026684117,1.1165791173238828
1150.1083780336867,0.97865075,0.027110228,1.1173334219990543
1150.1183320755867,0.97887844,0.027110703,1.1180593158391932
1150.128286117487,0.9808173,0.027137348,1.1187045873892538
1150.1382401593874,1.000246,0.027396189,1.1191985740646233
1150.1481942012874,1.0315803,0.027807163,1.1194743171644284
1150.1581482431877,1.0177217,0.0276238,1.11952180886158
1150.168102285088,0.9672041,0.026945777,1.1193400731305119
1150.178056326988,0.97432494,0.027040096,1.1189288225288831
1150.1880103688884,0.95530415,0.026778655,1.1183773409432036
1150.1979644107887,0.9913917,0.027265975,1.1177400083883962
1150.207918452689,0.94705546,0.02666388,1.1170687076540655
1150.217872494589,0.939644,0.026560355,1.116411214579792
1150.2278265364894,0.9401263,0.026564214,1.115791695764202
1150.2377805783897,0.9371503,0.02652114,1.1152251132683322
1150.24773462029,0.9042573,0.026061133,1.114719858812022
1150.25768866219,0.9432489,0.026600407,1.1142681809700508
1150.2676427040903,0.9563772,0.026777616,1.1138659951815997
1150.2775967459906,0.92579746,0.026357822,1.113510863753689
1150.2875507878907,0.9408638,0.02656333,1.1131825848808738
1150.297504829791,0.96320516,0.026867174,1.1128687317536614
1150.3074588716913,0.9783299,0.027067708,1.1125591513317303
1150.3174129135916,0.9877297,0.027192313,1.1122460483200243
1150.3273669554917,0.9426238,0.026580106,1.1119258642501681
1150.337320997392,0.90321934,0.02602977,1.1115973084105653
1150.3472750392923,0.94433403,0.0265999,1.1112619348480939
1150.3572290811924,0.93564314,0.026479416,1.1109253519292968
1150.3671831230927,0.94125897,0.026552552,1.110593133845509
1150.377137164993,1.027389,0.027708644,1.1102733522891906
1150.3870912068933,1.0187963,0.027593302,1.109969949759001
1150.3970452487933,1.0019004,0.02736732,1.1096855239483325
1150.4069992906936,1.0017992,0.02736446,1.1094234698640064
1150.416953332594,1.00172,0.027359564,1.1091842417116051
1150.426907374494,1.012923,0.027508732,1.1089649646081225
1150.4368614163943,1.0753428,0.0283185,1.1087639308842474
1150.4468154582946,1.0347892,0.027792282,1.1085788434193864
1150.456769500195,1.0134617,0.027509075,1.1084013021389483
1150.466723542095,1.0644518,0.028173797,1.1082247394358584
1150.4766775839953,0.995165,0.027262134,1.1080406587391796
1150.4866316258956,1.0847013,0.028429527,1.1078428810745002
1150.4965856677957,1.0818914,0.02839425,1.1076287279416381
1150.506539709696,0.99628806,0.0272702,1.1073971935078908
1150.5164937515963,1.073324,0.028276756,1.1071511090638708
1150.5264477934966,1.0343223,0.027768714,1.1068975260927336
1150.5364018353966,1.0826132,0.028393498,1.1066428305801277
1150.546355877297,1.0673908,0.028196473,1.1063963615183723
1150.5563099191972,1.0802659,0.028359717,1.1061647167733475
1150.5662639610973,1.0589972,0.02808274,1.105953601340007
1150.5762180029976,1.0726719,0.028256688,1.1057698647852214
1150.586172044898,1.0625821,0.02812657,1.1056126500203
1150.5961260867982,1.083947,0.028400868,1.1054770963762726
1150.6060801286983,1.0716196,0.028240055,1.1053584105554475
1150.6160341705986,1.0845551,0.028402027,1.1052501356766127
1150.625988212499,1.0827831,0.028379904,1.1051449445889
1150.6359422543992,1.128267,0.028952273,1.1050393389609283
1150.6458962962993,1.0943431,0.02852183,1.1049317381505404
1150.6558503381996,1.1077334,0.028688923,1.1048228845749168
1150.6658043800999,1.1300389,0.028969698,1.1047135735445643
1150.675758422,1.0440415,0.02786852,1.1046037308317447
1150.6857124639002,1.1151571,0.028777871,1.1044916791082853
1150.6956665058005,1.1541777,0.029261628,1.1043747594662678
1150.7056205477006,1.153303,0.029250653,1.1042497788091798
1150.715574589601,1.110727,0.028716184,1.104113790816231
1150.7255286315012,1.0994549,0.028571077,1.1039689228863283
1150.7354826734015,1.0842769,0.028375793,1.1038174341726823
1150.7454367153016,1.0985118,0.028556267,1.1036625192436307
1150.755390757202,1.1078935,0.028671743,1.1035083515920578
1150.7653447991022,1.082334,0.028344039,1.1033576867599564
1150.7752988410025,1.1420572,0.029096168,1.1032133616833457
1150.7852528829026,1.1167506,0.028778087,1.1030785816701625
1150.7952069248029,1.1029373,0.02860283,1.1029562100579084
1150.8051609667032,1.0740153,0.028230447,1.1028514701698993
1150.8151150086032,1.0699106,0.028176863,1.102776515149191
1150.8250690505035,1.1132582,0.02872674,1.1027360547891232
1150.8350230924038,1.1037656,0.028604403,1.1027382822397156
1150.844977134304,1.1303111,0.028935593,1.1027977311815904
1150.8549311762042,1.0962992,0.028507339,1.1029175219093943
1150.8648852181045,1.0817431,0.028319065,1.103096998853517
1150.8748392600048,1.0814757,0.028312555,1.1033383986111143
1150.884793301905,1.064766,0.028096337,1.1036394136699121
1150.8947473438052,1.1460009,0.029122824,1.1039820438956518
1150.9047013857055,1.1339376,0.028970484,1.104350398360891
1150.9146554276058,1.0457093,0.0278449,1.1047189692091888
1150.9246094695059,1.0893493,0.028405862,1.105055422903019
1150.9345635114062,1.1570203,0.029250864,1.105330690086014
1150.9445175533065,1.1490219,0.029150322,1.1055117116036237
1150.9544715952065,1.0798575,0.02827757,1.1055878730322983
1150.9644256371068,1.1048371,0.028594501,1.1055691326251982
1150.9743796790071,1.1333488,0.028949087,1.1054652569541443
1150.9843337209074,1.0787183,0.028257703,1.1052913747847875
1150.9942877628075,1.1120923,0.028679697,1.105080876230553
1151.0042418047078,1.0611244,0.028028052,1.1048527410705309
1151.0141958466081,1.1299124,0.028899226,1.1046233389438558
1151.0241498885082,1.0916913,0.028414188,1.1044059818965783
1151.0341039304085,1.051918,0.02790365,1.104209832092294
1151.0440579723088,1.0352654,0.027684653,1.1040456083210912
1151.054012014209,1.0774189,0.028224707,1.10392015737162
1151.0639660561092,1.1039848,0.028562909,1.1038300950633555
1151.0739200980095,1.1282835,0.028865153,1.10377180944976
1151.0838741399098,1.034874,0.02767216,1.1037423845892653
1151.0938281818098,1.1192051,0.02874809,1.1037300556440552
1151.1037822237101,1.125791,0.028826326,1.1037280330820411
1151.1137362656104,1.0909208,0.028387014,1.103728553656913
1151.1236903075107,1.1227151,0.028785374,1.103723499779972
1151.1336443494108,1.0534273,0.027902117,1.103708340084881
1151.1435983913111,1.0682783,0.0280913,1.1036810641688495
1151.1535524332114,1.054582,0.027912576,1.1036436499423758
1151.1635064751115,1.0577954,0.027953044,1.1036027885461832
1151.1734605170118,1.0715151,0.028125877,1.1035648193510161
1151.183414558912,1.0950519,0.02842473,1.1035386309704722
1151.1933686008124,1.0633832,0.028018916,1.1035287261796731
1151.2033226427125,1.0,0.02719127,1.1035384041920304
1151.2132766846128,1.0219744,0.027476365,1.103569752749499
1151.223230726513,1.0376081,0.02767811,1.103615684555682
1151.2331847684131,1.0662054,0.028046945,1.1036605608893935
1151.2431388103134,1.0604849,0.027971784,1.1036807111525913
1151.2530928522137,1.0952628,0.028412858,1.103637435810278
1151.263046894114,1.0221816,0.027468756,1.1035103232405663
1151.2730009360141,1.0498403,0.027827835,1.1032810466763066
1151.2829549779144,1.0735235,0.02812963,1.1029209287180723
1151.2929090198147,0.9772797,0.026870582,1.1024374604378373
1151.302863061715,1.0664947,0.028035808,1.1018360653364114
1151.312817103615,1.0114785,0.027320772,1.1011143727420922
1151.3227711455154,0.98457086,0.026961394,1.1002831237544413
1151.3327251874157,1.0094935,0.027291007,1.099371924934407
1151.3426792293158,0.9779787,0.026870254,1.0984022743850073
1151.352633271216,0.96565133,0.026702013,1.0973946063020095
1151.3625873131164,0.993902,0.027078617,1.0963741868964152
1151.3725413550164,0.9861672,0.026972117,1.0953487722393564
1151.3824953969167,0.9064602,0.025886154,1.0943197956073993
1151.392449438817,0.92706484,0.026168825,1.093287653081612
1151.4024034807173,0.96467274,0.026678195,1.0922543956654098
1151.4123575226174,0.9176181,0.026034644,1.0912251032031302
1151.4223115645177,0.91810477,0.026037693,1.090209188306077
1151.432265606418,0.8563282,0.025169967,1.0892140700557051
1151.4422196483183,0.8733451,0.02540991,1.0882468400453877
1151.4521736902184,0.92597324,0.026143927,1.0873177845720376
1151.4621277321187,0.8755772,0.025437292,1.0864226890458175
1151.472081774019,0.8836091,0.025550032,1.085558598895128
1151.482035815919,0.88143075,0.025516719,1.0847247473209563
1151.4919898578194,0.88495666,0.02556389,1.083918930060455
1151.5019438997197,0.9297514,0.02618668,1.0831403925411893
1151.5118979416197,0.9005964,0.02577995,1.0823938485914992
1151.52185198352,0.91027725,0.02591287,1.0816887983259424
1151.5318060254203,0.9144821,0.025969803,1.0810227334930742
1151.5417600673206,0.9022824,0.02579886,1.080396658579786
1151.5517141092207,0.8436481,0.02496712,1.0798154444882182
1151.561668151121,0.84328103,0.024959726,1.0792737064039835
1151.5716221930213,0.8445593,0.02497563,1.0787683398820322
1151.5815762349216,0.86810434,0.025307694,1.0783013341203262
1151.5915302768217,0.90641636,0.025845248,1.077875687920736
1151.601484318722,0.9035342,0.025803823,1.077490255427399
1151.6114383606223,0.89995146,0.025751023,1.077149285676118
1151.6213924025224,0.8918484,0.025636585,1.076868109594914
1151.6313464444227,0.9446321,0.026362602,1.0766440234426224
1151.641300486323,0.930246,0.026164658,1.0764823564349684
1151.6512545282233,0.95287824,0.026471127,1.0763951037357382
1151.6612085701233,0.94008154,0.026294963,1.0763810206593831
1151.6711626120236,0.9483653,0.026404627,1.0764324294428012
1151.681116653924,0.97604614,0.026776858,1.076544087137636
1151.691070695824,0.99317765,0.027003461,1.0767064603415188
1151.7010247377243,0.98586047,0.02690443,1.0768974797203568
1151.7109787796246,0.9914493,0.026978228,1.0771037164328026
1151.720932821525,1.0049601,0.027153924,1.0773129938950554
1151.730886863425,0.9770429,0.026781116,1.0775165646605422
1151.7408409053253,0.9724977,0.026716731,1.0777119815506986
1151.7507949472256,0.97381866,0.026734777,1.077901471364001
1151.7607489891257,0.98660594,0.02690106,1.0780936035920894
1151.770703031026,1.0339767,0.027522529,1.0782990286582237
1151.7806570729263,1.048923,0.027714148,1.0785286728358925
1151.7906111148266,1.0354406,0.02753867,1.0787973767071855
1151.8005651567266,1.0743847,0.028037047,1.0791052522335292
1151.810519198627,1.0213937,0.027476002,1.0794545125332609
1151.8204732405272,1.0678607,0.028592274,1.0798504810761633
1151.8304272824273,1.0519965,0.02879363,1.080288422695475
1151.8403813243276,1.0678208,0.028851358,1.0807633475013314
1151.850335366228,1.0571637,0.028946701,1.081273256669962
1151.8602894081282,1.0962325,0.029546827,1.0818137859708157
1151.8702434500283,1.0942844,0.029867852,1.0823729802181048
1151.8801974919286,1.1021171,0.030462174,1.082940810519867
1151.8901515338289,1.067339,0.030060118,1.0835033180104552
1151.900105575729,1.1356549,0.03130123,1.0840490101002032
1151.9100596176293,1.0696634,0.029740248,1.0845717682107627
1151.9200136595296,1.0798663,0.030220801,1.0850700567119655
1151.9299677014299,1.1385286,0.03113545,1.0855541711411285
1151.93992174333,1.0982757,0.0302971,1.0860409834049656
1151.9498757852302,1.0896784,0.030123042,1.0865497502222898
1151.9598298271305,1.1066077,0.030455746,1.0871068401585877
1151.9697838690308,1.115861,0.030236185,1.0877223869444692
1151.979737910931,1.0472072,0.029051917,1.0884072518900745
1151.9896919528312,1.0574257,0.029483743,1.089181318692091
1151.9996459947315,1.0244234,0.02931981,1.0900432713650903
1152.0096000366316,1.1000215,0.030388234,1.0909909177881758
1152.0195540785319,1.1446426,0.03043677,1.0920239981693802
1152.0295081204322,1.0525069,0.029336499,1.0931279554723632
1152.0394621623323,1.1222733,0.030185258,1.094271751618311
1152.0494162042326,1.0582379,0.029332792,1.0954328385121905
1152.0593702461329,1.1095467,0.03057459,1.096586975411867
1152.0693242880332,1.0892949,0.030360736,1.0977151788166335
1152.0792783299332,1.1236758,0.030367471,1.0988024541775614
1152.0892323718335,1.1066387,0.03036655,1.099828483811378
1152.0991864137338,1.1260691,0.030692898,1.1007834895825535
1152.1091404556341,1.1147044,0.030319495,1.101667714141341
1152.1190944975342,1.0675813,0.029818676,1.1024815306827347
1152.1290485394345,1.026192,0.029251244,1.103230514378184
1152.1390025813348,1.0871373,0.030547984,1.1039374142706238
1152.1489566232349,1.1147736,0.031173505,1.104610850107996
1152.1589106651352,1.0734029,0.030285196,1.105245707177334
1152.1688647070355,1.1007465,0.030624272,1.1058373095446883
1152.1788187489358,1.1271855,0.031051809,1.1063757321700516
1152.1887727908359,1.1099728,0.030585779,1.1068444322344715
1152.1987268327362,1.1789869,0.031420793,1.1072327961904627
1152.2086808746365,1.0754504,0.02995815,1.107546471865907
1152.2186349165365,1.0722659,0.02974874,1.107788766322952
1152.2285889584368,1.1036156,0.02997915,1.107958321019886
1152.2385430003371,1.071554,0.029550157,1.108076969328216
1152.2484970422374,1.0987704,0.029915519,1.1081531594058174
1152.2584510841375,1.1346928,0.030441608,1.1081897015474722
1152.2684051260378,1.1174453,0.029901305,1.10819405578831
1152.278359167938,1.0506996,0.028850883,1.108172820020008
1152.2883132098382,1.122731,0.029699523,1.1081308860855408
1152.2982672517385,1.0925959,0.029233448,1.1080744219817416
1152.3082212936388,1.102531,0.029058313,1.10801123967835
1152.318175335539,1.1475481,0.029610097,1.107945255303584
1152.3281293774392,1.1808633,0.030094665,1.1078787312700498
1152.3380834193395,1.1424019,0.02966426,1.1078117337565683
1152.3480374612398,1.1350015,0.029626828,1.1077413433065137
1152.3579915031398,1.1151654,0.029338125,1.1076589598441144
1152.3679455450401,1.0886613,0.028846355,1.10754913294867
1152.3778995869404,1.0925169,0.028515693,1.107395508429365
1152.3878536288407,1.0548484,0.027659345,1.1071782280521028
1152.3978076707408,1.0474852,0.02756074,1.1068683381344175
1152.407761712641,1.0649685,0.027782658,1.106472101704837
1152.4177157545414,1.0781944,0.027948232,1.105990928499146
1152.4276697964415,1.0703686,0.027847867,1.1054220362778533
1152.4376238383418,1.053249,0.027625995,1.1047831568545707
1152.447577880242,1.0593466,0.027702821,1.104092471605661
1152.4575319221424,1.0585295,0.027689528,1.1033659863895617
1152.4674859640425,1.1253059,0.028527144,1.1026262462804506
1152.4774400059428,1.0958071,0.028156383,1.1018961894371282
1152.487394047843,1.0989785,0.028195187,1.1011901754613747
1152.4973480897434,1.0496157,0.027565382,1.1005219902391699
1152.5073021316434,1.0449917,0.02750687,1.099888533065866
1152.5172561735437,1.0837195,0.02799486,1.0992882471540708
1152.527210215444,1.0652782,0.027758114,1.0987241927204392
1152.537164257344,1.057945,0.027663782,1.0981987729113902
1152.5471182992444,1.0642115,0.027741387,1.097712939095677
1152.5570723411447,1.0246239,0.027233055,1.0972723873266967
1152.5670263830448,1.0055184,0.026979608,1.0968892487958963
1152.576980424945,1.0290413,0.027285036,1.0965590878773632
1152.5869344668454,1.0439346,0.027471978,1.0962834571804994
1152.5968885087457,1.0203495,0.02716972,1.096069535061647
1152.6068425506458,1.0266142,0.027247688,1.0959112464315468
1152.616796592546,1.0252055,0.027223969,1.0958032167069374
1152.6267506344464,1.0318265,0.027309326,1.095744550989732
1152.6367046763467,1.0324663,0.027316239,1.0957323066107651
1152.6466587182467,1.0373068,0.0273769,1.0957542898256025
1152.656612760147,1.022461,0.027180415,1.0958022425372915
1152.6665668020473,1.0178905,0.02712142,1.095866440259788
1152.6765208439474,0.97849125,0.026604194,1.0959307466718031
1152.6864748858477,0.9207463,0.02582159,1.0959834622043296
1152.696428927748,0.97169167,0.026504535,1.0960133034275097
1152.706382969648,0.9672408,0.026446525,1.0960169849112071
1152.7163370115484,0.9413542,0.0260975,1.0960001748191566
1152.7262910534487,0.92136157,0.025825795,1.0959712156523247
1152.736245095349,0.9592323,0.02633299,1.095942707101898
1152.746199137249,0.9254529,0.025875969,1.0959252876407
1152.7561531791494,0.86482495,0.025034571,1.095924096665534
1152.7661072210497,0.81906176,0.024377534,1.0959411670116666
1152.77606126295,0.8391016,0.024663277,1.0959698374065787
1152.78601530485,0.7997272,0.024092512,1.0960023911050247
1152.7959693467503,0.8065781,0.024191635,1.0960308262565672
1152.8059233886506,0.8036918,0.024146445,1.09604700456559
1152.8158774305507,0.7692357,0.023635052,1.0960476357405642
1152.825831472451,0.78237116,0.02382523,1.0960312862447585
1152.8357855143513,0.7366464,0.023135697,1.0959970477762413
1152.8457395562516,0.785456,0.023868792,1.0959526859411632
1152.8556935981517,0.75537574,0.023418566,1.0959053571544535
1152.865647640052,0.7482203,0.023307981,1.0958638761349324
1152.8756016819523,0.80691326,0.02417501,1.0958354188938708
1152.8855557238523,0.77813,0.02375267,1.0958219899476287
1152.8955097657526,0.8061223,0.024184829,1.0958232110353867
1152.905463807653,0.8162618,0.024624808,1.0958364215830239
1152.9154178495533,0.8593082,0.02535607,1.0958549340385528
1152.9253718914533,0.8341312,0.024954628,1.0958744626550505
1152.9353259333536,0.86838335,0.025687488,1.0958885238661806
1152.945279975254,0.9063264,0.026292028,1.09588506801881
1152.955234017154,0.9120595,0.026455171,1.095840107603367
1152.9651880590543,0.96168923,0.027342407,1.095697591386883
1152.9751421009546,0.9270898,0.026784977,1.0953599591125185
1152.985096142855,0.9499186,0.028021192,1.0947519974889073
1152.995050184755,0.996854,0.029135361,1.0937946018474352
1153.0050042266553,0.98239005,0.029411357,1.0923589052333793
1153.0149582685556,1.0071157,0.03011487,1.0904971398788028
1153.0249123104556,1.0304866,0.030401126,1.0882360356095981
1153.034866352356,0.9945247,0.029278593,1.085597801472796
1153.0448203942562,1.0256515,0.030171454,1.0826816423941863
1153.0547744361565,0.9811428,0.02919985,1.0796118482173152
1153.0647284780566,0.99657065,0.029336026,1.0764929756634716
1153.074682519957,0.9897985,0.02894029,1.0734464294538102
1153.0846365618572,0.9603334,0.029017212,1.0705456387308803
1153.0945906037573,1.0073107,0.029829236,1.0678285233364078
1153.1045446456576,0.9767542,0.029211087,1.065329121785199
1153.114498687558,0.97245735,0.03004222,1.0630175655514171
1153.1244527294582,0.9507103,0.028780986,1.060871128281823
1153.1344067713583,1.0065831,0.029649151,1.0588898568833005
1153.1443608132586,0.98760206,0.029422695,1.0570754988761848
1153.1543148551589,0.93262553,0.02871986,1.055402792127454
1153.1642688970592,0.9213728,0.028246023,1.0538606843385607
1153.1742229389592,0.92506486,0.028139584,1.0524476706498498
1153.1841769808595,0.8557109,0.02722667,1.0511184407397511
1153.1941310227598,0.8952721,0.027416123,1.0498437861960046
1153.20408506466,0.8367352,0.026701719,1.0485888788986455
1153.2140391065602,0.7911539,0.025970042,1.0473053766207951
1153.2239931484605,0.8680549,0.02739316,1.045949433696935
1153.2339471903606,0.8469712,0.0272101,1.044476677595176
1153.243901232261,0.87988687,0.028070183,1.042831452006871
1153.2538552741612,0.88611317,0.02864311,1.0410218868105212
1153.2638093160615,0.7871805,0.027276922,1.0390523654534416
1153.2737633579616,0.8158487,0.027425602,1.0369257640169105
1153.2837173998619,0.7881713,0.026710697,1.03469013007369
1153.2936714417622,0.76346636,0.025882637,1.0323917458134366
1153.3036254836625,0.7664272,0.025924722,1.0300786783184246
1153.3135795255625,0.72909623,0.025357995,1.0278150083156312
1153.3235335674628,0.7465229,0.025258856,1.0256529299390906
1153.3334876093631,0.715625,0.02502367,1.0236388373210192
1153.3434416512632,0.7217008,0.02503999,1.0218429456586682
1153.3533956931635,0.7391776,0.025150629,1.0202537475577897
1153.3633497350638,0.7311689,0.02471765,1.0188641002174146
1153.3733037769641,0.777791,0.025542686,1.0176689097186156
1153.3832578188642,0.75397813,0.024721147,1.0166279373317413
1153.3932118607645,0.73394644,0.023931306,1.0156886527001285
1153.4031659026648,0.7851577,0.024496427,1.0148179062201284
1153.4131199445649,0.8406538,0.025495999,1.0139921390392828
1153.4230739864652,0.811847,0.025313944,1.0131876153980008
1153.4330280283655,0.85281056,0.025805525,1.0123969533108017
1153.4429820702658,0.85000443,0.025750795,1.0116210379619595
1153.4529361121658,0.8608436,0.026102126,1.010865703703344
1153.4628901540661,0.8464664,0.024981212,1.0101421635186705
1153.4728441959664,0.84018654,0.024536645,1.0094694591663167
1153.4827982378665,0.89205694,0.02526091,1.0088717103734748
1153.4927522797668,0.92331016,0.025685014,1.0083551751571465
1153.5027063216671,0.89471066,0.025294742,1.0079284412211826
1153.5126603635674,0.9535854,0.026088582,1.007613821568686
1153.5226144054675,1.0020709,0.026725922,1.0074044849208927
1153.5325684473678,0.9792893,0.026422553,1.007306678235093
1153.542522489268,0.9450172,0.025964739,1.0073416776048563
1153.5524765311682,0.9980435,0.02666727,1.0075218183127341
1153.5624305730685,0.9690223,0.026285069,1.0078423964065635
1153.5723846149688,0.99731576,0.026653023,1.0083087082128699
1153.582338656869,0.9646354,0.026221262,1.0089404817039636
1153.5922926987691,1.0032152,0.026725542,1.0097055027895494
1153.6022467406694,0.98101956,0.026433906,1.0105938778269787
1153.6122007825697,1.0390179,0.027182126,1.0116096041583131
1153.6221548244698,1.0417866,0.027214212,1.0127394706531136
1153.6321088663701,1.0220017,0.026964154,1.0139777696431436
1153.6420629082704,1.0124341,0.026834369,1.0153373892821764
1153.6520169501707,1.005267,0.026737485,1.016842891961144
1153.6619709920708,0.99052787,0.026543254,1.0184906420151871
1153.671925033971,1.0705177,0.02756863,1.0202916760837806
1153.6818790758714,1.0582774,0.02741128,1.0222806179800714
1153.6918331177715,1.0247433,0.026984137,1.024442453226734
1153.7017871596718,1.0281689,0.027021289,1.0267774295686714
1153.711741201572,1.0569313,0.027386064,1.0293083284434474
1153.7216952434724,0.99053174,0.026529033,1.0320536444226696
1153.7316492853724,1.0433362,0.027209176,1.03500880397831
1153.7416033272727,1.0357854,0.027110297,1.0381824366897934
1153.751557369173,1.0293937,0.027026376,1.0415875187843753
1153.7615114110731,1.0492265,0.027276516,1.0451253077676925
1153.7714654529734,1.0621594,0.027441848,1.048703669496528
1153.7814194948737,1.0436709,0.027200263,1.052188158301802
1153.791373536774,1.0064913,0.026728638,1.0554463288761426
1153.801327578674,1.0437945,0.027203085,1.0583883555775633
1153.8112816205744,1.0369,0.027108558,1.0609231841873938
1153.8212356624747,1.056519,0.027359346,1.0629546228007083
1153.831189704375,1.1035433,0.027942676,1.0645395640801025
1153.841143746275,1.0812291,0.027666949,1.065708657326926
1153.8510977881754,1.0454025,0.027209789,1.0664836317195898
1153.8610518300757,1.0499125,0.02726194,1.06700569496902
1153.8710058719757,1.0765538,0.02759624,1.067378778036385
1153.880959913876,1.1150895,0.028073657,1.0676797759721735
1153.8909139557763,1.081267,0.027650846,1.067972898530978
1153.9008679976764,1.0127262,0.026780358,1.0682938411180871
1153.9108220395767,1.0794097,0.027622612,1.0686587657551052
1153.920776081477,1.0640988,0.02742994,1.0690841130124715
1153.9307301233773,1.0502113,0.027250068,1.069562911690935
1153.9406841652774,1.0892428,0.027739638,1.0700987801352968
1153.9506382071777,1.057568,0.027340826,1.070708638117154
1153.960592249078,1.0669272,0.027458249,1.071406205279044
1153.9705462909783,1.0475614,0.02721187,1.072198503215563
1153.9805003328784,1.055659,0.027313724,1.073096457725836
1153.9904543747787,1.0720651,0.027515475,1.074110562997494
1154.000408416679,1.0292264,0.026972434,1.0752080000715694
1154.010362458579,1.0731146,0.027521828,1.0763605811405448
1154.0203165004793,1.0151467,0.026788102,1.0775266748901005
1154.0302705423796,1.0052723,0.026657304,1.078652924742667
1154.04022458428,1.0285566,0.026950037,1.0796952921028047
1154.05017862618,1.0365458,0.027050287,1.0806057750958968
1154.0601326680803,1.0130137,0.0267492,1.081338143440437
1154.0700867099806,1.0796759,0.027588196,1.0818894493615985
1154.0800407518807,1.0272382,0.026926935,1.0822498533206164
1154.089994793781,1.0271119,0.026924493,1.0823908473007506
1154.0999488356813,1.0881183,0.027690994,1.0823606150901108
1154.1099028775816,1.0138893,0.02674773,1.0821937648199083
1154.1198569194817,0.9956914,0.02650891,1.0819281694128262
1154.129810961382,1.0015845,0.02658347,1.081621028929379
1154.1397650032823,0.9910519,0.02645104,1.0813209370194377
1154.1497190451823,1.0268359,0.026906451,1.0810583356839067
1154.1596730870826,1.0074849,0.026655458,1.0808564603568958
1154.169627128983,0.9880027,0.026401876,1.0807017862052866
1154.1795811708832,1.0181364,0.026784131,1.0805768641781037
1154.1895352127833,0.9525702,0.025931686,1.0804566995050882
1154.1994892546836,0.9867417,0.026377477,1.0803158101279762
1154.209443296584,0.960484,0.026032927,1.0801392932779852
1154.219397338484,0.9858461,0.026360353,1.0799171450740974
1154.2293513803843,0.91079915,0.025361808,1.079646436505585
1154.2393054222846,0.9318296,0.025644258,1.0793436796377174
1154.249259464185,0.8967126,0.025166938,1.0790255642683577
1154.259213506085,0.9528063,0.025917636,1.0787150412239328
1154.2691675479853,0.9129421,0.025381215,1.0784289903912059
1154.2791215898856,0.87493914,0.024862194,1.0781714407711127
1154.2890756317856,0.8873177,0.025023427,1.0779342160449281
1154.299029673686,0.8739468,0.024840144,1.077691765595619
1154.3089837155862,0.8368039,0.024318637,1.0774139064251609
1154.3189377574865,0.8310646,0.024235152,1.0770739175392778
1154.3288917993866,0.81513697,0.024008622,1.0766368132636965
1154.338845841287,0.8410821,0.024377298,1.0761121009838919
1154.3487998831872,0.82326746,0.024121817,1.075505591804988
1154.3587539250875,0.8307174,0.024222368,1.0748224127096724
1154.3687079669876,0.8127117,0.023961892,1.0740795937840668
1154.3786620088879,0.8199599,0.024068123,1.0732926658927866
1154.3886160507882,0.8192556,0.024056388,1.072469653658542
1154.3985700926883,0.80071336,0.023785423,1.0716193320950445
1154.4085241345886,0.87715805,0.024863908,1.0707602040641364
1154.4184781764889,0.7930193,0.02367213,1.069907599891705
1154.428432218389,0.80919206,0.023902941,1.0690786253018738
1154.4383862602892,0.79805934,0.023741404,1.0682761637810088
1154.4483403021895,0.8102979,0.023917183,1.067493447839719
1154.4582943440898,0.8102061,0.023912642,1.066722694534994
1154.46824838599,0.84769833,0.024441589,1.0659590605729052
1154.4782024278902,0.8149244,0.02397134,1.065202876371607
1154.4881564697905,0.8206019,0.024056053,1.0644597988275164
1154.4981105116908,0.84598213,0.024412297,1.0637441346158791
1154.5080645535909,0.82273376,0.02407606,1.06306601901261
1154.5180185954912,0.85995346,0.024599964,1.062438886277059
1154.5279726373915,0.9098171,0.025285548,1.0618853473308547
1154.5379266792916,0.90177894,0.02517028,1.061424578650206
1154.5478807211919,0.90618986,0.025231935,1.0610618416209008
1154.5578347630922,0.9076459,0.025247447,1.060802837508907
1154.5677888049922,0.8847486,0.02493569,1.0606547880304285
1154.5777428468925,0.8902305,0.025005948,1.0605818439471233
1154.5876968887928,0.9117649,0.025299516,1.0605611743386332
1154.5976509306931,0.93098485,0.025552087,1.0605695424419164
1154.6076049725932,0.9334738,0.02558521,1.0605796290477048
1154.6175590144935,0.9537281,0.025854897,1.060572128374625
1154.6275130563938,0.97164553,0.026081968,1.06053079999721
1154.637467098294,0.9658222,0.026006531,1.0604389894381585
1154.6474211401942,0.9971058,0.026413279,1.0602978483953684
1154.6573751820945,1.0134181,0.026622504,1.0601102843215249
1154.6673292239948,1.0106891,0.026580557,1.0598846308152678
1154.6772832658949,0.9864737,0.026268391,1.059647211713753
1154.6872373077952,0.97406304,0.026106738,1.0594216062610202
1154.6971913496955,1.0285885,0.0268018,1.0592310611225575
1154.7071453915958,1.01612,0.026640331,1.0590925610640807
1154.7170994334958,1.0070235,0.026523361,1.0590059326842105
1154.7270534753961,1.0648452,0.027255876,1.058972199903721
1154.7370075172964,1.0001132,0.026432028,1.0590019355068823
1154.7469615591965,1.0066599,0.026512438,1.0590888486871552
1154.7569156010968,1.0521135,0.027088348,1.0592359663647586
1154.766869642997,1.0820543,0.027459554,1.0594515259007111
1154.7768236848974,1.0397544,0.026926419,1.059731713776429
1154.7867777267975,1.0340319,0.026851956,1.0600616996296364
1154.7967317686978,1.0079892,0.026517367,1.0604255470172455
1154.806685810598,1.0935134,0.027591486,1.0607985310436998
1154.8166398524982,1.053342,0.027092896,1.0611515161576532
1154.8265938943985,1.0519675,0.027067475,1.061461225910346
1154.8365479362988,1.0761021,0.027366111,1.0616980481593141
1154.846501978199,1.1079905,0.027755471,1.0618509493902177
1154.8564560200991,1.1185973,0.027888723,1.061918939216645
1154.8664100619994,1.0438491,0.026959056,1.0619005139222546
1154.8763641038997,1.089128,0.027517425,1.0617995169294758
1154.8863181457998,1.0766829,0.027364768,1.0616413567372618
1154.8962721877,1.0832478,0.027448032,1.0614441604607197
1154.9062262296004,1.0935209,0.027568582,1.061229701785239
1154.9161802715007,1.0769963,0.027358657,1.0610252775580535
1154.9261343134008,1.048117,0.026998142,1.0608488141253436
1154.936088355301,1.0573751,0.027114768,1.0607144715988945
1154.9460423972014,1.1110817,0.027771052,1.0606274422188182
1154.9559964391015,1.0626122,0.027173616,1.0605803956671038
1154.9659504810018,1.0772976,0.027357608,1.0605673641704074
1154.975904522902,1.071332,0.027276425,1.0605829241851696
1154.9858585648024,1.1116643,0.027772332,1.0606107853672992
1154.9958126067024,1.066194,0.027206203,1.060639565901892
1155.0057666486027,1.0705252,0.02726135,1.0606575269184249
1155.015720690503,1.0861303,0.027451795,1.0606594642628902
1155.0256747324033,1.0948159,0.027552348,1.0606507082652694
1155.0356287743034,1.0735207,0.027290653,1.0606443314434941
1155.0455828162037,1.0198994,0.026610382,1.0606666367324271
1155.055536858104,1.0994866,0.027603392,1.0607390135465005
1155.065490900004,1.0909631,0.027571838,1.0608821832872697
1155.0754449419044,1.09302,0.027967032,1.0611242640860379
1155.0853989838047,1.0609578,0.027554074,1.0614640704075926
1155.0953530257048,1.0902541,0.027947363,1.0618876690688333
1155.105307067605,1.060946,0.027976517,1.0623795116029406
1155.1152611095054,1.1012754,0.028389934,1.0629177650174304
1155.1252151514057,1.0782273,0.028278396,1.0634755335139283
1155.1351691933057,1.1110674,0.028838215,1.0640386469713445
1155.145123235206,1.0273616,0.027694697,1.0645954815276952
1155.1550772771063,1.063999,0.02925067,1.065138746360461
1155.1650313190066,1.1346278,0.030329755,1.0656619910813037
1155.1749853609067,1.0663528,0.03007895,1.066153650860947
1155.184939402807,1.1305168,0.031360786,1.0666007311086687
1155.1948934447073,1.071534,0.030072344,1.0670000516575593
1155.2048474866074,1.098,0.030095782,1.0673511122688117
1155.2148015285077,1.0652722,0.030154206,1.0676484288895662
1155.224755570408,1.0859874,0.030009538,1.0678960659995038
1155.2347096123083,1.0626827,0.02979199,1.068081056468716
1155.2446636542084,1.1148548,0.030064048,1.0681769785788686
1155.2546176961087,1.0599078,0.030013308,1.0681695376455178
1155.264571738009,1.081331,0.030199658,1.0680599682255494
1155.274525779909,1.0842254,0.030476755,1.0678480879641878
1155.2844798218093,1.1153013,0.03162568,1.0675326635161206
1155.2944338637096,1.1161877,0.030748451,1.067144583225948
1155.30438790561,1.0545143,0.029821582,1.0667015029587983
1155.31434194751,1.0636791,0.029961053,1.0662213542806889
1155.3242959894103,1.1213374,0.030698897,1.0657319175233115
1155.3342500313106,1.0945008,0.03014033,1.0652550695916863
1155.3442040732107,1.0974176,0.030064184,1.064808414841571
1155.354158115111,1.0556992,0.029475944,1.0644049582080561
1155.3641121570113,1.0770901,0.029507725,1.0640430273712702
1155.3740661989116,1.1005864,0.029847428,1.0637246073925257
1155.3840202408117,1.0888863,0.029818982,1.0634599851750879
1155.393974282712,1.0184423,0.029258376,1.0632475281389804
1155.4039283246123,1.0703332,0.03014827,1.063089404505214
1155.4138823665123,1.0588726,0.03024321,1.0629918807351046
1155.4238364084126,1.1094983,0.03159531,1.0629564662937765
1155.433790450313,1.0314027,0.030574933,1.0629750471360593
1155.4437444922132,1.0639141,0.030286472,1.063045654221806
1155.4536985341133,1.0493765,0.030194616,1.0631764967431234
1155.4636525760136,1.0776191,0.0300477,1.0633595894508885
1155.473606617914,1.112091,0.03036699,1.063596660458257
1155.483560659814,1.0858111,0.030211886,1.063895317914151
1155.4935147017143,1.0440329,0.029146459,1.0642553633528447
1155.5034687436146,1.0241313,0.029436907,1.0646711027184041
1155.5134227855149,1.0348244,0.029166717,1.0651424028842278
1155.523376827415,1.0590384,0.029430175,1.0656769008733025
1155.5333308693153,1.050624,0.028747123,1.066267915359302
1155.5432849112156,1.0323275,0.0288673,1.0669194804302449
1155.5532389531159,1.0550251,0.028234078,1.067643932008013
1155.563192995016,1.0217847,0.027518911,1.0684374107649828
1155.5731470369162,1.0837624,0.028039536,1.0692887442486148
1155.5831010788165,1.1076543,0.028727336,1.0701821338585786
1155.5930551207166,1.1100118,0.029133178,1.0710888092321404
1155.603009162617,1.0701699,0.028173422,1.0719745292615044
1155.6129632045172,1.0730143,0.02845713,1.0728099029416955
1155.6229172464173,1.0815431,0.02861402,1.0735491473118253
1155.6328712883176,1.0779325,0.027253931,1.0741675949464038
1155.6428253302179,1.019191,0.026464881,1.0746429490753955
1155.6527793721182,1.0773777,0.02718976,1.0749455797638168
1155.6627334140182,1.0617461,0.026996631,1.0750608288072965
1155.6726874559185,1.0012523,0.026232254,1.0750178331517355
1155.6826414978188,1.0318426,0.026617313,1.0748401095947728
1155.6925955397192,1.0465057,0.026799614,1.0745529363267843
1155.7025495816192,1.1081111,0.027555918,1.0742200301037417
1155.7125036235195,1.0155128,0.026402675,1.0738799573569513
1155.7224576654198,1.0411905,0.0267253,1.0735627238912482
1155.73241170732,1.0492411,0.026824309,1.0732848834563626
1155.7423657492202,1.0718656,0.027103484,1.073047431642307
1155.7523197911205,1.0315003,0.026600787,1.0728491953796515
1155.7622738330206,1.0421321,0.026726881,1.072690872552786
1155.7722278749209,1.0532814,0.02686318,1.0725607920054534
1155.7821819168212,1.0422462,0.026727341,1.0724528353428542
1155.7921359587215,1.0596191,0.026942959,1.0723614400903405
1155.8020900006215,1.0990684,0.027427297,1.0722796319006536
1155.8120440425218,1.081718,0.027208496,1.0722039049420522
1155.8219980844221,1.0726593,0.027095081,1.0721346136488712
1155.8319521263224,1.0216402,0.02645253,1.0720766076540857
1155.8419061682225,1.0968819,0.027382797,1.0720346289430365
1155.8518602101228,1.0800544,0.027179606,1.072015612853873
1155.8618142520231,1.1175361,0.027631149,1.0720321297227589
1155.8717682939232,1.0604736,0.026934516,1.0720889488988397
1155.8817223358235,1.0267962,0.026509285,1.0721893493789578
1155.8916763777238,1.0639113,0.026971174,1.0723386927109917
1155.901630419624,1.1148833,0.027590878,1.0725406117967486
1155.9115844615242,1.013101,0.026328895,1.0727882017484183
1155.9215385034245,1.093654,0.027327161,1.0730799888613458
1155.9314925453248,1.106913,0.027489314,1.0734212730578714
1155.9414465872248,1.1056238,0.027465416,1.0738047898245269
1155.9514006291251,1.0759113,0.027101677,1.0742276185660469
1155.9613546710254,1.0595396,0.026900845,1.0746869511709052
1155.9713087129257,1.0949105,0.027331883,1.0751716119095696
1155.9812627548258,1.1134294,0.027557021,1.0756661661913263
1155.9912167967261,1.120006,0.027635945,1.0761606673386872
1156.0011708386264,1.0691998,0.027010532,1.0766468445376765
1156.0111248805265,1.0494419,0.02676625,1.077121565581482
1156.0210789224268,1.0406792,0.026651444,1.0775810163050703
1156.031032964327,1.0778251,0.02710874,1.0780172368282495
1156.0409870062274,1.0750191,0.027071761,1.078422175127676
1156.0509410481275,1.11762,0.027586482,1.0787896310550114
1156.0608950900278,1.1260232,0.027690157,1.0791110237082298
1156.070849131928,1.0953908,0.027315836,1.079372816941893
1156.0808031738281,1.0990492,0.027358847,1.0795797142398047
1156.0907572157284,1.0803077,0.027125861,1.0797309578256395
1156.1007112576287,1.0546365,0.026808161,1.0798228276136417
1156.110665299529,1.0730922,0.027034951,1.0798658649321995
1156.1206193414291,1.1284368,0.027699197,1.0798695083082304
1156.1305733833294,1.0988986,0.02734404,1.079833211106391
1156.1405274252297,1.0160775,0.026315112,1.0797420812371807
1156.1504814671298,1.0424165,0.026641304,1.079584692890378
1156.16043550903,1.0262599,0.026438463,1.0793439294318152
1156.1703895509304,1.0507852,0.026739676,1.078991440831572
1156.1803435928307,1.0999087,0.027341584,1.0785314980819103
1156.1902976347308,1.0804157,0.027104646,1.077969481627838
1156.200251676631,1.0802748,0.027104177,1.0773049988632966
1156.2102057185314,1.0550284,0.026784014,1.076542860719122
1156.2201597604317,1.0519271,0.026745448,1.0757044698213567
1156.2301138023317,1.0677985,0.02693523,1.0748018470334337
1156.240067844232,1.0501454,0.026720313,1.0738431099566252
1156.2500218861323,1.0328228,0.026500415,1.072853674513837
1156.2599759280324,1.0950963,0.027266102,1.0718498324331927
1156.2699299699327,1.0765123,0.027036453,1.0708459380210802
1156.279884011833,1.0343603,0.026510462,1.0698535197245442
1156.289838053733,1.036745,0.02653624,1.0688779648088194
1156.2997920956334,1.03449,0.026507178,1.0679240817655251
1156.3097461375337,1.066909,0.026907492,1.0670035985835793
1156.319700179434,0.99968475,0.026065664,1.066121445550071
1156.329654221334,1.064623,0.026873901,1.0652899746363425
1156.3396082632344,1.0717517,0.026963668,1.064533311517739
1156.3495623051347,1.068339,0.026918622,1.0638678488482107
1156.359516347035,0.9879553,0.025904141,1.0632974426408095
1156.369470388935,1.0419036,0.026581585,1.0628244051466869
1156.3794244308353,1.0583979,0.026784541,1.0624475425902085
1156.3893784727356,1.0462803,0.026634252,1.0621341223717085
1156.3993325146357,1.0708393,0.026932765,1.061865086513099
1156.409286556536,1.0340878,0.02647702,1.0616230940959466
1156.4192405984363,1.0045869,0.026104122,1.0613866777866863
1156.4291946403364,1.0403422,0.026549827,1.061140516324937
1156.4391486822367,1.0076901,0.026138194,1.0608720776378602
1156.449102724137,1.000138,0.026041986,1.0605707589118247
1156.4590567660373,1.0710318,0.0269214,1.0602394429438597
1156.4690108079374,1.0277679,0.026385501,1.0598839514535767
1156.4789648498377,1.027014,0.026372802,1.0595182709125597
1156.488918891738,1.0712601,0.026915988,1.0591657341739302
1156.4988729336383,1.0153687,0.026220998,1.0588452363488243
1156.5088269755383,1.0748103,0.026953638,1.058574149519472
1156.5187810174386,1.0356243,0.026466593,1.0583633785066349
1156.528735059339,1.0598407,0.026766809,1.0582065064935635
1156.538689101239,1.0411993,0.02653472,1.0580981577175241
1156.5486431431393,0.97748125,0.02572597,1.0580345073733284
1156.5585971850396,1.039363,0.026505277,1.0579975781523352
1156.56855122694,1.0102454,0.02613954,1.0579764715507962
1156.57850526884,1.0040313,0.026058469,1.057962808348681
1156.5884593107403,1.0628017,0.026788738,1.0579511926398837
1156.5984133526406,1.0323293,0.026407842,1.0579420591339734
1156.6083673945407,1.0254036,0.026319504,1.057940785469549
1156.618321436441,1.0271777,0.026341118,1.0579608251255779
1156.6282754783413,1.054869,0.026683498,1.0580107865165997
1156.6382295202416,1.0777873,0.026963793,1.0581004756987369
1156.6481835621416,1.0288863,0.026357075,1.0582434931338975
1156.658137604042,1.105985,0.027296573,1.058444774719529
1156.6680916459422,1.0913416,0.02711912,1.058702772985773
1156.6780456878423,1.0324403,0.026389256,1.059019580402343
1156.6879997297426,1.0484841,0.026591696,1.0594027323129445
1156.697953771643,1.0676823,0.026824392,1.0598410128025602
1156.7079078135432,1.0747836,0.026906947,1.0603306043009066
1156.7178618554433,1.0078874,0.026076414,1.0608689385071441
1156.7278158973436,1.0650669,0.026785886,1.0614393052112838
1156.737769939244,1.0551327,0.026659954,1.0620215590605804
1156.747723981144,1.0265284,0.026304195,1.0625929051660847
1156.7576780230443,1.0507057,0.026604833,1.0631232367762669
1156.7676320649446,1.0784055,0.026938356,1.0635970943733244
1156.7775861068449,1.0340819,0.026387228,1.0640053252789428
1156.787540148745,1.1002423,0.02720028,1.0643424228455165
1156.7974941906452,1.070746,0.026837185,1.0646326569371916
1156.8074482325455,1.062558,0.026733847,1.064903862186642
1156.8174022744456,1.0471596,0.026541237,1.0651874796462313
1156.827356316346,1.05284,0.026611015,1.065519573727321
1156.8373103582462,1.0527937,0.026607487,1.065918936472288
1156.8472644001465,1.060475,0.026700743,1.0663991060515365
1156.8572184420466,1.0808665,0.026945444,1.066980780756559
1156.867172483947,1.068148,0.02678905,1.0676519939168319
1156.8771265258472,1.0711445,0.026823722,1.0684069401427492
1156.8870805677475,1.082903,0.02696584,1.069246951125528
1156.8970346096476,1.1053011,0.0272321,1.0701702930826593
1156.9069886515479,1.0911113,0.02706039,1.0711667448887867
1156.9169426934482,1.1232848,0.027445924,1.0722336005840716
1156.9268967353482,1.054165,0.02660352,1.073373688447958
1156.9368507772485,1.0872617,0.02700518,1.07456110126764
1156.9468048191488,1.0411581,0.02643821,1.075776378052267
1156.956758861049,1.0927889,0.027070893,1.076993747920508
1156.9667129029492,1.0751215,0.026851717,1.0781789234288155
1156.9766669448495,1.1010846,0.02716454,1.0793018282975875
1156.9866209867498,1.1438125,0.027672607,1.0803319592442089
1156.9965750286499,1.0813096,0.026921924,1.0812220156323802
1157.0065290705502,1.0822502,0.026928978,1.0819733630977617
1157.0164831124505,1.0696299,0.026772251,1.0825771902268724
1157.0264371543508,1.0575367,0.0266241,1.083015348531013
1157.0363911962509,1.1087276,0.02724045,1.083301378496699
1157.0463452381512,1.0743909,0.026823036,1.083459547619793
1157.0562992800515,1.0794083,0.026880842,1.0835044293474565
1157.0662533219515,1.0522788,0.026548116,1.0834454436813008
1157.0762073638518,1.0810709,0.026895477,1.0833154422341664
1157.0861614057521,1.0650405,0.026699414,1.0831302077599814
1157.0961154476524,1.1167358,0.027324313,1.0829021594863701
1157.1060694895525,1.0695398,0.026750421,1.0826508002492787
1157.1160235314528,1.0317568,0.026284456,1.0823876788926856
1157.125977573353,1.0655836,0.026699321,1.0821180870616254
1157.1359316152532,1.0957392,0.027065424,1.0818461150214311
1157.1458856571535,1.0504004,0.026509054,1.0815770591016183
1157.1558396990538,1.0430113,0.026410574,1.0813176646575176
1157.165793740954,1.066803,0.026702847,1.0810805929199083
1157.1757477828542,1.1251696,0.027404001,1.080874379371351
1157.1857018247545,1.0530186,0.026529487,1.0807054265648788
1157.1956558666548,1.0605569,0.026618414,1.0805805572752822
1157.2056099085548,1.0833164,0.02689171,1.080502523195836
1157.2155639504551,1.0941906,0.027025394,1.0804623085940714
1157.2255179923554,1.0936117,0.027015196,1.0804536718930111
1157.2354720342557,1.0679137,0.026699826,1.080472195712428
1157.2454260761558,1.12847,0.027428292,1.0805071591305588
1157.255380118056,1.063688,0.026643574,1.0805536728464982
1157.2653341599564,1.0424273,0.02638058,1.080610335931833
1157.2752882018565,1.065083,0.026653469,1.08067787579423
1157.2852422437568,1.0752846,0.026781306,1.080757465443241
1157.295196285657,1.0446057,0.026401833,1.080851876013094
1157.3051503275574,1.1110786,0.027206566,1.0809676274788125
1157.3151043694575,1.0671849,0.02667337,1.0811045719490042
1157.3250584113578,1.1166798,0.02726541,1.081264435643218
1157.335012453258,1.1053891,0.027128413,1.0814500233489477
1157.3449664951581,1.028638,0.026194237,1.0816593457899992
1157.3549205370584,1.0703342,0.02670428,1.0818854827962454
1157.3648745789587,1.079351,0.026809474,1.0821197775547002
1157.374828620859,1.0202914,0.026082806,1.0823457958148233
1157.384782662759,1.076994,0.026775254,1.0825465981343267
1157.3947367046594,1.119342,0.027281696,1.0827071941070563
1157.4046907465597,1.0479709,0.02641831,1.0828104781541164
1157.41464478846,1.1013169,0.027063733,1.0828538124265412
1157.42459883036,1.0314008,0.026208602,1.0828445766525363
1157.4345528722604,1.0662411,0.02663572,1.0827906743396858
1157.4445069141607,1.040174,0.026311284,1.082703450838073
1157.4544609560608,1.0489595,0.026420584,1.0826053727072205
1157.464414997961,1.0790087,0.02678106,1.0825143297151985
1157.4743690398614,1.0572332,0.026512787,1.0824547302690457
1157.4843230817614,1.0752293,0.026731445,1.0824455975170493
1157.4942771236617,1.0497386,0.026417961,1.0824971666421475
1157.504231165562,1.1198406,0.02726474,1.082616957806147
1157.5141852074623,1.0698183,0.026657665,1.0828077200666173
1157.5241392493624,1.1013205,0.0270371,1.0830488049724707
1157.5340932912627,1.0641096,0.026584685,1.0833237878589344
1157.544047333163,1.07892,0.026759716,1.083611389564715
1157.5540013750633,1.0454024,0.026350526,1.0838855393638123
1157.5639554169634,1.0504078,0.026408913,1.0841275538778379
1157.5739094588637,1.046363,0.02635712,1.084321633108406
1157.583863500764,1.0155934,0.025973266,1.0844585370583129
1157.593817542664,1.012194,0.025929043,1.0845486750843116
1157.6037715845644,1.0873723,0.027077558,1.0846019291507631
1157.6137256264647,1.0780413,0.027101416,1.08462981079249
1157.6236796683647,1.0519316,0.02673994,1.0846498279526853
1157.633633710265,1.117519,0.02773039,1.0846721188392972
1157.6435877521653,0.9869611,0.02617301,1.0847038229060766
1157.6535417940656,1.0525204,0.027066892,1.084749495459223
1157.6634958359657,1.0245101,0.026833674,1.0848099422914113
1157.673449877866,1.0459975,0.027033534,1.0848872954533564
1157.6834039197663,1.0324397,0.027424682,1.084988575948513
1157.6933579616666,1.0729293,0.028438948,1.0851157875308564
1157.7033120035667,0.99873835,0.02763344,1.085274121961512
1157.713266045467,1.0645864,0.028973833,1.085473463475113
1157.7232200873673,1.0514843,0.028675448,1.0857220132224754
1157.7331741292674,1.0447507,0.028342301,1.0860199417691496
1157.7431281711677,1.0759823,0.028877601,1.0863673433584307
1157.753082213068,1.1028836,0.029094322,1.0867627920943215
1157.7630362549683,1.0648215,0.028432958,1.0871802656766063
1157.7729902968683,1.0925452,0.028602602,1.087597040549846
1157.7829443387686,1.0604426,0.028516676,1.0879836217562673
1157.792898380669,1.0427094,0.028342731,1.0883124278222889
1157.802852422569,1.0637256,0.028595263,1.0885676723122897
1157.8128064644693,1.1143453,0.029783154,1.088734473229993
1157.8227605063696,1.0956918,0.029299388,1.0887887563931127
1157.83271454827,1.0576414,0.028453449,1.0887451716648013
1157.84266859017,1.045123,0.0284051,1.0886070243636758
1157.8526226320703,1.0649228,0.028665597,1.0883714346404614
1157.8625766739706,1.079083,0.028731016,1.088050584378107
1157.8725307158707,1.0921657,0.028683944,1.0876600052507484
1157.882484757771,1.044274,0.028081493,1.087210900953445
1157.8924387996713,0.99964094,0.027293686,1.086716487716956
1157.9023928415716,1.0288994,0.027810808,1.0862009906148835
1157.9123468834716,1.0117638,0.027465936,1.085676688027728
1157.922300925372,1.0364342,0.028046357,1.0851528684950795
1157.9322549672722,0.98527116,0.02755143,1.0846363912486217
1157.9422090091723,0.9867806,0.027579034,1.0841324278120985
1157.9521630510726,1.0324916,0.028464943,1.0836480912573991
1157.962117092973,1.0222213,0.028813416,1.0831952502922422
1157.9720711348732,0.9949652,0.027978418,1.0827797363582417
1157.9820251767733,0.9458343,0.027352458,1.0824104858918857
1157.9919792186736,1.0238576,0.027990652,1.0821036407318143
1158.0019332605739,0.9897096,0.027415248,1.0818610704100422
1158.011887302474,1.0210303,0.027999157,1.0816833068644864
1158.0218413443743,0.99427295,0.027335713,1.0815753107027053
1158.0317953862746,1.0179787,0.02792285,1.0815434344424533
1158.0417494281749,1.0425782,0.028201643,1.0815789780736818
1158.051703470075,1.0558062,0.028342849,1.0816819120349506
1158.0616575119752,1.0447222,0.02780094,1.0818603942538887
1158.0716115538755,1.0652839,0.028125389,1.0821025041895043
1158.0815655957758,1.080103,0.02805789,1.0823994567738267
1158.091519637676,1.0139947,0.026735874,1.0827455432399353
1158.1014736795762,1.0746564,0.027197657,1.0831328096190709
1158.1114277214765,1.0534389,0.027036639,1.0835490618212889
1158.1213817633766,1.0264558,0.02697747,1.0839904238128046
1158.1313358052769,1.0322162,0.026990041,1.084460595281601
1158.1412898471772,1.0427387,0.026965773,1.0849585146826524
1158.1512438890773,1.0054467,0.026730843,1.0854849027319617
1158.1611979309776,1.0463052,0.026617547,1.086039163292173
1158.1711519728779,0.9811375,0.025414703,1.0866125072204966
1158.1811060147782,1.0150226,0.025835507,1.0871889578561447
1158.1910600566782,1.047951,0.026237514,1.0877530612765172
1158.2010140985785,0.9420472,0.02490571,1.0882820034813352
1158.2109681404788,1.0259672,0.025964059,1.088764515567683
1158.2209221823791,1.0171596,0.025852352,1.0891901287564827
1158.2308762242792,0.98536766,0.025452618,1.0895447190866316
1158.2408302661795,1.0078157,0.02573165,1.0898210620806323
1158.2507843080798,0.9887758,0.025492372,1.090023767446307
1158.2607383499799,0.9918265,0.025531659,1.0901529386539979
1158.2706923918802,0.9822719,0.02540657,1.0901959643197292
1158.2806464337805,1.007042,0.025716042,1.090164452156527
1158.2906004756808,1.0018947,0.025647556,1.0900542623316585
1158.3005545175808,0.97278845,0.025278237,1.0898520507716387
1158.3105085594811,0.9968859,0.025580812,1.0895537465372571
1158.3204626013815,1.0007728,0.02562834,1.0891627166850661
1158.3304166432815,1.0224266,0.025894726,1.0886731662382236
1158.3403706851818,1.0552093,0.026294865,1.0880632004765753
1158.3503247270821,0.97913045,0.025349129,1.087347947307969
1158.3602787689824,0.9884442,0.025465943,1.086528895470945
1158.3702328108825,1.0121329,0.025760664,1.0856020778840076
1158.3801868527828,1.0243384,0.025905984,1.0845822359761508
1158.390140894683,0.97331095,0.025267579,1.083488831304216
1158.4000949365832,1.0238488,0.025898706,1.0823339268096586
1158.4100489784835,1.0007074,0.02560772,1.0811280112954784
1158.4200030203838,0.98504674,0.025410676,1.079897305798751
1158.429957062284,0.98362446,0.025389552,1.0786599965424286
1158.4399111041841,1.0649682,0.026392857,1.077433627450837
1158.4498651460844,1.0309786,0.025975525,1.0762247872202186
1158.4598191879847,1.0450445,0.026144374,1.0750269876559544
1158.4697732298848,1.0138718,0.025759045,1.073828056550448
1158.4797272717851,0.9752384,0.02527284,1.072615171573411
1158.4896813136854,1.0115677,0.025725571,1.0713862863257104
1158.4996353555857,1.047982,0.02617414,1.0701431795422747
1158.5095893974858,1.0512911,0.026211008,1.0688902596794339
1158.519543439386,1.0337383,0.025993133,1.0676365304083881
1158.5294974812864,0.9713095,0.025212683,1.06639129785998
1158.5394515231865,0.99600226,0.025521599,1.0651664379930763
1158.5494055650868,0.995375,0.025508992,1.0639802149180568
1158.559359606987,1.04246,0.026092805,1.062843348852992
1158.5693136488874,1.0508944,0.026193447,1.0617679741625372
1158.5792676907874,1.0296335,0.025929809,1.0607709679184032
1158.5892217326877,1.0222263,0.02583733,1.0598448672161216
1158.599175774588,1.0132221,0.025722953,1.05897906469634
1158.6091298164881,1.0449861,0.026113287,1.0581670410676138
1158.6190838583884,1.0084625,0.025660768,1.0574047394068762
1158.6290379002887,1.0171567,0.0257662,1.0566831235527536
1158.638991942189,1.062478,0.026318347,1.056002196353599
1158.648945984089,1.0126052,0.025703786,1.055368719317435
1158.6589000259894,1.0525206,0.026193688,1.0547775122738585
1158.6688540678897,0.9987349,0.025529174,1.054224308601238
1158.6788081097898,1.0010675,0.025554514,1.053706130292441
1158.68876215169,1.0546106,0.026211316,1.0532175100837817
1158.6987161935904,1.0310237,0.02592185,1.052747843656531
1158.7086702354907,1.022939,0.025820827,1.0522905604852213
1158.7186242773907,1.0056785,0.025603482,1.0518402988461968
1158.728578319291,0.9809456,0.025295699,1.0513919403415053
1158.7385323611913,1.0449939,0.026082233,1.0509439773406286
1158.7484864030916,1.023652,0.025821129,1.0504976278813407
1158.7584404449917,1.0312823,0.02591397,1.0500573019262918
1158.768394486892,1.0797291,0.02649415,1.049628215302925
1158.7783485287923,1.0436523,0.026058784,1.0492165162330096
1158.7883025706924,1.0557864,0.026204418,1.0488333731627018
1158.7982566125927,1.0228466,0.025799172,1.0484822557845064
1158.808210654493,1.0924404,0.026638601,1.0481686097633656
1158.818164696393,1.0106193,0.025642911,1.0479025485731683
1158.8281187382934,1.0581183,0.026223464,1.0476941644934805
1158.8380727801937,1.0230093,0.02579477,1.0475467248276007
1158.848026822094,1.0637243,0.026286975,1.0474679923104095
1158.857980863994,1.0443307,0.026051447,1.0474775938132115
1158.8679349058943,0.99570507,0.025449416,1.0475669588222418
1158.8778889477946,1.0337647,0.025917294,1.0477353706541064
1158.887842989695,1.0305127,0.02587316,1.0479866924866665
1158.897797031595,1.0429657,0.026025137,1.0483170011569587
1158.9077510734953,1.030286,0.025866583,1.0487147236579182
1158.9177051153956,1.0299622,0.025859768,1.049176749959769
1158.9276591572957,1.0699205,0.026344702,1.0497120463480836
1158.937613199196,1.0725291,0.026374385,1.050308467799509
1158.9475672410963,1.0194278,0.025726726,1.0509659070123627
1158.9575212829966,1.0478551,0.026070913,1.0516914420206827
1158.9674753248967,1.0297859,0.02585209,1.052488465845415
1158.977429366797,1.0559897,0.02616529,1.0533568338462653
1158.9873834086973,1.0162965,0.025678935,1.0543051941645465
1158.9973374505973,1.0325845,0.02587687,1.0553621700518319
1159.0072914924976,1.0840155,0.026497338,1.0565255831467724
1159.017245534398,1.1165487,0.02687992,1.0578068878539155
1159.0271995762982,1.074963,0.026383594,1.0592273438903235
1159.0371536181983,1.0436081,0.026002377,1.060786360444475
1159.0471076600986,1.0738492,0.026367577,1.0624649322396373
1159.057061701999,1.0471361,0.026041586,1.0642461665903928
1159.067015743899,1.0983794,0.026654325,1.0661104980797502
1159.0769697857993,1.0722274,0.026340958,1.0680101433118852
1159.0869238276996,1.0822159,0.026457686,1.0699158014117902
1159.0968778696,1.0357376,0.025894055,1.0718011931670133
1159.1068319115,1.0881091,0.026524343,1.073648712111943
1159.1167859534003,1.1059394,0.026731893,1.075449684981307
1159.1267399953006,1.0778153,0.026396245,1.0771943640874477
1159.1366940372006,1.0833838,0.026460484,1.0788649542384916
1159.146648079101,1.0609637,0.026191007,1.080464262942424
1159.1566021210012,1.0829642,0.026451452,1.0819865741133765
1159.1665561629015,1.0898005,0.026533317,1.0834179667546486
1159.1765102048016,1.0884686,0.026513284,1.0847591627408915
1159.186464246702,1.0876452,0.026502937,1.0860151332321142
1159.1964182886022,1.1130528,0.02679814,1.0871859519542482
1159.2063723305023,1.0638115,0.026211152,1.0882709315299752
1159.2163263724026,1.0610697,0.026174868,1.0892974468192176
1159.226280414303,1.0748521,0.02633931,1.0902815089457478
1159.2362344562032,1.064533,0.026215563,1.0912293178105317
1159.2461884981033,1.1267229,0.026948959,1.092136321535635
1159.2561425400036,1.0446723,0.02597103,1.0929842808355765
1159.2660965819039,1.1002674,0.026633365,1.0937453068778025
1159.2760506238042,1.0588056,0.026137736,1.0943818930335163
1159.2860046657042,1.0188092,0.025646416,1.0948940770974007
1159.2959587076045,1.0830079,0.026424535,1.095276624233213
1159.3059127495048,1.0902439,0.026506022,1.0955182843683786
1159.315866791405,1.0042746,0.025463982,1.0956411370533712
1159.3258208333052,1.0438808,0.025947483,1.0956662718582661
1159.3357748752055,1.0744485,0.0263111,1.095605462215881
1159.3457289171056,1.0918854,0.026518196,1.0954697093827581
1159.355682959006,1.0405651,0.025899021,1.09528705873114
1159.3656370009062,1.1182202,0.02682311,1.0950742612852689
1159.3755910428065,1.0801312,0.026371308,1.094845606965308
1159.3855450847066,1.089612,0.026479699,1.0946140566680855
1159.3954991266069,1.0156434,0.0255861,1.094385676929329
1159.4054531685072,1.0617793,0.026146324,1.0941633137925653
1159.4154072104075,1.0471542,0.025967533,1.0939476592094766
1159.4253612523075,1.0868485,0.026441485,1.0937359496355543
1159.4353152942078,1.0715901,0.02625739,1.0935248493254104
1159.4452693361081,1.0682929,0.02621327,1.0933083065494886
1159.4552233780082,1.0692259,0.026222575,1.0930798485752584
1159.4651774199085,1.1025707,0.026618572,1.0928336029551167
1159.4751314618088,1.0469671,0.025951738,1.0925628738335424
1159.485085503709,1.0998161,0.02658076,1.0922615075159068
1159.4950395456092,1.0573212,0.02607337,1.0919325361728849
1159.5049935875095,1.1070774,0.02666386,1.0915781253393746
1159.5149476294098,1.0715883,0.02624032,1.0911992318372268
1159.5249016713099,1.108094,0.02667038,1.0908018808519246
1159.5348557132102,1.0478095,0.025949815,1.0903884155921149
1159.5448097551105,1.0501825,0.025975328,1.0899572287032786
1159.5547637970108,1.0820801,0.026357295,1.0895038590595219
1159.5647178389108,1.0613372,0.02610784,1.0890272016803677
1159.5746718808111,1.0655713,0.02615467,1.088525003135529
1159.5846259227114,1.050803,0.025976146,1.0879936199311122
1159.5945799646115,1.1176699,0.026768187,1.0874388693940582
1159.6045340065118,1.0657039,0.026150815,1.0868661167499918
1159.614488048412,1.0118499,0.025495265,1.0862799353011132
1159.6244420903124,1.089244,0.026427133,1.0856838118855485
1159.6343961322125,1.0590115,0.026062723,1.0850784824729374
1159.6443501741128,1.0605359,0.026080342,1.084459072656542
1159.654304216013,1.0787574,0.0262961,1.0838128798632642
1159.6642582579132,1.04267,0.025860729,1.0831333123506255
1159.6742122998135,1.0537854,0.025993112,1.0824166129422643
1159.6841663417138,1.0385233,0.02580647,1.0816610657667032
1159.694120383614,1.0755628,0.026249904,1.0808720031909436
1159.7040744255141,1.067287,0.026149932,1.0800639631220317
1159.7140284674144,1.0362357,0.025772221,1.0792485784205055
1159.7239825093147,1.1015211,0.026551213,1.0784391712946098
1159.7339365512148,1.0718396,0.026197635,1.0776446047183166
1159.743890593115,1.0747409,0.02622997,1.0768684124197179
1159.7538446350154,1.1213471,0.026778204,1.0761110886643719
1159.7637986769157,1.0859325,0.026358131,1.0753671867506522
1159.7737527188158,1.0661699,0.026120866,1.074626153628732
1159.783706760716,1.0313638,0.025699034,1.0738777634919425
1159.7936608026164,1.0783409,0.026262509,1.0731078610655091
1159.8036148445165,1.046056,0.025873972,1.0723133165778789
1159.8135688864168,1.0787251,0.026263895,1.071497508598618
1159.823522928317,1.0528766,0.025950987,1.0706683843674885
1159.8334769702174,1.0606655,0.02604408,1.069837037507886
1159.8434310121174,1.0002682,0.025305359,1.0690097726289103
1159.8533850540177,1.0709077,0.026161466,1.0681862832375342
1159.863339095918,1.1075279,0.026590915,1.0673599703420873
1159.873293137818,1.0450846,0.025847444,1.0665233627060682
1159.8832471797184,1.0499282,0.025902964,1.0656737664840128
1159.8932012216187,1.0553108,0.025966533,1.0648153538230325
1159.903155263519,1.0608801,0.026031496,1.0639629224201337
1159.913109305419,1.0753542,0.026201552,1.0631328022428637
1159.9230633473194,1.078776,0.026241843,1.0623374913742516
1159.9330173892197,1.0736855,0.02617766,1.0615894266147787
1159.94297143112,1.0497594,0.025889846,1.060878888927676
1159.95292547302,1.1060739,0.02655621,1.0601969457919156
1159.9628795149204,1.1260113,0.026787931,1.059535255848044
1159.9728335568207,1.1089802,0.026585469,1.0588856202257162
1159.9827875987207,1.0615786,0.026022475,1.0582439579751293
1159.992741640621,1.1392322,0.026934214,1.057612918845424
1160.0026956825213,1.0595994,0.025993453,1.0570051475130398
1160.0126497244214,1.1450803,0.02699654,1.0564319198499947
1160.0226037663217,1.0654575,0.026058467,1.0559060214974594
1160.032557808222,1.1146063,0.02663878,1.055442331803585
1160.0425118501223,1.0676295,0.026081638,1.0550467109065722
1160.0524658920224,1.0403119,0.02575265,1.0547093370209482
1160.0624199339227,1.0985031,0.02644379,1.054421016691056
1160.072373975823,1.0645307,0.026039459,1.0541715225702821
1160.0823280177233,1.0693468,0.026095387,1.0539385983236587
1160.0922820596234,1.0981486,0.026432762,1.0537121134378096
1160.1022361015237,1.0679154,0.026073473,1.053490327825045
1160.112190143424,1.0711522,0.026264172,1.0532791843997626
1160.122144185324,1.0730765,0.026501244,1.0530864000184839
1160.1320982272243,1.0597111,0.026290001,1.0529199668838143
1160.1420522691246,1.0384334,0.026120257,1.052792666444865
1160.152006311025,1.049206,0.026422964,1.0527035156411972
1160.161960352925,1.0957719,0.026984513,1.0526546617612664
1160.1719143948253,1.056892,0.026639586,1.052651845840562
1160.1818684367256,1.0349059,0.026348324,1.052698346162668
1160.1918224786257,1.0217845,0.02647178,1.0527920550076937
1160.201776520526,1.0300369,0.027198225,1.0529349874489158
1160.2117305624263,1.0619215,0.027889568,1.053137799362109
1160.2216846043266,1.1151743,0.029036209,1.0533925504704298
1160.2316386462267,1.0666623,0.028314827,1.0536976335648993
1160.241592688127,1.052524,0.027781589,1.0540533321409593
1160.2515467300273,1.0806315,0.028239217,1.0544532942984546
1160.2615007719273,1.1028684,0.028469967,1.0548854784820785
1160.2714548138276,1.0791105,0.028120225,1.0553418955011453
1160.281408855728,1.0120136,0.026992418,1.0558173083848796
1160.2913628976282,1.1009631,0.028337236,1.056303470695088
1160.3013169395283,1.0392008,0.027862024,1.0567981561766018
1160.3112709814286,1.074011,0.028247835,1.0573014810830066
1160.321225023329,1.0941519,0.028663803,1.0578132046733035
1160.331179065229,1.0885613,0.02866984,1.0583310501805587
1160.3411331071293,1.0604697,0.027777953,1.0588518716455724
1160.3510871490296,1.0997806,0.028502572,1.059369721169822
1160.3610411909299,1.090259,0.028418506,1.0598792189533701
1160.37099523283,1.1000336,0.028550534,1.0603772622797538
1160.3809492747303,1.0842919,0.02801146,1.060863177010451
1160.3909033166306,1.0661136,0.027946057,1.0613427482743523
1160.4008573585306,1.0817715,0.027969142,1.0618265336762516
1160.410811400431,1.0354053,0.027314113,1.0623254017358401
1160.4207654423312,1.0560331,0.027587753,1.062852544697102
1160.4307194842315,1.0167607,0.02724275,1.0634032562116629
1160.4406735261316,1.10243,0.028535603,1.0639655672369313
1160.450627568032,1.0589547,0.027910119,1.0645169092123192
1160.4605816099322,1.0821002,0.02852154,1.065029553144495
1160.4705356518323,1.1085306,0.029239956,1.065485635570742
1160.4804896937326,1.0827577,0.028858291,1.0658718472063775
1160.4904437356329,1.0483751,0.028081415,1.0661667848785985
1160.5003977775332,1.155089,0.02917549,1.0663830516918837
1160.5103518194333,1.0795684,0.028142618,1.066526632019479
1160.5203058613336,1.0887179,0.028201232,1.0666048376110346
1160.5302599032339,1.0740981,0.027958807,1.066637121914426
1160.540213945134,1.0287089,0.027304059,1.0666481561268513
1160.5501679870342,1.0744675,0.028085867,1.0666569353935946
1160.5601220289345,1.0896006,0.027984198,1.0666845707590316
1160.5700760708348,1.0569359,0.027587991,1.0667395705947365
1160.580030112735,1.0246525,0.026927682,1.0668240312354251
1160.5899841546352,1.1055791,0.027872307,1.0669374626553476
1160.5999381965355,1.0908293,0.027108464,1.0670738318149138
1160.6098922384358,1.050947,0.026440807,1.0672229446984902
1160.6198462803359,1.0617024,0.02655338,1.0673754671261078
1160.6298003222362,1.0557499,0.026769731,1.0675186736194628
1160.6397543641365,1.0409853,0.026537301,1.0676425007373842
1160.6497084060366,1.0645169,0.026723245,1.0677373754753925
1160.6596624479369,1.0783374,0.027035076,1.0677906694607184
1160.6696164898372,1.0468302,0.026308367,1.0677947497565454
1160.6795705317372,1.0900713,0.026218059,1.0677528853295493
1160.6895245736375,1.0572637,0.025822753,1.0676701200332872
1160.6994786155378,1.025782,0.025443245,1.067550314392709
1160.7094326574381,1.0449013,0.025671272,1.0674031290270511
1160.7193866993382,1.0646104,0.025904983,1.0672199316881286
1160.7293407412385,1.1012375,0.026333837,1.0669702798594562
1160.7392947831388,1.0251818,0.025428478,1.0666136130392951
1160.749248825039,1.0492226,0.025716992,1.066126092371396
1160.7592028669392,1.0343515,0.025534423,1.0654868138305507
1160.7691569088395,1.0321821,0.025506565,1.0646594477689386
1160.7791109507398,1.0146767,0.025291277,1.0636803228733254
1160.7890649926399,1.0801874,0.026073836,1.062571223612287
1160.7990190345402,1.0881585,0.026165972,1.0613538915515575
1160.8089730764405,1.0545732,0.02576749,1.0600642120825354
1160.8189271183408,1.0724488,0.025977014,1.05874077367223
1160.8288811602408,1.0381483,0.025566142,1.0574101206611801
1160.8388352021411,1.0205997,0.025351845,1.056101368606824
1160.8487892440414,1.0649412,0.02588242,1.0548341699977226
1160.8587432859415,1.0749369,0.025997065,1.0536250711408828
1160.8686973278418,1.0065159,0.025173534,1.0524927364733783
1160.878651369742,1.0476034,0.025668602,1.0514458217442217
1160.8886054116424,1.0693698,0.025925899,1.0504774492328093
1160.8985594535425,1.1181822,0.026495902,1.0495851576565092
1160.9085134954428,1.0492862,0.025684508,1.0487767595127406
1160.918467537343,1.0926411,0.026194064,1.0480356626289826
1160.9284215792431,1.0576046,0.02577883,1.0473567772292347
1160.9383756211435,1.0545129,0.025738956,1.0467389830905263
1160.9483296630438,1.0534793,0.025725795,1.0461742876559983
1160.958283704944,1.0517795,0.02570272,1.0456461914621265
1160.9682377468441,1.1082,0.026367012,1.0451411398620567
1160.9781917887444,1.1114421,0.02640231,1.0446429399884603
1160.9881458306447,1.0915747,0.026167475,1.0441350709647659
1160.9980998725448,1.0646006,0.025848167,1.0436084918357142
1161.008053914445,1.1015744,0.02628008,1.0430580112673957
1161.0180079563454,1.007361,0.025155777,1.0424869528163523
1161.0279619982457,1.073872,0.025952065,1.0419066939021746
1161.0379160401458,1.0263995,0.025382036,1.0413301546213383
1161.047870082046,1.0802879,0.026023427,1.0407800356808266
1161.0578241239464,1.0279642,0.025396781,1.040274307004339
1161.0677781658464,1.0337391,0.025465006,1.0398306461964184
1161.0777322077467,1.0853894,0.026076779,1.0394701248653926
1161.087686249647,1.0736452,0.025935436,1.0392043519927292
1161.0976402915473,1.0234694,0.025334725,1.0390250239296681
1161.1075943334474,1.064527,0.025823891,1.0389281673219493
1161.1175483753477,1.0565346,0.025726581,1.038918070653693
1161.127502417248,1.0828502,0.026036035,1.038974129380191
1161.1374564591483,1.0648493,0.025821723,1.0390867555540584
1161.1474105010484,1.0301002,0.025405282,1.0392513928542273
1161.1573645429487,1.027458,0.025371198,1.0394626415192836
1161.167318584849,1.0327454,0.025432883,1.0397124330632983
1161.177272626749,1.0654227,0.02582011,1.0400009942534076
1161.1872266686494,1.0865487,0.026101891,1.0403403716817914
1161.1971807105497,1.05149,0.026159378,1.0407337450211422
1161.2071347524497,1.1115961,0.026967263,1.041190353965574
1161.21708879435,1.1590148,0.027669039,1.0417248772451626
1161.2270428362503,1.1131567,0.027517734,1.0423455165766504
1161.2369968781506,1.0782348,0.027297162,1.0430405833519505
1161.2469509200507,1.1247501,0.028713804,1.0438019917571943
1161.256904961951,1.0832747,0.028532796,1.04462586262247
1161.2668590038513,1.1549468,0.03049636,1.0454914449350885
1161.2768130457516,1.0473737,0.028564263,1.0463854714049396
1161.2867670876517,1.1064184,0.029441664,1.0472948312414858
1161.296721129552,1.0981147,0.028967278,1.04820302635912
1161.3066751714523,1.0531778,0.02831813,1.0490961955096683
1161.3166292133524,1.0771618,0.028758215,1.0499639423736524
1161.3265832552527,1.0801926,0.028636275,1.0507923140279134
1161.336537297153,1.0650665,0.027987877,1.0515795621536164
1161.346491339053,1.091424,0.028394679,1.0523230677673203
1161.3564453809533,1.065678,0.02855374,1.0530169704250132
1161.3663994228536,1.0036707,0.027795777,1.053656602868861
1161.376353464754,1.0965886,0.0288797,1.0542492101100311
1161.386307506654,1.0606512,0.02821088,1.0547994198231812
1161.3962615485543,1.0749443,0.028904332,1.0553092443903334
1161.4062155904546,1.09972,0.02945419,1.0557907907432527
1161.416169632355,1.0812778,0.02911005,1.0562532222568344
1161.426123674255,1.0422297,0.028192507,1.0567073325462526
1161.4360777161553,1.0402974,0.028030625,1.057169773905669
1161.4460317580556,1.0512774,0.028568445,1.057657469746598
1161.4559857999557,1.0973296,0.029802091,1.0581879848017488
1161.465939841856,1.1333857,0.03008951,1.058790644317818
1161.4758938837563,1.0352429,0.029187262,1.059477886856998
1161.4858479256566,1.0645205,0.029052224,1.060259996237014
1161.4958019675566,1.0845163,0.029089106,1.0611484941857685
1161.505756009457,1.0308676,0.0281031,1.0621440882211268
1161.5157100513572,1.0594795,0.028469788,1.0632115799558444
1161.5256640932573,1.0611362,0.029185968,1.0643162692829946
1161.5356181351576,1.0717483,0.029517611,1.0654092889143227
1161.545572177058,1.1156083,0.02955304,1.066442203490311
1161.5555262189582,1.0201888,0.028379688,1.0673802332419544
1161.5654802608583,1.0856028,0.029378878,1.068192939512835
1161.5754343027586,1.077242,0.02900555,1.068857982526285
1161.585388344659,1.0255598,0.027867062,1.0693960510253055
1161.595342386559,1.0926414,0.028354684,1.0698166111216572
1161.6052964284593,1.0909199,0.028652327,1.070115505584122
1161.6152504703596,1.0680063,0.02865917,1.070305815426532
1161.6252045122599,1.08802,0.028466688,1.0703865390910647
1161.63515855416,1.1061561,0.028536623,1.070344840441657
1161.6451125960602,1.029424,0.027077653,1.0701694637432997
1161.6550666379605,1.1081469,0.027487643,1.069888285095626
1161.6650206798606,1.0671965,0.027047217,1.0695167088878506
1161.674974721761,1.081823,0.027156327,1.0690623509283959
1161.6849287636612,1.0871173,0.02679416,1.0685466400789583
1161.6948828055615,1.0356945,0.025672829,1.0679845868237088
1161.7048368474616,1.0512958,0.025593778,1.0673858485122993
1161.714790889362,1.1103295,0.026235864,1.0667605903227577
1161.7247449312622,1.025108,0.025230013,1.066125206381685
1161.7346989731623,1.0486445,0.025510138,1.0654912928809595
1161.7446530150626,1.0216686,0.02518596,1.0648700620157763
1161.7546070569629,1.0649124,0.025698505,1.0642622531063912
1161.7645610988632,1.042111,0.025426725,1.0636564842156755
1161.7745151407632,1.0549417,0.02557643,1.0630317079555613
1161.7844691826635,1.0467963,0.025477707,1.0623529957584286
1161.7944232245638,1.0494816,0.025509166,1.0615990206332933
1161.8043772664641,1.0697918,0.025747458,1.0607480585186242
1161.8143313083642,1.0653094,0.025691757,1.0597683715035344
1161.8242853502645,1.0675081,0.025716856,1.058655235668063
1161.8342393921648,1.0767322,0.025821958,1.0574172987001522
1161.844193434065,1.0892732,0.025967209,1.056062942053359
1161.8541474759652,1.0672083,0.025706341,1.054603644066304
1161.8641015178655,1.0871499,0.025938708,1.0530831522597586
1161.8740555597656,1.052884,0.025534332,1.0515273642651501
1161.8840096016659,1.0898933,0.025966397,1.0499600872333819
1161.8939636435662,1.106783,0.026161,1.0484050907161182
1161.9039176854665,1.09579,0.026030876,1.0468807653579162
1161.9138717273665,1.0492074,0.025481872,1.0454070581237243
1161.9238257692668,1.1068321,0.026155166,1.044015323851545
1161.9337798111671,1.0715116,0.02574165,1.0427076873779457
1161.9437338530674,1.0139176,0.025054358,1.0414875074323033
1161.9536878949675,1.0581621,0.025580037,1.0403607501399983
1161.9636419368678,1.0806093,0.025841702,1.0393191619186886
1161.9735959787681,1.0792191,0.025824102,1.0383515460462716
1161.9835500206682,1.0274862,0.025209289,1.0374552037182783
1161.9935040625685,1.0836593,0.02587239,1.0366388131191735
1162.0034581044688,1.0368618,0.0253174,1.0358892655216885
1162.013412146369,1.0694475,0.025701623,1.0352059482892058
1162.0233661882692,1.0517343,0.025491338,1.0345949626020612
1162.0333202301695,1.0271853,0.025196439,1.03405549498894
1162.0432742720698,1.0129781,0.02502366,1.0335817046452127
1162.0532283139698,1.0146136,0.025041781,1.0331725814318256
1162.0631823558701,1.0648814,0.025639221,1.0328348788824266
1162.0731363977704,1.0383087,0.025321731,1.032549411417397
1162.0830904396707,1.0671746,0.02566123,1.032304570912645
1162.0930444815708,1.0294352,0.025210632,1.032085769867444
1162.1029985234711,1.0874445,0.025893526,1.0318713938150843
1162.1129525653714,1.1044346,0.026089447,1.031642527685559
1162.1229066072715,1.0527701,0.025482874,1.0313857664844042
1162.1328606491718,1.0846702,0.025855342,1.0310871070368677
1162.142814691072,1.0997087,0.026028547,1.030754185680273
1162.1527687329724,1.0571437,0.025528427,1.03039611043239
1162.1627227748725,1.0591896,0.025551131,1.0300270457995337
1162.1726768167728,1.0499346,0.025440175,1.029665539336688
1162.182630858673,1.057204,0.02552297,1.029324412771461
1162.1925849005731,1.08669,0.025866669,1.029010291462004
1162.2025389424734,1.0470387,0.02539975,1.0287267108302776
1162.2124929843737,1.0457654,0.025382131,1.0284616849671553
1162.222447026274,1.1056112,0.026079554,1.0282053945073375
1162.232401068174,1.1091595,0.026118072,1.027949389378707
1162.2423551100744,1.0885471,0.025877643,1.0276892041038728
1162.2523091519747,1.1087482,0.026110588,1.0274273425891716
1162.2622631938748,1.1257732,0.026303502,1.0271698910032288
1162.272217235775,1.0370649,0.02526682,1.0269269387479363
1162.2821712776754,1.051827,0.025440285,1.0267033736875706
1162.2921253195757,1.0626607,0.025565473,1.0265022071196241
1162.3020793614758,1.0618584,0.025554892,1.0263273196745104
1162.312033403376,1.0623326,0.025557633,1.026182162568117
1162.3219874452764,1.0446771,0.02534728,1.0260647365792468
1162.3319414871767,1.1140969,0.0261552,1.0259755769384946
1162.3418955290767,1.0463449,0.025361754,1.0259205308850876
1162.351849570977,1.0572785,0.025489785,1.0259004343656428
1162.3618036128773,1.0729436,0.025672577,1.0259222623669049
1162.3717576547774,1.077324,0.025720948,1.026001889740606
1162.3817116966777,1.0775838,0.025722392,1.0261632602476853
1162.391665738578,1.0840864,0.025795586,1.0264157112563228
1162.401619780478,1.0562268,0.025466442,1.026771504634211
1162.4115738223784,1.0551233,0.025452148,1.027246688768362
1162.4215278642787,1.0762779,0.025697617,1.0278174590278186
1162.431481906179,1.0785197,0.025723478,1.0284612470008008
1162.441435948079,1.0701408,0.025623256,1.0291614588802869
1162.4513899899794,1.0570031,0.025467241,1.0299024360563678
1162.4613440318797,1.0896604,0.025846552,1.0306641297768149
1162.47129807378,1.0694721,0.025609769,1.0314354164583635
1162.48125211568,1.0126072,0.02493243,1.032206597795346
1162.4912061575803,1.0266572,0.025098825,1.0329706214353809
1162.5011601994806,1.0805018,0.025731772,1.0337247873733006
1162.5111142413807,1.0161831,0.024969272,1.0344691045111676
1162.521068283281,1.1072963,0.026038174,1.0352077236587802
1162.5310223251813,1.0693066,0.025594933,1.035949832205633
1162.5409763670814,1.0973204,0.025919689,1.0367037120764313
1162.5509304089817,1.0907155,0.025840124,1.037476180629671
1162.560884450882,1.0251977,0.025067803,1.038263773071383
1162.5708384927823,1.0738354,0.025639798,1.0390574079537536
1162.5807925346824,1.0792333,0.025700768,1.0398460565611456
1162.5907465765827,1.0809264,0.025718708,1.0406144827485453
1162.600700618483,1.0192802,0.024988992,1.0413534505477517
1162.6106546603833,1.0562694,0.025426053,1.0420538009613571
1162.6206087022833,1.0302892,0.025117563,1.0427024112124215
1162.6305627441836,1.0523897,0.02537687,1.0432947906847103
1162.640516786084,1.0450591,0.02528825,1.043831049761905
1162.650470827984,1.0389653,0.025213739,1.04430830736511
1162.6604248698843,1.0645428,0.025513966,1.0447157992793934
1162.6703789117846,1.0235035,0.025026185,1.0450614746753075
1162.680332953685,0.99667495,0.024702849,1.0453428269043563
1162.690286995585,1.0248883,0.025040047,1.0455505047823848
1162.7002410374853,1.0417105,0.025237551,1.0456862878444872
1162.7101950793856,1.0132463,0.02489741,1.04576058974176
1162.7201491212857,1.0263213,0.025050782,1.0457790305427097
1162.730103163186,1.0050986,0.024794683,1.0457354328970767
1162.7400572050863,1.07719,0.025645524,1.0456382162910303
1162.7500112469866,1.0639875,0.025489582,1.0454861445919037
1162.7599652888866,1.058829,0.025427617,1.045276522997517
1162.769919330787,0.9938155,0.024650179,1.0450186831898645
1162.7798733726872,1.06259,0.025467955,1.0447318644288597
1162.7898274145873,1.0368624,0.025163354,1.0444345430127688
1162.7997814564876,1.011942,0.02486315,1.0441520109768712
1162.809735498388,1.0531524,0.025350705,1.0439034518605872
1162.8196895402882,1.0471431,0.025277326,1.0437034971561914
1162.8296435821883,1.0902317,0.025779031,1.043569416125512
1162.8395976240886,1.0613267,0.025440846,1.043514589236446
1162.8495516659889,1.0335163,0.025110118,1.0435404206191534
1162.859505707889,1.0240673,0.02499601,1.0436530092711118
1162.8694597497893,1.0155194,0.024892393,1.0438700533439558
1162.8794137916896,1.0377418,0.025155246,1.044175884175515
1162.8893678335899,1.074172,0.02558086,1.044559669541101
1162.89932187549,1.0393158,0.025170906,1.045008484412206
1162.9092759173902,1.0836302,0.02568666,1.045498031771028
1162.9192299592905,1.037298,0.025141435,1.0459968012210894
1162.9291840011906,1.0177145,0.024906956,1.0464813166943128
1162.939138043091,1.1130806,0.026019033,1.0469262763550446
1162.9490920849912,1.0849086,0.025692947,1.0473259634590784
1162.9590461268915,1.0570185,0.025366588,1.0476841798258625
1162.9690001687916,1.0411607,0.025179492,1.0480111451149203
1162.9789542106919,1.0790147,0.025618933,1.048325371156635
1162.9889082525922,1.0397264,0.02515746,1.0486464904573263
1162.9988622944925,1.0478734,0.025251077,1.0489863110437667
1163.0088163363926,1.0322978,0.025064306,1.0493542576094157
1163.0187703782929,1.1086897,0.025953101,1.0497472840916389
1163.0287244201932,1.0764121,0.025578393,1.0501593873209063
1163.0386784620932,1.1120484,0.025987802,1.0505844851167185
1163.0486325039935,1.0791376,0.025606275,1.0510164327114777
1163.0585865458938,1.0692664,0.025489619,1.0514495530745325
1163.068540587794,1.1020448,0.02586702,1.0518807064518594
1163.0784946296942,1.0744016,0.02554517,1.0523066596709774
1163.0884486715945,1.0590976,0.025365531,1.0527266352582734
1163.0984027134948,1.0494999,0.025249505,1.0531413787349906
1163.1083567553949,1.0665315,0.025447255,1.0535509539479553
1163.1183107972952,1.0856471,0.02566707,1.0539520992740055
1163.1282648391955,1.0255836,0.02496139,1.0543399469195327
1163.1382188810958,1.0965486,0.025789108,1.0547067253261506
1163.1481729229959,1.0762607,0.025552252,1.0550402263036147
1163.1581269648962,1.1358885,0.02623295,1.055334204466374
1163.1680810067965,1.0658185,0.025427114,1.055587549113835
1163.1780350486965,1.0835159,0.025629386,1.0558004612886522
1163.1879890905968,1.0376657,0.025092894,1.0559750054888335
1163.1979431324971,1.0860717,0.025656281,1.0561287928253664
1163.2078971743974,1.0334107,0.025038632,1.0562753494581525
1163.2178512162975,1.0373244,0.025082896,1.0564299292510593
1163.2278052581978,1.0388228,0.02509859,1.0566049808476674
1163.237759300098,1.0753473,0.02552457,1.056805572686486
1163.2477133419982,1.0549351,0.025283786,1.05703389164406
1163.2576673838985,1.0360366,0.025059909,1.0572937395233901
1163.2676214257988,1.0334954,0.02502768,1.0575777113788098
1163.277575467699,1.0405682,0.025108825,1.0578831932107007
1163.2875295095992,1.0888368,0.025669988,1.0582099746013913
1163.2974835514995,1.0701762,0.02545249,1.058558063132872
1163.3074375933998,1.0790256,0.025552172,1.058927294777691
1163.3173916352998,1.0656118,0.025395904,1.059320312143052
1163.3273456772001,1.049501,0.025204953,1.0597446358842242
1163.3372997191004,1.1047041,0.025842877,1.0601974549605182
1163.3472537610007,1.0361099,0.025042424,1.0606772793411214
1163.3572078029008,1.026928,0.025035828,1.0611816160713046
1163.367161844801,1.0658448,0.025994286,1.0617038388955098
1163.3771158867014,1.0662956,0.025979979,1.0622351121363571
1163.3870699286015,1.0065995,0.025516558,1.0627702703734077
1163.3970239705018,1.0839415,0.026815224,1.0633066198559709
1163.406978012402,1.0041324,0.025951076,1.063844755749043
1163.4169320543024,1.1117786,0.028282141,1.064387592946027
1163.4268860962025,1.0690283,0.027829107,1.0649393808431267
1163.4368401381028,1.1278707,0.02989796,1.0655043017491548
1163.446794180003,1.1192862,0.028766105,1.0660820735972594
1163.4567482219031,1.084695,0.028807623,1.0666712249906793
1163.4667022638034,1.136092,0.028904526,1.067267344452536
1163.4766563057037,1.0707879,0.028069971,1.0678599237661315
1163.486610347604,1.0650508,0.028365428,1.0684367429613995
1163.496564389504,1.1049236,0.028379813,1.068981898619932
1163.5065184314044,1.0921245,0.027816745,1.069475305588119
1163.5164724733047,1.1070523,0.028178196,1.0699113692300082
1163.5264265152048,1.09216,0.028531566,1.0702832075255455
1163.536380557105,1.0762427,0.028253999,1.0705786086434197
1163.5463345990054,1.069021,0.028054342,1.0708018934534813
1163.5562886409057,1.054414,0.027739318,1.070959250096455
1163.5662426828058,1.0965656,0.028771639,1.0710542756882737
1163.576196724706,1.054099,0.02827986,1.0710894583682598
1163.5861507666064,1.0859838,0.028488647,1.0710836903135377
1163.5961048085064,1.1415845,0.028890902,1.071047288756901
1163.6060588504067,1.131929,0.028736712,1.070987940906618
1163.616012892307,1.1350969,0.029415023,1.0709148699404663
1163.6259669342073,1.0990427,0.02917626,1.0708339617399487
1163.6359209761074,1.090921,0.029005753,1.0707476818493684
1163.6458750180077,1.10515,0.029641433,1.0706561992466375
1163.655829059908,1.0720767,0.028395424,1.0705600112197355
1163.6657831018083,1.098231,0.028803047,1.0704588535010864
1163.6757371437084,1.0941347,0.028432518,1.0703527756685784
1163.6856911856087,1.1073307,0.028630713,1.070243255206809
1163.695645227509,1.1313058,0.029825155,1.070132269728298
1163.705599269409,1.0875286,0.029148797,1.0700214547528257
1163.7155533113093,1.0598676,0.028295448,1.0699123727467876
1163.7255073532097,1.0936906,0.028943729,1.0698049723406449
1163.7354613951097,1.0650471,0.028449675,1.0696983316052684
1163.74541543701,1.0818907,0.028664596,1.0695906002070343
1163.7553694789103,1.1168514,0.028370786,1.069479677444488
1163.7653235208106,1.1151923,0.027943589,1.069364877582379
1163.7752775627107,1.0826008,0.028370306,1.069246891708694
1163.785231604611,1.0878187,0.028524466,1.0691288496902358
1163.7951856465113,1.0782568,0.027823796,1.069015747802221
1163.8051396884116,1.1082562,0.028013451,1.06891224155057
1163.8150937303117,1.0726504,0.027017318,1.068822953840516
1163.825047772212,1.0945525,0.026757656,1.068749954483005
1163.8350018141123,1.072471,0.02667013,1.06868947872458
1163.8449558560123,1.0663661,0.026502095,1.0686374816837088
1163.8549098979126,1.1050103,0.026436036,1.0685887897891013
1163.864863939813,1.1113489,0.02598437,1.068537616273047
1163.8748179817132,1.0701782,0.025344688,1.0684806264392472
1163.8847720236133,1.0650328,0.025274558,1.0684158993362658
1163.8947260655136,1.0305411,0.024868948,1.0683430396087394
1163.904680107414,1.0591911,0.025202809,1.0682645346207724
1163.914634149314,1.0651166,0.025269004,1.068182082227104
1163.9245881912143,1.0968505,0.025633369,1.0680972763549434
1163.9345422331146,1.0282364,0.024834357,1.0680124875130041
1163.944496275015,1.0680736,0.025298392,1.0679300628539568
1163.954450316915,1.1142344,0.025824664,1.067852875768305
1163.9644043588153,1.0987518,0.025646215,1.0677852098596896
1163.9743584007156,1.0777732,0.025403397,1.0677286949401006
1163.9843124426156,1.0757668,0.025378963,1.0676851786170642
1163.994266484516,1.0781171,0.025403688,1.0676571329701139
1164.0042205264162,1.0210778,0.024736568,1.067643441572352
1164.0141745683165,1.0864508,0.025496747,1.0676411693992185
1164.0241286102166,1.0375334,0.024926012,1.067646910101951
1164.034082652117,1.0466722,0.025030948,1.0676548811962936
1164.0440366940172,1.0931025,0.025566807,1.067657053578189
1164.0539907359173,1.0079697,0.024571214,1.0676459361043813
1164.0639447778176,1.0614624,0.025197526,1.0676117211018878
1164.073898819718,1.0170956,0.024675652,1.0675473389174122
1164.0838528616182,1.0339271,0.024872225,1.067450640556927
1164.0938069035183,1.0786462,0.025390998,1.0673194380692064
1164.1037609454186,1.0101398,0.024587398,1.0671482248744688
1164.1137149873189,1.064256,0.025220625,1.0669467084894941
1164.123669029219,1.078297,0.025381012,1.0667215907699235
1164.1336230711192,1.0310384,0.024827996,1.0664817008354694
1164.1435771130195,1.0890055,0.025499748,1.066240427245778
1164.1535311549198,1.091508,0.025525818,1.0660106316436675
1164.16348519682,1.1242226,0.02589577,1.0658032012327536
1164.1734392387202,1.0836091,0.025431547,1.0656336565192421
1164.1833932806205,1.0443454,0.024974337,1.0655050406260893
1164.1933473225208,1.0659411,0.02522393,1.0654202764329148
1164.203301364421,1.0386242,0.02490424,1.0653839271460042
1164.2132554063212,1.0148937,0.024622323,1.0653987204787903
1164.2232094482215,1.0506574,0.025040587,1.0654567340519325
1164.2331634901216,1.0547571,0.025086276,1.0655539675619274
1164.2431175320219,1.0568861,0.025108438,1.0656883732232374
1164.2530715739222,1.0584613,0.02512525,1.0658472030114898
1164.2630256158222,1.1007857,0.025609203,1.0660180524459881
1164.2729796577225,1.0577914,0.025112847,1.0661859135709586
1164.2829336996228,1.0538937,0.025065314,1.0663277959855433
1164.2928877415231,1.0966214,0.025555354,1.066425637466898
1164.3028417834232,1.0566733,0.025093663,1.0664625802739391
1164.3127958253235,1.0968939,0.025554392,1.0664168224839796
1164.3227498672238,1.0757251,0.02530942,1.066287723768464
1164.3327039091241,1.0707124,0.025250098,1.0660835001707014
1164.3426579510242,1.0641364,0.025172835,1.0658126256841982
1164.3526119929245,1.0369272,0.024853846,1.065483715707549
1164.3625660348248,1.1555898,0.026203876,1.0651198021425763
1164.3725200767249,1.0462201,0.024958374,1.0647311048348131
1164.3824741186252,1.0916241,0.025479887,1.0643226032081665
1164.3924281605255,1.0592577,0.025106419,1.0638983851740105
1164.4023822024255,1.064435,0.025163468,1.0634623914920085
1164.4123362443258,1.0541432,0.025043245,1.0630196562840268
1164.4222902862261,1.0817204,0.025358023,1.0625805947925364
1164.4322443281264,1.0732627,0.025258733,1.062157037695975
1164.4421983700265,1.0654502,0.025167335,1.0617594891414754
1164.4521524119268,1.0911661,0.025460197,1.0613991777168497
1164.4621064538271,1.1226428,0.025814645,1.0610817057533866
1164.4720604957274,1.0944597,0.025493348,1.0608040139308208
1164.4820145376275,1.1301012,0.025893042,1.060564452296919
1164.4919685795278,1.067558,0.025181375,1.0603658346078053
1164.501922621428,1.0897516,0.025434256,1.0602000084443635
1164.5118766633282,1.0450824,0.024916682,1.0600638156358249
1164.5218307052285,1.0676701,0.025177212,1.059956042189443
1164.5317847471288,1.0940021,0.025475856,1.0598739884317476
1164.541738789029,1.0896794,0.025424255,1.0598104641589026
1164.5516928309291,1.0432496,0.024887031,1.0597609366707725
1164.5616468728294,1.0540771,0.025011014,1.0597217934636571
1164.5716009147297,1.0756822,0.025257267,1.0596883076139834
1164.5815549566298,1.114742,0.025700994,1.059658800580771
1164.5915089985301,1.0853534,0.025366118,1.059633941894017
1164.6014630404304,1.0841948,0.025349969,1.059616835022429
1164.6114170823307,1.0651376,0.025128532,1.0596099151733993
1164.6213711242308,1.1135174,0.02567914,1.0596164485882338
1164.631325166131,1.0479007,0.024925249,1.0596418302402761
1164.6412792080314,1.0645602,0.02511663,1.059687790170777
1164.6512332499315,1.0755168,0.025240995,1.0597548696820414
1164.6611872918318,1.062561,0.025089001,1.0598442757504611
1164.671141333732,1.0382841,0.024807557,1.0599585447071305
1164.6810953756324,1.0289623,0.024695048,1.0600925115560764
1164.6910494175324,1.0461067,0.024892757,1.060243402843732
1164.7010034594327,1.0892893,0.025389109,1.060408538354752
1164.710957501333,1.0659609,0.02511989,1.0605829191458607
1164.7209115432331,1.0739012,0.025208455,1.0607625509718237
1164.7308655851334,1.06506,0.025104746,1.0609460103514157
1164.7408196270337,1.0647237,0.025097795,1.0611351579390484
1164.750773668934,1.0605286,0.025047548,1.0613327985525574
1164.760727710834,1.0387486,0.024793105,1.0615437565643009
1164.7706817527344,1.0794194,0.025262047,1.061775446436644
1164.7806357946347,1.0565234,0.024996,1.0620346102909233
1164.7905898365348,1.1107545,0.025613068,1.062323344441167
1164.800543878435,1.0135542,0.024490474,1.0626445551181591
1164.8104979203354,1.0379094,0.024773803,1.0630053655110379
1164.8204519622357,0.96881694,0.023952026,1.0634005348064912
1164.8304060041357,1.0461617,0.024865793,1.063826721428121
1164.840360046036,1.0788556,0.02524071,1.0642802859548475
1164.8503140879363,1.0695404,0.025131539,1.0647540375714863
1164.8602681298366,1.0359378,0.02474117,1.06523641524526
1164.8702221717367,1.0071615,0.024400612,1.0657178398892269
1164.880176213637,1.0198215,0.024547832,1.0661844278395836
1164.8901302555373,0.98350483,0.024114452,1.06662347502977
1164.9000842974374,1.0123446,0.024456708,1.0670227724922081
1164.9100383393377,0.97912985,0.024059704,1.067366763490604
1164.919992381238,0.98357826,0.024110535,1.0676345184755354
1164.929946423138,1.0177981,0.024514565,1.0678255366629137
1164.9399004650384,1.0008347,0.024312235,1.0679358731176989
1164.9498545069387,1.0310304,0.024665738,1.0679592109964067
1164.959808548839,0.9958679,0.024249502,1.0679103503108451
1164.969762590739,1.0206965,0.024541087,1.0678076067523448
1164.9797166326393,1.0421987,0.024791306,1.0676662968779
1164.9896706745396,1.020575,0.024536096,1.0675032678056824
1164.99962471644,0.98715746,0.024138222,1.0673408024745599
1165.00957875834,0.9904377,0.024175895,1.0671935780123856
1165.0195328002403,0.96997315,0.023928087,1.0670756488470692
1165.0294868421406,0.9650349,0.023866693,1.0669936126932573
1165.0394408840407,1.012026,0.024425393,1.0669456066923857
1165.049394925941,1.0335981,0.024675999,1.0669290876239939
1165.0593489678413,1.0083082,0.024379004,1.066944172975584
1165.0693030097416,0.9675869,0.023890994,1.0669813081260962
1165.0792570516417,1.0010054,0.02428823,1.0670355875617987
1165.089211093542,1.0004053,0.024278946,1.067102013515998
1165.0991651354423,1.0287282,0.024610978,1.0671730967644364
1165.1091191773423,1.0036182,0.02431351,1.0672409872837443
1165.1190732192426,1.0097604,0.024383713,1.0672996816850626
1165.129027261143,1.0149689,0.024442758,1.0673428437541337
1165.1389813030432,1.0019865,0.024287034,1.0673710596690325
1165.1489353449433,0.9912063,0.024157709,1.0673859704673274
1165.1588893868436,1.0347396,0.024668144,1.0673886065515588
1165.168843428744,1.0433197,0.024766222,1.067377985324773
1165.178797470644,1.038061,0.024701865,1.0673524956312095
1165.1887515125443,1.0401347,0.024725322,1.0673070644775227
1165.1987055544446,1.0098293,0.02436816,1.0672332164328224
1165.208659596345,1.0118797,0.024389638,1.067130763831033
1165.218613638245,1.0558236,0.024900248,1.0670036464067607
1165.2285676801453,1.0396035,0.024710119,1.0668576384832869
1165.2385217220456,1.0712278,0.025072811,1.0667005360634434
1165.2484757639456,1.0212975,0.024493529,1.0665420667343526
1165.258429805846,1.0268711,0.02455633,1.066387861127629
1165.2683838477462,1.0301819,0.02459265,1.066242468130195
1165.2783378896465,1.0439243,0.024749765,1.0661072532523512
1165.2882919315466,1.0066516,0.024311556,1.0659813179393007
1165.298245973447,1.0157118,0.02441666,1.065863553849673
1165.3082000153472,1.0155472,0.024413653,1.0657531117910168
1165.3181540572473,1.0392356,0.024687763,1.065646610890115
1165.3281080991476,1.0391035,0.024684833,1.0655419834374504
1165.3380621410479,1.0314996,0.024593122,1.065437142830472
1165.3480161829482,1.0130762,0.024377288,1.0653299538525915
1165.3579702248483,1.0468351,0.02476656,1.065218899254305
1165.3679242667486,0.9979451,0.024192538,1.0651023856140587
1165.3778783086489,1.0612371,0.024929754,1.0649766581726428
1165.387832350549,0.9769295,0.023938147,1.064839098901842
1165.3977863924492,1.0180665,0.024424268,1.0646860108745861
1165.4077404343495,1.0394776,0.02467284,1.0645125207959305
1165.4176944762498,1.0949646,0.025306717,1.0643144976431504
1165.42764851815,1.014589,0.024377393,1.0640945557489725
1165.4376025600502,1.0279757,0.024534289,1.0638550921036298
1165.4475566019505,1.0025276,0.024232496,1.0635994614170676
1165.4575106438506,1.0832673,0.025166802,1.0633361937748969
1165.4674646857509,1.027903,0.024526125,1.0630724667806168
1165.4774187276512,1.0209509,0.024445219,1.0628147765930838
1165.4873727695515,1.0344467,0.02459831,1.0625699840716636
1165.4973268114516,1.0028143,0.024226125,1.0623395623547927
1165.5072808533519,1.0135584,0.024352176,1.062124618424269
1165.5172348952522,1.0148046,0.024363635,1.061927286426517
1165.5271889371525,0.9745709,0.02388488,1.0617472657844997
1165.5371429790525,1.0333182,0.024577241,1.0615840500230573
1165.5470970209528,1.031052,0.024548568,1.0614387759668773
1165.5570510628531,0.99692273,0.024144307,1.0613161033789402
1165.5670051047532,1.0408909,0.024658442,1.0612142138693605
1165.5769591466535,1.036998,0.024610428,1.0611341313080538
1165.5869131885538,1.0142713,0.024343237,1.0610783594798199
1165.5968672304539,1.0081878,0.02427035,1.0610473741990516
1165.6068212723542,1.0265136,0.024482653,1.0610389820492399
1165.6167753142545,1.0155175,0.02435142,1.061053089353181
1165.6267293561548,1.047518,0.024722291,1.061093444993384
1165.6366833980549,1.0539463,0.024791867,1.0611573629910798
1165.6466374399552,1.020718,0.024405537,1.0612454873203183
1165.6565914818555,1.0354602,0.02457662,1.061361108659975
1165.6665455237558,1.051049,0.024754206,1.0615085634994341
1165.6764995656558,1.0600582,0.024856532,1.0616868752102302
1165.6864536075561,1.0513825,0.024754634,1.0618973680888255
1165.6964076494564,1.0275413,0.024475655,1.0621431111115667
1165.7063616913565,1.0566403,0.024810275,1.0624158357679399
1165.7163157332568,1.0623435,0.024873719,1.0627054346956895
1165.726269775157,1.075973,0.025027193,1.0629997225912402
1165.7362238170574,1.0833559,0.025108602,1.0632821699847304
1165.7461778589575,1.0619252,0.024862206,1.0635407414682774
1165.7561319008578,1.0242709,0.024424318,1.063765642818825
1165.766085942758,1.086715,0.025139803,1.0639447775637516
1165.7760399846582,1.1189063,0.025500322,1.0640756605439763
1165.7859940265585,1.0475639,0.02468871,1.064161709784536
1165.7959480684588,1.0696155,0.024940576,1.064206569231195
1165.805902110359,1.0528504,0.024746522,1.0642123325961492
1165.8158561522591,1.0388416,0.024584,1.064193726434159
1165.8258101941594,1.0726488,0.024968268,1.0641585144453292
1165.8357642360597,1.073669,0.024978494,1.064112022826395
1165.8457182779598,1.0285555,0.024459252,1.06405554423042
1165.85567231986,1.0279862,0.024447888,1.0639813952079438
1165.8656263617604,1.0143157,0.024287712,1.0638656287026753
1165.8755804036607,1.0757635,0.02499378,1.0636401625360703
1165.8855344455608,1.0774432,0.025010876,1.0632424221854604
1165.895488487461,1.0533624,0.025050616,1.0626004112904084
1165.9054425293614,1.0153682,0.024732208,1.0616240972804112
1165.9153965712615,1.0363175,0.02503956,1.0602316591200955
1165.9253506131618,1.0722619,0.025782634,1.0584453455123386
1165.935304655062,1.0673648,0.025833016,1.0562728376033768
1165.9452586969624,1.0002804,0.025524462,1.0537048062173315
1165.9552127388624,1.0744665,0.026640316,1.0508395707246219
1165.9651667807627,1.0638512,0.027291818,1.0477668456128282
1165.975120822663,1.0862389,0.027362956,1.0445657990253154
1165.985074864563,1.109834,0.02759768,1.0413215367371917
1165.9950289064634,1.069236,0.02706543,1.0381060772352306
1166.0049829483637,1.0514221,0.026470494,1.0349557375060525
1166.014936990264,1.0246984,0.026396275,1.0319025058738518
1166.024891032164,1.0599617,0.026769731,1.0289606446489403
1166.0348450740644,1.0120614,0.025720017,1.026137324354148
1166.0447991159647,1.0144051,0.025770014,1.023445729128412
1166.054753157865,1.0693547,0.026855463,1.0209209641116068
1166.064707199765,1.0968328,0.027349414,1.0185423584119286
1166.0746612416654,1.0846499,0.026998153,1.0163082764034885
1166.0846152835657,1.0643016,0.026593043,1.0142243336267165
1166.0945693254657,1.0392766,0.026633503,1.0122854322283321
1166.104523367366,1.1066604,0.027662499,1.0104715207082717
1166.1144774092663,1.0855252,0.027289473,1.0087774548430937
1166.1244314511664,1.0776237,0.026995772,1.007217291638676
1166.1343854930667,1.0862136,0.02693986,1.0057738492773765
1166.144339534967,1.0929989,0.027274089,1.0044437838620928
1166.1542935768673,1.0523894,0.027205294,1.0032325225436127
1166.1642476187674,1.083882,0.02751139,1.0021466565704955
1166.1742016606677,1.0834162,0.027702656,1.0011671167381127
1166.184155702568,1.059162,0.026988516,1.0002858736016096
1166.1941097444683,1.0544497,0.026932394,0.9995009399171079
1166.2040637863684,1.0104771,0.026270622,0.9987896811194925
1166.2140178282687,1.0377506,0.026295267,0.998133255521741
1166.223971870169,1.0399255,0.026958339,0.9975183674749691
1166.233925912069,1.0277002,0.027149184,0.996933405874374
1166.2438799539693,1.0048056,0.026363768,0.9963602678907337
1166.2538339958696,1.0171041,0.026613299,0.9957863725790436
1166.2637880377697,1.0143852,0.026412982,0.9951978989307659
1166.27374207967,0.99523187,0.026348662,0.9945861319965343
1166.2836961215703,1.0167946,0.026399529,0.9939504642595016
1166.2936501634706,1.0199914,0.025792452,0.9932932991042814
1166.3036042053707,1.0247748,0.026143167,0.9926198602295068
1166.313558247271,1.0129563,0.02632456,0.9919440032151929
1166.3235122891713,1.0059761,0.025983986,0.9912785867597436
1166.3334663310716,1.0406691,0.026119495,0.990642046162254
1166.3434203729717,1.0464909,0.026086833,0.9900576524845265
1166.353374414872,1.0040877,0.02505509,0.9895406454672835
1166.3633284567723,0.96726865,0.024524063,0.9891066550351748
1166.3732824986723,1.0108582,0.025093054,0.9887800326325928
1166.3832365405726,1.0371147,0.025115581,0.9885544510726167
1166.393190582473,1.0355685,0.02469199,0.9884259954486818
1166.4031446243732,1.0016255,0.02407792,0.9883967245971608
1166.4130986662733,1.0343227,0.024410361,0.9884750961381601
1166.4230527081736,0.976142,0.023726346,0.9886494819536378
1166.433006750074,1.0322183,0.024382412,0.9889229104008539
1166.442960791974,1.0095333,0.02411559,0.9893117419263984
1166.4529148338743,0.96601456,0.023598896,0.9898141742372583
1166.4628688757746,1.0197123,0.024229428,0.9904235412590112
1166.4728229176749,1.0653762,0.024752043,0.9911370986836263
1166.482776959575,1.0219815,0.024251236,0.9919595579084989
1166.4927310014752,1.0222839,0.024254618,0.9928614738245836
1166.5026850433755,1.0136772,0.024152031,0.9938296007432713
1166.5126390852756,1.0429758,0.024489827,0.9948564157870614
1166.522593127176,1.0293843,0.024331404,0.9959346617201592
1166.5325471690762,1.0098386,0.024101872,0.9970604681714766
1166.5425012109765,1.0113608,0.024116835,0.9982405268435461
1166.5524552528766,1.0554777,0.024622343,0.9994989021017548
1166.562409294777,1.0184636,0.024195513,1.000842267083166
1166.5723633366772,1.0085398,0.024078775,1.0022833212180515
1166.5823173785773,1.019107,0.024200665,1.0038410160101
1166.5922714204776,1.024784,0.024264101,1.0055338142496517
1166.6022254623779,1.0422581,0.024463115,1.007352778593674
1166.6121795042782,1.0602775,0.024667837,1.0093005868328833
1166.6221335461782,1.0295712,0.024312925,1.0113968980465882
1166.6320875880785,1.0406207,0.024438063,1.0136356036425753
1166.6420416299788,1.0541072,0.024591,1.0160171280761126
1166.651995671879,1.0574907,0.024626289,1.0185510204531
1166.6619497137792,1.0793957,0.024871673,1.021248279768788
1166.6719037556795,1.0997226,0.025099235,1.0240578463785548
1166.6818577975798,1.0672339,0.024731545,1.0269307751491166
1166.69181183948,1.0238938,0.024232771,1.029791094799539
1166.7017658813802,1.0286834,0.024287688,1.032543018752506
1166.7117199232805,1.0762585,0.024828978,1.0351104012174097
1166.7216739651808,1.0683393,0.024736289,1.0374249546578942
1166.7316280070809,1.0419965,0.024434289,1.0393696066542926
1166.7415820489812,1.0220051,0.02420101,1.040958217231125
1166.7515360908815,1.0301287,0.024293995,1.0421815233687775
1166.7614901327815,1.0165564,0.024133816,1.0430281246648132
1166.7714441746818,1.0564848,0.024591867,1.0435293636957348
1166.7813982165821,1.0338755,0.024330644,1.043775317714488
1166.7913522584822,1.1037952,0.025120556,1.0438176210553418
1166.8013063003825,1.0302606,0.024284447,1.0436837287758154
1166.8112603422828,1.0599215,0.024621287,1.0434319681438917
1166.8212143841831,1.060787,0.02463142,1.0430987840206094
1166.8311684260832,1.069349,0.024724897,1.0427122597589022
1166.8411224679835,1.083759,0.024887549,1.042300035553521
1166.8510765098838,1.0979767,0.025043095,1.0418880635910845
1166.861030551784,1.0835509,0.024879947,1.0414899080829723
1166.8709845936842,1.029137,0.024259176,1.0411156986152035
1166.8809386355845,1.0413028,0.024395118,1.040766187426723
1166.8908926774848,1.0422219,0.024403755,1.0404375366906873
1166.9008467193848,1.0635939,0.024646012,1.040126326669921
1166.9108007612851,1.1313077,0.025399083,1.0398318778370674
1166.9207548031854,1.0159457,0.024095869,1.0395518472610465
1166.9307088450857,1.0233966,0.024179833,1.039290126357568
1166.9406628869858,1.0708258,0.02471913,1.0390566909651395
1166.9506169288861,1.1006992,0.025052188,1.0388632683208356
1166.9605709707864,1.0046489,0.02395422,1.038715767870864
1166.9705250126865,1.0322497,0.024274962,1.0386201830620165
1166.9804790545868,1.071276,0.024717228,1.0385860464536119
1166.990433096487,1.0526372,0.024504349,1.0386022379496054
1167.0003871383874,1.0705386,0.024704294,1.0386601686723846
1167.0103411802875,1.0737586,0.024739215,1.0387522277270302
1167.0202952221878,1.0691662,0.024684839,1.0388702383145765
1167.030249264088,1.0429957,0.024384048,1.0390023346754662
1167.0402033059881,1.0584642,0.024558226,1.0391396273241345
1167.0501573478884,1.0560464,0.02452979,1.0392679182261562
1167.0601113897887,1.0300196,0.024228893,1.0393707650858546
1167.070065431689,1.0258466,0.02417941,1.0394345370594191
1167.0800194735891,1.0357554,0.024292823,1.0394460112387418
1167.0899735154894,1.0345341,0.024276009,1.039386623382695
1167.0999275573897,1.0220175,0.024129907,1.039262420939314
1167.1098815992898,1.0410466,0.024345377,1.0390749430293078
1167.11983564119,1.0728782,0.024706159,1.0388265630859816
1167.1297896830904,1.044776,0.024384707,1.0385319806721547
1167.1397437249907,1.005019,0.023924574,1.038212789061986
1167.1496977668908,1.0301327,0.024212345,1.037886600449746
1167.159651808791,1.0587327,0.02453805,1.0375701233415373
1167.1696058506914,1.035624,0.024272269,1.037270143400821
1167.1795598925914,1.0084041,0.023954779,1.0369877451596123
1167.1895139344917,1.010276,0.023975002,1.0367222957128976
1167.199467976392,1.0439504,0.024360573,1.03647401957814
1167.2094220182923,1.0518157,0.024448417,1.0362438560764127
1167.2193760601924,1.071906,0.024674533,1.0360376184146642
1167.2293301020927,1.0329298,0.024229323,1.0358690905356531
1167.239284143993,1.0366538,0.024269884,1.035746983688346
1167.2492381858933,1.0201333,0.024079064,1.035677443264369
1167.2591922277934,1.0047283,0.023899626,1.0356660653454144
1167.2691462696937,1.0148908,0.024012927,1.0357191245169277
1167.279100311594,1.0381286,0.024280032,1.0358204952949124
1167.289054353494,1.0320557,0.024206663,1.035959060498119
1167.2990083953944,1.0316525,0.024202459,1.0361217669252003
1167.3089624372947,0.9866494,0.023678623,1.0362906533630576
1167.3189164791947,1.0257598,0.024130762,1.036451389757227
1167.328870521095,1.0459536,0.024358269,1.0365943787776848
1167.3388245629953,1.0352272,0.024230456,1.036709963909425
1167.3487786048956,1.0420624,0.024309184,1.0368023948989482
1167.3587326467957,1.072413,0.024649536,1.0368781928906552
1167.368686688696,1.0554363,0.024456698,1.03694942559205
1167.3786407305963,1.0434941,0.02431788,1.037035757194496
1167.3885947724966,0.9942833,0.023749739,1.0371547130405498
1167.3985488143967,1.0104854,0.023935175,1.037321631958238
1167.408502856297,1.0052122,0.023873625,1.0375560453224952
1167.4184568981973,1.0130004,0.023960842,1.0378568854950667
1167.4284109400974,0.9887091,0.023676315,1.0382178933584587
1167.4383649819977,1.0669677,0.024573179,1.038631323067059
1167.448319023898,1.0497081,0.02437527,1.0390871172939193
1167.458273065798,1.0673975,0.02457322,1.0395646154535383
1167.4682271076983,0.99441504,0.023733756,1.0400519418920344
1167.4781811495986,1.0360804,0.024214024,1.0405386990151875
1167.488135191499,1.0478575,0.02434491,1.0410166463845072
1167.498089233399,1.0336188,0.024181407,1.0414819581458246
1167.5080432752993,1.0440863,0.024299523,1.0419329604969203
1167.5179973171996,0.96951896,0.02343238,1.0423675134337735
1167.5279513591,1.0278679,0.024111208,1.0427892043244835
1167.537905401,1.0151546,0.023962436,1.043198470709926
1167.5478594429003,1.0209907,0.024028473,1.0435923578387278
1167.5578134848006,1.0657601,0.024536332,1.0439644863012547
1167.5677675267007,1.0293396,0.024120025,1.0443104059514485
1167.577721568601,1.0139494,0.023940446,1.0446249389830333
1167.5876756105013,1.0747442,0.024630101,1.0449019168776423
1167.5976296524016,1.0544819,0.024400657,1.0451484898014356
1167.6075836943016,1.1020234,0.024929684,1.0453740322160008
1167.617537736202,1.0710872,0.024582699,1.0455892660375052
1167.6274917781022,1.0719403,0.024590716,1.0458079799550335
1167.6374458200023,1.0572543,0.024424165,1.0460414827622817
1167.6473998619026,1.0504467,0.024342515,1.046297860126829
1167.657353903803,1.0535183,0.024374593,1.0465857144838675
1167.6673079457032,1.0364947,0.02417963,1.0469071554039637
1167.6772619876033,1.0463929,0.024291538,1.0472594888884572
1167.6872160295036,1.0597211,0.02444041,1.0476403559381011
1167.697170071404,1.0383742,0.024195248,1.048049668103271
1167.707124113304,1.0292675,0.024088195,1.0484786696116775
1167.7170781552043,0.99543566,0.023696357,1.048923987756343
1167.7270321971046,1.0253348,0.024040597,1.049385032062015
1167.7369862390049,1.0297999,0.02408985,1.0498634407879845
1167.746940280905,1.0481249,0.024295967,1.050360416290301
1167.7568943228052,1.0535116,0.024355834,1.0508796206577635
1167.7668483647055,1.0166675,0.023930682,1.0514278651660094
1167.7768024066056,1.0367616,0.0241622,1.0520033881349584
1167.786756448506,1.0692912,0.024526624,1.0526025034380544
1167.7967104904062,1.0697151,0.024528835,1.0532200323509766
1167.8066645323065,1.0070333,0.023812957,1.0538479790947177
1167.8166185742066,1.0529943,0.02433691,1.0544753768371895
1167.826572616107,1.0417835,0.024207871,1.0550940472346322
1167.8365266580072,1.0700347,0.024525594,1.055694050419407
1167.8464806999073,1.0839726,0.024677247,1.0562667600416338
1167.8564347418076,1.054222,0.024341645,1.0568040548601436
1167.8663887837079,1.0205009,0.02395672,1.0572907901835527
1167.8763428256082,1.0776522,0.024602598,1.057679125252636
1167.8862968675082,1.108934,0.024947722,1.0579258411584596
1167.8962509094085,1.0587512,0.024384065,1.0579584403667552
1167.9062049513088,1.0304633,0.024061441,1.0576638162810648
1167.9161589932091,1.0369527,0.024134008,1.056925028448362
1167.9261130351092,1.0390836,0.024155654,1.0557269981083757
1167.9360670770095,1.0510743,0.02428992,1.0540482490396228
1167.9460211189098,1.0610031,0.024400933,1.0518348048370427
1167.9559751608099,1.01584,0.023884013,1.0491708476389336
1167.9659292027102,1.0132792,0.02385259,1.0461341292201194
1167.9758832446105,1.0904475,0.024722286,1.0427939107902053
1167.9858372865106,0.9836721,0.023505505,1.039235118269753
1167.9957913284109,1.060024,0.024377901,1.0356028966657551
1168.0057453703112,1.0243678,0.023974273,1.0320000519880972
1168.0156994122115,1.0704182,0.024492335,1.0285366894271892
1168.0256534541115,1.0326012,0.024060741,1.0252815148805219
1168.0356074960118,1.0405238,0.024149865,1.0222428137339212
1168.0455615379121,1.0544066,0.024304057,1.0194156368120348
1168.0555155798124,0.9896656,0.023561714,1.016810391829684
1168.0654696217125,1.0311153,0.024037885,1.01437026197614
1168.0754236636128,1.0200077,0.023908103,1.0120721241252761
1168.085377705513,0.97696286,0.02340885,1.0099044819696308
1168.0953317474132,1.0373967,0.024100875,1.007856233169212
1168.1052857893135,1.0170702,0.023870591,1.0059022796171027
1168.1152398312138,1.0288134,0.024001664,1.0040329983728165
1168.125193873114,1.0397133,0.024121884,1.0022470343861796
1168.1351479150142,0.99842966,0.023647623,1.0005243861575428
1168.1451019569145,1.0532206,0.02427078,0.9988472185312534
1168.1550559988148,1.0381098,0.024098534,0.997199646161964
1168.1650100407148,1.0440651,0.02416434,0.9955660043419043
1168.1749640826151,1.0560764,0.024298545,0.9939328819978182
1168.1849181245154,1.0199932,0.023885295,0.9922966041831838
1168.1948721664157,1.0951164,0.024728514,0.9906603598704368
1168.2048262083158,1.0440599,0.024155783,0.9890343315763618
1168.214780250216,1.0215877,0.023898773,0.98743068801439
1168.2247342921164,1.0592989,0.024322065,0.9858628941146687
1168.2346883340165,1.0035272,0.023686439,0.9843535391066536
1168.2446423759168,1.0398805,0.024101097,0.9829077948868641
1168.254596417817,1.0288159,0.023972185,0.9815340484331636
1168.2645504597174,1.0385115,0.024082394,0.9802440612539693
1168.2745045016175,1.029117,0.023972142,0.9790469420114067
1168.2844585435178,1.0420711,0.02411708,0.9779280755673201
1168.294412585418,0.9855543,0.02346478,0.9768758870227633
1168.3043666273181,0.99445003,0.023569372,0.9758794818864207
1168.3143206692184,1.0483221,0.02418099,0.9749188382040793
1168.3242747111187,1.0269921,0.023939656,0.9739834557992203
1168.334228753019,1.0568492,0.02427356,0.9730716600415468
1168.344182794919,1.0245996,0.02390608,0.972190109100443
1168.3541368368194,1.0498928,0.024189562,0.9713405406333468
1168.3640908787197,1.0414149,0.024091123,0.9705302593584351
1168.3740449206198,1.0096948,0.02372784,0.9697739535364522
1168.38399896252,1.0138837,0.023774784,0.9690871262489349
1168.3939530044204,1.029155,0.023948899,0.9684796802174649
1168.4039070463207,1.0069203,0.023902703,0.9679659887257432
1168.4138610882208,1.0057782,0.024146609,0.9675749816987331
1168.423815130121,1.0030029,0.024095863,0.967298956453259
1168.4337691720214,1.0253811,0.024589125,0.9671365380003503
1168.4437232139214,1.020343,0.024695536,0.9670915355039822
1168.4536772558217,1.0116625,0.024907941,0.9671700835469214
1168.463631297722,1.0461318,0.025814371,0.9673547816267548
1168.4735853396223,1.0271639,0.026129726,0.967642808021506
1168.4835393815224,1.0341219,0.026215022,0.9680426844216017
1168.4934934234227,1.0215985,0.025827367,0.9685457349634752
1168.503447465323,1.0532706,0.02641889,0.9691437905718137
1168.513401507223,1.0523137,0.026046667,0.9698365642826348
1168.5233555491234,1.0468864,0.025940457,0.9706400462097513
1168.5333095910237,1.0434473,0.02611969,0.9715407293504151
1168.543263632924,1.0826849,0.026151728,0.972542661857136
1168.553217674824,1.0741408,0.025874358,0.9736599494550555
1168.5631717167244,1.0206106,0.025686827,0.9749033523747541
1168.5731257586247,1.0143956,0.025833275,0.9762688820135578
1168.583079800525,1.0654213,0.026339844,0.9777632052605241
1168.593033842425,1.0986485,0.026616834,0.9794131387952787
1168.6029878843253,1.0319694,0.025882358,0.9812102486838352
1168.6129419262256,1.0994372,0.026900798,0.9831566433171157
1168.6228959681257,1.1008705,0.026925433,0.9852665287712092
1168.632850010026,1.0525272,0.026155358,0.9875709545663663
1168.6428040519263,1.0584387,0.02614516,0.9900636926039179
1168.6527580938264,1.0339022,0.025890702,0.9927657031773995
1168.6627121357267,1.0743146,0.026869077,0.9957261465994455
1168.672666177627,1.0674276,0.026802117,0.9989542936349425
1168.6826202195273,1.0578017,0.026843844,1.0024243309806082
1168.6925742614274,1.1011636,0.027212271,1.006094609492855
1168.7025283033277,1.0517379,0.026152981,1.00989171257132
1168.712482345228,1.0933456,0.026631381,1.0136773672598098
1168.7224363871283,1.0533162,0.026101936,1.0173422328717223
1168.7323904290283,1.053428,0.026326485,1.0207637049458098
1168.7423444709286,1.0571145,0.026975777,1.0238235846022539
1168.752298512829,1.0753537,0.026733479,1.0264878151290873
1168.762252554729,1.0293876,0.02624734,1.0287172770167148
1168.7722065966293,1.0379124,0.026153417,1.0304419076618565
1168.7821606385296,1.0607522,0.026460927,1.031729043953375
1168.79211468043,1.0695819,0.026546357,1.032653044206329
1168.80206872233,1.0275698,0.02546355,1.0332859728450563
1168.8120227642303,1.0057569,0.025201373,1.033704794768786
1168.8219768061306,1.015671,0.025734793,1.0340233411363737
1168.8319308480307,1.117273,0.026710786,1.0342937666189451
1168.841884889931,1.0653136,0.025887515,1.0345487718049564
1168.8518389318313,1.040553,0.02545317,1.0348090133458
1168.8617929737316,1.0334238,0.024925247,1.0350844126771737
1168.8717470156316,1.0002824,0.02434635,1.0353820531700229
1168.881701057532,1.026308,0.02477769,1.035714341116643
1168.8916550994322,1.072705,0.025112327,1.0360847391193233
1168.9016091413323,1.0397507,0.024324153,1.0364990030359635
1168.9115631832326,1.0250638,0.023864007,1.036964907464101
1168.921517225133,1.0302424,0.023854459,1.0374886528721985
1168.9314712670332,1.0312896,0.023862308,1.0380601074197386
1168.9414253089333,1.0496713,0.024067812,1.0386688378049285
1168.9513793508336,1.0140563,0.02365991,1.0392980844086122
1168.9613333927339,1.013055,0.023648188,1.039923038961635
1168.971287434634,1.0185047,0.0237085,1.0405244355585261
1168.9812414765343,1.0051146,0.023554886,1.0410884937039722
1168.9911955184346,0.986423,0.023336994,1.041602482267244
1169.0011495603349,1.0180725,0.023696644,1.042077601115294
1169.011103602235,0.98436266,0.023309365,1.0425248827881881
1169.0210576441352,0.9985274,0.023470424,1.042959637431652
1169.0310116860355,1.0136575,0.023641976,1.0433998448787698
1169.0409657279356,0.97637,0.02321061,1.0438571561930294
1169.050919769836,0.9887466,0.023351429,1.0443356896548548
1169.0608738117362,0.96452445,0.023067651,1.0448235020780143
1169.0708278536365,0.95720106,0.022982156,1.0452646138078594
1169.0807818955366,0.9915355,0.023379754,1.0455371189625091
1169.0907359374369,0.99920386,0.023464017,1.0453977028840642
1169.1006899793372,0.9842015,0.023291526,1.0444022379350446
1169.1106440212375,0.9796491,0.023237275,1.0423085287205298
1169.1205980631375,0.9313964,0.022670439,1.0388950166160407
1169.1305521050379,0.9526876,0.02291626,1.0338948317790806
1169.1405061469382,0.9375428,0.022737144,1.0273245028206432
1169.1504601888382,0.9544746,0.022934344,1.0193328448827534
1169.1604142307385,0.9477599,0.022853443,1.0099829557068545
1169.1703682726388,0.92073494,0.022533122,0.9991520039129123
1169.180322314539,0.95955,0.022989249,0.9871511175576919
1169.1902763564392,0.91452456,0.022455761,0.9740932717053254
1169.2002303983395,0.9253056,0.02258339,0.9600442442364877
1169.2101844402398,0.8914805,0.022171633,0.945112882064955
1169.2201384821399,0.84579587,0.021608198,0.9295640560449367
1169.2300925240402,0.8767039,0.021988062,0.9135902262000245
1169.2400465659405,0.9224327,0.02253914,0.8974401317661178
1169.2500006078408,0.8881546,0.022123192,0.8814663379677523
1169.2599546497408,0.8697863,0.02189924,0.8659827158855511
1169.2699086916411,0.86162275,0.021795427,0.8512609585890099
1169.2798627335414,0.84822893,0.021629484,0.8375773968061438
1169.2898167754415,0.8519679,0.021674773,0.8247807213334123
1169.2997708173418,0.8834749,0.022060538,0.8127906003646324
1169.3097248592421,0.82950926,0.021390699,0.8015666070814912
1169.3196789011422,0.8723283,0.021919776,0.7910213748592527
1169.3296329430425,0.8292139,0.021382622,0.7810333823257332
1169.3395869849428,0.806606,0.021095227,0.7715609389352078
1169.349541026843,0.7917857,0.020901538,0.7626419642009226
1169.3594950687432,0.7998499,0.021001676,0.7541913162811822
1169.3694491106435,0.7718197,0.020639123,0.7461789437977029
1169.3794031525438,0.7673791,0.020579655,0.7386068819360319
1169.389357194444,0.7448906,0.020283114,0.7315006083800493
1169.3993112363441,0.76378524,0.020530924,0.7247892943224595
1169.4092652782444,0.7316941,0.020102588,0.7184601063510414
1169.4192193201447,0.71240413,0.019840244,0.7125384065665985
1169.4291733620448,0.74211025,0.020240268,0.7069979989913363
1169.4391274039451,0.7312832,0.020095209,0.7018044218053828
1169.4490814458454,0.71051484,0.019814579,0.6969525175243019
1169.4590354877457,0.7125413,0.019840425,0.6924991521080816
1169.4689895296458,0.66137266,0.019129585,0.6883885108895762
1169.478943571546,0.6719075,0.019277968,0.6846218711731151
1169.4888976134464,0.65947366,0.019099053,0.6812243226390806
1169.4988516553465,0.62830204,0.018653696,0.6782189896983966
1169.5088056972468,0.6237319,0.0185868,0.6755697285449496
1169.518759739147,0.6443309,0.018878987,0.673281599050662
1169.5287137810474,0.6267736,0.018627256,0.6714081308265869
1169.5386678229474,0.5930092,0.018131152,0.6699267980017858
1169.5486218648477,0.5997677,0.018259333,0.6688238487541887
1169.558575906748,0.5931189,0.018536665,0.6681082405068111
1169.5685299486481,0.6268825,0.019451248,0.6678334867285612
1169.5784839905484,0.5790679,0.018847689,0.6679340707007402
1169.5884380324487,0.5925071,0.019129543,0.6684039231980783
1169.598392074349,0.587262,0.019647762,0.6692660301815232
1169.608346116249,0.6172543,0.020182831,0.6705159997866621
1169.6183001581494,0.6196081,0.020290844,0.6721127690177922
1169.6282542000497,0.6368437,0.02080139,0.6740485119967126
1169.6382082419498,0.6448146,0.020722046,0.6763622589595017
1169.64816228385,0.5962144,0.020145131,0.6790021759590195
1169.6581163257504,0.63709116,0.021038294,0.6819499888707481
1169.6680703676507,0.6643127,0.021531073,0.6852112926659999
1169.6780244095507,0.65499437,0.021251777,0.6888166289255697
1169.687978451451,0.61533105,0.02023672,0.692731496056174
1169.6979324933513,0.65651524,0.020734433,0.6969688608449537
1169.7078865352514,0.6343423,0.020208502,0.7015837917375918
1169.7178405771517,0.67613393,0.02096746,0.7065899663607463
1169.727794619052,0.68444014,0.02100772,0.7119814951994119
1169.7377486609523,0.7123804,0.021350672,0.7177741033489962
1169.7477027028524,0.69168276,0.021034427,0.72404959936945
1169.7576567447527,0.721649,0.021339705,0.730746292924688
1169.767610786653,0.7286238,0.021659762,0.7378628160112484
1169.7775648285533,0.7434213,0.02243055,0.7454266411385366
1169.7875188704534,0.76468617,0.022551365,0.7534731612525789
1169.7974729123537,0.769416,0.022379836,0.7619688250973191
1169.807426954254,0.80044657,0.022797367,0.7709395975392368
1169.817380996154,0.7840278,0.022622654,0.7804901628952785
1169.8273350380543,0.7759005,0.02257819,0.7906397238606246
1169.8372890799546,0.82284766,0.023237288,0.8014199018268133
1169.8472431218547,0.7877272,0.023086911,0.812912548031755
1169.857197163755,0.82777196,0.023260914,0.8253397145343604
1169.8671512056553,0.80388325,0.022723952,0.8386641112548987
1169.8771052475556,0.809891,0.022944024,0.8529173390011545
1169.8870592894557,0.8484839,0.023602806,0.868074242690085
1169.897013331356,0.8777069,0.023979742,0.8838784254949876
1169.9069673732563,0.8465007,0.023588967,0.8999411951564855
1169.9169214151566,0.9378056,0.024695585,0.9159606562124263
1169.9268754570567,0.8704606,0.023971258,0.9316024606786825
1169.936829498957,0.86713433,0.023550427,0.9466697668982558
1169.9467835408573,0.91198915,0.024196556,0.9610211384672457
1169.9567375827573,0.9093287,0.023801815,0.9745014718373509
1169.9666916246576,0.8575549,0.022778682,0.9868790569779515
1169.976645666558,0.8951146,0.023371652,0.9981911951818543
1169.9865997084582,0.9396538,0.023651848,1.0083528297946434
1169.9965537503583,0.9413836,0.023861695,1.0171556473508994
1170.0065077922586,0.9198721,0.023693157,1.0245295933702623
1170.016461834159,0.8882719,0.023556609,1.0305249425152596
1170.026415876059,0.98677605,0.024162097,1.0351318834584746
1170.0363699179593,0.93701637,0.022782002,1.0382117745354469
1170.0463239598596,0.9062614,0.022201596,1.040153196629836
1170.05627800176,0.90968674,0.022242183,1.0412512290474476
1170.06623204366,0.88918597,0.02199457,1.041797126841675
1170.0761860855603,0.9111721,0.022255316,1.0420576475204917
1170.0861401274606,0.95032394,0.022717146,1.0422260051759917
1170.0960941693606,0.95578116,0.022779094,1.0423672855896342
1170.106048211261,0.9497088,0.022705825,1.042508046133066
1170.1160022531612,0.97926617,0.023043884,1.04265616153798
1170.1259562950615,1.012346,0.023423368,1.0428129454434512
1170.1359103369616,0.98120177,0.02306596,1.0429797618924632
1170.145864378862,0.9874877,0.023134038,1.0431613307687178
1170.1558184207622,0.97002727,0.022933148,1.0433588322792473
1170.1657724626623,0.9633971,0.02285606,1.043575343082833
1170.1757265045626,0.9580035,0.022789566,1.0438148057126
1170.185680546463,0.9641879,0.022860555,1.0440789833927173
1170.1956345883632,0.9791283,0.023032093,1.0443633934311842
1170.2055886302633,0.970007,0.022924263,1.0446635333348926
1170.2155426721636,0.9380484,0.022549406,1.0449727065679104
1170.2254967140639,0.9592921,0.022796823,1.0452803102686066
1170.235450755964,0.9162453,0.022289084,1.0455773775278971
1170.2454047978642,0.9573858,0.022771373,1.0458556119013211
1170.2553588397645,0.93801993,0.022542587,1.0461042257444846
1170.2653128816648,0.98089164,0.02303725,1.0463222241743748
1170.275266923565,0.93400055,0.022491945,1.0465065452948217
1170.2852209654652,0.97891724,0.023013223,1.0466517513560456
1170.2951750073655,0.96278477,0.022823982,1.0467557662429432
1170.3051290492656,0.98195434,0.023043437,1.0468227040387688
1170.315083091166,1.0124745,0.023389405,1.0468554313172578
1170.3250371330662,0.9963661,0.02320401,1.0468552337674706
1170.3349911749665,0.9858867,0.023083843,1.0468323517499907
1170.3449452168666,0.99541557,0.023191035,1.0467934988063055
1170.3548992587669,1.0093706,0.023344152,1.0467435841190276
1170.3648533006672,0.9993441,0.023231244,1.0466858035634434
1170.3748073425672,1.0062497,0.023307703,1.0466227808384527
1170.3847613844675,0.9975931,0.023209082,1.0465551621558533
1170.3947154263678,1.0705081,0.024019085,1.0464844875881611
1170.4046694682681,1.0344037,0.023617813,1.046415143289103
1170.4146235101682,1.0530105,0.023822416,1.0463525543338794
1170.4245775520685,1.0216789,0.023472784,1.0463021821023084
1170.4345315939688,1.0490345,0.023773413,1.0462703770541513
1170.4444856358691,1.0299964,0.023560736,1.0462529824193738
1170.4544396777692,1.0352436,0.02361582,1.0462417232547563
1170.4643937196695,1.0098767,0.023329798,1.046221313148129
1170.4743477615698,1.0084792,0.023314768,1.0461658397214828
1170.4843018034699,1.035288,0.023612129,1.0460522992807229
1170.4942558453702,0.9848373,0.023039129,1.0458540932727223
1170.5042098872705,1.0547482,0.023822851,1.0455308772129683
1170.5141639291705,1.0209689,0.023444947,1.0450676013488565
1170.5241179710708,1.0336382,0.02358529,1.0444687330992013
1170.5340720129711,1.0126239,0.023347002,1.0437456438834454
1170.5440260548714,1.0171536,0.023398021,1.0429125946212512
1170.5539800967715,1.0445906,0.023700392,1.0420288543836942
1170.5639341386718,0.9873694,0.02305814,1.0411354312382726
1170.573888180572,1.0125247,0.023340434,1.04027505367908
1170.5838422224724,1.01936,0.023416538,1.039486305812222
1170.5937962643725,0.99628556,0.023151817,1.0387802944595381
1170.6037503062728,0.9558625,0.022685723,1.0381606175806946
1170.613704348173,1.0160817,0.023371808,1.0376296896824426
1170.6236583900732,1.0128939,0.023335459,1.0371660690073052
1170.6336124319735,1.0234023,0.023451947,1.036750879538556
1170.6435664738738,1.0356311,0.023586813,1.0363710145422158
1170.653520515774,1.0505565,0.023749465,1.0360183370502731
1170.6634745576741,1.0096815,0.023291087,1.0356814479991467
1170.6734285995744,1.0345536,0.023570012,1.035356379141867
1170.6833826414747,1.0510947,0.023751605,1.0350412481132985
1170.6933366833748,1.0264447,0.023474451,1.0347344764910804
1170.703290725275,1.0358477,0.023576032,1.034434110036034
1170.7132447671754,1.0441306,0.023669144,1.034138974685349
1170.7231988090757,1.0398898,0.023617873,1.0338468778970613
1170.7331528509758,1.0450187,0.023672707,1.0335515030497127
1170.743106892876,1.0693709,0.023941133,1.0332428652427046
1170.7530609347764,1.0411502,0.023626737,1.0329051034988006
1170.7630149766765,1.0359956,0.023567537,1.0325125421455406
1170.7729690185768,1.0097034,0.023270475,1.0320569573541398
1170.782923060477,1.0392442,0.02360348,1.0315316608200507
1170.7928771023774,1.0566195,0.023790063,1.0309303159634629
1170.8028311442774,1.0098746,0.023266485,1.0302578800973696
1170.8127851861777,1.0500566,0.023716385,1.0295263230726612
1170.822739228078,1.0394921,0.023596818,1.0287421274844786
1170.832693269978,1.0564057,0.023780791,1.0279070674527806
1170.8426473118784,1.0732466,0.023965135,1.0270380727807351
1170.8526013537787,1.04383,0.023640502,1.026149904990039
1170.862555395679,1.0715265,0.023939334,1.0252618289867157
1170.872509437579,1.0620459,0.023837008,1.0244027364063457
1170.8824634794794,1.035508,0.023538725,1.0235927128541755
1170.8924175213797,1.0825874,0.024055863,1.0228455799927856
1170.9023715632798,1.0602072,0.02380833,1.0221725915873106
1170.91232560518,1.046652,0.023656413,1.0215668172567212
1170.9222796470804,1.0117544,0.023266783,1.0210141882342039
1170.9322336889807,1.0574296,0.023772066,1.020505829988452
1170.9421877308807,1.0296988,0.023463733,1.0200396995091046
1170.952141772781,1.0666761,0.023871463,1.019605344378447
1170.9620958146813,1.0667975,0.023868062,1.0192002854585382
1170.9720498565816,1.0274879,0.023434687,1.0188247086250999
1170.9820038984817,1.0541451,0.023725862,1.0184781466968156
1170.991957940382,1.0873486,0.024088096,1.0181521191077951
1171.0019119822823,1.0549777,0.02373182,1.0178387305291725
1171.0118660241824,1.0913774,0.024126658,1.0175266628073594
1171.0218200660827,1.036523,0.023524173,1.0172031002134343
1171.031774107983,1.0356913,0.023511946,1.0168598613591069
1171.041728149883,1.01005,0.023223098,1.0164928336010954
1171.0516821917834,1.0511879,0.023680797,1.0160999298790288
1171.0616362336837,1.030536,0.023449348,1.0156927295729905
1171.071590275584,1.0175258,0.02330277,1.0152818990422547
1171.081544317484,1.100788,0.024216618,1.0148809363096758
1171.0914983593843,1.0450932,0.02360533,1.014506605218156
1171.1014524012846,1.0256311,0.023387607,1.0141698722833248
1171.111406443185,1.0664152,0.02383606,1.0138814935329197
1171.121360485085,1.0572647,0.023734322,1.0136571328792552
1171.1313145269853,1.0778394,0.023958515,1.0134972331343532
1171.1412685688856,1.0422144,0.023565395,1.0133967029677817
1171.1512226107857,1.0355413,0.023488957,1.0133498955444684
1171.161176652686,1.0566415,0.02372057,1.0133525514555268
1171.1711306945863,1.0571171,0.023722988,1.013383696067682
1171.1810847364864,1.06481,0.023806894,1.0134308546902617
1171.1910387783867,1.0838515,0.024011498,1.0134823786319154
1171.200992820287,1.0613925,0.023765447,1.0135286688172793
1171.2109468621873,1.0538428,0.02368011,1.0135673347465042
1171.2209009040873,1.0775224,0.023936247,1.0136018554599706
1171.2308549459876,1.0779762,0.023939231,1.0136441215512748
1171.240808987888,1.0359931,0.023472793,1.0137109304664405
1171.2507630297882,1.0778924,0.023934506,1.013818502567411
1171.2607170716883,1.09393,0.024106503,1.0139826434166834
1171.2706711135886,1.0435194,0.02355404,1.0142231059362738
1171.280625155489,1.0797145,0.023946919,1.0145283303132886
1171.290579197389,1.016087,0.023243124,1.0148854915209982
1171.3005332392893,1.0125209,0.023204502,1.015270934775601
1171.3104872811896,1.0092136,0.023166718,1.0156473845563383
1171.3204413230899,1.0197582,0.023282299,1.0159812320303978
1171.33039536499,1.0244533,0.02333053,1.0162463618499462
1171.3403494068903,1.0336874,0.023433741,1.0164145150339936
1171.3503034487906,1.043772,0.023541944,1.0164934580559313
1171.3602574906906,1.0472901,0.023580201,1.0165004346262727
1171.370211532591,1.0429326,0.023529826,1.0164591237649565
1171.3801655744912,1.0141773,0.023208655,1.016401915272029
1171.3901196163915,1.0543373,0.023649417,1.0163630865168987
1171.4000736582916,1.0451442,0.023546146,1.0163653109780022
1171.410027700192,1.0656,0.023769613,1.0164298578249755
1171.4199817420922,1.0607163,0.023716519,1.0165665464944391
1171.4299357839923,1.0089133,0.023138484,1.016771199626203
1171.4398898258926,1.0185566,0.023245096,1.0170420924712447
1171.4498438677929,1.0163645,0.023217447,1.0173846494290093
1171.4597979096932,1.0091716,0.023138445,1.0177876063699456
1171.4697519515933,0.9759289,0.022759195,1.0182459357968452
1171.4797059934936,1.0295094,0.02336087,1.0187587418785267
1171.4896600353939,1.0067971,0.02310504,1.0193303386251702
1171.499614077294,1.0055859,0.02308871,1.0199529819474153
1171.5095681191942,1.0386436,0.023455925,1.0206281067884686
1171.5195221610945,1.0233415,0.02328277,1.0213636507924977
1171.5294762029948,1.0246767,0.023294909,1.0221618400291395
1171.539430244895,1.022927,0.023273902,1.0230159458369223
1171.5493842867952,1.0190563,0.023229871,1.023917488587288
1171.5593383286955,1.0717518,0.023807405,1.0248537843791456
1171.5692923705956,1.0542157,0.023615781,1.0258000409953083
1171.5792464124959,1.0039048,0.023055976,1.0267390095583298
1171.5892004543962,0.9526134,0.022467855,1.027655831949556
1171.5991544962965,1.002309,0.023033168,1.0285337287627645
1171.6091085381966,0.9864048,0.022852482,1.0293659374748871
1171.6190625800969,0.9884672,0.022873929,1.0301425204822645
1171.6290166219972,1.0057065,0.02306745,1.0308465169270273
1171.6389706638975,0.99770916,0.022976058,1.031469346201159
1171.6489247057975,0.95435035,0.022479279,1.0320127107573498
1171.6588787476978,1.0062293,0.023068404,1.0324799466256587
1171.6688327895981,1.0463214,0.023511324,1.0328752972886357
1171.6787868314982,0.9930143,0.02291713,1.0332282230001535
1171.6887408733985,0.9601703,0.022540137,1.0335573884849076
1171.6986949152988,0.9536023,0.022462448,1.0338748498290655
1171.7086489571989,1.0234457,0.023252867,1.0341850441563065
1171.7186029990992,1.0009229,0.023098502,1.0344870181396284
1171.7285570409995,1.0036715,0.02373088,1.0347763459266384
1171.7385110828998,1.0111102,0.024220197,1.0350469073999164
1171.7484651247998,1.0037562,0.024229137,1.0352981732043967
1171.7584191667002,1.0364441,0.024802351,1.0355356049660438
1171.7683732086005,1.0546334,0.02590572,1.0357673085191146
1171.7783272505008,1.0353642,0.02562272,1.0360059261303074
1171.7882812924008,1.0066104,0.025334442,1.0362605562991458
1171.7982353343011,1.0582112,0.025965927,1.0365338988254726
1171.8081893762014,1.0635549,0.025856126,1.0368210297289528
1171.8181434181015,1.0337025,0.025934046,1.037104904630503
1171.8280974600018,1.0292015,0.026246855,1.0373621593934508
1171.838051501902,1.0431559,0.026189242,1.0375680799451001
1171.8480055438024,1.0677963,0.026417566,1.0376883623813604
1171.8579595857025,1.0533097,0.025713764,1.0377039772338588
1171.8679136276028,1.0441384,0.025396677,1.0376113870767183
1171.877867669503,1.075279,0.025632402,1.0374101722072595
1171.8878217114031,1.0347222,0.025377113,1.037095364045586
1171.8977757533034,1.0693123,0.02566717,1.0367032055206185
1171.9077297952037,0.96519,0.024403092,1.0362573136016273
1171.917683837104,1.072618,0.025704341,1.0357797186481013
1171.9276378790041,1.0089551,0.02455072,1.0352907756206544
1171.9375919209044,1.046351,0.025507625,1.03480254087214
1171.9475459628047,1.0710758,0.026522228,1.0343140275743545
1171.9575000047048,1.0522681,0.02555182,1.0338103390716098
1171.967454046605,1.078439,0.026002727,1.0332680773121559
1171.9774080885054,1.0437007,0.02562601,1.0326664297933486
1171.9873621304057,1.0620236,0.025856571,1.0319881678458698
1171.9973161723058,1.0428141,0.025547532,1.0312112007074112
1172.007270214206,1.0642834,0.026103789,1.030356137487913
1172.0172242561064,1.0000274,0.025485383,1.029440952275961
1172.0271782980064,1.0266073,0.025199883,1.028489825012699
1172.0371323399067,1.0274478,0.025201732,1.02753427243835
1172.047086381807,1.0367421,0.025581762,1.0266009355067123
1172.0570404237073,1.0683086,0.026042785,1.0257065079729066
1172.0669944656074,1.0796824,0.025970085,1.0248666247412925
1172.0769485075077,1.072603,0.026177611,1.024082708586618
1172.086902549408,1.021792,0.025293246,1.0233507866352403
1172.096856591308,1.0037493,0.025377613,1.022668524736133
1172.1068106332084,1.0317966,0.025092889,1.0220407329239725
1172.1167646751087,1.0557557,0.025535563,1.0214565998583514
1172.126718717009,1.0128728,0.024544327,1.0209137337050047
1172.136672758909,1.0110993,0.024169901,1.0204122412786512
1172.1466268008094,1.0299759,0.024588643,1.019952120060313
1172.1565808427097,1.0701554,0.024681825,1.0195260398527686
1172.16653488461,1.0434042,0.024820548,1.0191306431867102
1172.17648892651,0.9936009,0.024186589,1.0187644221593288
1172.1864429684103,1.0793729,0.02548434,1.018420916077492
1172.1963970103106,1.0467491,0.024194587,1.018094864376792
1172.2063510522107,1.0207402,0.023165656,1.0177838523602543
1172.216305094111,1.0025823,0.022926584,1.0174895908681578
1172.2262591360113,1.0005653,0.022898093,1.0172107731132152
1172.2362131779114,1.0085666,0.022985721,1.016949446170063
1172.2461672198117,1.0445863,0.023383174,1.0167090900381441
1172.256121261712,1.0048041,0.022941722,1.0164928160028786
1172.2660753036123,1.0405381,0.02333532,1.0162979499391658
1172.2760293455124,0.9961384,0.022839962,1.0161224173415913
1172.2859833874127,0.9776224,0.02262891,1.0159630780711246
1172.295937429313,0.9877897,0.022744253,1.015811248678618
1172.3058914712133,1.008689,0.022973629,1.0156577535930924
1172.3158455131133,1.0314171,0.023225874,1.0154941374015634
1172.3257995550136,1.0074673,0.022958027,1.015309542501352
1172.335753596914,1.0364535,0.023274519,1.0151033084935477
1172.345707638814,0.9836313,0.022683563,1.0148770771714146
1172.3556616807143,1.01825,0.023071727,1.0146370867967036
1172.3656157226146,1.0385828,0.023293642,1.0143966278608347
1172.3755697645147,1.0171485,0.02305619,1.014171181188709
1172.385523806415,0.9992186,0.02285202,1.0139745907411937
1172.3954778483153,1.0358738,0.023260131,1.0138240966547012
1172.4054318902156,1.0129821,0.023005266,1.013726376766293
1172.4153859321157,1.0024674,0.022885563,1.013682397266808
1172.425339974016,1.0178416,0.023055043,1.0136930441462129
1172.4352940159163,1.0120419,0.022988107,1.0137663822835565
1172.4452480578166,1.0186291,0.02306005,1.0138912322328926
1172.4552020997166,1.0143249,0.02301146,1.0140659023066747
1172.465156141617,1.0074847,0.02293193,1.0142919094485685
1172.4751101835172,1.0093331,0.022952212,1.0145712825769895
1172.4850642254173,1.0071344,0.022926444,1.014897149161699
1172.4950182673176,1.0154032,0.023014879,1.0152675740563395
1172.504972309218,0.96263725,0.022419518,1.0156831826493042
1172.5149263511182,1.0362815,0.023240764,1.0161349567852054
1172.5248803930183,0.9919947,0.02274952,1.016612582434509
1172.5348344349186,0.9918919,0.022744577,1.01710732888922
1172.544788476819,1.0140272,0.02299113,1.0176114274011878
1172.554742518719,1.0093392,0.022936234,1.0181173569621627
1172.5646965606193,1.0013933,0.022845248,1.0186238101844576
1172.5746506025196,1.0421104,0.023295533,1.0191341888022514
1172.5846046444199,1.0007138,0.022835251,1.0196568564836357
1172.59455868632,1.00816,0.022916012,1.0201986360146593
1172.6045127282202,1.0002347,0.022825731,1.0207642581920278
1172.6144667701205,1.0052882,0.022880817,1.0213543658887576
1172.6244208120206,1.0426395,0.023289394,1.0219553629980906
1172.634374853921,0.9997268,0.022817325,1.0225457176513868
1172.6443288958212,1.0195597,0.023033071,1.023099694537444
1172.6542829377215,0.9766154,0.022552457,1.0235745912244365
1172.6642369796216,1.0419223,0.023275558,1.0239532560319224
1172.674191021522,1.0175076,0.023005897,1.0242171990424898
1172.6841450634222,1.0059072,0.022874147,1.0243482580035173
1172.6940991053223,0.96566373,0.022420937,1.0243367147256266
1172.7040531472226,1.0064868,0.022877274,1.0242104804214445
1172.7140071891229,1.0085006,0.022898834,1.0239913217152972
1172.7239612310232,0.9938204,0.022733701,1.0237056624884446
1172.7339152729232,1.0071743,0.022880174,1.0233952818272356
1172.7438693148235,0.96453196,0.022398511,1.0230909677588544
1172.7538233567238,0.99070674,0.022692958,1.022808504073308
1172.763777398624,1.0218943,0.023035314,1.0225521833977744
1172.7737314405242,0.9853839,0.022626575,1.0223040072849807
1172.7836854824245,1.0162636,0.022968875,1.022043579695195
1172.7936395243248,0.9508551,0.022233786,1.021747202956754
1172.803593566225,0.99573666,0.022737443,1.0213920753775674
1172.8135476081252,0.9944279,0.022725675,1.02097631674141
1172.8235016500255,1.0091352,0.022885462,1.0205008999006915
1172.8334556919258,0.96585727,0.022400532,1.019967004411031
1172.8434097338259,1.003052,0.022814596,1.0193855844860127
1172.8533637757262,1.057308,0.023407893,1.018765962934752
1172.8633178176265,1.0081313,0.022867167,1.0181117645236775
1172.8732718595265,0.9984559,0.022758994,1.0174211887563187
1172.8832259014268,0.98446363,0.022598632,1.0167036322671608
1172.8931799433271,1.0271823,0.023071093,1.0159654714234465
1172.9031339852272,0.9970712,0.022736082,1.0152148925282287
1172.9130880271275,1.0211078,0.023003172,1.0144644139318246
1172.9230420690278,1.0249091,0.023039289,1.0137277262913853
1172.9329961109281,1.0234808,0.023024414,1.013017642371033
1172.9429501528282,1.0026721,0.02279327,1.0123504513348014
1172.9529041947285,1.0057092,0.022823704,1.0117342037027495
1172.9628582366288,1.0495459,0.023302365,1.0111691716046791
1172.972812278529,0.98728913,0.022614362,1.0106554944117168
1172.9827663204292,0.9472075,0.022161176,1.0101991274097013
1172.9927203623295,0.9946514,0.022693284,1.0097904647054967
1173.0026744042298,1.0194305,0.02296598,1.009426957057869
1173.0126284461298,0.9773809,0.022496553,1.0091092528973462
1173.0225824880301,1.0154576,0.02291899,1.0088409670438125
1173.0325365299304,1.014362,0.022905868,1.0086164719856021
1173.0424905718307,0.99357504,0.022671843,1.0084364384245248
1173.0524446137308,1.0232908,0.022999695,1.0083060099080867
1173.0623986556311,1.0154644,0.022912262,1.0082240500949615
1173.0723526975314,1.022516,0.0229884,1.0081846022483751
1173.0823067394315,1.0308305,0.023076145,1.0081816233858072
1173.0922607813318,1.0119492,0.02286877,1.0082053492031227
1173.102214823232,0.99941814,0.02272724,1.0082318893974505
1173.1121688651324,1.0266272,0.023025079,1.0082381121774084
1173.1221229070325,1.0317427,0.023079038,1.0081985704700975
1173.1320769489328,0.9752654,0.022451352,1.0080848721868576
1173.142030990833,0.9957215,0.022677325,1.0078941349732624
1173.1519850327331,1.0280406,0.023034355,1.0076244318525027
1173.1619390746334,0.9723519,0.022413233,1.007276538977722
1173.1718931165337,1.0433377,0.023194587,1.0068690892267935
1173.181847158434,1.0075345,0.022804106,1.006429289556427
1173.191801200334,0.9967259,0.022680053,1.0059806247281504
1173.2017552422344,1.0191633,0.02292507,1.0055507053208814
1173.2117092841347,1.040608,0.023161523,1.0051581315810652
1173.2216633260348,1.0267601,0.023006756,1.004813044030776
1173.231617367935,1.054792,0.023311509,1.0045215974434263
1173.2415714098354,1.0425227,0.023175148,1.004289713540379
1173.2515254517357,1.019584,0.022922736,1.0041069501461364
1173.2614794936358,1.0301672,0.02303746,1.0039703427411475
1173.271433535536,0.98323256,0.022515044,1.0038808440581306
1173.2813875774364,1.0442135,0.023186052,1.0038364252303529
1173.2913416193364,1.081285,0.023584023,1.0038319774780224
1173.3012956612367,0.99838656,0.022679372,1.003866528835285
1173.311249703137,1.0726473,0.023488944,1.0039444870416019
1173.3212037450373,1.0177366,0.02288905,1.0040609668771945
1173.3311577869374,1.0435474,0.023170566,1.0042144549631307
1173.3411118288377,1.0193491,0.022903826,1.004406471631102
1173.351065870738,1.0725758,0.023479432,1.0046448085819912
1173.361019912638,1.0185302,0.02289271,1.0049276505682312
1173.3709739545384,1.0451695,0.023179278,1.0052605754163604
1173.3809279964387,1.0712434,0.023459446,1.005655402764893
1173.390882038339,1.0926889,0.023688804,1.0061222221028399
1173.400836080239,1.0947087,0.023707796,1.0066613269521816
1173.4107901221394,1.0910091,0.023665791,1.0072759169149075
1173.4207441640397,1.0707254,0.02344821,1.0079735850718632
1173.4306982059397,1.056754,0.023294464,1.0087377114475669
1173.44065224784,1.0590099,0.02331872,1.0095513333020227
1173.4506062897403,1.0501354,0.023223152,1.010398339993922
1173.4605603316406,1.0917044,0.023666002,1.0112606057601055
1173.4705143735407,1.038263,0.023089428,1.0121158535332615
1173.480468415441,1.0564799,0.02328293,1.0129459643165053
1173.4904224573413,1.0248507,0.02294067,1.013728197636927
1173.5003764992416,1.0289197,0.022980992,1.0144399954332095
1173.5103305411417,1.0353996,0.023049993,1.0150743592772125
1173.520284583042,0.9987892,0.022647163,1.0156257238119368
1173.5302386249423,1.0038148,0.022698367,1.0160867508494666
1173.5401926668424,1.0824972,0.02355154,1.0164743531069274
1173.5501467087427,1.018025,0.022852441,1.0168063504408482
1173.560100750643,0.99612814,0.022608962,1.017097891245429
1173.570054792543,1.0733387,0.023450134,1.0173628375949004
1173.5800088344433,1.0586847,0.023289626,1.0176209144156587
1173.5899628763436,1.0224159,0.02289674,1.0178831858287567
1173.599916918244,1.0423914,0.02311041,1.0181592396718369
1173.609870960144,1.0339442,0.023017952,1.0184566346310107
1173.6198250020443,1.0061541,0.022712085,1.0187759314526088
1173.6297790439446,1.0285896,0.022955215,1.0191161329577922
1173.639733085845,1.0361116,0.023033805,1.0194736195895353
1173.649687127745,0.9974584,0.022609362,1.0198375517803118
1173.6596411696453,1.0152792,0.022803199,1.0201962770927222
1173.6695952115456,1.0408176,0.023076998,1.0205386944300179
1173.6795492534457,1.0231543,0.022885483,1.0208488041809323
1173.689503295346,1.0296625,0.02295674,1.0211224879778875
1173.6994573372463,1.0475419,0.023150166,1.0213555411678592
1173.7094113791466,1.03626,0.023023576,1.0215450556496273
1173.7193654210466,0.9980794,0.022602752,1.0216923148054244
1173.729319462947,1.0455294,0.02312028,1.0218106049013258
1173.7392735048472,1.0203035,0.022845667,1.0219101277137432
1173.7492275467473,1.0622014,0.023296664,1.022001291510122
1173.7591815886476,1.0037483,0.022657499,1.0220942941155386
1173.769135630548,0.99061215,0.022512706,1.0221948606623963
1173.7790896724482,1.009534,0.022719553,1.0223061497971087
1173.7890437143483,0.9648298,0.022220522,1.022432186820483
1173.7989977562486,0.9850656,0.02244436,1.0225725172423963
1173.8089517981489,0.9737803,0.022317462,1.02272813521699
1173.818905840049,1.0087751,0.022705624,1.0229012204000287
1173.8288598819493,1.0005952,0.022613471,1.023095793665361
1173.8388139238496,1.0189201,0.02281188,1.0233118958321867
1173.8487679657499,0.98612916,0.022445146,1.0235523867118037
1173.85872200765,1.0112888,0.022722386,1.0238234284866214
1173.8686760495502,1.0117338,0.022727398,1.024128477190159
1173.8786300914505,0.9984095,0.02257823,1.0244666010418706
1173.8885841333506,1.0339259,0.022966024,1.0248358613775141
1173.898538175251,0.9358436,0.021870296,1.0252307386827653
1173.9084922171512,0.99935293,0.022582281,1.0256306290795998
1173.9184462590515,1.0068641,0.022666082,1.0260125376603555
1173.9284003009516,1.0182221,0.022787267,1.0263487533382218
1173.9383543428519,1.0328134,0.02294365,1.0265997165820142
1173.9483083847522,0.9826581,0.02239034,1.0267500696107843
1173.9582624266523,0.96045905,0.022139857,1.0267828816354
1173.9682164685526,1.0317487,0.022926837,1.0266801722120922
1173.9781705104529,1.0062149,0.022646585,1.0264479994232647
1173.9881245523532,1.0229009,0.022825278,1.0261190800812146
1173.9980785942532,1.0043558,0.022622809,1.0257231292717748
1174.0080326361535,0.9858751,0.022417083,1.0252936401527446
1174.0179866780538,0.9934965,0.022496954,1.0248692599264162
1174.0279407199541,1.0139897,0.022724124,1.0244729671287678
1174.0378947618542,1.0426464,0.023034094,1.0241175853990532
1174.0478488037545,1.0084746,0.022657162,1.0238121047171944
1174.0578028456548,1.0431755,0.023038132,1.0235446456424213
1174.0677568875549,1.0281174,0.022871638,1.023307447911406
1174.0777109294552,1.0441105,0.023042288,1.0230934539327106
1174.0876649713555,1.02161,0.022797061,1.0228952042112447
1174.0976190132556,1.070781,0.023326263,1.0227059037059194
1174.1075730551559,1.0214342,0.022790756,1.0225224440948473
1174.1175270970562,0.98945105,0.022442032,1.0223430291932838
1174.1274811389565,1.0205832,0.02277824,1.0221658655170234
1174.1374351808565,1.038737,0.022972863,1.0219899474527212
1174.1473892227568,1.0151342,0.022715464,1.0218148539963001
1174.1573432646571,1.0389113,0.022973565,1.0216411648764296
1174.1672973065574,1.0367972,0.022947678,1.0214702094527737
1174.1772513484575,0.99693686,0.022511827,1.0213041689571711
1174.1872053903578,1.0064969,0.022614213,1.0211458334328296
1174.197159432258,1.062257,0.023216488,1.0209975439686763
1174.2071134741582,1.0119112,0.022670202,1.020858308273425
1174.2170675160585,1.06706,0.023266053,1.0207267209859483
1174.2270215579588,1.0630552,0.02322091,1.0206008243237887
1174.2369755998589,0.9824987,0.022340814,1.020477471180509
1174.2469296417592,1.0412525,0.022982087,1.0203545471535276
1174.2568836836595,1.0106298,0.022987625,1.0202311796433867
1174.2668377255598,1.0590807,0.023950819,1.020107128228906
1174.2767917674598,1.0407028,0.023882123,1.0199827700738866
1174.2867458093601,1.0375088,0.023857845,1.0198582593733727
1174.2966998512604,1.0118833,0.024091575,1.0197332078617851
1174.3066538931607,1.0453318,0.024655418,1.01960608756199
1174.3166079350608,1.016335,0.024414178,1.019474495104438
1174.326561976961,1.0405354,0.024776129,1.0193344138575187
1174.3365160188614,1.0852582,0.025247095,1.0191783194315533
1174.3464700607615,1.0651717,0.024919117,1.018998110731973
1174.3564241026618,1.0536082,0.025143085,1.0187883952911625
1174.366378144562,1.0291766,0.024991691,1.0185442227294488
1174.3763321864624,1.0453061,0.025126534,1.0182579598605728
1174.3862862283625,1.0240225,0.02447189,1.0179354790003958
1174.3962402702628,1.051163,0.024546154,1.0175814718075809
1174.406194312163,0.9989632,0.023790725,1.0171993744541008
1174.4161483540631,0.99732584,0.023979003,1.0167898518567164
1174.4261023959634,1.0350709,0.02428133,1.0163583085867645
1174.4360564378637,1.0121895,0.024011686,1.0159050781572447
1174.446010479764,1.051075,0.02446053,1.015428961457074
1174.455964521664,1.0453415,0.024260914,1.0149319347276486
1174.4659185635644,1.00336,0.0238489,1.0144205956345045
1174.4758726054647,1.0014095,0.02430883,1.0139012763619641
1174.4858266473648,0.9956611,0.024114892,1.0133818928250007
1174.495780689265,1.06136,0.024796752,1.012869880832849
1174.5057347311654,0.9972136,0.024084114,1.01236946379464
1174.5156887730657,1.016639,0.024248203,1.0118831071876238
1174.5256428149657,1.0009544,0.023931982,1.0114138901613021
1174.535596856866,1.0566411,0.024871057,1.010958974036744
1174.5455508987664,1.044457,0.024844615,1.0105176586794966
1174.5555049406664,1.059901,0.02477832,1.010089954413464
1174.5654589825667,1.0282232,0.024156699,1.0096756909164297
1174.575413024467,1.0202194,0.024274444,1.0092728320007882
1174.5853670663673,1.0735558,0.02495732,1.0088808599548258
1174.5953211082674,1.0272126,0.024526354,1.0085005070874382
1174.6052751501677,1.0451311,0.024626253,1.008130887760884
1174.615229192068,1.044625,0.02465803,1.007771232343183
1174.625183233968,0.99704885,0.024116516,1.0074215252985579
1174.6351372758684,0.9664649,0.023538202,1.00708353668319
1174.6450913177687,1.0635047,0.024643825,1.0067559263261936
1174.655045359669,1.0405803,0.024280885,1.006439035577919
1174.664999401569,0.99239475,0.02333865,1.0061341865861406
1174.6749534434693,0.99759173,0.02339896,1.005844110917391
1174.6849074853696,1.030923,0.02357612,1.0055694014769316
1174.69486152727,1.0195668,0.02360163,1.0053126422377925
1174.70481556917,1.0294577,0.023739751,1.0050782885429594
1174.7147696110703,1.0193539,0.023965692,1.0048664348041771
1174.7247236529706,0.9830021,0.023140717,1.0046716446039956
1174.7346776948707,1.0377897,0.023080971,1.004485124574853
1174.744631736771,1.0322604,0.02280566,1.0042893091783351
1174.7545857786713,0.977072,0.02219735,1.0040634996765303
1174.7645398205714,0.9671578,0.022085877,1.0037881992797764
1174.7744938624717,0.999849,0.022446154,1.0034445724828491
1174.784447904372,0.9926897,0.022366256,1.0030112906560755
1174.7944019462723,1.0107882,0.022562724,1.002497408328643
1174.8043559881723,1.0545831,0.023034768,1.001907183728551
1174.8143100300726,1.0121461,0.022575926,1.001244028612763
1174.824264071973,1.0043567,0.0224897,1.000517014393585
1174.8342181138732,1.0380945,0.022852711,0.9997377154589444
1174.8441721557733,0.99451697,0.022379288,0.9989073950283521
1174.8541261976736,0.9959588,0.022391928,0.9980174691404176
1174.864080239574,1.0089039,0.022530863,0.9970698918346382
1174.874034281474,0.9881741,0.022301024,0.9960670477848174
1174.8839883233743,1.0040122,0.022475118,0.9950115872737081
1174.8939423652746,0.97680634,0.022173217,0.9939035056771839
1174.903896407175,0.99571466,0.022380138,0.9927609108515176
1174.913850449075,1.0228184,0.0226758,0.991594152216767
1174.9238044909753,1.0208161,0.02265169,0.990412689876548
1174.9337585328756,0.9707299,0.022099603,0.9892248690283505
1174.9437125747756,0.98717046,0.022279646,0.9880356220230553
1174.953666616676,1.0308924,0.022755628,0.9868455747229259
1174.9636206585762,0.99100685,0.022319151,0.9856524890129685
1174.9735747004765,1.0326028,0.0227726,0.9844527704927015
1174.9835287423766,0.98685914,0.022271166,0.9832427573830116
1174.993482784277,0.9981419,0.022391899,0.982017717860655
1175.0034368261772,1.0155971,0.022581706,0.9807662912923283
1175.0133908680773,1.0014291,0.022426326,0.9794797559722337
1175.0233449099776,0.9565721,0.02192522,0.9781425527833151
1175.033298951878,0.9858917,0.022250606,0.9767269748435725
1175.0432529937782,0.9903975,0.02229824,0.9751764623622378
1175.0532070356783,0.9710972,0.022085588,0.9734456082982538
1175.0631610775786,1.0168465,0.022585263,0.9714741992337983
1175.0731151194789,0.9704545,0.022075424,0.9691841069214687
1175.083069161379,1.0009551,0.022411505,0.9665291828900848
1175.0930232032792,0.9210083,0.0215147,0.9634904570629097
1175.1029772451795,0.9557921,0.02190754,0.9600142065886812
1175.1129312870798,0.9171583,0.021465763,0.9559709413934541
1175.12288532898,0.96000636,0.021949891,0.9513679937890026
1175.1328393708802,0.9685884,0.022043547,0.9462002148066779
1175.1427934127805,0.96186423,0.021968357,0.9404424612399198
1175.1527474546806,0.9522353,0.021859054,0.9339972987161178
1175.162701496581,0.94667846,0.021793557,0.9269513773075053
1175.1726555384812,0.9278462,0.021579642,0.9193064110174245
1175.1826095803815,0.9698744,0.022049414,0.9110393770543297
1175.1925636222816,0.9512617,0.021841371,0.9021686976151555
1175.2025176641819,0.9406121,0.021718962,0.8928074177453319
1175.2124717060822,0.94482744,0.021766018,0.8830168547382442
1175.2224257479822,0.8936729,0.021180287,0.8728292694561961
1175.2323797898825,0.89732873,0.02122186,0.8623474523628201
1175.2423338317828,0.89536875,0.02119552,0.8516576354753387
1175.2522878736831,0.8755577,0.020964475,0.8408256493796096
1175.2622419155832,0.8874098,0.02110234,0.8299200705790863
1175.2721959574835,0.8453321,0.020603228,0.8190394410604505
1175.2821499993838,0.8284548,0.020399943,0.8082656450619417
1175.292104041284,0.8428683,0.020570977,0.7976876577335346
1175.3020580831842,0.8292239,0.020405589,0.7873992821018023
1175.3120121250845,0.83700615,0.020500876,0.777416499367017
1175.3219661669848,0.8296704,0.020407442,0.7677755221022575
1175.3319202088849,0.8132473,0.020210115,0.7585471121380445
1175.3418742507852,0.7692315,0.019664789,0.7497419848802648
1175.3518282926855,0.78979796,0.019921146,0.7413177929563146
1175.3617823345858,0.7964507,0.0200016,0.7332452271507569
1175.3717363764858,0.7658054,0.01962062,0.7255201161737108
1175.3816904183861,0.74956113,0.019413196,0.7180399039043327
1175.3916444602864,0.78141356,0.019812245,0.7107269889038657
1175.4015985021865,0.72844076,0.019143216,0.703514418855488
1175.4115525440868,0.7021241,0.01880119,0.696337485706755
1175.4215065859871,0.68743163,0.018607013,0.6891254916657191
1175.4314606278872,0.70236665,0.01880149,0.6818147521891504
1175.4414146697875,0.6467013,0.018058373,0.6743279587779021
1175.4513687116878,0.6819978,0.018532211,0.6666014123036017
1175.461322753588,0.6099783,0.017550055,0.6586241677876973
1175.4712767954882,0.60719424,0.01751081,0.6503800384942728
1175.4812308373885,0.5706228,0.016989354,0.641828126480204
1175.4911848792888,0.5475325,0.016647512,0.6329896247366705
1175.501138921189,0.5702518,0.016980452,0.62388889364776
1175.5110929630891,0.55089027,0.01669418,0.6145445309676181
1175.5210470049894,0.53556937,0.016467597,0.6049554025610246
1175.5310010468897,0.54458684,0.01660021,0.5952063750875816
1175.5409550887898,0.5064954,0.016025335,0.585350515195683
1175.5509091306901,0.49490932,0.015845338,0.5754473252217764
1175.5608631725904,0.49729607,0.015879974,0.5655733204630542
1175.5708172144907,0.46670976,0.015399131,0.5557978575188155
1175.5807712563908,0.4835406,0.01566578,0.546187408481515
1175.590725298291,0.47864425,0.015586058,0.5368414735337006
1175.6006793401914,0.49950188,0.015908903,0.5278442351906363
1175.6106333820915,0.45396477,0.01518845,0.5192524925062276
1175.6205874239918,0.46533182,0.015369365,0.5111328178282575
1175.630541465892,0.4482701,0.015094245,0.5036137683924735
1175.6404955077924,0.43673772,0.014904816,0.4966608099030394
1175.6504495496924,0.43815982,0.014926332,0.49027508900503247
1175.6604035915927,0.44409177,0.015022445,0.4844820317244766
1175.670357633493,0.4615076,0.015303663,0.47935401361900487
1175.680311675393,0.42455602,0.014696265,0.4747823551568213
1175.6902657172934,0.43637505,0.014892481,0.47073935608886924
1175.7002197591937,0.4189176,0.014599866,0.46722787421214673
1175.710173801094,0.4741577,0.015501004,0.464217064938344
1175.720127842994,0.41941166,0.014605247,0.4616093728478169
1175.7300818848944,0.44015813,0.014949708,0.45935476276710835
1175.7400359267947,0.4211174,0.01463245,0.4574420495400152
1175.7499899686948,0.41260734,0.014489338,0.45580155979834014
1175.759944010595,0.43549454,0.01486996,0.45437010905730835
1175.7698980524954,0.42250216,0.014652384,0.45309788360347825
1175.7798520943957,0.4204262,0.014618286,0.45195433465492063
1175.7898061362957,0.43432492,0.014848799,0.4508894506925153
1175.799760178196,0.42243177,0.014648698,0.4498949007615693
1175.8097142200963,0.44515294,0.015024025,0.44898002579976726
1175.8196682619964,0.4068281,0.014381935,0.4481704960120343
1175.8296223038967,0.40419328,0.014335129,0.44747733535850065
1175.839576345797,0.39518517,0.014177483,0.4469193094004079
1175.8495303876973,0.4169607,0.014550568,0.4465167933509754
1175.8594844295974,0.3826211,0.013958004,0.4462604906727087
1175.8694384714977,0.39789134,0.014224654,0.44613533178808185
1175.879392513398,0.38954332,0.014076037,0.4461384638475284
1175.8893465552983,0.36549184,0.01365084,0.446256311424813
1175.8993005971984,0.39183655,0.0141155785,0.44640032976747046
1175.9092546390987,0.3788671,0.013885901,0.44645796161979606
1175.919208680999,0.3986439,0.014231534,0.44629302903198276
1175.929162722899,0.3539794,0.01343606,0.4457100936343197
1175.9391167647993,0.37160194,0.013754856,0.44464215223073067
1175.9490708066996,0.39701226,0.014201572,0.44300230531402596
1175.9590248485997,0.41400114,0.0144893695,0.4406789465885919
1175.9689788905,0.3890697,0.014059573,0.4376005454671087
1175.9789329324003,0.38149974,0.013926229,0.4338302413703512
1175.9888869743006,0.40280777,0.01429683,0.42938827224902776
1175.9988410162007,0.38300344,0.013952592,0.42425498611775847
1176.008795058101,0.38934636,0.014061961,0.41855193315783806
1176.0187491000013,0.4160994,0.014519079,0.41240114292856883
1176.0287031419016,0.3997301,0.014240299,0.4058920338633705
1176.0386571838017,0.4214765,0.014608009,0.39908177966258995
1176.048611225702,0.3996288,0.0142359035,0.3921091390628954
1176.0585652676023,0.42585334,0.014678255,0.38506822774268656
1176.0685193095023,0.4367593,0.01485886,0.37807590205956376
1176.0784733514026,0.40097082,0.014256119,0.3712993468183221
1176.088427393303,0.41432604,0.014480899,0.3648508178517116
1176.098381435203,0.4047448,0.01431764,0.35882860273305506
1176.1083354771033,0.39130828,0.01408596,0.3533456391447501
1176.1182895190036,0.40765718,0.01436618,0.34844245506337407
1176.128243560904,0.39770973,0.014194345,0.3440882159313702
1176.138197602804,0.41644162,0.014513629,0.340279269811386
1176.1481516447043,0.4001264,0.0142349545,0.33706077903539566
1176.1581056866046,0.3965524,0.0141727505,0.3343332368427828
1176.1680597285049,0.3786621,0.013857114,0.3320231372173435
1176.178013770405,0.37109575,0.013722532,0.3300746063905877
1176.1879678123053,0.3749748,0.013791976,0.3284624494975924
1176.1979218542056,0.3730831,0.013755275,0.3270766854217631
1176.2078758961056,0.3684321,0.013671694,0.3258698522317073
1176.217829938006,0.3520122,0.013375451,0.32479843156779764
1176.2277839799062,0.35845056,0.013490973,0.3237987132787986
1176.2377380218065,0.35292283,0.013388099,0.32279517307591166
1176.2476920637066,0.34244853,0.01319471,0.3217324527193591
1176.257646105607,0.34491074,0.013236841,0.32055524458209733
1176.2676001475072,0.32101208,0.012788007,0.319238859293032
1176.2775541894073,0.32742733,0.012908323,0.3177801023775728
1176.2875082313076,0.31698382,0.012707831,0.31617489499873397
1176.2974622732079,0.33426568,0.0130353775,0.31440086810098017
1176.3074163151082,0.32183433,0.012799201,0.3124837014015585
1176.3173703570083,0.29660577,0.012304977,0.3104420303786032
1176.3273243989086,0.31524158,0.012671634,0.30830764133688493
1176.3372784408089,0.31479305,0.012661119,0.3061362317654506
1176.347232482709,0.30829388,0.012534046,0.30399757393373855
1176.3571865246092,0.31224582,0.012609149,0.30194369931101644
1176.3671405665095,0.3329233,0.013004741,0.300031398127715
1176.3770946084098,0.32854074,0.012919768,0.29831796024814383
1176.38704865031,0.31558523,0.012671379,0.29684291909837746
1176.3970026922102,0.32738602,0.012896263,0.2956603417299596
1176.4069567341105,0.31647927,0.012686646,0.294869445976228
1176.4169107760106,0.3247893,0.012845742,0.2944993501015791
1176.4268648179109,0.32531065,0.012854379,0.2945729527909394
1176.4368188598112,0.33117485,0.0129651725,0.29512667591200803
1176.4467729017115,0.32819623,0.012908686,0.2962957762308138
1176.4567269436116,0.334076,0.013017948,0.2980460871158589
1176.4666809855119,0.35430062,0.013391275,0.30041910459089854
1176.4766350274122,0.3419459,0.013163111,0.303468388172895
1176.4865890693122,0.35719186,0.013442202,0.30724263311689365
1176.4965431112125,0.33591834,0.013048703,0.31161993970784196
1176.5064971531128,0.36399153,0.013561551,0.31654784861437935
1176.5164511950131,0.34324276,0.013182318,0.3220036528055191
1176.5264052369132,0.35646477,0.01342383,0.32789353063661053
1176.5363592788135,0.37470478,0.0137499245,0.3340928041789079
1176.5463133207138,0.36632237,0.013598911,0.34050924651244185
1176.556267362614,0.37514287,0.01375662,0.3470521772859487
1176.5662214045142,0.37015626,0.013667371,0.3536058200048421
1176.5761754464145,0.35481453,0.013389352,0.36008266989052395
1176.5861294883148,0.39813644,0.014153999,0.36639984332193903
1176.5960835302149,0.39870712,0.014163135,0.37244150657526265
1176.6060375721152,0.36806723,0.013626313,0.37818460809649423
1176.6159916140155,0.394576,0.014091134,0.38359264582560476
1176.6259456559155,0.41138765,0.0143760685,0.3886227549068737
1176.6358996978158,0.419733,0.014513583,0.39325399260805205
1176.6458537397161,0.42154795,0.014546348,0.3975512076352762
1176.6558077816164,0.42113233,0.014537054,0.4015579908543566
1176.6657618235165,0.43634063,0.0147881415,0.40532130425658974
1176.6757158654168,0.42449707,0.014590645,0.40894427336453365
1176.685669907317,0.42143396,0.014539232,0.41252437157869265
1176.6956239492174,0.43814823,0.014813656,0.4161371127336593
1176.7055779911175,0.4356543,0.014771303,0.4198619038722374
1176.7155320330178,0.42869708,0.014655678,0.423721574805552
1176.725486074918,0.45666382,0.015110094,0.4277175733914176
1176.7354401168182,0.4974585,0.01575051,0.431833096723339
1176.7453941587185,0.45332888,0.015055226,0.4360273545846251
1176.7553482006188,0.47423515,0.015386408,0.4402319189610587
1176.765302242519,0.4580575,0.015275157,0.4444070905463193
1176.7752562844191,0.49266112,0.016138643,0.4485229977781682
1176.7852103263194,0.48409182,0.016189985,0.45254870843837486
1176.7951643682197,0.50526613,0.016512219,0.4564637600693767
1176.8051184101198,0.5209378,0.016981827,0.4602522687834132
1176.81507245202,0.48866332,0.016853563,0.46390358921882413
1176.8250264939204,0.4988775,0.016977528,0.4674501593173691
1176.8349805358207,0.50479996,0.01712623,0.47092924105013445
1176.8449345777208,0.51743805,0.017185727,0.4743741305360702
1176.854888619621,0.50897324,0.01709183,0.47783225266155666
1176.8648426615214,0.5095698,0.017341519,0.48136816523115666
1176.8747967034215,0.5213129,0.017628437,0.4850614086889691
1176.8847507453218,0.526689,0.017717427,0.48901542714911633
1176.894704787222,0.5164045,0.017273732,0.4933700313417655
1176.9046588291224,0.52412015,0.01718204,0.4981655796158071
1176.9146128710224,0.487394,0.016536897,0.5034607088764871
1176.9245669129227,0.5082008,0.016887518,0.5093327869532469
1176.934520954823,0.51962876,0.017033651,0.5157856234092584
1176.944474996723,0.50601,0.016750554,0.5227473118114572
1176.9544290386234,0.51842463,0.017065626,0.5301759165923996
1176.9643830805237,0.48959383,0.01649441,0.5380540631312294
1176.974337122424,0.5102012,0.016777981,0.5462599469089464
1176.984291164324,0.4834578,0.016672252,0.5547033668916008
1176.9942452062244,0.5318095,0.017519416,0.563319493784679
1177.0041992481247,0.49008715,0.016638683,0.572056346905444
1177.0141532900248,0.48949572,0.016744785,0.5808263577432834
1177.024107331925,0.54135865,0.017510528,0.5895684727173609
1177.0340613738254,0.5420033,0.017450329,0.5982161409150178
1177.0440154157257,0.5401192,0.017505055,0.6066935620487865
1177.0539694576257,0.554857,0.017904347,0.6149689326400612
1177.063923499526,0.5538944,0.017863622,0.6230066811851808
1177.0738775414263,0.5458751,0.017467914,0.6307545477439794
1177.0838315833266,0.56592536,0.017752225,0.6381980727485785
1177.0937856252267,0.6122401,0.018768653,0.645352786848255
1177.103739667127,0.55882365,0.017825514,0.6522202131738134
1177.1136937090273,0.5738365,0.018011348,0.6587759731204812
1177.1236477509274,0.624387,0.018670235,0.6650859886834679
1177.1336017928277,0.59556085,0.018380886,0.6712156167728076
1177.143555834728,0.6169999,0.018639915,0.6772356069710262
1177.153509876628,0.62362504,0.018599153,0.6832227065042731
1177.1634639185284,0.6188139,0.018489229,0.6892438279073025
1177.1734179604287,0.6853983,0.01916714,0.6953394171272256
1177.183372002329,0.67345524,0.018923642,0.7015568322918466
1177.193326044229,0.7290341,0.019635415,0.7079450627282985
1177.2032800861293,0.7100152,0.019312426,0.7145076537663753
1177.2132341280296,0.78451663,0.020445194,0.721250285826244
1177.22318816993,0.7362501,0.019987738,0.728194709001158
1177.23314221183,0.7832245,0.02048389,0.73534752263824
1177.2430962537303,0.8170457,0.020273916,0.7427191777332743
1177.2530502956306,0.7871373,0.019622605,0.750344105290528
1177.2630043375307,0.8014674,0.019795675,0.7583162984229
1177.272958379431,0.83918804,0.020243166,0.7666518013909926
1177.2829124213313,0.8181918,0.019992152,0.7753761761662374
1177.2928664632313,0.81259215,0.019923344,0.7845029754918627
1177.3028205051316,0.8974198,0.02091377,0.7940551780941589
1177.312774547032,0.8726749,0.020628817,0.803936454027996
1177.3227285889323,0.9165451,0.02112709,0.814108088747166
1177.3326826308323,0.89505726,0.020880848,0.8245299602379189
1177.3426366727326,0.91378874,0.021092985,0.8351221341255703
1177.352590714633,0.8747931,0.020646207,0.845774660702163
1177.3625447565332,0.92521673,0.021218639,0.8564067883226163
1177.3724987984333,0.88637877,0.020775769,0.8669285657646802
1177.3824528403336,0.9186592,0.021141568,0.8772639954440804
1177.392406882234,0.9163404,0.02111479,0.8873521443370683
1177.402360924134,0.95477426,0.0215405,0.8971248843018895
1177.4123149660343,0.9512793,0.021501014,0.9064477607249385
1177.4222690079346,0.9535351,0.021525243,0.9153043081465888
1177.4322230498349,0.9237167,0.021192001,0.923652018594565
1177.442177091735,0.9333749,0.02129725,0.9314372549190667
1177.4521311336352,0.9419156,0.021392768,0.9385604009121626
1177.4620851755355,0.9731585,0.021733982,0.9450944796773548
1177.4720392174356,0.97394264,0.021741992,0.9510397047721684
1177.481993259336,0.94074357,0.021376187,0.9563630811752354
1177.4919473012362,0.91329867,0.021067308,0.961060812371322
1177.5019013431365,0.94004244,0.021363843,0.965213067641125
1177.5118553850366,0.9876603,0.021884268,0.9688505481625131
1177.521809426937,0.975832,0.021755775,0.9719666683877879
1177.5317634688372,0.99826455,0.021997191,0.9746459834088461
1177.5417175107373,0.92942303,0.02123963,0.9769602943562472
1177.5516715526376,0.9475624,0.021441545,0.9789475154882319
1177.5616255945379,0.9520559,0.021490246,0.9806141308158657
1177.5715796364382,0.93640834,0.021313163,0.9820691197461813
1177.5815336783382,0.9798377,0.021790871,0.9833758839340401
1177.5914877202385,0.94157976,0.021368366,0.9845752854288308
1177.6014417621388,0.986527,0.021859586,0.9856871363106894
1177.611395804039,0.91450256,0.021062607,0.9867374066371482
1177.6213498459392,0.95751244,0.02154095,0.987734831266196
1177.6313038878395,0.9896793,0.021889016,0.9886834564530087
1177.6412579297398,0.9574623,0.021536678,0.9895889073783377
1177.65121197164,0.92708415,0.0211985,0.9904595309227804
1177.6611660135402,0.9443847,0.021389939,0.991298004547391
1177.6711200554405,0.98190075,0.021799533,0.992101815532497
1177.6810740973406,0.9330568,0.021261668,0.9928721614131321
1177.6910281392409,0.9383579,0.02131837,0.9936082358097353
1177.7009821811412,0.9711706,0.021678692,0.9943060260368903
1177.7109362230415,0.9882154,0.021862358,0.9949528453883545
1177.7208902649415,0.9963903,0.021949729,0.9955501077687006
1177.7308443068418,0.9759079,0.021726036,0.9960950651063945
1177.7407983487421,1.0053325,0.02204335,0.9965849492339034
1177.7507523906424,0.978647,0.02175318,0.9970166075229507
1177.7607064325425,0.95738906,0.021520685,0.9974028753840243
1177.7706604744428,0.97729856,0.021736477,0.9977513980443318
1177.7806145163431,0.9810661,0.02177548,0.998069479687544
1177.7905685582432,0.97271883,0.021683436,0.9983670909042811
1177.8005226001435,0.96287405,0.021574264,0.9986536744788828
1177.8104766420438,0.9598555,0.02153816,0.9989340078354564
1177.8204306839439,0.98354256,0.021836417,0.9992109252520647
1177.8303847258442,0.9902952,0.02235729,0.9994866524720343
1177.8403387677445,1.018895,0.023201684,0.9997626094803439
1177.8502928096448,1.0085003,0.02280112,1.0000401888953596
1177.8602468515448,1.0006291,0.023214186,1.000321143723136
1177.8702008934451,1.0585523,0.024005884,1.0006051262734927
1177.8801549353454,1.0295348,0.023666767,1.000890413828374
1177.8901089772457,1.0190485,0.02402196,1.0011733477258957
1177.9000630191458,1.0524669,0.025024103,1.0014483117474193
1177.9100170610461,1.0202528,0.02423007,1.001713244211829
1177.9199711029464,1.0262612,0.024414197,1.0019696301203338
1177.9299251448465,1.0237483,0.025089057,1.0022265112615956
1177.9398791867468,1.0342557,0.025323516,1.0025036483995557
1177.949833228647,1.0204113,0.024529116,1.0028223320359748
1177.9597872705474,1.0687666,0.025123002,1.0032034505666434
1177.9697413124475,1.0324914,0.024981435,1.0036720111760702
1177.9796953543478,1.0182201,0.02434443,1.0042242534138008
1177.989649396248,1.056435,0.02516005,1.0048412718266342
1177.9996034381481,1.0507748,0.025289206,1.005495967734803
1178.0095574800484,1.014244,0.024646467,1.0061476706761718
1178.0195115219487,1.0085706,0.024111848,1.0067548969712186
1178.029465563849,1.0496368,0.024759768,1.007287691000017
1178.0394196057491,0.99964756,0.024423094,1.0077218899569123
1178.0493736476494,1.0486003,0.025362508,1.0080359162280192
1178.0593276895497,1.000582,0.024340902,1.0082440368346062
1178.0692817314498,1.0125118,0.024238592,1.0083498428559121
1178.07923577335,1.0366366,0.02469182,1.0083480790186963
1178.0891898152504,1.0071536,0.024199385,1.008234298436406
1178.0991438571507,1.0258958,0.024297936,1.0080119784276234
1178.1090978990508,1.0483482,0.024872387,1.007675841372306
1178.119051940951,1.0339183,0.024466122,1.0072116815254082
1178.1290059828514,1.0460088,0.024593057,1.0066366275740606
1178.1389600247514,1.0207273,0.024812061,1.0059744658902854
1178.1489140666517,1.0310721,0.025207836,1.0052496806575337
1178.158868108552,1.0374367,0.024994329,1.004488149915823
1178.1688221504523,1.0307516,0.025292082,1.0037238227697265
1178.1787761923524,1.016633,0.025312942,1.0029762941712361
1178.1887302342527,1.011107,0.02476907,1.002258518944639
1178.198684276153,1.000052,0.024503686,1.0015787325500558
1178.208638318053,1.0137625,0.024386637,1.000931236221906
1178.2185923599534,0.9250456,0.023039013,1.0003129822687515
1178.2285464018537,0.96243346,0.023286575,0.9997221279135045
1178.238500443754,0.9835795,0.023862083,0.9991550806972428
1178.248454485654,0.9752166,0.023248414,0.998606680359138
1178.2584085275544,1.0342544,0.023972698,0.9980752713277727
1178.2683625694547,1.0058014,0.02341778,0.9975632616090315
1178.2783166113547,0.9699829,0.021931771,0.9970731482323367
1178.288270653255,0.9817424,0.021711562,0.9966098949079409
1178.2982246951553,0.9691892,0.021573827,0.9961811832635109
1178.3081787370556,0.9935976,0.021836266,0.995803451808098
1178.3181327789557,0.95981586,0.021468055,0.9954781606384159
1178.328086820856,0.992338,0.021819413,0.9952084409365867
1178.3380408627563,0.9923635,0.021818621,0.994996080242263
1178.3479949046564,0.99320126,0.021824718,0.9948432866632007
1178.3579489465567,1.0175291,0.022084031,0.9947361493457343
1178.367902988457,1.0079155,0.021980876,0.9946679010611598
1178.3778570303573,1.036752,0.022285003,0.9946340233028587
1178.3878110722574,0.9860488,0.0217435,0.9946289502816961
1178.3977651141577,1.0094475,0.021992045,0.9946459020356003
1178.407719156058,0.98089474,0.021684567,0.9946826389144895
1178.4176731979583,1.0303389,0.02221164,0.9947402865995276
1178.4276272398583,1.0231391,0.02213419,0.9948177853223138
1178.4375812817586,0.9955457,0.02183883,0.9949144515777395
1178.447535323659,0.99103045,0.021789318,0.9950307361893225
1178.457489365559,1.0713317,0.022635339,0.9951701627956255
1178.4674434074593,1.0527228,0.022440076,0.9953301797832133
1178.4773974493596,1.0091255,0.021977415,0.9955103636763459
1178.4873514912597,0.9862409,0.021730851,0.995710426429615
1178.49730553316,1.0110993,0.02199568,0.9959298014346061
1178.5072595750603,1.0265005,0.022157313,0.9961612636255852
1178.5172136169606,0.97384727,0.021592077,0.9963989235846248
1178.5271676588607,1.0352151,0.022246905,0.9966352803041347
1178.537121700761,0.9597011,0.021435605,0.9968617876741656
1178.5470757426613,1.0045848,0.021920376,0.99707372644781
1178.5570297845616,0.99655354,0.021831425,0.9972689509468742
1178.5669838264616,1.0087355,0.021960625,0.9974481866974898
1178.576937868362,0.97791624,0.021628745,0.9976198315647753
1178.5868919102622,0.9940895,0.021801332,0.9977947279588382
1178.5968459521623,0.9617996,0.021449747,0.9979838266205128
1178.6067999940626,0.9932722,0.021789944,0.9982021960155464
1178.616754035963,0.9592115,0.021419222,0.9984548655039925
1178.6267080778632,0.99017656,0.021754406,0.9987445987974148
1178.6366621197633,1.0261927,0.02213717,0.9990721538359066
1178.6466161616636,0.9638342,0.021465864,0.9994391939225618
1178.656570203564,0.9979963,0.021832293,0.999836043476751
1178.666524245464,0.95221394,0.021335892,1.0002588364724483
1178.6764782873643,0.99003893,0.021745618,1.0007056743692468
1178.6864323292646,0.9669808,0.021495914,1.0011751443985561
1178.6963863711649,1.0384711,0.022257779,1.0016632283463065
1178.706340413065,0.98083156,0.021642288,1.002168239829478
1178.7162944549652,0.9878197,0.021715138,1.0026891572603218
1178.7262484968655,1.0053979,0.021902997,1.0032222973675946
1178.7362025387656,1.0211532,0.022069518,1.0037642931630075
1178.746156580666,1.0322456,0.02218433,1.004313998185482
1178.7561106225662,1.0224272,0.022080403,1.0048735622426574
1178.7660646644665,1.0060126,0.021904223,1.005445188117573
1178.7760187063666,1.0312744,0.022170901,1.0060321159650407
1178.7859727482669,1.0196726,0.022046572,1.006637348629409
1178.7959267901672,1.0541227,0.022406217,1.0072649369343822
1178.8058808320673,1.0296471,0.022148922,1.007910772255865
1178.8158348739676,1.0279514,0.022129267,1.008573390491985
1178.8257889158679,1.0538018,0.022398785,1.0092531299766256
1178.8357429577682,1.0440176,0.022295829,1.009952961672867
1178.8456969996682,1.0900065,0.022769695,1.010675223940941
1178.8556510415685,0.9998604,0.021825828,1.011426021685803
1178.8656050834688,1.0440373,0.022291431,1.0122139650011994
1178.875559125369,1.0579624,0.022435384,1.0130381997266347
1178.8855131672692,1.0295212,0.022137135,1.013886043705687
1178.8954672091695,1.0361925,0.022205207,1.0147386373926388
1178.9054212510698,1.0551896,0.022401838,1.0155635590629066
1178.9153752929699,1.0809815,0.022667037,1.016329790536253
1178.9253293348702,1.0099614,0.02192419,1.0170131466456982
1178.9352833767705,1.0283117,0.022116877,1.0175958495162627
1178.9452374186708,1.0651091,0.02249987,1.0180531155384152
1178.9551914605709,1.0239228,0.022068648,1.0184103213496525
1178.9651455024712,1.025213,0.02208052,1.0186824591213872
1178.9750995443715,1.027453,0.02210246,1.0188870474955878
1178.9850535862715,1.0297264,0.022124225,1.0190427269444027
1178.9950076281718,1.018041,0.021999827,1.0191722376818646
1179.0049616700721,1.0361692,0.02218937,1.0192860237620667
1179.0149157119722,1.0092555,0.021903861,1.019390708314456
1179.0248697538725,1.0151746,0.021965943,1.0194914263861423
1179.0348237957728,1.0315937,0.022137446,1.0195912983179187
1179.044777837673,1.0696254,0.022532085,1.0196917431050034
1179.0547318795732,1.0548327,0.022377027,1.0197934514672364
1179.0646859214735,1.0640926,0.022472184,1.0198959875554576
1179.0746399633738,1.0516785,0.02234252,1.019998310649809
1179.084594005274,0.9946647,0.021739336,1.0200989364607285
1179.0945480471742,1.0067782,0.021868363,1.0201944915501269
1179.1045020890745,1.0555835,0.022378463,1.0202810222132659
1179.1144561309748,1.0645448,0.022470636,1.0203515174861846
1179.1244101728748,1.0138412,0.021938361,1.0203937230545597
1179.1343642147751,1.05226,0.022340812,1.0203834527884865
1179.1443182566754,1.0002179,0.021791695,1.0203035798735294
1179.1542722985755,0.992386,0.021705655,1.0201309823754865
1179.1642263404758,1.0236552,0.02203672,1.0198353711162627
1179.174180382376,0.9754784,0.02152186,1.0193964015000523
1179.1841344242764,1.0004363,0.021788089,1.018825123059508
1179.1940884661765,1.0358621,0.022161571,1.018132716645403
1179.2040425080768,1.011001,0.021897677,1.0173331018118885
1179.213996549977,0.9936081,0.021711158,1.0164646963931923
1179.2239505918774,0.9767588,0.021528749,1.015562764359381
1179.2339046337775,1.0090533,0.021873683,1.0146533198890808
1179.2438586756778,0.9445678,0.021176249,1.0137618689459909
1179.253812717578,1.0143951,0.021928633,1.0129036221010328
1179.2637667594781,1.0328552,0.02212053,1.0120873540398803
1179.2737208013784,1.0043584,0.021819279,1.0113187766305034
1179.2836748432787,1.0058163,0.02183362,1.0106054831824673
1179.293628885179,1.016593,0.021945823,1.0099379001896511
1179.303582927079,0.9750077,0.021500614,1.0093132246712089
1179.3135369689794,0.9757392,0.021507043,1.0087309502772515
1179.3234910108797,0.9951994,0.021715118,1.0081903734714994
1179.3334450527798,0.96851045,0.021425704,1.0076839624398835
1179.34339909468,1.0077102,0.02184643,1.0072076785395179
1179.3533531365804,0.997438,0.021734918,1.0067578359320106
1179.3633071784807,1.017671,0.02194863,1.0063255083784455
1179.3732612203808,1.0005611,0.021766543,1.0059007672629232
1179.383215262281,1.0089039,0.02185361,1.0054751952953147
1179.3931693041814,0.96924233,0.021426542,1.0050390732658938
1179.4031233460814,0.9505102,0.02122192,1.0045871446584558
1179.4130773879817,0.9983477,0.02173762,1.004117810379341
1179.423031429882,0.9670229,0.021399695,1.0036321056862343
1179.4329854717823,0.9578711,0.021299412,1.0031320053463935
1179.4429395136824,0.9881124,0.021623984,1.0026249928244644
1179.4528935555827,0.98564804,0.021596722,1.0021162051794774
1179.462847597483,0.95431036,0.021256177,1.0016111837191715
1179.472801639383,0.9734641,0.021462623,1.0011172457793789
1179.4827556812834,0.92913574,0.020978129,1.0006400016561994
1179.4927097231837,0.96330166,0.021350697,1.0001863104983941
1179.502663765084,0.990829,0.021645648,0.9997661627688976
1179.512617806984,0.9884473,0.021618683,0.9993867403296026
1179.5225718488844,0.9230577,0.020905754,0.9990476393244982
1179.5325258907847,0.9313715,0.020996697,0.9987480130705431
1179.5424799326847,0.945672,0.021151882,0.9984871879745932
1179.552433974585,0.99494,0.021684054,0.9982550475943391
1179.5623880164853,0.9303913,0.020983078,0.9980429549724052
1179.5723420583856,0.9458737,0.021151658,0.9978453407408427
1179.5822961002857,0.9128744,0.020786341,0.9976601507679657
1179.592250142186,0.9284542,0.02095696,0.9974847933489819
1179.6022041840863,0.953536,0.021231277,0.9973201361945687
1179.6121582259866,0.95737004,0.021271782,0.9971689020630412
1179.6221122678867,0.9600465,0.021299852,0.9970369823417491
1179.632066309787,0.9310763,0.020981142,0.9969257033032901
1179.6420203516873,0.9468911,0.021153858,0.9968377338840015
1179.6519743935874,0.9687932,0.02139119,0.9967765102069381
1179.6619284354877,0.9834982,0.021547893,0.9967436097641866
1179.671882477388,0.96013963,0.02129451,0.9967346693081311
1179.681836519288,0.91574526,0.020805923,0.996746291163505
1179.6917905611883,0.96163166,0.021308513,0.9967749442707308
1179.7017446030886,0.98161453,0.021523254,0.9968143651212069
1179.711698644989,0.9548789,0.02123284,0.9968601518733422
1179.721652686889,0.961952,0.021307323,0.996911394931807
1179.7316067287893,0.9721871,0.02141787,0.9969716536510029
1179.7415607706896,0.9873288,0.021579359,0.9970457821859544
1179.75151481259,0.98168916,0.0215172,0.9971403551568282
1179.76146885449,0.9980056,0.021690847,0.9972628289542724
1179.7714228963903,0.9714897,0.021404939,0.9974263610984022
1179.7813769382906,0.9948959,0.02165525,0.9976310313330643
1179.7913309801907,0.9817547,0.02151377,0.9978798417826191
1179.801285022091,0.98201,0.021515261,0.9981759104679606
1179.8112390639913,0.9989968,0.021695292,0.998522656905575
1179.8211931058916,1.041989,0.022145974,0.9989137756587381
1179.8311471477916,0.989541,0.021591023,0.9993489796176651
1179.841101189692,0.99435663,0.02164145,0.9998322413620133
1179.8510552315922,1.0478318,0.022202112,1.0003649776563153
1179.8610092734923,1.019478,0.021905161,1.0009452022461525
1179.8709633153926,0.99600905,0.021655545,1.0015758273240645
1179.880917357293,0.9934896,0.021627134,1.0022680465916491
1179.8908713991932,0.96258783,0.02129457,1.003023903564207
1179.9008254410933,0.97611547,0.021437995,1.0038461022778467
1179.9107794829936,0.97075945,0.021380017,1.004739292554607
1179.9207335248939,0.9817052,0.021496106,1.0057171397755829
1179.930687566794,1.0051408,0.021745753,1.006764487067665
1179.9406416086942,1.0246955,0.021949993,1.007868353622026
1179.9505956505946,0.9142083,0.020756789,1.0090082235057023
1179.9605496924949,1.0014638,0.021702487,1.0101504278636848
1179.970503734395,0.9763638,0.021433223,1.011256167970917
1179.9804577762952,1.0042692,0.021729872,1.012291653307848
1179.9904118181955,0.98842126,0.021658393,1.0132216007520352
1180.0003658600956,1.0134277,0.022536539,1.0140217300283425
1180.010319901996,1.0024786,0.022828309,1.0147002751453742
1180.0202739438962,0.96650225,0.021970483,1.0152626979843458
1180.0302279857965,0.98142654,0.022961203,1.0157107790085647
1180.0401820276966,1.0370812,0.02333262,1.016063327395808
1180.0501360695969,0.9860342,0.022930862,1.016340520289759
1180.0600901114972,1.0031389,0.023525896,1.0165533489101033
1180.0700441533972,0.99824095,0.024018489,1.0167034622834408
1180.0799981952975,1.0274991,0.023904026,1.0168034328795135
1180.0899522371978,1.0102137,0.024117555,1.0168588689453766
1180.0999062790981,1.05608,0.02520166,1.0168728856264482
1180.1098603209982,1.0298746,0.024817104,1.0168442690067037
1180.1198143628985,1.0098889,0.02395938,1.0167856924719412
1180.1297684047988,0.9797538,0.023741707,1.0167044005015187
1180.139722446699,0.98781174,0.02420944,1.0166087545605262
1180.1496764885992,1.0014513,0.023858016,1.016509480146563
1180.1596305304995,1.0214612,0.024453266,1.0164174457023036
1180.1695845723998,1.0261053,0.024779722,1.0163405587408938
1180.1795386142999,1.0089303,0.024224559,1.01628576076183
1180.1894926562002,0.99848986,0.023599446,1.0162542948544577
1180.1994466981005,1.0051148,0.023978863,1.0162401573124162
1180.2094007400005,0.9807586,0.024040978,1.016236558895064
1180.2193547819008,1.0194618,0.024734803,1.0162350294396534
1180.2293088238011,1.0422015,0.024183566,1.016227152880595
1180.2392628657014,0.98272866,0.02355323,1.0162079691106505
1180.2492169076015,1.0601264,0.02480234,1.0161745542798584
1180.2591709495018,1.0335906,0.024274265,1.0161229318915246
1180.2691249914021,1.0182723,0.023973016,1.016054614997159
1180.2790790333024,1.0339394,0.024610952,1.0159700146295365
1180.2890330752025,0.99897593,0.023666525,1.015869683969912
1180.2989871171028,0.99290705,0.023730982,1.015754096641974
1180.308941159003,1.0487764,0.024848381,1.0156288700249045
1180.3188952009032,1.0425674,0.024822194,1.0154977179713698
1180.3288492428035,1.0389818,0.024523374,1.0153642435836632
1180.3388032847038,1.0340552,0.024958873,1.0152315989601808
1180.3487573266038,1.0371674,0.025116907,1.0151013866214793
1180.3587113685041,1.0477259,0.024843553,1.0149746741810457
1180.3686654104044,1.0558699,0.024895517,1.0148537624891851
1180.3786194523047,1.0635384,0.024396144,1.0147421984130118
1180.3885734942048,1.0079366,0.023591284,1.0146437967359507
1180.3985275361051,1.0324342,0.023774024,1.0145632562257458
1180.4084815780054,1.0605255,0.024476025,1.0145083769627543
1180.4184356199057,1.0310631,0.023461042,1.014481097811791
1180.4283896618058,1.0513304,0.023825875,1.0144819876389934
1180.438343703706,1.0416789,0.02328712,1.01451128975566
1180.4482977456064,1.0076565,0.021760354,1.0145724076406357
1180.4582517875065,0.98810565,0.021501757,1.014658970320209
1180.4682058294068,0.98272866,0.021442445,1.0147683355567192
1180.478159871307,1.0107208,0.021738939,1.0148980889257828
1180.4881139132074,0.9934147,0.021554954,1.0150469046179356
1180.4980679551074,1.0428171,0.022072073,1.0152106151376865
1180.5080219970077,1.0521541,0.02216724,1.0153899955268415
1180.517976038908,1.0510888,0.022154976,1.0155910913086268
1180.5279300808081,1.0307146,0.021942759,1.015824678158531
1180.5378841227084,1.0269017,0.021901958,1.016097973926589
1180.5478381646087,1.0733414,0.022380533,1.0164195595561984
1180.557792206509,1.026401,0.02189391,1.0168001717373567
1180.567746248409,1.007161,0.021690844,1.0172378203533228
1180.5777002903094,1.084728,0.022492617,1.0177237026789154
1180.5876543322097,1.0867469,0.022511879,1.0182504767168252
1180.5976083741098,1.017455,0.021795437,1.0188147282908406
1180.60756241601,1.0099655,0.02171541,1.0194086159818314
1180.6175164579104,0.9878652,0.021479614,1.0200316906450553
1180.6274704998107,1.0270784,0.02189232,1.0206873845073163
1180.6374245417107,1.0046115,0.021655463,1.021385172190562
1180.647378583611,0.9841868,0.02143626,1.0221178421773294
1180.6573326255113,1.0041565,0.02164791,1.0228788919603895
1180.6672866674114,0.99574953,0.021557743,1.0236571310669464
1180.6772407093117,1.0116196,0.021723807,1.0244365024128173
1180.687194751212,1.0129001,0.021736251,1.0252032161152171
1180.6971487931123,1.0400792,0.022019166,1.0259494916574992
1180.7071028350124,1.0194557,0.021802818,1.0266706818824334
1180.7170568769127,1.0460621,0.022078702,1.027368418868089
1180.727010918813,0.9951668,0.021544948,1.0280499330652444
1180.736964960713,0.99067265,0.021496814,1.0287207548875303
1180.7469190026134,1.0331345,0.021941643,1.0293856362734242
1180.7568730445137,1.035324,0.02196361,1.0300491714583653
1180.766827086414,1.0442033,0.02205364,1.0307141328807983
1180.776781128314,1.0130593,0.021727622,1.0313822842588793
1180.7867351702143,1.0109318,0.021704316,1.0320558278959888
1180.7966892121146,1.0254078,0.02185497,1.0327355323968144
1180.806643254015,1.0413908,0.022019897,1.0334221515336806
1180.816597295915,1.0239682,0.021837648,1.0341162432843052
1180.8265513378153,1.0087161,0.021676717,1.034818520359209
1180.8365053797156,1.0137568,0.021728652,1.0355256937752806
1180.8464594216157,1.024508,0.021839853,1.036233506388969
1180.856413463516,1.0240078,0.02183312,1.0369341223217048
1180.8663675054163,1.0303503,0.021897992,1.0376133741617677
1180.8763215473164,1.006409,0.021646673,1.0382593166812253
1180.8862755892167,0.9733283,0.02129412,1.0388591139653078
1180.896229631117,1.0092715,0.021674143,1.039396939256395
1180.9061836730173,1.009307,0.021673447,1.0398644126149414
1180.9161377149173,0.9937691,0.02150821,1.040266046096499
1180.9260917568176,1.0095034,0.021673253,1.0406042187762188
1180.936045798718,1.0338691,0.021925993,1.0408777248308558
1180.9459998406182,1.0093446,0.021668462,1.041096629900954
1180.9559538825183,0.98247486,0.021384154,1.0412693198003726
1180.9659079244186,1.0207626,0.021786552,1.0413994933418858
1180.975861966319,1.0115246,0.02168796,1.0414828920158237
1180.985816008219,1.03275,0.021909023,1.0415240435121853
1180.9957700501193,0.9854943,0.021410426,1.0415207340912362
1181.0057240920196,1.0170869,0.021743048,1.0414670468500316
1181.0156781339197,1.0029161,0.02159358,1.041348166725994
1181.02563217582,1.0047976,0.021611962,1.0411682225357848
1181.0355862177203,1.0408232,0.021986516,1.0409259151567414
1181.0455402596206,1.0074493,0.021637406,1.040620898270518
1181.0554943015206,0.9870392,0.021420673,1.0402552780196948
1181.065448343421,1.0329571,0.021901492,1.0398439984151495
1181.0754023853212,1.0033731,0.021591043,1.0393960099887434
1181.0853564272215,0.9924778,0.02147511,1.0389203557393312
1181.0953104691216,1.0452421,0.022025371,1.0384306930592295
1181.105264511022,1.0068537,0.021624897,1.0379399637375615
1181.1152185529222,0.95577824,0.021079024,1.0374561352912903
1181.1251725948223,0.99322724,0.021478297,1.0369830565857088
1181.1351266367226,1.0420651,0.02198826,1.036514589126459
1181.145080678623,0.9714186,0.021243935,1.036038503284565
1181.1550347205232,0.9827064,0.02136361,1.0355397171011103
1181.1649887624233,0.9935588,0.021477455,1.0349951876869024
1181.1749428043236,1.0177206,0.021730676,1.034397690649089
1181.1848968462239,1.0659183,0.022227805,1.0337448693628124
1181.194850888124,1.0486392,0.022049515,1.0330396527427452
1181.2048049300242,0.9947207,0.0214854,1.0322867488545713
1181.2147589719245,1.0243726,0.021795595,1.031506913325848
1181.2247130138248,0.9850924,0.021381063,1.0307130572904204
1181.234667055725,1.0035453,0.021575151,1.0299164428671908
1181.2446210976252,0.9862243,0.021391407,1.0291259153597454
1181.2545751395255,0.9898525,0.02142814,1.0283439513045276
1181.2645291814256,0.9902266,0.021431254,1.027569320906113
1181.274483223326,0.9975819,0.02150769,1.02679750038518
1181.2844372652262,1.0096505,0.021634042,1.0260209695596338
1181.2943913071265,1.0058985,0.021593617,1.02523365907901
1181.3043453490266,1.0085342,0.021620663,1.024431752657859
1181.3142993909269,0.9936762,0.021462366,1.0236142877522185
1181.3242534328272,1.0312004,0.02185444,1.0227901103635038
1181.3342074747272,1.0209625,0.021747228,1.0219725365150432
1181.3441615166275,1.0344093,0.021885898,1.0211773410651137
1181.3541155585278,1.039939,0.021941679,1.02042882946387
1181.3640696004281,1.0155689,0.02168675,1.019736249632785
1181.3740236423282,1.0247157,0.021781538,1.0191052851934563
1181.3839776842285,1.013448,0.021662837,1.0185371473903013
1181.3939317261288,0.994658,0.021463996,1.0180346633701054
1181.4038857680289,1.0751812,0.022297496,1.0175820583030908
1181.4138398099292,0.9938447,0.021452913,1.0171760456873487
1181.4237938518295,1.0408891,0.021943443,1.016820393353721
1181.4337478937298,1.0204805,0.021730367,1.0165264821319258
1181.4437019356299,0.9759321,0.02125978,1.016296121501267
1181.4536559775302,1.0196846,0.021720743,1.0161353025512714
1181.4636100194305,1.0159045,0.021679692,1.0160510390527593
1181.4735640613308,1.0546403,0.022080092,1.0160379657398955
1181.4835181032308,0.985591,0.021358037,1.0160799963308005
1181.4934721451311,1.014138,0.021657996,1.0161669590694813
1181.5034261870314,1.0611614,0.022143105,1.0162946484454207
1181.5133802289315,1.0431651,0.021957524,1.016457376270425
1181.5233342708318,1.0424732,0.021948675,1.016654891528892
1181.533288312732,1.0563021,0.022089789,1.0168915199759678
1181.5432423546322,1.0711107,0.0222401,1.0171789010630947
1181.5531963965325,1.0226178,0.02173993,1.0175140079917313
1181.5631504384328,1.0807925,0.022335576,1.0178939378154321
1181.573104480333,1.0493809,0.022014681,1.0183136069621856
1181.5830585222332,1.0298638,0.021811793,1.0187686551722712
1181.5930125641335,0.9983552,0.02148113,1.0192445551351605
1181.6029666060338,1.0400966,0.021915514,1.0197340814652207
1181.612920647934,1.0421041,0.021935128,1.0202324620524827
1181.6228746898341,1.0680033,0.02219897,1.0207376123461336
1181.6328287317344,1.0515666,0.022029672,1.021248827902558
1181.6427827736347,1.0556703,0.022070473,1.0217670450518668
1181.6527368155348,1.0300621,0.021806275,1.0222930053563606
1181.662690857435,1.0130329,0.021627234,1.0228246930619205
1181.6726448993354,1.0021759,0.021513155,1.0233571496557181
1181.6825989412357,1.0548378,0.022058014,1.0238845837601434
1181.6925529831358,1.0231061,0.021729767,1.0243988903738537
1181.702507025036,1.0201496,0.021697572,1.0248947150614092
1181.7124610669364,1.0097529,0.02158805,1.025370567878574
1181.7224151088365,1.0046052,0.02153266,1.025827052867645
1181.7323691507368,1.0025525,0.02150999,1.0262662968030793
1181.742323192637,1.0080297,0.021566436,1.0266972432327213
1181.7522772345374,1.0456214,0.021955516,1.0271275370057342
1181.7622312764374,1.0200814,0.021690156,1.02756421454231
1181.7721853183377,1.0371277,0.021866191,1.0280159789230439
1181.782139360238,1.0286952,0.021777073,1.0284849251496642
1181.792093402138,1.0401254,0.021894256,1.0289722218492738
1181.8020474440384,0.9946335,0.021418806,1.0294762386267287
1181.8120014859387,1.0203335,0.021687077,1.029991420822302
1181.821955527839,1.0351814,0.021840075,1.0305076079793563
1181.831909569739,1.0217199,0.021699267,1.0310159517060915
1181.8418636116394,1.0429269,0.0219179,1.0315066269613862
1181.8518176535397,1.0544178,0.022034852,1.031971051888024
1181.8617716954398,1.0126877,0.021601463,1.032406076848764
1181.87172573734,1.0532904,0.022020284,1.0328082229262676
1181.8816797792404,1.0425404,0.021909393,1.033172395220097
1181.8916338211407,0.98993474,0.021359626,1.033501197085739
1181.9015878630407,1.0557302,0.022042302,1.0338009079625448
1181.911541904941,0.99489915,0.02140973,1.034075969896795
1181.9214959468413,1.0314449,0.021789726,1.0343260609708969
1181.9314499887414,1.0355496,0.021831183,1.0345505273597169
1181.9414040306417,1.0261338,0.02173282,1.0347414784925983
1181.951358072542,1.0054864,0.021516738,1.0348863478456132
1181.9613121144423,0.9972392,0.021428637,1.0349590187140958
1181.9712661563424,1.0471475,0.021945704,1.034955723322449
1181.9812201982427,1.0456775,0.021930072,1.034869551733434
1181.991174240143,1.0140346,0.021600433,1.034697322719871
1182.0011282820433,1.0115176,0.021573978,1.0344375809538862
1182.0110823239434,1.0244596,0.021707283,1.0341159530104456
1182.0210363658437,1.0169964,0.021628506,1.0337499224760114
1182.030990407744,1.0322028,0.021785622,1.0333577164809957
1182.040944449644,0.99033177,0.021347119,1.0329580708426425
1182.0508984915443,1.0337188,0.021798918,1.0325638600239861
1182.0608525334446,1.0100739,0.02155279,1.032181037907968
1182.0708065753447,1.0235201,0.021691866,1.031813417050486
1182.080760617245,1.027969,0.02173623,1.0314611168366175
1182.0907146591453,1.0104294,0.021553075,1.0311226970809564
1182.1006687010456,1.0036077,0.021480132,1.030798016884317
1182.1106227429457,1.0276648,0.021729965,1.0304891494934079
1182.120576784846,1.0169741,0.021617705,1.030195985347845
1182.1305308267463,1.0649574,0.022110898,1.0299191639004692
1182.1404848686466,1.0142417,0.02158748,1.02966008356147
1182.1504389105467,1.0542054,0.02199828,1.0294227864653704
1182.160392952447,1.0448607,0.021901464,1.0292044214171345
1182.1703469943473,1.0099868,0.021539679,1.0290027859649675
1182.1803010362473,0.9973803,0.02140557,1.0288146435247547
1182.1902550781476,1.0625039,0.022078866,1.0286361306848752
1182.200209120048,1.0167952,0.021606639,1.0284611439166964
1182.210163161948,1.0331882,0.021775385,1.028286454330488
1182.2201172038483,1.0159801,0.021596508,1.0281100977749935
1182.2300712457486,1.0219481,0.021657174,1.027931428227526
1182.240025287649,0.98939073,0.021314867,1.0277510958440974
1182.249979329549,0.9548641,0.020947073,1.0275695099115576
1182.2599333714493,0.9765587,0.02117756,1.0273865178126276
1182.2698874133496,0.9913479,0.021332849,1.0272012846933851
1182.2798414552499,1.0226794,0.021658804,1.0270128007526238
1182.28979549715,0.9820199,0.02123157,1.0268199373068185
1182.2997495390503,1.0288883,0.021721153,1.0266216706804276
1182.3097035809506,1.017915,0.021605995,1.0264195679278874
1182.3196576228506,1.0000892,0.021419685,1.0262169543678015
1182.329611664751,0.98114914,0.021218475,1.0260180282623044
1182.3395657066512,0.9730732,0.021131568,1.025828910754622
1182.3495197485515,1.0211252,0.021635385,1.0256519323198316
1182.3594737904516,0.9863351,0.021269912,1.025486375283774
1182.369427832352,0.9650283,0.021042086,1.025328356552651
1182.3793818742522,0.97067815,0.021101734,1.0251701003222498
1182.3893359161523,0.9979935,0.02138913,1.0250033890451287
1182.3992899580526,1.0110526,0.021524038,1.0248235338408263
1182.4092439999529,0.95992094,0.020982938,1.0246293419007442
1182.4191980418532,0.9504265,0.020880582,1.0244238550302016
1182.4291520837533,1.014177,0.021554552,1.0242160569498688
1182.4391061256536,0.9871309,0.021269504,1.0240140205066384
1182.4490601675539,0.98965126,0.021294786,1.0238260118077402
1182.459014209454,0.9386066,0.020749377,1.0236584502821657
1182.4689682513542,0.98467505,0.021240268,1.0235122285853795
1182.4789222932545,0.9903549,0.021298733,1.0233883030061826
1182.4888763351548,0.94304043,0.020793883,1.0232886437631215
1182.498830377055,0.98493594,0.021239689,1.0232119529313928
1182.5087844189552,0.98621047,0.021251867,1.0231556463462363
1182.5187384608555,1.0083852,0.02148353,1.0231188290302766
1182.5286925027556,0.97146386,0.021408103,1.0231030277495763
1182.5386465446559,1.0144593,0.022292443,1.0231060349611982
1182.5486005865562,1.0538515,0.022522558,1.023126643576497
1182.5585546284565,0.9663863,0.02194802,1.023164619405994
1182.5685086703566,0.9743863,0.022140643,1.0232225577105156
1182.5784627122569,0.98053694,0.022176543,1.0232979443597618
1182.5884167541572,0.99464196,0.022633739,1.0233905242829926
1182.5983707960572,0.98102313,0.022814127,1.0235005355578444
1182.6083248379575,0.95524263,0.022513088,1.0236301871776319
1182.6182788798578,0.9522739,0.022326045,1.023776676741596
1182.6282329217581,1.0223433,0.023710307,1.0239398580841506
1182.6381869636582,0.98742,0.023329949,1.0241204606181484
1182.6481410055585,0.9954442,0.023218662,1.0243199123627174
1182.6580950474588,0.96741945,0.022660725,1.0245365685815149
1182.668049089359,0.97081155,0.023036955,1.0247711477401278
1182.6780031312592,0.9618475,0.02260445,1.0250263874492376
1182.6879571731595,0.93322027,0.022349862,1.0253045632389026
1182.6979112150598,0.97189194,0.023176707,1.025605770744015
1182.7078652569598,0.95732874,0.022853617,1.02593138867824
1182.7178192988601,0.97231793,0.022571484,1.0262830655651078
1182.7277733407605,0.95264757,0.022406742,1.0266541465657095
1182.7377273826605,0.95978093,0.022810714,1.0270331626282734
1182.7476814245608,1.0701904,0.024386497,1.0274060652400654
1182.7576354664611,1.017874,0.023383955,1.0277513785560224
1182.7675895083614,1.0050569,0.022998935,1.0280536854522115
1182.7775435502615,0.93118125,0.022249157,1.0283012339212572
1182.7874975921618,1.031089,0.023401989,1.028484970280143
1182.797451634062,0.97726136,0.022697484,1.0285878999668074
1182.8074056759624,1.0069906,0.023243591,1.0286219231741411
1182.8173597178625,1.030943,0.02333148,1.0285922630425344
1182.8273137597628,0.9956295,0.022804793,1.028505892195252
1182.837267801663,1.0315645,0.023582714,1.0283685834926393
1182.8472218435631,1.0447644,0.023987371,1.028195687703683
1182.8571758854634,1.0184757,0.023445208,1.0279924782356087
1182.8671299273637,1.0079424,0.02345579,1.027761263211741
1182.877083969264,0.9861535,0.023525931,1.0275048692965345
1182.8870380111641,1.0401824,0.023836775,1.0272312679142273
1182.8969920530644,0.9973144,0.023208395,1.026947175292643
1182.9069460949647,0.9958125,0.022966487,1.0266607503841183
1182.9169001368648,1.0383606,0.02326366,1.0263812792563909
1182.926854178765,1.0096272,0.02278394,1.0261154236328893
1182.9368082206654,1.0013294,0.022984905,1.0258684530197928
1182.9467622625657,0.9872409,0.022460673,1.0256475793546997
1182.9567163044658,1.0238718,0.022753425,1.0254549468606136
1182.966670346366,1.000631,0.022455491,1.025291250410864
1182.9766243882664,0.975401,0.021440743,1.0251572786995666
1182.9865784301664,0.9639502,0.02096613,1.0250562773675989
1182.9965324720667,1.0272293,0.021626988,1.0249817919917614
1183.006486513967,0.971756,0.021044811,1.024929170152804
1183.0164405558673,0.9870356,0.02120615,1.0248937784694476
1183.0263945977674,1.0366733,0.021719681,1.0248718891404875
1183.0363486396677,0.9796715,0.0211253,1.0248564230672366
1183.046302681568,0.98636806,0.021194616,1.0248437776923993
1183.056256723468,0.969642,0.021016765,1.0248316955274928
1183.0662107653684,0.9649209,0.02096598,1.0248198667055026
1183.0761648072687,1.0030732,0.021365961,1.0248103551439396
1183.086118849169,0.98734194,0.021200595,1.0248069653206977
1183.096072891069,1.0106603,0.021443926,1.0248157552983914
1183.1060269329694,1.0087335,0.021422766,1.0248437628597598
1183.1159809748697,1.0413299,0.021758044,1.0248936191466402
1183.1259350167697,1.0335206,0.021676317,1.0249663144044794
1183.13588905867,1.0251316,0.021589264,1.025058348713788
1183.1458431005703,0.9914616,0.021237336,1.0251526037474237
1183.1557971424706,0.9912551,0.02123463,1.0252208102649154
1183.1657511843707,0.99760586,0.02130027,1.025224873991247
1183.175705226271,1.0311177,0.021646399,1.0250973468408517
1183.1856592681713,1.024169,0.02157346,1.0247872124822002
1183.1956133100714,1.027798,0.021608882,1.0242577003972693
1183.2055673519717,1.0166422,0.021493454,1.0234794055207657
1183.215521393872,1.0191554,0.021518191,1.0223971082369814
1183.2254754357723,0.9691581,0.020993646,1.0210455100994884
1183.2354294776724,0.98177546,0.021125766,1.0194391152164664
1183.2453835195727,1.0046983,0.021364922,1.0175886913169334
1183.255337561473,1.0037414,0.021353865,1.015474367391241
1183.265291603373,0.98665005,0.021173166,1.0131468668721224
1183.2752456452733,0.985004,0.021156099,1.0106180288270354
1183.2851996871736,0.9598806,0.020888658,1.0078944889734949
1183.295153729074,0.9565921,0.020851608,1.0049793662483992
1183.305107770974,1.0017139,0.021327388,1.0019194506451785
1183.3150618128743,0.9888994,0.021192834,0.9987424930199869
1183.3250158547746,0.94763285,0.020753155,0.9954804288271878
1183.334969896675,0.9409624,0.020680444,0.9921830745141917
1183.344923938575,0.9619231,0.020904196,0.9889072011726777
1183.3548779804753,0.9384747,0.020653367,0.9857042968439214
1183.3648320223756,0.93946046,0.02066163,0.9826386024497242
1183.3747860642757,0.93137634,0.020574113,0.9797501325863038
1183.384740106176,0.92825174,0.020537658,0.977044111296766
1183.3946941480763,0.9430215,0.020696338,0.9745201193260559
1183.4046481899763,0.93074644,0.020563906,0.9721874990669142
1183.4146022318766,0.91460806,0.02038756,0.9700175960194137
1183.424556273777,0.871068,0.019904861,0.9679899810790396
1183.4345103156772,0.9187916,0.020430373,0.9660943480047379
1183.4444643575773,0.9353902,0.020609459,0.964340283613099
1183.4544183994776,0.8694014,0.019883314,0.9627043146847867
1183.464372441378,0.8939152,0.020154504,0.9611791814268721
1183.4743264832782,0.8938178,0.020151984,0.9597614052744934
1183.4842805251783,0.876396,0.01995859,0.9584610439409466
1183.4942345670786,0.86338496,0.019812375,0.9572547844958861
1183.504188608979,0.86745363,0.01985633,0.9561341260109013
1183.514142650879,0.82906353,0.019420037,0.955089905008089
1183.5240966927793,0.870836,0.01989234,0.9541115524706064
1183.5340507346796,0.79636896,0.019040482,0.9531757291021097
1183.5440047765799,0.8198159,0.019311517,0.9522710247575443
1183.55395881848,0.8225984,0.019343227,0.9513912403068705
1183.5639128603802,0.82431906,0.019362405,0.9505342178194256
1183.5738669022805,0.7494647,0.018480517,0.949699733468468
1183.5838209441806,0.80346686,0.019118708,0.9488934076154718
1183.593774986081,0.80219704,0.0191036,0.948128729504317
1183.6037290279812,0.82354903,0.01934883,0.9474201054901341
1183.6136830698815,0.78194416,0.018863622,0.9467789194307893
1183.6236371117816,0.7511815,0.018496808,0.9462185815975364
1183.633591153682,0.7720518,0.018745132,0.9457604157287034
1183.6435451955822,0.7610295,0.018613704,0.9454015352830434
1183.6534992374823,0.7619268,0.018622534,0.9451340920436713
1183.6634532793826,0.77404886,0.018766625,0.9449512690448728
1183.6734073212829,0.7472043,0.018444281,0.944855050065393
1183.6833613631832,0.7625268,0.018627139,0.9448278897476297
1183.6933154050832,0.75569063,0.018543977,0.9448647038214055
1183.7032694469835,0.7665107,0.018671887,0.9449659894307108
1183.7132234888838,0.778345,0.018810634,0.9451465790884386
1183.723177530784,0.7718456,0.018733488,0.9454014247115232
1183.7331315726842,0.7320843,0.018255332,0.9457362913874465
1183.7430856145845,0.7584935,0.018572377,0.9461590874753781
1183.7530396564848,0.78799915,0.018920986,0.9466832111486081
1183.762993698385,0.7583448,0.018569041,0.9472987728383473
1183.7729477402852,0.8098097,0.019173378,0.9480071380405602
1183.7829017821855,0.796651,0.019018352,0.9488152760856978
1183.7928558240856,0.7736913,0.018747956,0.9497295402733179
1183.8028098659859,0.8045156,0.01910821,0.9507410286524226
1183.8127639078862,0.8269926,0.019365216,0.9518510190977483
1183.8227179497865,0.8277646,0.019374425,0.9530687882244389
1183.8326719916865,0.8465054,0.019585965,0.954392854739233
1183.8426260335868,0.83037555,0.019402213,0.9558125736283571
1183.8525800754871,0.86313075,0.019771967,0.9573246889987015
1183.8625341173874,0.8900994,0.020071046,0.9589358893576867
1183.8724881592875,0.8599765,0.019733574,0.9606385565486003
1183.8824422011878,0.86701894,0.019812351,0.9624282375154917
1183.8923962430881,0.8939096,0.020109968,0.9643079191498742
1183.9023502849882,0.891681,0.020083947,0.9662978248064873
1183.9123043268885,0.88606447,0.020021668,0.9683967512233267
1183.9222583687888,0.8979195,0.020150207,0.9706127210721225
1183.9322124106889,0.94691765,0.02068003,0.9729580194460516
1183.9421664525892,0.92652774,0.020459242,0.975471004273246
1183.9521204944895,0.9159313,0.020343943,0.9781373526813315
1183.9620745363898,0.9298082,0.020492533,0.980957224658113
1183.9720285782898,0.933074,0.020526633,0.9839231231529586
1183.9819826201901,0.938794,0.020587767,0.9870194538273065
1183.9919366620904,0.9132887,0.020310333,0.9901881936530261
1184.0018907039907,0.9418065,0.020617573,0.9933874648572562
1184.0118447458908,0.976851,0.020988632,0.9965727628473924
1184.021798787791,0.9436501,0.020635609,0.9996945953551009
1184.0317528296914,0.9480606,0.020681744,1.0027202367888177
1184.0417068715915,1.0198499,0.021432381,1.0056163695131444
1184.0516609134918,0.9704664,0.02091574,1.00833634036629
1184.061614955392,1.0237164,0.021470647,1.010842805417319
1184.0715689972922,0.9415371,0.020608801,1.0131255802406327
1184.0815230391925,0.96948534,0.02090405,1.0151619519397128
1184.0914770810928,0.96268475,0.020830527,1.0169027712453576
1184.101431122993,0.97935724,0.021004757,1.0183406433558
1184.1113851648931,0.97280115,0.020936172,1.0194826405262882
1184.1213392067934,1.0291985,0.021521008,1.0203232945532523
1184.1312932486937,0.9956557,0.021173017,1.0208275602018626
1184.141247290594,1.0136662,0.021358317,1.021042815184351
1184.151201332494,0.97041774,0.020906346,1.0210140962876522
1184.1611553743944,0.9787453,0.020993648,1.0207905175060674
1184.1711094162947,0.98561794,0.021064065,1.020421331984476
1184.1810634581948,1.02646,0.021485535,1.0199948835731514
1184.191017500095,0.97359735,0.020936327,1.0195614179434802
1184.2009715419954,1.0003811,0.021215243,1.0191542107878644
1184.2109255838957,0.9452956,0.020634063,1.0187994590230374
1184.2208796257958,0.97012556,0.02089416,1.0184978713346162
1184.230833667696,0.9789755,0.020989023,1.0182506474124042
1184.2407877095964,0.971417,0.020907382,1.0180589689852189
1184.2507417514964,0.97986007,0.020994455,1.0179257853027304
1184.2606957933967,1.0024986,0.021229405,1.0178430435754922
1184.270649835297,1.0393221,0.021606715,1.0178102696697642
1184.2806038771973,0.9865025,0.021061124,1.0178310874282421
1184.2905579190974,1.028177,0.021490453,1.017908324965524
1184.3005119609977,1.0090934,0.021292554,1.0180368826178143
1184.310466002898,0.99167925,0.021110754,1.0182148808441758
1184.320420044798,1.0069855,0.021268407,1.0184399086630753
1184.3303740866984,1.0372747,0.021578826,1.0186986135832605
1184.3403281285987,1.0237559,0.02143955,1.0189729596381871
1184.350282170499,1.0177104,0.021375095,1.0192464171096072
1184.360236212399,1.003446,0.021227263,1.0194978336566334
1184.3701902542994,0.98600537,0.021046111,1.019708296278977
1184.3801442961997,0.97196627,0.020897152,1.019861558415321
1184.3900983380997,0.97810584,0.020961538,1.019941034602947
1184.40005238,0.9622735,0.020792957,1.0199190006397616
1184.4100064219003,0.9579834,0.020747228,1.0197983385334801
1184.4199604638006,0.9392743,0.020547444,1.019584616785329
1184.4299145057007,0.9515464,0.020675661,1.019289104590749
1184.439868547601,0.9548781,0.02071208,1.0189214019766655
1184.4498225895013,0.9550188,0.020710783,1.0185157394910238
1184.4597766314014,1.0190744,0.021381957,1.0180931580602735
1184.4697306733017,0.98902404,0.021067262,1.0176728315075685
1184.479684715202,0.99340147,0.02111076,1.0172739739258614
1184.4896387571023,1.0198871,0.021383379,1.0169055805753269
1184.4995927990024,0.9640949,0.020802073,1.0165741828129211
1184.5095468409027,1.0025191,0.021201598,1.016285447457284
1184.519500882803,0.9756535,0.020920467,1.016043972227191
1184.5294549247033,1.025825,0.021440014,1.0158451279059069
1184.5394089666033,1.0158774,0.021337781,1.015688900205097
1184.5493630085036,0.9896776,0.021063916,1.0155778526022239
1184.559317050404,0.9965615,0.021135574,1.0155109276090017
1184.569271092304,0.9825944,0.020986998,1.0154810008675117
1184.5792251342043,1.0353724,0.021530377,1.0154836686128497
1184.5891791761046,0.99918646,0.02115654,1.0155158942273552
1184.5991332180047,1.0184095,0.02135424,1.015570858034136
1184.609087259905,0.99247426,0.021087315,1.0156430450663938
1184.6190413018053,0.9753515,0.020905783,1.015730683588031
1184.6289953437056,0.99820423,0.02114306,1.0158361408216532
1184.6389493856057,0.9814314,0.020966412,1.0159597000486214
1184.648903427506,1.0070642,0.021231405,1.0161008385420858
1184.6588574694063,1.0051725,0.021211414,1.0162556434193544
1184.6688115113066,0.9883452,0.021036802,1.016407766282996
1184.6787655532066,1.0099902,0.021260032,1.0165236911964244
1184.688719595107,1.0294666,0.021458821,1.0165576245902805
1184.6986736370072,0.9882026,0.021031681,1.0164528007843143
1184.7086276789073,1.0161318,0.021318998,1.0161128506729837
1184.7185817208076,1.0228195,0.021386229,1.0155201233581712
1184.728535762708,0.98878527,0.021033712,1.0146457175282655
1184.7384898046082,0.9903855,0.021050956,1.0134651460686126
1184.7484438465083,0.98178583,0.020960087,1.0119410332072754
1184.7583978884086,0.9604332,0.020734316,1.0101239292179316
1184.7683519303089,0.99919885,0.021138096,1.0080302719515977
1184.778305972209,0.96475667,0.020777494,1.005672427570686
1184.7882600141093,0.9945105,0.02108725,1.0030742715977916
1184.7982140560096,0.9637142,0.020764569,1.0003001542081265
1184.8081680979099,0.9860821,0.02100028,0.9973870541458435
1184.81812213981,1.0038533,0.02118126,0.9943651865655287
1184.8280761817102,0.93819904,0.02049078,0.9912713162083779
1184.8380302236105,0.97862315,0.020916414,0.9881389419007485
1184.8479842655106,0.93464905,0.020452265,0.9849873744045067
1184.857938307411,0.9473315,0.020585721,0.9818336985753453
1184.8678923493112,0.92374957,0.020331144,0.9786970816904473
1184.8778463912115,0.9370218,0.020473432,0.975595168550718
1184.8878004331116,0.92179066,0.020308292,0.972545536764543
1184.8977544750119,0.90182877,0.020089936,0.969572365170797
1184.9077085169122,0.9425778,0.02052916,0.9666768859673525
1184.9176625588123,0.95673674,0.020679569,0.9638529508573732
1184.9276166007126,0.94634944,0.020566037,0.9610937221367369
1184.9375706426129,0.93208677,0.020414144,0.9584007857892644
1184.9475246845132,0.87569845,0.019798532,0.9557635264027107
1184.9574787264132,0.86046904,0.019627115,0.9531845210671173
1184.9674327683135,0.893315,0.019990057,0.9506734462964423
1184.9773868102138,0.8652513,0.01968085,0.9482593826328667
1184.987340852114,0.8228111,0.01920071,0.945946337846768
1184.9972948940142,0.80908805,0.019042498,0.943748654214176
1185.0072489359145,0.7941203,0.018867387,0.9416814853394669
1185.0172029778148,0.8538954,0.019548431,0.9397670635252564
1185.0271570197149,0.7989284,0.018922545,0.9379885867211121
1185.0371110616152,0.82030725,0.019361073,0.9363446190472444
1185.0470651035155,0.781765,0.019350406,0.9348388969919618
1185.0570191454156,0.77452743,0.019272722,0.9334748684723384
1185.0669731873159,0.76729774,0.019150348,0.9322337931912007
1185.0769272292162,0.7574131,0.01936775,0.9311129951896323
1185.0868812711165,0.7693928,0.019442441,0.9301199618694684
1185.0968353130165,0.7076404,0.018823462,0.9292558779554387
1185.1067893549168,0.71853954,0.019282598,0.9285101339046005
1185.1167433968171,0.7523118,0.019797701,0.9278835138688328
1185.1266974387172,0.7316854,0.01937907,0.9273894179700111
1185.1366514806175,0.73201495,0.019596428,0.9270256165661486
1185.1466055225178,0.7324735,0.019904595,0.926785545079786
1185.156559564418,0.7270546,0.019695468,0.926671206691338
1185.1665136063182,0.706341,0.019226197,0.9267005310888081
1185.1764676482185,0.70436805,0.019338796,0.9268632788770609
1185.1864216901188,0.67524403,0.018760432,0.9271496649928652
1185.196375732019,0.67758596,0.018779874,0.9275513264173718
1185.2063297739192,0.70272845,0.019570684,0.9280684481326635
1185.2162838158195,0.6929393,0.019244336,0.9286700374197772
1185.2262378577198,0.68169403,0.018818032,0.9293389175787715
1185.2361918996198,0.70850253,0.019109888,0.9300634416995436
1185.2461459415201,0.705235,0.019331811,0.9308447049521331
1185.2560999834204,0.7357181,0.019911017,0.9316749833389149
1185.2660540253205,0.73910046,0.019940082,0.9325601466627913
1185.2760080672208,0.68855256,0.018787965,0.9335106905173235
1185.285962109121,0.7765625,0.020103185,0.9345466575365984
1185.2959161510214,0.7028744,0.019272061,0.9356671907028482
1185.3058701929215,0.73397833,0.019391254,0.9368796444081393
1185.3158242348218,0.7664482,0.019960163,0.938194962665625
1185.325778276722,0.7740704,0.020198232,0.9396272109452669
1185.3357323186224,0.72549677,0.019310864,0.9411705406915503
1185.3456863605224,0.7649724,0.019902736,0.9428326522812795
1185.3556404024228,0.8137713,0.02082773,0.9446325192488054
1185.365594444323,0.8568145,0.021215018,0.9465854155211773
1185.3755484862231,0.8168332,0.0207414,0.9486862182053066
1185.3855025281234,0.83113897,0.021246739,0.9509395219560451
1185.3954565700237,0.840309,0.021184662,0.9533602528102001
1185.405410611924,0.87697846,0.02150189,0.9559416369994862
1185.415364653824,0.8434995,0.020907361,0.9586667712487296
1185.4253186957244,0.8785345,0.021168055,0.9615314975295062
1185.4352727376247,0.85395557,0.020741226,0.9645523564279734
1185.4452267795248,0.87130576,0.020989979,0.9677279412017924
1185.455180821425,0.85713476,0.020818781,0.9710643819652658
1185.4651348633254,0.8747673,0.020796852,0.9745791669065431
1185.4750889052257,0.91923225,0.021273898,0.9783162858260226
1185.4850429471257,0.91387516,0.020670472,0.982257566846056
1185.494996989026,0.9157394,0.020176241,0.986378968248712
1185.5049510309263,0.89698625,0.019973831,0.9906426420251717
1185.5149050728264,0.92233413,0.02024319,0.9950011717809941
1185.5248591147267,0.9679191,0.020726673,0.9993739771803426
1185.534813156627,0.93747497,0.020403216,1.0037026120577857
1185.5447671985273,0.93005085,0.020323934,1.0079301070778293
1185.5547212404274,0.9511226,0.020546626,1.0119760606165693
1185.5646752823277,0.987422,0.020926425,1.0158138256713267
1185.574629324228,0.94933355,0.02052616,1.01940618890643
1185.584583366128,0.9576534,0.020613588,1.0227142324192562
1185.5945374080284,0.9665221,0.020706283,1.0256912925668549
1185.6044914499287,1.0046986,0.021101072,1.0283707093886827
1185.614445491829,0.977763,0.02082158,1.0307575319245834
1185.624399533729,1.0287439,0.021345735,1.0328475265770591
1185.6343535756293,0.9732148,0.020771256,1.0346464060678233
1185.6443076175296,0.9746255,0.020787189,1.0362027081154863
1185.6542616594297,1.0097907,0.021146791,1.0375338427870533
1185.66421570133,0.97730756,0.020808747,1.0386408305918045
1185.6741697432303,1.0241718,0.021292495,1.0395453928220606
1185.6841237851306,1.0193245,0.021241352,1.040288674499671
1185.6940778270307,1.0210258,0.021258708,1.04089674000537
1185.704031868931,0.99407476,0.020978894,1.04138670182879
1185.7139859108313,1.0009921,0.021051077,1.0417862601830736
1185.7239399527316,1.0282904,0.021329032,1.042112737462852
1185.7338939946317,0.9892955,0.02092801,1.0423711101365118
1185.743848036532,1.0011647,0.021051047,1.042555172533028
1185.7538020784323,1.0147716,0.021186328,1.042672811168571
1185.7637561203323,1.0024161,0.021058816,1.0427313760376484
1185.7737101622326,1.0103555,0.021139681,1.0427379605743987
1185.783664204133,1.021083,0.021247793,1.0426965136826603
1185.793618246033,1.0205536,0.021241691,1.042623229039988
1185.8035722879333,0.99089015,0.020936431,1.0425279298550603
1185.8135263298336,0.9880735,0.020905651,1.042418617725101
1185.823480371734,0.95429623,0.020552978,1.0423016797053821
1185.833434413634,0.99994415,0.02102646,1.0421840198847174
1185.8433884555343,1.011993,0.021148294,1.042069098291711
1185.8533424974346,1.0015905,0.021040898,1.041958893443685
1185.863296539335,1.0172567,0.021198522,1.0418540238606777
1185.873250581235,1.0071793,0.021095663,1.0417520953566008
1185.8832046231353,1.0375233,0.021405227,1.0416503884844426
1185.8931586650356,1.0251352,0.021277435,1.0415450317788817
1185.9031127069356,0.9926284,0.020942919,1.0414306645134963
1185.913066748836,0.99747026,0.020991532,1.0413039750107511
1185.9230207907362,0.9973144,0.020988958,1.0411616068056428
1185.9329748326363,1.005329,0.021070218,1.040999768215173
1185.9429288745366,1.0150994,0.02116912,1.04081647861507
1185.952882916437,1.0140697,0.021157844,1.0406146674674255
1185.9628369583372,0.9850665,0.020855315,1.0403970085864054
1185.9727910002373,1.0436739,0.021456648,1.0401670389851017
1185.9827450421376,1.0587645,0.021606991,1.039930993019235
1185.992699084038,0.996456,0.02097135,1.0396950270366634
1186.0026531259382,0.93939215,0.02037426,1.0394636835894218
1186.0126071678383,0.9529532,0.020516977,1.0392414636151324
1186.0225612097386,1.0231986,0.021242877,1.0390303084835644
1186.0325152516389,0.9938269,0.020938648,1.0388305116832692
1186.042469293539,1.0100411,0.02110612,1.0386424615540282
1186.0524233354392,0.9769925,0.020765016,1.038468130140047
1186.0623773773395,1.0045354,0.021047527,1.0383071371246688
1186.0723314192398,1.0041791,0.021040605,1.0381596038211145
1186.08228546114,0.96503514,0.020635102,1.0380258428042184
1186.0922395030402,0.9649321,0.020631516,1.037907410687156
1186.1021935449405,0.9844269,0.020834541,1.0378009084024802
1186.1121475868406,0.954457,0.020521168,1.0377035510318504
1186.122101628741,0.99409956,0.02093288,1.0376121138044179
1186.1320556706412,0.97079796,0.020691872,1.0375224047524871
1186.1420097125415,0.94006324,0.020365397,1.0374289997486161
1186.1519637544416,0.9231627,0.02023549,1.0373265563711644
1186.1619177963419,0.9814003,0.021422643,1.0372085129975646
1186.1718718382422,0.9800992,0.021562826,1.0370640567887723
1186.1818258801422,0.9526683,0.021674816,1.036888916558567
1186.1917799220425,0.9594912,0.021930743,1.0366780535650704
1186.2017339639428,1.0060557,0.02284539,1.0364282439864982
1186.2116880058431,0.98358876,0.022665935,1.036140845629267
1186.2216420477432,0.9834062,0.022652213,1.0358302517409976
1186.2315960896435,1.0046798,0.023176985,1.0355098336836155
1186.2415501315438,0.9860756,0.023430929,1.0351968163314957
1186.251504173444,0.9684214,0.02304252,1.034910617778722
1186.2614582153442,0.98708564,0.023284076,1.034661709180497
1186.2714122572445,0.9982023,0.023744673,1.0344568512799257
1186.2813662991448,0.9601486,0.023038866,1.034302426109666
1186.2913203410449,0.95805395,0.022482054,1.034197896259333
1186.3012743829452,0.978378,0.02285095,1.0341375286913335
1186.3112284248455,0.9936345,0.023513505,1.0341198324071161
1186.3211824667455,0.99050903,0.023033487,1.0341481307101064
1186.3311365086458,0.9599655,0.022547238,1.034218922959921
1186.3410905505461,1.0021678,0.022979956,1.0343253365333245
1186.3510445924464,1.0015509,0.022878056,1.0344594723107923
1186.3609986343465,0.9967582,0.022873472,1.0346090770825593
1186.3709526762468,1.014843,0.023096375,1.0347543690174206
1186.3809067181471,0.9787804,0.022549585,1.0348779349330202
1186.3908607600474,0.9742336,0.022590665,1.0349650176229834
1186.4008148019475,0.9890035,0.023132551,1.0349981202501612
1186.4107688438478,1.0014017,0.023535192,1.0349797403845657
1186.420722885748,1.0121102,0.023528067,1.034915068012082
1186.4306769276482,0.944652,0.022666998,1.0348125574380362
1186.4406309695485,0.97472584,0.023171268,1.0346806253896175
1186.4505850114488,0.9958478,0.02300944,1.0345364645333963
1186.4605390533488,1.0080065,0.02378516,1.0343898472398099
1186.4704930952491,1.0314631,0.024098296,1.0342477392262632
1186.4804471371494,1.0205525,0.023839021,1.0341159747758022
1186.4904011790497,1.0283905,0.023659527,1.033995516903504
1186.5003552209498,0.99123263,0.023259472,1.0338875388859894
1186.5103092628501,0.9937553,0.023438847,1.0337937518234566
1186.5202633047504,0.9907333,0.022983354,1.0337173673384932
1186.5302173466507,1.0112596,0.022927126,1.0336581422672526
1186.5401713885508,0.99153024,0.022453867,1.0336175343352454
1186.550125430451,0.9704549,0.022508077,1.0335974648377277
1186.5600794723514,0.97032833,0.02232375,1.0335987116506216
1186.5700335142515,0.9753418,0.022684675,1.0336173015198615
1186.5799875561518,0.94229877,0.022138664,1.033650391829037
1186.589941598052,0.96643716,0.022481948,1.0336948020888457
1186.5998956399524,0.97836775,0.0222106,1.0337460754418162
1186.6098496818524,0.9530226,0.021330396,1.0338004024918364
1186.6198037237527,0.923542,0.02071335,1.0338564556388918
1186.629757765653,0.96488315,0.020725444,1.0339151677323504
1186.639711807553,0.9424749,0.020335633,1.0339795489691586
1186.6496658494534,0.9547571,0.020462373,1.034053180068708
1186.6596198913537,0.9480263,0.020390192,1.0341400241576804
1186.669573933254,0.968751,0.020607384,1.0342459678188067
1186.679527975154,0.9807243,0.020731563,1.0343732692977508
1186.6894820170544,0.98293656,0.020753855,1.0345224862492193
1186.6994360589547,0.939345,0.020295586,1.0346937683749298
1186.7093901008548,0.9554881,0.020465275,1.0348880237120617
1186.719344142755,0.9506452,0.020412149,1.035099482233338
1186.7292981846554,0.98248076,0.020743186,1.0353226423136925
1186.7392522265557,0.9554364,0.0204596,1.0355518214625286
1186.7492062684557,0.92007536,0.020086382,1.0357799900762834
1186.759160310356,0.9196235,0.020078246,1.0360004412686243
1186.7691143522563,0.8985522,0.019850068,1.036207481530269
1186.7790683941564,0.94273645,0.020324867,1.0363951562016345
1186.7890224360567,0.8848157,0.019699343,1.0365515959225884
1186.798976477957,0.8982173,0.01984434,1.036672912811701
1186.8089305198573,0.9119792,0.01999014,1.0367519018377434
1186.8188845617574,0.88655114,0.01971698,1.0367820122637652
1186.8288386036577,0.90992665,0.019969579,1.0367548348019866
1186.838792645558,0.934,0.020222321,1.0366818328952248
1186.848746687458,0.8921729,0.01977208,1.0365722022668742
1186.8587007293584,0.91811764,0.020051278,1.0364390333445066
1186.8686547712587,0.8826186,0.019667858,1.036299942464512
1186.878608813159,0.89534765,0.0198028,1.0361717656128895
1186.888562855059,0.91700345,0.020034797,1.0360662192051076
1186.8985168969593,0.889485,0.01973771,1.035994065166125
1186.9084709388596,0.8858073,0.019694546,1.0359636914452517
1186.91842498076,0.9211301,0.020075543,1.0359748035456136
1186.92837902266,0.9100971,0.019956918,1.0360299089170564
1186.9383330645603,0.90736234,0.01992471,1.0361347744904024
1186.9482871064606,0.89348835,0.019774562,1.0362913363187978
1186.9582411483607,0.9434659,0.02030662,1.0364941382017059
1186.968195190261,0.92484134,0.0201104,1.036738801130562
1186.9781492321613,0.88623726,0.019692644,1.0370181987687188
1186.9881032740614,0.9143763,0.019996393,1.0373140411165571
1186.9980573159617,0.9149028,0.019998763,1.0376056338464978
1187.008011357862,0.9394886,0.020261968,1.0378740707224352
1187.0179653997623,0.88246566,0.019647159,1.0380973334342871
1187.0279194416623,0.9260621,0.020114807,1.0382670287959128
1187.0378734835626,0.92117053,0.02006215,1.038384764633054
1187.047827525463,0.9291235,0.02014499,1.0384569712279763
1187.0577815673632,0.90768653,0.01991595,1.0384925960104374
1187.0677356092633,0.95230967,0.02038904,1.0385101327537587
1187.0776896511636,0.93866843,0.020244673,1.038521353904543
1187.087643693064,0.9412133,0.020269722,1.0385329677543291
1187.097597734964,0.90440464,0.019875178,1.0385480222020993
1187.1075517768643,0.9147827,0.019986996,1.0385647069245996
1187.1175058187646,0.93914926,0.020243827,1.0385801089044395
1187.1274598606647,0.9377509,0.020227725,1.0385919420620264
1187.137413902565,0.9376673,0.0202271,1.0385986947631058
1187.1473679444653,1.0025997,0.020901984,1.0386022944887419
1187.1573219863656,0.9607115,0.020467138,1.038604764471292
1187.1672760282656,0.9349188,0.020191994,1.038607988788682
1187.177230070166,0.96166426,0.020472301,1.0386132430034993
1187.1871841120662,0.96949047,0.02055595,1.038619788239772
1187.1971381539665,0.97799104,0.020641284,1.0386259578261032
1187.2070921958666,0.9929642,0.020792276,1.0386294163954908
1187.217046237767,0.95647633,0.020415608,1.038627482633363
1187.2270002796672,0.94667286,0.020312022,1.038619809569136
1187.2369543215673,0.9478103,0.020325935,1.0386070437815675
1187.2469083634676,0.9699866,0.020553777,1.0385909670709956
1187.2568624053679,0.9796029,0.020652771,1.0385744268820718
1187.2668164472682,0.9376774,0.020210253,1.0385601185476694
1187.2767704891683,0.9682588,0.020530365,1.038550031542744
1187.2867245310686,0.93687767,0.02019912,1.038546357929714
1187.2966785729689,0.9504436,0.020341137,1.0385509671183366
1187.306632614869,0.96046007,0.020448308,1.0385644705896622
1187.3165866567692,0.9561337,0.020403013,1.0385880067520579
1187.3265406986695,0.9927749,0.02077703,1.0386238713736449
1187.3364947405698,0.9639088,0.020479305,1.0386736649469421
1187.34644878247,0.9557926,0.020395312,1.0387381391899126
1187.3564028243702,0.99296445,0.02077653,1.0388188512791956
1187.3663568662705,0.95702773,0.020404907,1.0389185689214644
1187.3763109081706,0.9821255,0.0206632,1.039035888641651
1187.3862649500709,0.97543496,0.02059188,1.0391671667173532
1187.3962189919712,0.96829665,0.02051516,1.0393079956257938
1187.4061730338715,0.97203046,0.020554485,1.0394521300376034
1187.4161270757716,0.9720331,0.020552583,1.039592024934648
1187.4260811176719,0.9921673,0.020761523,1.0397228719654354
1187.4360351595722,0.9751426,0.020579653,1.039842566799269
1187.4459892014722,1.0276934,0.021118615,1.0399511840942761
1187.4559432433725,0.9885937,0.020719556,1.040054996966852
1187.4658972852728,0.9623222,0.020449203,1.040160846373642
1187.4758513271731,1.0086077,0.020922909,1.04027595417144
1187.4858053690732,0.99979097,0.020830324,1.0404104983094125
1187.4957594109735,1.0128525,0.020963816,1.0405675806349013
1187.5057134528738,0.9642729,0.020465301,1.0407495208141682
1187.5156674947739,0.9933264,0.020760108,1.0409566385071747
1187.5256215366742,1.0058932,0.020888928,1.0411889834524288
1187.5355755785745,1.0244676,0.021074649,1.0414357987351153
1187.5455296204748,0.98907053,0.020714235,1.041687034476255
1187.5554836623749,1.0167027,0.020995116,1.0419293189738112
1187.5654377042752,0.9950777,0.020773945,1.0421432084767868
1187.5753917461755,1.0160669,0.0209882,1.0423179991760543
1187.5853457880758,0.98530686,0.020671828,1.0424451106464705
1187.5952998299758,0.9476312,0.020277942,1.0425169919566184
1187.6052538718761,0.9716091,0.02052702,1.042523406175228
1187.6152079137764,1.0015503,0.020835672,1.0424662885344003
1187.6251619556765,1.0100079,0.02091935,1.0423402557884829
1187.6351159975768,0.99269456,0.020742094,1.0421370085127073
1187.645070039477,1.0321946,0.021140806,1.041853715346706
1187.6550240813772,1.0277767,0.021096919,1.0415068433418124
1187.6649781232775,0.9669824,0.02047426,1.0411106466089715
1187.6749321651778,0.986542,0.02067436,1.040680909676412
1187.684886207078,0.99354434,0.020745711,1.040235016437623
1187.6948402489782,1.0150454,0.020963062,1.0397853187673254
1187.7047942908785,0.98118037,0.020612482,1.0393367850469346
1187.7147483327788,0.98439926,0.020645896,1.0388909231738204
1187.724702374679,0.99663186,0.02077282,1.0384468677961793
1187.7346564165791,0.9799516,0.020599589,1.0380039726685526
1187.7446104584794,0.97674567,0.020564081,1.0375638790530552
1187.7545645003797,1.0038512,0.02084169,1.0371323263836105
1187.7645185422798,1.0202038,0.021007547,1.0367172854413094
1187.77447258418,0.9651106,0.02044253,1.0363266856270767
1187.7844266260804,0.9786112,0.020579232,1.0359685116449135
1187.7943806679807,1.0263846,0.021064239,1.0356541027620725
1187.8043347098808,0.98297656,0.020620307,1.03538319848519
1187.814288751781,0.9804407,0.020596044,1.0351519839670118
1187.8242427936814,0.98480266,0.020640505,1.0349545405370906
1187.8341968355815,1.0116339,0.020909585,1.0347825321795106
1187.8441508774818,1.0317221,0.021113425,1.034616711723134
1187.854104919382,0.9938925,0.020728521,1.0344397778353975
1187.8640589612824,0.99769765,0.020765921,1.034236406380351
1187.8740130031824,0.9752319,0.020534027,1.033988515552422
1187.8839670450827,0.963142,0.02040808,1.0336966164488823
1187.893921086983,1.033824,0.021126019,1.0333621089530185
1187.903875128883,0.97537625,0.020535398,1.0329878086592237
1187.9138291707834,0.9687629,0.020462964,1.0325716406956076
1187.9237832126837,0.9588806,0.02035796,1.0321231634434669
1187.933737254584,1.0066415,0.02084943,1.03164628738897
1187.943691296484,0.9957464,0.02073696,1.0311467450026006
1187.9536453383844,0.99683744,0.020750491,1.030632842820871
1187.9635993802847,0.99436283,0.020718027,1.030117648052572
1187.9735534221848,0.97826034,0.020553576,1.029610120545353
1187.983507464085,0.9965669,0.020739572,1.0291182354465764
1187.9934615059854,1.0154531,0.020929076,1.0286511404548389
1188.0034155478857,0.9863718,0.020634161,1.0282118916785539
1188.0133695897857,0.95291024,0.020288613,1.0278049463467764
1188.023323631686,0.9782405,0.020547565,1.0274351013536882
1188.0332776735863,0.96762633,0.02043874,1.027105454437606
1188.0432317154864,0.98468417,0.020611495,1.0268102310441427
1188.0531857573867,0.94994414,0.020251159,1.026546951077759
1188.063139799287,1.0244493,0.021010844,1.0263149092336186
1188.0730938411873,0.9677702,0.020436281,1.0261131864271356
1188.0830478830874,0.99625516,0.020725556,1.025938541337585
1188.0930019249877,0.9782081,0.020539103,1.025791679016904
1188.102955966888,0.940322,0.02014326,1.0256765536470107
1188.112910008788,0.99011827,0.02065986,1.025595353193447
1188.1228640506883,0.98536956,0.020611413,1.0255468643544625
1188.1328180925886,1.0041885,0.020800324,1.0255319744160738
1188.142772134489,0.98961455,0.020652203,1.0255544635897502
1188.152726176389,0.9601471,0.02034615,1.0256135093894074
1188.1626802182893,0.9801588,0.020552158,1.0257062154322254
1188.1726342601896,0.9800872,0.02055083,1.0258312816248547
1188.1825883020897,0.98705083,0.02062092,1.025988368166293
1188.19254234399,1.0023715,0.020774322,1.0261679983231211
1188.2024963858903,0.9812167,0.02055813,1.026356822852901
1188.2124504277906,0.9565022,0.020303892,1.0265373823137094
1188.2224044696907,0.97837836,0.020528452,1.0266795826338686
1188.232358511591,0.925234,0.019975709,1.026756408323813
1188.2423125534913,0.9926389,0.020673092,1.0267456133063675
1188.2522665953916,0.9781989,0.020521805,1.026629952994996
1188.2622206372916,0.9679171,0.020417087,1.0263866291896953
1188.272174679192,0.97847,0.02052341,1.026037263946327
1188.2821287210922,0.95465165,0.020277752,1.0256061500819982
1188.2920827629923,0.9629509,0.020360336,1.025123925368878
1188.3020368048926,0.95569706,0.020289171,1.0246302572725623
1188.311990846793,0.9404849,0.020125763,1.024168965211678
1188.321944888693,0.9573453,0.020415418,1.0237727834872683
1188.3318989305933,0.924302,0.02070421,1.0234671538939963
1188.3418529724936,0.9269467,0.020721802,1.0232853162952387
1188.351807014394,0.96007454,0.021585809,1.0232127320581608
1188.361761056294,0.9779534,0.021865815,1.0232408461187668
1188.3717150981943,0.96355605,0.02210538,1.0233532956654021
1188.3816691400946,0.95891404,0.022097794,1.0235310702107665
1188.3916231819949,0.9435184,0.021956591,1.023739768995669
1188.401577223895,0.928592,0.022113536,1.023960082127351
1188.4115312657952,0.94897395,0.022780363,1.0241760681396177
1188.4214853076955,0.9420358,0.022407284,1.0243730933326392
1188.4314393495956,0.950896,0.022527816,1.0245450237084741
1188.441393391496,0.8968051,0.022358451,1.0246880357414963
1188.4513474333962,0.92941105,0.02223742,1.0248011165639654
1188.4613014752965,0.9324001,0.021823311,1.0248893219337076
1188.4712555171966,0.9358312,0.02208568,1.024967674953047
1188.481209559097,0.889426,0.022040747,1.0250501516500954
1188.4911636009972,0.9119291,0.021901898,1.0251517293824743
1188.5011176428973,0.895756,0.021595841,1.0252849925514855
1188.5110716847976,0.8972108,0.021556139,1.0254521535226848
1188.5210257266979,0.9258887,0.021749793,1.02565339921154
1188.5309797685982,0.9081525,0.021544829,1.0258874212843465
1188.5409338104982,0.8671679,0.021236755,1.0261481557599523
1188.5508878523985,0.89330035,0.02122911,1.0264278829950506
1188.5608418942988,0.90594226,0.021488454,1.0267238533102099
1188.570795936199,0.92000043,0.022030545,1.0270385564820381
1188.5807499780992,0.89045703,0.022039661,1.027377745766747
1188.5907040199995,0.8711599,0.021626385,1.0277485300071847
1188.6006580618998,0.9021516,0.021910433,1.0281609621544336
1188.6106121038,0.8866313,0.021843987,1.028631679431309
1188.6205661457002,0.86959887,0.021207321,1.0291686006993062
1188.6305201876005,0.8691903,0.02195333,1.029773483342391
1188.6404742295006,0.91859937,0.02240552,1.0304472953762185
1188.6504282714009,0.8952824,0.022155901,1.031190950264741
1188.6603823133012,0.846191,0.021187862,1.0319847062618823
1188.6703363552015,0.892034,0.021994006,1.032807019195771
1188.6802903971015,0.89910847,0.022001255,1.0336380755189711
1188.6902444390018,0.8385823,0.020873865,1.0344562209087522
1188.7001984809021,0.85369617,0.020783374,1.035245431930501
1188.7101525228022,0.8755777,0.020779187,1.0359939578068487
1188.7201065647025,0.88623786,0.021337716,1.036690534038275
1188.7300606066028,0.8217038,0.020300992,1.0373132808511583
1188.7400146485031,0.87536067,0.021361252,1.0378583352133095
1188.7499686904032,0.8833347,0.021051733,1.0383196943102573
1188.7599227323035,0.8628374,0.02091203,1.0386944208364794
1188.7698767742038,0.8936395,0.020901093,1.0389727563413935
1188.779830816104,0.8756644,0.020093068,1.0391768896182005
1188.7897848580042,0.8788128,0.019867433,1.0393192322741287
1188.7997388999045,0.85798514,0.019218225,1.0394130661337506
1188.8096929418048,0.8676854,0.019294778,1.0394708152846885
1188.8196469837048,0.8802432,0.019431164,1.039516155346316
1188.8296010256051,0.8920361,0.01955486,1.0395654291299044
1188.8395550675054,0.87097216,0.019328415,1.039634068040723
1188.8495091094055,0.89134836,0.019547837,1.03973875972978
1188.8594631513058,0.8957596,0.019592512,1.0398814985657738
1188.8694171932061,0.8882772,0.019510573,1.0400642562507667
1188.8793712351064,0.9038695,0.019673705,1.0402882050840083
1188.8893252770065,0.90075725,0.019638851,1.0405563944606937
1188.8992793189068,0.89892626,0.019619636,1.04086268317636
1188.909233360807,0.8726609,0.01933551,1.0412069347188295
1188.9191874027074,0.8659834,0.019263169,1.041591358644514
1188.9291414446075,0.9016998,0.01964323,1.0420201497194956
1188.9390954865078,0.90728736,0.01970222,1.0424899703266388
1188.949049528408,0.93599313,0.020002713,1.0430027203490728
1188.9590035703081,0.9537413,0.020190606,1.0435637147963834
1188.9689576122084,0.92813087,0.019921063,1.0441793080995063
1188.9789116541087,0.94325316,0.020077338,1.044848114439713
1188.9888656960088,0.9479255,0.020125227,1.045573688879898
1188.9988197379091,0.9373988,0.020016473,1.0463628353559433
1189.0087737798094,0.9847688,0.020504469,1.0472164052282427
1189.0187278217097,0.98264956,0.020482654,1.0481217587222504
1189.0286818636098,0.9821257,0.020475172,1.049064871574223
1189.03863590551,0.95159864,0.020159582,1.0500229133193395
1189.0485899474104,0.9692754,0.020338448,1.0509600800042909
1189.0585439893107,0.9661259,0.020306403,1.0518422589044056
1189.0684980312108,0.9404971,0.020037282,1.05263758020046
1189.078452073111,0.98504573,0.020495072,1.0533068216745065
1189.0884061150114,0.9780736,0.020425158,1.0538351052141341
1189.0983601569114,0.9636596,0.020276703,1.0542294004551267
1189.1083141988117,0.97235745,0.020363038,1.054498876934666
1189.118268240712,0.9517343,0.020150535,1.0546521023038529
1189.1282222826123,0.9494856,0.0201255,1.0547222266395917
1189.1381763245124,0.96284133,0.020265367,1.0547389406230792
1189.1481303664127,0.93678504,0.019991353,1.0547227050386607
1189.158084408313,0.96529955,0.020285187,1.0546894239240343
1189.168038450213,0.96439844,0.020276813,1.0546532659767498
1189.1779924921134,0.98561245,0.020493623,1.05462120749653
1189.1879465340137,0.98998183,0.02053692,1.0545967890642254
1189.197900575914,0.9733585,0.020368494,1.0545830048920595
1189.207854617814,0.9702835,0.020334294,1.0545794416800207
1189.2178086597144,0.9384092,0.020004712,1.054585759592827
1189.2277627016147,0.967801,0.020308599,1.0546019135769988
1189.2377167435147,0.9921739,0.020554617,1.0546294888968044
1189.247670785415,0.9947545,0.02057968,1.0546676071356502
1189.2576248273153,0.9663776,0.020290043,1.0547165090803696
1189.2675788692156,0.97023344,0.020326288,1.0547766408857473
1189.2775329111157,0.9523728,0.020135969,1.054850201032696
1189.287486953016,0.98194945,0.020446215,1.0549356307422608
1189.2974409949163,0.98082495,0.020435039,1.0550328271605123
1189.3073950368164,0.9604492,0.020222029,1.0551417407018833
1189.3173490787167,0.9528703,0.020144198,1.0552640972283607
1189.327303120617,0.9649335,0.02026331,1.055397898145392
1189.3372571625173,0.9561243,0.020173552,1.0555431277529068
1189.3472112044174,0.9573496,0.020185817,1.0557000087916588
1189.3571652463177,0.94867885,0.020095581,1.055870272900293
1189.367119288218,0.9906355,0.020526528,1.0560523539231554
1189.377073330118,0.96298885,0.02024079,1.0562464640339841
1189.3870273720183,1.0026883,0.020645052,1.0564531653705995
1189.3969814139186,0.94370043,0.02003996,1.056674081595332
1189.406935455819,0.95911187,0.020196795,1.0569075178297278
1189.416889497719,0.95170635,0.020119097,1.057153342004702
1189.4268435396193,0.9663495,0.0202686,1.0574116501772126
1189.4367975815196,0.9224361,0.01981174,1.0576827001507014
1189.44675162342,0.9565585,0.020167975,1.057963893846714
1189.45670566532,0.93713105,0.019962745,1.0582537161149037
1189.4666597072203,0.91733956,0.019758048,1.0585503526699243
1189.4766137491206,0.9867958,0.020471327,1.0588511248089103
1189.4865677910207,0.95299745,0.020122152,1.0591526266566822
1189.496521832921,0.9873914,0.02047768,1.0594521263066896
1189.5064758748213,0.99190515,0.020520708,1.059746494939597
1189.5164299167213,0.9531704,0.020125374,1.0600323145650543
1189.5263839586216,0.9781061,0.02038234,1.0603074043877645
1189.536338000522,0.98610014,0.020457743,1.0605687949245506
1189.5462920424222,0.983163,0.02043119,1.0608112289080402
1189.5562460843223,0.95859385,0.02017334,1.0610280503959169
1189.5662001262226,0.9657157,0.020247495,1.0612141745020658
1189.576154168123,0.9245534,0.019817682,1.061362063717259
1189.5861082100232,0.97321165,0.020322163,1.0614602104477904
1189.5960622519233,0.963381,0.020219008,1.0615024015104906
1189.6060162938236,0.9622874,0.020210402,1.0614903147418193
1189.615970335724,0.953663,0.020121435,1.0614254200474846
1189.625924377624,0.947563,0.020052997,1.0613095739279668
1189.6358784195243,0.94790155,0.020053415,1.0611559279067397
1189.6458324614246,0.9668075,0.020248534,1.0609808243422139
1189.6557865033249,0.96768105,0.020253904,1.0607972856959438
1189.665740545225,0.96361154,0.020213135,1.0606172997746246
1189.6756945871252,0.9540546,0.020115277,1.060449164500139
1189.6856486290255,0.9340428,0.019906214,1.0602960025129857
1189.6956026709256,0.9400123,0.019967442,1.0601587123102765
1189.705556712826,0.92688817,0.019831372,1.0600380630699267
1189.7155107547262,0.96185046,0.020196522,1.0599309570672815
1189.7254647966265,0.9490168,0.020060703,1.059834733501699
1189.7354188385266,0.9722229,0.020297308,1.0597475959947387
1189.7453728804269,0.9211639,0.019766727,1.0596687218735354
1189.7553269223272,0.9230065,0.019789444,1.0595957402436464
1189.7652809642273,0.9279255,0.019834626,1.0595268282923143
1189.7752350061276,0.9450595,0.02000976,1.059460321019347
1189.7851890480279,0.95661044,0.020129174,1.0593945671731877
1189.7951430899282,0.9856503,0.020423979,1.0593285071566068
1189.8050971318282,0.92456126,0.019795394,1.0592626200073143
1189.8150511737285,0.94210947,0.01997794,1.059198790082124
1189.8250052156288,0.91962737,0.01974054,1.0591413543319117
1189.834959257529,0.95320576,0.02008882,1.0590935522928318
1189.8449132994292,0.8934917,0.019463314,1.0590579485325151
1189.8548673413295,0.93226665,0.019870125,1.0590355980057122
1189.8648213832298,0.92617506,0.019807406,1.0590270677917062
1189.8747754251299,0.95945334,0.020149633,1.0590270322300797
1189.8847294670302,0.90499127,0.019577688,1.059031399618807
1189.8946835089305,0.90846914,0.019619513,1.0590362379379323
1189.9046375508306,0.95104057,0.020060094,1.0590380171050704
1189.9145915927309,0.89387846,0.019462254,1.0590361547040734
1189.9245456346312,0.9318157,0.019858958,1.059031586375174
1189.9344996765315,0.89113,0.019429661,1.0590264657156776
1189.9444537184315,0.9419492,0.019962639,1.0590242196602395
1189.9544077603318,0.8901853,0.019418485,1.0590275277504098
1189.9643618022321,0.9051212,0.019575289,1.0590387008578355
1189.9743158441322,0.8985799,0.019504657,1.059059837090265
1189.9842698860325,0.86090875,0.019100238,1.0590938235847152
1189.9942239279328,0.87018394,0.019202337,1.0591401498463964
1190.004177969833,0.86465776,0.019138115,1.0591994071641002
1190.0141320117332,0.9470374,0.020005116,1.0592723247533493
1190.0240860536335,0.9030591,0.019545862,1.0593601549430038
1190.0340400955338,0.8049121,0.018473353,1.0594610086246126
1190.0439941374339,0.82943827,0.018754164,1.0595748896293926
1190.0539481793342,0.85442525,0.019020464,1.0597028119936311
1190.0639022212345,0.82175654,0.018665059,1.059847054274311
1190.0738562631348,0.7855269,0.01825495,1.0600075286268371
1190.0838103050348,0.7870584,0.018271126,1.0601859621259873
1190.0937643469351,0.77183336,0.018097866,1.060384996860056
1190.1037183888354,0.7320743,0.017636912,1.060606783264193
1190.1136724307357,0.7350635,0.017666094,1.0608489345067338
1190.1236264726358,0.7197507,0.017488668,1.0611104243825316
1190.133580514536,0.6916827,0.017149882,1.061390556046511
1190.1435345564364,0.7014764,0.017266728,1.0616875835692698
1190.1534885983365,0.6707627,0.016895395,1.0619980455530955
1190.1634426402368,0.6591189,0.016746685,1.0623206586267322
1190.173396682137,0.62618715,0.016331738,1.062655407230792
1190.1833507240372,0.6488583,0.016617475,1.0630020177613195
1190.1933047659375,0.6130668,0.01616619,1.0633593594652433
1190.2032588078378,0.58929986,0.01585548,1.0637275257895307
1190.213212849738,0.5744443,0.015661407,1.0641078235310453
1190.2231668916381,0.52446014,0.014978556,1.064501046973704
1190.2331209335384,0.49532932,0.014567946,1.0649073080633016
1190.2430749754387,0.47196487,0.0142280115,1.0653279075053197
1190.253029017339,0.48088726,0.014360341,1.0657658004434771
1190.262983059239,0.46455494,0.014120312,1.0662218703627737
1190.2729371011394,0.45455283,0.013971253,1.0666951116611747
1190.2828911430397,0.4269078,0.013551524,1.0671847038429059
1190.2928451849398,0.44747376,0.013864554,1.0676898765885428
1190.30279922684,0.45094082,0.013917263,1.0682059898778533
1190.3127532687404,0.4496989,0.013895149,1.0687268928505895
1190.3227073106407,0.4258652,0.013534041,1.0692451777298773
1190.3326613525408,0.44301817,0.01379571,1.069746622317469
1190.342615394441,0.44311926,0.01379342,1.0702097987217616
1190.3525694363414,0.43092474,0.013610041,1.070604715102963
1190.3625234782414,0.40336472,0.013178006,1.0708934303088613
1190.3724775201417,0.40273216,0.013168485,1.0710240391296384
1190.382431562042,0.35238528,0.01234231,1.0709919300644866
1190.3923856039423,0.35518658,0.012391257,1.070806219667762
1190.4023396458424,0.34919903,0.012286423,1.0704720777787318
1190.4122936877427,0.30777815,0.011560333,1.0699715829284626
1190.422247729643,0.30162787,0.011447483,1.0693158918741061
1190.432201771543,0.2951364,0.011327813,1.068507218345638
1190.4421558134434,0.2873481,0.011183511,1.0675443815310406
1190.4521098553437,0.26276538,0.010712737,1.0664102966503186
1190.462063897244,0.2696016,0.010841753,1.0651333715605409
1190.472017939144,0.26438308,0.010742763,1.0637339909050532
1190.4819719810444,0.27042437,0.010857177,1.0622324020239113
1190.4919260229447,0.28410432,0.0111241685,1.0606428960419603
1190.5018800648447,0.28895736,0.011212595,1.0590007217565087
1190.511834106745,0.28163514,0.01107089,1.0573239734223496
1190.5217881486453,0.2940408,0.011303121,1.0556229663530763
1190.5317421905456,0.31773806,0.011733623,1.0538992941920933
1190.5416962324457,0.32895574,0.011932979,1.052156695804455
1190.551650274346,0.33673087,0.012065117,1.0503996584619464
1190.5616043162463,0.35564557,0.012387128,1.0486423423404985
1190.5715583581464,0.34960583,0.012285853,1.046910808271981
1190.5815124000467,0.37283137,0.012672756,1.0452095140477566
1190.591466441947,0.37756947,0.012749377,1.0435222293007491
1190.6014204838473,0.39819536,0.013082135,1.0418199020135264
1190.6113745257474,0.40129653,0.013129325,1.0400730670997596
1190.6213285676477,0.3874076,0.012909514,1.0382868154948741
1190.631282609548,0.38482103,0.012866848,1.03647264415426
1190.6412366514483,0.3512522,0.012309887,1.0346427300952266
1190.6511906933483,0.3855367,0.012878261,1.032805959674359
1190.6611447352486,0.36072284,0.012466062,1.0309678306378045
1190.671098777149,0.36269325,0.012500138,1.0291288349009373
1190.681052819049,0.3222847,0.011811325,1.0272875219153104
1190.6910068609493,0.2878347,0.01118432,1.0254410790869044
1190.7009609028496,0.27059048,0.010851847,1.02358868993022
1190.7109149447497,0.25543362,0.010554035,1.0217305510374108
1190.72086898665,0.23260586,0.010088478,1.0198683168046832
1190.7308230285503,0.19340976,0.009236086,1.0180056871025716
1190.7407770704506,0.1744107,0.008791988,1.0161480567357168
1190.7507311123506,0.13958193,0.007906117,1.0143032015277422
1190.760685154251,0.13341598,0.007742503,1.0124878694318344
1190.7706391961513,0.13344732,0.0077381916,1.0107357934834926
1190.7805932380516,0.09944152,0.0067376196,1.0090703206642042
1190.7905472799516,0.084802024,0.00625239,1.0075098831820888
1190.800501321852,0.073158845,0.0058332644,1.0060646439653944
1190.8104553637522,0.06678442,0.005596495,1.0047354413311118
1190.8204094056523,0.06247407,0.0054244874,1.0035013094114766
1190.8303634475526,0.052122742,0.004989339,1.0023566688769365
1190.840317489453,0.04908419,0.0048559536,1.0013033534365472
1190.850271531353,0.050380938,0.004911558,1.0003451567841517
1190.8602255732533,0.046054795,0.004813117,0.9994730279530419
1190.8701796151536,0.040786505,0.004561385,0.9986879579699062
1190.8801336570539,0.039775215,0.0045720646,0.9979969228606886
1190.890087698954,0.039090402,0.0045722807,0.9974049762671946
1190.9000417408542,0.036068458,0.004466789,0.9969041455254246
1190.9099957827545,0.0403118,0.0047374386,0.9964955005541507
1190.9199498246549,0.03810175,0.0046616793,0.9961865746869936
1190.929903866555,0.04183647,0.0049105682,0.9959798550382555
1190.9398579084552,0.0478799,0.005249615,0.9958658394846986
1190.9498119503555,0.054327123,0.0054559335,0.9958434273992269
1190.9597659922556,0.05241079,0.0054067196,0.9959183066636434
1190.969720034156,0.059591606,0.0057720942,0.996089591403604
1190.9796740760562,0.06310796,0.0059586777,0.9963481697182333
1190.9896281179565,0.07532631,0.006435036,0.9966930142003336
1190.9995821598566,0.08213027,0.0065901084,0.9971304328898276
1191.0095362017569,0.08554471,0.006745321,0.9976584294791258
1191.0194902436572,0.09774561,0.007219958,0.9982684694283281
1191.0294442855572,0.111044906,0.007606277,0.9989581450221179
1191.0393983274575,0.11051848,0.0075665317,0.9997303909899601
1191.0493523693578,0.12559421,0.007981294,1.00057678832574
1191.0593064112581,0.13983276,0.0084813805,1.00148403124451
1191.0692604531582,0.1668823,0.0092108175,1.0024430148915926
1191.0792144950585,0.16843508,0.009279673,1.0034488291017285
1191.0891685369588,0.19187698,0.009757774,1.0044937301190966
1191.099122578859,0.21480748,0.010417747,1.0055747712782264
1191.1090766207592,0.23441692,0.0111007085,1.006696304433219
1191.1190306626595,0.25588432,0.011474215,1.0078735046549396
1191.1289847045598,0.24933562,0.011274219,1.0091192558483444
1191.1389387464599,0.2914434,0.012142285,1.010447047099348
1191.1488927883602,0.29796162,0.012129467,1.011872748058745
1191.1588468302605,0.33212006,0.012910723,1.013414917090861
1191.1688008721605,0.3462657,0.0132940505,1.0150542837514427
1191.1787549140608,0.3767988,0.0138182705,1.0167650485648965
1191.1887089559611,0.4041525,0.014121468,1.0185321626790582
1191.1986629978614,0.41552868,0.014442801,1.020357693435526
1191.2086170397615,0.4752374,0.015567976,1.02223966637991
1191.2185710816618,0.47417894,0.015284352,1.0241745666263524
1191.2285251235621,0.51119864,0.015625792,1.026154955108412
1191.2384791654622,0.5483487,0.016004968,1.0281689383605768
1191.2484332073625,0.5715745,0.016536765,1.030191250596292
1191.2583872492628,0.60686225,0.016993294,1.0321988566749256
1191.268341291163,0.6324833,0.01748452,1.0341705852425784
1191.2782953330632,0.6117926,0.017215937,1.0360792593874868
1191.2882493749635,0.659946,0.0178038,1.0379170097880421
1191.2982034168638,0.7024253,0.018162047,1.0396813298708194
1191.308157458764,0.69537085,0.017728658,1.0413743202488555
1191.3181115006641,0.7315573,0.01796124,1.042993550359692
1191.3280655425644,0.7877283,0.018316021,1.044553946869107
1191.3380195844647,0.78591377,0.018160578,1.0460606117880706
1191.3479736263648,0.7908862,0.018220209,1.0475126856972872
1191.3579276682651,0.7778032,0.018066604,1.04890010515272
1191.3678817101654,0.8229744,0.018572796,1.0502408727266779
1191.3778357520655,0.84491813,0.018810539,1.0515612827823024
1191.3877897939658,0.8640939,0.019019432,1.052889068377961
1191.397743835866,0.8569338,0.018940436,1.0542392737229143
1191.4076978777664,0.84350574,0.018792706,1.055594305146394
1191.4176519196665,0.8618425,0.01898931,1.056931151746753
1191.4276059615668,0.82782507,0.018623734,1.058234862031729
1191.437560003467,0.8844627,0.019231945,1.0594959686253325
1191.4475140453674,0.88616306,0.019248141,1.0607231386021954
1191.4574680872674,0.8908131,0.019296464,1.0619195576830587
1191.4674221291677,0.8730926,0.019108608,1.0630863313287033
1191.477376171068,0.9329952,0.019737447,1.0642161636134908
1191.4873302129681,0.9082839,0.019479018,1.0653094119029591
1191.4972842548684,0.93256146,0.019730672,1.0663598819485158
1191.5072382967687,0.94532585,0.019863991,1.0673601219723108
1191.517192338669,0.9115188,0.019512398,1.0682928812187136
1191.527146380569,0.9849838,0.02026563,1.0691594931617492
1191.5371004224694,0.9569078,0.019976271,1.0699527705171863
1191.5470544643697,0.92325896,0.019632237,1.0706635278851508
1191.5570085062698,0.93905085,0.019796379,1.0712686790208092
1191.56696254817,0.93604815,0.019761901,1.0717776980389375
1191.5769165900704,0.94270724,0.019830067,1.0721990169448927
1191.5868706319707,0.9281431,0.019679599,1.072552784545715
1191.5968246738707,0.96069086,0.02000836,1.0728631793757526
1191.606778715771,0.9681809,0.020087205,1.0731571023717008
1191.6167327576713,0.9198596,0.019589813,1.0734433818587676
1191.6266867995714,0.9043877,0.019424902,1.0737249905982549
1191.6366408414717,0.9315325,0.019708678,1.0740026327736814
1191.646594883372,0.99023086,0.020304967,1.0742780312746252
1191.6565489252723,0.9829549,0.020229485,1.074552981244084
1191.6665029671724,0.91015714,0.019484323,1.074829869362346
1191.6764570090727,0.9028147,0.019401882,1.0751117656995595
1191.686411050973,0.9064333,0.01944005,1.0753999529417733
1191.696365092873,0.9712819,0.020109823,1.0756950718692926
1191.7063191347734,0.9502021,0.019893635,1.0759967070454992
1191.7162731766737,0.92257124,0.019610798,1.0763032103859997
1191.726227218574,0.9250932,0.019633852,1.0766113846025025
1191.736181260474,0.96857464,0.020079207,1.0769190040449446
1191.7461353023743,0.9844038,0.020239303,1.077224654597758
1191.7560893442746,0.9737074,0.020131648,1.077528630950895
1191.7660433861747,0.9523951,0.019911356,1.0778335813159694
1191.775997428075,0.92441165,0.019619651,1.078143417039525
1191.7859514699753,0.9592083,0.019980814,1.078463930070784
1191.7959055118756,1.0097739,0.02048779,1.0788029801940167
1191.8058595537757,0.983738,0.020226466,1.0791646267306554
1191.815813595676,0.9708218,0.020093063,1.0795535706699213
1191.8257676375763,0.97698134,0.020157168,1.07997535881724
1191.8357216794766,0.972804,0.020113505,1.0804352188937707
1191.8456757213767,0.9662684,0.020047419,1.0809297879527155
1191.855629763277,0.9807394,0.020192282,1.08145645593309
1191.8655838051773,0.9512442,0.019890329,1.0820088455345385
1191.8755378470773,0.9412427,0.019789081,1.0825709668543073
1191.8854918889776,0.90875524,0.019448917,1.083119800686762
1191.895445930878,0.9319926,0.019691588,1.0836324379514304
1191.905399972778,0.94532645,0.019826932,1.0840821316931524
1191.9153540146783,0.9669984,0.020047544,1.0844445243587522
1191.9253080565786,0.9606725,0.01998096,1.0847154206836378
1191.935262098479,0.9451259,0.019823711,1.084889302058887
1191.945216140379,0.9596207,0.01996746,1.0849577217044075
1191.9551701822793,0.95827574,0.0199544,1.0849171662574189
1191.9651242241796,0.97825897,0.020156836,1.0847782612623773
1191.97507826608,0.93861884,0.01974684,1.0845421030674878
1191.98503230798,0.9476599,0.019841824,1.0842052777884525
1191.9949863498803,0.99416393,0.020314837,1.0837733088687371
1192.0049403917806,0.94569737,0.01982198,1.0832663424299454
1192.0148944336806,0.963368,0.02000159,1.0826989013288528
1192.024848475581,0.9501745,0.019865116,1.082085845617307
1192.0348025174812,0.97844344,0.020154312,1.0814487268687851
1192.0447565593813,0.9625142,0.019988734,1.0808102553315326
1192.0547106012816,0.9835463,0.020204464,1.0801887993504116
1192.064664643182,0.95472056,0.01990827,1.0796035458180857
1192.0746186850822,0.9400001,0.01975526,1.0790668864908042
1192.0845727269823,0.96371543,0.01999912,1.0785793786837523
1192.0945267688826,0.92839074,0.019636383,1.0781403814731112
1192.104480810783,0.9410458,0.01976741,1.0777495106856565
1192.1144348526832,0.94827473,0.019839805,1.0774002764663062
1192.1243888945833,0.9094856,0.019436633,1.0770835655435285
1192.1343429364836,0.96688104,0.020023094,1.0767944723727216
1192.1442969783839,0.93912154,0.01974125,1.0765305816434356
1192.154251020284,0.92108965,0.019556355,1.0762875310255884
1192.1642050621842,0.95567214,0.019909455,1.0760605222240822
1192.1741591040845,0.9653422,0.02000553,1.0758465197913916
1192.1841131459848,0.97767997,0.020130778,1.0756429879433198
1192.194067187885,0.9832539,0.020187274,1.0754461106485973
1192.2040212297852,0.91537845,0.01949479,1.0752527054237437
1192.2139752716855,0.94266033,0.019768625,1.0750610425209441
1192.2239293135856,0.970043,0.020051397,1.0748705599769284
1192.233883355486,0.9629786,0.01997747,1.074681993727268
1192.2438373973862,0.94961536,0.01984054,1.0744968019477943
1192.2537914392865,0.935892,0.019698597,1.0743166307575092
1192.2637454811866,0.93114245,0.019647762,1.074143696967225
1192.2736995230869,0.9553115,0.019895649,1.0739792065190779
1192.2836535649872,0.9621457,0.01996379,1.0738241186664437
1192.2936076068872,0.9714161,0.020058878,1.0736805819994415
1192.3035616487875,0.93910027,0.019727873,1.0735540765304878
1192.3135156906878,0.9249592,0.019578513,1.0734496273423952
1192.3234697325881,0.94555,0.01979318,1.0733712092592458
1192.3334237744882,0.94905615,0.019826388,1.073322884033103
1192.3433778163885,0.9230964,0.019556602,1.073310667482926
1192.3533318582888,0.9449886,0.01978316,1.0733329544672863
1192.3632859001889,0.942003,0.019750861,1.0733859057593913
1192.3732399420892,0.9568429,0.01990277,1.0734665506149916
1192.3831939839895,0.9530947,0.019861834,1.0735736775683806
1192.3931480258898,0.923052,0.019555166,1.0737019616101624
1192.4031020677899,0.89759934,0.01928639,1.073847245957606
1192.4130561096902,0.922426,0.019549258,1.0740072376807543
1192.4230101515905,0.9055775,0.019369898,1.0741816253459153
1192.4329641934905,0.9109463,0.019423826,1.074368263956218
1192.4429182353908,0.91684234,0.019484323,1.0745656496241738
1192.4528722772911,0.901451,0.019324332,1.0747729171961615
1192.4628263191914,0.89540756,0.019261178,1.0749900699393948
1192.4727803610915,0.9621833,0.01994978,1.0752154953249518
1192.4827344029918,0.92781216,0.019596038,1.0754483646073079
1192.492688444892,0.9072878,0.019382983,1.0756890402342971
1192.5026424867924,0.91262,0.019438574,1.0759400902353198
1192.5125965286925,0.9356319,0.019675141,1.0762027553338036
1192.5225505705928,0.8964959,0.019266162,1.0764777415766524
1192.532504612493,0.8499899,0.01876967,1.0767648427903582
1192.5424586543932,0.85661334,0.018842055,1.077063075070594
1192.5524126962935,0.88126653,0.019103082,1.0773682425090911
1192.5623667381938,0.8854812,0.019146778,1.077677806817365
1192.5723207800938,0.8569328,0.018843466,1.0779914580720469
1192.5822748219941,0.88115704,0.019099878,1.0783125958933908
1192.5922288638944,0.87635374,0.019049061,1.0786460514177776
1192.6021829057947,0.8801961,0.01908951,1.0789975354288464
1192.6121369476948,0.8822829,0.019110914,1.0793730489779643
1192.622090989595,0.86781704,0.018954966,1.0797822783052973
1192.6320450314954,0.8158733,0.018390024,1.0802269668021125
1192.6419990733957,0.819468,0.018430635,1.080709146152632
1192.6519531152958,0.8334685,0.018582402,1.0812319722577666
1192.661907157196,0.8576293,0.018844394,1.081805928404458
1192.6718611990964,0.83815044,0.018633267,1.0824320893745014
1192.6818152409965,0.85715026,0.018837033,1.0831138492319763
1192.6917692828968,0.85588187,0.018820712,1.083854695077239
1192.701723324797,0.82650137,0.01850358,1.084662849202373
1192.7116773666971,0.8680071,0.018949227,1.0855263442215748
1192.7216314085974,0.8727555,0.018998168,1.0864327276856995
1192.7315854504977,0.839089,0.018636223,1.0873664543113413
1192.741539492398,0.8517435,0.018774986,1.0883055141885045
1192.751493534298,0.88020235,0.019076884,1.0892214610655677
1192.7614475761984,0.8704188,0.018971916,1.0900874408127772
1192.7714016180987,0.8846858,0.019122379,1.0908766145568778
1192.781355659999,0.87792766,0.019050969,1.091547699505139
1192.791309701899,0.8494935,0.018745018,1.0920931373582397
1192.8012637437994,0.857348,0.018831525,1.0925066429762618
1192.8112177856997,0.8930324,0.019207356,1.0927859304916405
1192.8211718275998,0.8870238,0.019144746,1.0929159962910755
1192.8311258695,0.8942227,0.019221338,1.0929220048019193
1192.8410799114004,0.8556899,0.018807055,1.0928197251881664
1192.8510339533007,0.90250194,0.019305347,1.09262683001411
1192.8609879952007,0.85677046,0.01882087,1.0923592952037962
1192.870942037101,0.8762105,0.019025637,1.0920527398466624
1192.8808960790013,0.9086675,0.01936964,1.091726111038933
1192.8908501209014,0.90242004,0.019305283,1.09138678606466
1192.9008041628017,0.849031,0.018735232,1.0910267296258458
1192.910758204702,0.8157886,0.018369578,1.0906340029457096
1192.9207122466023,0.84778166,0.018717218,1.0901961516289929
1192.9306662885024,0.85160244,0.018757295,1.0897048882718032
1192.9406203304027,0.8498413,0.018737918,1.089149648743137
1192.950574372303,0.87010676,0.018956063,1.0885424305942828
1192.960528414203,0.8494595,0.018730782,1.0878918765116707
1192.9704824561034,0.8275839,0.018496644,1.0872075520194158
1192.9804364980037,0.80135727,0.018204497,1.0864975218360078
1192.990390539904,0.8422771,0.018653462,1.0857748185595368
1193.000344581804,0.7741028,0.017897721,1.0850448634246397
1193.0102986237043,0.7844745,0.018013204,1.0843092769746567
1193.0202526656046,0.77930933,0.017956207,1.08356520842684
1193.0302067075047,0.7691453,0.017839216,1.0828107687039752
1193.040160749405,0.7466077,0.017582811,1.0820448814581256
1193.0501147913053,0.7245475,0.017324595,1.0812685275176275
1193.0600688332056,0.7362545,0.017459389,1.0804840283390234
1193.0700228751057,0.7328213,0.017420322,1.0796975877685373
1193.079976917006,0.7044378,0.01708715,1.0789145628675356
1193.0899309589063,0.67846686,0.016775046,1.078140916714966
1193.0998850008064,0.65971935,0.016546879,1.0773867159142565
1193.1098390427067,0.6867029,0.016873721,1.0766569686024934
1193.119793084607,0.6414955,0.01632186,1.0759577812636634
1193.1297471265073,0.6294285,0.016171394,1.075294783137984
1193.1397011684073,0.60912836,0.015911851,1.074679959971325
1193.1496552103076,0.58051354,0.015529901,1.0741111948920294
1193.159609252208,0.56934196,0.015384654,1.07359036783286
1193.1695632941082,0.52624977,0.014805945,1.073118180183675
1193.1795173360083,0.5505535,0.015137649,1.0727014948564557
1193.1894713779086,0.5114366,0.014602177,1.0723307587103754
1193.199425419809,0.50356287,0.014493258,1.0720034003427048
1193.209379461709,0.47527578,0.0140921455,1.0717171858208823
1193.2193335036093,0.43976077,0.0135678,1.0714764585148424
1193.2292875455096,0.46321884,0.013915677,1.0712737945817905
1193.2392415874097,0.38892025,0.012785161,1.0711084846530636
1193.24919562931,0.37689915,0.012590003,1.0709800915527263
1193.2591496712103,0.34934404,0.012138355,1.0708934109355075
1193.2691037131106,0.35311225,0.012198803,1.0708405656628295
1193.2790577550106,0.34039065,0.011983484,1.0708185467052482
1193.289011796911,0.2900952,0.011093532,1.0708236782754623
1193.2989658388112,0.273475,0.010780897,1.070855232067871
1193.3089198807115,0.26285368,0.0105760805,1.0709057607093315
1193.3188739226116,0.2661899,0.010639181,1.0709730703076485
1193.328827964512,0.24417834,0.0102073485,1.071056143358335
1193.3387820064122,0.25345698,0.010389535,1.0711572539914596
1193.3487360483123,0.25968927,0.010515304,1.0712734622338709
1193.3586900902126,0.26955083,0.010700569,1.0714038698293198
1193.3686441321129,0.26816273,0.010805117,1.0715474082470244
1193.3785981740132,0.26552182,0.010938366,1.0717055131531723
1193.3885522159133,0.27726734,0.011226039,1.0718767788989343
1193.3985062578136,0.2730301,0.011323348,1.0720631126646725
1193.4084602997139,0.29887056,0.011984502,1.0722671394991568
1193.418414341614,0.33342743,0.012627118,1.0724945236299552
1193.4283683835142,0.34304053,0.0128732305,1.0727411054660527
1193.4383224254145,0.33623746,0.012695515,1.0729996579809664
1193.4482764673148,0.34305382,0.013098034,1.0732532816666525
1193.458230509215,0.37642425,0.013818888,1.0734639548647116
1193.4681845511152,0.35285488,0.013198937,1.0736064129227803
1193.4781385930155,0.40089095,0.014148244,1.0736695774905431
1193.4880926349156,0.3687244,0.01366925,1.0736594376799729
1193.4980466768159,0.354251,0.013135457,1.073584647973402
1193.5080007187162,0.34182796,0.01288,1.0734754933234698
1193.5179547606165,0.34153235,0.01295277,1.0733513930420455
1193.5279088025165,0.33392057,0.012960256,1.0732315182317453
1193.5378628444168,0.33131173,0.012721241,1.0731389016052983
1193.5478168863172,0.30161327,0.012137065,1.0730830581574946
1193.5577709282172,0.28214642,0.011673933,1.0730678266702283
1193.5677249701175,0.25975937,0.011281963,1.0730885825211953
1193.5776790120178,0.23968278,0.010823104,1.0731329744861573
1193.5876330539181,0.22325258,0.010400624,1.0731754757127752
1193.5975870958182,0.17128018,0.009186897,1.0731956052590756
1193.6075411377185,0.16078697,0.009005535,1.0731759589976535
1193.6174951796188,0.14764592,0.00868507,1.0730953727891883
1193.6274492215189,0.110642515,0.007613599,1.0729585576640426
1193.6374032634192,0.104123205,0.007333043,1.0727736460184327
1193.6473573053195,0.09489037,0.007178104,1.0725622121348464
1193.6573113472198,0.09498221,0.006995838,1.0723575230305706
1193.6672653891198,0.08610554,0.006837785,1.0721809000510027
1193.6772194310201,0.063071765,0.006024424,1.0720374392445657
1193.6871734729204,0.05752189,0.0055190865,1.0719238747723865
1193.6971275148207,0.050233845,0.005350944,1.07183557262949
1193.7070815567208,0.0424419,0.004987535,1.0717584723053477
1193.7170355986211,0.040408958,0.0047918907,1.0716804402262095
1193.7269896405214,0.03804097,0.004603374,1.0715879544668834
1193.7369436824215,0.034669854,0.004348665,1.0714640816910128
1193.7468977243218,0.030501032,0.0040439065,1.0713069237593715
1193.756851766222,0.034925126,0.0043075182,1.0711176366933934
1193.7668058081222,0.030191103,0.004036429,1.0709019716550352
1193.7767598500225,0.027519552,0.0039367657,1.070665800464403
1193.7867138919228,0.019704413,0.0033376166,1.0704198996570589
1193.796667933823,0.023517927,0.0035589808,1.0701677351435883
1193.8066219757231,0.032667182,0.0041407016,1.0699081272708293
1193.8165760176234,0.027197005,0.0038193893,1.0696334963423442
1193.8265300595237,0.037985355,0.004332133,1.0693391804441725
1193.836484101424,0.03643592,0.004198485,1.069020288143486
1193.8464381433241,0.041202746,0.0044133486,1.0686749023570574
1193.8563921852244,0.044560395,0.0045761745,1.0683015740401074
1193.8663462271247,0.049248796,0.004789582,1.067910530154858
1193.8763002690248,0.048792034,0.004770058,1.0675097286385689
1193.886254310925,0.058897097,0.0052039274,1.0671079089575577
1193.8962083528254,0.060631864,0.00527414,1.066716269822719
1193.9061623947255,0.06528216,0.005454267,1.0663428451705697
1193.9161164366258,0.07575551,0.0058480157,1.0659952096620389
1193.926070478526,0.08043674,0.006013709,1.0656797501277209
1193.9360245204264,0.09182361,0.0063959206,1.065407973711916
1193.9459785623264,0.09771456,0.0065874886,1.0651768798173076
1193.9559326042267,0.100274734,0.0066667306,1.064987807387499
1193.965886646127,0.12887402,0.007503528,1.0648412759016095
1193.9758406880273,0.14448275,0.007924386,1.0647444706784344
1193.9857947299274,0.15294167,0.00813931,1.0646904220512716
1193.9957487718277,0.16892824,0.0085356,1.0646794242776236
1194.005702813728,0.17696485,0.008725979,1.0647120235948964
1194.015656855628,0.18243842,0.008852408,1.0647963711602122
1194.0256108975284,0.20137067,0.009279354,1.0649260433488004
1194.0355649394287,0.22958922,0.009882665,1.0651016208029893
1194.045518981329,0.25485674,0.010391611,1.065323516101092
1194.055473023229,0.28818953,0.011022333,1.0655995070119277
1194.0654270651294,0.29827446,0.011208454,1.065921953049891
1194.0753811070297,0.3294436,0.011758703,1.066290458224534
1194.0853351489297,0.34462646,0.012017585,1.0667046429068032
1194.09528919083,0.38378656,0.012659048,1.0671715735764091
1194.1052432327303,0.3926658,0.012800214,1.0676840102097036
1194.1151972746306,0.3922946,0.012792751,1.0682422367767295
1194.1251513165307,0.4674225,0.013927083,1.0688471500708143
1194.135105358431,0.4667507,0.013918349,1.0695079948477724
1194.1450594003313,0.47183323,0.013991114,1.070218639233539
1194.1550134422314,0.5129907,0.014571742,1.0709794419948526
1194.1649674841317,0.5177175,0.014636822,1.0717897872239266
1194.174921526032,0.57526225,0.015405108,1.072654426745419
1194.1848755679323,0.58673745,0.015552679,1.0735602869492258
1194.1948296098324,0.6287011,0.016084665,1.0744966108864953
1194.2047836517327,0.65224075,0.016377905,1.0754446461884544
1194.214737693633,0.6549531,0.01640786,1.0763707172251336
1194.224691735533,0.69305074,0.016868085,1.0772516726733294
1194.2346457774333,0.7335265,0.017339299,1.078083482571436
1194.2445998193336,0.7154448,0.0171298,1.078875961937446
1194.254553861234,0.7519236,0.017550051,1.079630908178559
1194.264507903134,0.779701,0.01786335,1.0803355909982244
1194.2744619450343,0.7843995,0.01791443,1.080950421107308
1194.2844159869346,0.8014069,0.018105632,1.0814284720296745
1194.2943700288347,0.77766055,0.01783827,1.0817013040064352
1194.304324070735,0.76742923,0.017723816,1.0817723262715195
1194.3142781126353,0.790511,0.017980797,1.081638714992238
1194.3242321545356,0.80971014,0.018192576,1.0813062395273068
1194.3341861964357,0.8450439,0.018577194,1.080763150592761
1194.344140238336,0.876665,0.018912045,1.080060116281145
1194.3540942802363,0.8215363,0.018321251,1.0792266624894178
1194.3640483221366,0.8403573,0.01852411,1.0782927271730958
1194.3740023640366,0.8583815,0.01871846,1.077278694714228
1194.383956405937,0.88699275,0.019017646,1.0762169577947278
1194.3939104478372,0.85083836,0.018635575,1.075119425451472
1194.4038644897373,0.8553957,0.018682338,1.073990173459899
1194.4138185316376,0.91613483,0.019320836,1.0728261971457564
1194.423772573538,0.8898829,0.0190467,1.0716404269498614
1194.433726615438,0.8932844,0.019117849,1.0704524421428183
1194.4436806573383,0.88594145,0.019519985,1.069286579137922
1194.4536346992386,0.9047386,0.02028689,1.0681770747079256
1194.463588741139,0.8974524,0.020198785,1.067144794707544
1194.473542783039,0.9158915,0.020537775,1.0662088295477359
1194.4834968249393,0.88844115,0.019962236,1.065378681255696
1194.4934508668396,0.91866213,0.0203917,1.0646635923886532
1194.5034049087399,0.91940457,0.020471659,1.0640332085529922
1194.51335895064,0.902239,0.020468777,1.0634658691835952
1194.5233129925402,0.9088359,0.020469414,1.062942724719497
1194.5332670344405,0.90566283,0.020917542,1.0624490886585438
1194.5432210763406,0.87572277,0.02101367,1.061967276309498
1194.553175118241,0.89525265,0.02127264,1.0614891010232048
1194.5631291601412,0.85830885,0.020802144,1.0610124007828037
1194.5730832020415,0.9131529,0.021428403,1.0605423887276417
1194.5830372439416,0.899193,0.021137975,1.0600864610057892
1194.592991285842,0.8436997,0.020532414,1.05964865510915
1194.6029453277422,0.8602014,0.020724025,1.059223674387642
1194.6128993696423,0.8593449,0.020392226,1.0587864563999392
1194.6228534115426,0.8458749,0.020213595,1.0583049931640673
1194.6328074534429,0.85362506,0.020048533,1.0577587623188263
1194.6427614953432,0.8850593,0.020567508,1.0571383293356704
1194.6527155372432,0.90856045,0.021144485,1.056429500767238
1194.6626695791435,0.8854545,0.020853372,1.05563715002776
1194.6726236210438,0.85018784,0.020162947,1.0547596372301589
1194.682577662944,0.85246223,0.020846754,1.0537937469121377
1194.6925317048442,0.8914489,0.02094056,1.052728098038182
1194.7024857467445,0.88396424,0.021068221,1.0515769730804714
1194.7124397886448,0.8632421,0.02100399,1.050353061514789
1194.722393830545,0.8736556,0.021237705,1.049070536403887
1194.7323478724452,0.86600435,0.021051446,1.047744234465927
1194.7423019143455,0.87046254,0.021536933,1.0464006379270603
1194.7522559562456,0.83555937,0.020939883,1.0450599998675745
1194.7622099981459,0.8503883,0.020866858,1.0437379813881975
1194.7721640400462,0.8196183,0.02019884,1.0424508097671676
1194.7821180819465,0.8520784,0.020424431,1.0412034128286092
1194.7920721238465,0.81910866,0.019871846,1.03999706404269
1194.8020261657468,0.83660334,0.020018928,1.0388324661726345
1194.8119802076471,0.81258994,0.019681174,1.037715212271104
1194.8219342495472,0.86186093,0.020520527,1.0366430770886141
1194.8318882914475,0.8273175,0.019757908,1.0356166096773158
1194.8418423333478,0.84648925,0.01988216,1.0346401965228447
1194.8517963752481,0.8536403,0.020437054,1.0337317716827106
1194.8617504171482,0.9154723,0.02090337,1.0329104395039366
1194.8717044590485,0.86592335,0.02017252,1.0322035977361814
1194.8816585009488,0.8285169,0.019574571,1.0316374362530925
1194.8916125428489,0.8755457,0.019840062,1.0312425784692876
1194.9015665847492,0.87502253,0.019759666,1.0310073694438813
1194.9115206266495,0.8548274,0.019383354,1.0309179047282733
1194.9214746685498,0.876182,0.019527206,1.0309687082208154
1194.9314287104498,0.8496139,0.01890209,1.031172280443326
1194.9413827523501,0.877212,0.018943328,1.0315203297490425
1194.9513367942504,0.87179583,0.01883616,1.0320081629119027
1194.9612908361505,0.8444635,0.018545805,1.0326398931348781
1194.9712448780508,0.8562155,0.018669317,1.033437744029087
1194.981198919951,0.81678873,0.018243013,1.0344007964123831
1194.9911529618514,0.7901652,0.017950159,1.0355272102706736
1195.0011070037515,0.83495164,0.018440828,1.0368226452123732
1195.0110610456518,0.8941369,0.01906738,1.038303528927762
1195.021015087552,0.8937741,0.01906373,1.0399427553358718
1195.0309691294524,0.85148764,0.018614948,1.0416986647522668
1195.0409231713525,0.8365457,0.018453997,1.043540428299877
1195.0508772132528,0.8729281,0.01884347,1.045455589837446
1195.060831255153,0.86596614,0.018768223,1.0474341057633667
1195.0707852970531,0.8599542,0.018704416,1.049468172452225
1195.0807393389534,0.83989877,0.018487481,1.05154947331105
1195.0906933808537,0.8572214,0.018673733,1.053661981457211
1195.1006474227538,0.8561327,0.018660497,1.0557735361504208
1195.110601464654,0.8303582,0.018383557,1.0578507305850158
1195.1205555065544,0.8487499,0.018581785,1.0598625180058643
1195.1305095484547,0.85009205,0.018594516,1.061771280246206
1195.1404635903548,0.8613341,0.018714197,1.0635549630042684
1195.150417632255,0.8404059,0.0184894,1.065208189609533
1195.1603716741554,0.8754335,0.018861873,1.0667266763151713
1195.1703257160557,0.8540545,0.018634534,1.0681050581286067
1195.1802797579558,0.81759906,0.018240843,1.0693622265139426
1195.190233799856,0.8862013,0.018972564,1.070525198310441
1195.2001878417564,0.9125171,0.019245874,1.0716092037707692
1195.2101418836564,0.8670169,0.018769609,1.0726184628075188
1195.2200959255567,0.8915269,0.019028636,1.0735553917428478
1195.230049967457,0.8773504,0.018878868,1.074425472233066
1195.2400040093573,0.89530337,0.019066477,1.0752393247320866
1195.2499580512574,0.8977946,0.01909218,1.0760232147306648
1195.2599120931577,0.91196764,0.019237418,1.0768154164561223
1195.269866135058,0.90324324,0.019145697,1.0776391678834565
1195.279820176958,0.89426935,0.019051958,1.078503359624539
1195.2897742188584,0.94911665,0.019614529,1.0794096882653115
1195.2997282607587,0.89964354,0.019108059,1.0803469044835823
1195.309682302659,0.9473542,0.019594992,1.0812932486929423
1195.319636344559,0.89467376,0.019053988,1.0822247324737226
1195.3295903864594,0.9165997,0.019282438,1.083109231696873
1195.3395444283597,0.89575285,0.0190656,1.083915505182923
1195.3494984702597,0.90697145,0.019181555,1.0846336330792894
1195.35945251216,0.88190234,0.018918956,1.0852632196648857
1195.3694065540603,0.8841359,0.018942572,1.0858173053114963
1195.3793605959606,0.93277276,0.019444516,1.0863344927076062
1195.3893146378607,0.9420038,0.019537278,1.0868666331359278
1195.399268679761,0.88044566,0.018903,1.0874611035371642
1195.4092227216613,0.9112861,0.019223107,1.088165124463939
1195.4191767635614,0.8820421,0.018916614,1.0890016984818405
1195.4291308054617,0.85933435,0.018676048,1.0899456569843489
1195.439084847362,0.90106094,0.019113448,1.0909715366062942
1195.4490388892623,0.90061986,0.0191085,1.092059108735886
1195.4589929311624,0.89184016,0.019016886,1.0931942159669257
1195.4689469730627,0.9038622,0.019141404,1.0943628451601581
1195.478901014963,0.9151231,0.01925817,1.095556741522
1195.488855056863,0.8918421,0.01901503,1.0967646279932033
1195.4988090987633,0.9011745,0.019111864,1.0979684687054407
1195.5087631406636,0.9217289,0.019322895,1.0991492851055644
1195.518717182564,0.9401283,0.019509189,1.100289161036974
1195.528671224464,0.93126285,0.019419802,1.1013692678739662
1195.5386252663643,0.8966601,0.019062024,1.1023729617519122
1195.5485793082646,0.85631466,0.018636413,1.103304224464755
1195.558533350165,0.90081304,0.019104822,1.1041654240038838
1195.568487392065,0.86677253,0.018745873,1.1049600036868326
1195.5784414339653,0.90364295,0.019133944,1.1056914447619342
1195.5883954758656,0.91004866,0.019197358,1.1063731430325277
1195.5983495177657,0.8557628,0.01862688,1.107008110355207
1195.608303559666,0.85294104,0.018597553,1.107594282712377
1195.6182576015663,0.87632614,0.018845743,1.1081230070458448
1195.6282116434663,0.8826856,0.018911708,1.1085940566046404
1195.6381656853666,0.8567804,0.018635664,1.1089991200959146
1195.648119727267,0.8603193,0.018673861,1.1093252919516505
1195.6580737691672,0.83863664,0.018440817,1.1095511672178326
1195.6680278110673,0.84518266,0.018511072,1.1096837556217
1195.6779818529676,0.84392226,0.018496662,1.109734835946813
1195.687935894868,0.8514077,0.018576598,1.1097288233217402
1195.6978899367682,0.84679735,0.018526606,1.109692360536425
1195.7078439786683,0.8880456,0.018962482,1.109648508562756
1195.7177980205686,0.84893256,0.018548157,1.1096058552626897
1195.7277520624689,0.8746108,0.018820904,1.109568829881776
1195.737706104369,0.8304101,0.018348409,1.1095420129192697
1195.7476601462693,0.8861363,0.018940276,1.1095278634463903
1195.7576141881696,0.83080524,0.018351462,1.109530064154618
1195.7675682300696,0.8856421,0.018933741,1.1095525754713618
1195.77752227197,0.8724279,0.018794587,1.109602131277813
1195.7874763138702,0.84153247,0.018465264,1.1096776845560472
1195.7974303557705,0.8630476,0.018692434,1.1097805513021488
1195.8073843976706,0.9180903,0.019267622,1.1099116123910155
1195.817338439571,0.8890105,0.018965863,1.110075109911583
1195.8272924814712,0.9010272,0.019089151,1.1102663901042324
1195.8372465233715,0.85009086,0.018553251,1.1104850213659256
1195.8472005652716,0.8624214,0.01868293,1.1107303917373255
1195.8571546071719,0.86520576,0.018713351,1.1110052502582084
1195.8671086490722,0.88202626,0.018888997,1.1113032382096233
1195.8770626909723,0.8606569,0.018663986,1.1116210483567464
1195.8870167328726,0.880259,0.018869855,1.1119537138489588
1195.8969707747729,0.8509966,0.018559976,1.1122944210684935
1195.9069248166732,0.8309005,0.018344913,1.1126322623077867
1195.9168788585732,0.839996,0.018440995,1.112957680406084
1195.9268329004735,0.8411619,0.018454367,1.1132616066330783
1195.9367869423738,0.84547395,0.018497717,1.1135324311785761
1195.946740984274,0.8205794,0.018230101,1.1137723809142035
1195.9566950261742,0.8631742,0.018686766,1.113985555040697
1195.9666490680745,0.8573484,0.018624675,1.1141804560045911
1195.9766031099748,0.8306657,0.018338896,1.114370361974776
1195.9865571518749,0.8444073,0.018485026,1.1145723169275004
1195.9965111937752,0.83464575,0.018379368,1.1148003864729705
1196.0064652356755,0.82835686,0.018310884,1.1150665819386003
1196.0164192775756,0.84336543,0.018470803,1.115388161739399
1196.0263733194759,0.8715935,0.018770773,1.1157667856790365
1196.0363273613762,0.8583239,0.018630436,1.1162052803689733
1196.0462814032765,0.85788095,0.018625604,1.1167060372505073
1196.0562354451765,0.8386136,0.0184187,1.1172796232234414
1196.0661894870768,0.8606975,0.018653508,1.1179211329091985
1196.0761435289771,0.8722362,0.018776184,1.118630871504012
1196.0860975708772,0.8815339,0.01887186,1.119411719001105
1196.0960516127775,0.84272945,0.018460799,1.1202767961154063
1196.1060056546778,0.8733688,0.018786218,1.1212209184653805
1196.115959696578,0.8284712,0.01830644,1.1222374464215328
1196.1259137384782,0.85081804,0.018545637,1.1233147980227585
1196.1358677803785,0.84114236,0.018442314,1.1244334296039775
1196.1458218222788,0.8195392,0.018207876,1.1255531011831723
1196.1557758641788,0.84603286,0.018492818,1.126633883191937
1196.1657299060792,0.8649205,0.018693225,1.127637937342373
1196.1756839479795,0.822311,0.0182371,1.1285186655624626
1196.1856379898798,0.8418055,0.018446092,1.129262732765215
1196.1955920317798,0.83928496,0.018417807,1.129874251404726
1196.2055460736801,0.85668933,0.018605158,1.1303644346165282
1196.2155001155804,0.8081333,0.018079255,1.1307450905244258
1196.2254541574807,0.87071586,0.018751685,1.131047606011915
1196.2354081993808,0.8637234,0.018677263,1.1312943167840748
1196.245362241281,0.81597394,0.018163757,1.1314938612347198
1196.2553162831814,0.8293686,0.018308373,1.1316412315488225
1196.2652703250815,0.83815366,0.018402677,1.1317311944766222
1196.2752243669818,0.8311326,0.01832642,1.13175971914457
1196.285178408882,0.82722366,0.018283559,1.1317222635166846
1196.2951324507821,0.8576481,0.018608958,1.1316126452443789
1196.3050864926824,0.8059858,0.018051464,1.1314377026733378
1196.3150405345827,0.8436945,0.018459236,1.1312097552689633
1196.324994576483,0.8046593,0.018037027,1.1309377707620705
1196.3349486183831,0.80209786,0.018007131,1.1306291718712926
1196.3449026602834,0.8590224,0.01862112,1.1302956924056304
1196.3548567021837,0.8383097,0.018400002,1.129948838801235
1196.364810744084,0.83738273,0.018389618,1.129596720942529
1196.374764785984,0.83325016,0.018344983,1.1292465038062358
1196.3847188278844,0.85063225,0.01853015,1.128901413557088
1196.3946728697847,0.8239948,0.018243745,1.1285556620771882
1196.4046269116848,0.8243073,0.01824676,1.1281932992060333
1196.414580953585,0.8343472,0.018353553,1.1277801524964666
1196.4245349954854,0.8124814,0.01811726,1.1272673670665918
1196.4344890373857,0.8363173,0.018375179,1.1266177481761637
1196.4444430792857,0.7987428,0.017966466,1.125795520451157
1196.454397121186,0.8557635,0.01858078,1.1247658202228705
1196.4643511630863,0.82540405,0.018254703,1.1235202543952925
1196.4743052049864,0.8028342,0.0180089,1.122100756655987
1196.4842592468867,0.82888377,0.018291587,1.120544913526821
1196.494213288787,0.8460627,0.018475866,1.118898953651017
1196.5041673306873,0.85557616,0.018576683,1.1172226992786194
1196.5141213725874,0.8223998,0.018218946,1.115568832762685
1196.5240754144877,0.8359136,0.01836429,1.1139663496742074
1196.534029456388,0.7945981,0.017915608,1.112430332640725
1196.543983498288,0.8287261,0.018287148,1.1109612552969208
1196.5539375401884,0.823809,0.018232841,1.109539454291092
1196.5638915820887,0.84331053,0.018441552,1.1081533254537108
1196.573845623989,0.8177978,0.018167721,1.1067972315507613
1196.583799665889,0.8128463,0.01811268,1.1054735264969524
1196.5937537077893,0.85064936,0.018519325,1.1041845582185736
1196.6037077496896,0.79244137,0.017979056,1.1029399450546762
1196.6136617915897,0.81380117,0.018819928,1.1017540447705423
1196.62361583349,0.8555915,0.019735439,1.1006493428960433
1196.6335698753903,0.87092793,0.019694116,1.0996291980705326
1196.6435239172906,0.8531273,0.019728819,1.0987018368655956
1196.6534779591907,0.84464395,0.019246414,1.0978741945608315
1196.663432001091,0.83339417,0.019439405,1.097158605928593
1196.6733860429913,0.78790504,0.018909605,1.096538510131095
1196.6833400848914,0.83921254,0.019747442,1.0960102836260792
1196.6932941267917,0.8369747,0.019657608,1.095571088082564
1196.703248168692,0.8315482,0.020006593,1.0952268109922438
1196.7132022105923,0.8669221,0.020900251,1.0949586570058347
1196.7231562524923,0.78772515,0.019858558,1.094759064805652
1196.7331102943926,0.81698656,0.020225918,1.094618335885606
1196.743064336293,0.8259575,0.020349158,1.0945290783952792
1196.7530183781932,0.8274641,0.020002821,1.0944689192091954
1196.7629724200933,0.82300913,0.020435348,1.0944248656514577
1196.7729264619936,0.8034397,0.019926984,1.0943855577003905
1196.782880503894,0.8013083,0.019584188,1.0943385151643081
1196.792834545794,0.813036,0.01971917,1.0942722308992618
1196.8027885876943,0.79676837,0.01922128,1.0941707853122185
1196.8127426295946,0.78384954,0.019390369,1.0940096507112242
1196.8226966714947,0.8403469,0.020270195,1.0937331015969383
1196.832650713395,0.80540264,0.019747479,1.0933085706156724
1196.8426047552953,0.8055496,0.019511512,1.0926999188744797
1196.8525587971956,0.8060927,0.020420106,1.0918802440708002
1196.8625128390956,0.8245821,0.01984938,1.090809003318622
1196.872466880996,0.80216867,0.01999655,1.0895312130734278
1196.8824209228962,0.8287412,0.020437736,1.0880882992648213
1196.8923749647965,0.85622776,0.020844683,1.0865328551407063
1196.9023290066966,0.80940217,0.020095512,1.084929044119266
1196.912283048597,0.8092029,0.020545367,1.0833536839964295
1196.9222370904972,0.7934629,0.020242583,1.08185986311837
1196.9321911323973,0.81942695,0.020320818,1.0804829811000982
1196.9421451742976,0.7768742,0.019565847,1.0792531065950635
1196.952099216198,0.8159164,0.019892838,1.078146208085717
1196.962053258098,0.8351508,0.019916298,1.0771300658148308
1196.9720072999983,0.7987028,0.01938878,1.0761717763218548
1196.9819613418986,0.8183509,0.019591529,1.075240040913084
1196.9919153837989,0.818729,0.019946957,1.0743072802144742
1197.001869425699,0.8047505,0.019287564,1.0733632921101663
1197.0118234675992,0.788902,0.019082135,1.0724112626365678
1197.0217775094995,0.81207705,0.019870637,1.071470362499761
1197.0317315513998,0.8279425,0.019580571,1.0705722237740718
1197.0416855933,0.84941375,0.019851204,1.0697498839924393
1197.0516396352002,0.831218,0.019376354,1.0690369688001666
1197.0615936771005,0.7962225,0.018827034,1.0684774462198838
1197.0715477190006,0.8373516,0.019234277,1.0680868791113312
1197.081501760901,0.8110862,0.018774524,1.067858987393377
1197.0914558028012,0.77602714,0.018253712,1.067786496071884
1197.1014098447015,0.78851765,0.017987054,1.0678668588026623
1197.1113638866016,0.80536973,0.018012954,1.0680790517285315
1197.1213179285019,0.7690145,0.017602473,1.0683984146925853
1197.1312719704022,0.76969784,0.017610779,1.0688142122344457
1197.1412260123022,0.76845497,0.017595712,1.069326579824001
1197.1511800542025,0.7734013,0.017650565,1.069933393169296
1197.1611340961028,0.78089684,0.017733326,1.0706291424837657
1197.1710881380031,0.7459011,0.017340621,1.0714190926143214
1197.1810421799032,0.7636978,0.017541721,1.0723199895980915
1197.1909962218035,0.74964833,0.017382422,1.073349556636363
1197.2009502637038,0.73464584,0.01721112,1.0745112741064484
1197.210904305604,0.74365807,0.017313372,1.0758150170366976
1197.2208583475042,0.784405,0.01776971,1.077269263891882
1197.2308123894045,0.73960257,0.01726766,1.0788602093732131
1197.2407664313048,0.73703825,0.017237294,1.080537269551301
1197.2507204732049,0.7013714,0.016823001,1.082251788131281
1197.2606745151052,0.7309948,0.017167147,1.0839447142014715
1197.2706285570055,0.7166282,0.017000034,1.0855492214968003
1197.2805825989055,0.7014683,0.016824707,1.0870289177237173
1197.2905366408058,0.72936976,0.01714725,1.0883600819366086
1197.3004906827061,0.7136158,0.016964082,1.0895322386169017
1197.3104447246064,0.7355532,0.017215868,1.090553358748944
1197.3203987665065,0.77523446,0.017664243,1.0914778631182378
1197.3303528084068,0.7840876,0.017747207,1.092346312650856
1197.3403068503071,0.7600384,0.017478798,1.0931955737475447
1197.3502608922072,0.7337999,0.017180566,1.094055984867013
1197.3602149341075,0.77893436,0.017688729,1.094938727029614
1197.3701689760078,0.7755684,0.017651798,1.0958422187731889
1197.380123017908,0.79296994,0.017843923,1.0967576712884894
1197.3900770598082,0.7988181,0.017906914,1.0976696782124336
1197.4000311017085,0.78966045,0.017806415,1.0985605107097562
1197.4099851436088,0.77766335,0.01767234,1.0994114577994223
1197.419939185509,0.78368145,0.017739069,1.1002018895382073
1197.4298932274091,0.7866445,0.017771004,1.1008971590237757
1197.4398472693094,0.7592569,0.017465897,1.1014897724184822
1197.4498013112097,0.7840752,0.017742515,1.1019652615316693
1197.4597553531098,0.8101136,0.01802683,1.1023141225465467
1197.46970939501,0.7948396,0.017859602,1.1025112892973283
1197.4796634369104,0.7968029,0.017880963,1.1025802660291366
1197.4896174788105,0.7980289,0.017894216,1.1025290391216307
1197.4995715207108,0.7877482,0.017780267,1.1023710550897543
1197.509525562611,0.81163454,0.018041715,1.102115086598202
1197.5194796045114,0.79922855,0.017905397,1.101799394601814
1197.5294336464115,0.797056,0.017881226,1.1014472211671111
1197.5393876883118,0.78423095,0.01773954,1.1010743609068079
1197.549341730212,0.7841931,0.017738221,1.1006835152515086
1197.5592957721124,0.8006659,0.017919974,1.1002711380899712
1197.5692498140124,0.81226426,0.018045798,1.0998329477209716
1197.5792038559127,0.82674026,0.018201841,1.0993724863173433
1197.589157897813,0.77222055,0.017603476,1.098904842777628
1197.599111939713,0.79177445,0.017820638,1.0984569633000203
1197.6090659816134,0.8076831,0.017993256,1.098056016794487
1197.6190200235137,0.85840505,0.018538307,1.0977272619999716
1197.6289740654138,0.7998344,0.0179075,1.0974963223044496
1197.638928107314,0.7694535,0.017572176,1.0973492601118404
1197.6488821492144,0.8297727,0.018231526,1.0972533452551159
1197.6588361911147,0.8186525,0.018111603,1.097163592587691
1197.6687902330148,0.77446467,0.01762585,1.0970125952944554
1197.678744274915,0.82885295,0.018219654,1.0967379119906608
1197.6886983168154,0.78091943,0.017696781,1.0963000366774418
1197.6986523587157,0.79700106,0.017872356,1.0956747450718018
1197.7086064006157,0.7898525,0.017793955,1.0948447218464765
1197.718560442516,0.76959926,0.017569155,1.0938478669171383
1197.7285144844163,0.7860308,0.017751072,1.0927496573001925
1197.7384685263164,0.7873344,0.017764391,1.0916207785616832
1197.7484225682167,0.7934706,0.017830867,1.0905481504780883
1197.758376610117,0.7512502,0.017360914,1.089602878877226
1197.7683306520173,0.7912394,0.017805697,1.0888049984364063
1197.7782846939174,0.7846362,0.017733177,1.0881511831310484
1197.7882387358177,0.7743193,0.017618263,1.0876244830056665
1197.798192777718,0.7725725,0.017598484,1.0871844793549834
1197.808146819618,0.7564406,0.017418776,1.0867829869439114
1197.8181008615184,0.77586997,0.017634843,1.0863845398278376
1197.8280549034187,0.7412451,0.017244004,1.085956747513003
1197.838008945319,0.75458133,0.017395834,1.0854761533280246
1197.847962987219,0.758411,0.017437717,1.0849419074792666
1197.8579170291193,0.7480096,0.017319577,1.084361765544878
1197.8678710710196,0.79415596,0.017833771,1.0837529889261275
1197.8778251129197,0.73196965,0.017136676,1.083143983857822
1197.88777915482,0.7644421,0.017502798,1.082562863524684
1197.8977331967203,0.7577753,0.01742739,1.0820309509253323
1197.9076872386206,0.7524294,0.017366385,1.0815659808155598
1197.9176412805207,0.7675562,0.017536715,1.0811819689236415
1197.927595322421,0.80847347,0.017987614,1.0808685666547386
1197.9375493643213,0.76900446,0.0175521,1.0806177111904263
1197.9475034062214,0.76433146,0.017499097,1.0804169600852305
1197.9574574481217,0.7748944,0.017616725,1.0802505040939518
1197.967411490022,0.8072185,0.01797143,1.0800967901431937
1197.9773655319223,0.79028124,0.017786007,1.0799446534319745
1197.9873195738223,0.80422044,0.017937835,1.0797896789007522
1197.9972736157226,0.790675,0.017789336,1.0796387443814015
1198.007227657623,0.80586547,0.017954834,1.079507924297703
1198.017181699523,0.8342928,0.018261677,1.0794180879649873
1198.0271357414233,0.8409065,0.01833232,1.079392182438961
1198.0370897833236,0.77536386,0.017618258,1.0794670009023555
1198.047043825224,0.80938697,0.017991304,1.0796458125621178
1198.056997867124,0.8041448,0.017933901,1.0799376400470546
1198.0669519090243,0.8080977,0.017976493,1.080346363560659
1198.0769059509246,0.8072399,0.017967677,1.0808904605517735
1198.0868599928249,0.7876264,0.017750742,1.081550913166575
1198.096814034725,0.8550077,0.018478176,1.0823241867898539
1198.1067680766253,0.8307487,0.018221345,1.0832078095714381
1198.1167221185256,0.84160006,0.018335572,1.0842152353879262
1198.1266761604256,0.81636137,0.018064365,1.0853324016627877
1198.136630202326,0.82284534,0.018133901,1.0865572847711134
1198.1465842442262,0.84675485,0.018390289,1.0878911875636226
1198.1565382861263,0.83195144,0.018231796,1.0893515604249946
1198.1664923280266,0.84067976,0.018322652,1.0909323721033894
1198.176446369927,0.85238194,0.018448334,1.0926356772487513
1198.1864004118272,0.83808887,0.018295959,1.0944687806154694
1198.1963544537273,0.854461,0.01846922,1.096457159909934
1198.2063084956276,0.87268656,0.018660044,1.098599757496502
1198.2162625375279,0.8562076,0.01848622,1.1008938816985856
1198.2262165794282,0.84788156,0.018396288,1.1033376243458424
1198.2361706213283,0.8630038,0.018556224,1.105935132542161
1198.2461246632286,0.8474033,0.018390419,1.1086584738822527
1198.2560787051289,0.8533286,0.018454088,1.1114729465870954
1198.266032747029,0.84237903,0.018336415,1.1143478089602565
1198.2759867889292,0.86727244,0.018601017,1.1172510668266797
1198.2859408308295,0.82466006,0.01814645,1.120146848911523
1198.2958948727298,0.85204756,0.018438628,1.1230083834766602
1198.30584891463,0.80266553,0.017906796,1.125816198931386
1198.3158029565302,0.8638598,0.018562993,1.1285527068897332
1198.3257569984305,0.83313525,0.018236384,1.1312150695123662
1198.3357110403306,0.84577304,0.018370718,1.1338166570569403
1198.3456650822309,0.84371233,0.018349014,1.1363690092748546
1198.3556191241312,0.84623224,0.018375149,1.1388769420350169
1198.3655731660315,0.8259544,0.018158296,1.1413301578058324
1198.3755272079316,0.8424284,0.018334497,1.1437052471724487
1198.3854812498319,0.8461587,0.018371958,1.1459603678497132
1198.3954352917322,0.84805745,0.018391978,1.1480294514023046
1198.4053893336322,0.82383275,0.018132107,1.1498235808357922
1198.4153433755325,0.8624569,0.01854264,1.1512974284603097
1198.4252974174328,0.84149384,0.01832044,1.1523920987322807
1198.4352514593331,0.8982255,0.01891496,1.1530497206165946
1198.4452055012332,0.86746603,0.018594926,1.153223369108699
1198.4551595431335,0.86993164,0.018619372,1.1529914439438862
1198.4651135850338,0.82940954,0.018190224,1.1524021928121924
1198.4750676269339,0.8053159,0.01793077,1.1515160026100135
1198.4850216688342,0.82732344,0.018167472,1.1503968687624102
1198.4949757107345,0.81482166,0.01803149,1.1491582412932813
1198.5049297526348,0.8246292,0.018137507,1.1478679336381532
1198.5148837945349,0.81031287,0.017981326,1.1465767730799663
1198.5248378364352,0.8340172,0.018236408,1.1453168739750328
1198.5347918783355,0.7937049,0.017799925,1.1440875666426105
1198.5447459202355,0.7886855,0.017744847,1.1428835375159783
1198.5546999621358,0.8157753,0.018038932,1.1417056983338636
1198.5646540040361,0.81657934,0.01804864,1.1405751078816075
1198.5746080459364,0.8393029,0.018291742,1.1395046722382363
1198.5845620878365,0.7866135,0.017720765,1.1385067300623843
1198.5945161297368,0.77040905,0.017540194,1.1375869596418804
1198.604470171637,0.7917535,0.01777446,1.136758146840767
1198.6144242135374,0.7937078,0.017796438,1.1360081111607598
1198.6243782554375,0.77119195,0.01754651,1.135333732937486
1198.6343322973378,0.78414214,0.017690776,1.1347329808024376
1198.644286339238,0.8121844,0.017996276,1.1342133899512896
1198.6542403811382,0.80527455,0.017921004,1.1337651989531943
1198.6641944230385,0.7993661,0.017856654,1.1333845990706892
1198.6741484649388,0.81343585,0.01800893,1.13306966220168
1198.6841025068388,0.8077179,0.017946143,1.1328251968285028
1198.6940565487391,0.78329295,0.017678246,1.1326417278563063
1198.7040105906394,0.8041082,0.017906722,1.1325108939047808
1198.7139646325397,0.8009018,0.017872212,1.132425250323922
1198.7239186744398,0.8112965,0.017984005,1.132377962704655
1198.73387271634,0.7774488,0.01761291,1.13235303490702
1198.7438267582404,0.779828,0.01763807,1.132332991721145
1198.7537808001407,0.764104,0.017464317,1.13229602057412
1198.7637348420408,0.79988134,0.017859261,1.1321996675308692
1198.773688883941,0.7872691,0.017719766,1.131984702542845
1198.7836429258414,0.80032796,0.017862204,1.1315905802813462
1198.7935969677415,0.794929,0.017803581,1.1309471516782286
1198.8035510096418,0.78467876,0.017689759,1.1299580371316706
1198.813505051542,0.7824806,0.01766585,1.128564432551345
1198.8234590934421,0.7739728,0.01756981,1.126780310705229
1198.8334131353424,0.7655256,0.017475536,1.1246228591081615
1198.8433671772427,0.7510963,0.01731404,1.122122364289262
1198.853321219143,0.7786327,0.01762043,1.1193592184946242
1198.863275261043,0.7791211,0.01762497,1.1164586503958234
1198.8732293029434,0.7538967,0.017344022,1.1135195969611167
1198.8831833448437,0.7682482,0.017503724,1.1106425943311742
1198.893137386744,0.79242104,0.0177711,1.107922199373904
1198.903091428644,0.7445398,0.017235924,1.1053906476327104
1198.9130454705444,0.7877726,0.017718708,1.103065439538997
1198.9229995124447,0.77399445,0.017565487,1.1009542071158112
1198.9329535543447,0.743054,0.017218968,1.0990631200275094
1198.942907596245,0.80632263,0.017920004,1.097351406288877
1198.9528616381454,0.80276024,0.017880198,1.0958053862361057
1198.9628156800457,0.7413889,0.017197808,1.0944162835101143
1198.9727697219457,0.7897623,0.017737255,1.0931912187134059
1198.982723763846,0.7586254,0.0173912,1.0921022499596331
1198.9926778057463,0.78061867,0.01763571,1.0911451247310815
1199.0026318476464,0.8136083,0.017996233,1.0903180218136244
1199.0125858895467,0.8030075,0.017880594,1.0896390431885405
1199.022539931447,0.80577743,0.017910458,1.08908735751501
1199.0324939733473,0.80332595,0.017882966,1.0886625262749017
1199.0424480152474,0.7798131,0.017624704,1.0883638554925505
1199.0524020571477,0.78505033,0.017683292,1.088209433268582
1199.062356099048,0.7912588,0.017751334,1.088179480777842
1199.072310140948,0.7879874,0.017714132,1.088271416861235
1199.0822641828483,0.7789133,0.017612865,1.0884840052229454
1199.0922182247486,0.7853248,0.017683977,1.0888330827847927
1199.102172266649,0.7775921,0.017597169,1.0893044823435074
1199.112126308549,0.7655422,0.017463122,1.089895383155895
1199.1220803504493,0.78318745,0.017658755,1.09060597731247
1199.1320343923496,0.75940317,0.017394364,1.0914509612904286
1199.1419884342497,0.73967886,0.017461468,1.0924192705205624
1199.15194247615,0.7628453,0.018161317,1.093505419932331
1199.1618965180503,0.7631106,0.018193226,1.0947100988181024
1199.1718505599506,0.7904834,0.018585939,1.0960503883975132
1199.1818046018507,0.7633045,0.018156225,1.097527622297011
1199.191758643751,0.78523904,0.018402012,1.0991439271521986
1199.2017126856513,0.7251987,0.017766323,1.1009050486413974
1199.2116667275513,0.7262006,0.017872231,1.1028189432798419
1199.2216207694516,0.73308545,0.017968718,1.1048562933035189
1199.231574811352,0.742914,0.018251391,1.106964276232289
1199.2415288532522,0.6922611,0.018040963,1.1090840728639715
1199.2514828951523,0.6996754,0.018166022,1.111139996642522
1199.2614369370526,0.71390027,0.01828482,1.1130571540638359
1199.271390978953,0.73667324,0.018604092,1.1147934257537924
1199.2813450208532,0.7084845,0.018097075,1.1163162278218857
1199.2912990627533,0.72260326,0.018452749,1.1175928470981846
1199.3012531046536,0.6475087,0.017490188,1.1186042010899988
1199.311207146554,0.7140552,0.018084118,1.1193653213053558
1199.321161188454,0.6765303,0.017539134,1.119856679570074
1199.3311152303543,0.6790415,0.017363904,1.1200259718988461
1199.3410692722546,0.6788312,0.017470274,1.1197932693805577
1199.3510233141546,0.6607812,0.017459914,1.1191560998829138
1199.360977356055,0.65849996,0.01744415,1.1180883848608496
1199.3709313979552,0.6184816,0.016627897,1.1165645927148602
1199.3808854398555,0.59247994,0.016746469,1.114548583260575
1199.3908394817556,0.60152584,0.016732968,1.112128588162139
1199.400793523656,0.58943677,0.016611176,1.1093507686806536
1199.4107475655562,0.5542995,0.016118243,1.106274445552936
1199.4207016074565,0.5652487,0.016408676,1.102958803197319
1199.4306556493566,0.49813345,0.01538538,1.0995316532058266
1199.440609691257,0.51716185,0.01587479,1.0960859521754136
1199.4505637331572,0.5330374,0.016143987,1.0927178377360431
1199.4605177750573,0.47143134,0.015046393,1.089561464677237
1199.4704718169576,0.46712652,0.01485465,1.0866757094272481
1199.4804258588579,0.45770743,0.014584474,1.0841095064503987
1199.4903799007582,0.44105804,0.014306926,1.0818807396782806
1199.5003339426582,0.42043462,0.013928697,1.0800284386653487
1199.5102879845585,0.4250413,0.013902615,1.0784884715080767
1199.5202420264588,0.39364442,0.013601753,1.0772351931863107
1199.530196068359,0.3785113,0.013255888,1.0762523774968202
1199.5401501102592,0.34032986,0.012407269,1.0755596288935898
1199.5501041521595,0.33443522,0.012489712,1.075122500755797
1199.5600581940598,0.31250766,0.011986817,1.0749269731976572
1199.57001223596,0.28819638,0.011443952,1.0749686005862669
1199.5799662778602,0.27780065,0.011181394,1.0752630645244745
1199.5899203197605,0.2807642,0.011132298,1.07577126192475
1199.5998743616606,0.25732875,0.010619754,1.0764427841976745
1199.6098284035609,0.26892662,0.010837669,1.0772205166117235
1199.6197824454612,0.2840875,0.011053658,1.078024220216379
1199.6297364873615,0.26259148,0.010516536,1.0787514443424695
1199.6396905292615,0.2489218,0.010138376,1.0793187062631162
1199.6496445711618,0.2774808,0.010658086,1.0796556525002512
1199.6595986130621,0.31990805,0.011413327,1.0796871528348226
1199.6695526549622,0.28872165,0.010862762,1.0793888995976977
1199.6795066968625,0.3251423,0.011502566,1.0788017782301633
1199.6894607387628,0.31458673,0.0113206515,1.0779702749662659
1199.6994147806631,0.35189897,0.011950234,1.076953739547688
1199.7093688225632,0.33186242,0.011615898,1.075835127594682
1199.7193228644635,0.40276212,0.012756389,1.074695000587936
1199.7292769063638,0.37578082,0.012335455,1.0735847683719484
1199.7392309482639,0.39873308,0.012694386,1.0725464253694494
1199.7491849901642,0.40328977,0.01276463,1.0716138309411005
1199.7591390320645,0.39835948,0.012688746,1.0707890268602418
1199.7690930739648,0.41188788,0.012894987,1.070075801248571
1199.7790471158648,0.43324932,0.013214228,1.0694762011247805
1199.7890011577651,0.3925915,0.012599186,1.0689976479840073
1199.7989551996654,0.42212802,0.013048418,1.068622325505631
1199.8089092415655,0.39132237,0.012579655,1.0683490993501747
1199.8188632834658,0.38151377,0.012423965,1.068180739071079
1199.8288173253661,0.38792542,0.01252601,1.0681373933859732
1199.8387713672664,0.36631903,0.012180698,1.0682098896946823
1199.8487254091665,0.38048515,0.012406033,1.0684061182772537
1199.8586794510668,0.36081576,0.012092807,1.0687341661407965
1199.868633492967,0.34728718,0.011869765,1.0692237298772245
1199.8785875348672,0.33245435,0.011621432,1.069858170997155
1199.8885415767675,0.3045067,0.011139543,1.07063749210332
1199.8984956186678,0.30158764,0.011086311,1.0715602505615265
1199.908449660568,0.29124406,0.010903683,1.072642947986306
1199.9184037024681,0.2671316,0.01045942,1.0738658682160558
1199.9283577443684,0.24661249,0.010063294,1.0752248174532033
1199.9383117862687,0.23045179,0.009742077,1.0767209821301034
1199.948265828169,0.23453812,0.009823798,1.0783746472714126
1199.9582198700691,0.22104727,0.009547388,1.0801776519539854
1199.9681739119694,0.20871393,0.009287109,1.082126109136158
1199.9781279538697,0.18076852,0.00867093,1.0842201139644128
1199.9880819957698,0.1688218,0.008391588,1.0864721533301367
1199.99803603767,0.17574073,0.00855368,1.0888702788704498
1200.0079900795704,0.16388434,0.008273003,1.0914012965213633
1200.0179441214705,0.15483443,0.008052975,1.094061426272481
1200.0278981633708,0.1408625,0.0077002416,1.0968603149888527
1200.037852205271,0.12528461,0.007283771,1.0997980659160818
1200.0478062471714,0.11871171,0.007097774,1.1028689695810618
1200.0577602890714,0.110039055,0.0068494193,1.1060791408382142
1200.0677143309717,0.09652532,0.0064402544,1.1094482342654617
1200.077668372872,0.09772781,0.006475557,1.1129945404770958
1200.0876224147723,0.07638734,0.0057713664,1.116720952088023
1200.0975764566724,0.082123056,0.005967736,1.120649065024541
1200.1075304985727,0.08414699,0.006036709,1.1248164548222372
1200.117484540473,0.070225,0.0055486895,1.1292610365431297
1200.127438582373,0.088645004,0.0061834534,1.1339562691675733
1200.1373926242734,0.09068594,0.006252407,1.1388732939654496
1200.1473466661737,0.094812326,0.0063841986,1.1439530773026039
1200.157300708074,0.10094237,0.006574653,1.1491002313695797
1200.167254749974,0.106719606,0.0067470353,1.1542020068383603
1200.1772087918744,0.1210188,0.007160371,1.1591669038162795
1200.1871628337747,0.10755567,0.006770908,1.1639048890908832
1200.1971168756747,0.12506367,0.0072720274,1.168289797203347
1200.207070917575,0.14316042,0.007752025,1.1722974338031666
1200.2170249594753,0.15218742,0.0079815835,1.17588188958658
1200.2269790013756,0.1735135,0.008492638,1.1790130290247969
1200.2369330432757,0.17225529,0.008464711,1.1816006966864054
1200.246887085176,0.19436699,0.008967666,1.1837253188932457
1200.2568411270763,0.2337237,0.009795316,1.1854165290061756
1200.2667951689764,0.25017673,0.010119372,1.1867244523678204
1200.2767492108767,0.25912234,0.010293117,1.1876883425336917
1200.286703252777,0.2764066,0.010615777,1.188444993362223
1200.2966572946773,0.30214542,0.011080864,1.189082559599914
1200.3066113365774,0.29851374,0.011016864,1.1896626226616223
1200.3165653784777,0.31775633,0.011354358,1.190224450429857
1200.326519420378,0.34351736,0.011790254,1.1907900604942754
1200.336473462278,0.36611643,0.012158329,1.1913647701508543
1200.3464275041783,0.38658544,0.012482531,1.1919474014875344
1200.3563815460786,0.3960112,0.012627285,1.1925328018121484
1200.366335587979,0.43397802,0.013201987,1.1931117526389081
1200.376289629879,0.46116492,0.013595458,1.1936729519628222
1200.3862436717793,0.48485026,0.013930595,1.1942008687375478
1200.3961977136796,0.518416,0.014391653,1.1946677812240218
1200.4061517555797,0.50874233,0.014259271,1.1950420210147432
1200.41610579748,0.5098244,0.01427477,1.1952990197309683
1200.4260598393803,0.56543314,0.015011148,1.1954126039344048
1200.4360138812806,0.53858364,0.014659457,1.1953517556128845
1200.4459679231807,0.5634844,0.014983684,1.1951032427517656
1200.455921965081,0.55690193,0.0148971435,1.1946914481227697
1200.4658760069813,0.5789387,0.015180714,1.194136565263047
1200.4758300488816,0.55196166,0.014833275,1.193464696464625
1200.4857840907816,0.53095454,0.014557061,1.1927121823001519
1200.495738132682,0.52125883,0.0144256735,1.1919254274923534
1200.5056921745822,0.5354267,0.014613924,1.1911330367803352
1200.5156462164823,0.5443794,0.014732643,1.1903563929878276
1200.5256002583826,0.53871214,0.0146567365,1.1896125506011916
1200.535554300283,0.52966744,0.014535557,1.1889053533216543
1200.545508342183,0.4956925,0.014073825,1.1882395926063865
1200.5554623840833,0.48042956,0.013861625,1.187620275814171
1200.5654164259836,0.4718226,0.013738877,1.1870592773058626
1200.5753704678839,0.4533719,0.013474957,1.1865516138560508
1200.585324509784,0.41609144,0.012925268,1.1860969995018582
1200.5952785516843,0.43155965,0.013154299,1.1856924641109527
1200.6052325935846,0.3910301,0.012540859,1.1853389333435622
1200.6151866354849,0.37424406,0.012277192,1.1850227355454734
1200.625140677385,0.3529244,0.011933198,1.1847371244983649
1200.6350947192852,0.33979875,0.0117157195,1.184477109696913
1200.6450487611855,0.30461818,0.011113459,1.1842426110761215
1200.6550028030856,0.32898128,0.0115327425,1.1840313227250785
1200.664956844986,0.2881808,0.010819259,1.1838456254308813
1200.6749108868862,0.2946913,0.010933454,1.1836905542722052
1200.6848649287863,0.26683858,0.010423263,1.1835766571017874
1200.6948189706866,0.251669,0.010134011,1.1835066117494095
1200.7047730125869,0.25408867,0.010179375,1.1834798579939396
1200.7147270544872,0.24384916,0.009981477,1.1834945733761955
1200.7246810963873,0.22951856,0.009696356,1.183548621294916
1200.7346351382876,0.24787757,0.010060319,1.1836322056515893
1200.7445891801879,0.23283176,0.00976123,1.1837346505610828
1200.7545432220882,0.20989859,0.009286678,1.1838479459971905
1200.7644972639882,0.19799337,0.009029303,1.1839642712192304
1200.7744513058885,0.20974293,0.0092834085,1.1840753160422732
1200.7844053477888,0.22407483,0.009581763,1.1841748505340268
1200.794359389689,0.23306762,0.009764626,1.1842582056312572
1200.8043134315892,0.25229508,0.010140842,1.1843222941146228
1200.8142674734895,0.23146152,0.009730137,1.1843679829608988
1200.8242215153898,0.26036686,0.010295722,1.1844020101956332
1200.8341755572899,0.28455308,0.010743503,1.1844316368112042
1200.8441295991902,0.28773707,0.010804526,1.1844672973540245
1200.8540836410905,0.28783405,0.010805031,1.184524748790583
1200.8640376829906,0.30451578,0.011103346,1.1846163791224642
1200.8739917248909,0.34822312,0.011844132,1.184755498460347
1200.8839457667912,0.3629429,0.01208376,1.1849545973659485
1200.8938998086915,0.35769078,0.011998108,1.1852307837030551
1200.9038538505915,0.37839755,0.012330988,1.1855759130524999
1200.9138078924918,0.3825494,0.01239605,1.1859863225205634
1200.9237619343921,0.4107387,0.01282792,1.186454521504741
1200.9337159762922,0.4478025,0.013377013,1.1869756243455072
1200.9436700181925,0.44706482,0.013365821,1.1875290101373022
1200.9536240600928,0.44950375,0.013401293,1.1881031573206895
1200.963578101993,0.4804429,0.0138411205,1.1886887931647903
1200.9735321438932,0.4785401,0.013811859,1.1892799138344756
1200.9834861857935,0.46570855,0.01363291,1.1898737724947068
1200.9934402276938,0.4885992,0.013953018,1.1904722993752985
1201.0033942695939,0.48253724,0.013866907,1.191080560643168
1201.0133483114942,0.5325235,0.0145485215,1.1917084093595787
1201.0233023533945,0.4585485,0.013526215,1.1923635374158628
1201.0332563952948,0.48473054,0.013897734,1.193051942549027
1201.0432104371948,0.51492757,0.014311918,1.1937781693662957
1201.0531644790951,0.469879,0.013686269,1.1945469787514384
1201.0631185209954,0.47370753,0.013741215,1.1953538337598337
1201.0730725628955,0.4700024,0.013689905,1.1961895980974715
1201.0830266047958,0.44361365,0.013308765,1.197045685875807
1201.092980646696,0.4149204,0.012883496,1.197912115997223
1201.1029346885964,0.41929424,0.012948205,1.1987734263567558
1201.1128887304965,0.3927831,0.012545351,1.1996086601017801
1201.1228427723968,0.3984252,0.01263234,1.200392520637698
1201.132796814297,0.374005,0.012250358,1.2011008661179203
1201.1427508561974,0.3645787,0.012098659,1.201724417561486
1201.1527048980975,0.35267535,0.011906387,1.202278129381759
1201.1626589399978,0.34368566,0.0117576495,1.2027673868685875
1201.172612981898,0.31511363,0.011276443,1.2031876127604189
1201.1825670237981,0.32484838,0.011441613,1.2035192031830177
1201.1925210656984,0.31137386,0.011209446,1.2037560796631028
1201.2024751075987,0.30603734,0.011117227,1.2038823741037594
1201.2124291494988,0.28038263,0.010655104,1.2038793305996094
1201.222383191399,0.26969367,0.010456988,1.2037025907252552
1201.2323372332994,0.2663693,0.010394755,1.2033465324436552
1201.2422912751997,0.25377843,0.010154952,1.2027830005327986
1201.2522453170998,0.24721147,0.010025797,1.201986098930383
1201.262199359,0.26544616,0.010375784,1.2009004294468666
1201.2721534009004,0.2675221,0.0104138665,1.1995659000684342
1201.2821074428007,0.26178774,0.010307554,1.1980081428362759
1201.2920614847008,0.27285573,0.010512309,1.1962653396185368
1201.302015526601,0.3081854,0.011148212,1.194370251492424
1201.3119695685014,0.31193042,0.011212548,1.1923861896267267
1201.3219236104014,0.3159923,0.011282115,1.1903525029627262
1201.3318776523017,0.3472813,0.011808678,1.1883002622438052
1201.341831694202,0.3591309,0.01200084,1.186267582131772
1201.3517857361023,0.37657663,0.012281205,1.1842987763224637
1201.3617397780024,0.39743912,0.012604565,1.1824276890914227
1201.3716938199027,0.4157127,0.012882286,1.1806730511193153
1201.381647861803,0.44383925,0.0132962875,1.1790472492988222
1201.391601903703,0.48656586,0.0139026,1.1775406704977067
1201.4015559456034,0.4984219,0.014064913,1.1761372127361547
1201.4115099875037,0.47800565,0.01378325,1.174830187516529
1201.421464029404,0.52885264,0.014476952,1.1736183483445162
1201.431418071304,0.5512782,0.014772692,1.1724939816348066
1201.4413721132044,0.5606889,0.01489402,1.1714376929196768
1201.4513261551047,0.5980541,0.01536858,1.1704354246449467
1201.4612801970047,0.6102915,0.015520822,1.1694713003511155
1201.471234238905,0.6298031,0.015761437,1.1685269774013702
1201.4811882808053,0.65191966,0.016024653,1.1675866803207726
1201.4911423227056,0.7024752,0.016621526,1.1666445711174336
1201.5010963646057,0.6807699,0.016368238,1.1657004428731348
1201.511050406506,0.7111598,0.016719945,1.1647601021580545
1201.5210044484063,0.71476763,0.016762892,1.1638318532264096
1201.5309584903064,0.703517,0.016630985,1.1629253482644228
1201.5409125322067,0.6988758,0.016577473,1.1620520742486975
1201.550866574107,0.74356747,0.017084368,1.1612357867682288
1201.5608206160073,0.7192591,0.01680823,1.1604875174391696
1201.5707746579074,0.7114114,0.016717972,1.159823938579772
1201.5807286998077,0.73158354,0.016949285,1.1592574771904598
1201.590682741708,0.7369376,0.0170106,1.1588054700940666
1201.600636783608,0.7540514,0.017200679,1.1584430178398577
1201.6105908255083,0.7284691,0.016909694,1.1581435885477387
1201.6205448674086,0.7030977,0.01661894,1.1578762181076545
1201.630498909309,0.727324,0.01689637,1.1576083611964874
1201.640452951209,0.7358267,0.016994799,1.1573154373036523
1201.6504069931093,0.7160353,0.016957158,1.1569871992485214
1201.6603610350096,0.7273719,0.017543044,1.1566210929940928
1201.67031507691,0.74737906,0.017906358,1.1562178828365355
1201.68026911881,0.7814125,0.018298756,1.1557891403140539
1201.6902231607103,0.7361521,0.017710976,1.1553497604617902
1201.7001772026106,0.7244186,0.017499886,1.1549144609552997
1201.7101312445106,0.7524742,0.017918998,1.154500858630401
1201.720085286411,0.77211964,0.018198486,1.1541259039253449
1201.7300393283112,0.7535264,0.018072188,1.1537997238694384
1201.7399933702113,0.7610668,0.018262843,1.153533509884162
1201.7499474121116,0.74483395,0.018417092,1.1533426352139426
1201.759901454012,0.7272364,0.018465344,1.1532450693145953
1201.7698554959122,0.75853956,0.018675184,1.1532436317809136
1201.7798095378123,0.7436804,0.018559925,1.1533472077070117
1201.7897635797126,0.7707419,0.018716354,1.1535648480527683
1201.799717621613,0.784254,0.018932194,1.1539104985000426
1201.8096716635132,0.78986263,0.019085145,1.1543696321722894
1201.8196257054133,0.7277211,0.018081546,1.1549425105883568
1201.8295797473136,0.75879073,0.018411046,1.1556311058151914
1201.8395337892139,0.78658676,0.01868618,1.1564552892260722
1201.849487831114,0.79091555,0.01859414,1.1574003139867894
1201.8594418730142,0.7689487,0.018593611,1.1584687319577276
1201.8693959149145,0.73512,0.018231688,1.1596605466480456
1201.8793499568146,0.76788116,0.01852796,1.160985171800197
1201.889303998715,0.76928025,0.018678045,1.162409206580348
1201.8992580406152,0.77321315,0.018872961,1.1639102395963894
1201.9092120825155,0.76481324,0.018604899,1.165473105404457
1201.9191661244156,0.7444568,0.018659618,1.167101098660746
1201.929120166316,0.77618223,0.019097915,1.1687850365406098
1201.9390742082162,0.7503007,0.01869726,1.1705047644405013
1201.9490282501165,0.7163091,0.018388249,1.172233716616822
1201.9589822920166,0.7195718,0.018564707,1.1739444407960176
1201.9689363339169,0.7397322,0.018708656,1.1756190720556754
1201.9788903758172,0.73119676,0.018374542,1.1772472477788039
1201.9888444177172,0.73609996,0.018284628,1.1788157734230347
1201.9987984596175,0.7167,0.017876351,1.1803005973084288
1202.0087525015178,0.71764916,0.017822273,1.1816774648838433
1202.0187065434181,0.7476708,0.018169124,1.1829329179900077
1202.0286605853182,0.7434347,0.018196546,1.1840488039826942
1202.0386146272185,0.7533195,0.018326785,1.1850007933483875
1202.0485686691188,0.7233686,0.017691117,1.1857645429056607
1202.058522711019,0.72965723,0.017971016,1.1863452319051617
1202.0684767529192,0.74038017,0.018147936,1.1867337427524347
1202.0784307948195,0.7479029,0.018048145,1.186922377652839
1202.0883848367198,0.7748213,0.01830817,1.186907132380001
1202.0983388786199,0.71671295,0.017456967,1.1867397711567298
1202.1082929205202,0.7194532,0.017451387,1.18644225376773
1202.1182469624205,0.75434697,0.01774527,1.1860130546529901
1202.1282010043205,0.75757897,0.017707909,1.1853906967287826
1202.1381550462208,0.7139596,0.017045874,1.1845429485576298
1202.1481090881211,0.73619527,0.017037287,1.1834210232009594
1202.1580631300214,0.7540945,0.017164497,1.1819989030660125
1202.1680171719215,0.74433225,0.017054653,1.1802512499510258
1202.1779712138218,0.73084915,0.01690303,1.178273040991479
1202.1879252557221,0.7401005,0.017006733,1.1761386362590298
1202.1978792976222,0.74703044,0.017083421,1.1739226677060124
1202.2078333395225,0.73326033,0.01692712,1.171710358621888
1202.2177873814228,0.74726385,0.017084122,1.1695871481967588
1202.227741423323,0.7124848,0.016692147,1.167614073481534
1202.2376954652232,0.71930987,0.016768174,1.1658339116403331
1202.2476495071235,0.74680084,0.017075498,1.1642873842569
1202.2576035490238,0.72043127,0.016778456,1.1629606099296461
1202.2675575909238,0.7004956,0.01655042,1.161815054482882
1202.2775116328241,0.7129742,0.01669447,1.1608164520924356
1202.2874656747244,0.7146168,0.016712187,1.1599318231421398
1202.2974197166247,0.7343659,0.016935432,1.1591177702912958
1202.3073737585248,0.70040065,0.016547754,1.15833234419228
1202.3173278004251,0.6974612,0.016512219,1.1575479841862706
1202.3272818423254,0.7180095,0.016748907,1.1567445538130487
1202.3372358842257,0.67681336,0.016272247,1.1559115004122418
1202.3471899261258,0.6884469,0.016407523,1.1550519861336561
1202.357143968026,0.69200945,0.016448034,1.1541696906159897
1202.3670980099264,0.67863035,0.016291574,1.153270703501404
1202.3770520518265,0.69110155,0.016437273,1.1523674180289365
1202.3870060937268,0.6907705,0.016431248,1.1514788577356732
1202.396960135627,0.69262236,0.016452506,1.1506251473293196
1202.4069141775271,0.68528444,0.01636794,1.1498265442016766
1202.4168682194274,0.66596305,0.01613806,1.1491116354374808
1202.4268222613277,0.66375047,0.016112126,1.1484752926241368
1202.436776303228,0.6508256,0.015957499,1.1479150647773155
1202.4467303451281,0.65038025,0.015949937,1.1474270079775648
1202.4566843870284,0.6890396,0.0164071,1.1470223380567397
1202.4666384289287,0.68588567,0.01637039,1.1466987152065404
1202.476592470829,0.653566,0.015988607,1.1464562840237755
1202.486546512729,0.65748435,0.016031839,1.1462890165390018
1202.4965005546294,0.65529954,0.016009053,1.1461909155155903
1202.5064545965297,0.6784631,0.016281279,1.1461438655723248
1202.5164086384298,0.68332607,0.016335705,1.1461366670010391
1202.52636268033,0.67071795,0.016185649,1.146165135380421
1202.5363167222304,0.6681325,0.016156087,1.1462320382078066
1202.5462707641304,0.6693689,0.016169587,1.1463399963290328
1202.5562248060307,0.67412513,0.01622637,1.1464917521412858
1202.566178847931,0.6442791,0.015871722,1.1466947765009348
1202.5761328898313,0.63329405,0.015738036,1.1469638397148367
1202.5860869317314,0.66625255,0.01613364,1.1473166817166707
1202.5960409736317,0.6635574,0.016100336,1.147760705345152
1202.605995015532,0.64894813,0.015925674,1.14830785625659
1202.6159490574323,0.66224027,0.016082318,1.1489718778664897
1202.6259030993324,0.6395982,0.015810434,1.1497691274723483
1202.6358571412327,0.6423102,0.015841903,1.1506875961858305
1202.645811183133,0.64139736,0.015831701,1.1517269561105794
1202.655765225033,0.62728703,0.015662216,1.152886501118557
1202.6657192669334,0.6680547,0.01614692,1.1541771115530701
1202.6756733088337,0.68942785,0.016396774,1.1555774191309642
1202.685627350734,0.6583607,0.016032951,1.1570846539099988
1202.695581392634,0.6397342,0.015809102,1.1586945949744751
1202.7055354345343,0.6489381,0.015918143,1.1604076975753066
1202.7154894764346,0.68192106,0.016308807,1.1621878803648635
1202.7254435183347,0.65985525,0.016048905,1.1640118817264795
1202.735397560235,0.64160436,0.0158285,1.1658662051706428
1202.7453516021353,0.64537704,0.015915057,1.1677523569021369
1202.7553056440356,0.66951174,0.016773332,1.1696724158868874
1202.7652596859357,0.68513995,0.017434545,1.171629004894167
1202.775213727836,0.74171674,0.018268349,1.1736218271741492
1202.7851677697363,0.70020014,0.01782671,1.175646686277512
1202.7951218116364,0.72292244,0.018212177,1.1776881071815581
1202.8050758535367,0.71627337,0.018505944,1.1797296153444499
1202.815029895437,0.68377966,0.018186921,1.1817581632857033
1202.8249839373373,0.7165735,0.018743593,1.1837638030148887
1202.8349379792373,0.65232104,0.017661212,1.18574610098938
1202.8448920211376,0.67174727,0.01768662,1.1877155240059736
1202.854846063038,0.69544584,0.018349592,1.1896856527475088
1202.864800104938,0.6805964,0.017804151,1.1916731979226618
1202.8747541468383,0.6952973,0.0182227,1.1936949864647146
1202.8847081887386,0.66982645,0.017963132,1.195756498363287
1202.894662230639,0.70643747,0.018469866,1.1978636058130203
1202.904616272539,0.7117387,0.018716363,1.2000287094090187
1202.9145703144393,0.71685666,0.019218761,1.202285634593804
1202.9245243563396,0.7378414,0.01945818,1.2046478311999498
1202.9344783982397,0.71908003,0.018699868,1.20711931925993
1202.94443244014,0.72333103,0.018776966,1.2096781970084236
1202.9543864820403,0.7175893,0.018624382,1.2122758701211613
1202.9643405239406,0.6646438,0.017750114,1.2148365215538022
1202.9742945658406,0.7152412,0.018436018,1.2172953811323692
1202.984248607741,0.69341767,0.01787859,1.2195937514634152
1202.9942026496412,0.7246454,0.018149776,1.221654517048631
1203.0041566915415,0.7112299,0.018175067,1.2234731269311974
1203.0141107334416,0.7445232,0.018710911,1.225057562269904
1203.024064775342,0.71087134,0.018267421,1.2264311248941504
1203.0340188172422,0.6813862,0.017982174,1.2276238320119262
1203.0439728591423,0.696746,0.018087361,1.2287089674616474
1203.0539269010426,0.7307519,0.018632552,1.229750363568878
1203.063880942943,0.7296792,0.018884026,1.2307929015157026
1203.073834984843,0.659389,0.018180186,1.2318702581690526
1203.0837890267433,0.726847,0.018711861,1.2329976198054808
1203.0937430686436,0.6965317,0.018285153,1.2341720932775277
1203.1036971105439,0.70786536,0.018658526,1.235388247784924
1203.113651152444,0.71444815,0.018573841,1.2366379890414367
1203.1236051943442,0.7291297,0.018810974,1.2379061136075273
1203.1335592362445,0.6905443,0.018365601,1.2391722520928994
1203.1435132781448,0.69133514,0.018251074,1.2404206392152153
1203.153467320045,0.7086652,0.018282158,1.2416397138271882
1203.1634213619452,0.74006164,0.018732099,1.2428209431170862
1203.1733754038455,0.7072959,0.018008634,1.2439677230066613
1203.1833294457456,0.71089995,0.017954497,1.2450797120225496
1203.1932834876459,0.7239046,0.017802237,1.2461559376352382
1203.2032375295462,0.73302466,0.01813031,1.2471878855620784
1203.2131915714465,0.71018124,0.01781539,1.2481782042326477
1203.2231456133466,0.7087955,0.017559038,1.2491230055177642
1203.2330996552469,0.7268712,0.017529344,1.2500178184801554
1203.2430536971472,0.6952548,0.01674721,1.2508496481912408
1203.2530077390472,0.7035506,0.016984222,1.2516203936365051
1203.2629617809475,0.69610894,0.01661092,1.2523326816207705
1203.2729158228478,0.7487001,0.01703429,1.2529956360897943
1203.2828698647481,0.72380596,0.016753934,1.2536246996114915
1203.2928239066482,0.6930958,0.01640326,1.2542423585362892
1203.3027779485485,0.70269746,0.016513541,1.2548602219289564
1203.3127319904488,0.700628,0.016489368,1.2554806644744705
1203.3226860323489,0.7139427,0.016638502,1.256101024167043
1203.3326400742492,0.67200136,0.016153678,1.2567168271431846
1203.3425941161495,0.68920887,0.016352598,1.2573256747368147
1203.3525481580498,0.71085453,0.016602052,1.257927062926736
1203.3625021999499,0.7148934,0.016648369,1.2585223918176969
1203.3724562418502,0.7221688,0.01672988,1.2591158272561582
1203.3824102837505,0.68556225,0.016309157,1.259712897408425
1203.3923643256505,0.72003543,0.016702896,1.2603188751221555
1203.4023183675508,0.71437174,0.016638024,1.2609395228158187
1203.4122724094511,0.73035663,0.016821155,1.2615827370217372
1203.4222264513514,0.7063646,0.016545892,1.262251269310144
1203.4321804932515,0.7106297,0.016594008,1.2629499204281385
1203.4421345351518,0.74145156,0.01694395,1.263683542688284
1203.452088577052,0.68012094,0.016244201,1.2644639122428454
1203.4620426189522,0.6900194,0.016355926,1.2652884215506528
1203.4719966608525,0.7204742,0.01670396,1.2661573737610639
1203.4819507027528,0.72411525,0.016743602,1.2670661423331284
1203.491904744653,0.6774102,0.016208887,1.2680052073611223
1203.5018587865532,0.66248935,0.01603248,1.268950759303254
1203.5118128284535,0.68133074,0.016251527,1.2698795635561626
1203.5217668703538,0.70851994,0.016566457,1.270767891370652
1203.531720912254,0.6993889,0.016461229,1.2715853404738324
1203.5416749541541,0.6804494,0.01624099,1.2723161136391705
1203.5516289960544,0.66991645,0.01611657,1.2729544553619236
1203.5615830379547,0.70403564,0.016511595,1.2734976544392764
1203.5715370798548,0.685912,0.016302709,1.2739436435095306
1203.581491121755,0.6927508,0.016378906,1.2743063460274722
1203.5914451636554,0.70022446,0.016466947,1.2746095144982847
1203.6013992055555,0.7015394,0.016481057,1.274869529204359
1203.6113532474558,0.665676,0.016064556,1.2750993532181782
1203.621307289356,0.67724484,0.016200235,1.2753086237153677
1203.6312613312564,0.7025777,0.01649081,1.275503903769207
1203.6412153731565,0.6531334,0.015914604,1.2756856952208475
1203.6511694150568,0.6839532,0.016275255,1.2758526893959006
1203.661123456957,0.6923639,0.016372332,1.2760025606801777
1203.6710774988574,0.68761826,0.01631668,1.27613867794023
1203.6810315407574,0.6843385,0.016275728,1.2762640099645677
1203.6909855826577,0.7157948,0.01664044,1.2763824982568313
1203.700939624558,0.669491,0.016104406,1.2764976417540825
1203.710893666458,0.6889749,0.016329508,1.2766116722025886
1203.7208477083584,0.6672831,0.01607607,1.276723281967392
1203.7308017502587,0.6667856,0.016069038,1.276828493553949
1203.7407557921588,0.7040394,0.016503397,1.276918831146042
1203.750709834059,0.6653144,0.016050896,1.2769877379155097
1203.7606638759594,0.64135736,0.015766162,1.2770296588268848
1203.7706179178597,0.68300486,0.016257573,1.2770403777528934
1203.7805719597598,0.6751124,0.016164366,1.2770143516685886
1203.79052600166,0.66058356,0.015992435,1.2769526460768343
1203.8004800435604,0.6588921,0.01597251,1.2768580155715867
1203.8104340854607,0.65564704,0.01593421,1.2767308107019082
1203.8203881273607,0.6472765,0.015833514,1.2765679498255178
1203.830342169261,0.654349,0.015917813,1.276367152313151
1203.8402962111613,0.68011373,0.016217334,1.2761297525285995
1203.8502502530614,0.67354673,0.016143363,1.275854744267548
1203.8602042949617,0.69086087,0.016343208,1.2755409479599655
1203.870158336862,0.6984776,0.01642962,1.2751881455406697
1203.8801123787623,0.6402934,0.01574713,1.2748041520223024
1203.8900664206624,0.6349547,0.015681274,1.274392977653805
1203.9000204625627,0.6577021,0.015951978,1.2739584194073068
1203.909974504463,0.6432693,0.015779534,1.2735019220857187
1203.919928546363,0.630377,0.015623927,1.2730287697350893
1203.9298825882634,0.6355306,0.015686387,1.2725395122148475
1203.9398366301637,0.6291169,0.015608384,1.2720332401972247
1203.949790672064,0.621077,0.015510076,1.2715043197120854
1203.959744713964,0.6269701,0.015583211,1.270951377247098
1203.9696987558643,0.63265866,0.015649052,1.2703703981741976
1203.9796527977646,0.6345638,0.01567286,1.2697566024344862
1203.9896068396647,0.6606349,0.015982116,1.2690995091364143
1203.999560881565,0.65660596,0.015936093,1.2683959864106562
1204.0095149234653,0.6394232,0.01572958,1.2676435681040252
1204.0194689653656,0.6332733,0.01565548,1.2668396388166498
1204.0294230072657,0.66206723,0.015998015,1.2659788237020746
1204.039377049166,0.63124216,0.015631257,1.2650635460324675
1204.0493310910663,0.6512586,0.015868537,1.2640997706150934
1204.0592851329664,0.6463849,0.015808962,1.263089889252946
1204.0692391748667,0.65672755,0.015932498,1.2620336618441985
1204.079193216767,0.6519249,0.015875293,1.2609320398723594
1204.0891472586673,0.6394848,0.015725585,1.2597921424951122
1204.0991013005673,0.66753405,0.016054496,1.2586179253384664
1204.1090553424676,0.65854263,0.015951786,1.2574143414142855
1204.119009384368,0.64701915,0.015812054,1.256187714021713
1204.128963426268,0.66242254,0.015999341,1.254949382385624
1204.1389174681683,0.6414152,0.01574811,1.2537069374549306
1204.1488715100686,0.6360615,0.015682025,1.2524670075353457
1204.158825551969,0.6404778,0.01573226,1.2512363453563575
1204.168779593869,0.6322884,0.015633985,1.250017466929843
1204.1787336357693,0.6546522,0.015903069,1.2488124973603234
1204.1886876776696,0.64122325,0.015740309,1.2476226248626698
1204.1986417195699,0.64107704,0.01573767,1.2464504216937777
1204.20859576147,0.6250312,0.015542376,1.245294132435056
1204.2185498033703,0.68045676,0.016202006,1.2441529190949696
1204.2285038452706,0.6298884,0.015600674,1.2430262657028253
1204.2384578871706,0.6364576,0.015682383,1.2419152811802183
1204.248411929071,0.6512703,0.01585891,1.2408195613351678
1204.2583659709712,0.64529306,0.015786821,1.23973952797494
1204.2683200128713,0.64925826,0.01583288,1.2386776097703946
1204.2782740547716,0.6363655,0.015679117,1.2376395542916951
1204.288228096672,0.63761055,0.015692517,1.2366315357586153
1204.2981821385722,0.6402881,0.015724454,1.235656761739736
1204.3081361804723,0.6643211,0.016007632,1.2347194345190193
1204.3180902223726,0.652704,0.015870215,1.2338234271889226
1204.3280442642729,0.63420933,0.015650006,1.2329699661131102
1204.3379983061732,0.6201903,0.015479238,1.2321493195997495
1204.3479523480732,0.65372914,0.01588028,1.2313539563187137
1204.3579063899736,0.6557363,0.015903192,1.2305751282127804
1204.3678604318739,0.67728025,0.016156223,1.2298035017175981
1204.377814473774,0.704093,0.016463812,1.2290299747985165
1204.3877685156742,0.64456004,0.015768865,1.2282500129093128
1204.3977225575745,0.6319817,0.015617327,1.2274621293410877
1204.4076765994748,0.65189564,0.01585554,1.2266675596355507
1204.417630641375,0.6371162,0.015678357,1.2258720633765638
1204.4275846832752,0.64539826,0.015778454,1.2250814334297162
1204.4375387251755,0.6679077,0.016042702,1.2243016703479248
1204.4474927670756,0.6402238,0.015714146,1.223541137521932
1204.4574468089759,0.65412277,0.015881414,1.222804670168408
1204.4674008508762,0.6365993,0.015671479,1.2220958238079662
1204.4773548927765,0.64853066,0.015812049,1.2214182381349008
1204.4873089346765,0.6413321,0.015723882,1.2207780816509184
1204.4972629765768,0.6415562,0.015728472,1.2201779348394621
1204.5072170184771,0.65239084,0.01585633,1.2196173314505283
1204.5171710603772,0.5980672,0.015196394,1.2190982590474946
1204.5271251022775,0.66852367,0.016045868,1.2186249934540712
1204.5370791441778,0.6451548,0.015769172,1.2182015786307965
1204.5470331860781,0.63139796,0.015604615,1.217824694511307
1204.5569872279782,0.66543823,0.016006572,1.2174955288854747
1204.5669412698785,0.67812765,0.01615544,1.2172164156955412
1204.5768953117788,0.6393974,0.015700473,1.2169940300474258
1204.5868493536789,0.63537353,0.015648976,1.2168226909276592
1204.5968033955792,0.65438014,0.015875595,1.216703463091974
1204.6067574374795,0.62810874,0.015560775,1.2166372175174573
1204.6167114793798,0.6495004,0.015818603,1.2166324397922885
1204.6266655212798,0.6244335,0.015516204,1.2166800720030104
1204.6366195631801,0.60559434,0.015285761,1.2167775500320483
1204.6465736050804,0.63384485,0.015627606,1.2169214765481717
1204.6565276469805,0.6721448,0.016079677,1.2171117785554644
1204.6664816888808,0.64663786,0.015780173,1.2173384488885934
1204.6764357307811,0.62302125,0.015495952,1.2175948430681887
1204.6863897726814,0.635344,0.015642589,1.217876895047662
1204.6963438145815,0.6644628,0.015987031,1.2181840862515694
1204.7062978564818,0.6138044,0.015379889,1.2185148279343843
1204.716251898382,0.58846104,0.0150676835,1.2188682570142864
1204.7262059402822,0.615943,0.015406469,1.2192459281317976
1204.7361599821825,0.63191396,0.015599879,1.2196516452184394
1204.7461140240828,0.6303213,0.015580372,1.2200890242415596
1204.756068065983,0.61716914,0.015420212,1.220557968135651
1204.7660221078831,0.6529824,0.015849607,1.2210614323982203
1204.7759761497834,0.6494801,0.015806591,1.221603977854045
1204.7859301916837,0.6545675,0.015867742,1.2221929950099546
1204.7958842335838,0.6203135,0.015453999,1.2228249609382817
1204.8058382754841,0.6213046,0.015465965,1.2234989818536013
1204.8157923173844,0.64358306,0.015734812,1.2242113793735803
1204.8257463592847,0.63805634,0.015668062,1.2249601665762708
1204.8357004011848,0.6411908,0.015705088,1.225732160907657
1204.845654443085,0.6456038,0.015756786,1.2265209055313806
1204.8556084849854,0.64037377,0.015692586,1.2273217088606692
1204.8655625268857,0.63309866,0.015606772,1.2281324576863182
1204.8755165687858,0.61748964,0.015416655,1.2289499754614748
1204.885470610686,0.6337991,0.015614732,1.2297718561318747
1204.8954246525864,0.6250053,0.0155083025,1.2305949309595556
1204.9053786944864,0.60426956,0.015254031,1.231413552419517
1204.9153327363867,0.6156123,0.015505233,1.2322203796026663
1204.925286778287,0.5962433,0.015895275,1.2330083295273786
1204.9352408201871,0.62309504,0.016572038,1.2337695507630757
1204.9451948620874,0.62756693,0.016645463,1.2344933472528243
1204.9551489039877,0.61145854,0.016606204,1.235171135840323
1204.965102945888,0.63176495,0.016945122,1.2358035392649214
1204.975056987788,0.6489997,0.017599147,1.2363915952254088
1204.9850110296884,0.6520318,0.017657103,1.2369396111273554
1204.9949650715887,0.6495163,0.017687635,1.237456949391727
1205.004919113489,0.62094736,0.01709519,1.2379621073106126
1205.014873155389,0.62809813,0.01696221,1.2384696780409565
1205.0248271972894,0.5808278,0.016741062,1.2389933878670316
1205.0347812391897,0.5964824,0.016524527,1.2395496169871514
1205.0447352810897,0.59220517,0.01667213,1.2401408927939577
1205.05468932299,0.602657,0.016803328,1.24076890170782
1205.0646433648903,0.59137493,0.01680115,1.2414324544829947
1205.0745974067906,0.59375024,0.016991554,1.242132392326923
1205.0845514486907,0.62183905,0.017894616,1.2428610253383778
1205.094505490591,0.6155108,0.017561449,1.2436136750797275
1205.1044595324913,0.6261147,0.017279014,1.2443865172099324
1205.1144135743914,0.6123733,0.017076224,1.2451760068071804
1205.1243676162917,0.6158695,0.017154453,1.2459740274978581
1205.134321658192,0.6317847,0.01718432,1.246771376309528
1205.1442757000923,0.64918447,0.017429113,1.2475591944313071
1205.1542297419924,0.639961,0.01704171,1.2483284177321563
1205.1641837838927,0.6576341,0.01721444,1.2490732529499384
1205.174137825793,0.62662715,0.017095601,1.2497943825783713
1205.184091867693,0.61116445,0.016898321,1.2504930846836309
1205.1940459095933,0.60640746,0.01680532,1.2511715510743084
1205.2039999514936,0.6154988,0.01691231,1.2518325325987227
1205.213953993394,0.6497767,0.017352752,1.2524822919560528
1205.223908035294,0.6194918,0.01716401,1.2531250347810041
1205.2338620771943,0.6146451,0.017183833,1.253765599615769
1205.2438161190946,0.6021784,0.017179793,1.2544114032935758
1205.2537701609947,0.57860863,0.016579341,1.2550697241538564
1205.263724202895,0.5955615,0.016794572,1.2557471780511917
1205.2736782447953,0.5997484,0.017053286,1.2564477905790763
1205.2836322866956,0.62678206,0.017150896,1.2571743718061514
1205.2935863285957,0.64207786,0.017648846,1.257919771907757
1205.303540370496,0.6300517,0.017305985,1.2586764680986267
1205.3134944123963,0.61793166,0.017109238,1.2594364412043935
1205.3234484542963,0.6286114,0.017014477,1.260190394014346
1205.3334024961966,0.6191867,0.017200375,1.2609310858527587
1205.343356538097,0.6187393,0.016743407,1.2616556612720324
1205.3533105799972,0.61898804,0.016590456,1.2623637155364218
1205.3632646218973,0.60766536,0.016261922,1.2630570581543668
1205.3732186637976,0.63091165,0.01678784,1.2637413295222948
1205.383172705698,0.5795192,0.01600397,1.2644237820683246
1205.3931267475982,0.56234133,0.0155663425,1.2651099451899568
1205.4030807894983,0.5719201,0.015432689,1.2658043968451755
1205.4130348313986,0.595082,0.015331349,1.2665105928812561
1205.422988873299,0.5825604,0.015447142,1.2672273602621578
1205.432942915199,0.5678378,0.014804218,1.2679533165719743
1205.4428969570993,0.57010376,0.014799943,1.2686865740484858
1205.4528509989996,0.57358056,0.014843388,1.2694262667374054
1205.4628050408996,0.59980226,0.0151703805,1.270170990264384
1205.4727590828,0.58479357,0.014984191,1.27092146550433
1205.4827131247002,0.59259605,0.015081205,1.2716789006068387
1205.4926671666005,0.581971,0.014947077,1.2724449678729177
1205.5026212085006,0.61992925,0.015414467,1.2732178483965775
1205.512575250401,0.5874291,0.015015203,1.2739938848353929
1205.5225292923012,0.5989216,0.015156504,1.274767020055363
1205.5324833342015,0.5960387,0.015120549,1.2755267396451737
1205.5424373761016,0.563111,0.014706797,1.2762616912785076
1205.552391418002,0.5856292,0.014990584,1.2769636100161088
1205.5623454599022,0.5681697,0.014769345,1.2776257703634204
1205.5722995018023,0.5617377,0.014687736,1.2782422848286783
1205.5822535437026,0.58066726,0.01492746,1.278813597461248
1205.5922075856029,0.6133292,0.015330138,1.2793501758522297
1205.602161627503,0.5653505,0.014733218,1.2798604095396833
1205.6121156694032,0.5886174,0.015025625,1.28035315537649
1205.6220697113035,0.5691473,0.014781687,1.2808368343643362
1205.6320237532038,0.5953315,0.015107985,1.2813185028796512
1205.641977795104,0.6033233,0.015204458,1.2818000532399356
1205.6519318370042,0.57071286,0.014799216,1.2822803333945796
1205.6618858789045,0.5757945,0.014862563,1.2827540657860317
1205.6718399208048,0.5979661,0.015138059,1.283215948684423
1205.681793962705,0.55393165,0.014584976,1.2836606956550387
1205.6917480046052,0.556261,0.014613794,1.2840845580091855
1205.7017020465055,0.57483727,0.01484856,1.2844840665341906
1205.7116560884056,0.55696297,0.014621247,1.284864749072275
1205.7216101303059,0.57712686,0.014877099,1.2852343970258366
1205.7315641722062,0.5458573,0.014478495,1.2856018141106058
1205.7415182141065,0.59010226,0.015036785,1.2859764177503183
1205.7514722560065,0.5756145,0.0148546435,1.2863632205632836
1205.7614262979068,0.55126494,0.014546081,1.2867595086545793
1205.7713803398071,0.5646741,0.014715758,1.2871570653801743
1205.7813343817072,0.56700915,0.014747071,1.2875413618561526
1205.7912884236075,0.56706756,0.014746509,1.2878929591824502
1205.8012424655078,0.5436589,0.014447315,1.2881997630707036
1205.811196507408,0.5506511,0.014536464,1.288452561061277
1205.8211505493082,0.5550529,0.014591621,1.28864750502819
1205.8311045912085,0.55339855,0.0145708,1.288783348267793
1205.8410586331088,0.55374086,0.014575529,1.2888785627566972
1205.8510126750089,0.5371475,0.014359562,1.288946406803754
1205.8609667169092,0.5473695,0.01449152,1.2890003699828632
1205.8709207588095,0.5437226,0.014444241,1.2890534163819687
1205.8808748007098,0.5389471,0.0143838115,1.2891158678349544
1205.8908288426098,0.553264,0.014565914,1.2891939411168183
1205.9007828845101,0.5330227,0.014304106,1.2892921542996851
1205.9107369264104,0.55510044,0.014588507,1.289416868393363
1205.9206909683105,0.5294169,0.014254037,1.289569539910771
1205.9306450102108,0.54428244,0.01444976,1.2897503297195974
1205.940599052111,0.5543159,0.0145780025,1.2899585313417608
1205.9505530940114,0.5380221,0.014366868,1.2901918329170998
1205.9605071359115,0.5438762,0.01444214,1.2904419912542453
1205.9704611778118,0.5212602,0.014146796,1.2906986024724438
1205.980415219712,0.5121397,0.014023937,1.2909531529310447
1205.9903692616122,0.54370344,0.014437394,1.2911968607963495
1206.0003233035125,0.53218627,0.014289622,1.2914198009005224
1206.0102773454128,0.5211733,0.014143278,1.2916166947389842
1206.020231387313,0.50568473,0.013935456,1.2917815385901021
1206.0301854292131,0.55467093,0.01457563,1.2919090727302773
1206.0401394711134,0.54086995,0.0143997045,1.291990180605978
1206.0500935130137,0.53769535,0.014359204,1.2920310224314675
1206.060047554914,0.53014445,0.014259172,1.292035546833115
1206.070001596814,0.52410287,0.01418152,1.2920121147751022
1206.0799556387144,0.4960608,0.013804631,1.291972608221891
1206.0899096806147,0.52275354,0.014161618,1.2919339724734114
1206.0998637225148,0.52567595,0.014199239,1.2919075933576636
1206.109817764415,0.52045524,0.014129603,1.2919006592351807
1206.1197718063154,0.5132979,0.014034759,1.291918085569405
1206.1297258482155,0.49470967,0.013784756,1.2919564038578168
1206.1396798901158,0.49767593,0.013826411,1.2920076276785888
1206.149633932016,0.5156218,0.014064234,1.2920624811363441
1206.1595879739164,0.5076382,0.013957471,1.292108851546546
1206.1695420158164,0.51751333,0.014087733,1.292132394662946
1206.1794960577167,0.5146784,0.01405038,1.292123269337135
1206.189450099617,0.46915022,0.0134322485,1.2920723663191356
1206.1994041415173,0.494329,0.013778476,1.2919711898929576
1206.2093581834174,0.48652297,0.013670317,1.291808551176136
1206.2193122253177,0.4804665,0.0135861635,1.2915861505444048
1206.229266267218,0.4554793,0.013239457,1.2912962222745723
1206.239220309118,0.45193386,0.013187719,1.2909237322813056
1206.2491743510184,0.45656976,0.013252961,1.2904190583639754
1206.2591283929187,0.44942626,0.013150731,1.2897523748683544
1206.269082434819,0.42568663,0.012809075,1.2888781360605355
1206.279036476719,0.4322867,0.012905836,1.2877558886274376
1206.2889905186194,0.39395994,0.0123371305,1.2863241230826783
1206.2989445605197,0.38161123,0.012147549,1.2845997918057273
1206.3088986024197,0.36648127,0.0119120395,1.2826158144666513
1206.31885264432,0.3791083,0.012108972,1.2804144373293016
1206.3288066862203,0.3656565,0.011899196,1.278048554352274
1206.3387607281206,0.3529639,0.011696621,1.2756050309052083
1206.3487147700207,0.33465242,0.011399945,1.273167817222378
1206.358668811921,0.328788,0.011302034,1.2708006943574048
1206.3686228538213,0.31488177,0.011068505,1.2685540231586914
1206.3785768957214,0.30449498,0.010891239,1.26645563076859
1206.3885309376217,0.27090973,0.0102922665,1.2644857569322159
1206.398484979522,0.2711568,0.010297806,1.2626284047996643
1206.4084390214223,0.23599282,0.009632271,1.2608660188610825
1206.4183930633224,0.23150013,0.009544843,1.259191315509624
1206.4283471052227,0.22008443,0.009314069,1.2575828799604776
1206.438301147123,0.19665569,0.008827329,1.2560387285968604
1206.448255189023,0.17770371,0.008408694,1.2545619624331636
1206.4582092309233,0.15541673,0.007889084,1.2531702868073686
1206.4681632728236,0.14395067,0.0076053413,1.251863844733027
1206.478117314724,0.12133507,0.0070151156,1.2506465244852687
1206.488071356624,0.11658834,0.0068832273,1.2495202606612104
1206.4980253985243,0.09126263,0.0061333836,1.24849072022757
1206.5079794404246,0.0860575,0.0059655947,1.24754560024557
1206.5179334823247,0.074140124,0.005565442,1.2466696039330623
1206.527887524225,0.05597628,0.004883315,1.2458523269360402
1206.5378415661253,0.05628452,0.004896517,1.2450880257357824
1206.5477956080256,0.050768364,0.004668619,1.2443724737103425
1206.5577496499257,0.05904035,0.005005574,1.2437008604896473
1206.567703691826,0.043642916,0.0043576793,1.2430758945249616
1206.5776577337263,0.048760243,0.0045834794,1.242503554495924
1206.5876117756266,0.038097836,0.0040941397,1.2419946557841828
1206.5975658175266,0.040421605,0.004207381,1.2415448132783007
1206.607519859427,0.042015493,0.0042806994,1.2411539197360975
1206.6174739013272,0.031335562,0.0037492842,1.2408190987403374
1206.6274279432273,0.038449567,0.004110008,1.2405418307680987
1206.6373819851276,0.040806063,0.004224614,1.2403063219203279
1206.647336027028,0.03330683,0.003852424,1.240100732369489
1206.657290068928,0.03249873,0.0038090674,1.2399035628323731
1206.6672441108283,0.029350203,0.0036390019,1.2396641329018652
1206.6771981527286,0.038000647,0.0040881545,1.239308850117467
1206.6871521946289,0.030129509,0.0036822364,1.2387659979054586
1206.697106236529,0.029317604,0.003637421,1.237986527941468
1206.7070602784293,0.032091815,0.003788648,1.2369411623414748
1206.7170143203296,0.039198726,0.0041464325,1.2356483362653568
1206.7269683622299,0.030923827,0.0037254838,1.2341475824973192
1206.73692240413,0.028932065,0.003614781,1.2324552398938495
1206.7468764460302,0.026150962,0.0034546258,1.2305771031290083
1206.7568304879305,0.02968924,0.003656781,1.2285136404434787
1206.7667845298306,0.024967676,0.0033834653,1.226296369463169
1206.776738571731,0.017452396,0.0028893375,1.2239374779929906
1206.7866926136312,0.018225865,0.002945506,1.2214502987966938
1206.7966466555313,0.021377835,0.003159504,1.218836854574499
1206.8066006974316,0.011934228,0.0024544406,1.2161331726003612
1206.8165547393319,0.014646823,0.0026797412,1.2133559051287754
1206.8265087812322,0.015062365,0.002711291,1.2105208501003337
1206.8364628231323,0.01189787,0.0024515425,1.2076400565435585
1206.8464168650326,0.00952585,0.0022318286,1.204738689554673
1206.8563709069329,0.010706773,0.0023437806,1.2018463156420847
1206.8663249488332,0.009126131,0.0021917182,1.1990096136637804
1206.8762789907332,0.008342663,0.0021132466,1.1963148209132213
1206.8862330326335,0.006359567,0.0018922716,1.1938460082176718
1206.8961870745338,0.0071476456,0.001982853,1.1916405157788832
1206.906141116434,0.0067575867,0.0019383744,1.1897101896687805
1206.9160951583342,0.0063553816,0.0018902243,1.1880582856074966
1206.9260492002345,0.0035892513,0.0015130519,1.1866781259554167
1206.9360032421348,0.0067371493,0.0019350457,1.1855296470082977
1206.9459572840349,0.0055549066,0.0017918412,1.1846037732702004
1206.9559113259352,0.0031867928,0.0014790858,1.183897757583841
1206.9658653678355,0.0075209704,0.0020221628,1.1834317743572913
1206.9758194097355,0.0043699318,0.0016308891,1.1831704457775718
1206.9857734516359,0.003975739,0.0015753742,1.1831082524585037
1206.9957274935362,0.007131731,0.0019804619,1.183238701910815
1207.0056815354365,0.004375626,0.001631782,1.1835797109304473
1207.0156355773365,0.0051667294,0.0017632603,1.1841014618190528
1207.0255896192368,0.008311603,0.002107573,1.184796714685477
1207.0355436611371,0.009496012,0.002226752,1.1856652315296508
1207.0454977030372,0.006346818,0.0018878321,1.1867292362468944
1207.0554517449375,0.0043674866,0.0016304678,1.1879843569710993
1207.0654057868378,0.010283764,0.0023025076,1.189414630456016
1207.075359828738,0.009113682,0.0021899114,1.1909980173268135
1207.0853138706382,0.0106806345,0.0023390204,1.1926974193055941
1207.0952679125385,0.017779615,0.0029112704,1.1944463750192444
1207.1052219544388,0.014650242,0.0026763128,1.1961696632285204
1207.1151759963388,0.011869153,0.002446805,1.1978026423913504
1207.1251300382391,0.01462927,0.0026740853,1.1992839136437037
1207.1350840801394,0.02210016,0.0032000013,1.2005486637433367
1207.1450381220398,0.016195465,0.002792674,1.201604294208432
1207.1549921639398,0.024072152,0.003324717,1.2024595343381732
1207.1649462058401,0.033538904,0.0038566112,1.2031455545766396
1207.1749002477404,0.029616157,0.0036459744,1.2037045580523975
1207.1848542896405,0.03197283,0.0037745086,1.2042202182593185
1207.1948083315408,0.033167295,0.003836682,1.204746335204336
1207.204762373441,0.03551724,0.0039579854,1.2053228955213435
1207.2147164153414,0.041833937,0.00426272,1.2059855050552715
1207.2246704572415,0.049316633,0.004596433,1.2067420460510323
1207.2346244991418,0.050888292,0.0046634907,1.2075896673601225
1207.244578541042,0.050525513,0.004648213,1.20852486173067
1207.2545325829424,0.061507266,0.005090174,1.2095484908739673
1207.2644866248424,0.06590983,0.0052548186,1.2106569145877033
1207.2744406667427,0.07297212,0.005510002,1.2118421486202826
1207.284394708643,0.08124154,0.0057918797,1.2131059339328052
1207.2943487505431,0.09230238,0.0061496343,1.2144551732705646
1207.3043027924434,0.09582791,0.00625822,1.2159032214205403
1207.3142568343437,0.11156756,0.006721875,1.217444307707481
1207.3242108762438,0.11279636,0.006756815,1.2190822663161922
1207.334164918144,0.13481517,0.00735137,1.2208202918468274
1207.3441189600444,0.12619776,0.007124922,1.2226779483849357
1207.3540730019447,0.13639449,0.0073926565,1.2246432119945647
1207.3640270438448,0.143914,0.007582223,1.2267206239955297
1207.373981085745,0.15726186,0.007910398,1.2289162546382175
1207.3839351276454,0.17303108,0.008277337,1.2312529216893995
1207.3938891695457,0.17624086,0.008350997,1.233729233658944
1207.4038432114457,0.21901053,0.009265235,1.2363466210705776
1207.413797253346,0.20464635,0.00896914,1.2391108615793593
1207.4237512952463,0.22817731,0.009448417,1.2420397371030798
1207.4337053371464,0.24624163,0.009801536,1.2451399928640328
1207.4436593790467,0.2466578,0.009809627,1.2484077036577808
1207.453613420947,0.2854339,0.010796989,1.2518552003360663
1207.463567462847,0.29632667,0.011220065,1.2555090300746568
1207.4735215047474,0.30146924,0.011386773,1.259407090520951
1207.4834755466477,0.31680906,0.011738194,1.2635286089636593
1207.493429588548,0.31801605,0.011788803,1.267846340496194
1207.503383630448,0.33291602,0.012292232,1.2722964802135093
1207.5133376723484,0.2980096,0.011671152,1.2767942676024147
1207.5232917142487,0.3379723,0.012477833,1.2812624512694315
1207.533245756149,0.3743625,0.012993733,1.2856636453469088
1207.543199798049,0.36053124,0.012657875,1.289972286548227
1207.5531538399493,0.34714663,0.012514472,1.2941498588123674
1207.5631078818496,0.35610038,0.012543424,1.2981809260008559
1207.5730619237497,0.3792567,0.01298532,1.3020457927180327
1207.58301596565,0.3875612,0.013182032,1.3057196894195964
1207.5929700075503,0.3930205,0.013343031,1.3091590407263283
1207.6029240494506,0.3858479,0.013248105,1.3123429932959463
1207.6128780913507,0.38777253,0.013659255,1.3152755499290076
1207.622832133251,0.3966125,0.013745055,1.3179497861490819
1207.6327861751513,0.37024355,0.013043648,1.320351211143548
1207.6427402170514,0.4238363,0.01380149,1.3224610823701053
1207.6526942589517,0.42561343,0.0139984675,1.3243068652477943
1207.662648300852,0.40496042,0.013482929,1.3258821204922164
1207.6726023427523,0.38984552,0.013154111,1.3271769903669541
1207.6825563846523,0.42611754,0.013616443,1.3281541965373354
1207.6925104265526,0.39737087,0.013077053,1.328891318972139
1207.702464468453,0.4193591,0.0135582425,1.3294510627782485
1207.712418510353,0.41450408,0.013518558,1.3299038208387914
1207.7223725522533,0.42594746,0.013719273,1.3302985662239852
1207.7323265941536,0.40187657,0.013427553,1.330664539312974
1207.742280636054,0.42703933,0.01373094,1.3310046490095644
1207.752234677954,0.41111958,0.013569403,1.331312736148758
1207.7621887198543,0.41556567,0.013811961,1.3315763229660795
1207.7721427617546,0.42414156,0.013979663,1.3317886235422502
1207.7820968036547,0.41752452,0.013751018,1.3319507418350682
1207.792050845555,0.41394913,0.013610041,1.3320647522356979
1207.8020048874553,0.38269132,0.013214604,1.3321348744178148
1207.8119589293556,0.39621145,0.013394315,1.3321688961097917
1207.8219129712556,0.40869087,0.013583043,1.332180992702023
1207.831867013156,0.3937558,0.013276129,1.3321803202118558
1207.8418210550562,0.412618,0.01366124,1.3321743936134458
1207.8517750969563,0.4116101,0.01350489,1.3321695253012829
1207.8617291388566,0.38737378,0.013282093,1.332170115358927
1207.871683180757,0.4236157,0.013716169,1.3321790812135186
1207.8816372226572,0.3926556,0.0130549,1.3321990808363768
1207.8915912645573,0.40120372,0.013003176,1.3322350990651222
1207.9015453064576,0.379288,0.0127117755,1.3322889131122624
1207.911499348358,0.40505224,0.013200655,1.332362355773959
1207.9214533902582,0.40752956,0.013074697,1.332457661634173
1207.9314074321583,0.39677507,0.012803895,1.332579357537682
1207.9413614740586,0.37841508,0.012240262,1.332729737595739
1207.9513155159589,0.38288003,0.012380514,1.3329092531471491
1207.961269557859,0.38267285,0.012239792,1.333119914227078
1207.9712235997592,0.4040202,0.012433203,1.3333648407374226
1207.9811776416595,0.3761416,0.012009124,1.3336472203117016
1207.9911316835596,0.3862603,0.01216328,1.3339635492717825
1208.00108572546,0.39061028,0.0122304,1.3343136393123365
1208.0110397673602,0.38781896,0.012186375,1.334697254246433
1208.0209938092605,0.36071658,0.011765923,1.3351184258119932
1208.0309478511606,0.37247053,0.011950961,1.3355714384791195
1208.040901893061,0.36305434,0.011802886,1.3360556899733749
1208.0508559349612,0.37824377,0.012039554,1.3365706765876444
1208.0608099768615,0.3653976,0.01183904,1.3371197437282878
1208.0707640187616,0.39669478,0.01231983,1.3376996653427042
1208.0807180606619,0.37007332,0.011911914,1.338309060595328
1208.0906721025622,0.35905305,0.011738104,1.3389474949742648
1208.1006261444622,0.3746647,0.01198207,1.3396167205510556
1208.1105801863625,0.36643672,0.011853121,1.3403152605750341
1208.1205342282628,0.36172053,0.01177864,1.3410395502204697
1208.1304882701631,0.35701218,0.01170562,1.3417875767678389
1208.1404423120632,0.36284325,0.011796122,1.3425575188304413
1208.1503963539635,0.35180953,0.011622207,1.343347022415515
1208.1603503958638,0.36399484,0.011814168,1.3441507544966609
1208.170304437764,0.33101726,0.011282662,1.3449663912564807
1208.1802584796642,0.34741995,0.011550366,1.3457929352418097
1208.1902125215645,0.34078076,0.011442195,1.3466330338192884
1208.2001665634648,0.35409096,0.01165656,1.3474876696962266
1208.2101206053649,0.35799843,0.011718088,1.3483601958134888
1208.2200746472652,0.32740608,0.011223408,1.349253866991158
1208.2300286891655,0.34185478,0.011459518,1.35017405551789
1208.2399827310655,0.35162205,0.011615805,1.3511193505461148
1208.2499367729658,0.35628068,0.0116889,1.352087812467493
1208.2598908148661,0.34347433,0.011485219,1.3530775095638943
1208.2698448567664,0.36371648,0.011807572,1.3540875627350488
1208.2797988986665,0.33829784,0.01140049,1.3551155350500026
1208.2897529405668,0.35191876,0.011619154,1.3561586875489735
1208.2997069824671,0.33585647,0.011360256,1.3572165691180242
1208.3096610243672,0.34640476,0.011530132,1.35829042894229
1208.3196150662675,0.32919437,0.011250076,1.3593835624839627
1208.3295691081678,0.35926628,0.011734717,1.3604967588367645
1208.339523150068,0.3389357,0.011408321,1.3616325910116707
1208.3494771919682,0.3432298,0.011478524,1.362792252000967
1208.3594312338685,0.35173672,0.011613361,1.363975968230097
1208.3693852757688,0.3392858,0.011412697,1.365170418076699
1208.3793393176688,0.33257762,0.011303014,1.3663593794567412
1208.3892933595691,0.345088,0.0115069235,1.3675210804494116
1208.3992474014694,0.34228498,0.011461105,1.3686231320110565
1208.4092014433697,0.32514635,0.011181006,1.369647298869559
1208.4191554852698,0.33366615,0.011321348,1.3705868502515512
1208.42910952717,0.33833918,0.011396881,1.3714426205605255
1208.4390635690704,0.33989307,0.011421378,1.3722175863559771
1208.4490176109707,0.3285386,0.011235158,1.3729231901487304
1208.4589716528708,0.32619423,0.011196831,1.3735689059725509
1208.468925694771,0.34876114,0.011563285,1.3741461100880876
1208.4788797366714,0.33870754,0.011400909,1.3746288643721334
1208.4888337785715,0.3296959,0.011253484,1.3749688895713035
1208.4987878204718,0.31746894,0.011049529,1.3751459626713314
1208.508741862372,0.321023,0.011110162,1.3751378859588868
1208.5186959042721,0.31820455,0.011061813,1.374938847229961
1208.5286499461724,0.32216114,0.011127121,1.3745385402674406
1208.5386039880727,0.31783503,0.011055757,1.3740004431460102
1208.548558029973,0.30838358,0.010895048,1.3733737489268594
1208.558512071873,0.31779903,0.011054393,1.372711898569585
1208.5684661137734,0.32246503,0.011132546,1.372070924654667
1208.5784201556737,0.32632506,0.011196772,1.3714921648015594
1208.588374197574,0.32322648,0.0111447675,1.370993353503645
1208.598328239474,0.32127783,0.011111802,1.3705782935565267
1208.6082822813744,0.33685052,0.011368416,1.3702434212237724
1208.6182363232747,0.31696227,0.011038717,1.3699728137179044
1208.6281903651748,0.30245894,0.010792213,1.3697450612219098
1208.638144407075,0.3058964,0.010850238,1.3695491745074473
1208.6480984489754,0.3144915,0.0109966025,1.369379474504703
1208.6580524908754,0.29772064,0.010709613,1.3692356616271966
1208.6680065327757,0.29218805,0.010614069,1.3691138118316815
1208.677960574676,0.31169465,0.010949735,1.3690130209069102
1208.6879146165763,0.30586743,0.010850567,1.3689309115110324
1208.6978686584764,0.29759532,0.010707411,1.3688648097200788
1208.7078227003767,0.3194646,0.01107962,1.368807064168185
1208.717776742277,0.32025614,0.011091617,1.3687520691642927
1208.7277307841773,0.30041304,0.010755983,1.3686951203042343
1208.7376848260774,0.3178293,0.011052283,1.3686324249543178
1208.7476388679777,0.30032882,0.0107539715,1.3685635879042883
1208.757592909878,0.28465128,0.010478883,1.3684914683415421
1208.767546951778,0.30417106,0.010820646,1.368421161197376
1208.7775009936784,0.30057737,0.010757251,1.3683608739298663
1208.7874550355787,0.31507123,0.011004364,1.368321116160133
1208.797409077479,0.28304783,0.01044881,1.3683086121755665
1208.807363119379,0.3041207,0.010818456,1.368329806315556
1208.8173171612793,0.29856417,0.010720751,1.3683902747349812
1208.8272712031796,0.28190476,0.0104291,1.3684992150930677
1208.8372252450797,0.30326396,0.010803326,1.3686531184581439
1208.84717928698,0.2739455,0.010285265,1.3688535651815479
1208.8571333288803,0.2817147,0.010424561,1.369101733188949
1208.8670873707806,0.2739087,0.0102841845,1.3694050425514563
1208.8770414126807,0.2890784,0.010553919,1.3697588575867607
1208.886995454581,0.27667722,0.010333432,1.3701617728203468
1208.8969494964813,0.28281516,0.010443323,1.3706130816017161
1208.9069035383814,0.28441936,0.010471522,1.3711156638897832
1208.9168575802817,0.27001727,0.010213587,1.3716664812586807
1208.926811622182,0.28546587,0.010490391,1.3722602803655017
1208.9367656640823,0.296476,0.010683736,1.3728950573678946
1208.9467197059823,0.26057124,0.010037204,1.3735707075019583
1208.9566737478826,0.28277424,0.0104413675,1.3742875465196727
1208.966627789783,0.27378342,0.010280456,1.3750389894122472
1208.976581831683,0.27062556,0.010222676,1.3758213583164978
1208.9865358735833,0.2616575,0.010058106,1.3766284531920276
1208.9964899154836,0.28268093,0.010439033,1.3774501259087493
1209.006443957384,0.25851762,0.010000102,1.3782678852537587
1209.016397999284,0.25611767,0.009954067,1.3790651871041668
1209.0263520411843,0.26036534,0.010032781,1.379826690094586
1209.0363060830846,0.27710962,0.010337959,1.3805356764714984
1209.0462601249847,0.28413293,0.010462124,1.3811945036883648
1209.056214166885,0.27804995,0.01035498,1.3818146917479073
1209.0661682087853,0.28257155,0.0104347505,1.3824148509401
1209.0761222506856,0.26114732,0.010045179,1.3830217784546248
1209.0860762925856,0.26929638,0.010194817,1.3836660855743856
1209.096030334486,0.26653013,0.010144683,1.3843680565450993
1209.1059843763862,0.25759906,0.009980825,1.3851424433486186
1209.1159384182865,0.2532212,0.009897436,1.3859999321542755
1209.1258924601866,0.2824889,0.010434767,1.3869490459913547
1209.135846502087,0.2805281,0.010397345,1.3879760357910191
1209.1458005439872,0.2657593,0.010130862,1.3890770410270235
1209.1557545858873,0.26298884,0.010081057,1.3902495007281714
1209.1657086277876,0.2613285,0.010047952,1.391503666429982
1209.1756626696879,0.27148867,0.010233721,1.3928310804960373
1209.185616711588,0.26025826,0.010028272,1.3942316604499063
1209.1955707534883,0.2422373,0.009687319,1.3957026071503817
1209.2055247953886,0.24646263,0.009768816,1.397240156738365
1209.2154788372889,0.244159,0.0097245835,1.398822927469276
1209.225432879189,0.25111476,0.009855432,1.4004297373410435
1209.2353869210892,0.26128402,0.01004567,1.4020463073727596
1209.2453409629895,0.25937262,0.010011104,1.4036673705386322
1209.2552950048898,0.26321015,0.01008109,1.4053006379496193
1209.26524904679,0.268271,0.010174766,1.4069624925718531
1209.2752030886902,0.26520076,0.010119217,1.4086723067334814
1209.2851571305905,0.23980904,0.00963844,1.410444067543328
1209.2951111724906,0.24135844,0.009671328,1.4122783668924965
1209.3050652143909,0.25643912,0.009954909,1.4141325504597058
1209.3150192562912,0.24603367,0.009759806,1.4159487541876798
1209.3249732981915,0.25139907,0.00986009,1.4176542636801426
1209.3349273400916,0.24171579,0.009676619,1.4191438473678606
1209.3448813819919,0.25021514,0.009838486,1.4203728891878313
1209.3548354238922,0.23693033,0.0095805535,1.4213122254097081
1209.3647894657922,0.25374937,0.0099038305,1.4219492235245061
1209.3747435076925,0.24360709,0.0097125415,1.422268790226057
1209.3846975495928,0.23773329,0.009598792,1.4223106706532094
1209.3946515914931,0.24778599,0.009791661,1.4221373115981235
1209.4046056333932,0.22956698,0.009439602,1.4217958187903261
1209.4145596752935,0.24152431,0.009671426,1.4213291851812089
1209.4245137171938,0.25908175,0.010003034,1.4207795233978229
1209.4344677590939,0.24862497,0.009806689,1.420191210063276
1209.4444218009942,0.23180774,0.0094808,1.4195889927309397
1209.4543758428945,0.2536148,0.009900848,1.4189931839981367
1209.4643298847948,0.24696964,0.009774387,1.4184289174992806
1209.4742839266949,0.22872795,0.009421147,1.4179123904335633
1209.4842379685952,0.22897016,0.009424234,1.4174598819745412
1209.4941920104955,0.23018606,0.009449129,1.4170823684954965
1209.5041460523955,0.24653743,0.009766313,1.4167912090784474
1209.5141000942958,0.22436218,0.009333705,1.416574430115444
1209.5240541361961,0.22858748,0.009417932,1.4164186243440753
1209.5340081780964,0.23865935,0.009614021,1.41631289532113
1209.5439622199965,0.22744085,0.009394206,1.4162489012826023
1209.5539162618968,0.22775868,0.009400695,1.4162165289784514
1209.563870303797,0.22699498,0.0093846815,1.41620551255085
1209.5738243456972,0.22894089,0.00942351,1.416211269718455
1209.5837783875975,0.22000597,0.009248068,1.4162323115630375
1209.5937324294978,0.20860875,0.009012354,1.416271470980831
1209.603686471398,0.22144927,0.0092739,1.4163303453603402
1209.6136405132982,0.20284851,0.008892537,1.4164136870734894
1209.6235945551985,0.21131529,0.00906798,1.4165266387561248
1209.6335485970988,0.22802685,0.009405301,1.4166795444851896
1209.6435026389988,0.20713307,0.008983574,1.4168729471151338
1209.6534566808991,0.2256439,0.009358014,1.4171094893299032
1209.6634107227994,0.22295597,0.009302612,1.417391863145101
1209.6733647646997,0.22225627,0.009290672,1.4177266529178731
1209.6833188065998,0.21243265,0.009089031,1.4181136291246526
1209.6932728485,0.21209978,0.00908488,1.4185498470422098
1209.7032268904004,0.2077383,0.008992477,1.4190349526255197
1209.7131809323005,0.21707529,0.009184347,1.4195706227165048
1209.7231349742008,0.21597125,0.0091632055,1.4201588827976206
1209.733089016101,0.20462804,0.008927529,1.4207939965314291
1209.7430430580014,0.21317515,0.0091052735,1.4214757626619035
1209.7529970999014,0.21547087,0.009149974,1.4222046527424177
1209.7629511418018,0.20930597,0.009024476,1.4229890886880707
1209.772905183702,0.19651936,0.008759561,1.4238237664714055
1209.7828592256024,0.20646784,0.008968023,1.4247113021307927
1209.7928132675024,0.20691828,0.008976612,1.425654350583766
1209.8027673094027,0.2099426,0.009035987,1.4266607580575366
1209.812721351303,0.1941475,0.008706425,1.427722267798698
1209.822675393203,0.2083585,0.009003727,1.428825626520351
1209.8326294351034,0.22280042,0.009297339,1.4299522377911944
1209.8425834770037,0.2026693,0.008887172,1.4310741558715305
1209.8525375189038,0.20331928,0.008898512,1.4321555913602957
1209.862491560804,0.20412564,0.008917686,1.433169712780685
1209.8724456027044,0.20412582,0.008917696,1.4340959030837062
1209.8823996446047,0.20674281,0.008968895,1.4349216959281752
1209.8923536865047,0.1998626,0.008826833,1.435640421088181
1209.902307728405,0.1807349,0.0084114615,1.4362781396748185
1209.9122617703053,0.19311844,0.0086809965,1.4368499783750885
1209.9222158122056,0.1959197,0.008744022,1.4373683860225752
1209.9321698541057,0.19156504,0.0086482335,1.4378338094939356
1209.942123896006,0.17954788,0.008384153,1.4382502806161552
1209.9520779379063,0.18688756,0.0085477745,1.4386116905016153
1209.9620319798064,0.17764662,0.008470283,1.438910032186742
1209.9719860217067,0.18115827,0.008790645,1.4391326319365731
1209.981940063607,0.181583,0.00893016,1.439280909637958
1209.9918941055073,0.18062317,0.008871498,1.4393657288916315
1210.0018481474074,0.1812264,0.008956695,1.4393989888129373
1210.0118021893077,0.16674398,0.008679129,1.439396708159715
1210.021756231208,0.18346837,0.009223092,1.4393817828716227
1210.031710273108,0.18809342,0.009341385,1.4393787221845986
1210.0416643150083,0.20034218,0.009605981,1.4394069220628625
1210.0516183569086,0.1663854,0.008738512,1.43948247177692
1210.061572398809,0.18006466,0.009092708,1.4396278438208467
1210.071526440709,0.16739066,0.008693077,1.439842093756499
1210.0814804826093,0.16364793,0.008580343,1.4401296289473098
1210.0914345245096,0.1703862,0.008902139,1.4404935230397897
1210.1013885664097,0.14877018,0.008293655,1.440946096739947
1210.11134260831,0.17065912,0.008904114,1.4414855771644959
1210.1212966502103,0.15369336,0.00862327,1.442110542128979
1210.1312506921106,0.16732672,0.0090815695,1.4428180753730597
1210.1412047340107,0.15336727,0.008454407,1.4436007640658592
1210.151158775911,0.16084588,0.0087233,1.4444383689649893
1210.1611128178113,0.15435292,0.008486083,1.445305571931479
1210.1710668597113,0.16404806,0.008704389,1.4461856324264966
1210.1810209016116,0.17115499,0.008716312,1.4470641823105708
1210.190974943512,0.15408137,0.008426591,1.4479245526109623
1210.2009289854122,0.15621774,0.008316013,1.448754532238481
1210.2108830273123,0.14715807,0.008180707,1.4495418044553414
1210.2208370692126,0.16729355,0.008735612,1.4502757000474094
1210.230791111113,0.14496094,0.00820984,1.4509397694236676
1210.240745153013,0.15237364,0.008352495,1.4515370189352055
1210.2506991949133,0.14763615,0.008243619,1.4520691070651643
1210.2606532368136,0.14089687,0.008113848,1.4525373262385988
1210.270607278714,0.14048469,0.008149665,1.4529368299532477
1210.280561320614,0.16002144,0.008706376,1.453267381038891
1210.2905153625143,0.15667507,0.00860255,1.453531917426493
1210.3004694044146,0.13486017,0.008027608,1.453730223759919
1210.3104234463149,0.14801972,0.008367817,1.4538611778956474
1210.320377488215,0.15351468,0.008484295,1.453921621516262
1210.3303315301152,0.14239986,0.008169772,1.4539196788929174
1210.3402855720155,0.1423537,0.008214266,1.4538565856941197
1210.3502396139156,0.13953948,0.008024186,1.4537365865808103
1210.360193655816,0.14285715,0.0081600025,1.4535623109250722
1210.3701476977162,0.14337684,0.008138564,1.4533549207318064
1210.3801017396163,0.13236508,0.007861006,1.453129779153309
1210.3900557815166,0.14581063,0.008084387,1.452902214701938
1210.400009823417,0.14604919,0.008028103,1.4526889037703659
1210.4099638653172,0.13447864,0.0076442105,1.4525021381166108
1210.4199179072173,0.13583036,0.007788312,1.4523481554219007
1210.4298719491176,0.14089996,0.007827715,1.4522310342118068
1210.4398259910179,0.14113136,0.007746406,1.4521551052501667
1210.4497800329182,0.12335467,0.0071549616,1.4521234317297183
1210.4597340748182,0.1437718,0.0076630414,1.4521333165455865
1210.4696881167185,0.1296917,0.007306729,1.4521865919253694
1210.4796421586188,0.13069181,0.007209229,1.452286205525772
1210.489596200519,0.13301991,0.007270033,1.4524416632192254
1210.4995502424192,0.11170516,0.0066931294,1.4526478434712262
1210.5095042843195,0.12790366,0.0071341787,1.4529054171527211
1210.5194583262196,0.1175005,0.006853054,1.4532138044571365
1210.52941236812,0.11631321,0.0068218587,1.4535770146671552
1210.5393664100202,0.1213137,0.0069578076,1.4539875358968708
1210.5493204519205,0.12561215,0.0070745344,1.4544389045095887
1210.5592744938206,0.11746236,0.0068518184,1.4549231452484004
1210.5692285357209,0.122100435,0.0069789626,1.4554245663840915
1210.5791825776212,0.11513219,0.00678861,1.4559090131145012
1210.5891366195215,0.12365665,0.0070237992,1.4563300485087374
1210.5990906614215,0.11355299,0.0067453673,1.456629711517342
1210.6090447033218,0.120112285,0.006925005,1.456738051188619
1210.6189987452221,0.120538786,0.006937156,1.4565616039472375
1210.6289527871222,0.10734157,0.006566893,1.456088504167168
1210.6389068290225,0.12240289,0.006987135,1.4553048277590228
1210.6488608709228,0.12051983,0.0069363667,1.454221599081339
1210.6588149128231,0.112749174,0.0067192093,1.45284486421117
1210.6687689547232,0.11236231,0.006709453,1.4512699324300626
1210.6787229966235,0.10771988,0.006578621,1.4495702733428328
1210.6886770385238,0.10805053,0.006585918,1.4478129823128003
1210.6986310804239,0.11075313,0.006661187,1.4460542504248868
1210.7085851223242,0.110031426,0.0066438485,1.4443283747714606
1210.7185391642245,0.10147278,0.0063948873,1.4426424622654805
1210.7284932061248,0.103764504,0.0064603398,1.440993188099358
1210.7384472480248,0.093746096,0.006161293,1.4393754720124181
1210.7484012899251,0.10415455,0.006474523,1.4377867448791335
1210.7583553318254,0.104146376,0.0064718486,1.436222375256547
1210.7683093737255,0.0999405,0.0063507357,1.434682239508983
1210.7782634156258,0.11343932,0.006740665,1.4331662792482667
1210.7882174575261,0.09797109,0.0062875925,1.4316759576753886
1210.7981714994264,0.104944415,0.006496762,1.430203606921258
1210.8081255413265,0.10573265,0.006522037,1.4287435235860526
1210.8180795832268,0.09795734,0.006289733,1.427289616472637
1210.828033625127,0.08824861,0.005986849,1.4258364671013286
1210.8379876670272,0.10258145,0.0064271437,1.4243821037187208
1210.8479417089275,0.09950002,0.006335518,1.4229298946317739
1210.8578957508278,0.09640812,0.0062426855,1.421487096612724
1210.867849792728,0.098701574,0.0063111526,1.4200643603098009
1210.8778038346281,0.09447563,0.00618383,1.4186731142448639
1210.8877578765284,0.09791072,0.006287873,1.4173183863208128
1210.8977119184287,0.08979892,0.0060359533,1.416006226133233
1210.9076659603288,0.09330722,0.0061485474,1.4147424725920008
1210.9176200022291,0.09674935,0.0062529864,1.4135431307416886
1210.9275740441294,0.08805003,0.005988954,1.4124104582105852
1210.9375280860297,0.09284465,0.006208758,1.4113561460276927
1210.9474821279298,0.0847435,0.0059102415,1.4103925944315872
1210.95743616983,0.08963038,0.006239251,1.4095441298874083
1210.9673902117304,0.09358236,0.0065234294,1.4088124074455612
1210.9773442536307,0.098215036,0.0067121647,1.4081963565100868
1210.9872982955308,0.08888505,0.0064432113,1.4076949328818522
1210.997252337431,0.09271288,0.006538669,1.4073097249728013
1211.0072063793314,0.090015054,0.006591051,1.4070326922704872
1211.0171604212314,0.08235428,0.0061382954,1.4068430189800627
1211.0271144631317,0.08644716,0.0062686615,1.406729678610635
1211.037068505032,0.075438954,0.0059963837,1.4066845935226866
1211.047022546932,0.07175291,0.00589462,1.4067095602118913
1211.0569765888324,0.08168015,0.0062139034,1.4067968771206751
1211.0669306307327,0.07407817,0.0060231336,1.4069532521027805
1211.076884672633,0.07365792,0.0060401144,1.4071893406748777
1211.086838714533,0.07074507,0.0057832054,1.4075308234757724
1211.0967927564334,0.0826882,0.0062198,1.4079809403117745
1211.1067467983337,0.07099723,0.0061047915,1.4085422913388994
1211.116700840234,0.07601726,0.0062262868,1.40921395477831
1211.126654882134,0.07070307,0.0059154956,1.4099952814251382
1211.1366089240344,0.064976245,0.005656681,1.4108699682957095
1211.1465629659347,0.064286135,0.0055633243,1.4118129373460344
1211.1565170078347,0.07992834,0.0062404545,1.412806639653272
1211.166471049735,0.06926337,0.005737435,1.413835799705208
1211.1764250916353,0.06505898,0.0055550085,1.4148886209231535
1211.1863791335356,0.06928296,0.0058623166,1.4159543971523925
1211.1963331754357,0.05851459,0.0052646105,1.4170318192059252
1211.206287217336,0.06030327,0.005338089,1.418124919416552
1211.2162412592363,0.073110156,0.005924836,1.4192469697830141
1211.2261953011364,0.062170886,0.0054411846,1.4204086307080175
1211.2361493430367,0.07188947,0.005770084,1.4216224090793377
1211.246103384937,0.07122911,0.005736794,1.422900914072729
1211.2560574268373,0.06189641,0.005445704,1.424263267321671
1211.2660114687374,0.05788806,0.005308928,1.4257191029264205
1211.2759655106377,0.057332538,0.005316912,1.427269242807005
1211.285919552538,0.061698083,0.005623877,1.428916240266904
1211.295873594438,0.066281855,0.005679646,1.4306607188566058
1211.3058276363383,0.05372405,0.005083167,1.4324982419911372
1211.3157816782386,0.06703765,0.0058561717,1.4344047976761645
1211.325735720139,0.06086106,0.00553192,1.4363709248539704
1211.335689762039,0.061661422,0.0056492295,1.4383943757529625
1211.3456438039393,0.058000233,0.0054913233,1.4404917747837889
1211.3555978458396,0.061760247,0.005772373,1.4426684212716687
1211.3655518877397,0.068485156,0.00596807,1.4449395290174607
1211.37550592964,0.065058835,0.006120609,1.4473235955798147
1211.3854599715403,0.053676885,0.0055011963,1.4498549224108557
1211.3954140134406,0.05267068,0.005495877,1.4525464533813481
1211.4053680553407,0.053632423,0.0055074804,1.455392349284271
1211.415322097241,0.055738885,0.0056234845,1.4583760106292258
1211.4252761391413,0.061434537,0.005794843,1.4614606548941533
1211.4352301810413,0.04074892,0.004700864,1.4645772726637742
1211.4451842229416,0.05411175,0.005191505,1.4676429378292914
1211.455138264842,0.048174474,0.0048300154,1.4705883327290432
1211.4650923067422,0.0514448,0.005113984,1.4733580169741043
1211.4750463486423,0.05105883,0.005209976,1.475880220414026
1211.4850003905426,0.055112757,0.005132153,1.4781752460508595
1211.494954432443,0.059555307,0.0051919697,1.4802541479497064
1211.5049084743432,0.045938946,0.004748499,1.4821468211540858
1211.5148625162433,0.054690693,0.0050115334,1.4838857134782124
1211.5248165581436,0.04967183,0.004763939,1.485525603790602
1211.5347706000439,0.04565236,0.0045751375,1.4870987921488643
1211.544724641944,0.043373797,0.0044657574,1.4886128232793123
1211.5546786838443,0.04817798,0.0046764445,1.490056128546969
1211.5646327257446,0.046353772,0.00447165,1.491407839935754
1211.5745867676446,0.043855526,0.004329423,1.492661746779477
1211.584540809545,0.04655832,0.0044499952,1.4938105978440588
1211.5944948514452,0.041544683,0.0042248704,1.4948551287206195
1211.6044488933455,0.0480856,0.0045175822,1.4957935563143547
1211.6144029352456,0.04653133,0.0044458644,1.4966594981059822
1211.624356977146,0.0427143,0.00427822,1.4974733049296372
1211.6343110190462,0.033797957,0.0038480696,1.4982547390069656
1211.6442650609465,0.041090846,0.0042049396,1.4990195024798478
1211.6542191028466,0.034539923,0.00388488,1.4997799306889408
1211.6641731447469,0.039918244,0.0041443575,1.5005388574654996
1211.6741271866472,0.04304671,0.0042922124,1.501290255153925
1211.6840812285473,0.04228209,0.0042593256,1.5020121789994982
1211.6940352704476,0.038798265,0.004097719,1.5026558614762657
1211.7039893123479,0.04649167,0.0044468907,1.503158979723149
1211.713943354248,0.038422514,0.004077755,1.5034378324107438
1211.7238973961482,0.03566064,0.0039388076,1.5033975607012242
1211.7338514380485,0.031413317,0.0037200372,1.502889769881295
1211.7438054799488,0.03680182,0.003995615,1.5019116989504075
1211.753759521849,0.033737145,0.0038427247,1.500441369550754
1211.7637135637492,0.03641965,0.003977997,1.4984880536838336
1211.7736676056495,0.04106558,0.004202144,1.4960473669020276
1211.7836216475498,0.036812242,0.003995326,1.493233211102347
1211.7935756894499,0.03719728,0.0040145307,1.4901518139010088
1211.8035297313502,0.03565315,0.003938271,1.4869051426042008
1211.8134837732505,0.029480912,0.0036184038,1.4836062486505692
1211.8234378151506,0.0321412,0.0037583094,1.480378362577387
1211.8333918570509,0.03218262,0.0037663623,1.4773011877330866
1211.8433458989512,0.0348317,0.0038982069,1.4744207762575137
1211.8532999408515,0.027928654,0.003532124,1.4717555847701158
1211.8632539827515,0.028284423,0.0035518769,1.4693177742537928
1211.8732080246518,0.034060832,0.0038563386,1.4670510271663326
1211.8831620665521,0.031395912,0.0037171226,1.464929078584738
1211.8931161084522,0.030236779,0.0036585757,1.4629297443663474
1211.9030701503525,0.031753395,0.0037371393,1.461047898465883
1211.9130241922528,0.024438944,0.0033242507,1.4592628230361362
1211.922978234153,0.029443668,0.0036165891,1.4575659112090364
1211.9329322760532,0.027499061,0.0035054635,1.455955824366177
1211.9428863179535,0.024808107,0.0033485214,1.454440557809523
1211.9528403598538,0.027127247,0.0034868685,1.4530265714809347
1211.9627944017539,0.022498352,0.0032102466,1.4517114372738886
1211.9727484436542,0.022077993,0.0031784489,1.4505001447680552
1211.9827024855545,0.026731499,0.0034608843,1.4493981150574808
1211.9926565274548,0.020566858,0.003081796,1.448418616136219
1212.0026105693548,0.021698719,0.0031542527,1.447543051472052
1212.0125646112551,0.027503261,0.0035078453,1.4467656876086248
1212.0225186531554,0.01745784,0.002867493,1.446080240133649
1212.0324726950555,0.020531006,0.0030783901,1.445491727503832
1212.0424267369558,0.024388488,0.00332011,1.4449891506028116
1212.052380778856,0.018625166,0.002949122,1.4445701269897446
1212.0623348207564,0.019771686,0.003029936,1.4442375609049247
1212.0722888626565,0.018213611,0.0029216427,1.4440036678980157
1212.0822429045568,0.020514233,0.0030772144,1.443877796136449
1212.092196946457,0.016275551,0.002779907,1.4438599170287696
1212.1021509883572,0.020902349,0.0031031787,1.443957723645899
1212.1121050302575,0.015491076,0.0027190137,1.4441793639061948
1212.1220590721578,0.016660867,0.002811434,1.4445370643765973
1212.132013114058,0.020896057,0.0031039172,1.445001881938949
1212.1419671559581,0.020130852,0.0030533723,1.4455549175260989
1212.1519211978584,0.015102683,0.0026895725,1.4461755514799186
1212.1618752397587,0.015873833,0.0027519166,1.446850650101458
1212.171829281659,0.01548807,0.0027209905,1.4475618097746894
1212.181783323559,0.012784274,0.0025038593,1.4482997817346246
1212.1917373654594,0.012401953,0.0024751723,1.44905864487687
1212.2016914073597,0.013928131,0.0025985441,1.4498347266159055
1212.2116454492598,0.010848455,0.0023339193,1.4506241238594932
1212.22159949116,0.017405601,0.0028610264,1.4514231365956745
1212.2315535330604,0.01163311,0.002406151,1.452229723408657
1212.2415075749605,0.0116203725,0.0024074262,1.4530420514742186
1212.2514616168608,0.009679722,0.002232768,1.453858168327013
1212.261415658761,0.014669621,0.0026557369,1.4546759167922132
1212.2713697006614,0.014314189,0.0026284114,1.4554960835355963
1212.2813237425614,0.012762657,0.0025017143,1.4563243573149445
1212.2912777844617,0.010829338,0.0023331018,1.4571783707302972
1212.301231826362,0.011980336,0.0024326222,1.458076620751919
1212.3111858682623,0.011617487,0.0024031634,1.459034495416334
1212.3211399101624,0.012785352,0.002509112,1.46006276682618
1212.3310939520627,0.011211728,0.0023670888,1.4611736193868525
1212.341047993963,0.01314765,0.0025325252,1.4623720165812526
1212.351002035863,0.009693026,0.0022295702,1.4636550781849071
1212.3609560777634,0.008125938,0.002068559,1.4650273862451595
1212.3709101196637,0.0065945536,0.001900593,1.4664968677693349
1212.3808641615637,0.011608574,0.002403735,1.4680814912096798
1212.390818203464,0.010853718,0.0023376856,1.4697726235835233
1212.4007722453644,0.011236569,0.0023752374,1.4715729032787594
1212.4107262872647,0.009684224,0.0022285122,1.4734834009485613
1212.4206803291647,0.009298938,0.0021907673,1.4755185204028094
1212.430634371065,0.007751877,0.0020301726,1.4776681657831068
1212.4405884129653,0.008532142,0.0021147514,1.4799308346667779
1212.4505424548656,0.006989131,0.0019481358,1.4823104383549581
1212.4604964967657,0.011615025,0.0024059964,1.4848230360568535
1212.470450538666,0.008929678,0.002152889,1.487480643019451
1212.4804045805663,0.008148624,0.0020759236,1.4902850935811784
1212.4903586224664,0.00853379,0.0021154203,1.4932516748894509
1212.5003126643667,0.008538029,0.002113824,1.496401711799813
1212.510266706267,0.0073878923,0.0019962774,1.4997730665624338
1212.5202207481673,0.006601737,0.0019050615,1.5033394294402207
1212.5301747900673,0.008534388,0.0021165507,1.5070766015189943
1212.5401288319676,0.008534667,0.002113427,1.510934059372228
1212.550082873868,0.008928614,0.0021539808,1.5148328272538336
1212.560036915768,0.0077691977,0.002033843,1.518665232363951
1212.5699909576683,0.0054495106,0.0017601551,1.5223370319407268
1212.5799449995686,0.003907187,0.0015472047,1.5257602545461622
1212.589899041469,0.00351986,0.0014924913,1.5288300996671305
1212.599853083369,0.0062214658,0.0018585034,1.531474903724856
1212.6098071252693,0.0043050433,0.0016079837,1.5336912729352026
1212.6197611671696,0.0031356376,0.0014550465,1.5354708073087533
1212.6297152090697,0.0043020975,0.0016084462,1.5368275559059166
1212.63966925097,0.005078207,0.0017191023,1.5377821012269304
1212.6496232928703,0.0046831756,0.00166197,1.5384706149454437
1212.6595773347706,0.0039249836,0.0015753097,1.538976899324776
1212.6695313766706,0.005075169,0.0017153177,1.5393765641506088
1212.679485418571,0.00508988,0.0017217668,1.5397269529759505
1212.6894394604712,0.0027710332,0.0014011059,1.5400718438796233
1212.6993935023713,0.005461275,0.0017710233,1.540429185368347
1212.7093475442716,0.0031556126,0.0014360468,1.5408052657677382
1212.719301586172,0.0027602632,0.0013835172,1.541200496887781
1212.7292556280722,0.0054648905,0.0017674983,1.5416088171950242
1212.7392096699723,0.0039369836,0.0015586899,1.5420211155161487
1212.7491637118726,0.003922595,0.00155672,1.5424295223856634
1212.759117753773,0.0039273393,0.0015597106,1.5428262643319686
1212.769071795673,0.004304767,0.0016104116,1.5432013916912684
1212.7790258375733,0.0039308313,0.0015576388,1.5435506253930351
1212.7889798794736,0.0027644637,0.0013713172,1.5438665161518275
1212.7989339213739,0.00544624,0.0017616278,1.5441389595237005
1212.808887963274,0.0020018434,0.0012193627,1.5443453170777621
1212.8188420051742,0.0039033873,0.0015656534,1.5444711673439733
1212.8287960470745,0.003908395,0.0015492254,1.5445038045245234
1212.8387500889748,0.0035258604,0.0014958224,1.544433730189826
1212.848704130875,0.001977406,0.0012105048,1.5442545115210866
1212.8586581727752,0.00043625408,0.00091982674,1.5439778759166563
1212.8686122146755,0.001192817,0.0010307998,1.5436362692403198
1212.8785662565756,0.0035059873,0.001525739,1.5432585356095982
1212.888520298476,0.0019622133,0.0012107891,1.5428750734702745
1212.8984743403762,0.003500371,0.0014855356,1.5425182506551294
1212.9084283822763,0.0015833328,0.0011278973,1.542204014401747
1212.9183824241766,0.0019604198,0.001205265,1.5419408683718756
1212.9283364660769,0.0008070973,0.0009810756,1.5417316802704384
1212.9382905079772,0.0011852485,0.0010560362,1.5415810046640837
1212.9482445498772,0.0027164877,0.0013724305,1.5414807043136007
1212.9581985917775,0.0007918832,0.00094751053,1.541423215501775
1212.9681526336778,0.0027161005,0.0013527579,1.5414020665000443
1212.9781066755781,0.0027236305,0.001352346,1.5414104087742784
1212.9880607174782,0.0015825251,0.0011272068,1.541437047993638
1212.9980147593785,0.0019606345,0.0012495859,1.541467072409516
1213.0079688012788,0.00041847702,0.00094422715,1.5414861979229681
1213.017922843179,0.0031231248,0.0014269355,1.5414791381627688
1213.0278768850792,0.0012085373,0.0011212976,1.5414248717262329
1213.0378309269795,4.34778e-05,0.0007868508,1.5413198305690923
1213.0477849688798,0.0019695566,0.0012383887,1.5411614043512318
1213.0577390107799,0.003893301,0.0015465447,1.5409527709965554
1213.0676930526802,0.0019913916,0.0012166188,1.540698785231144
1213.0776470945805,0.0012122943,0.001066222,1.5404152438021894
1213.0876011364805,0.0019749608,0.0012175852,1.5401154080851966
1213.0975551783808,0.000814376,0.0009599375,1.539808055366839
1213.1075092202811,0.0016027583,0.0011413068,1.5394987109359985
1213.1174632621814,0.0011975438,0.0010825866,1.5391902572070104
1213.1274173040815,0.0024319799,0.0013745152,1.5388837745155304
1213.1373713459818,0.00046400077,0.00092268625,1.5385803298064806
1213.1473253878821,0.00085513404,0.00110541,1.5382815861780292
1213.1572794297822,0.00086278724,0.0010353748,1.5379910173138116
1213.1672334716825,0.0012481726,0.0011312971,1.5377096121240734
1213.1771875135828,0.00046751043,0.0009291469,1.5374380497477311
1213.187141555483,0.00084915926,0.0010348698,1.5371759424644766
1213.1970955973832,0.00084895705,0.0010078436,1.5369227073064222
1213.2070496392835,0.001284509,0.0012059842,1.536675951164351
1213.2170036811838,0.002495127,0.0013803096,1.5364333975294542
1213.2269577230838,0.002078014,0.0013902251,1.5361933177274691
1213.2369117649841,0.00089231203,0.0011206754,1.53595458156751
1213.2468658068844,7.894403e-05,0.0008382586,1.5357177652676288
1213.2568198487847,0.0008844663,0.0010503546,1.5354854406319616
1213.2667738906848,0.0012857405,0.0011535325,1.5352625109774716
1213.2767279325851,0.0021221887,0.0014214735,1.5350559332515878
1213.2866819744854,0.000101060396,0.00097102637,1.5348781678335817
1213.2966360163855,0.0025231317,0.0014413926,1.5347330466258047
1213.3065900582858,-0.0003279298,0.0008253517,1.5346235311461105
1213.316544100186,-0.000331958,0.00082128926,1.5345492196322268
1213.3264981420864,0.00130532,0.001141899,1.5345080378735236
1213.3364521839865,7.724385e-05,0.00083766016,1.5344901116174714
1213.3464062258868,0.00088657584,0.0011162773,1.5344846181174
1213.356360267787,7.463573e-05,0.000840228,1.534483648433823
1213.3663143096874,0.0020780563,0.0013038653,1.5344816486857076
1213.3762683515874,0.0016874729,0.0012794593,1.5344764412316696
1213.3862223934877,6.819313e-05,0.0008558163,1.5344705739134092
1213.396176435388,0.0012788889,0.0011261426,1.5344687942676822
1213.4061304772881,0.00086360046,0.0010374305,1.5344772284751163
1213.4160845191884,6.2953906e-05,0.00083082385,1.5345054885101073
1213.4260385610887,0.00047170915,0.0009258671,1.5345580460335244
1213.4359926029888,0.00047302587,0.0009847602,1.5346387436682984
1213.445946644889,0.0008918394,0.0011160824,1.5347501483390942
1213.4559006867894,0.001290427,0.0011355747,1.5348958357520577
1213.4658547286897,0.00046978434,0.00093704223,1.5350750161567066
1213.4758087705898,0.0004737952,0.0009950344,1.5352840543391708
1213.48576281249,0.0009022381,0.0010931573,1.5355216359875887
1213.4957168543904,0.00048507462,0.00095077243,1.5357875775682803
1213.5056708962907,0.0017378656,0.0012673484,1.536084690752108
1213.5156249381907,0.00048647582,0.001007262,1.5364103329725525
1213.525578980091,0.0008794773,0.001100076,1.5367660292653995
1213.5355330219913,-0.00033468998,0.0008505701,1.5371536481955124
1213.5454870638914,0.0013041929,0.0015463474,1.537579741130127
1213.5554411057917,8.540788e-05,0.0008775515,1.5380433930621589
1213.565395147692,0.0025815167,0.0014555275,1.5385460630211227
1213.575349189592,0.0013325086,0.0013261355,1.5390907622094698
1213.5853032314924,0.00091958645,0.0011441037,1.5396846190161664
1213.5952572733927,0.000891828,0.0010808852,1.5403327551050887
1213.605211315293,5.8268968e-05,0.0008529423,1.5410333269232164
1213.615165357193,0.0004540806,0.0009834367,1.5417850050070734
1213.6251193990934,0.0020597896,0.0012953118,1.5425811627730737
1213.6350734409937,0.0020886078,0.0013428228,1.543407492368203
1213.645027482894,0.0008816641,0.0010770119,1.54423488869769
1213.654981524794,-0.00035832517,0.0008129962,1.5450370300647736
1213.6649355666943,0.002445437,0.0013468425,1.545788506466614
1213.6748896085946,4.9745682e-05,0.00084154715,1.5464598188435834
1213.6848436504947,0.0016111091,0.0012185648,1.5470453192069795
1213.694797692395,0.0004208192,0.0009014575,1.5475500402309441
1213.7047517342953,0.00081897224,0.0010421505,1.547985110280883
1213.7147057761954,3.982643e-05,0.00082426437,1.5483658617700846
1213.7246598180957,0.0015897684,0.0011445528,1.5487124597004573
1213.734613859996,0.00039974062,0.00089128665,1.5490428894773636
1213.7445679018963,0.00039241737,0.00087295845,1.5493643061949973
1213.7545219437964,0.00038886318,0.0009325009,1.549677995811403
1213.7644759856967,0.0015405114,0.0011449102,1.549978120221914
1213.774430027597,0.0011554634,0.0010505029,1.550260451057
1213.7843840694973,0.0011585524,0.0010486542,1.5505213161468328
1213.7943381113973,0.0015425605,0.0011112486,1.5507610326507173
1213.8042921532976,0.0011554231,0.0010683507,1.5509838938284006
1213.814246195198,0.0019288864,0.0011964354,1.5512014625676884
1213.824200237098,0.0011638205,0.0010565475,1.5514239745615614
1213.8341542789983,0.0015473441,0.0011516601,1.5516570380507144
1213.8441083208986,0.001548308,0.0011993294,1.5519003609289472
1213.854062362799,0.0007790441,0.0010275057,1.552144639657633
1213.864016404699,0.0011603213,0.0010446995,1.5523741446688886
1213.8739704465993,0.000402827,0.00086290785,1.5525708695799592
1213.8839244884996,0.002317462,0.0012778112,1.5527158811487887
1213.8938785304,1.5357422e-05,0.0008032388,1.5527792484043377
1213.9038325723,0.0023147357,0.001307789,1.5527552686760357
1213.9137866142003,0.0015420774,0.0011624695,1.552636126171059
1213.9237406561006,-0.0003815257,0.0007846422,1.5524173299732027
1213.9336946980006,0.0015309158,0.0012273039,1.5520896124411974
1213.943648739901,0.00040012127,0.0008689179,1.5516604429443057
1213.9536027818012,0.0011588547,0.0010165545,1.5511466099082425
1213.9635568237013,0.0019323113,0.001284453,1.5505628207850035
1213.9735108656016,0.00076811545,0.0009775866,1.5499269466908734
1213.983464907502,0.0007591469,0.0009904052,1.549260315800323
1213.9934189494022,0.0019166582,0.00119591,1.548588189741015
1214.0033729913023,0.0026969523,0.0013467388,1.5479265360052645
1214.0133270332026,0.0015329372,0.001198903,1.5472863372481793
1214.023281075103,0.0003726909,0.00089311996,1.5466769886176919
1214.0332351170032,0.0022979656,0.0012985314,1.546095533357426
1214.0431891589033,0.0034570585,0.0014771688,1.5455367316802493
1214.0531432008036,0.0007553366,0.00096603116,1.5449927708520428
1214.0630972427039,0.0019088109,0.0011901595,1.544452743497242
1214.073051284604,-1.9571595e-05,0.0008084652,1.5439025033112235
1214.0830053265042,0.0007505183,0.00093493867,1.5433301511584623
1214.0929593684045,0.0022972494,0.0012695956,1.5427258022892683
1214.1029134103046,0.0011410832,0.0010721608,1.5420825109041156
1214.112867452205,0.0015217895,0.0011909356,1.541394048997108
1214.1228214941052,0.0011333937,0.0010451676,1.5406705605926643
1214.1327755360055,0.00075228105,0.00093549164,1.5399201768222015
1214.1427295779056,0.001516129,0.001143707,1.5391527485534817
1214.1526836198059,0.0011274529,0.001069289,1.5383774177125482
1214.1626376617062,0.00074401835,0.00096130744,1.5376014089830476
1214.1725917036065,0.0011284911,0.0010818193,1.5368259985254795
1214.1825457455066,0.0011200205,0.0010607349,1.5360486092713788
1214.1924997874069,0.0026651174,0.0013407746,1.5352641627811194
1214.2024538293072,0.00074129325,0.0009989153,1.53446775855818
1214.2124078712072,0.0015105575,0.0011401884,1.5336595268331004
1214.2223619131075,0.0026596095,0.0013357507,1.5328424311903295
1214.2323159550078,0.003426081,0.0014682084,1.5320227429341384
1214.242269996908,0.0011111506,0.001035016,1.5312109053005365
1214.2522240388082,0.0034074439,0.0014642744,1.5304152075800899
1214.2621780807085,0.0018756856,0.0011763774,1.5296422719230942
1214.2721321226088,0.0014848622,0.0011668756,1.5288965708399116
1214.2820861645089,0.0010961153,0.0010577694,1.528183255804283
1214.2920402064092,0.0026353176,0.0013262121,1.527501355630403
1214.3019942483095,0.0037939653,0.0015223332,1.5268479596010525
1214.3119482902098,0.0014853091,0.0011322441,1.526221311494195
1214.3219023321099,0.003390645,0.0014603157,1.5256203676915228
1214.3318563740102,0.001859437,0.0011700538,1.5250447270037502
1214.3418104159105,0.0010797301,0.0010257032,1.5244899352291232
1214.3517644578105,0.0026209976,0.0013222359,1.5239544293370633
1214.3617184997108,0.0037738022,0.0015481552,1.5234364118095194
1214.3716725416111,0.0033877273,0.0014583496,1.5229350147107759
1214.3816265835114,0.0049333614,0.0016873386,1.522444072186271
1214.3915806254115,0.0030025085,0.0013964815,1.5219576859714605
1214.4015346673118,0.0041567376,0.0015740327,1.5214684820117892
1214.411488709212,0.0030114495,0.001399531,1.5209652663290107
1214.4214427511122,0.004927223,0.0016881325,1.5204341670071126
1214.4313967930125,0.004921005,0.0016849843,1.519862444991113
1214.4413508349128,0.0014605559,0.0011571163,1.519235250616767
1214.451304876813,0.0029949367,0.001388991,1.5185366936192732
1214.4612589187132,0.0076139225,0.0020108095,1.5177454586611265
1214.4712129606135,0.0068424772,0.0019245833,1.5168695327067825
1214.4811670025138,0.0049213697,0.0016810158,1.5159166194489524
1214.4911210444138,0.0041215615,0.0015648834,1.5149035355656846
1214.5010750863141,0.004879531,0.0016735403,1.51385331256731
1214.5110291282144,0.004496722,0.0016211263,1.5128009968891072
1214.5209831701147,0.005658347,0.001778859,1.5117745224057049
1214.5309372120148,0.0064322394,0.0018727814,1.5107960755494767
1214.540891253915,0.0087209605,0.0021201496,1.5098857272349888
1214.5508452958154,0.0064369626,0.0018716089,1.509054917483179
1214.5607993377157,0.006404694,0.0018636014,1.5082969466687663
1214.5707533796158,0.0067969877,0.0019108603,1.5076064307351644
1214.580707421516,0.010249157,0.0022698995,1.5069738557496974
1214.5906614634164,0.008723101,0.0021205791,1.5063902045147646
1214.6006155053165,0.009103167,0.0021600835,1.5058299771388068
1214.6105695472168,0.0121817915,0.0024433064,1.5052756423339018
1214.620523589117,0.011819456,0.0024118396,1.5047116178203046
1214.6304776310171,0.0098910015,0.0022350505,1.504123969077787
1214.6404316729174,0.007958882,0.0020437043,1.5035087643898728
1214.6503857148177,0.015256078,0.0026989602,1.5028703879018934
1214.660339756718,0.014488524,0.0026345032,1.5022168413848545
1214.670293798618,0.017954255,0.0028955739,1.5015596355634326
1214.6802478405184,0.022576006,0.0032053748,1.5009132676615224
1214.6902018824187,0.031834144,0.003748709,1.5002870889895246
1214.700155924319,0.0495548,0.004591024,1.4996856525225537
1214.710109966219,0.05881929,0.0049693463,1.4991074422003385
1214.7200640081194,0.07117317,0.0054306244,1.498544042961122
1214.7300180500197,0.09547929,0.0062355087,1.4979758523303235
1214.7399720919198,0.123247266,0.0070363474,1.497382152235443
1214.74992613382,0.15759328,0.007908438,1.4967406692463987
1214.7598801757204,0.17033894,0.008202929,1.4960231966080744
1214.7698342176204,0.21318188,0.009137882,1.4952101753220335
1214.7797882595207,0.25326103,0.009923989,1.494299590236186
1214.789742301421,0.2911266,0.010615606,1.4932916938640912
1214.7996963433213,0.33281,0.011325861,1.4921923848635075
1214.8096503852214,0.36600563,0.011857365,1.4910062637607018
1214.8196044271217,0.41491982,0.012594423,1.4897596716368593
1214.829558469022,0.45602298,0.013193839,1.4884658913683844
1214.8395125109223,0.47442618,0.013444752,1.4871359793219934
1214.8494665528224,0.5395801,0.014313329,1.4857757375230907
1214.8594205947227,0.581785,0.014853079,1.4843933688488093
1214.869374636623,0.6240735,0.015363012,1.4829931961834104
1214.879328678523,0.656246,0.015744226,1.4815768586267297
1214.8892827204234,0.69450736,0.01619199,1.4801435803250245
1214.8992367623237,0.7442147,0.016750656,1.4786899473677932
1214.9091908042237,0.8012448,0.017363878,1.4772113616047005
1214.919144846124,0.80991256,0.017457884,1.4756970948800046
1214.9290988880243,0.9204012,0.018589916,1.4741322302046886
1214.9390529299246,0.97869456,0.019155012,1.4724862651018427
1214.9490069718247,1.0324672,0.019670889,1.470750152622359
1214.958961013725,1.1144278,0.020421255,1.46891140706958
1214.9689150556253,1.1474141,0.02071606,1.466963583909124
1214.9788690975256,1.2433106,0.021547737,1.4648978014808622
1214.9888231394257,1.2766503,0.021828987,1.462724597769421
1214.998777181326,1.3791159,0.022672947,1.4604605368218195
1215.0087312232263,1.4799511,0.023477752,1.458114545449121
1215.0186852651264,1.5309316,0.023872377,1.4556909871418684
1215.0286393070267,1.6257249,0.024588712,1.4531866176483563
1215.038593348927,1.6994663,0.025130752,1.450610801715898
1215.0485473908273,1.814286,0.025948968,1.4479627784112126
1215.0585014327273,1.8960818,0.026527055,1.4452424241337853
1215.0684554746276,1.9057677,0.02659667,1.442441665096496
1215.078409516528,1.987242,0.027150342,1.4395691190369209
1215.0883635584282,2.1507206,0.028231077,1.4366282177663503
1215.0983176003283,2.1733413,0.028374402,1.4336196431271664
1215.1082716422286,2.2304418,0.0287401,1.430538356952334
1215.118225684129,2.3226378,0.029323101,1.4273803805963317
1215.128179726029,2.4096808,0.029857801,1.4241485737763115
1215.1381337679293,2.5199163,0.030518776,1.4208389166707411
1215.1480878098296,2.5300798,0.030582668,1.417446475363981
1215.1580418517296,2.5661352,0.030793477,1.4139534475228301
1215.16799589363,2.744223,0.031836577,1.410368846254051
1215.1779499355303,2.8472066,0.03241712,1.406690318287703
1215.1879039774306,2.9515362,0.032999717,1.4029163511765306
1215.1978580193306,3.109238,0.033861507,1.3990353775434226
1215.207812061231,3.2317262,0.034519847,1.3950486698782423
1215.2177661031312,3.4204535,0.035501122,1.3909563250690904
1215.2277201450315,3.5000374,0.035911437,1.3867499762653195
1215.2376741869316,3.6259823,0.036546167,1.3824119663966732
1215.247628228832,3.6344016,0.036589228,1.3779126559345098
1215.2575822707322,3.700581,0.03692011,1.3732453180081254
1215.2675363126323,3.8485754,0.03764662,1.368382057104728
1215.2774903545326,3.7961576,0.037391603,1.3632851156256889
1215.2874443964329,3.8749356,0.03777397,1.3578408852002222
1215.297398438333,3.9670942,0.038218115,1.3519540425336911
1215.3073524802332,4.0276732,0.03850546,1.3454582034618878
1215.3173065221335,4.1068206,0.038880516,1.338157992804264
1215.3272605640338,4.12196,0.03895065,1.3298027503392758
1215.337214605934,4.2392755,0.039494988,1.3202638426692919
1215.3471686478342,4.3058,0.03979975,1.30959241786168
1215.3571226897345,4.465625,0.0405212,1.2978044496696686
1215.3670767316348,4.520321,0.040773947,1.28493329052837
1215.377030773535,4.5817885,0.041049715,1.2709251132135337
1215.3869848154352,4.683078,0.041495048,1.2560039984191116
1215.3969388573355,4.781567,0.041927096,1.2402445998712348
1215.4068928992356,4.8644385,0.04228635,1.2237236800779074
1215.4168469411359,4.931262,0.042573515,1.206457515424861
1215.4268009830362,4.8860607,0.042371508,1.1885916533827534
1215.4367550249362,4.9406233,0.042609066,1.1702627091199496
1215.4467090668365,4.8329196,0.042147055,1.151594647131403
1215.4566631087368,4.9113946,0.042484775,1.1327337787263856
1215.4666171506371,4.923512,0.042535532,1.113883125885095
1215.4765711925372,5.0141244,0.042924643,1.0952446157452917
1215.4865252344375,5.1437554,0.04347645,1.076991385969225
1215.4964792763378,5.185228,0.043655075,1.0592648273075669
1215.5064333182381,5.0911927,0.04326105,1.0422367831882495
1215.5163873601382,5.2198653,0.043803662,1.0258301687996751
1215.5263414020385,5.2646623,0.04398659,1.0099910595919188
1215.5362954439388,5.2402887,0.043885656,0.9946719680895093
1215.5462494858389,5.25343,0.04393491,0.9798753447528052
1215.5562035277392,5.3441443,0.044309497,0.9655759601367597
1215.5661575696395,5.426405,0.044648096,0.9517269404849629
1215.5761116115395,5.509837,0.044991713,0.938322073677862
1215.5860656534398,5.546517,0.04514434,0.9253644754861683
1215.5960196953401,5.7133737,0.045811083,0.91290139879406
1215.6059737372404,5.798998,0.046153694,0.9008673888969735
1215.6159277791405,5.826255,0.046266284,0.8892569333939999
1215.6258818210408,5.89984,0.046553332,0.8780637485434538
1215.6358358629411,5.749662,0.046281498,0.8673256658056805
1215.6457899048414,5.6866937,0.045877375,0.8570048654987987
1215.6557439467415,5.615252,0.046207417,0.8470734215444609
1215.6656979886418,5.549149,0.046845254,0.8375198972685223
1215.675652030542,5.5429025,0.04710384,0.8283481119327337
1215.6856060724422,5.564645,0.047413226,0.819557952899512
1215.6955601143425,5.568282,0.047219597,0.8110907442988462
1215.7055141562428,5.610494,0.04792502,0.8029222923249664
1215.715468198143,5.5933332,0.0476317,0.795023529337372
1215.7254222400431,5.4950438,0.046584826,0.7873874278847989
1215.7353762819434,5.630254,0.047598995,0.7799361551104034
1215.7453303238437,5.485439,0.047377706,0.7726183723332292
1215.755284365744,5.5363493,0.047414083,0.7653780459849571
1215.7652384076441,5.5100417,0.04771572,0.7581485908180372
1215.7751924495444,5.4545803,0.047575608,0.7508507575481193
1215.7851464914447,5.2730346,0.046344183,0.7434190801184299
1215.7951005333448,5.14308,0.045775086,0.7357947517601644
1215.805054575245,5.162058,0.04669113,0.7279245638510624
1215.8150086171454,5.105691,0.047327552,0.7197405840761399
1215.8249626590455,5.0124803,0.046190422,0.7112668489817927
1215.8349167009458,5.008303,0.045532253,0.7025070873092041
1215.844870742846,4.8715096,0.044373736,0.6934760968736564
1215.8548247847464,4.8385863,0.044786554,0.6841709235226476
1215.8647788266464,4.6694775,0.0434534,0.6746395089798851
1215.8747328685467,4.619822,0.043199487,0.6649208286968421
1215.884686910447,4.612449,0.043852713,0.6550432835669613
1215.8946409523473,4.550231,0.043044142,0.6450297882863211
1215.9045949942474,4.5422206,0.042927127,0.6349075057430251
1215.9145490361477,4.4630475,0.042569812,0.6247178285455689
1215.924503078048,4.396183,0.04225125,0.6144892207604558
1215.934457119948,4.473893,0.042356424,0.6042505781168936
1215.9444111618484,4.331547,0.041604593,0.5940381617699179
1215.9543652037487,4.3389044,0.041713975,0.5838831294919863
1215.9643192456488,4.2810965,0.041879907,0.5738159567076767
1215.974273287549,4.127309,0.041546598,0.5638683379137677
1215.9842273294494,4.017849,0.041129816,0.5540878703642106
1215.9941813713497,3.9147844,0.040129554,0.5445160668588108
1216.0041354132497,3.8624597,0.039733093,0.5351799105835608
1216.01408945515,3.8727715,0.0404892,0.5261224885726421
1216.0240434970503,3.8024294,0.040036153,0.5173981206133409
1216.0339975389506,3.831925,0.040611655,0.5091166300747911
1216.0439515808507,3.735728,0.04010679,0.501291642243021
1216.053905622751,3.6460817,0.03993008,0.4939882649765487
1216.0638596646513,3.6231287,0.040370107,0.4872758331400219
1216.0738137065514,3.5312037,0.040167402,0.4813112980281078
1216.0837677484517,3.4795885,0.04040673,0.4761497131379925
1216.093721790352,3.3817523,0.03957793,0.4718540284776498
1216.103675832252,3.2884343,0.03867746,0.46852827564015165
1216.1136298741524,3.1186485,0.037924033,0.46632357658328577
1216.1235839160527,3.120279,0.03754573,0.4653683924711258
1216.133537957953,3.01961,0.036591563,0.4654949013640629
1216.143491999853,2.928272,0.035447292,0.4665747601550283
1216.1534460417533,2.8713887,0.03455582,0.46843342101484725
1216.1634000836536,2.7133405,0.03378084,0.47094176625256645
1216.173354125554,2.567074,0.03318894,0.47383406556130336
1216.183308167454,2.3744926,0.031451736,0.4769547055800775
1216.1932622093543,2.2809837,0.030070124,0.480180991193652
1216.2032162512546,2.1291513,0.029496424,0.4834048162307788
1216.2131702931547,2.0899012,0.029059691,0.4865250213415827
1216.223124335055,1.938871,0.027644468,0.4894710874283068
1216.2330783769553,1.8621174,0.027003802,0.49217860705682004
1216.2430324188556,1.8309873,0.026836177,0.49458514183279956
1216.2529864607557,1.7108415,0.025897577,0.4965865320765822
1216.262940502656,1.7164099,0.025519557,0.49819490730928917
1216.2728945445563,1.6351606,0.024711348,0.4994003244876051
1216.2828485864563,1.532106,0.023929674,0.5002267309615867
1216.2928026283566,1.5269165,0.023895284,0.5007241877837997
1216.302756670257,1.4510583,0.023305634,0.5010542317097958
1216.3127107121572,1.401547,0.02290946,0.5013999615663427
1216.3226647540573,1.3249079,0.022283351,0.5019441265190875
1216.3326187959576,1.2766546,0.021883573,0.5028656033859301
1216.342572837858,1.2144829,0.021349486,0.5043164575144856
1216.352526879758,1.1623979,0.020892134,0.5062920596203264
1216.3624809216583,1.0819285,0.020169294,0.50881158218757
1216.3724349635586,1.0651535,0.02001579,0.5118872606907766
1216.382389005459,0.97741705,0.019190047,0.5156064916840453
1216.392343047359,0.91559124,0.018583093,0.51992399041643
1216.4022970892593,0.8569452,0.017990217,0.5248401742343832
1216.4122511311596,0.8548795,0.01797158,0.5303708595911955
1216.4222051730599,0.8124763,0.017529147,0.5365764977236039
1216.43215921496,0.76511484,0.017025793,0.5434927207071614
1216.4421132568602,0.7325205,0.016663628,0.5510795968967171
1216.4520672987605,0.65790516,0.01581388,0.5593528478419958
1216.4620213406606,0.61532336,0.01530196,0.5683284802304198
1216.471975382561,0.53914076,0.014351022,0.5781292720157893
1216.4819294244612,0.53384876,0.0142806675,0.5886578667967346
1216.4918834663613,0.46803954,0.013388652,0.5999238598187624
1216.5018375082616,0.42406726,0.012762124,0.6119358278583305
1216.511791550162,0.37160328,0.011965386,0.6247723344687174
1216.5217455920622,0.34422055,0.0115328645,0.6384167460563609
1216.5316996339623,0.32679543,0.011246313,0.6528250546235677
1216.5416536758626,0.27368495,0.010323258,0.6679951837539146
1216.5516077177629,0.233522,0.00956243,0.6839388252134122
1216.5615617596632,0.2053358,0.008987277,0.7007065345911002
1216.5715158015632,0.15988274,0.007971103,0.7181738409982668
1216.5814698434635,0.147854,0.007682568,0.736300312466687
1216.5914238853638,0.11932515,0.0069346004,0.7550349228901185
1216.601377927264,0.09542128,0.006237994,0.7743737420776344
1216.6113319691642,0.063048124,0.00513642,0.794188857976696
1216.6212860110645,0.05488383,0.004816113,0.8143830112967377
1216.6312400529646,0.046767257,0.0044679986,0.8348755415309772
1216.6411940948649,0.027932884,0.003528805,0.855595099038791
1216.6511481367652,0.019808272,0.0030290806,0.8764618344338442
1216.6611021786655,0.015912341,0.0027419077,0.8973906075392221
1216.6710562205656,0.0167018,0.0028051892,0.9183238578616045
1216.6810102624659,0.011699636,0.0024003086,0.9392107372477162
1216.6909643043662,0.0074734343,0.001984997,0.9599872727839238
1216.7009183462665,0.0074686506,0.0019829848,0.9806219290355525
1216.7108723881665,0.0067047793,0.0018955816,1.0010795928903378
1216.7208264300668,0.009006291,0.0021484166,1.0213254583680837
1216.7307804719671,0.0051705255,0.0017067537,1.0413033420901847
1216.7407345138672,0.003993866,0.0015542903,1.0609753276235618
1216.7506885557675,0.0028436126,0.0013659081,1.0803282362597995
1216.7606425976678,0.006303471,0.0018505594,1.0993305393771486
1216.7705966395679,0.004787311,0.0016540925,1.1179450877873771
1216.7805506814682,0.005164368,0.0017053733,1.1360854400527542
1216.7905047233685,0.004020571,0.0015420655,1.1537775662793697
1216.8004587652688,0.0055556274,0.0017587428,1.1709937585218375
1216.8104128071689,0.005169634,0.0017068803,1.1877072440147591
1216.8203668490692,0.005554357,0.0017565143,1.2038344346281327
1216.8303208909695,0.005571869,0.0017598997,1.2193777398550023
1216.8402749328698,0.0044228956,0.001603625,1.2343435202892967
1216.8502289747698,0.0028824871,0.0014695015,1.2487147001725993
1216.8601830166701,0.0029033583,0.0013995912,1.26245457912183
1216.8701370585704,0.0036548835,0.0014922599,1.2755105815915053
1216.8800911004705,0.0036694745,0.0014913875,1.287955653958174
1216.8900451423708,0.0032899652,0.0014344982,1.2997990038107183
1216.899999184271,0.0021281848,0.0012194716,1.3110571505147157
1216.9099532261714,0.0025231352,0.0013705677,1.3216854052364169
1216.9199072680715,0.0021380845,0.0012987248,1.3317796151571186
1216.9298613099718,0.005223025,0.0017233535,1.3413930839256958
1216.939815351872,0.0025364503,0.0013009715,1.3505681074143103
1216.9497693937724,0.002137141,0.0012211405,1.3593270122129804
1216.9597234356725,0.0032866767,0.0014366885,1.3677155740197695
1216.9696774775728,0.0036857708,0.0014972176,1.3758131179262707
1216.979631519473,0.0032977837,0.0014336997,1.383658426235531
1216.9895855613731,0.0036870544,0.0015001665,1.3912854287381817
1216.9995396032734,0.0010005834,0.0010239306,1.3986979770291255
1217.0094936451737,0.00023166495,0.0008887381,1.4059503305148864
1217.0194476870738,0.0040755626,0.0015621292,1.4130597487248755
1217.029401728974,0.00023923734,0.0008608197,1.4200384392029708
1217.0393557708744,0.00022325676,0.0008840794,1.42688374828131
1217.0493098127747,0.002533096,0.0013564269,1.433602263501398
1217.0592638546748,0.001399074,0.0011943883,1.4402022200040403
1217.069217896575,0.0014066502,0.0011149755,1.4466813660209001
1217.0791719384754,0.0010180564,0.001086114,1.4530334840292123
1217.0891259803757,0.0025622987,0.0013107529,1.45923986804165
1217.0990800222758,0.0006427449,0.0009180267,1.4653143095270298
1217.109034064176,0.0017997585,0.0011653989,1.4712546295906528
1217.1189881060764,0.002195399,0.0013360817,1.4770594261972714
1217.1289421479764,0.00297366,0.0014146784,1.4827132470805626
1217.1388961898767,0.0021964484,0.001243108,1.4882257459590857
1217.148850231777,0.0018278469,0.001205583,1.4936038230004893
1217.158804273677,0.0025956777,0.0013262127,1.4988483184197412
1217.1687583155774,0.00029631745,0.0009450791,1.503954400435795
1217.1787123574777,0.0018214409,0.0012299862,1.5089147860207646
1217.188666399378,0.002216427,0.0012710721,1.5137458286957597
1217.198620441278,0.0010636573,0.0009818461,1.5184495450328717
1217.2085744831784,0.0018359573,0.0011685904,1.5230285941854256
1217.2185285250787,0.00068593246,0.0009144208,1.527470831944844
1217.228482566979,0.0006878634,0.0010074459,1.5317940714929406
1217.238436608879,0.0026117058,0.001326154,1.5360044075282404
1217.2483906507794,0.0010912679,0.0009918256,1.5401048132486217
1217.2583446926797,0.000707449,0.00095174497,1.5440902856048018
1217.2682987345797,0.0010914514,0.0010638862,1.547959142765513
1217.27825277648,0.0014773178,0.0011284673,1.5517199347930846
1217.2882068183803,0.00070207665,0.0009803801,1.5553708115195726
1217.2981608602804,0.00031126058,0.0009343296,1.5589099082506637
1217.3081149021807,0.001079977,0.0010979362,1.562318460501696
1217.318068944081,0.001464609,0.0011970968,1.5656143454811506
1217.3280229859813,0.0022528246,0.0012636706,1.5687993751955602
1217.3379770278814,0.00071960315,0.0009243092,1.571876444005553
1217.3479310697817,0.0007126226,0.0009545479,1.5748402260180936
1217.357885111682,0.0010943215,0.0010488189,1.5776978816830354
1217.3678391535823,-0.00044034925,0.0007834772,1.5804615981243868
1217.3777931954824,0.0003270193,0.0008921903,1.583138424945707
1217.3877472373827,0.0007162967,0.0009531806,1.5857364513686245
1217.397701279283,0.0007393649,0.00095316936,1.5882622523503547
1217.407655321183,-3.7999502e-07,0.00079715525,1.5907389161142291
1217.4176093630833,0.0023235397,0.0012837729,1.5931783807803086
1217.4275634049836,0.0034933863,0.001494697,1.595590187548185
1217.4375174468837,0.0015786494,0.001190521,1.5979785119470398
1217.447471488784,0.00080283335,0.0009544951,1.600346859010801
1217.4574255306843,2.711021e-05,0.0008117263,1.6026942146457432
1217.4673795725846,0.00080280006,0.0010173831,1.6050163728091305
1217.4773336144847,0.0011892908,0.0010689088,1.607306536612083
1217.487287656385,0.0011852606,0.0010656837,1.6095561794435589
1217.4972416982853,0.00079980656,0.001052939,1.6117652838658432
1217.5071957401856,0.00081628,0.0010259468,1.6139322469413964
1217.5171497820857,0.0012049862,0.0011202403,1.6160577240734133
1217.527103823986,0.000438811,0.0009134582,1.6181398206766664
1217.5370578658863,0.00081247976,0.000958724,1.6201872400809647
1217.5470119077863,0.0019678876,0.0012498448,1.6222053217565835
1217.5569659496866,0.0008183554,0.0009881364,1.624198157561205
1217.566919991587,0.00082071405,0.0009992945,1.626167943479153
1217.5768740334872,0.0012057,0.0010700359,1.6281170088557044
1217.5868280753873,0.0019742216,0.001263431,1.6300489881954858
1217.5967821172876,0.00082061294,0.0010264822,1.6319650807194135
1217.606736159188,0.0004337335,0.0009087343,1.6338661411070534
1217.6166902010882,0.0008125066,0.001017328,1.6357505879981846
1217.6266442429883,0.00043520145,0.00091831986,1.6376208546879143
1217.6365982848886,0.00080342585,0.0010244999,1.6394770915480317
1217.6465523267889,0.0004206607,0.0009025682,1.6413193116618128
1217.656506368689,0.00042677505,0.00095083803,1.6431463816486858
1217.6664604105893,0.001956013,0.0012152969,1.6449585571904821
1217.6764144524896,0.001197664,0.0010968085,1.6467570930992745
1217.6863684943896,3.3565753e-05,0.0007834847,1.6485423293508634
1217.69632253629,0.00079977716,0.0009875081,1.6503145400045707
1217.7062765781902,0.0008054387,0.0009541814,1.6520727510456528
1217.7162306200905,0.001189956,0.0010331424,1.6538191734058834
1217.7261846619906,0.00042469954,0.0008762035,1.6555538232364686
1217.736138703891,3.122716e-05,0.0008173227,1.6572760840939245
1217.7460927457912,0.0015842505,0.0011310645,1.6589828175974919
1217.7560467876915,5.5532684e-05,0.00082433026,1.6606716661531833
1217.7660008295916,0.0012078285,0.0010977014,1.662339612636457
1217.7759548714919,0.0008076928,0.0010623822,1.6639816686202136
1217.7859089133922,4.542284e-05,0.0008251322,1.6655907061220072
1217.7958629552923,0.0015838215,0.0011356184,1.6671566226746075
1217.8058169971926,0.00081861205,0.0010651265,1.6686789221299452
1217.8157710390929,0.0011977282,0.0010617989,1.6701551897165583
1217.825725080993,5.1904022e-05,0.0008192901,1.6715858368818781
1217.8356791228932,0.0015781547,0.0011819062,1.6729698282054761
1217.8456331647935,0.0008190576,0.0009923546,1.6743179681635607
1217.8555872066938,0.0011946763,0.0011026176,1.6756391782673603
1217.865541248594,0.0008161028,0.0010303316,1.6769404696308343
1217.8754952904942,-0.0003387588,0.0007834692,1.6782269192465036
1217.8854493323945,-0.00034075725,0.0007834693,1.6795020089455694
1217.8954033742948,4.735371e-05,0.0008142732,1.6807684471216295
1217.9053574161949,-0.00034015783,0.0007834688,1.6820265605214133
1217.9153114580952,0.0011943107,0.0010356994,1.6832761708869382
1217.9252654999955,0.00081052666,0.0010307534,1.6845149095201297
1217.9352195418955,0.00081688527,0.0010057393,1.6857410576547875
1217.9451735837958,0.0008222025,0.0009649064,1.6869497073361037
1217.9551276256962,-0.0003372879,0.0007834676,1.6881332706105145
1217.9650816675962,0.00081019034,0.0010128786,1.689279454865501
1217.9750357094965,0.0004296276,0.00092104153,1.690377046751971
1217.9849897513968,0.001193369,0.0010675202,1.6914225609614943
1217.9949437932971,0.0008143414,0.0010297466,1.6924123693024744
1218.0048978351972,-0.00033921213,0.0007834666,1.6933465214628856
1218.0148518770975,4.744369e-05,0.00078347465,1.6942222651534404
1218.0248059189978,0.0015826592,0.0011690593,1.6950570586074498
1218.034759960898,0.0019656369,0.001215992,1.6958628522546393
1218.0447140027982,0.000811967,0.0010084264,1.6966539384819517
1218.0546680446985,4.200271e-05,0.00081205234,1.697447255698767
1218.0646220865988,0.0007985931,0.000967673,1.6982604814848568
1218.0745761284988,0.00080669776,0.00094871945,1.6991057245693502
1218.0845301703991,0.0015696918,0.0012129152,1.699991522049598
1218.0944842122994,0.0004170911,0.00089114415,1.7009223381795253
1218.1044382541997,2.3729583e-05,0.00079612545,1.7019013049086038
1218.1143922960998,0.00040866426,0.000881035,1.7029160302299438
1218.1243463380001,2.5768091e-05,0.00078349543,1.7039579598857484
1218.1343003799004,2.055729e-05,0.0008223597,1.7050178718407254
1218.1442544218007,2.800718e-05,0.0008363192,1.7060871752769335
1218.1542084637008,0.0015779732,0.0011859835,1.7071567862995842
1218.164162505601,0.00043420092,0.0009363161,1.7082199848761082
1218.1741165475014,0.0012094975,0.0011156611,1.7092702482574533
1218.1840705894015,0.00043614797,0.00097138813,1.7102984550996778
1218.1940246313018,4.7526697e-05,0.0008268199,1.711289209756298
1218.203978673202,0.0020377042,0.0013133576,1.7122310910312646
1218.2139327151021,0.00040806396,0.0010576488,1.7131069367450107
1218.2238867570024,0.0008446643,0.0010574884,1.7138979231403906
1218.2338407989027,0.0008164205,0.0011067481,1.71457207106777
1218.243794840803,3.090276e-05,0.0008265056,1.715123463287032
1218.2537488827031,2.4522422e-05,0.00081323367,1.715550903720055
1218.2637029246034,-0.00038371774,0.00081196625,1.7158583802133793
1218.2736569665037,9.829309e-06,0.0009056255,1.7160554416146285
1218.283611008404,0.00042376624,0.00090660475,1.7161653762180142
1218.293565050304,3.4171062e-05,0.00092034123,1.7162283356376187
1218.3035190922044,0.0016043416,0.0013039489,1.716274342775724
1218.3134731341047,0.00041813438,0.001100521,1.7163301300965021
1218.3234271760048,0.00045013186,0.0009184141,1.7164223619808316
1218.333381217905,0.0012485032,0.0011060043,1.7165615489763022
1218.3433352598054,-0.00036261318,0.0008168746,1.7167527615194256
1218.3532893017054,0.00084513525,0.0010415603,1.7169974404946478
1218.3632433436057,-0.0003483483,0.0008149962,1.7172979529427996
1218.373197385506,5.443351e-05,0.00081472396,1.7176529747305207
1218.3831514274063,-0.00034465195,0.0008098879,1.7180554385785176
1218.3931054693064,0.0008302926,0.0011518401,1.718502962452574
1218.4030595112067,0.00086727325,0.0010765735,1.7189933558867825
1218.413013553107,5.5064338e-05,0.0008211231,1.7195305357051853
1218.4229675950073,0.00044322672,0.0009879908,1.720106646899886
1218.4329216369074,0.0008451013,0.0010991397,1.7207201124588205
1218.4428756788077,0.0004568741,0.0009652334,1.721369734711401
1218.452829720708,-0.0003406049,0.000807801,1.7220572140646506
1218.462783762608,5.95453e-05,0.0009019805,1.722780987444284
1218.4727378045084,0.00046956306,0.0009691072,1.7235364705497855
1218.4826918464087,6.3220425e-05,0.0008292126,1.7243193725578827
1218.4926458883087,7.07348e-05,0.00083221507,1.7251204455301425
1218.502599930209,0.00085199537,0.0010593006,1.725915000242762
1218.5125539721093,0.0008628872,0.0010425432,1.7266593064388105
1218.5225080140096,0.00047062608,0.0009277671,1.7272894758386903
1218.5324620559097,7.599859e-05,0.0009509024,1.7277210626120232
1218.54241609781,6.677208e-05,0.0008353204,1.727821223504325
1218.5523701397103,0.00088168035,0.001105712,1.7274922012791885
1218.5623241816106,0.0008757367,0.0010616301,1.7266807469603418
1218.5722782235107,0.0008764742,0.0012473015,1.7253403385429256
1218.582232265411,5.499488e-05,0.0008593298,1.7234365237905855
1218.5921863073113,5.7057998e-05,0.00084284245,1.7209172259463723
1218.6021403492114,0.0008800686,0.0010701565,1.7178808736539208
1218.6120943911117,0.000877851,0.0011223712,1.7143672986427316
1218.622048433012,0.0012910698,0.0012440289,1.7104289943071094
1218.632002474912,0.0008951369,0.0011796536,1.7061007474565044
1218.6419565168123,0.00047204498,0.0010454094,1.7014977535722053
1218.6519105587126,0.0016474214,0.0013163704,1.696728356665792
1218.661864600613,6.7802044e-05,0.0008293759,1.691895469655605
1218.671818642513,-0.00034068676,0.0008157363,1.6871141919337813
1218.6817726844133,0.001264008,0.0011584585,1.6825183993674409
1218.6917267263136,-0.0003457693,0.00081521337,1.6781816081176186
1218.701680768214,0.00045233025,0.0009551599,1.6741555409189262
1218.711634810114,0.0008764048,0.0011311122,1.6704607649051342
1218.7215888520143,0.00043408296,0.0009488741,1.667129405505813
1218.7315428939146,0.00044964606,0.0010160813,1.6641077363285977
1218.7414969358147,5.502272e-05,0.0008212246,1.6613602596695465
1218.751450977715,5.13643e-05,0.0008113769,1.658864681767024
1218.7614050196153,0.00044049488,0.000906066,1.6566142513249915
1218.7713590615156,5.750814e-05,0.0007931542,1.65460417217189
1218.7813131034156,5.413752e-05,0.0007863595,1.6527978028127839
1218.791267145316,0.00043463046,0.0008960768,1.651181645304325
1218.8012211872162,4.836115e-05,0.0008232122,1.649741216958212
1218.8111752291165,0.00043402117,0.0008736944,1.6484806250602755
1218.8211292710166,0.00043244538,0.00090622157,1.6473638782543976
1218.831083312917,4.9765353e-05,0.000794358,1.6463731700876643
1218.8410373548172,0.0008120215,0.00097518996,1.6454957592526638
1218.8509913967173,0.0008237703,0.0009835016,1.6447278462121757
1218.8609454386176,0.00082416146,0.0010188478,1.6440654966740766
1218.870899480518,0.000827676,0.0009978481,1.6434988423078192
1218.880853522418,0.0008254018,0.0009973613,1.6430313196552062
1218.8908075643183,0.0012027589,0.0011589662,1.6426696048020863
1218.9007616062186,0.0012115499,0.0011048327,1.6424407066644138
1218.9107156481189,0.0012100952,0.0010771633,1.6423391334198314
1218.920669690019,5.4020904e-05,0.0008287798,1.6423717547647334
1218.9306237319192,0.0004339567,0.0009435539,1.6425444377984948
1218.9405777738195,0.0015878615,0.0011683197,1.6428722046991218
1218.9505318157198,4.9474365e-05,0.000793268,1.6433584397484422
1218.96048585762,4.926475e-05,0.00078356825,1.643993043018299
1218.9704398995202,0.0008204348,0.0009806462,1.644777486894764
1218.9803939414205,0.00043935038,0.0009474786,1.6457144007684978
1218.9903479833206,0.0012065244,0.0010962634,1.646830461325958
1219.000302025221,0.00042948558,0.0008839171,1.648107278708238
1219.0102560671212,0.0019698804,0.0012204917,1.6495501063840927
1219.0202101090213,0.0015946449,0.001167864,1.651163776847742
1219.0301641509216,0.0012052803,0.001098239,1.652965724403798
1219.0401181928219,0.0008193228,0.0009556143,1.6549484504521748
1219.0500722347222,4.0101502e-05,0.00081160455,1.6570873466211404
1219.0600262766222,0.00043022717,0.00088375626,1.6593617546870614
1219.0699803185225,0.0012023726,0.0010845412,1.661745960768878
1219.0799343604228,0.00044386025,0.0008939028,1.6642151856192116
1219.0898884023231,0.00043542264,0.0008888815,1.6667277115390045
1219.0998424442232,0.0012061166,0.0010867171,1.6692630676153641
1219.1097964861235,0.0008258612,0.0009577176,1.6718108375135423
1219.1197505280238,0.001200925,0.0011087011,1.6743734149734626
1219.129704569924,0.0004390937,0.0009289726,1.6769632223131727
1219.1396586118242,0.0008189241,0.0010084742,1.679596839882736
1219.1496126537245,0.0023554924,0.0012984631,1.6822929954094181
1219.1595666956246,0.00082483044,0.0009844006,1.6850718131304019
1219.1695207375249,0.000822182,0.0009658665,1.6879606313932292
1219.1794747794252,0.001192637,0.0010351563,1.690960029644555
1219.1894288213255,0.001959491,0.0012804552,1.6940795387995433
1219.1993828632255,0.0023547863,0.0013341351,1.697327289463865
1219.2093369051258,0.0035136247,0.0015016661,1.7007254630370991
1219.2192909470261,0.001978548,0.0012430588,1.7042727577503047
1219.2292449889264,0.0008218893,0.0010149687,1.7079674855092928
1219.2391990308265,0.0012026493,0.0010698024,1.7118134487042753
1219.2491530727268,0.0015912941,0.0011588772,1.7158187313833786
1219.259107114627,0.0016004288,0.0011666442,1.7199979934006564
1219.2690611565272,0.002757382,0.0013973956,1.7243321995619234
1219.2790151984275,0.00275874,0.0013790698,1.7288189877499018
1219.2889692403278,0.001994725,0.001227718,1.7334547703948595
1219.298923282228,0.0016037223,0.0011862436,1.7382524762811598
1219.3088773241282,0.0023679086,0.0013029183,1.7431995871245083
1219.3188313660285,0.0027531877,0.0013743255,1.7482949270317918
1219.3287854079288,0.0012085229,0.0010890015,1.753545905495773
1219.3387394498288,0.0027364546,0.0013708512,1.758965124376974
1219.3486934917291,0.003130341,0.001437532,1.7645529439468737
1219.3586475336294,0.0020731208,0.0013600241,1.770258477723535
1219.3686015755297,0.0016374199,0.0012021038,1.7760275338474159
1219.3785556174298,0.0032646721,0.0015428261,1.7817879269329162
1219.38850965933,0.0028963136,0.0015194606,1.7874369828350873
1219.3984637012304,0.004908309,0.0018298124,1.7928936264178588
1219.4084177431305,0.004553239,0.0017860191,1.7980903052383985
1219.4183717850308,0.0025155752,0.0014123003,1.80296562314075
1219.428325826931,0.0045763873,0.0018358404,1.8074427413863718
1219.4382798688314,0.0045993193,0.0017923855,1.8114444105829586
1219.4482339107315,0.0037617122,0.0017167582,1.8149699769313818
1219.4581879526318,0.0033554307,0.0016444712,1.8179896544410734
1219.468141994532,0.005369279,0.0019903164,1.8204876275590105
1219.4780960364324,0.003847125,0.0017626677,1.8223985126581466
1219.4880500783324,0.0058673387,0.0020160535,1.8238155738846145
1219.4980041202327,0.005441148,0.0019535334,1.824808288347303
1219.507958162133,0.005864642,0.0020011428,1.825458128278582
1219.517912204033,0.0042537744,0.001859358,1.825849341668165
1219.5278662459334,0.00501445,0.0018924782,1.826081748102287
1219.5378202878337,0.006254123,0.0021624826,1.826245373452744
1219.5477743297338,0.0041992795,0.0018126569,1.8263870722283817
1219.557728371634,0.0050012316,0.001876776,1.8265343157775202
1219.5676824135344,0.005825061,0.0019788144,1.8267042016526724
1219.5776364554347,0.0057881004,0.0019835008,1.8268981459152451
1219.5875904973348,0.0034722616,0.0018692545,1.8271150737483628
1219.597544539235,0.0039984984,0.0019628638,1.8273531275015567
1219.6074985811354,0.0045298804,0.002052961,1.827611811067083
1219.6174526230357,0.0056068148,0.002221674,1.8278903278682463
1219.6274066649357,0.0056044795,0.0022211075,1.8281869714048835
1219.637360706836,0.0066731484,0.0023739068,1.828502023878475
1219.6473147487363,0.0045236717,0.0020538243,1.8288357635873131
1219.6572687906364,0.0093143275,0.002700193,1.8291907265558796
1219.6672228325367,0.005066084,0.0021348586,1.8295634522796065
1219.677176874437,0.008802895,0.0026437205,1.82995297394103
1219.687130916337,0.0066723293,0.002371654,1.830358699648121
1219.6970849582374,0.00453007,0.00205279,1.830782103384018
1219.7070390001377,0.003990202,0.0019597278,1.8312249903233038
1219.716993042038,0.004526953,0.0020838983,1.831688757405988
1219.726947083938,0.0077226926,0.0025156778,1.8321766281742573
1219.7369011258384,0.008266687,0.0025776317,1.832691868541647
1219.7468551677387,0.008811181,0.0026462344,1.8332418629861822
1219.756809209639,0.008814185,0.0026479177,1.833823721199995
1219.766763251539,0.008283296,0.0025830944,1.8344378202908738
1219.7767172934393,0.009887212,0.0027705694,1.8350837522578936
1219.7866713353396,0.009370327,0.0027143403,1.8357630794270037
1219.7966253772397,0.0098952,0.0027746756,1.8364742211182776
1219.80657941914,0.008819658,0.0026464188,1.8372140945430107
1219.8165334610403,0.009359725,0.0027105266,1.8379822074045327
1219.8264875029404,0.0120380465,0.0030057325,1.8387787815622076
1219.8364415448407,0.010969452,0.0028922257,1.8396082478982938
1219.846395586741,0.0141836405,0.0032181193,1.840467277354953
1219.8563496286413,0.010974057,0.002892996,1.841356690832614
1219.8663036705414,0.007752686,0.0025182841,1.8422772170775448
1219.8762577124417,0.006658462,0.0023705198,1.8432323367891414
1219.886211754342,0.007722763,0.002511852,1.844222204250464
1219.8961657962423,0.010413693,0.002833616,1.8452459264327583
1219.9061198381423,0.01256197,0.0030603814,1.846305333466341
1219.9160738800426,0.012557976,0.003055095,1.8474036135544583
1219.926027921943,0.010953636,0.0028911696,1.8485496533933605
1219.935981963843,0.009873617,0.002772276,1.8497409582574575
1219.9459360057433,0.013076627,0.003108773,1.8509795556032551
1219.9558900476436,0.012555628,0.0030542563,1.852266038734317
1219.965844089544,0.0152310785,0.003314044,1.8536033006794819
1219.975798131444,0.014701017,0.0032644118,1.8549858823471692
1219.9857521733443,0.013091127,0.0031112279,1.8564058508722896
1219.9957062152446,0.016832223,0.003451731,1.8578569496798707
1220.0056602571449,0.0104403505,0.0028534932,1.8593326383612327
1220.015614299045,0.01895636,0.003633436,1.860826772831937
1220.0255683409453,0.015778676,0.0033601748,1.8623301417981941
1220.0355223828456,0.01737107,0.0034983035,1.8638384345629766
1220.0454764247456,0.018460069,0.0035915195,1.8653501588434729
1220.055430466646,0.015259489,0.003314752,1.8668680511980118
1220.0653845085462,0.014175572,0.0032137025,1.8683984238941178
1220.0753385504463,0.018449169,0.0035923999,1.8699493632769812
1220.0852925923466,0.013115227,0.003113027,1.8715308614374002
1220.095246634247,0.015767692,0.0033584714,1.873154579759591
1220.1052006761472,0.01685821,0.0034607428,1.8748354302400052
1220.1151547180473,0.017919308,0.003549195,1.8765708069711828
1220.1251087599476,0.021668501,0.003851463,1.8783562424912046
1220.1350628018479,0.020064656,0.0037229946,1.8801782987350573
1220.1450168437482,0.018480493,0.0036007147,1.882013385256276
1220.1549708856483,0.01968521,0.003063879,1.8838258392044254
1220.1649249275486,0.018137837,0.0029501664,1.8855811259258064
1220.1748789694489,0.0173961,0.0029002759,1.887244387606105
1220.184833011349,0.025076535,0.003409099,1.8887778118448773
1220.1947870532492,0.020098548,0.0030895392,1.8901336958113308
1220.2047410951495,0.014317091,0.0026660508,1.8913090354604198
1220.2146951370496,0.029306814,0.003659047,1.8922926819955028
1220.22464917895,0.025490347,0.0034362366,1.8930841302666574
1220.2346032208502,0.021240972,0.003166089,1.8936769957919515
1220.2445572627505,0.022012386,0.0032177132,1.8941081354155018
1220.2545113046506,0.023545206,0.0033151235,1.8944161458392095
1220.2644653465509,0.025491128,0.0034375906,1.89463412767949
1220.2744193884512,0.025474587,0.0034344243,1.89479411987049
1220.2843734303515,0.023560625,0.0033159538,1.8949270582884328
1220.2943274722516,0.023938987,0.0033388603,1.895060526436336
1220.3042815141519,0.027037295,0.0035262222,1.895208943085759
1220.3142355560522,0.022043727,0.0032217233,1.8953800049880005
1220.3241895979522,0.022798209,0.0032693595,1.895578767124526
1220.3341436398525,0.025874943,0.0034573835,1.8958023741241004
1220.3440976817528,0.03127694,0.0037667702,1.89604744447417
1220.354051723653,0.033982877,0.0039122845,1.8963116023551592
1220.3640057655532,0.032832418,0.003851663,1.8965934089290992
1220.3739598074535,0.030525511,0.0037278142,1.8968925443278555
1220.3839138493538,0.030117974,0.0037038361,1.8972060805638449
1220.3938678912539,0.024737138,0.0033907683,1.8975333541984207
1220.4038219331542,0.028959421,0.0036405656,1.89787399404733
1220.4137759750545,0.039743114,0.004199658,1.8982294639363073
1220.4237300169548,0.030159319,0.0037076154,1.8985992179125808
1220.4336840588549,0.03475145,0.0039536864,1.8989833301920922
1220.4436381007552,0.038618997,0.00414967,1.8993824942162079
1220.4535921426555,0.041294586,0.0042741112,1.8997978473780484
1220.4635461845555,0.031698428,0.0037898475,1.9002307807556873
1220.4735002264558,0.030895324,0.0037429081,1.9006788521753257
1220.4834542683561,0.0347606,0.0039527155,1.9011405900253977
1220.4934083102562,0.034386847,0.00393702,1.9016136180032768
1220.5033623521565,0.035488743,0.0039866637,1.9020952834643627
1220.5133163940568,0.032836847,0.0038521283,1.9025806777482335
1220.523270435957,0.038593102,0.0041430574,1.9030656493724116
1220.5332244778572,0.041316092,0.004275642,1.9035466895325013
1220.5431785197575,0.035546944,0.003993381,1.9040203371716917
1220.5531325616578,0.04168784,0.004293888,1.9044820555977984
1220.563086603558,0.038620293,0.0041455724,1.904927351492293
1220.5730406454581,0.035925284,0.004011249,1.905344826098661
1220.5829946873585,0.037467953,0.0040892796,1.9057120150096347
1220.5929487292588,0.030188711,0.0037147542,1.905973820503137
1220.6029027711588,0.037442274,0.0040887524,1.906070245323944
1220.6128568130591,0.04557419,0.004475947,1.9059375848106281
1220.6228108549594,0.035193436,0.0039767823,1.9055139448523166
1220.6327648968597,0.041702867,0.0042945407,1.9047392014181037
1220.6427189387598,0.03250252,0.0038377028,1.9035664250657975
1220.65267298066,0.039014865,0.00416994,1.9020500663362125
1220.6626270225604,0.04402762,0.0044061253,1.9002300942125843
1220.6725810644607,0.041353147,0.004283598,1.8981674681337832
1220.6825351063608,0.043258056,0.0043705404,1.89592921387917
1220.692489148261,0.03711014,0.0040752417,1.8936290271672302
1220.7024431901614,0.040563073,0.0042445143,1.8913592652383067
1220.7123972320614,0.050179597,0.0046776976,1.8891943812446117
1220.7223512739617,0.042142756,0.0043203714,1.8871937096400764
1220.732305315862,0.044014305,0.004403979,1.8853931636393555
1220.7422593577621,0.04135295,0.004280939,1.8837673193270479
1220.7522133996624,0.044803947,0.0044417013,1.8823003247589623
1220.7621674415627,0.040967483,0.004263788,1.8809751370557677
1220.772121483463,0.047511328,0.004565811,1.8797923572244333
1220.782075525363,0.046346463,0.0045129587,1.8787322317776876
1220.7920295672634,0.050175674,0.0046752407,1.8777855722763626
1220.8019836091637,0.046769306,0.004531716,1.8769492013051345
1220.811937651064,0.05134659,0.00472933,1.8762244350366042
1220.821891692964,0.050981123,0.004712803,1.8756145788367256
1220.8318457348644,0.05561408,0.004907579,1.8751025897375242
1220.8417997767647,0.05407775,0.004842501,1.8746815795784906
1220.8517538186647,0.054864965,0.0048786215,1.8743424079682176
1220.861707860565,0.045999203,0.0044995965,1.8740808207466566
1220.8716619024653,0.050195787,0.0046797274,1.8738769324311237
1220.8816159443654,0.041755676,0.004299685,1.8737155787132578
1220.8915699862657,0.055961557,0.0049204896,1.873584275318941
1220.901524028166,0.047557376,0.0045679295,1.87347084580806
1220.9114780700663,0.06096975,0.005118511,1.8733614182023186
1220.9214321119664,0.049867302,0.0046626725,1.8732433720958626
1220.9313861538667,0.05333621,0.0048158704,1.873108313650751
1220.941340195767,0.05600013,0.004924218,1.8729522399991554
1220.9512942376673,0.052951965,0.0047996133,1.872775012130893
1220.9612482795674,0.062914774,0.005195441,1.8725876070292864
1220.9712023214677,0.05066871,0.004701003,1.872404697913181
1220.981156363368,0.067192465,0.0053643784,1.8722435581105774
1220.991110405268,0.06524477,0.005284078,1.872125455530392
1221.0010644471683,0.06415228,0.005245027,1.8720750121369774
1221.0110184890686,0.0656931,0.0053061633,1.8720972326914753
1221.0209725309687,0.07145476,0.0055191433,1.8721923794683426
1221.030926572869,0.064527966,0.00526115,1.8723483081717065
1221.0408806147693,0.06604288,0.0053152,1.872537270137927
1221.0508346566696,0.056072928,0.004928776,1.8727068577003882
1221.0607886985697,0.062185004,0.0051710713,1.87280141866553
1221.07074274047,0.06951459,0.0054471707,1.8727625848964493
1221.0806967823703,0.06951584,0.005446271,1.872528248978719
1221.0906508242706,0.0714382,0.005512102,1.872037561315011
1221.1006048661707,0.07300329,0.0055724015,1.8713016046517699
1221.110558908071,0.07183706,0.0055295667,1.8703309901224863
1221.1205129499713,0.075684644,0.0056646266,1.8691550760966007
1221.1304669918713,0.0753451,0.0056551006,1.867803403530136
1221.1404210337716,0.078379184,0.0057576057,1.8663399740271256
1221.150375075672,0.07072044,0.0054892884,1.8648040286726681
1221.1603291175722,0.064539395,0.005263155,1.8632110578633185
1221.1702831594723,0.07065875,0.0054887994,1.861556745286041
1221.1802372013726,0.076833375,0.0057062013,1.8598204196427617
1221.190191243273,0.07299211,0.005568445,1.8579992495912725
1221.200145285173,0.07878421,0.005769978,1.8560945392548243
1221.2100993270733,0.07804196,0.0057474864,1.85412068201714
1221.2200533689736,0.072259754,0.005544664,1.8521021198949126
1221.230007410874,0.07760895,0.005729206,1.8500795826301548
1221.239961452774,0.09074892,0.006169687,1.848088215327145
1221.2499154946743,0.09115659,0.0061850445,1.8461581333409658
1221.2598695365746,0.078042865,0.0057482943,1.844315514330658
1221.2698235784746,0.087647945,0.0060703615,1.8425848364352508
1221.279777620375,0.08804933,0.00608334,1.8409614879039928
1221.2897316622752,0.08881989,0.0061083324,1.839448279117696
1221.2996857041755,0.07497261,0.005643677,1.838047730677475
1221.3096397460756,0.094158046,0.006277954,1.8367761437015824
1221.319593787976,0.092289515,0.006217912,1.8356305163336568
1221.3295478298762,0.089625165,0.00613679,1.8346090346498662
1221.3395018717765,0.089177676,0.006118966,1.8337147651026546
1221.3494559136766,0.087671116,0.006071531,1.8329545265680496
1221.359409955577,0.09341991,0.006255405,1.8323449421380154
1221.3693639974772,0.08883339,0.0061099967,1.8318761209837717
1221.3793180393773,0.1023113,0.006532735,1.8315590403613737
1221.3892720812776,0.09304453,0.0062412294,1.8314116834779652
1221.3992261231779,0.09616571,0.006342202,1.8314821463461637
1221.409180165078,0.095769264,0.0063294056,1.831788710023811
1221.4191342069782,0.10040725,0.006475232,1.8323330164614833
1221.4290882488785,0.08804903,0.006083312,1.8331001594885774
1221.4390422907788,0.08808376,0.006089685,1.8340469630620926
1221.448996332679,0.099580996,0.0064503225,1.8350984832098145
1221.4589503745792,0.09882142,0.0064220554,1.836145737815468
1221.4689044164795,0.09388229,0.0062749214,1.837102281345613
1221.4788584583798,0.09495736,0.006304817,1.837892919889893
1221.48881250028,0.09653403,0.0063543622,1.8384339750557852
1221.4987665421802,0.104232326,0.0065892115,1.8387006081658668
1221.5087205840805,0.10193164,0.0065182303,1.8387024498482343
1221.5186746259806,0.1096982,0.006783343,1.8384628116619293
1221.5286286678809,0.11609146,0.007197661,1.8380270099896427
1221.5385827097812,0.09657537,0.006619252,1.8374594636606512
1221.5485367516812,0.10270773,0.00692945,1.8368555525600632
1221.5584907935815,0.119966045,0.007448165,1.836274079497366
1221.5684448354818,0.099222176,0.006979855,1.8357545684420686
1221.5783988773821,0.107374534,0.0072970423,1.835327953606527
1221.5883529192822,0.105868384,0.0071567046,1.8350001807055303
1221.5983069611825,0.11067285,0.0074529895,1.8347675024541825
1221.6082610030828,0.12262628,0.00787044,1.834629460439082
1221.6182150449831,0.11455865,0.0075791017,1.8345869494730311
1221.6281690868832,0.117646456,0.0077152736,1.8346507193500865
1221.6381231287835,0.12887393,0.008060125,1.834808048499721
1221.6480771706838,0.12692282,0.008137613,1.8350592884685089
1221.6580312125839,0.116907865,0.007862625,1.8354050317978712
1221.6679852544842,0.11823249,0.007854967,1.8358548718139303
1221.6779392963845,0.11053037,0.0075950176,1.8364074867787348
1221.6878933382845,0.11612251,0.007916703,1.8370584572525683
1221.6978473801848,0.12022678,0.007840747,1.8378095524193592
1221.7078014220851,0.12793767,0.008053175,1.8386638122216128
1221.7177554639854,0.13937499,0.008390267,1.8396364616537735
1221.7277095058855,0.13883194,0.008352543,1.840713337226717
1221.7376635477858,0.14061348,0.008528689,1.8418927442815891
1221.7476175896861,0.13873167,0.008273913,1.8431701085891856
1221.7575716315864,0.13785662,0.00819886,1.8445445755540613
1221.7675256734865,0.11915824,0.008367807,1.8460023760312851
1221.7774797153868,0.11420111,0.008197955,1.8475262746169911
1221.787433757287,0.12388753,0.008522485,1.849106646243466
1221.7973877991872,0.13620853,0.008908259,1.8507379938756412
1221.8073418410875,0.13466808,0.008863551,1.8524278949872466
1221.8172958829878,0.139466,0.009008629,1.8541772468053512
1221.827249924888,0.12286714,0.008489317,1.8560004836091302
1221.8372039667881,0.11957089,0.00837814,1.8579164403468886
1221.8471580086884,0.124459945,0.008541867,1.859956808269759
1221.8571120505887,0.14102182,0.009053686,1.862144819141669
1221.867066092489,0.13040553,0.008731358,1.8644853490990494
1221.877020134389,0.11534865,0.008243853,1.8669821270653446
1221.8869741762894,0.1474534,0.009252475,1.8696253450195757
1221.8969282181897,0.1362599,0.008909371,1.8724009185488872
1221.9068822600898,0.1250086,0.008559076,1.8752421389924163
1221.91683630199,0.13299333,0.008809853,1.878096231549021
1221.9267903438904,0.14857103,0.009280976,1.8809103018579312
1221.9367443857905,0.14862967,0.009285313,1.8836299063614546
1221.9466984276908,0.12985875,0.008711055,1.8862176328536069
1221.956652469591,0.13513874,0.008875015,1.8886710274788368
1221.9666065114914,0.15072753,0.009345844,1.8909966710869386
1221.9765605533914,0.14915828,0.009297686,1.8932104183568594
1221.9865145952917,0.14600141,0.009212996,1.8953142227228446
1221.996468637192,0.13676459,0.008929765,1.8973236086986283
1222.0064226790923,0.16570486,0.009773014,1.8992254075967758
1222.0163767209924,0.14490533,0.009173189,1.9009961035834155
1222.0263307628927,0.15934137,0.009597295,1.9025990513082167
1222.036284804793,0.1433119,0.009134805,1.9040082181001496
1222.046238846693,0.14640003,0.009220527,1.90523136308691
1222.0561928885934,0.15395404,0.009442875,1.906271922959677
1222.0661469304937,0.17383915,0.010003577,1.907140927754395
1222.0761009723938,0.15722631,0.009535867,1.9078344187558471
1222.086055014294,0.1711807,0.0099323215,1.9083853880508233
1222.0960090561944,0.16365342,0.009718859,1.9087991879467026
1222.1059630980947,0.161527,0.009658534,1.909069973370723
1222.1159171399947,0.16903883,0.009871473,1.9091771886248143
1222.125871181895,0.16421029,0.00973643,1.9091017787728968
1222.1358252237953,0.14061198,0.00904806,1.9088536139318624
1222.1457792656956,0.17536627,0.01004383,1.9084323413397266
1222.1557333075957,0.16799541,0.009842695,1.9078408431095832
1222.165687349496,0.16047053,0.009630469,1.9070633205651584
1222.1756413913963,0.17223337,0.009955541,1.9061238406298013
1222.1855954332964,0.17604293,0.010061795,1.9050329263678283
1222.1955494751967,0.1680498,0.009846122,1.9037980202465912
1222.205503517097,0.17223017,0.009959094,1.9024224661366773
1222.215457558997,0.16103156,0.009649933,1.9009160415547899
1222.2254116008974,0.17274496,0.009971961,1.8993147447286725
1222.2353656427977,0.16961446,0.009889986,1.8976470273869444
1222.245319684698,0.1706101,0.009913215,1.895943258988945
1222.255273726598,0.16050605,0.009634088,1.8942287696986901
1222.2652277684983,0.18190725,0.010227665,1.8925180022757004
1222.2751818103986,0.17493103,0.010036635,1.8908106615924134
1222.285135852299,0.1851,0.010304685,1.8890977025521558
1222.295089894199,0.16159512,0.009663978,1.8873612499260992
1222.3050439360993,0.19633275,0.010597286,1.8855691054574666
1222.3149979779996,0.17754917,0.008498478,1.8836893841716855
1222.3249520198997,0.17789532,0.008505007,1.8816790410803006
1222.3349060618,0.18250664,0.008609764,1.8794916067410967
1222.3448601037003,0.19832379,0.008960064,1.8770553508374161
1222.3548141456004,0.17718668,0.0084897345,1.874349796578413
1222.3647681875007,0.19174081,0.008815989,1.871373414547538
1222.374722229401,0.2010064,0.009016045,1.8681363016846388
1222.3846762713013,0.17872882,0.008523168,1.8646646656239219
1222.3946303132013,0.18752456,0.008720368,1.861001461498768
1222.4045843551016,0.18450435,0.008657118,1.8572386408549801
1222.414538397002,0.18406023,0.008647356,1.853444192623381
1222.4244924389022,0.18712896,0.0087145725,1.8496806093822213
1222.4344464808023,0.18985164,0.008776167,1.8460087043466262
1222.4444005227026,0.18212306,0.008602185,1.8424590222198933
1222.454354564603,0.17829701,0.0085172495,1.8390382300008508
1222.464308606503,0.1832612,0.008629744,1.8357460739925433
1222.4742626484033,0.21099107,0.009232586,1.832578540239081
1222.4842166903036,0.19642965,0.008920088,1.8295397629317367
1222.4941707322039,0.19985835,0.008994393,1.826606681949793
1222.504124774104,0.18949574,0.00876937,1.8237733167106462
1222.5140788160043,0.20445696,0.009095774,1.8210343427867786
1222.5240328579046,0.19215807,0.008825556,1.8183922768745
1222.5339868998049,0.18484229,0.008663634,1.8158387562749434
1222.543940941705,0.22142029,0.00945209,1.8133633391604291
1222.5538949836052,0.19683245,0.0089342175,1.8109612833182211
1222.5638490255055,0.18247165,0.00861042,1.8086287191788908
1222.5738030674056,0.19173373,0.008818592,1.8063701588981158
1222.583757109306,0.19675024,0.008929244,1.8041730630765256
1222.5937111512062,0.18634152,0.008698521,1.8020356197203102
1222.6036651931063,0.22057943,0.009432171,1.799956922972455
1222.6136192350066,0.21413143,0.00929956,1.7979414746914724
1222.6235732769069,0.1925377,0.008835777,1.795989401184392
1222.6335273188072,0.2128871,0.009273098,1.7940968873886662
1222.6434813607073,0.19101226,0.008804187,1.792264261158789
1222.6534354026076,0.21630333,0.009342944,1.7904916150272274
1222.6633894445079,0.19334973,0.008855592,1.7887877978996682
1222.6733434864082,0.21476892,0.00931019,1.7871438641859803
1222.6832975283082,0.18527055,0.008675161,1.7855595584763613
1222.6932515702085,0.19941089,0.008988828,1.7840350894542012
1222.7032056121088,0.19826056,0.008963831,1.7825751876556075
1222.713159654009,0.20440115,0.009093657,1.7811820780608172
1222.7231136959092,0.2113834,0.009242122,1.7798518397874634
1222.7330677378095,0.19755849,0.0089483885,1.7785858351723804
1222.7430217797096,0.21058285,0.0092271315,1.7773854026436418
1222.7529758216099,0.2206139,0.009435398,1.7762610109535317
1222.7629298635102,0.21486095,0.009314869,1.7752052282388604
1222.7728839054105,0.21295176,0.009275589,1.7742169993420036
1222.7828379473106,0.22253911,0.009473263,1.7732954797480422
1222.7927919892109,0.21332367,0.009281119,1.772442593752985
1222.8027460311112,0.22068043,0.009436652,1.7716586242603218
1222.8127000730115,0.22216542,0.009466327,1.770935112710299
1222.8226541149115,0.20837153,0.00918284,1.7702698394451497
1222.8326081568118,0.22172959,0.009458385,1.7696603001671465
1222.8425621987121,0.22070268,0.009439049,1.7691097629216754
1222.8525162406122,0.22447257,0.009513254,1.7686093078606564
1222.8624702825125,0.21300843,0.009278765,1.7681540324721314
1222.8724243244128,0.2317831,0.00966212,1.7677408597335327
1222.8823783663129,0.21146291,0.009246567,1.7673696136503902
1222.8923324082132,0.21408533,0.009300866,1.7670433410990742
1222.9022864501135,0.2102764,0.009222886,1.7667601368726276
1222.9122404920138,0.22483198,0.009521626,1.766522732158677
1222.9221945339139,0.23147768,0.009657361,1.7663309441247592
1222.9321485758142,0.23451123,0.00971566,1.7661825023124562
1222.9421026177145,0.2595867,0.010204632,1.7660616703982663
1222.9520566596148,0.22036411,0.0094293505,1.7659532282124761
1222.9620107015148,0.25650492,0.010148697,1.7658443086844116
1222.9719647434151,0.23764296,0.009779712,1.7657242067777923
1222.9819187853154,0.23960525,0.009820647,1.7655826104876913
1222.9918728272155,0.24379663,0.0099033285,1.7654154626986258
1223.0018268691158,0.24107441,0.009847152,1.765216457530018
1223.011780911016,0.26114497,0.0102353105,1.76497589660172
1223.0217349529164,0.265022,0.0103074955,1.7646693952852992
1223.0316889948165,0.23007418,0.009632469,1.7642680672281166
1223.0416430367168,0.26838553,0.010371973,1.7637404912834125
1223.051597078617,0.25040677,0.01003025,1.7630521398381158
1223.0615511205174,0.23462184,0.009722259,1.762174248404166
1223.0715051624175,0.26532233,0.010314727,1.7610754556991992
1223.0814592043178,0.2639284,0.010292407,1.7597976649167058
1223.091413246218,0.25770816,0.010173986,1.7583713794332652
1223.1013672881181,0.2573238,0.010166698,1.756839764675058
1223.1113213300184,0.2515161,0.010052051,1.7552568877501167
1223.1212753719187,0.24117555,0.009854176,1.7536962554346482
1223.1312294138188,0.25417957,0.01010432,1.7522206065208472
1223.141183455719,0.26959756,0.010394475,1.7508766075132767
1223.1511374976194,0.2581857,0.010184751,1.7496865158578259
1223.1610915395197,0.28226224,0.010628879,1.748654077293458
1223.1710455814198,0.26891556,0.010381614,1.7477003245868565
1223.18099962332,0.25349104,0.010089948,1.7467489950813107
1223.1909536652204,0.2569922,0.010162864,1.7457174587932305
1223.2009077071207,0.27652597,0.010527134,1.7445163103043395
1223.2108617490208,0.26817223,0.010374523,1.7430808558143793
1223.220815790921,0.2799834,0.01058888,1.7414024156680186
1223.2307698328214,0.2789044,0.010568068,1.739484331435616
1223.2407238747214,0.2746881,0.010490424,1.7373541591523145
1223.2506779166217,0.2785491,0.010562992,1.7350424653886845
1223.260631958522,0.25891197,0.0101985065,1.732631093558475
1223.270586000422,0.27963993,0.010585365,1.7301727128097344
1223.2805400423224,0.26782352,0.010371475,1.7277076593573786
1223.2904940842227,0.28533748,0.010687895,1.725265621575337
1223.300448126123,0.27200025,0.010444572,1.7228656964613966
1223.310402168023,0.25924757,0.010203291,1.7205118891025917
1223.3203562099234,0.28502735,0.010681459,1.7182077723173348
1223.3303102518237,0.2797184,0.010587423,1.7159558230366745
1223.340264293724,0.2723297,0.010448367,1.7137654081987692
1223.350218335624,0.27388215,0.0104779145,1.7116343318351528
1223.3601723775243,0.25471088,0.01012031,1.7095632863073313
1223.3701264194247,0.29191217,0.010807781,1.7075541523533644
1223.3800804613247,0.26550472,0.010326317,1.705610514234226
1223.390034503225,0.27922916,0.010580041,1.703737292519103
1223.3999885451253,0.2973315,0.010905111,1.7019264246324968
1223.4099425870254,0.29664317,0.010894911,1.700176356503867
1223.4198966289257,0.28042465,0.010601175,1.6984850398347664
1223.429850670826,0.2642558,0.010300467,1.6968559243381292
1223.4398047127263,0.28500998,0.0106829135,1.695283036917524
1223.4497587546264,0.28313422,0.010648319,1.69376209403495
1223.4597127965267,0.27967542,0.010585439,1.6922920083160102
1223.469666838427,0.28468588,0.010677775,1.6908735443105622
1223.4796208803273,0.2877926,0.0107363565,1.6895126778940082
1223.4895749222273,0.28424615,0.0106676305,1.6882036683334731
1223.4995289641276,0.30161148,0.010979351,1.6869472068067082
1223.509483006028,0.27782905,0.010552517,1.6857435230043336
1223.519437047928,0.29853973,0.010925947,1.6845969866534558
1223.5293910898283,0.29937643,0.010941074,1.6835055616421757
1223.5393451317286,0.29128283,0.010798042,1.682465607443367
1223.5492991736287,0.30588996,0.01105717,1.68147715888147
1223.559253215529,0.2928713,0.010829015,1.6805411612831822
1223.5692072574293,0.29743195,0.01090983,1.6796669258997563
1223.5791612993296,0.2939772,0.010848232,1.6788490689259046
1223.5891153412297,0.2947349,0.01086128,1.6780904190360866
1223.59906938313,0.29363656,0.010844798,1.6773940497958302
1223.6090234250303,0.306241,0.011065612,1.676768102933295
1223.6189774669306,0.29555082,0.010878647,1.6762169104464926
1223.6289315088306,0.29742664,0.010911135,1.6757384672993738
1223.638885550731,0.28399453,0.010669319,1.675336111378495
1223.6488395926312,0.32242998,0.011344466,1.6750133435704981
1223.6587936345313,0.3040657,0.011027018,1.674785654592082
1223.6687476764316,0.2986456,0.010934349,1.6746455763104233
1223.678701718332,0.31167638,0.011160592,1.6745936254199747
1223.6886557602322,0.3067476,0.011077759,1.674629625304227
1223.6986098021323,0.32318306,0.011358156,1.6747554162364788
1223.7085638440326,0.30640152,0.0110695455,1.674967784894004
1223.718517885933,0.30092102,0.010971563,1.675249919515946
1223.7284719278332,0.31674463,0.0112502705,1.6755915610703074
1223.7384259697333,0.32096642,0.011321419,1.6759815769227202
1223.7483800116336,0.31481922,0.011215844,1.6764123452492656
1223.7583340535339,0.32943323,0.011465812,1.6768700083772639
1223.768288095434,0.30981627,0.011129511,1.677347067845866
1223.7782421373342,0.3263238,0.011412341,1.6778400697357667
1223.7881961792345,0.33677024,0.011588009,1.6783495493769505
1223.7981502211346,0.31561273,0.01122805,1.6788818039825497
1223.808104263035,0.31060982,0.011143535,1.6794435193579051
1223.8180583049352,0.33670774,0.011587514,1.6800471078344419
1223.8280123468355,0.3260256,0.011408962,1.680708791932215
1223.8379663887356,0.3436755,0.011703816,1.6814569419128071
1223.847920430636,0.3433515,0.011700069,1.6823065895559361
1223.8578744725362,0.34442145,0.011715626,1.6832606261347869
1223.8678285144365,0.3294985,0.011467177,1.6843109277033321
1223.8777825563366,0.34524038,0.01173058,1.6854318802345305
1223.8877365982369,0.33216816,0.011513613,1.6865746584030286
1223.8976906401372,0.32746992,0.011431249,1.6876745988235387
1223.9076446820372,0.3225215,0.011347367,1.6886751825564073
1223.9175987239375,0.34946445,0.0118007045,1.689526038332939
1223.9275527658378,0.33861864,0.011616639,1.6901700691944546
1223.937506807738,0.34034222,0.011651191,1.6905844708728766
1223.9474608496382,0.3317263,0.011505846,1.6907820490658976
1223.9574148915385,0.3544578,0.011882304,1.690780832545719
1223.9673689334388,0.34448496,0.011717559,1.6906140749457395
1223.977322975339,0.3613865,0.011992037,1.6903138790233772
1223.9872770172392,0.35378554,0.011870753,1.689947449802934
1223.9972310591395,0.36333886,0.012025291,1.6895479926669124
1224.0071851010398,0.36179796,0.011998622,1.6891335680112562
1224.0171391429399,0.3530145,0.01185958,1.6887079043374777
1224.0270931848402,0.35214978,0.011843872,1.688264898100864
1224.0370472267405,0.35682032,0.011921806,1.6877965976669955
1224.0470012686405,0.37442487,0.012199679,1.6872936959922353
1224.0569553105408,0.35401022,0.012100196,1.6867484687730778
1224.0669093524411,0.35957724,0.01230375,1.6861497320133774
1224.0768633943412,0.34893984,0.012261767,1.6855015857353017
1224.0868174362415,0.33901927,0.01214288,1.6848070813952654
1224.0967714781418,0.3529859,0.012453883,1.6840681303590668
1224.1067255200421,0.35890567,0.012698034,1.6832801938022819
1224.1166795619422,0.37592182,0.013080894,1.6824242425576543
1224.1266336038425,0.36335927,0.012893386,1.6814768172724701
1224.1365876457428,0.37254304,0.0131356595,1.6803959466945648
1224.146541687643,0.3934311,0.013568892,1.679131202431735
1224.1564957295432,0.3862706,0.013445448,1.677603146645814
1224.1664497714435,0.38004273,0.013315215,1.6757849855793105
1224.1764038133438,0.37694752,0.013346257,1.673670112476324
1224.1863578552438,0.38656536,0.013613686,1.6712606964514143
1224.1963118971441,0.3797485,0.013375018,1.668571347274792
1224.2062659390444,0.3722929,0.013207149,1.6656215588277705
1224.2162199809447,0.37777427,0.013436231,1.662501795721278
1224.2261740228448,0.41161337,0.013933328,1.659277070105024
1224.2361280647451,0.39068723,0.013469628,1.6560176949549192
1224.2460821066454,0.39588648,0.013680067,1.6528040757748057
1224.2560361485455,0.38793692,0.013439895,1.649706712717386
1224.2659901904458,0.38580045,0.013351952,1.646759303220419
1224.275944232346,0.39540666,0.013505435,1.6439763072689206
1224.2858982742464,0.39363682,0.013374549,1.6413552930953685
1224.2958523161465,0.39783436,0.013525736,1.638903213838979
1224.3058063580468,0.374246,0.013854305,1.6365792173938107
1224.315760399947,0.36926645,0.013772015,1.6343682853230794
1224.3257144418471,0.3893648,0.014129334,1.6322577542651835
1224.3356684837474,0.36674815,0.013722891,1.63024234100197
1224.3456225256477,0.3825225,0.01400685,1.6283130525696867
1224.355576567548,0.38788095,0.014097745,1.6264545227363296
1224.3655306094481,0.38697886,0.014083024,1.6246597525846302
1224.3754846513484,0.41061166,0.014496966,1.622922586366309
1224.3854386932487,0.38253415,0.014006734,1.6212443456986747
1224.395392735149,0.38892597,0.014120311,1.6196154134477236
1224.405346777049,0.37414432,0.013856586,1.6180328172009844
1224.4153008189494,0.3756757,0.01388841,1.6164960192185187
1224.4252548608497,0.3603014,0.013607593,1.615007592626734
1224.4352089027498,0.3740899,0.013857145,1.6135723238420796
1224.44516294465,0.3716346,0.013811763,1.6121874723483711
1224.4551169865504,0.3667436,0.013724818,1.610855982591581
1224.4650710284504,0.40163776,0.014342243,1.6095813424985796
1224.4750250703507,0.3918408,0.014170447,1.6083744019876465
1224.484979112251,0.39232725,0.014176894,1.6072358538508627
1224.4949331541513,0.39782348,0.014277049,1.6061667866532183
1224.5048871960514,0.37956026,0.0139570385,1.6051707632317982
1224.5148412379517,0.39863014,0.014287415,1.6042528059254255
1224.524795279852,0.3958132,0.014240514,1.6034255990269817
1224.5347493217523,0.37804887,0.013925648,1.6026821281300299
1224.5447033636524,0.39428565,0.014214171,1.602024962619129
1224.5546574055527,0.38396326,0.014034888,1.6014556833520428
1224.564611447453,0.39469635,0.01422061,1.6009818730707588
1224.574565489353,0.40506595,0.014397943,1.600600176080127
1224.5845195312534,0.42430338,0.014725956,1.6003018047322024
1224.5944735731537,0.4007474,0.014326166,1.6000833886434513
1224.6044276150537,0.40905127,0.014470413,1.599941627303346
1224.614381656954,0.3795755,0.013959073,1.5998842831920315
1224.6243356988543,0.41333494,0.01454144,1.5998982181872272
1224.6342897407546,0.41150254,0.014510146,1.599981554681565
1224.6442437826547,0.40460306,0.014391539,1.600132816970818
1224.654197824555,0.4056194,0.014411907,1.6003544588798801
1224.6641518664553,0.40067738,0.0143282,1.6006466568193556
1224.6741059083556,0.4228012,0.0147084175,1.6010021685754394
1224.6840599502557,0.4252062,0.0147461165,1.6014203945893821
1224.694013992156,0.40363693,0.014381184,1.6019016054016433
1224.7039680340563,0.4227362,0.014706597,1.6024551149735453
1224.7139220759564,0.39573735,0.014245188,1.6030768784502647
1224.7238761178567,0.4251122,0.0147416955,1.603767438435276
1224.733830159757,0.40614176,0.014424214,1.604528879983644
1224.743784201657,0.41532245,0.014579016,1.60536537277094
1224.7537382435573,0.40356776,0.0143762,1.6062832113383863
1224.7636922854576,0.41591033,0.014591827,1.6072731424578328
1224.773646327358,0.41583744,0.014589022,1.6083331616666863
1224.783600369258,0.40453392,0.014395209,1.6094605892520235
1224.7935544111583,0.41139054,0.014511633,1.610659230418949
1224.8035084530586,0.41785407,0.014624267,1.6119246117564145
1224.813462494959,0.44487116,0.015075731,1.6132544579418846
1224.823416536859,0.42031917,0.014665441,1.6146524210605901
1224.8333705787593,0.41192892,0.014523489,1.6161255204937461
1224.8433246206596,0.42812344,0.014798474,1.6176931966866372
1224.8532786625597,0.44330102,0.013264775,1.6193529792712673
1224.86323270446,0.42141932,0.012935556,1.6211121746824007
1224.8731867463603,0.40672666,0.01271208,1.6229764524290131
1224.8831407882606,0.44097477,0.013222939,1.6249578466184258
1224.8930948301606,0.43755925,0.013172239,1.6270591029792072
1224.903048872061,0.42107183,0.012930838,1.6292736046292338
1224.9130029139612,0.45098767,0.013370956,1.6316044746170144
1224.9229569558615,0.41757554,0.012880105,1.6340573061730186
1224.9329109977616,0.42978933,0.013061455,1.6366593198853705
1224.942865039662,0.41976583,0.012910199,1.6394019587091113
1224.9528190815622,0.45442384,0.013418049,1.6422816296694607
1224.9627731234623,0.42071474,0.012927122,1.6452824945537883
1224.9727271653626,0.42398715,0.012974668,1.6483712840149984
1224.9826812072629,0.42787507,0.013033324,1.6514856012670454
1224.992635249163,0.43553066,0.013144899,1.6545506966044368
1225.0025892910633,0.47136745,0.013660806,1.6574976764204556
1225.0125433329636,0.41413432,0.012827593,1.660262581000407
1225.0224973748639,0.46126723,0.013515686,1.6627595125739472
1225.032451416764,0.47107604,0.013658163,1.664960918375014
1225.0424054586642,0.4467663,0.013307149,1.6668577412999488
1225.0523595005645,0.45600048,0.013441942,1.6684493912009426
1225.0623135424648,0.44145092,0.013233978,1.6697478975965827
1225.072267584365,0.45058948,0.013367253,1.670770859049047
1225.0822216262652,0.44362652,0.013264253,1.6716101231847447
1225.0921756681655,0.46286654,0.013540858,1.6723226650465373
1225.1021297100656,0.4510344,0.013372085,1.6729564466110403
1225.1120837519659,0.45787835,0.013470856,1.673544142705986
1225.1220377938662,0.4456863,0.01330025,1.6741099483892639
1225.1319918357663,0.46546903,0.013580429,1.6746661183470684
1225.1419458776666,0.44905004,0.013344645,1.6752187985246603
1225.1518999195669,0.43476343,0.013135288,1.675772789647718
1225.1618539614672,0.4531781,0.013401684,1.6763329692600486
1225.1718080033672,0.43100533,0.013080239,1.6769008477825502
1225.1817620452675,0.4431922,0.013257496,1.6774759775493104
1225.1917160871678,0.46288833,0.013542929,1.6780554121298448
1225.2016701290681,0.4513449,0.01337722,1.6786337528318511
1225.2116241709682,0.45092785,0.013371758,1.6792042120101696
1225.2215782128685,0.4525017,0.0133953495,1.6797628616623874
1225.2315322547688,0.42980394,0.01306621,1.6803077805827247
1225.2414862966689,0.4600807,0.013506168,1.6808393820597363
1225.2514403385692,0.45586112,0.013442403,1.6813588980953669
1225.2613943804695,0.46246397,0.013537218,1.6818710047538237
1225.2713484223696,0.45368207,0.013413881,1.682379129391753
1225.2813024642699,0.44580632,0.013295594,1.6828856569032393
1225.2912565061702,0.42716515,0.013027738,1.683392466350933
1225.3012105480705,0.4665748,0.013598092,1.683901388244849
1225.3111645899705,0.4363271,0.013161596,1.684413487858364
1225.3211186318708,0.43585393,0.013153923,1.6849295146761807
1225.3310726737711,0.4623976,0.013538431,1.685449694122228
1225.3410267156714,0.46670905,0.013601978,1.6859738125403376
1225.3509807575715,0.45633742,0.013465239,1.6865004682000926
1225.3609347994718,0.45516753,0.013447626,1.6870281364405324
1225.370888841372,0.4551061,0.013443176,1.687555906464179
1225.3808428832722,0.4737721,0.013713348,1.688083686207741
1225.3907969251725,0.4459424,0.013315186,1.688612732089194
1225.4007509670728,0.44631842,0.013322399,1.6891451187089221
1225.4107050089729,0.46195403,0.013541573,1.68968332158597
1225.4206590508732,0.47416016,0.01371856,1.6902298388520294
1225.4306130927735,0.45329598,0.013421719,1.690787697733718
1225.4405671346738,0.42744318,0.013044516,1.6913590525682165
1225.4505211765738,0.4577936,0.013487593,1.6919431699774141
1225.4604752184741,0.45129484,0.013392993,1.6925385048088502
1225.4704292603744,0.46333003,0.013569647,1.6931411095691629
1225.4803833022747,0.46894377,0.013646058,1.693743713868585
1225.4903373441748,0.4724996,0.013695076,1.694337126858634
1225.500291386075,0.4586446,0.013497201,1.694913560614561
1225.5102454279754,0.48024982,0.01380444,1.6954674183850675
1225.5201994698755,0.45487994,0.013446644,1.695995939951564
1225.5301535117758,0.47238642,0.013692347,1.6965001137436828
1225.540107553676,0.46218342,0.013550714,1.6969897054705672
1225.5500615955764,0.45597735,0.013463698,1.6974744243496553
1225.5600156374765,0.47126564,0.013679393,1.6979654640943975
1225.5699696793768,0.46829125,0.013638205,1.6984766729636487
1225.579923721277,0.5074981,0.01418049,1.6990179916974752
1225.5898777631774,0.48152065,0.0138253765,1.6995930560996724
1225.5998318050774,0.4655444,0.013598192,1.7002021529890656
1225.6097858469777,0.43588763,0.0131701175,1.7008412878451868
1225.619739888878,0.4493364,0.013368431,1.7015048483714856
1225.629693930778,0.43846822,0.013207159,1.7021793731796666
1225.6396479726784,0.44478214,0.013304032,1.7028559991168908
1225.6496020145787,0.48123544,0.013821473,1.703527778541459
1225.6595560564788,0.46827295,0.0136389015,1.7041904313755172
1225.669510098379,0.46282545,0.013560907,1.7048441672884305
1225.6794641402794,0.4443448,0.013294304,1.7054937326694566
1225.6894181821797,0.4689572,0.013648176,1.706145139684348
1225.6993722240798,0.460501,0.013526843,1.7068051160133706
1225.70932626598,0.45517778,0.01345284,1.707482199671374
1225.7192803078804,0.4504978,0.013386623,1.7081795932953612
1225.7292343497807,0.44771585,0.013343479,1.7088983738489762
1225.7391883916807,0.4473804,0.01333945,1.709637816515406
1225.749142433581,0.47393605,0.013720157,1.7103954309279112
1225.7590964754813,0.46356624,0.013571453,1.7111659411468487
1225.7690505173814,0.46977594,0.013662528,1.7119399339282526
1225.7790045592817,0.46626443,0.013612878,1.7127089554629622
1225.788958601182,0.44462147,0.013299812,1.7134641286296914
1225.798912643082,0.45352566,0.013430929,1.7141947511673652
1225.8088666849824,0.4591567,0.013506963,1.7148955994901942
1225.8188207268827,0.4685557,0.013642343,1.7155664168510498
1225.828774768783,0.44198975,0.0132606365,1.7162078219419656
1225.838728810683,0.464677,0.013589882,1.71682121579882
1225.8486828525834,0.4654573,0.013601533,1.7174030507960438
1225.8586368944837,0.4538983,0.013436716,1.7179552797642654
1225.868590936384,0.4492211,0.0133692315,1.718473679567463
1225.878544978284,0.4561229,0.013467603,1.718953669902399
1225.8884990201843,0.4838742,0.013860407,1.719390080358576
1225.8984530620846,0.49319303,0.0139901275,1.7197829629806403
1225.9084071039847,0.47668484,0.013759961,1.720139454017519
1225.918361145885,0.46463007,0.013587651,1.720463123240963
1225.9283151877853,0.49854922,0.014063978,1.7207566609640181
1225.9382692296854,0.4597313,0.013519381,1.721018299530977
1225.9482232715857,0.4885201,0.013926449,1.7212526218021869
1225.958177313486,0.49859586,0.014066621,1.7214648317478483
1225.9681313553863,0.49549985,0.01402359,1.7216640684036073
1225.9780853972863,0.48162037,0.01383071,1.721865416738538
1225.9880394391867,0.51238674,0.014252563,1.7220900708868303
1225.997993481087,0.4743666,0.013728138,1.722350819447597
1226.0079475229873,0.5039949,0.014142331,1.7226560952579553
1226.0179015648873,0.5116184,0.014244364,1.7230090461390666
1226.0278556067876,0.48283306,0.013847072,1.723412013587915
1226.037809648688,0.49313918,0.013990761,1.723858703908185
1226.047763690588,0.49551713,0.014024425,1.7243410228893266
1226.0577177324883,0.5054712,0.014160776,1.7248541428916384
1226.0676717743886,0.4866812,0.013904185,1.7253945321267121
1226.077625816289,0.51351064,0.014270722,1.7259641724517854
1226.087579858189,0.47631782,0.013759476,1.7265598937602316
1226.0975339000893,0.4981151,0.014061663,1.7271835187446387
1226.1074879419896,0.5016388,0.014109485,1.727837270580609
1226.1174419838896,0.48512426,0.0138828745,1.728524907147587
1226.12739602579,0.49658945,0.014039758,1.7292490111494068
1226.1373500676902,0.5047358,0.014152797,1.7300065251797951
1226.1473041095906,0.49512905,0.014022586,1.7307964198380685
1226.1572581514906,0.4842922,0.013871196,1.7316162732081155
1226.167212193391,0.46848193,0.013648063,1.7324632704872003
1226.1771662352912,0.46885553,0.013652996,1.7333236199190643
1226.1871202771913,0.5023915,0.014121625,1.7341781617139198
1226.1970743190916,0.5082119,0.01420095,1.7350033501492321
1226.207028360992,0.4785495,0.013790133,1.7357739208879157
1226.2169824028922,0.4927386,0.013988293,1.736464141759507
1226.2269364447923,0.5019801,0.014115204,1.737078389226169
1226.2368904866926,0.47627422,0.013759202,1.7376210254591982
1226.2468445285929,0.47038692,0.013674514,1.7380994972976995
1226.2567985704932,0.50194657,0.014113315,1.7385179962073867
1226.2667526123932,0.47862545,0.013793241,1.738886531207402
1226.2767066542935,0.49929994,0.014081426,1.7392164180023133
1226.2866606961938,0.5004901,0.014097107,1.7395145577602877
1226.296614738094,0.48929688,0.013941709,1.7397867294468357
1226.3065687799942,0.47430083,0.013732076,1.740034469608388
1226.3165228218945,0.47236302,0.013705861,1.740264383502614
1226.3264768637946,0.4769396,0.013770674,1.7404825105949648
1226.336430905695,0.47426832,0.013733537,1.74069988747595
1226.3463849475952,0.4831337,0.013858655,1.7409338879747154
1226.3563389894955,0.4916211,0.013977632,1.7412031593887232
1226.3662930313956,0.49882054,0.014073902,1.741511685631424
1226.3762470732959,0.49584597,0.014032218,1.7418586220428154
1226.3862011151962,0.46741953,0.013637457,1.7422404243827336
1226.3961551570965,0.47230452,0.013707645,1.742657702244419
1226.4061091989965,0.49651933,0.014043987,1.7431093423204187
1226.4160632408968,0.4912112,0.013969995,1.7435973917665626
1226.4260172827971,0.4950939,0.014025545,1.7441263006158882
1226.4359713246972,0.4974208,0.014060069,1.7447007448285214
1226.4459253665975,0.5157943,0.01430762,1.7453300001105916
1226.4558794084978,0.49550617,0.014031327,1.7460087353691471
1226.465833450398,0.4966049,0.014046511,1.7467367839613803
1226.4757874922982,0.4916311,0.013979867,1.747512979092426
1226.4857415341985,0.5003603,0.014097253,1.748338654730494
1226.4956955760988,0.4781927,0.013791961,1.749212247393051
1226.5056496179989,0.49616072,0.014041354,1.750128757103952
1226.5156036598992,0.50044763,0.014100692,1.7510879154207528
1226.5255577017995,0.5304498,0.014505371,1.7520908353324547
1226.5355117436998,0.48822123,0.013929421,1.7531463467096242
1226.5454657855998,0.48967108,0.013951308,1.7542539724377795
1226.5554198275001,0.5031517,0.01413863,1.7554168793628684
1226.5653738694004,0.5066819,0.01436643,1.7566391745291006
1226.5753279113005,0.52912766,0.014907871,1.7579264186003278
1226.5852819532008,0.51939464,0.014887178,1.7592858575734076
1226.5952359951011,0.52765715,0.015108172,1.76070874996716
1226.6051900370012,0.5653272,0.01569523,1.762191081900548
1226.6151440789015,0.5605126,0.015793212,1.7637258105653946
1226.6250981208018,0.56737864,0.016049676,1.7653058302893552
1226.635052162702,0.566151,0.016121503,1.7669166713659623
1226.6450062046022,0.5499838,0.015933203,1.7685461364825
1226.6549602465025,0.54678136,0.01592479,1.7701873996664883
1226.6649142884028,0.55354995,0.016041087,1.771837119251246
1226.674868330303,0.54714465,0.015973708,1.773496217396672
1226.6848223722031,0.55404025,0.016163858,1.7751642682753719
1226.6947764141034,0.5544552,0.016322108,1.7768399124900003
1226.7047304560037,0.5588729,0.01631966,1.7785184352881476
1226.7146844979038,0.5594351,0.016144339,1.7801913140090886
1226.7246385398041,0.556657,0.01611886,1.7818474266882993
1226.7345925817044,0.5900794,0.016815173,1.7834791318929166
1226.7445466236047,0.5742516,0.016444782,1.7850788102723745
1226.7545006655048,0.57030493,0.016293269,1.7866392462544332
1226.764454707405,0.60866886,0.01684209,1.7881472772341587
1226.7744087493054,0.57984495,0.01643664,1.7895981904071574
1226.7843627912057,0.5986978,0.016558494,1.7909885860502204
1226.7943168331058,0.56579095,0.016057938,1.7923168730113017
1226.804270875006,0.5537158,0.015848355,1.7935868761348133
1226.8142249169064,0.57669073,0.017164007,1.7948072670593476
1226.8241789588064,0.5555022,0.016860131,1.7960020134485974
1226.8341330007067,0.53586066,0.016569851,1.7971869526148287
1226.844087042607,0.55993706,0.016929137,1.798375544723477
1226.8540410845071,0.56971693,0.017069124,1.79957978823974
1226.8639951264074,0.5811857,0.017238058,1.8008091760208824
1226.8739491683077,0.58363277,0.017274408,1.8020690771843537
1226.883903210208,0.5633865,0.016978314,1.8033651858265476
1226.893857252108,0.5717739,0.017101452,1.804702020730473
1226.9038112940084,0.5860603,0.017307365,1.8060883286296336
1226.9137653359087,0.55897325,0.01691284,1.8075198849578697
1226.923719377809,0.58555263,0.017299732,1.808993069053668
1226.933673419709,0.5585315,0.016907746,1.81050181027059
1226.9436274616094,0.5939258,0.017421167,1.8120365547445176
1226.9535815035097,0.56287515,0.016968677,1.8135827558480686
1226.9635355454097,0.5688497,0.017057294,1.8151238760100836
1226.97348958731,0.57330716,0.017124513,1.8166484253155726
1226.9834436292103,0.5525519,0.016819948,1.8181497844189607
1226.9933976711104,0.5890138,0.01735203,1.8196257678883712
1227.0033517130107,0.6156092,0.017727923,1.821083259843588
1227.013305754911,0.5862051,0.017312914,1.8225293377122198
1227.0232597968113,0.5870927,0.017325722,1.8239650792364008
1227.0332138387114,0.5678836,0.017048705,1.8253857878543132
1227.0431678806117,0.5564434,0.016878746,1.8267792595605437
1227.053121922512,0.5540443,0.016843664,1.8281430627334465
1227.0630759644123,0.5570212,0.016889198,1.8294763566807695
1227.0730300063124,0.56385183,0.01698813,1.8307788283278204
1227.0829840482127,0.55156577,0.016806755,1.8320446553087337
1227.092938090113,0.5452256,0.016715394,1.8332617535408164
1227.102892132013,0.58009034,0.017226072,1.8344216230974602
1227.1128461739133,0.5900346,0.017369865,1.835511023431675
1227.1228002158136,0.5988903,0.0174964,1.8365172020155303
1227.1327542577137,0.57622176,0.017168572,1.8374183330188396
1227.142708299614,0.59846365,0.017491188,1.8382118824286113
1227.1526623415143,0.59596103,0.01745598,1.8388995508508514
1227.1626163834146,0.5801106,0.017226258,1.8394870269641102
1227.1725704253147,0.6141864,0.017713303,1.8399902563482522
1227.182524467215,0.608236,0.017627722,1.8404328651379944
1227.1924785091153,0.617226,0.017756281,1.8408535047761942
1227.2024325510156,0.6063441,0.017603137,1.841272834467098
1227.2123865929157,0.59352326,0.017421734,1.8417027686329954
1227.222340634816,0.6106219,0.01766154,1.8421492072507903
1227.2322946767163,0.60092425,0.01752571,1.8426119533135688
1227.2422487186163,0.59988654,0.017510656,1.8430870081988877
1227.2522027605166,0.5994399,0.017505951,1.8435714606246512
1227.262156802417,0.6210469,0.01781083,1.8440627804609144
1227.272110844317,0.58166885,0.017250992,1.8445594875235196
1227.2820648862173,0.64520186,0.018144825,1.8450599088231499
1227.2920189281176,0.613273,0.017701987,1.8455634566387804
1227.301972970018,0.58712023,0.017331285,1.8460700165176056
1227.311927011918,0.59982955,0.017512456,1.8465798334825763
1227.3218810538183,0.58165324,0.017252427,1.8470936653346106
1227.3318350957186,0.6043055,0.017576383,1.8476116798281805
1227.341789137619,0.5865402,0.017321737,1.848134513287735
1227.351743179519,0.6134376,0.015596202,1.84866290391894
1227.3616972214193,0.5868813,0.015252663,1.8491982798119215
1227.3716512633196,0.60113394,0.015434699,1.8497416616659006
1227.3816053052196,0.5887949,0.015279034,1.850293546680474
1227.39155934712,0.6034158,0.015463473,1.8508548125214745
1227.4015133890202,0.6138265,0.015593291,1.8514262989166164
1227.4114674309205,0.5799728,0.015166768,1.8520104188780748
1227.4214214728206,0.5945266,0.015351241,1.8526068988622644
1227.431375514721,0.59654635,0.015377336,1.8532167948733447
1227.4413295566212,0.5953729,0.015363282,1.8538415022854426
1227.4512835985215,0.61878246,0.015654886,1.8544831485232154
1227.4612376404216,0.6058291,0.015495416,1.8551442283278836
1227.471191682322,0.5710683,0.0150535675,1.8558232803602426
1227.4811457242222,0.57451814,0.015099201,1.856519880854767
1227.4910997661223,0.608418,0.015530527,1.8572329467260005
1227.5010538080226,0.579492,0.015162245,1.857962160258225
1227.5110078499229,0.5937693,0.015344079,1.8587050425266702
1227.520961891823,0.60963815,0.015545875,1.8594595250904948
1227.5309159337232,0.5860908,0.0152471,1.8602248031593174
1227.5408699756235,0.5895313,0.015289713,1.8610004742594188
1227.5508240175238,0.63389033,0.01584367,1.8617877976046349
1227.560778059424,0.5892786,0.015289576,1.8625850639075032
1227.5707321013242,0.60721725,0.015514561,1.8633919039640254
1227.5806861432245,0.5846086,0.015230633,1.8642078052588973
1227.5906401851248,0.6280255,0.015773287,1.8650326004146804
1227.6005942270249,0.61421293,0.015601372,1.865866052440469
1227.6105482689252,0.6042614,0.015478331,1.8667070776316301
1227.6205023108255,0.638431,0.015898628,1.8675556768202761
1227.6304563527256,0.60278535,0.0154605005,1.868412127124131
1227.6404103946259,0.6499199,0.016036768,1.8692778158321195
1227.6503644365262,0.6158969,0.015621478,1.8701528760523674
1227.6603184784262,0.6136797,0.015647685,1.8710375142592
1227.6702725203265,0.61187017,0.01621949,1.8719324256165693
1227.6802265622268,0.61122656,0.01656513,1.8728388662375992
1227.6901806041271,0.6087836,0.016397413,1.8737607938269958
1227.7001346460272,0.6052091,0.016547285,1.8746996095588209
1227.7100886879275,0.6281084,0.016999023,1.8756591028962661
1227.7200427298278,0.6187714,0.017305112,1.8766434606880074
1227.729996771728,0.6329047,0.017371632,1.877658836597533
1227.7399508136282,0.6371887,0.018085599,1.8787097795407415
1227.7499048555285,0.645233,0.018323997,1.8797947808027922
1227.7598588974288,0.6573281,0.019128894,1.88091176351297
1227.7698129393289,0.62235034,0.018310042,1.882054429911348
1227.7797669812292,0.61922,0.018641217,1.883211611422769
1227.7897210231295,0.6055065,0.018246679,1.8843645003757539
1227.7996750650295,0.6409751,0.01826348,1.8854958662281724
1227.8096291069298,0.6070389,0.017760614,1.886590633657208
1227.8195831488301,0.63147163,0.018358272,1.8876367779870222
1227.8295371907304,0.60995674,0.01778383,1.8886223334318821
1227.8394912326305,0.64924186,0.018325599,1.8895537341591888
1227.8494452745308,0.6074908,0.01777502,1.8904334922249206
1227.859399316431,0.64081395,0.018462894,1.8912657197359302
1227.8693533583314,0.59315616,0.017518723,1.8920538764100874
1227.8793074002315,0.6283146,0.017870098,1.8928082575607492
1227.8892614421318,0.62097234,0.017788094,1.8935432504813017
1227.899215484032,0.62563133,0.017783228,1.8942708997997557
1227.9091695259322,0.59819573,0.017514814,1.8950021671622546
1227.9191235678325,0.6023308,0.01749484,1.8957464991627422
1227.9290776097328,0.6372209,0.017844837,1.8965057256581166
1227.939031651633,0.62292933,0.017914902,1.8972777538034697
1227.9489856935331,0.6048839,0.017150413,1.898057640271277
1227.9589397354334,0.65337765,0.017884072,1.898838598441899
1227.9688937773337,0.62481785,0.017784411,1.899612461722091
1227.978847819234,0.6427642,0.0182491,1.9003742676964204
1227.988801861134,0.62751114,0.01777952,1.9011213112962606
1227.9987559030344,0.60672003,0.01766559,1.9018533679499605
1228.0087099449347,0.64574015,0.017987465,1.9025714209284006
1228.0186639868348,0.63830703,0.017643841,1.903279554798949
1228.028618028735,0.60989904,0.017218735,1.9039822090702359
1228.0385720706354,0.61202055,0.017410833,1.9046821814429327
1228.0485261125355,0.64384836,0.017689675,1.905381178619389
1228.0584801544358,0.62856615,0.017526342,1.9060789271864682
1228.068434196336,0.63187975,0.017761696,1.9067721206488086
1228.0783882382364,0.6391063,0.017751452,1.9074531919982345
1228.0883422801364,0.65247035,0.018101647,1.9081085219836
1228.0982963220367,0.66141814,0.018391307,1.9087144063601282
1228.108250363937,0.65809345,0.017757736,1.9092321127558627
1228.1182044058373,0.6473594,0.017010806,1.9096380020807575
1228.1281584477374,0.6336262,0.016978629,1.9099064132404409
1228.1381124896377,0.6069127,0.01584704,1.9100195673938927
1228.148066531538,0.63232005,0.015836893,1.909958677336459
1228.158020573438,0.6304123,0.01581358,1.909741311085238
1228.1679746153384,0.62468684,0.015745755,1.9094029992996013
1228.1779286572387,0.60032225,0.01544103,1.908977497143217
1228.1878826991388,0.6072051,0.01552539,1.9085028491116902
1228.197836741039,0.60461926,0.015494171,1.9080186642306274
1228.2077907829394,0.6281197,0.01578883,1.9075587481286127
1228.2177448248397,0.6165854,0.015647516,1.9071403571069712
1228.2276988667397,0.62843454,0.015792498,1.906770272624743
1228.23765290864,0.6361339,0.015884697,1.9064499459349973
1228.2476069505403,0.62770593,0.015780091,1.9061780355706277
1228.2575609924406,0.60549307,0.015508767,1.9059462864790622
1228.2675150343407,0.6402944,0.015936725,1.905754030234137
1228.277469076241,0.6012665,0.015457357,1.9056031835630736
1228.2874231181413,0.60790336,0.015536486,1.9055019762493668
1228.2973771600414,0.62191457,0.01571162,1.9054534688982452
1228.3073312019417,0.63805306,0.015908178,1.9054579865542798
1228.317285243842,0.6223629,0.015716255,1.905516852900901
1228.327239285742,0.6119445,0.015588076,1.905629665789279
1228.3371933276424,0.615437,0.015633928,1.9058019288858001
1228.3471473695427,0.6018665,0.015464519,1.9060236868859541
1228.357101411443,0.62723356,0.015777856,1.906292115156458
1228.367055453343,0.6011828,0.015456005,1.9066049114875767
1228.3770094952433,0.61689115,0.01565301,1.9069618847056145
1228.3869635371436,0.602178,0.015466791,1.907363287660423
1228.396917579044,0.60312724,0.015482901,1.9078030807296162
1228.406871620944,0.63640493,0.015891762,1.9082795569076052
1228.4168256628443,0.6357814,0.015881829,1.9087909958033946
1228.4267797047446,0.6332136,0.015854258,1.9093388824113786
1228.4367337466447,0.6350222,0.015875107,1.909920326862425
1228.446687788545,0.6242521,0.015742654,1.9105329045593824
1228.4566418304453,0.63160247,0.015834771,1.9111765117528199
1228.4665958723454,0.640696,0.015958421,1.911851518888684
1228.4765499142457,0.6452719,0.01601343,1.9125634612856435
1228.486503956146,0.6219086,0.01573135,1.9133086351736408
1228.4964579980463,0.60978657,0.015580285,1.914087801530766
1228.5064120399463,0.6120465,0.015608114,1.9149017333571348
1228.5163660818466,0.61162364,0.015600966,1.9157529969222806
1228.526320123747,0.6471724,0.016038416,1.9166444766870199
1228.5362741656472,0.6233069,0.015745489,1.9175733621567903
1228.5462282075473,0.62216306,0.01573274,1.918540120336343
1228.5561822494476,0.6694586,0.01630349,1.9195445200380348
1228.566136291348,0.65082574,0.016081568,1.9205883817342417
1228.576090333248,0.6403653,0.015956676,1.9216657216740305
1228.5860443751483,0.638723,0.015936023,1.9227685188680967
1228.5959984170486,0.6476145,0.01604493,1.9238880209681617
1228.6059524589489,0.6198908,0.015707571,1.9250134014317428
1228.615906500849,0.6247982,0.01576815,1.9261304453425023
1228.6258605427493,0.62860006,0.015812483,1.92722820011102
1228.6358145846496,0.6152106,0.015648188,1.9282985096241911
1228.6457686265499,0.6193819,0.015698923,1.9293364977860823
1228.65572266845,0.60554165,0.015527806,1.930339103187587
1228.6656767103502,0.62512714,0.015770689,1.9313075667730786
1228.6756307522505,0.6063116,0.015537373,1.9322506714306695
1228.6855847941506,0.63982064,0.015952418,1.9331751920985236
1228.695538836051,0.6417331,0.01597391,1.9340884708949715
1228.7054928779512,0.62951356,0.015825223,1.934998459032454
1228.7154469198513,0.6231757,0.015743239,1.935913932978659
1228.7254009617516,0.60643226,0.015540612,1.9368415906095378
1228.7353550036519,0.59889853,0.015445251,1.937786711294557
1228.7453090455522,0.635154,0.015895106,1.9387525870331364
1228.7552630874522,0.62485975,0.01576915,1.9397430466874324
1228.7652171293525,0.6391193,0.015945105,1.9407526408890028
1228.7751711712529,0.63991827,0.015957046,1.9417757392050308
1228.7851252131532,0.62285703,0.01574641,1.9428011606970697
1228.7950792550532,0.6498295,0.016075486,1.9438048271102675
1228.8050332969535,0.6210339,0.015726052,1.9447381173085228
1228.8149873388538,0.61701953,0.01567402,1.9455461759878518
1228.824941380754,0.6290855,0.015824618,1.9461637042550362
1228.8348954226542,0.6324835,0.015865522,1.9465287262452862
1228.8448494645545,0.63554233,0.01590007,1.9465583454157158
1228.8548035064546,0.6002964,0.015469007,1.9462328552378954
1228.8647575483549,0.6346749,0.01589269,1.9455534219010215
1228.8747115902552,0.65945965,0.01619119,1.9445203733800627
1228.8846656321555,0.6734306,0.016358402,1.9431502628703181
1228.8946196740555,0.6723782,0.01634819,1.941440405921361
1228.9045737159558,0.64805615,0.016056947,1.9394946480329716
1228.9145277578561,0.6371583,0.01592428,1.937374448021805
1228.9244817997564,0.64908063,0.016068263,1.9351367915284752
1228.9344358416565,0.6911929,0.016573455,1.9328199140041122
1228.9443898835568,0.6521917,0.016105909,1.9304412441875158
1228.9543439254571,0.66684324,0.016282685,1.9280070332700485
1228.9642979673572,0.6596038,0.016198078,1.9255123102811038
1228.9742520092575,0.62665933,0.0157938,1.922957533606725
1228.9842060511578,0.6109556,0.015601331,1.920354084147133
1228.9941600930579,0.60045695,0.015471169,1.9177366720366846
1229.0041141349582,0.6015269,0.015483381,1.9151412204953637
1229.0140681768585,0.59967,0.0154599445,1.9126001570390645
1229.0240222187588,0.6359279,0.015912134,1.9101411054012214
1229.0339762606588,0.6490386,0.016070783,1.9078039295765032
1229.0439303025591,0.6375398,0.015931426,1.9055901521056802
1229.0538843444594,0.6224871,0.015746878,1.9035077803836389
1229.0638383863597,0.63323945,0.01588037,1.901558657255331
1229.0737924282598,0.63054425,0.01584726,1.8997457402132232
1229.0837464701601,0.6105744,0.015603353,1.898068867525506
1229.0937005120604,0.6443008,0.016015334,1.8965088202826768
1229.1036545539605,0.6456161,0.016031196,1.895061140021022
1229.1136085958608,0.63063014,0.015848704,1.8937236055508375
1229.123562637761,0.65061164,0.01609182,1.8925065402421861
1229.1335166796614,0.6175699,0.015688796,1.891405671077436
1229.1434707215615,0.5974111,0.015436538,1.8904141659167801
1229.1534247634618,0.63276803,0.015874134,1.889526361465478
1229.163378805362,0.5809441,0.0152286105,1.8887285773953972
1229.1733328472621,0.58154804,0.015238907,1.8880001674602167
1229.1832868891624,0.6169255,0.015683018,1.8872881529048562
1229.1932409310627,0.64251626,0.015999688,1.8865445683374844
1229.203194972963,0.6139509,0.015645532,1.8857219712791233
1229.2131490148631,0.62397444,0.01577073,1.884775854198157
1229.2231030567634,0.6169754,0.015680576,1.8836757303014362
1229.2330570986637,0.593185,0.01538369,1.8824381654444253
1229.2430111405638,0.5888784,0.015329623,1.881084008037174
1229.252965182464,0.63275325,0.015875638,1.8796496212284661
1229.2629192243644,0.61019003,0.015597161,1.8781857331643672
1229.2728732662647,0.5966072,0.015426115,1.8767591585373884
1229.2828273081648,0.6047667,0.01553234,1.875425892936097
1229.292781350065,0.60931605,0.015588983,1.8742313515868778
1229.3027353919654,0.633192,0.015883122,1.8732059750654029
1229.3126894338657,0.62674826,0.015804913,1.872387665924811
1229.3226434757657,0.6317948,0.015869664,1.8717477069425636
1229.332597517666,0.6409624,0.015980776,1.871273571240003
1229.3425515595663,0.6433477,0.016011002,1.8709550145950224
1229.3525056014664,0.64594746,0.016040202,1.8707917845822621
1229.3624596433667,0.6144848,0.01565678,1.8707945859781
1229.372413685267,0.64589643,0.016040392,1.8709527221654136
1229.382367727167,0.64030236,0.015974713,1.871274228167424
1229.3923217690674,0.6429074,0.016005486,1.871767039033862
1229.4022758109677,0.64517885,0.016030237,1.8724525431701398
1229.412229852868,0.66383624,0.016257338,1.8733281559421133
1229.422183894768,0.64454854,0.016024856,1.8743797536739994
1229.4321379366684,0.6414126,0.015987005,1.8756010541992643
1229.4420919785687,0.6289942,0.01583237,1.8769841523337107
1229.452046020469,0.6395323,0.015964193,1.8785411275232655
1229.462000062369,0.6444956,0.016025625,1.8802468917764774
1229.4719541042693,0.651064,0.016106015,1.882096213688079
1229.4819081461696,0.6266899,0.015805203,1.884088486710132
1229.4918621880697,0.6263816,0.015802465,1.8862292804539087
1229.50181622997,0.6483864,0.01607542,1.8885318761579866
1229.5117702718703,0.6313099,0.015863393,1.890979889927791
1229.5217243137704,0.6522153,0.01612042,1.8935731089192898
1229.5316783556707,0.65799016,0.016190788,1.89631148216461
1229.541632397571,0.6407291,0.01598362,1.8992084244378804
1229.5515864394713,0.66102654,0.01622753,1.9022673880608323
1229.5615404813714,0.63411534,0.015900487,1.9054862580310234
1229.5714945232717,0.6522177,0.01612164,1.908875982463714
1229.581448565172,0.64188784,0.015998442,1.912449456505913
1229.5914026070723,0.654481,0.01614974,1.916248228629054
1229.6013566489723,0.67345613,0.016377471,1.920269349697095
1229.6113106908726,0.6538417,0.016141605,1.9245256250887819
1229.621264732773,0.64382356,0.016022675,1.9290333759941953
1229.631218774673,0.6259811,0.015801664,1.9338086210615597
1229.6411728165733,0.6236595,0.01577177,1.9388662054009387
1229.6511268584736,0.6526417,0.01612706,1.944138012982145
1229.6610809003737,0.6233879,0.015771715,1.9495677584405255
1229.671034942274,0.6367679,0.015934497,1.955087257600121
1229.6809889841743,0.63916904,0.015965383,1.9606214824523878
1229.6909430260746,0.68230003,0.016482191,1.9660873572168014
1229.7008970679747,0.65433085,0.016150152,1.9714178667322562
1229.710851109875,0.6668808,0.016299432,1.9765505723118113
1229.7208051517753,0.65276074,0.016131593,1.981431609042009
1229.7307591936756,0.66117054,0.016233638,1.9859823123190299
1229.7407132355756,0.6534755,0.016142258,1.990204064159414
1229.750667277476,0.6749837,0.016398467,1.994101490432717
1229.7606213193762,0.6581807,0.016199525,1.9976784978949444
1229.7705753612763,0.67384064,0.01638498,2.0009343043077057
1229.7805294031766,0.6736041,0.016383994,2.0038317405002477
1229.790483445077,0.6608374,0.016230375,2.006410214378997
1229.8004374869772,0.6858761,0.016529238,2.008672724649807
1229.8103915288773,0.67059106,0.01635031,2.0106356425953806
1229.8203455707776,0.6989155,0.016681679,2.0123200583254284
1229.830299612678,0.6661703,0.016419534,2.0137829969792467
1229.8402536545782,0.6764534,0.01729847,2.015108803117458
1229.8502076964783,0.6866665,0.017637966,2.016358117534347
1229.8601617383786,0.6701412,0.01715852,2.017583483303652
1229.8701157802789,0.66874415,0.017508369,2.018831791615624
1229.880069822179,0.6599611,0.017540846,2.0201339522861836
1229.8900238640792,0.7008557,0.01845424,2.0215051526637966
1229.8999779059795,0.7012081,0.018265756,2.0229541783422893
1229.9099319478796,0.68433756,0.018937618,2.0244854243287134
1229.91988598978,0.6704169,0.018700859,2.0261118307885595
1229.9298400316802,0.7027417,0.020047659,2.027822714199142
1229.9397940735805,0.6765553,0.019183448,2.029620049631717
1229.9497481154806,0.6888618,0.019615836,2.031507227141815
1229.959702157381,0.7039656,0.019986663,2.0334949367829522
1229.9696561992812,0.6672362,0.018642694,2.0355974274523847
1229.9796102411815,0.71108496,0.019386433,2.0378160985992766
1229.9895642830816,0.7027283,0.019501247,2.0401618082472464
1229.9995183249819,0.69847345,0.018932916,2.0426415571765157
1230.0094723668822,0.6788492,0.018805783,2.0452636737641643
1230.0194264087822,0.70552343,0.019251816,2.0479972757722327
1230.0293804506825,0.6855759,0.019375099,2.0507943827005692
1230.0393344925828,0.6449134,0.018410007,2.0535996857907075
1230.049288534483,0.6921865,0.018801345,2.0563517054810374
1230.0592425763832,0.6790382,0.0185927,2.0589678673094354
1230.0691966182835,0.66930544,0.018434081,2.061409860866007
1230.0791506601838,0.6916008,0.01901794,2.0636454352804257
1230.089104702084,0.662287,0.01825749,2.06565853573602
1230.0990587439842,0.70624465,0.018619634,2.067443374269854
1230.1090127858845,0.72332525,0.01926858,2.069011470419496
1230.1189668277848,0.6611108,0.018029062,2.070422007909744
1230.1289208696849,0.682782,0.018358711,2.0717111809286046
1230.1388749115852,0.67425823,0.018554123,2.0729043154589117
1230.1488289534855,0.7064036,0.019160364,2.073994038718045
1230.1587829953855,0.6718421,0.018461073,2.0749475092035468
1230.1687370372858,0.70942575,0.019154891,2.0757185334558814
1230.1786910791861,0.67971003,0.018536827,2.076250513889804
1230.1886451210862,0.66051316,0.017974881,2.0764953742081924
1230.1985991629865,0.6646619,0.017953357,2.076381129809101
1230.2085532048868,0.65064675,0.018055303,2.0759405225330747
1230.218507246787,0.6790151,0.01812924,2.0752006326808417
1230.2284612886872,0.6643382,0.018124934,2.0741984488930414
1230.2384153305875,0.7134767,0.01886414,2.0729757729351195
1230.2483693724878,0.67951053,0.01845321,2.0715717120138275
1230.258323414388,0.70436597,0.018848434,2.0700481520735714
1230.2682774562882,0.704721,0.019045465,2.068421002918496
1230.2782314981885,0.6729672,0.017876793,2.0666819003727457
1230.2881855400888,0.62872905,0.016732628,2.0647894600634666
1230.2981395819888,0.67097837,0.017574737,2.062699986715015
1230.3080936238891,0.62049127,0.015817428,2.0604020182176734
1230.3180476657894,0.60772073,0.015593875,2.057894086863652
1230.3280017076895,0.59803176,0.015471846,2.055198322888913
1230.3379557495898,0.59954125,0.015490933,2.0523503368131677
1230.34790979149,0.59255785,0.015399475,2.0494339332993063
1230.3578638333904,0.62821627,0.015851257,2.046520396171577
1230.3678178752905,0.6493474,0.01610853,2.043667926282485
1230.3777719171908,0.60664505,0.01558225,2.0409189145029765
1230.387725959091,0.6308244,0.015883286,2.0383116361568203
1230.3976800009914,0.59232205,0.015401481,2.0358336689174488
1230.4076340428915,0.62388706,0.01579724,2.033481162339643
1230.4175880847918,0.629021,0.015862897,2.0312496337519934
1230.427542126692,0.61040777,0.015630243,2.029144506361587
1230.4374961685921,0.6027313,0.015535319,2.0271755617614997
1230.4474502104924,0.57490885,0.015181111,2.025341191529204
1230.4574042523927,0.5671448,0.015081446,2.023652208344655
1230.467358294293,0.5717121,0.015139185,2.022117152918711
1230.477312336193,0.5636942,0.015035664,2.0207546766411233
1230.4872663780934,0.592977,0.015412345,2.019553070771599
1230.4972204199937,0.55683684,0.014948918,2.0184981609247545
1230.507174461894,0.5481256,0.014831205,2.0175831572219596
1230.517128503794,0.56445557,0.015047829,2.0168025596447214
1230.5270825456944,0.56832397,0.015099156,2.0161714491883878
1230.5370365875947,0.5571356,0.0149540575,2.0156701944680937
1230.5469906294948,0.5551923,0.0149301905,2.0152984598813926
1230.556944671395,0.5335592,0.014642241,2.0150575250729443
1230.5668987132954,0.52543324,0.014532907,2.014954448205506
1230.5768527551954,0.52001697,0.014457821,2.015000185087678
1230.5868067970957,0.52737504,0.014558737,2.01517915217292
1230.596760838996,0.52891386,0.01457999,2.0154870468044876
1230.6067148808963,0.523483,0.014504031,2.015915309065735
1230.6166689227964,0.5440232,0.014781857,2.0164592857656247
1230.6266229646967,0.5532851,0.014904408,2.0170998932119932
1230.636577006597,0.53866285,0.014712261,2.0178155030935674
1230.6465310484973,0.55475396,0.014922428,2.018593221869974
1230.6564850903974,0.5595053,0.014986741,2.019422580723031
1230.6664391322977,0.54294676,0.014771408,2.02030053436287
1230.676393174198,0.5243341,0.014521301,2.0212175310228213
1230.686347216098,0.5316431,0.014618692,2.0221706262014223
1230.6963012579984,0.52473646,0.014525452,2.023157769607483
1230.7062552998987,0.5155168,0.014402779,2.0241726374822124
1230.7162093417987,0.48885578,0.014036114,2.0251918254002135
1230.726163383699,0.5118605,0.01435282,2.0261674008352815
1230.7361174255993,0.4679958,0.013740576,2.027033863345495
1230.7460714674996,0.48680964,0.014008129,2.027712899488863
1230.7560255093997,0.48837346,0.014029896,2.028105717068286
1230.7659795513,0.47866306,0.013889551,2.0281330354643403
1230.7759335932003,0.46798906,0.013741147,2.0277845789598103
1230.7858876351006,0.48599857,0.0139961075,2.0270549475281934
1230.7958416770007,0.49033648,0.014058345,2.0259670416110667
1230.805795718901,0.4833391,0.013958754,2.0245446071279396
1230.8157497608013,0.4861072,0.014000527,2.022894048509643
1230.8257038027014,0.43972456,0.013329385,2.0211199711853856
1230.8356578446017,0.47291586,0.013812986,2.0193222079644957
1230.845611886502,0.4728787,0.013809478,2.0175989756662855
1230.855565928402,0.44373083,0.013392402,2.016067918706273
1230.8655199703023,0.45590368,0.013569906,2.0147672003287624
1230.8754740122026,0.45093763,0.013498655,2.013723252142794
1230.885428054103,0.44780362,0.013451376,2.0129450901406556
1230.895382096003,0.45053717,0.013492258,2.0124480419536352
1230.9053361379033,0.4455238,0.013419008,2.012255756227254
1230.9152901798036,0.4663949,0.013723921,2.0123500955799045
1230.925244221704,0.4278039,0.013159326,2.0127407169742417
1230.935198263604,0.44079757,0.013349979,2.013434585919852
1230.9451523055043,0.44780457,0.0134529,2.014463553056308
1230.9551063474046,0.44785312,0.013452802,2.01582520177757
1230.9650603893047,0.41317728,0.012938189,2.017505692198929
1230.975014431205,0.41574204,0.012976417,2.019507849896378
1230.9849684731053,0.41036093,0.012894334,2.0218247339858024
1230.9949225150056,0.41462544,0.012961307,2.0244614164907055
1231.0048765569056,0.39534855,0.0126672145,2.0273255098310763
1231.014830598806,0.3833,0.012478136,2.030337094912963
1231.0247846407062,0.3990134,0.012718835,2.0334125721688796
1231.0347386826063,0.40971103,0.012890275,2.0364682665897385
1231.0446927245066,0.4195483,0.013036962,2.0394181776581704
1231.054646766407,0.40541905,0.012823555,2.0422248488530883
1231.0646008083072,0.37836462,0.012402703,2.044869500408801
1231.0745548502073,0.38483793,0.012504223,2.0473567303367655
1231.0845088921076,0.37244537,0.012303441,2.0497074101069286
1231.0944629340079,0.35787913,0.012070759,2.051968870356378
1231.104416975908,0.35860085,0.012085329,2.054189729220695
1231.1143710178083,0.3515968,0.011969722,2.0563898002115453
1231.1243250597086,0.34584,0.011875483,2.058561674962341
1231.1342791016089,0.33881336,0.011754837,2.0606585991789563
1231.144233143509,0.32349226,0.011499864,2.0626234051380754
1231.1541871854092,0.31444612,0.011339921,2.064402402532253
1231.1641412273095,0.309859,0.011258819,2.065949519198369
1231.1740952692098,0.30445552,0.011162941,2.0672410463881854
1231.18404931111,0.30790317,0.011222294,2.068250099186702
1231.1940033530102,0.31070027,0.011274526,2.069056454325084
1231.2039573949105,0.29254118,0.010952256,2.06971752797584
1231.2139114368106,0.28709668,0.010854673,2.0702936239113874
1231.2238654787109,0.26583818,0.010458735,2.0708384198076573
1231.2338195206112,0.2862134,0.010836251,2.071397350352386
1231.2437735625113,0.27242458,0.0105818,2.0719942871855106
1231.2537276044116,0.2654486,0.010451685,2.072640119183057
1231.2636816463119,0.23724753,0.009900168,2.0733394997123584
1231.2736356882122,0.23253798,0.009804683,2.0741011549170185
1231.2835897301122,0.24338803,0.010025629,2.074931753485105
1231.2935437720125,0.22564986,0.009669681,2.075838070744231
1231.3034978139128,0.23321497,0.009819483,2.076831754215735
1231.3134518558131,0.23295403,0.009816863,2.0779221823142553
1231.3234058977132,0.21784705,0.0095037175,2.079127706726475
1231.3333599396135,0.22127475,0.009573593,2.080439106924162
1231.3433139815138,0.19895245,0.009097601,2.0818524759746007
1231.3532680234139,0.19387208,0.008986184,2.083366094011601
1231.3632220653142,0.1922814,0.008949839,2.0849812149910507
1231.3731761072145,0.20388365,0.009206695,2.08671129480906
1231.3831301491145,0.17684554,0.008596222,2.0885477894394198
1231.3930841910149,0.17378215,0.008527675,2.0904968845294767
1231.4030382329152,0.17450988,0.00854647,2.0925656041376066
1231.4129922748155,0.16366392,0.008284661,2.0947687917084123
1231.4229463167155,0.16370207,0.008287993,2.0971177073871243
1231.4329003586158,0.1625269,0.0082604475,2.0996055827660394
1231.4428544005161,0.16443269,0.008305595,2.1022362431988015
1231.4528084424164,0.15404528,0.008051867,2.1050130824259807
1231.4627624843165,0.15133683,0.007985731,2.1079549450537316
1231.4727165262168,0.16054447,0.00821248,2.1110592192833404
1231.482670568117,0.16255154,0.008262963,2.11432425821433
1231.4926246100172,0.14785445,0.00789781,2.117757496414151
1231.5025786519175,0.14586483,0.007843534,2.121368709649495
1231.5125326938178,0.12702341,0.0073471335,2.1251998502732348
1231.5224867357178,0.13544607,0.0075767613,2.1292448212713926
1231.5324407776181,0.13387814,0.0075323256,2.1335223400195176
1231.5423948195184,0.11654094,0.007053198,2.138051964907077
1231.5523488614187,0.11919874,0.0071312357,2.1428538855405854
1231.5623029033188,0.12033436,0.0071626683,2.1479389738014842
1231.5722569452191,0.119180985,0.007128003,2.153234600644794
1231.5822109871194,0.1076278,0.0067941514,2.1586712347538892
1231.5921650290197,0.12143803,0.007191047,2.164158928978812
1231.6021190709198,0.100314125,0.0065722545,2.169583740195661
1231.61207311282,0.12493131,0.00729132,2.1748226298430375
1231.6220271547204,0.11264913,0.0069418335,2.1797896545439657
1231.6319811966205,0.11415689,0.006985004,2.1844106316784773
1231.6419352385208,0.11378613,0.006976374,2.188633558915606
1231.651889280421,0.111045785,0.006894406,2.1923834102814634
1231.6618433223214,0.09602891,0.0064400714,2.19570054843617
1231.6717973642214,0.10134772,0.006604519,2.198637016163093
1231.6817514061217,0.10559089,0.006730705,2.2012513572471675
1231.691705448022,0.09909393,0.006533904,2.203612615425304
1231.7016594899223,0.107548036,0.0067920545,2.205770186044949
1231.7116135318224,0.11334058,0.006961682,2.207804218247577
1231.7215675737227,0.10952882,0.006850647,2.2097454207307154
1231.731521615623,0.09950096,0.0065501723,2.2116155036578267
1231.741475657523,0.11601127,0.0070410315,2.2134333441513636
1231.7514296994234,0.12765937,0.007365453,2.2152227127308772
1231.7613837413237,0.13003874,0.0074310107,2.2170099687497924
1231.7713377832238,0.112689406,0.0069457763,2.2188134571419376
1231.781291825124,0.11916891,0.007130576,2.220647412523844
1231.7912458670244,0.116507806,0.0070550903,2.2225269019267953
1231.8011999089247,0.11382806,0.006981703,2.2244610326458094
1231.8111539508247,0.11261787,0.0069443784,2.2264542402221528
1231.821107992725,0.12383086,0.007263453,2.2285125779070083
1231.8310620346253,0.11578369,0.0070387116,2.2306399228135994
1231.8410160765256,0.13037577,0.0074443445,2.2328438268712962
1231.8509701184257,0.12039466,0.007167515,2.235109080702723
1231.860924160326,0.12810133,0.007382942,2.2374188611468844
1231.8708782022263,0.12617272,0.0073276623,2.239752238924277
1231.8808322441264,0.13661371,0.0076102284,2.2420853811295425
1231.8907862860267,0.13471742,0.007560571,2.2443888164898405
1231.900740327927,0.14745271,0.007893397,2.246642549658318
1231.910694369827,0.13860196,0.007663974,2.2488298765490105
1231.9206484117274,0.14242674,0.007762384,2.250939519739073
1231.9306024536277,0.14904168,0.007934751,2.2529620591013524
1231.940556495528,0.14900903,0.007932452,2.254898086146945
1231.950510537428,0.16564192,0.008345516,2.2567663705987653
1231.9604645793283,0.15834856,0.008170465,2.258581954192197
1231.9704186212286,0.16023076,0.008213687,2.260360182871702
1231.980372663129,0.13595948,0.0075963386,2.262110371036745
1231.990326705029,0.16132872,0.008240603,2.2638362070306495
1232.0002807469293,0.14598808,0.00785864,2.265531869839183
1232.0102347888296,0.16831739,0.008409424,2.267184783022444
1232.0201888307297,0.16492447,0.008326558,2.2687809150755447
1232.03014287263,0.18113776,0.0087088905,2.2702983136504624
1232.0400969145303,0.15607823,0.008109992,2.2717385028532067
1232.0500509564304,0.17647131,0.008599088,2.2731023590145205
1232.0600049983307,0.1599679,0.008207325,2.2743924981619528
1232.069959040231,0.1776636,0.008631171,2.275609119965419
1232.0799130821313,0.15800637,0.008160195,2.276741100195698
1232.0898671240313,0.18770829,0.008863319,2.277788973475454
1232.0998211659316,0.20358744,0.009213388,2.2787432956109446
1232.109775207832,0.19974396,0.009125328,2.2795969585363105
1232.1197292497322,0.1894348,0.008904487,2.280340960960889
1232.1296832916323,0.21706472,0.009501605,2.280975260800372
1232.1396373335326,0.21026175,0.009358889,2.2815143528492072
1232.149591375433,0.21331958,0.009424133,2.281966259592499
1232.159545417333,0.2113937,0.0093829045,2.2823410132772235
1232.1694994592333,0.20907946,0.009333806,2.282644859609124
1232.1794535011336,0.22878,0.009747951,2.2828957524536024
1232.1894075430337,0.20448023,0.009234714,2.2831104160004747
1232.199361584934,0.19980544,0.009134329,2.2833046742800907
1232.2093156268343,0.21868874,0.009537767,2.283496185886289
1232.2192696687346,0.22917433,0.0097533995,2.283707406994268
1232.2292237106346,0.22192048,0.009606626,2.2839522199510673
1232.239177752535,0.22452326,0.009656982,2.2842379031007467
1232.2491317944352,0.20804197,0.009314536,2.2845666292226814
1232.2590858363355,0.22763084,0.009727301,2.284938629607784
1232.2690398782356,0.23420526,0.009859004,2.285354861400749
1232.278993920136,0.24317762,0.010041499,2.285808010104236
1232.2889479620362,0.2284872,0.009745633,2.28629599562645
1232.2989020039363,0.24347559,0.010045161,2.2868170848089266
1232.3088560458366,0.24047165,0.009985302,2.28737195104872
1232.318810087737,0.24471916,0.010070019,2.2879598747954777
1232.3287641296372,0.24937478,0.010162467,2.2885776827346596
1232.3387181715373,0.24512687,0.010078429,2.2892249187559597
1232.3486722134376,0.2420175,0.010015105,2.2899012100258567
1232.3586262553379,0.25440225,0.01025997,2.2906091393372257
1232.3685802972382,0.24907619,0.010430064,2.2913464590908
1232.3785343391382,0.2601505,0.010895004,2.292111401446846
1232.3884883810385,0.273168,0.011084413,2.2929032758209713
1232.3984424229388,0.25470775,0.010762762,2.2937211852193924
1232.408396464839,0.25586277,0.0108838305,2.294567398660488
1232.4183505067392,0.26505607,0.011211483,2.2954371269485163
1232.4283045486395,0.27113053,0.011318247,2.296328877450092
1232.4382585905396,0.28213793,0.011841948,2.297241374814626
1232.44821263244,0.26973817,0.011715643,2.2981742625816564
1232.4581666743402,0.28023225,0.012367538,2.2991285640677903
1232.4681207162405,0.27104846,0.011978945,2.3001019419408317
1232.4780747581406,0.28512228,0.012302114,2.301094638067307
1232.4880288000409,0.29099688,0.012389133,2.302107201775957
1232.4979828419412,0.29633027,0.012521613,2.303141750301145
1232.5079368838415,0.29359904,0.012135439,2.3041991224599196
1232.5178909257415,0.2952961,0.012389761,2.3052780486775815
1232.5278449676418,0.29719546,0.012240813,2.3063786999166576
1232.5377990095421,0.30858368,0.012400739,2.3075010760595163
1232.5477530514422,0.30689928,0.012447484,2.308647206559215
1232.5577070933425,0.3126015,0.012670014,2.309815057384703
1232.5676611352428,0.30659205,0.012601949,2.311002696385254
1232.577615177143,0.3299603,0.012976433,2.31220863944691
1232.5875692190432,0.30947453,0.01235883,2.313431063615647
1232.5975232609435,0.32884377,0.0128277475,2.314669796420425
1232.6074773028438,0.32719535,0.012726198,2.3159208773711986
1232.6174313447439,0.32108694,0.012607032,2.3171828879178307
1232.6273853866442,0.31150225,0.012406422,2.3184548903822826
1232.6373394285445,0.3153684,0.012583977,2.3197364060635484
1232.6472934704448,0.34210053,0.01289473,2.3210263847084756
1232.6572475123448,0.3215491,0.012439749,2.322319502149205
1232.6672015542451,0.33301926,0.012741213,2.3236057692674543
1232.6771555961454,0.32379368,0.012673056,2.3248653897108995
1232.6871096380455,0.34758013,0.013055455,2.3260578565851957
1232.6970636799458,0.3320465,0.012902627,2.3271250643654966
1232.7070177218461,0.3517618,0.013317282,2.328017885727008
1232.7169717637462,0.3550002,0.013131545,2.328688196038311
1232.7269258056465,0.34498042,0.012873083,2.329101764741894
1232.7368798475468,0.3464138,0.01298421,2.3292134749651794
1232.746833889447,0.3341026,0.012698999,2.329047439335222
1232.7567879313472,0.3543526,0.013057372,2.3286398633086876
1232.7667419732475,0.33931842,0.012774735,2.3280297179975262
1232.7766960151478,0.36181256,0.01325562,2.327267617246778
1232.786650057048,0.36238447,0.013281155,2.3264091746268227
1232.7966040989481,0.36047548,0.013306618,2.3255378884648668
1232.8065581408484,0.3745528,0.013423826,2.3247124361205986
1232.8165121827487,0.3682687,0.012853497,2.3239796421629326
1232.8264662246488,0.37593117,0.013063002,2.3233759102446614
1232.836420266549,0.37935895,0.012712228,2.322932049359305
1232.8463743084494,0.38608375,0.012566729,2.3226374068755478
1232.8563283503497,0.3359792,0.011748082,2.3224920100278474
1232.8662823922498,0.3887554,0.012609116,2.3224940195324186
1232.87623643415,0.35722816,0.012103481,2.3226507177772584
1232.8861904760504,0.3508979,0.0119950725,2.3229615224028466
1232.8961445179507,0.39195096,0.012661182,2.3234116988154025
1232.9060985598508,0.36418766,0.012217934,2.323994956780983
1232.916052601751,0.36758018,0.012272526,2.3246988070374606
1232.9260066436514,0.37609828,0.0124100745,2.3255114133326193
1232.9359606855514,0.375375,0.012399826,2.32639779694522
1232.9459147274517,0.37920707,0.012461453,2.3273273173390665
1232.955868769352,0.38074687,0.012484271,2.3282760963755686
1232.965822811252,0.39819962,0.012759675,2.3292234643564704
1232.9757768531524,0.38977647,0.012631559,2.3301471529942854
1232.9857308950527,0.41127628,0.012960645,2.331034381821255
1232.995684936953,0.39558157,0.012720239,2.3318753517201527
1233.005638978853,0.40441704,0.012858623,2.332663160866989
1233.0155930207534,0.38315046,0.012524263,2.3333917939849127
1233.0255470626537,0.35645196,0.012090745,2.334054035017401
1233.035501104554,0.37733763,0.01243397,2.334660544648418
1233.045455146454,0.36066473,0.012161225,2.3352198852582697
1233.0554091883544,0.38808057,0.012598685,2.3357455346641167
1233.0653632302547,0.3913358,0.01265302,2.336253130038946
1233.0753172721547,0.39363444,0.012691906,2.3367593518187513
1233.085271314055,0.37546617,0.012404033,2.3372765780007225
1233.0952253559553,0.40592965,0.012881414,2.337814016755823
1233.1051793978554,0.40254772,0.012830728,2.338379742398628
1233.1151334397557,0.40480393,0.012863652,2.338985099036228
1233.125087481656,0.39605743,0.012734369,2.33963569146081
1233.1350415235563,0.42869574,0.013228846,2.3403341244626965
1233.1449955654564,0.3991551,0.012777698,2.341081666004536
1233.1549496073567,0.39250335,0.01267483,2.3418741812259807
1233.164903649257,0.38975626,0.0126306545,2.3427025329892297
1233.1748576911573,0.39981344,0.012787447,2.343542995701778
1233.1848117330574,0.38556597,0.012565075,2.3443784186607486
1233.1947657749577,0.40488136,0.012870659,2.34519872244383
1233.204719816858,0.39902818,0.012775475,2.3460001536338653
1233.214673858758,0.37780684,0.012439425,2.3467801431724196
1233.2246279006583,0.38326403,0.0125325,2.347540850469508
1233.2345819425586,0.39864403,0.012773481,2.3482818174540414
1233.2445359844587,0.39792725,0.0127618,2.349003177779195
1233.254490026359,0.43464133,0.013320143,2.3497054500671166
1233.2644440682593,0.43478352,0.013324118,2.3503914905983
1233.2743981101596,0.43669605,0.013352556,2.3510673189879165
1233.2843521520597,0.42892548,0.0132327005,2.351738392812242
1233.29430619396,0.4170288,0.013056506,2.3524118370038605
1233.3042602358603,0.4269964,0.013207355,2.353100404455251
1233.3142142777606,0.41388783,0.013010002,2.353823425499984
1233.3241683196607,0.4072978,0.0129100885,2.354603178164545
1233.334122361561,0.41728726,0.013061046,2.3554625954254123
1233.3440764034613,0.38725835,0.012599431,2.356417555481485
1233.3540304453613,0.40759382,0.012915618,2.3574862063042876
1233.3639844872616,0.42006746,0.013107511,2.35865536108151
1233.373938529162,0.42739823,0.013214175,2.359917481520436
1233.383892571062,0.4197816,0.013103738,2.3612692119030885
1233.3938466129623,0.4444131,0.013470211,2.3627108414183686
1233.4038006548626,0.4128034,0.012995121,2.3642563667633585
1233.413754696763,0.4162989,0.013053684,2.365897344650687
1233.423708738663,0.43859288,0.013385247,2.367637797196518
1233.4336627805633,0.44146925,0.01343087,2.3694813116410907
1233.4436168224636,0.43799588,0.0133826835,2.3714355025786786
1233.4535708643639,0.42553684,0.013194144,2.373509171720709
1233.463524906264,0.43095675,0.013273739,2.3756931192156157
1233.4734789481643,0.44726595,0.013518238,2.377989513986253
1233.4834329900646,0.43489254,0.013334544,2.3804014256905237
1233.4933870319646,0.43528226,0.01334099,2.382942991725326
1233.503341073865,0.4275239,0.013223192,2.3856186465652307
1233.5132951157652,0.45967764,0.013700595,2.388420007455817
1233.5232491576655,0.43378693,0.013319229,2.391335895192172
1233.5332031995656,0.4349182,0.01333595,2.3943377130197603
1233.543157241466,0.45307696,0.013603816,2.3973761328358454
1233.5531112833662,0.41565108,0.013046244,2.4003784538375523
1233.5630653252665,0.44610396,0.013503272,2.4032791586460043
1233.5730193671666,0.43921816,0.013403049,2.4060186492535824
1233.5829734090669,0.40857038,0.0129359,2.4085477097683787
1233.5929274509672,0.4198247,0.013109642,2.4107920231373305
1233.6028814928673,0.4229245,0.013157751,2.412769694851632
1233.6128355347676,0.44646874,0.013505629,2.4144843284588093
1233.6227895766679,0.43074322,0.013273118,2.415956212821898
1233.632743618568,0.44159654,0.013437748,2.4172156148760147
1233.6426976604682,0.43111092,0.013281443,2.4183016331289635
1233.6526517023685,0.4531026,0.013604381,2.4192841848851256
1233.6626057442688,0.44744357,0.013524715,2.420204116811769
1233.672559786169,0.40639392,0.012906108,2.421092887314787
1233.6825138280692,0.4410472,0.013429804,2.4219731346973075
1233.6924678699695,0.4009072,0.012805365,2.422860326564939
1233.7024219118698,0.41625366,0.015454411,2.4237596839474964
1233.7123759537699,0.41416854,0.015419615,2.4246697113599516
1233.7223299956702,0.43191406,0.015737971,2.4255836755028177
1233.7322840375705,0.42652857,0.015639082,2.4264899271705933
1233.7422380794706,0.3910975,0.015000488,2.427377029833236
1233.7521921213709,0.40865102,0.015319481,2.428238646708917
1233.7621461632712,0.41100043,0.015367655,2.4290724629470346
1233.7721002051712,0.40924993,0.015332961,2.4298802184922264
1233.7820542470715,0.42001888,0.015523612,2.4306651201797442
1233.7920082889718,0.4260577,0.015631558,2.4314392571931394
1233.8019623308721,0.4674883,0.016351428,2.4322147043698723
1233.8119163727722,0.4444423,0.015952911,2.4330061722836684
1233.8218704146725,0.43797073,0.015840378,2.4338314394258758
1233.8318244565728,0.44771543,0.01601446,2.434714992116963
1233.841778498473,0.43535602,0.015801944,2.4356646005791114
1233.8517325403732,0.40995067,0.015347132,2.4366880989965267
1233.8616865822735,0.39218003,0.015023734,2.4377877115164512
1233.8716406241738,0.44149068,0.015903804,2.4389637643582986
1233.8815946660739,0.44613853,0.015987873,2.4402114897917446
1233.8915487079742,0.3778252,0.014755706,2.441514946454526
1233.9015027498745,0.41252017,0.01539517,2.442864945699608
1233.9114567917745,0.40294194,0.015220779,2.4442532232653855
1233.9214108336748,0.41101012,0.015368045,2.4456759738408262
1233.9313648755751,0.40620002,0.015283107,2.4471297214424097
1233.9413189174754,0.40295872,0.015225377,2.4486139824602957
1233.9512729593755,0.42711088,0.01565679,2.4501334321651487
1233.9612270012758,0.3901451,0.014988211,2.451695575173735
1233.971181043176,0.42815286,0.015676549,2.453317562809339
1233.9811350850764,0.42564547,0.015632283,2.4550072985702105
1233.9910891269765,0.39873898,0.01514646,2.4567704753812922
1234.0010431688768,0.39486712,0.0150755225,2.458607184416739
1234.010997210777,0.3986796,0.0151492385,2.4605079866175776
1234.0209512526772,0.3910682,0.015005233,2.4624611806611973
1234.0309052945775,0.41266418,0.015403038,2.464442153007632
1234.0408593364778,0.42023408,0.015540338,2.4664392497110654
1234.050813378378,0.4175421,0.015489961,2.468443283340458
1234.0607674202781,0.3998408,0.015170019,2.4704452194203856
1234.0707214621784,0.36907694,0.014592594,2.4724333885137515
1234.0806755040787,0.39221194,0.015032997,2.4743984230352223
1234.0906295459788,0.3883924,0.014957514,2.4763301345353868
1234.100583587879,0.41161725,0.015387422,2.478217519891772
1234.1105376297794,0.40467635,0.015260954,2.480042914716613
1234.1204916716797,0.4143172,0.015435677,2.4817847137797138
1234.1304457135798,0.4014718,0.015204171,2.483426806421615
1234.14039975548,0.3944032,0.015073242,2.484947574980788
1234.1503537973804,0.39492282,0.015083084,2.4863315763065006
1234.1603078392804,0.40842396,0.0153327,2.487564314426604
1234.1702618811807,0.37509358,0.014715305,2.4886674300034732
1234.180215923081,0.39217636,0.015033958,2.489669484699525
1234.1901699649814,0.35946044,0.014416995,2.490591524321342
1234.2001240068814,0.40395263,0.015249399,2.4914519358365594
1234.2100780487817,0.3686341,0.014591871,2.492264069845411
1234.220032090682,0.39964098,0.015166395,2.4930531814620904
1234.2299861325823,0.35099,0.014250247,2.4938403817652675
1234.2399401744824,0.38352156,0.014872077,2.494646408412284
1234.2498942163827,0.3691675,0.014604626,2.4954908138646283
1234.259848258283,0.38621876,0.0149224335,2.4963960767797073
1234.269802300183,0.37719736,0.014754439,2.4973626203031847
1234.2797563420834,0.3702038,0.014622649,2.4983912472294194
1234.2897103839837,0.35464302,0.014328783,2.4994790077980764
1234.2996644258837,0.38728258,0.014944991,2.5006223279688427
1234.309618467784,0.34230164,0.014084162,2.501815513415835
1234.3195725096843,0.39160016,0.015028699,2.503044200930274
1234.3295265515846,0.387509,0.014952988,2.5042985596117715
1234.3394805934847,0.39123,0.015020509,2.5055685167950204
1234.349434635385,0.36763355,0.014578429,2.506844447019266
1234.3593886772853,0.37721696,0.014763796,2.508117093369429
1234.3693427191856,0.3852581,0.014910199,2.5093805669295746
1234.3792967610857,0.37670097,0.014748098,2.5106309733104255
1234.389250802986,0.35951868,0.014423227,2.511865383352634
1234.3992048448863,0.407295,0.01531689,2.513079042625569
1234.4091588867864,0.35475028,0.014329022,2.5142705027649583
1234.4191129286867,0.35885182,0.014407572,2.515439338684651
1234.429066970587,0.37718216,0.014759405,2.5165863951166454
1234.439021012487,0.37023422,0.014629436,2.5177153679447537
1234.4489750543873,0.35084257,0.01425625,2.5188326944825628
1234.4589290962876,0.3561309,0.014356785,2.519950570969427
1234.468883138188,0.32657862,0.013769814,2.521079914244464
1234.478837180088,0.34910685,0.014222799,2.5222311836522406
1234.4887912219883,0.35401183,0.014316104,2.523414326659269
1234.4987452638886,0.39220807,0.015039166,2.524642252448534
1234.508699305789,0.35045806,0.014247476,2.5259165864764106
1234.518653347689,0.37180674,0.014660409,2.5272421532579057
1234.5286073895893,0.36543298,0.014540943,2.5286225356278043
1234.5385614314896,0.37667218,0.014752861,2.530061912738769
1234.5485154733897,0.35678443,0.01437122,2.531560265751098
1234.55846951529,0.35735035,0.014387483,2.533104409218099
1234.5684235571903,0.35725677,0.01438277,2.534681787992584
1234.5783775990903,0.34927332,0.01422922,2.5362758680150543
1234.5883316409906,0.34270385,0.014096812,2.5378665300883303
1234.598285682891,0.3664364,0.014561088,2.53943222270572
1234.6082397247912,0.3503747,0.014249121,2.5409562989135983
1234.6181937666913,0.3379371,0.014004694,2.542422891506387
1234.6281478085916,0.32928184,0.013833915,2.543818092720081
1234.638101850492,0.35343164,0.0143103115,2.5451216186663137
1234.6480558923922,0.36276028,0.014495266,2.5463351216371666
1234.6580099342923,0.3438812,0.014124644,2.547467500763027
1234.6679639761926,0.3325724,0.013902359,2.548532192246909
1234.677918018093,0.35183415,0.014281717,2.5495481746378466
1234.687872059993,0.33365843,0.0139217535,2.550536379919283
1234.6978261018933,0.3287902,0.013826414,2.5515227475542934
1234.7077801437936,0.3621252,0.014484881,2.552522862242964
1234.7177341856939,0.32885692,0.013826397,2.553547398815099
1234.727688227594,0.34005627,0.014052159,2.5546032482540713
1234.7376422694942,0.32339612,0.013716235,2.555696360518502
1234.7475963113945,0.3394915,0.014040964,2.5568223390144427
1234.7575503532948,0.31104055,0.013462881,2.557979670739486
1234.767504395195,0.3341291,0.013939489,2.559166665282941
1234.7774584370952,0.31902483,0.013628395,2.5603833926159165
1234.7874124789955,0.31583372,0.0135645,2.5616302248708807
1234.7973665208956,0.33189893,0.0138880685,2.5629042321168303
1234.807320562796,0.3104816,0.013447974,2.564204853799529
1234.8172746046962,0.301319,0.013259895,2.5655300141445823
1234.8272286465963,0.3330044,0.013915072,2.566874998248196
1234.8371826884966,0.31153345,0.013475317,2.5682245074513492
1234.8471367303969,0.29691413,0.013165326,2.5695536851347613
1234.8570907722972,0.31526533,0.013554119,2.570828462661004
1234.8670448141972,0.32063198,0.0136628905,2.572005125998795
1234.8769988560975,0.3153587,0.013902996,2.5730115198149814
1234.8869528979978,0.31481925,0.014407645,2.5738031439207845
1234.8969069398981,0.31852207,0.014552803,2.574350173208844
1234.9068609817982,0.31137073,0.014348216,2.5746365119694192
1234.9168150236985,0.32028353,0.014649504,2.5746689040366713
1234.9267690655988,0.31184727,0.0147995595,2.574452659581364
1234.936723107499,0.3117263,0.014920389,2.5740770163529443
1234.9466771493992,0.31882623,0.01515415,2.5736111107517017
1234.9566311912995,0.31668746,0.015585594,2.573125382339777
1234.9665852331996,0.31051695,0.015843337,2.572683932666189
1234.9765392750999,0.33423114,0.016494099,2.572343472215364
1234.9864933170002,0.32245517,0.016347714,2.5721118525439177
1234.9964473589005,0.3334533,0.016872002,2.5719846248086475
1235.0064014008005,0.29873815,0.0156179825,2.5719438617053285
1235.0163554427008,0.27364507,0.0147022,2.5719674329563236
1235.0263094846011,0.29115793,0.015300529,2.5720303894412533
1235.0362635265014,0.2891456,0.01533118,2.5721105615903963
1235.0462175684015,0.2629305,0.0143677285,2.5721978889287045
1235.0561716103018,0.26946196,0.014437942,2.5722894317736813
1235.0661256522021,0.29333547,0.015181605,2.5723906735530653
1235.0760796941022,0.29368418,0.015413402,2.572513978385312
1235.0860337360025,0.26164797,0.014179127,2.5726729721181476
1235.0959877779028,0.2568614,0.014029095,2.5728818434326315
1235.1059418198029,0.29622233,0.015135704,2.573151683677256
1235.1158958617032,0.2534456,0.013912202,2.5734969552148126
1235.1258499036035,0.2602945,0.014087504,2.573915634342094
1235.1358039455038,0.23251034,0.013233162,2.5744035135344907
1235.1457579874038,0.25585487,0.0139145125,2.5749567087708067
1235.1557120293041,0.25186646,0.013923287,2.5755696567504516
1235.1656660712044,0.2549847,0.013747814,2.576242116578704
1235.1756201131047,0.24576205,0.013671804,2.5769601686660115
1235.1855741550048,0.26353106,0.014466027,2.5777175961219445
1235.1955281969051,0.21626662,0.012915829,2.5785101830519443
1235.2054822388054,0.23191932,0.0133959055,2.5793360250665467
1235.2154362807055,0.23274344,0.013433738,2.5801980380748493
1235.2253903226058,0.23347436,0.013335142,2.581092836409616
1235.235344364506,0.23940308,0.013305009,2.5820217449866627
1235.2452984064062,0.21358314,0.012592929,2.5829862206425536
1235.2552524483065,0.20657264,0.012493,2.5839892875545143
1235.2652064902068,0.23491079,0.013088233,2.5850343617645857
1235.275160532107,0.21423692,0.012766048,2.5861185128417756
1235.2851145740071,0.19448629,0.012218234,2.58724222669768
1235.2950686159074,0.20515889,0.01254748,2.5884055243592283
1235.3050226578077,0.20830742,0.012677856,2.589610542685041
1235.314976699708,0.1968546,0.012118403,2.590855559696584
1235.3249307416081,0.20967034,0.012037288,2.592135371102082
1235.3348847835084,0.19676611,0.0116032725,2.593447157995122
1235.3448388254087,0.21033895,0.011828188,2.594788231956788
1235.3547928673088,0.19605413,0.010817515,2.5961596466377794
1235.364746909209,0.17646483,0.010282204,2.5975603759468093
1235.3747009511094,0.1651191,0.009960591,2.5989920182677095
1235.3846549930097,0.18991008,0.010646049,2.600459603411659
1235.3946090349098,0.17059757,0.010119315,2.6019698635098307
1235.40456307681,0.1656774,0.009982481,2.6035378672191105
1235.4145171187104,0.1613423,0.0098561095,2.605166361792037
1235.4244711606107,0.18934786,0.010631111,2.606860101222198
1235.4344252025107,0.15287524,0.00960872,2.6086224725038973
1235.444379244411,0.18718003,0.010576779,2.6104544074633456
1235.4543332863113,0.18300241,0.010461726,2.612360168086153
1235.4642873282114,0.17707798,0.010301197,2.6143224409184684
1235.4742413701117,0.17597531,0.010271282,2.6163306444582246
1235.484195412012,0.18082464,0.010404511,2.618372730306428
1235.494149453912,0.15229896,0.009593739,2.620437535735132
1235.5041034958124,0.16080654,0.009843994,2.6225161136095387
1235.5140575377127,0.16730252,0.01002969,2.6246028354380653
1235.524011579613,0.14416333,0.009347253,2.626699169785921
1235.533965621513,0.17212489,0.010167309,2.628810893127676
1235.5439196634134,0.17329215,0.010201015,2.6309488872914906
1235.5538737053137,0.16303279,0.009906323,2.6331256290579512
1235.563827747214,0.16251932,0.00989483,2.6353482110397106
1235.573781789114,0.16736035,0.0100364005,2.6376243950707248
1235.5837358310143,0.15710388,0.009739927,2.6399604408596957
1235.5936898729146,0.15978014,0.009818808,2.6423675482632034
1235.6036439148147,0.1565232,0.009722467,2.6448485635023595
1235.613597956715,0.17164984,0.010156674,2.6474040467517366
1235.6235519986153,0.15553884,0.009695184,2.650038862258729
1235.6335060405154,0.15491474,0.009674801,2.652758904971944
1235.6434600824157,0.17867914,0.010354199,2.6555833722267956
1235.653414124316,0.1835667,0.010484034,2.658514861381749
1235.6633681662163,0.16154778,0.009870696,2.661560975733148
1235.6733222081164,0.15714033,0.009743244,2.6647308552939237
1235.6832762500167,0.16627456,0.0100056585,2.6680283111588023
1235.693230291917,0.1571934,0.009748451,2.6714625907465344
1235.7031843338173,0.15063198,0.009552423,2.674991408011537
1235.7131383757173,0.17488088,0.010249803,2.678572653549247
1235.7230924176176,0.17281736,0.010192702,2.682148635488474
1235.733046459518,0.16634265,0.010008358,2.6856475737973065
1235.743000501418,0.17227462,0.010178395,2.6889742212555614
1235.7529545433183,0.15827078,0.009777002,2.692079448839582
1235.7629085852186,0.17115422,0.010144389,2.6949180596123186
1235.7728626271187,0.16370322,0.009932917,2.697464834208546
1235.782816669019,0.17068714,0.010134831,2.699703685005151
1235.7927707109193,0.15827285,0.009775494,2.7016484036095414
1235.8027247528196,0.17766312,0.01032789,2.7033704819482813
1235.8126787947197,0.17398745,0.01022687,2.7049198950719906
1235.82263283662,0.1728761,0.0101946695,2.7063457590285616
1235.8325868785203,0.16751511,0.010046735,2.7076862454937745
1235.8425409204206,0.17286105,0.010197451,2.7089760119950905
1235.8524949623206,0.17989406,0.010390192,2.7102370443780015
1235.862449004221,0.17211665,0.010153386,2.7114789950506464
1235.8724030461212,0.16888252,0.010062927,2.7127076748204493
1235.8823570880213,0.16295294,0.012892508,2.7139265092628246
1235.8923111299216,0.17889354,0.013472762,2.715139727859776
1235.902265171822,0.17810915,0.013445148,2.7163504016968565
1235.9122192137222,0.18786065,0.013784475,2.7175607370249737
1235.9221732556223,0.18700935,0.013755539,2.7187725056333107
1235.9321272975226,0.20297398,0.014295028,2.719987538055613
1235.9420813394229,0.19505915,0.014030907,2.7212065856840058
1235.952035381323,0.18525933,0.013695015,2.722429967013226
1235.9619894232233,0.18964264,0.013846146,2.723657210559759
1235.9719434651236,0.18702736,0.013756552,2.7248864746140744
1235.9818975070239,0.20032875,0.014207515,2.7261130069009196
1235.991851548924,0.19683802,0.014090048,2.727330343831599
1236.0018055908242,0.20037033,0.014209507,2.728530762779291
1236.0117596327245,0.19239274,0.013940637,2.7297060591370976
1236.0217136746246,0.20125124,0.014236417,2.7308476781922852
1236.031667716525,0.21464847,0.014677546,2.731946800336412
1236.0416217584252,0.19694969,0.014094843,2.7330053264032403
1236.0515758003255,0.20219985,0.01427058,2.7340227470318403
1236.0615298422256,0.20310487,0.01430145,2.7349994625862974
1236.0714838841259,0.21376735,0.014650283,2.7359337533849137
1236.0814379260262,0.18808547,0.013797058,2.7368247737124447
1236.0913919679265,0.22878875,0.015130173,2.7376774994519426
1236.1013460098266,0.21124478,0.014568317,2.7384952750412372
1236.1113000517269,0.19608724,0.014072578,2.739284043452553
1236.1212540936272,0.18978909,0.013856469,2.7400514367776
1236.1312081355272,0.22527905,0.015017763,2.74080953766983
1236.1411621774275,0.22547151,0.015025135,2.741569017837313
1236.1511162193278,0.23701009,0.015383378,2.7423374630958377
1236.161070261228,0.22818628,0.015113321,2.743119873167427
1236.1710243031282,0.21035951,0.014544544,2.74391989573542
1236.1809783450285,0.21205483,0.0145972725,2.744735158388675
1236.1909323869288,0.2351656,0.015327289,2.7455619742338775
1236.2008864288289,0.2361668,0.015359821,2.7463968719490937
1236.2108404707292,0.23617673,0.015359543,2.7472367724454614
1236.2207945126295,0.22464314,0.015001795,2.7480799925241293
1236.2307485545298,0.20238851,0.014283371,2.748926005267969
1236.2407025964299,0.23160237,0.015216633,2.7497762906092023
1236.2506566383302,0.22464287,0.015006088,2.7506334968828066
1236.2606106802305,0.23613332,0.015360722,2.7515009083410797
1236.2705647221305,0.23443034,0.015309072,2.752383665095059
1236.2805187640308,0.21843144,0.014806036,2.753282576614934
1236.2904728059311,0.23080555,0.015195642,2.754198907514457
1236.3004268478312,0.22819765,0.015117548,2.7551328959846053
1236.3103808897315,0.25306013,0.015870241,2.7560844779243103
1236.3203349316318,0.24077518,0.015501787,2.757053557109899
1236.330288973532,0.24158478,0.0155289285,2.758036873737394
1236.3402430154322,0.2415801,0.015529803,2.7590329173602344
1236.3501970573325,0.25045508,0.015796652,2.7600398113762394
1236.3601510992328,0.24340467,0.015585925,2.761054295797442
1236.370105141133,0.2673484,0.016290167,2.7620674138768213
1236.3800591830332,0.23461553,0.0153176775,2.763064385559915
1236.3900132249335,0.24509877,0.015634919,2.764025139893488
1236.3999672668338,0.2451694,0.015637644,2.7649267632143193
1236.4099213087338,0.25494522,0.015930282,2.7657425213851745
1236.4198753506341,0.24697745,0.015694335,2.7664635895193928
1236.4298293925344,0.25582483,0.015958492,2.7670961700831516
1236.4397834344345,0.25854233,0.016039401,2.7676456130455818
1236.4497374763348,0.24878976,0.01574969,2.768119281315363
1236.459691518235,0.2496536,0.015778035,2.7685187659183894
1236.4696455601354,0.26205477,0.016145105,2.76885739344262
1236.4795996020355,0.29498836,0.0170741,2.7691448236299996
1236.4895536439358,0.2818461,0.016708251,2.769387065078694
1236.499507685836,0.27202266,0.016428629,2.7695891401707278
1236.5094617277364,0.2862203,0.016832119,2.769752016158283
1236.5194157696365,0.25785846,0.016018914,2.769887694622851
1236.5293698115368,0.27637646,0.01655539,2.770009652095597
1236.539323853437,0.27647093,0.016556839,2.770137534539088
1236.5492778953371,0.29422346,0.017053876,2.770294361590605
1236.5592319372374,0.28189537,0.016712125,2.7705079863935707
1236.5691859791377,0.26583105,0.016257621,2.7707834444859563
1236.579140021038,0.27996913,0.016654478,2.7711235687403195
1236.589094062938,0.25786066,0.016026743,2.771527103775537
1236.5990481048384,0.25771657,0.016020203,2.7719929870890185
1236.6090021467387,0.270172,0.016383912,2.7725221356041745
1236.618956188639,0.25776854,0.01602176,2.7731040441458195
1236.628910230539,0.2923566,0.017008202,2.773735373342809
1236.6388642724394,0.28186974,0.016716024,2.7744132726631654
1236.6488183143397,0.26939315,0.016360445,2.7751377154588663
1236.6587723562398,0.29067436,0.016958244,2.775908327697245
1236.66872639814,0.2952264,0.017087804,2.776719754761774
1236.6786804400404,0.28546122,0.01681791,2.7775709448148707
1236.6886344819404,0.32897067,0.017989188,2.7784612396761603
1236.6985885238407,0.30521545,0.017357403,2.7793937182711286
1236.708542565741,0.3290891,0.017994545,2.7803695532259614
1236.7184966076413,0.28565225,0.016824163,2.781388563854838
1236.7284506495414,0.29345697,0.017039973,2.7824541222304386
1236.7384046914417,0.28106597,0.016697014,2.7835700978335445
1236.748358733342,0.30053812,0.01723565,2.784746063891961
1236.7583127752423,0.2828447,0.016746018,2.785982839266705
1236.7682668171424,0.28099266,0.016693525,2.7872803214548396
1236.7782208590427,0.290759,0.016966736,2.788640432859568
1236.788174900943,0.30947593,0.01747651,2.79006478345677
1236.798128942843,0.3175774,0.017695121,2.7915627911237095
1236.8080829847434,0.3193826,0.017743688,2.793128679708462
1236.8180370266437,0.2918504,0.01700254,2.794760347926944
1236.8279910685437,0.34059864,0.01829427,2.796455660710373
1236.837945110444,0.2831034,0.016757289,2.7982106273022382
1236.8478991523443,0.29525214,0.017093936,2.8000261791200676
1236.8578531942446,0.29353297,0.017048888,2.8018867073265312
1236.8678072361447,0.2837638,0.016780637,2.803785321484149
1236.877761278045,0.3041326,0.017339727,2.8057161783976534
1236.8877153199453,0.3229224,0.01784112,2.8076746348101365
1236.8976693618456,0.31324488,0.017582702,2.8096574455893997
1236.9076234037457,0.33455974,0.018140886,2.811655957388721
1236.917577445646,0.3302242,0.018031929,2.81366330555782
1236.9275314875463,0.3426411,0.018348671,2.815671485742884
1236.9374855294463,0.31873798,0.017729905,2.81767179513183
1236.9474395713466,0.31947806,0.01775289,2.8196558561556646
1236.957393613247,0.32304618,0.017846089,2.8216212944352024
1236.967347655147,0.3337433,0.018125499,2.823567814718918
1236.9773016970473,0.31689382,0.017682085,2.825497606979184
1236.9872557389476,0.3372813,0.018216174,2.827413905187591
1236.997209780848,0.33827922,0.018243691,2.8293220535603534
1237.007163822748,0.3551427,0.018670116,2.8312280032921824
1237.0171178646483,0.31878278,0.017734522,2.8331369529423136
1237.0270719065486,0.31683782,0.017683506,2.835054430194524
1237.037025948449,0.35863328,0.018757368,2.836988372548931
1237.046979990349,0.30906606,0.017478727,2.838946024247763
1237.0569340322493,0.3479142,0.018491305,2.840932970688611
1237.0668880741496,0.32588482,0.01792353,2.842955075143593
1237.0768421160496,0.34267628,0.018358657,2.845017056101059
1237.08679615795,0.3525351,0.018609066,2.847127059244001
1237.0967501998502,0.3330383,0.018109675,2.849283678396016
1237.1067042417503,0.30450895,0.017356334,2.851485395237117
1237.1166582836506,0.34615937,0.018449293,2.8537312485180504
1237.126612325551,0.3250335,0.01790419,2.856019456910987
1237.1365663674512,0.327594,0.01797409,2.858352616741303
1237.1465204093513,0.32403135,0.017876666,2.860723229608978
1237.1564744512516,0.34805322,0.018497882,2.8631276070266387
1237.166428493152,0.34818256,0.018502003,2.8655607430471077
1237.1763825350522,0.33929676,0.018279307,2.868013554237272
1237.1863365769523,0.346351,0.01845795,2.870467310810759
1237.1962906188526,0.35083538,0.018569142,2.8728938609688344
1237.2062446607529,0.34997427,0.01855113,2.8752617420118876
1237.216198702653,0.37396225,0.019148896,2.8775369429558513
1237.2261527445532,0.34741667,0.018487522,2.8796822321871898
1237.2361067864535,0.39266384,0.019597732,2.8816522259829016
1237.2460608283538,0.36088467,0.018826557,2.883447173542551
1237.256014870254,0.3705,0.019063506,2.8850682383957196
1237.2659689121542,0.36970115,0.019045783,2.8865347873211107
1237.2759229540545,0.35813856,0.018759325,2.887876918125521
1237.2858769959548,0.35452023,0.01866932,2.8891403575749868
1237.295831037855,0.37052026,0.019066699,2.8903757833948083
1237.3057850797552,0.38128483,0.019331953,2.8916121463573754
1237.3157391216555,0.3679944,0.01900472,2.8928640279646856
1237.3256931635556,0.37685615,0.01922163,2.8941326038040023
1237.3356472054559,0.3457763,0.018446784,2.8954045948522866
1237.3456012473562,0.37676242,0.019221311,2.8966604483920575
1237.3555552892562,0.3768995,0.019223185,2.89788059926616
1237.3655093311565,0.3715867,0.019094396,2.8990496212741275
1237.3754633730568,0.35733876,0.018746668,2.900157422252624
1237.3854174149571,0.3599349,0.018812373,2.9012154987709136
1237.3953714568572,0.34479883,0.018429214,2.9022436465478196
1237.4053254987575,0.37943518,0.019289805,2.9032594496948048
1237.4152795406578,0.36628327,0.018969174,2.9042773828097332
1237.4252335825581,0.33864936,0.018271647,2.905309463561118
1237.4351876244582,0.37854674,0.019269507,2.9063610020527695
1237.4451416663585,0.35119018,0.018591566,2.907433494984412
1237.4550957082588,0.36262947,0.01888158,2.908526521401703
1237.4650497501589,0.39560893,0.019682528,2.9096383450881014
1237.4750037920592,0.40022597,0.019794226,2.9107692631609554
1237.4849578339595,0.39047542,0.019557908,2.911916597241224
1237.4949118758595,0.43584153,0.020615881,2.913080735779333
1237.5048659177598,0.40491983,0.019904308,2.9142630389008577
1237.5148199596601,0.36827886,0.019025015,2.915465052133373
1237.5247740015604,0.3600809,0.018820778,2.916690037128629
1237.5347280434605,0.37339106,0.019153694,2.9179345264202743
1237.5446820853608,0.40195355,0.019836172,2.9191972430406925
1237.5546361272611,0.3736241,0.019157412,2.9204768879177916
1237.5645901691614,0.36634704,0.01897907,2.921773032866103
1237.5745442110615,0.3707957,0.019088943,2.923087227127644
1237.5844982529618,0.37882772,0.01928406,2.924418612767699
1237.594452294862,0.36997703,0.019070126,2.9257686312849422
1237.6044063367622,0.3672637,0.019004086,2.9271388464000947
1237.6143603786625,0.3316783,0.018098574,2.928531849612999
1237.6243144205628,0.3777924,0.01925932,2.929950431781335
1237.6342684624628,0.4056321,0.019926433,2.931393397279499
1237.6442225043631,0.38262784,0.019380592,2.932861142003683
1237.6541765462634,0.39051035,0.019571442,2.934353403728573
1237.6641305881637,0.4092445,0.020014698,2.935870748166595
1237.6740846300638,0.40490088,0.01990982,2.937411816893897
1237.6840386719641,0.37996772,0.019315565,2.938973222753247
1237.6939927138644,0.38428038,0.019425115,2.9405536322362487
1237.7039467557647,0.38786423,0.019509729,2.9421522079067937
1237.7139007976648,0.3736614,0.019166347,2.9437703048468946
1237.723854839565,0.343327,0.018409142,2.945407886100395
1237.7338088814654,0.40369537,0.019886678,2.94706446426075
1237.7437629233655,0.35861528,0.018792031,2.948740524403182
1237.7537169652658,0.39581123,0.019703737,2.9504362630379006
1237.763671007166,0.3861912,0.01946981,2.9521534016862083
1237.7736250490664,0.38882715,0.0195356,2.9538897423857677
1237.7835790909664,0.37725616,0.01925874,2.955642970383277
1237.7935331328667,0.37097934,0.01910044,2.957410759943834
1237.803487174767,0.3985744,0.019772215,2.9591899492341143
1237.8134412166673,0.39245304,0.019626722,2.9609770255691013
1237.8233952585674,0.3861836,0.019476132,2.9627662678723077
1237.8333493004677,0.3674462,0.019019138,2.9645530768258883
1237.843303342368,0.42255083,0.02033259,2.9663335129205257
1237.853257384268,0.39436543,0.019672813,2.9681047131810008
1237.8632114261684,0.42806473,0.020455057,2.969863708531263
1237.8731654680687,0.4042186,0.01990724,2.9716127292698826
1237.8831195099688,0.39518416,0.019688463,2.9733542429846525
1237.893073551869,0.42900303,0.020480027,2.9750920887353134
1237.9030275937694,0.4060156,0.019947326,2.9768313961562907
1237.9129816356697,0.391666,0.019608507,2.9785797085285255
1237.9229356775697,0.40316606,0.019885967,2.980342829337193
1237.93288971947,0.36581093,0.018982574,2.982126525184662
1237.9428437613703,0.40126848,0.01983839,2.983935897478467
1237.9527978032706,0.38456446,0.019444853,2.985776387157235
1237.9627518451707,0.4058337,0.01994781,2.987654127491976
1237.972705887071,0.39886823,0.019782087,2.989568089188768
1237.9826599289713,0.40151146,0.019846654,2.991520686319755
1237.9926139708714,0.40954602,0.020039236,2.993515143333835
1238.0025680127717,0.39801583,0.01976789,2.995558120350134
1238.012522054672,0.42645463,0.020432908,2.9976544268163465
1238.022476096572,0.38831052,0.019535957,2.999795914812516
1238.0324301384724,0.42466092,0.02038812,3.001967650308308
1238.0423841803727,0.39813858,0.019772992,3.0041411367678643
1238.052338222273,0.3712818,0.019126229,3.0062681330490673
1238.062292264173,0.37917048,0.019320726,3.008289063990028
1238.0722463060733,0.39523146,0.019707713,3.010157902272211
1238.0822003479736,0.38730663,0.01951974,3.0118318065847793
1238.092154389874,0.37392318,0.019189699,3.0132784771439316
1238.102108431774,0.38905215,0.019557294,3.0144571486294547
1238.1120624736743,0.42206922,0.020334123,3.015378182986781
1238.1220165155746,0.41068247,0.020071818,3.016075161149296
1238.1319705574747,0.43019968,0.020524522,3.0165807546135266
1238.141924599375,0.4018145,0.019865874,3.0169331018975374
1238.1518786412753,0.43196517,0.020566082,3.01715845590439
1238.1618326831754,0.42322877,0.020364232,3.0172957724102756
1238.1717867250757,0.4071577,0.019991014,3.0173648467457683
1238.181740766976,0.40174282,0.019866874,3.017372899195482
1238.1916948088763,0.4061771,0.019973896,3.0173207891354092
1238.2016488507763,0.46412322,0.021287838,3.017197395157422
1238.2116028926766,0.40835115,0.020024117,3.0170049693696743
1238.221556934577,0.43121284,0.02055409,3.01674036427983
1238.2315109764772,0.42510563,0.020412972,3.016400105570216
1238.2414650183773,0.45002896,0.020977788,3.01598216564876
1238.2514190602776,0.4287793,0.020502025,3.0154749218992514
1238.261373102178,0.41975522,0.020292088,3.014890894006894
1238.271327144078,0.44377294,0.020839429,3.014231313021696
1238.2812811859783,0.44303623,0.020824563,3.013496402850686
1238.2912352278786,0.42699546,0.020461027,3.012683282734509
1238.3011892697787,0.44028366,0.020761413,3.0117788109299424
1238.311143311679,0.42344016,0.020379951,3.010787528012818
1238.3210973535793,0.44114983,0.020785494,3.009703752753489
1238.3310513954796,0.4163166,0.02021606,3.008522316929022
1238.3410054373796,0.41709143,0.02023496,3.0072355834116022
1238.35095947928,0.40374509,0.019920643,3.0058332913480776
1238.3609135211802,0.4144026,0.020170093,3.0043266115921736
1238.3708675630805,0.38593107,0.019498996,3.0027161463151275
1238.3808216049806,0.42053485,0.020317355,3.001002801130491
1238.390775646881,0.39627302,0.019711146,2.9991824448621913
1238.4007296887812,0.40290177,0.019847486,2.997252336274951
1238.4106837306813,0.4074112,0.019953638,2.9952227978087884
1238.4206377725816,0.4553882,0.030210804,2.993093961771439
1238.4305918144819,0.4327096,0.029566169,2.9908649817840995
1238.4405458563822,0.4503606,0.030127633,2.9885266535423574
1238.4504998982823,0.43978742,0.029793354,2.9860748301655056
1238.4604539401826,0.43439528,0.029621797,2.9835139387809164
1238.4704079820829,0.43081146,0.029507376,2.980840636085852
1238.4803620239832,0.44680893,0.0300183,2.97805198319014
1238.4903160658832,0.42378655,0.029282054,2.975135429186489
1238.5002701077835,0.41833273,0.02910555,2.9720927038272373
1238.5102241496838,0.40230978,0.028578283,2.9689302653229905
1238.520178191584,0.45915818,0.030409953,2.9656475960015007
1238.5301322334842,0.4398933,0.029802743,2.962243945202758
1238.5400862753845,0.37929824,0.02780196,2.9587056742396474
1238.5500403172846,0.39676318,0.02839547,2.955038834187059
1238.5599943591849,0.43779844,0.029738856,2.951247056107019
1238.5699484010852,0.42557913,0.029346459,2.947328514513631
1238.5799024429855,0.40770188,0.028761342,2.943281149179838
1238.5898564848856,0.3702438,0.027492851,2.9390867100978966
1238.5998105267859,0.36647046,0.027361987,2.9347548084394486
1238.6097645686862,0.42876256,0.029452525,2.9302862919211394
1238.6197186105865,0.37037414,0.027499128,2.9256784526764097
1238.6296726524865,0.3771735,0.027735265,2.920928286421031
1238.6396266943868,0.40572217,0.028701331,2.916011974687015
1238.6495807362871,0.443251,0.029919282,2.9109434921956274
1238.6595347781872,0.41498247,0.029007364,2.9057195927735426
1238.6694888200875,0.44509655,0.02997935,2.9003355648987026
1238.6794428619878,0.37945965,0.027818948,2.8947853060333197
1238.6893969038879,0.43602931,0.029692814,2.8890396673378107
1238.6993509457882,0.4043162,0.02865894,2.883113715669441
1238.7093049876885,0.45219943,0.030207083,2.8769963171678206
1238.7192590295888,0.40266383,0.028606165,2.8706718122084878
1238.7292130714889,0.39346465,0.028298026,2.864115039277269
1238.7391671133892,0.43079516,0.029528169,2.857279993099133
1238.7491211552895,0.4221228,0.029248372,2.8501842919694456
1238.7590751971898,0.37936294,0.02782086,2.8428277421656256
1238.7690292390898,0.42541146,0.029357027,2.8352179514193976
1238.7789832809901,0.42035976,0.029194063,2.827357536651321
1238.7889373228904,0.41500372,0.029019859,2.819246591101355
1238.7988913647905,0.38828152,0.028129188,2.8109239448139394
1238.8088454066908,0.39527434,0.028366733,2.8024031086699877
1238.818799448591,0.4131184,0.02896071,2.793697489478645
1238.8287534904912,0.4239623,0.029317588,2.7848122932290282
1238.8387075323915,0.4151368,0.029030502,2.7757602050332926
1238.8486615742918,0.43110493,0.029549971,2.766575327051784
1238.858615616192,0.39380825,0.028322235,2.757281230394716
1238.8685696580922,0.3900534,0.02819662,2.7479063251391316
1238.8785236999925,0.38647023,0.02807548,2.738479964716417
1238.8884777418928,0.45234618,0.030229246,2.7290324429447907
1238.898431783793,0.42068127,0.029216293,2.7195809580689225
1238.9083858256931,0.45433682,0.030293357,2.710130042623705
1238.9183398675934,0.3868815,0.028092954,2.700678670797969
1238.9282939094937,0.3562241,0.027029762,2.6912221713132576
1238.9382479513938,0.45574355,0.030338915,2.681754345956138
1238.948201993294,0.44387215,0.029965714,2.6722691633313813
1238.9581560351944,0.44203213,0.029908167,2.662759643163864
1238.9681100770947,0.4046317,0.02869276,2.6532180913464907
1238.9780641189948,0.44539878,0.030017097,2.6436307010197084
1238.988018160895,0.42782226,0.029454822,2.6339887343556456
1238.9979722027954,0.4366243,0.029738566,2.6242835720197144
1239.0079262446955,0.39927834,0.028516864,2.6145039901559257
1239.0178802865958,0.39196637,0.028272355,2.6046389323433927
1239.027834328496,0.3990712,0.028512571,2.5946676305566294
1239.0377883703964,0.44187078,0.029910317,2.5845940024312415
1239.0477424122964,0.44921935,0.03014312,2.574422642282316
1239.0576964541967,0.3958351,0.028405484,2.564158537635354
1239.067650496097,0.42938727,0.029511876,2.5538083762329347
1239.077604537997,0.40463278,0.028700883,2.5433708184790564
1239.0875585798974,0.4757549,0.03097207,2.5328651325089533
1239.0975126217977,0.4352041,0.02970114,2.5223026473227907
1239.107466663698,0.39578265,0.028407294,2.5116952542781195
1239.117420705598,0.47574717,0.03097486,2.5010568273715705
1239.1273747474984,0.41565454,0.029069928,2.4904040020289067
1239.1373287893987,0.42601424,0.029409025,2.4797602108993577
1239.147282831299,0.42965126,0.029527644,2.4691480101505205
1239.157236873199,0.45282382,0.030266322,2.4585945639883273
1239.1671909150994,0.47790763,0.0310455,2.4481357184494357
1239.1771449569997,0.4655883,0.030666675,2.437836260989129
1239.1870989988997,0.5314358,0.03264248,2.4277391458811164
1239.1970530408,0.48195145,0.031171702,2.417914289621002
1239.2070070827003,0.44246277,0.0299423,2.4084503360910396
1239.2169611246004,0.46897268,0.030774519,2.399474884303251
1239.2269151665007,0.4210438,0.029254407,2.391188740263087
1239.236869208401,0.45999005,0.030498141,2.383680992622352
1239.2468232503013,0.4370559,0.02977384,2.3771026657610923
1239.2567772922014,0.49215582,0.031486385,2.371592426381203
1239.2667313341017,0.40519786,0.028736532,2.367306206302435
1239.276685376002,0.4225206,0.029307274,2.3643596998787375
1239.2866394179023,0.39769858,0.028487949,2.362617865730282
1239.2965934598024,0.44032857,0.029883312,2.3620335097956517
1239.3065475017027,0.40317512,0.028673138,2.362549189471657
1239.316501543603,0.47959727,0.031111658,2.3641693012283143
1239.326455585503,0.40698978,0.028801922,2.3668668420888066
1239.3364096274033,0.48856223,0.03138668,2.370515037309432
1239.3463636693036,0.44983077,0.030189835,2.3750817313239487
1239.3563177112037,0.50485736,0.031877775,2.380538558365295
1239.366271753104,0.48201472,0.031189924,2.3869204640695365
1239.3762257950043,0.44802946,0.030135263,2.394197949812934
1239.3861798369046,0.41753376,0.02915397,2.4022859490148107
1239.3961338788047,0.38172403,0.027955085,2.4111618057453708
1239.406087920705,0.43678626,0.029779702,2.4208031261709664
1239.4160419626053,0.4371159,0.029791204,2.4312500252103897
1239.4259960045056,0.4602695,0.030523323,2.4424555171278834
1239.4359500464057,0.44616055,0.030080533,2.454353868571011
1239.445904088306,0.41757715,0.029160347,2.4669211954522328
1239.4558581302063,0.41742802,0.029156478,2.4801318101583503
1239.4658121721063,0.42099684,0.029273871,2.494016625889249
1239.4757662140066,0.49231815,0.031511646,2.5085075484415063
1239.485720255907,0.46600863,0.03070762,2.5235482562108467
1239.495674297807,0.40882117,0.028875964,2.539111676137037
1239.5056283397073,0.41560954,0.029099971,2.555174017179571
1239.5155823816076,0.44597897,0.030081544,2.57176854567506
1239.525536423508,0.46045378,0.030538809,2.588839497048489
1239.535490465408,0.41419026,0.029057074,2.606361362316048
1239.5454445073083,0.42819223,0.029514851,2.6243245324169964
1239.5553985492086,0.42648527,0.029459883,2.642716466706405
1239.5653525911089,0.4674764,0.030759614,2.661564720736802
1239.575306633009,0.45348474,0.030324427,2.680788089980741
1239.5852606749093,0.48729184,0.03136998,2.7003388443223995
1239.5952147168096,0.45004925,0.030217798,2.7201757134250295
1239.6051687587096,0.49978763,0.031749118,2.7402604732885605
1239.61512280061,0.45015612,0.030223384,2.7605843705162583
1239.6250768425102,0.4677024,0.030772874,2.7810850153478075
1239.6350308844105,0.46067634,0.030555028,2.8017342920019015
1239.6449849263106,0.41961604,0.029243512,2.822507103603124
1239.654938968211,0.45508313,0.030382002,2.8433800986166666
1239.6648930101112,0.47667474,0.031052647,2.864335773644669
1239.6748470520115,0.5410145,0.032966495,2.8853378179965246
1239.6848010939116,0.4361749,0.02978372,2.9063637824017956
1239.6947551358119,0.46412235,0.03066778,2.9273947374004163
1239.7047091777122,0.49996078,0.031762857,2.9484183103560233
1239.7146632196122,0.50910616,0.03203707,2.969431641507182
1239.7246172615125,0.5056069,0.031933993,2.990442645497488
1239.7345713034128,0.54128444,0.032980945,3.011457420713072
1239.744525345313,0.52365357,0.0324693,3.032476457030201
1239.7544793872132,0.5146461,0.03220523,3.0534932443207685
1239.7644334291135,0.5092469,0.032045927,3.0744926578130256
1239.7743874710138,0.5484579,0.03318995,3.0954578854701573
1239.784341512914,0.5005314,0.031787284,3.116368271259054
1239.7942955548142,0.4681516,0.03080142,3.137200439771602
1239.8042495967145,0.4590424,0.030518143,3.1579231652159376
1239.8142036386148,0.4893414,0.03145253,3.178498969441347
1239.8241576805149,0.4787925,0.031131007,3.1989119565639808
1239.8341117224152,0.49656385,0.031671047,3.2191352433060003
1239.8440657643155,0.5270085,0.03257469,3.2391407262706235
1239.8540198062155,0.46473017,0.030698363,3.2588810300710502
1239.8639738481158,0.4536741,0.030353129,3.278308066321986
1239.8739278900161,0.51429194,0.032203205,3.2974079821330102
1239.8838819319162,0.47718218,0.031085964,3.3161455275564244
1239.8938359738165,0.5412413,0.032992866,3.3344862841538925
1239.9037900157168,0.4934205,0.031582344,3.352362758682676
1239.9137440576171,0.4753309,0.031032486,3.369731108018984
1239.9236980995172,0.5037949,0.031896595,3.386586257690505
1239.9336521414175,0.54145676,0.033003274,3.4028886648453387
1239.9436061833178,0.51670223,0.032282196,3.4185970160918684
1239.953560225218,0.54690546,0.03316186,3.433612599399527
1239.9635142671182,0.52388686,0.032495167,3.4478974967370393
1239.9734683090185,0.54695517,0.033164755,3.4614478712555625
1239.9834223509188,0.57210284,0.0338796,3.4742187545497383
1239.9933763928188,0.58297396,0.034184307,3.486163483240323
1240.0033304347191,0.5420008,0.033025876,3.4971466955188646
1240.0132844766194,0.54176825,0.033019867,3.5071488692199826
1240.0232385185195,0.52750504,0.03260697,3.516164229341619
1240.0331925604198,0.5881035,0.034329977,3.5241439721433183
1240.0431466023201,0.5206603,0.032408357,3.5310462739077977
1240.0531006442204,0.52386284,0.032503657,3.5367293806147324
1240.0630546861205,0.534585,0.032816824,3.541274372993802
1240.0730087280208,0.5757372,0.033990864,3.5447694166030046
1240.082962769921,0.4706517,0.0309041,3.5473028385856327
1240.0929168118214,0.557544,0.033479873,3.5490089170375976
1240.1028708537215,0.5169911,0.03230606,3.5499965266572526
1240.1128248956218,0.57746714,0.034043077,3.5505149256464272
1240.122778937522,0.55997676,0.033551738,3.5507228921168643
1240.1327329794221,0.49739736,0.031724848,3.550727701025102
1240.1426870213224,0.5166664,0.032299582,3.5506049032746105
1240.1526410632227,0.51145107,0.032146584,3.550403710036572
1240.1625951051228,0.547116,0.033187706,3.550172261204408
1240.1725491470231,0.6080725,0.03489311,3.549933581217286
1240.1825031889234,0.5245091,0.032534648,3.549700494060786
1240.1924572308237,0.5615481,0.033603296,3.549479049346435
1240.2024112727238,0.5456864,0.033151075,3.549273292018619
1240.212365314624,0.5116795,0.032158855,3.549082633488861
1240.2223193565244,0.55615103,0.03345276,3.548908877552085
1240.2322733984247,0.5474956,0.03320644,3.5487545746401024
1240.2422274403248,0.6081637,0.034902606,3.548621975406143
1240.252181482225,0.53349245,0.032802768,3.548512503793093
1240.2621355241254,0.58309585,0.034214467,3.5484143288190593
1240.2720895660254,0.50657374,0.032011565,3.5483083394433157
1240.2820436079257,0.5097018,0.03210528,3.5481614863496134
1240.291997649826,0.516893,0.032319847,3.547923727316009
1240.3019516917263,0.5062176,0.032003414,3.547512689109084
1240.3119057336264,0.52223843,0.03247879,3.546884363114769
1240.3218597755267,0.46696377,0.030809425,3.5459935590694305
1240.331813817427,0.5327494,0.032787994,3.544812291044968
1240.3417678593273,0.5367252,0.03290478,3.5433233504317894
1240.3517219012274,0.49565572,0.03169066,3.5415176305305924
1240.3616759431277,0.52221507,0.032482237,3.5394684893518784
1240.371629985028,0.5438083,0.033111338,3.5372308581958305
1240.381584026928,0.5332354,0.032806482,3.5348723381526863
1240.3915380688284,0.48315582,0.03131418,3.532468329134786
1240.4014921107287,0.51504064,0.032274257,3.5301032767249696
1240.4114461526287,0.5027556,0.031910013,3.5278358341875675
1240.421400194529,0.45803025,0.030539535,3.5257017197728024
1240.4313542364293,0.45778912,0.03053302,3.523717535468434
1240.4413082783296,0.4774456,0.031144472,3.5218909326328802
1240.4512623202297,0.46687454,0.030819278,3.5202178843350147
1240.46121636213,0.46860337,0.030873677,3.5186720454817326
1240.4711704040303,0.47756678,0.03115177,3.5172426998513178
1240.4811244459306,0.47047642,0.030933674,3.5159214045540645
1240.4910784878307,0.48295537,0.031318698,3.514707674298557
1240.501032529731,0.5098783,0.03213285,3.5135995682648824
1240.5109865716313,0.52255297,0.032508723,3.512586048377899
1240.5209406135314,0.5190506,0.032406166,3.5116654576557056
1240.5308946554317,0.46542436,0.030781843,3.5108365392482668
1240.540848697332,0.52589774,0.032609522,3.5101044163560817
1240.550802739232,0.47268063,0.031010224,3.5094689980106217
1240.5607567811323,0.47952065,0.031221477,3.508923048844793
1240.5707108230326,0.5046084,0.031983078,3.508466398273592
1240.580664864933,0.49582127,0.031719737,3.508098914001444
1240.590618906833,0.48863834,0.031503234,3.507827070331393
1240.6005729487333,0.48681876,0.031448703,3.5076485777701634
1240.6105269906336,0.46536374,0.03078838,3.507555285347439
1240.620481032534,0.47956774,0.031229101,3.5075434927313522
1240.630435074434,0.5815792,0.034211785,3.5076079134867113
1240.6403891163343,0.48029,0.031254094,3.5077472773234484
1240.6503431582346,0.5422627,0.033097986,3.507951179148058
1240.6602972001347,0.5337211,0.032852057,3.508209918376141
1240.670251242035,0.54261136,0.03311044,3.5085198863966056
1240.6802052839353,0.61063665,0.035017937,3.508880274848943
1240.6901593258353,0.53235745,0.032815147,3.50929858815494
1240.7001133677356,0.5783973,0.034130037,3.5097774876277574
1240.710067409636,0.5876322,0.034388676,3.510320171888817
1240.7200214515362,0.59305376,0.034539565,3.510932310402069
1240.7299754934363,0.5269375,0.032660563,3.5116190085883376
1240.7399295353366,0.6195841,0.0352672,3.5123933990720975
1240.749883577237,0.6022431,0.034796085,3.513254044873618
1240.7598376191372,0.5234895,0.03256344,3.5142002021031695
1240.7697916610373,0.5605831,0.03363567,3.5152330540680587
1240.7797457029376,0.6287744,0.035518732,3.5163527344352223
1240.789699744838,0.5934262,0.034558088,3.5175684799742024
1240.799653786738,0.5825062,0.0342562,3.518872297158847
1240.8096078286383,0.5609904,0.03365166,3.5202622054849764
1240.8195618705386,0.5322865,0.032827303,3.5217404536986283
1240.8295159124389,0.5482445,0.033290535,3.5233114222182405
1240.839469954339,0.5108347,0.032199007,3.524994626054397
1240.8494239962392,0.53744954,0.03298178,3.5267880211429388
1240.8593780381395,0.5447871,0.033195443,3.528695778411318
1240.8693320800396,0.519799,0.0324677,3.5307209510097013
1240.87928612194,0.51967937,0.0324655,3.532861240952786
1240.8892401638402,0.48570165,0.03144666,3.5351196096554816
1240.8991942057405,0.5188997,0.032362003,3.537463959901609
1240.9091482476406,0.50337327,0.031794958,3.5398691052851725
1240.919102289541,0.49438322,0.031525414,3.542305993035744
1240.9290563314412,,,3.5447429588374595
1240.9390103733413,,,3.54714219675692
1240.9489644152416,,,3.5494829966793797
1240.9589184571419,,,3.5517526043624024
1240.9688724990422,,,3.553948672722875
1240.9788265409422,,,3.5560790268470632
1240.9887805828425,,,3.5581572190881494
1240.9987346247428,,,3.5602153003479904
1241.0086886666431,,,3.562276946434689
1241.0186427085432,,,3.564363204814888
1241.0285967504435,,,3.566491619402635
1241.0385507923438,,,3.5686816609185157
1241.0485048342439,,,3.5709356084719635
1241.0584588761442,,,3.57326113496817
1241.0684129180445,,,3.575667107657365
1241.0783669599446,,,3.578166982271515
1241.0883210018449,,,3.580787128401335
1241.0982750437452,,,3.5835304391611627
1241.1082290856455,,,3.586407810023349
1241.1181831275455,,,3.5894208939836965
1241.1281371694458,,,3.5925572478720924
1241.1380912113461,,,3.5957796265300934
1241.1480452532464,,,3.5990145502320647
1241.1579992951465,,,3.6021919826253437
1241.1679533370468,,,3.6052415683151993
1241.177907378947,,,3.608088732952025
1241.1878614208472,,,3.6106553382133164
1241.1978154627475,,,3.6129302334709683
1241.2077695046478,,,3.614898891306094
1241.2177235465479,,,3.616566959444191
1241.2276775884482,,,3.617949317525058
1241.2376316303485,,,3.6190846900525635
1241.2475856722488,,,3.620053354849916
1241.2575397141488,,,3.6209064040971013
1241.2674937560491,,,3.6216853578517867
1241.2774477979494,,,3.6224179594233856
1241.2874018398497,,,3.623121597451761
1241.2973558817498,,,3.6238067412539205
1241.30730992365,,,3.6244766614885626
1241.3172639655504,,,3.6251332913570926
1241.3272180074505,,,3.625777869901438
1241.3371720493508,,,3.6264128013526435
1241.347126091251,,,3.62704153578
1241.3570801331512,,,3.627666225034248
1241.3670341750515,,,3.628288249228933
1241.3769882169518,,,3.628907749445692
1241.386942258852,,,3.6295238274547375
1241.3968963007521,,,3.6301356040289043
1241.4068503426524,,,3.6307426373593703
1241.4168043845527,,,3.6313457274159946
1241.426758426453,,,3.631947351430715
1241.436712468353,,,3.6325520203189927
1241.4466665102534,,,3.633164318856036
1241.4566205521537,,,3.633788532637013
1241.4665745940538,,,3.6344280320383575
1241.476528635954,,,3.6350862712636425
1241.4864826778544,,,3.635763489795835
1241.4964367197547,,,3.636457862283762
1241.5063907616548,,,3.637168141380279
1241.516344803555,,,3.6378927615413943
1241.5262988454554,,,3.6386306710361964
1241.5362528873557,,,3.6393786482153554
1241.5462069292557,,,3.6401328059659264
1241.556160971156,,,3.6408894157467757
1241.5661150130563,,,3.641644704684783
1241.5760690549564,,,3.64239479016313
1241.5860230968567,,,3.6431378083451254
1241.595977138757,,,3.6438739508837843
1241.605931180657,,,3.644604453183649
1241.6158852225574,,,3.6453313613156677
1241.6258392644577,,,3.6460565961075257
1241.635793306358,,,3.6467811724292263
1241.645747348258,,,3.647504186799903
1241.6557013901584,,,3.648223093447752
1241.6656554320587,,,3.6489342129021396
1241.675609473959,,,3.6496318801218477
1241.685563515859,,,3.650313481764984
1241.6955175577593,,,3.6509786302277254
1241.7054715996596,,,3.651628651096242
1241.7154256415597,,,3.6522668397029223
1241.72537968346,,,3.6528976684176593
1241.7353337253603,,,3.6535276922875335
1241.7452877672604,,,3.6541618802484326
1241.7552418091607,,,3.6548039790280407
1241.765195851061,,,3.6554565224189046
1241.7751498929613,,,3.656122204813556
1241.7851039348614,,,3.6567999851799913
1241.7950579767617,,,3.6574884918891284
1241.805012018662,,,3.6581857128615862
1241.8149660605623,,,3.658888495662866
1241.8249201024623,,,3.6595914428557865
1241.8348741443626,,,3.6602865182060595
1241.844828186263,,,3.6609643193825026
1241.854782228163,,,3.6616137466164487
1241.8647362700633,,,3.662223248535759
1241.8746903119636,,,3.6627752837245415
1241.8846443538637,,,3.6632686528333744
1241.894598395764,,,3.6637040029153987
1241.9045524376643,,,3.6640874290778345
1241.9145064795646,,,3.6644301420521326
1241.9244605214647,,,3.664745268898991
1241.934414563365,,,3.6650528415135306
1241.9443686052653,,,3.6653651639473033
1241.9543226471656,,,3.6656895671203724
1241.9642766890656,,,3.666027829838977
1241.974230730966,,,3.6663768601101587
1241.9841847728662,,,3.666726898071885
1241.9941388147663,,,3.667069209903751
1242.0040928566666,,,3.6673964054590558
1242.014046898567,,,3.667704002005154
1242.024000940467,,,3.6679884861663066
1242.0339549823673,,,3.6682561167285805
1242.0439090242676,,,3.6685121754065557
1242.0538630661679,,,3.6687624162449453
1242.063817108068,,,3.6690117467391428
1242.0737711499683,,,3.669263980370488
1242.0837251918686,,,3.6695199817438358
1242.0936792337689,,,3.6697788177909048
1242.103633275669,,,3.6700381700720053
1242.1135873175692,,,3.670294775997977
1242.1235413594695,,,3.670543792261021
1242.1334954013696,,,3.670782461187432
1242.14344944327,,,3.671007874925753
1242.1534034851702,,,3.671217387246159
1242.1633575270705,,,3.671408029819995
1242.1733115689706,,,3.671573664972156
1242.1832656108709,,,3.671713028988032
1242.1932196527712,,,3.6718213619011406
1242.2031736946715,,,3.6718926567869135
1242.2131277365716,,,3.6719188428770275
1242.2230817784719,,,3.6718852857129414
1242.2330358203722,,,3.671790600526627
1242.2429898622722,,,3.671629133146423
1242.2529439041725,,,3.6713974122762822
1242.2628979460728,,,3.6710927046577977
1242.272851987973,,,3.67070860555092
1242.2828060298732,,,3.6702554671293286
1242.2927600717735,,,3.669734461904513
1242.3027141136738,,,3.6691454577718297
1242.3126681555739,,,3.668485136396244
1242.3226221974742,,,3.6677448676790574
1242.3325762393745,,,3.6669331052604157
1242.3425302812748,,,3.6660528333472895
1242.3524843231748,,,3.665110058153834
1242.3624383650751,,,3.6641115384762424
1242.3723924069755,,,3.663062948171512
1242.3823464488755,,,3.6619762580939934
1242.3923004907758,,,3.6608532121491866
1242.4022545326761,,,3.659690819897743
1242.4122085745762,,,3.658480268650532
1242.4221626164765,,,3.6572059088577014
1242.4321166583768,,,3.6558630940605354
1242.442070700277,,,3.654443329566134
1242.4520247421772,,,3.6529403789099684
1242.4619787840775,,,3.651346486947741
1242.4719328259778,,,3.6496498298991726
1242.481886867878,,,3.647853191708415
1242.4918409097781,,,3.645946399463739
1242.5017949516784,,,3.6439162697005467
1242.5117489935787,,,3.6417420246595515
1242.5217030354788,,,3.639396757533377
1242.5316570773791,,,3.6368837014169006
1242.5416111192794,,,3.634195200380008
1242.5515651611795,,,3.631327676926194
1242.5615192030798,,,3.6282736839972647
1242.57147324498,,,3.6250260903504
1242.5814272868804,,,3.6216089206307496
1242.5913813287805,,,3.6180296283734537
1242.6013353706808,,,3.614296877682171
1242.611289412581,,,3.6104136132148827
1242.6212434544814,,,3.6063800046793393
1242.6311974963814,,,3.602211041840521
1242.6411515382817,,,3.597901233946174
1242.651105580182,,,3.59343964046458
1242.6610596220821,,,3.588803554569877
1242.6710136639824,,,3.5839662064893414
1242.6809677058827,,,3.5789295300209427
1242.690921747783,,,3.5736805114350334
1242.700875789683,,,3.5682067358791576
1242.7108298315834,,,3.5624839545776013
1242.7207838734837,,,3.556488087259408
1242.730737915384,,,3.5502314911096233
1242.740691957284,,,3.543706080031119
1242.7506459991844,,,3.536906837480756
1242.7606000410847,,,3.5298183050229572
1242.7705540829847,,,3.5224329227580005
1242.780508124885,,,3.5147814071493646
1242.7904621667853,,,3.5068700188961213
1242.8004162086854,,,3.4987046465344744
1242.8103702505857,,,3.4902766391484707
1242.820324292486,,,3.481580382732375
1242.8302783343863,,,3.4726387358333
1242.8402323762864,,,3.463451561386651
1242.8501864181867,,,3.4540197300519973
1242.860140460087,,,3.4443332312260546
1242.8700945019873,,,3.4343921510899778
1242.8800485438874,,,3.4242271309722834
1242.8900025857877,,,3.4138496592863157
1242.899956627688,,,3.4032720756256776
1242.909910669588,,,3.392496092427141
1242.9198647114883,,,3.3815280311388847
1242.9298187533886,,,3.370389585088088
1242.9397727952887,,,3.35908278812054
1242.949726837189,,,3.3476060219919628
1242.9596808790893,,,3.3359438791463276
1242.9696349209896,,,3.32408498617154
1242.9795889628897,,,3.3120399668458114
1242.98954300479,,,3.299807167020429
1242.9994970466903,,,3.287386615710483
1243.0094510885906,,,3.274768209331795
1243.0194051304907,,,3.2619513782430625
1243.029359172391,,,3.248956996442508
1243.0393132142913,,,3.23579197313949
1243.0492672561913,,,3.2224637085649444
1243.0592212980916,,,3.2089700776856147
1243.069175339992,,,3.1953162431862148
1243.079129381892,,,3.1815227674475595
1243.0890834237923,,,3.1676004024389695
1243.0990374656926,,,3.153564066939897
1243.108991507593,,,3.139429516288059
1243.118945549493,,,3.1252271984443585
1243.1288995913933,,,3.110998234558063
1243.1388536332936,,,3.096783032896133
1243.148807675194,,,3.0826298824719434
1243.158761717094,,,3.068611152861508
1243.1687157589943,,,3.054823823679702
1243.1786698008946,,,3.041365619836045
1243.1886238427946,,,3.028371527084267
1243.198577884695,,,3.0159969468011782
1243.2085319265952,,,3.0044733407038464
1243.2184859684953,,,2.9940192856662216
1243.2284400103956,,,2.984737603668956
1243.238394052296,,,2.976770926117858
1243.2483480941962,,,2.970210351581258
1243.2583021360963,,,2.96517186340038
1243.2682561779966,,,2.9616308955337924
1243.278210219897,,,2.9594120913156035
1243.2881642617972,,,2.9584524150770326
1243.2981183036973,,,2.958697290579402
1243.3080723455976,,,2.960173674360287
1243.3180263874979,,,2.9628480601665745
1243.327980429398,,,2.966594877217527
1243.3379344712982,,,2.9713776291563976
1243.3478885131985,,,2.9771590168679523
1243.3578425550988,,,2.983961721729277
1243.367796596999,,,2.9917521441844963
1243.3777506388992,,,3.0004213747574653
1243.3877046807995,,,3.009936457013631
1243.3976587226998,,,3.020266384443695
1243.4076127646,,,3.03143040173528
1243.4175668065002,,,3.0434010511166463
1243.4275208484005,,,3.0560876374448296
1243.4374748903006,,,3.069460039342916
1243.4474289322009,,,3.083490726751466
1243.4573829741012,,,3.098197066383433
1243.4673370160012,,,3.1135656314278237
1243.4772910579015,,,3.129534521801947
1243.4872450998018,,,3.1460915886252003
1243.4971991417021,,,3.163224390636135
1243.5071531836022,,,3.1809546360946808
1243.5171072255025,,,3.1992694153197707
1243.5270612674028,,,3.2181069206157513
1243.5370153093031,,,3.237447075454744
1243.5469693512032,,,3.2572683430763956
1243.5569233931035,,,3.2775766095780807
1243.5668774350038,,,3.2983509492472063
1243.5768314769039,,,3.319533734840396
1243.5867855188042,,,3.341102630117754
1243.5967395607045,,,3.363035147789907
1243.6066936026045,,,3.385328893648227
1243.6166476445048,,,3.407960244942263
1243.6266016864051,,,3.430876961489004
1243.6365557283054,,,3.454051039453667
1243.6465097702055,,,3.4774524557535167
1243.6564638121058,,,3.501060157583844
1243.666417854006,,,3.524839057328909
1243.6763718959064,,,3.5487420568472605
1243.6863259378065,,,3.572737874562587
1243.6962799797068,,,3.5967969318426483
1243.706234021607,,,3.6208918398075087
1243.7161880635072,,,3.6449913709157165
1243.7261421054075,,,3.6690666115979944
1243.7360961473078,,,3.693090664922198
1243.7460501892078,,,3.7170366929293692
1243.7560042311081,,,3.740870886491703
1243.7659582730084,,,3.7645630426996317
1243.7759123149087,,,3.788101882502045
1243.7858663568088,,,3.8114699514601718
1243.795820398709,,,3.834650955143864
1243.8057744406094,,,3.8576135966574308
1243.8157284825097,,,3.880327549906263
1243.8256825244098,,,3.9027840940836547
1243.83563656631,,,3.924952256599289
1243.8455906082104,,,3.9467946064067294
1243.8555446501105,,,3.968242469297766
1243.8654986920108,,,3.98922727955518
1243.875452733911,,,4.00972908519635
1243.8854067758114,,,4.029695347699494
1243.8953608177114,,,4.049073584399595
1243.9053148596117,,,4.067772010046864
1243.915268901512,,,4.085710190954936
1243.925222943412,,,4.102893770685767
1243.9351769853124,,,4.119274269539704
1243.9451310272127,,,4.134804729495616
1243.955085069113,,,4.149386903551291
1243.965039111013,,,4.162935670206613
1243.9749931529134,,,4.175481785852906
1243.9849471948137,,,4.18697460130945
1243.9949012367138,,,4.197362833143378
1244.004855278614,,,4.2065349475717735
1244.0148093205144,,,4.2144070958275694
1244.0247633624147,,,4.221077510693773
1244.0347174043147,,,4.226572898947579
1244.044671446215,,,4.230953707004824
1244.0546254881153,,,4.2342694042238636
1244.0645795300156,,,4.236640520468835
1244.0745335719157,,,4.2383323620938
1244.084487613816,,,4.239535956308135
1244.0944416557163,,,4.240426455615584
1244.1043956976164,,,4.241132273709543
1244.1143497395167,,,4.2417401685848315
1244.124303781417,,,4.242302461342428
1244.134257823317,,,4.242840242482348
1244.1442118652174,,,4.243366420780817
1244.1541659071177,,,4.243889982780324
1244.164119949018,,,4.24441855651323
1244.174073990918,,,4.244957479504981
1244.1840280328183,,,4.2455114180591345
1244.1939820747186,,,4.246084554893818
1244.203936116619,,,4.2466817256224925
1244.213890158519,,,4.247307992882286
1244.2238442004193,,,4.2479632375881415
1244.2337982423196,,,4.248648274018574
1244.2437522842197,,,4.249361676943984
1244.25370632612,,,4.250099504798217
1244.2636603680203,,,4.250852310123836
1244.2736144099204,,,4.2516041658375565
1244.2835684518207,,,4.252338049663555
1244.293522493721,,,4.253034810378642
1244.3034765356213,,,4.253672401468373
1244.3134305775213,,,4.254226949246993
1244.3233846194216,,,4.254694251811168
1244.333338661322,,,4.255069751379802
1244.3432927032222,,,4.255353835629231
1244.3532467451223,,,4.255544883216132
1244.3632007870226,,,4.255631267664841
1244.373154828923,,,4.255604752572043
1244.383108870823,,,4.255431033689347
1244.3930629127233,,,4.255060946014877
1244.4030169546236,,,4.2544274018405375
1244.4129709965237,,,4.25344300799796
1244.422925038424,,,4.252099127268382
1244.4328790803243,,,4.250377271921433
1244.4428331222246,,,4.248282436008006
1244.4527871641246,,,4.2458350360689305
1244.462741206025,,,4.243069220311464
1244.4726952479252,,,4.240096498405649
1244.4826492898255,,,4.237001575996498
1244.4926033317256,,,4.233874381839849
1244.502557373626,,,4.230803817015655
1244.5125114155262,,,4.22788034784203
1244.5224654574263,,,4.22513526234461
1244.5324194993266,,,4.222582920084265
1244.5423735412269,,,4.220217030957352
1244.5523275831272,,,4.218020939876805
1244.5622816250273,,,4.215979904185838
1244.5722356669276,,,4.214048855294027
1244.5821897088279,,,4.2122051976704595
1244.5921437507282,,,4.2104296253630915
1244.6020977926282,,,4.208707066719182
1244.6120518345285,,,4.207029562952563
1244.6220058764288,,,4.205386535558004
1244.631959918329,,,4.203779396729882
1244.6419139602292,,,4.202215083424911
1244.6518680021295,,,4.2007054300864155
1244.6618220440296,,,4.199273452113011
1244.6717760859299,,,4.197924464529313
1244.6817301278302,,,4.19666901795072
1244.6916841697305,,,4.195514681180153
1244.7016382116306,,,4.194466642784338
1244.7115922535309,,,4.193539687228213
1244.7215462954312,,,4.192716849355634
1244.7315003373315,,,4.191992521290901
1244.7414543792315,,,4.1913581415315635
1244.7514084211318,,,4.190802847261915
1244.7613624630321,,,4.190321293598153
1244.7713165049322,,,4.189890309617236
1244.7812705468325,,,4.1894991607263155
1244.7912245887328,,,4.189140195409086
1244.8011786306329,,,4.188809476349381
1244.8111326725332,,,4.18851101465548
1244.8210867144335,,,4.188244748920754
1244.8310407563338,,,4.188016414246626
1244.8409947982339,,,4.187833125964918
1244.8509488401342,,,4.187702526405005
1244.8609028820345,,,4.18764116872965
1244.8708569239348,,,4.187648790279649
1244.8808109658348,,,4.1877302965195655
1244.8907650077351,,,4.18788976955314
1244.9007190496354,,,4.188130081918648
1244.9106730915355,,,4.188463964046371
1244.9206271334358,,,4.18888292667065
1244.930581175336,,,4.189386505563275
1244.9405352172362,,,4.189974992877537
1244.9504892591365,,,4.190648486764693
1244.9604433010368,,,4.191417446041898
1244.970397342937,,,4.192272576391731
1244.9803513848371,,,4.193212023569704
1244.9903054267375,,,4.194235347972723
1245.0002594686378,,,4.195342049844411
1245.010213510538,,,4.196541421855301
1245.0201675524381,,,4.1978252081902365
1245.0301215943384,,,4.199191600934096
1245.0400756362387,,,4.200641371862266
1245.0500296781388,,,4.2021763306378555
1245.059983720039,,,4.203810040794675
1245.0699377619394,,,4.205540211768703
1245.0798918038395,,,4.207369433551952
1245.0898458457398,,,4.209302109357971
1245.09979988764,,,4.211340670108238
1245.1097539295404,,,4.213495456033443
1245.1197079714404,,,4.215753850370896
1245.1296620133407,,,4.218105125894967
1245.139616055241,,,4.220541207415811
1245.1495700971413,,,4.22305478248694
1245.1595241390414,,,4.225648001076148
1245.1694781809417,,,4.228315668265791
1245.179432222842,,,4.231059320249929
1245.189386264742,,,4.233887421622205
1245.1993403066424,,,4.236810634664902
1245.2092943485427,,,4.239848062188721
1245.219248390443,,,4.242993009358006
1245.229202432343,,,4.246220821879048
1245.2391564742434,,,4.249491438592089
1245.2491105161437,,,4.252745971818513
1245.259064558044,,,4.255897526225172
1245.269018599944,,,4.258858724091732
1245.2789726418443,,,4.261560143649692
1245.2889266837446,,,4.263937106690744
1245.2988807256447,,,4.265938808885235
1245.308834767545,,,4.267496395462645
1245.3187888094453,,,4.268608021591048
1245.3287428513454,,,4.2693158832909575
1245.3386968932457,,,4.269662322786514
1245.348650935146,,,4.26971042459207
1245.3586049770463,,,4.269524307066199
1245.3685590189464,,,4.269192880391036
1245.3785130608467,,,4.268788018460309
1245.388467102747,,,4.268347188952177
1245.3984211446473,,,4.267885314605076
1245.4083751865473,,,4.267392623968402
1245.4183292284476,,,4.266839638345621
1245.428283270348,,,4.2661932949684225
1245.438237312248,,,4.26541785229666
1245.4481913541483,,,4.264485007302097
1245.4581453960486,,,4.263370560711482
1245.4680994379487,,,4.262079657174672
1245.478053479849,,,4.260650124255095
1245.4880075217493,,,4.259114090634514
1245.4979615636496,,,4.257506194593681
1245.5079156055497,,,4.255858513747461
1245.51786964745,,,4.254202606652473
1245.5278236893503,,,4.252563058025258
1245.5377777312506,,,4.250958567637385
1245.5477317731506,,,4.249406980619932
1245.557685815051,,,4.247930086075552
1245.5676398569512,,,4.246548980880729
1245.5775938988513,,,4.2452645282253965
1245.5875479407516,,,4.244078303526905
1245.597501982652,,,4.242987028257396
1245.607456024552,,,4.241987559166443
1245.6174100664523,,,4.241076352490237
1245.6273641083526,,,4.240237677006084
1245.637318150253,,,4.2394655122541955
1245.647272192153,,,4.238754680926576
1245.6572262340533,,,4.238102209707373
1245.6671802759536,,,4.237507065717619
1245.6771343178539,,,4.236959096153716
1245.687088359754,,,4.236454855005766
1245.6970424016542,,,4.235992082691295
1245.7069964435545,,,4.235570999668703
1245.7169504854546,,,4.235196357082154
1245.726904527355,,,4.234865399691428
1245.7368585692552,,,4.234580350583044
1245.7468126111555,,,4.234343007985212
1245.7567666530556,,,4.23415513637949
1245.766720694956,,,4.234022058813237
1245.7766747368562,,,4.233937161968761
1245.7866287787563,,,4.233900119904386
1245.7965828206566,,,4.23391121468614
1245.8065368625569,,,4.233971773116698
1245.8164909044572,,,4.234089308654155
1245.8264449463572,,,4.234257457073522
1245.8363989882575,,,4.234474516980597
1245.8463530301578,,,4.234736211192917
1245.856307072058,,,4.235035748795616
1245.8662611139582,,,4.235367371260493
1245.8762151558585,,,4.235717795706843
1245.8861691977588,,,4.2360814247510605
1245.896123239659,,,4.236456294294948
1245.9060772815592,,,4.236844205996155
1245.9160313234595,,,4.2372536630936946
1245.9259853653598,,,4.237690739979042
1245.9359394072599,,,4.238163081391708
1245.9458934491602,,,4.238677748359789
1245.9558474910605,,,4.239240656988105
1245.9658015329605,,,4.239863785256055
1245.9757555748608,,,4.240546496740146
1245.9857096167611,,,4.24129267530793
1245.9956636586612,,,4.242107711341637
1246.0056177005615,,,4.242997037958505
1246.0155717424618,,,4.243974602985794
1246.0255257843621,,,4.2450355940243725
1246.0354798262622,,,4.246175872802131
1246.0454338681625,,,4.247389725846579
1246.0553879100628,,,4.248668177315885
1246.065341951963,,,4.250004412171105
1246.0752959938632,,,4.251381504825097
1246.0852500357635,,,4.2527875556782515
1246.0952040776638,,,4.254214994070368
1246.1051581195638,,,4.255659260274669
1246.1151121614641,,,4.257120013078939
1246.1250662033644,,,4.258597113392197
1246.1350202452645,,,4.260091476942841
1246.1449742871648,,,4.261604401928223
1246.1549283290651,,,4.26313572771614
1246.1648823709654,,,4.264683809403053
1246.1748364128655,,,4.266241942130713
1246.1847904547658,,,4.267802761452078
1246.194744496666,,,4.2693611084390515
1246.2046985385664,,,4.27091565680489
1246.2146525804665,,,4.272471137094275
1246.2246066223668,,,4.274039362003351
1246.234560664267,,,4.275633774891915
1246.2445147061671,,,4.277266489689557
1246.2544687480674,,,4.278943727185251
1246.2644227899677,,,4.280663652726095
1246.2743768318678,,,4.28240596101923
1246.284330873768,,,4.284137732247897
1246.2942849156684,,,4.28582330624163
1246.3042389575687,,,4.287428739540712
1246.3141929994688,,,4.2889210335543275
1246.324147041369,,,4.2902803797166
1246.3341010832694,,,4.291512198049375
1246.3440551251697,,,4.292618065464829
1246.3540091670698,,,4.293601419063056
1246.36396320897,,,4.294458906655278
1246.3739172508704,,,4.295184401584727
1246.3838712927704,,,4.295786454312687
1246.3938253346707,,,4.296263849759377
1246.403779376571,,,4.296619737650896
1246.4137334184713,,,4.296858052653401
1246.4236874603714,,,4.296985515680701
1246.4336415022717,,,4.2970292716150285
1246.443595544172,,,4.297007027124444
1246.4535495860723,,,4.296938048999492
1246.4635036279724,,,4.2968426794727845
1246.4734576698727,,,4.296744065179947
1246.483411711773,,,4.296663207884506
1246.493365753673,,,4.296614923340565
1246.5033197955734,,,4.296609487351608
1246.5132738374737,,,4.29665347568549
1246.5232278793737,,,4.296753670717764
1246.533181921274,,,4.296901506429415
1246.5431359631743,,,4.297093120087336
1246.5530900050746,,,4.297324027537764
1246.5630440469747,,,4.297589874354036
1246.572998088875,,,4.297889740697356
1246.5829521307753,,,4.298214922231797
1246.5929061726756,,,4.298561103809981
1246.6028602145757,,,4.2989237192027945
1246.612814256476,,,4.299298137378567
1246.6227682983763,,,4.299680740461668
1246.6327223402764,,,4.300067613169709
1246.6426763821767,,,4.300458174761552
1246.652630424077,,,4.300853954956535
1246.662584465977,,,4.3012581394818366
1246.6725385078773,,,4.301676824082836
1246.6824925497776,,,4.302112703095541
1246.692446591678,,,4.302567275223922
1246.702400633578,,,4.303039749580375
1246.7123546754783,,,4.303526429097314
1246.7223087173786,,,4.304021458019479
1246.732262759279,,,4.304516341694622
1246.742216801179,,,4.305004345247726
1246.7521708430793,,,4.305479943344997
1246.7621248849796,,,4.305938730683533
1246.7720789268797,,,4.306374351721422
1246.78203296878,,,4.30678324699034
1246.7919870106803,,,4.307161310358793
1246.8019410525803,,,4.307503839121093
1246.8118950944806,,,4.3078076376419245
1246.821849136381,,,4.3080689620967725
1246.8318031782812,,,4.308294062932796
1246.8417572201813,,,4.308493569903659
1246.8517112620816,,,4.308678936645524
1246.861665303982,,,4.30886301254499
1246.8716193458822,,,4.309059752857299
1246.8815733877823,,,4.3092803963642785
1246.8915274296826,,,4.309530720620076
1246.9014814715829,,,4.309814795268557
1246.911435513483,,,4.310134612432641
1246.9213895553833,,,4.310493077251824
1246.9313435972836,,,4.310890044405485
1246.9412976391836,,,4.3113217318848225
1246.951251681084,,,4.3117866341823525
1246.9612057229842,,,4.31228289947295
1246.9711597648845,,,4.312809892876125
1246.9811138067846,,,4.313366129935208
1246.991067848685,,,4.313947313033399
1247.0010218905852,,,4.314551960119969
1247.0109759324855,,,4.315178775797091
1247.0209299743856,,,4.315826952526084
1247.0308840162859,,,4.316494454835299
1247.0408380581862,,,4.317174744734174
1247.0507921000863,,,4.317861158282458
1247.0607461419866,,,4.318544641143657
1247.0707001838869,,,4.3192134295504605
1247.0806542257872,,,4.319851595211737
1247.0906082676872,,,4.320451382747894
1247.1005623095875,,,4.321008760008022
1247.1105163514878,,,4.321527150154315
1247.1204703933881,,,4.3220172260674765
1247.1304244352882,,,4.3224970761771
1247.1403784771885,,,4.322989192448207
1247.1503325190888,,,4.323511511089782
1247.1602865609889,,,4.324078011150567
1247.1702406028892,,,4.324697401326051
1247.1801946447895,,,4.32538095865633
1247.1901486866896,,,4.32612057423032
1247.2001027285899,,,4.326913638818356
1247.2100567704902,,,4.32775592280766
1247.2200108123905,,,4.328641091289289
1247.2299648542905,,,4.32956206516668
1247.2399188961908,,,4.3304986876316605
1247.2498729380911,,,4.3314316085340065
1247.2598269799914,,,4.332338682863739
1247.2697810218915,,,4.333197106995635
1247.2797350637918,,,4.3339770101004
1247.289689105692,,,4.334670036427139
1247.2996431475922,,,4.335273693317799
1247.3095971894925,,,4.335792482435989
1247.3195512313928,,,4.336238938950535
1247.3295052732929,,,4.336628061287719
1247.3394593151932,,,4.336986820939893
1247.3494133570935,,,4.3373353416361216
1247.3593673989938,,,4.337687735247959
1247.3693214408938,,,4.338053218688657
1247.3792754827941,,,4.33843840072875
1247.3892295246944,,,4.338844191804633
1247.3991835665947,,,4.339268997753675
1247.4091376084948,,,4.339711043257581
1247.419091650395,,,4.340167336565083
1247.4290456922954,,,4.3406334670126725
1247.4389997341955,,,4.341101196659817
1247.4489537760958,,,4.341560937462862
1247.458907817996,,,4.342002546372989
1247.4688618598962,,,4.342415811297995
1247.4788159017965,,,4.342788594682856
1247.4887699436968,,,4.343110518519527
1247.498723985597,,,4.343374338631992
1247.5086780274971,,,4.343560487641861
1247.5186320693974,,,4.343632583019991
1247.5285861112977,,,4.343523535350194
1247.538540153198,,,4.343145949997313
1247.548494195098,,,4.342459579904054
1247.5584482369984,,,4.341421040784321
1247.5684022788987,,,4.339994113320276
1247.5783563207988,,,4.3381301243217685
1247.588310362699,,,4.335765951060512
1247.5982644045994,,,4.332934257335282
1247.6082184464997,,,4.329631887946263
1247.6181724883998,,,4.3258628056000585
1247.6281265303,,,4.321626421284942
1247.6380805722004,,,4.3168884073337335
1247.6480346141007,,,4.311717741010903
1247.6579886560007,,,4.306131714989264
1247.667942697901,,,4.300152868440115
1247.6778967398013,,,4.293808905091686
1247.6878507817014,,,4.287099126161227
1247.6978048236017,,,4.280118354268277
1247.707758865502,,,4.272920094873425
1247.717712907402,,,4.265564974122703
1247.7276669493024,,,4.2581190885849525
1247.7376209912027,,,4.250656133567743
1247.747575033103,,,4.24325142064276
1247.757529075003,,,4.235964320288081
1247.7674831169033,,,4.2288523691425794
1247.7774371588037,,,4.2219776443016865
1247.787391200704,,,4.215443771794219
1247.797345242604,,,4.2092729481569435
1247.8072992845043,,,4.203470590169979
1247.8172533264046,,,4.198028829639734
1247.8272073683047,,,4.192930152385454
1247.837161410205,,,4.188186972259308
1247.8471154521053,,,4.183762754711907
1247.8570694940054,,,4.1796330487823035
1247.8670235359057,,,4.175789418737391
1247.876977577806,,,4.172225771456413
1247.8869316197063,,,4.168960306194073
1247.8968856616063,,,4.165979610005712
1247.9068397035066,,,4.163261227432461
1247.916793745407,,,4.160794546983606
1247.9267477873072,,,4.1585643340974885
1247.9367018292073,,,4.156564648589888
1247.9466558711076,,,4.1547714611480515
1247.956609913008,,,4.153150926669457
1247.966563954908,,,4.1516887838608945
1247.9765179968083,,,4.15037594242798
1247.9864720387086,,,4.149215785962816
1247.9964260806087,,,4.148213160300587
1248.006380122509,,,4.147356942001292
1248.0163341644093,,,4.146647158959429
1248.0262882063096,,,4.146079711641439
1248.0362422482096,,,4.145647588302678
1248.04619629011,,,4.145334009617365
1248.0561503320102,,,4.145097172967682
1248.0661043739105,,,4.144908445090728
1248.0760584158106,,,4.144746388883269
1248.086012457711,,,4.1446018357992855
1248.0959664996112,,,4.144481404642058
1248.1059205415113,,,4.144398605415155
1248.1158745834116,,,4.144375588097693
1248.125828625312,,,4.144439573207604
1248.135782667212,,,4.144621296369504
1248.1457367091123,,,4.144975508930528
1248.1556907510126,,,4.145515446662877
1248.1656447929129,,,4.146269029262173
1248.175598834813,,,4.147262587477365
1248.1855528767132,,,4.148521839200938
1248.1955069186135,,,4.150110763447678
1248.2054609605138,,,4.15201594926468
1248.215415002414,,,4.154243771776266
1248.2253690443142,,,4.156796375710001
1248.2353230862145,,,4.1596712889987675
1248.2452771281146,,,4.162899677904186
1248.255231170015,,,4.166450250167936
1248.2651852119152,,,4.170310450310565
1248.2751392538155,,,4.174477316723236
1248.2850932957156,,,4.178948522129858
1248.2950473376159,,,4.183751455982887
1248.3050013795162,,,4.188871132292258
1248.3149554214165,,,4.194296474515459
1248.3249094633165,,,4.200033405443072
1248.3348635052168,,,4.206092378108712
1248.3448175471171,,,4.212515595690916
1248.3547715890172,,,4.2193118894343336
1248.3647256309175,,,4.226455434532759
