wave,flux,err,best_fit_spec
1828.5208384048565,,,1.0470933363844779
1828.5579748663008,,,1.0441577943924067
1828.5951113277454,,,1.042159534138336
1828.6322477891897,,,1.0409386493362844
1828.669384250634,,,1.0404603838615492
1828.7065207120784,,,1.0407559407677276
1828.743657173523,,,1.0418578837588268
1828.7807936349673,,,1.0437911669411792
1828.8179300964116,,,1.046474996476194
1828.855066557856,,,1.0493645255481014
1828.8922030193005,,,1.0514474842974488
1828.9293394807448,,,1.0520381696586116
1828.9664759421892,,,1.0509657924565077
1829.0036124036335,,,1.0483643202845299
1829.040748865078,,,1.0447052306074023
1829.0778853265224,,,1.0408938653769033
1829.1150217879667,,,1.0377432489655125
1829.152158249411,,,1.035479420439084
1829.1892947108556,,,1.0340518638287954
1829.2264311723,,,1.0334099112530388
1829.2635676337443,,,1.03349947443311
1829.3007040951888,,,1.034256583515102
1829.3378405566332,,,1.0354739594983045
1829.3749770180775,,,1.036436847494919
1829.4121134795218,,,1.0363408333399136
1829.4492499409664,,,1.0352449790186609
1829.4863864024107,,,1.0335446577238436
1829.523522863855,,,1.0314628518866318
1829.5606593252994,,,1.0287259115293534
1829.597795786744,,,1.02499798210459
1829.6349322481883,,,1.0206057162688622
1829.6720687096326,,,1.0161912823934662
1829.709205171077,,,1.0118331844582067
1829.7463416325215,,,1.0077961530303918
1829.7834780939659,,,1.0045650889576452
1829.8206145554102,,,1.0023356178600826
1829.8577510168545,,,1.001137625783251
1829.894887478299,,,1.0009596394139952
1829.9320239397434,,,1.0018219938170303
1829.9691604011878,,,1.003769063095407
1830.006296862632,,,1.0069117877222533
1830.0434333240767,,,1.0114048609550341
1830.080569785521,,,1.0169903015493267
1830.1177062469653,,,1.022893296709285
1830.15484270841,,,1.0285161187493466
1830.1919791698542,,,1.0335100213793942
1830.2291156312986,,,1.0377066835746347
1830.266252092743,,,1.04115520271567
1830.3033885541874,,,1.044426544770467
1830.3405250156318,,,1.048081866041168
1830.3776614770761,,,1.0523309124851266
1830.4147979385205,,,1.0572344253339891
1830.451934399965,,,1.06285579207416
1830.4890708614093,,,1.0692520937130752
1830.5262073228537,,,1.0765727522060782
1830.563343784298,,,1.085012366645596
1830.6004802457426,,,1.094453966832257
1830.637616707187,,,1.1038829121651907
1830.6747531686312,,,1.1125241832308932
1830.7118896300756,,,1.120033603100849
1830.7490260915201,,,1.1262131169370733
1830.7861625529645,,,1.1308533755584183
1830.8232990144088,,,1.1337694841319583
1830.8604354758534,,,1.1350472719013065
1830.8975719372977,,,1.1354188470803614
1830.934708398742,,,1.1355263389937533
1830.9718448601864,,,1.1355196866700534
1831.008981321631,,,1.1354145715965198
1831.0461177830753,,,1.1352399137838416
1831.0832542445196,,,1.135049736067236
1831.120390705964,,,1.1348821391123658
1831.1575271674085,,,1.134745829627417
1831.1946636288528,,,1.1346389918059987
1831.2318000902972,,,1.134559615294478
1831.2689365517415,,,1.1345055592270143
1831.306073013186,,,1.1344729325929244
1831.3432094746304,,,1.1344475810274322
1831.3803459360747,,,1.134374221942739
1831.417482397519,,,1.1340742436720928
1831.4546188589636,,,1.1332369894964396
1831.491755320408,,,1.1316574546295706
1831.5288917818523,,,1.1293924287104304
1831.5660282432968,,,1.1266167163065166
1831.6031647047412,,,1.1232732347114163
1831.6403011661855,,,1.1190389807581833
1831.6774376276298,,,1.1138575312556351
1831.7145740890744,,,1.1080148017686853
1831.7517105505187,,,1.1019945142425114
1831.788847011963,0.66088843,0.1333224,1.096176274060335
1831.8259834734074,0.81323755,0.09656752,1.090335215992689
1831.863119934852,1.0108575,0.11057004,1.0840142615411397
1831.9002563962963,0.9506613,0.10453321,1.0772433234567862
1831.9373928577406,0.9405495,0.1030118,1.070347132517127
1831.974529319185,1.0560291,0.10911274,1.0638703544982224
1832.0116657806295,1.0042012,0.10345437,1.058295293765045
1832.0488022420739,0.8381785,0.09918184,1.0536694783907476
1832.0859387035182,0.74922633,0.090597175,1.0498619382780636
1832.1230751649625,0.76534647,0.094189644,1.046748172546129
1832.160211626407,0.762668,0.0934476,1.0442853949006303
1832.1973480878514,0.86352116,0.0990582,1.042436748359219
1832.2344845492958,0.9759059,0.106878325,1.0411568924769385
1832.27162101074,0.9334143,0.10259735,1.0404042575105863
1832.3087574721847,0.9186517,0.10141509,1.0401755078226051
1832.345893933629,0.86600757,0.09915456,1.0404949632886713
1832.3830303950733,0.9102215,0.09990474,1.0413823627697136
1832.4201668565179,0.8952237,0.09972554,1.0428492051895657
1832.4573033179622,0.9123365,0.09958524,1.0449077557498692
1832.4944397794065,0.962218,0.10250071,1.0475771539205496
1832.5315762408509,0.93728334,0.102963954,1.050888532563359
1832.5687127022954,0.9893065,0.10476495,1.0548940038036587
1832.6058491637398,0.9035276,0.09937057,1.0596589609587872
1832.642985625184,1.0324963,0.10680379,1.065201617413633
1832.6801220866284,1.0585905,0.10643401,1.0711956552290514
1832.717258548073,0.90068126,0.0989985,1.0767301643604215
1832.7543950095173,0.9806943,0.10324067,1.0809455305940991
1832.7915314709617,1.0224077,0.107739545,1.0838238111391578
1832.828667932406,0.92721224,0.100714296,1.0857614336883636
1832.8658043938506,0.9015974,0.09928311,1.0869028466885857
1832.902940855295,0.9480431,0.10313338,1.0874209403235915
1832.9400773167392,0.9584758,0.10145649,1.0877110891033759
1832.9772137781836,0.97380745,0.10089892,1.0879719262559036
1833.0143502396281,0.8728485,0.099697664,1.088503820387736
1833.0514867010725,0.9947775,0.103206754,1.0893954639438628
1833.0886231625168,1.0289485,0.10527831,1.0899793426546438
1833.1257596239614,0.96042037,0.099760994,1.0895289759203903
1833.1628960854057,0.875268,0.09465643,1.087749541338527
1833.20003254685,0.958663,0.1064847,1.0849870124924177
1833.2371690082944,1.0266281,0.105674185,1.0820697947706936
1833.274305469739,1.0302428,0.1063112,1.0795804100313922
1833.3114419311833,0.9489394,0.09869112,1.0776007660405287
1833.3485783926276,0.9889453,0.10263297,1.0760932970226618
1833.385714854072,0.93766594,0.08509559,1.0750135501361937
1833.4228513155165,0.901404,0.068898134,1.0743338465748733
1833.4599877769608,0.99641216,0.07297412,1.0740418218322274
1833.4971242384051,1.0307094,0.07291114,1.0741360481251192
1833.5342606998495,1.0318199,0.072553985,1.074618157685162
1833.571397161294,0.966445,0.073085964,1.0754874130415
1833.6085336227384,0.973941,0.06977859,1.0767476912133365
1833.6456700841827,0.9445055,0.07110719,1.0784097809109776
1833.682806545627,0.9163606,0.06759218,1.0804847258867247
1833.7199430070716,0.8947036,0.06795024,1.082981245268789
1833.757079468516,0.96721536,0.07120444,1.085938602421567
1833.7942159299603,1.0324689,0.07255891,1.0893849164327225
1833.8313523914048,0.9407394,0.0713479,1.093365550276527
1833.8684888528492,0.9882591,0.071993314,1.0980161936142374
1833.9056253142935,1.0355448,0.07229343,1.1034926315335463
1833.9427617757378,1.0260993,0.07250988,1.1096804838214265
1833.9798982371824,1.1196127,0.074819356,1.1158989535582646
1834.0170346986267,1.0267601,0.07355966,1.1214235660723637
1834.054171160071,1.0431427,0.07128457,1.1258471698543469
1834.0913076215154,1.003918,0.071547195,1.1289920251945444
1834.12844408296,1.1067102,0.07603319,1.130899781039829
1834.1655805444043,1.0223651,0.07140075,1.1321192462941752
1834.2027170058486,0.97302216,0.07037224,1.1332463631235048
1834.239853467293,0.9544981,0.07054183,1.1345055328646207
1834.2769899287375,0.9988995,0.07200199,1.1359745300504605
1834.3141263901819,1.0935245,0.07266154,1.1376475379207682
1834.3512628516262,1.1333551,0.0758486,1.1392883503817701
1834.3883993130705,1.0649271,0.072752774,1.1405567091940374
1834.425535774515,0.98514515,0.07166714,1.1412632129443583
1834.4626722359594,1.0461591,0.07085494,1.1415230341983893
1834.4998086974038,1.0813053,0.07476539,1.141579145238417
1834.5369451588483,1.0313804,0.0720645,1.1415794328785365
1834.5740816202926,1.1574715,0.075318344,1.1415689414270096
1834.611218081737,1.1203364,0.07603419,1.1415600617818387
1834.6483545431813,1.1321162,0.07536065,1.1415564394637567
1834.6854910046259,1.1172124,0.0741764,1.141559431364069
1834.7226274660702,1.133001,0.07517537,1.1415676832541037
1834.7597639275145,1.0296006,0.06952197,1.141578011711152
1834.7969003889589,1.0526781,0.07599152,1.1415860195594092
1834.8340368504034,0.99394184,0.070633,1.1415823702815837
1834.8711733118478,0.9849334,0.0712968,1.1415278931804091
1834.908309773292,1.1060073,0.073095314,1.1412992047974526
1834.9454462347364,1.0847627,0.07371186,1.1407171052993559
1834.982582696181,1.0823718,0.072119735,1.1397267293602402
1835.0197191576253,1.0884576,0.07477335,1.1385194819949
1835.0568556190697,1.1425322,0.07567795,1.1373512474669392
1835.093992080514,1.1448307,0.07430122,1.1363571480738326
1835.1311285419586,1.079838,0.07429276,1.1355132750904509
1835.168265003403,1.1396569,0.076742835,1.1347748894959513
1835.2054014648472,0.9908642,0.06969833,1.134064219077571
1835.2425379262916,1.038145,0.07292325,1.133138661241237
1835.2796743877361,1.2307311,0.07618861,1.1315122612519861
1835.3168108491805,1.0486543,0.06514431,1.128843087789422
1835.3539473106248,1.0107836,0.057903837,1.1252690559520553
1835.3910837720694,1.0565503,0.060254026,1.1211565899308205
1835.4282202335137,1.058335,0.059688512,1.117101442247665
1835.465356694958,1.0792338,0.060049534,1.1135593483985409
1835.5024931564024,1.0586272,0.058287777,1.1106008891131691
1835.539629617847,1.0749649,0.05832184,1.1080978112079662
1835.5767660792912,1.0378067,0.06017255,1.1059550852365416
1835.6139025407356,1.0534711,0.058824252,1.104137394601957
1835.65103900218,1.1100794,0.060496364,1.1026078969558433
1835.6881754636245,1.0643891,0.058759004,1.1013630493719024
1835.7253119250688,1.0832179,0.060314238,1.100397393277385
1835.7624483865131,1.0564322,0.057977684,1.099696664930922
1835.7995848479575,1.0513009,0.060017798,1.099257975298957
1835.836721309402,1.1169949,0.060690336,1.099074493584394
1835.8738577708464,1.1385986,0.061644383,1.0991393223413553
1835.9109942322907,1.1156937,0.05916771,1.0994387249952964
1835.948130693735,1.0830652,0.060754318,1.0999664381185026
1835.9852671551796,1.0995498,0.058643438,1.100746101744762
1836.022403616624,1.1162144,0.060755853,1.1018138019835089
1836.0595400780683,1.0871814,0.059652567,1.103212504227801
1836.0966765395128,1.1747262,0.062084876,1.1049877631381557
1836.1338130009572,1.0677866,0.05881939,1.1071231301207862
1836.1709494624015,1.1075928,0.06044814,1.1094686941501957
1836.2080859238458,1.0758802,0.05945874,1.11176871818926
1836.2452223852904,1.16749,0.06162479,1.1138676490981663
1836.2823588467347,1.1102746,0.05972811,1.1158743255260641
1836.319495308179,1.1086153,0.061001882,1.1179929859669384
1836.3566317696234,1.0773717,0.058789108,1.120367945584444
1836.393768231068,1.1408144,0.06174461,1.123063805647626
1836.4309046925123,0.99264675,0.057032537,1.1261882940392005
1836.4680411539566,1.0325955,0.05807517,1.1298302714805701
1836.505177615401,1.2011261,0.06283676,1.1337730512764819
1836.5423140768455,1.1591123,0.06207121,1.1373964335085684
1836.5794505382898,1.0727437,0.058521435,1.1402046072393637
1836.6165869997342,1.1328256,0.06077097,1.1419559021791388
1836.6537234611785,1.1689181,0.061315868,1.1427254486798946
1836.690859922623,1.1208663,0.058932316,1.1429537088541624
1836.7279963840674,1.1798795,0.063919395,1.1430442583112492
1836.7651328455117,1.2526783,0.063312724,1.143125040579327
1836.8022693069563,1.192294,0.06203883,1.1432143280136469
1836.8394057684006,1.1344804,0.060294006,1.1433073995763745
1836.876542229845,1.1219845,0.059237886,1.1433933953787379
1836.9136786912893,1.1399364,0.060883425,1.143469884193792
1836.9508151527339,1.105644,0.05992733,1.1435453931207893
1836.9879516141782,1.2177092,0.062712066,1.1436286388336692
1837.0250880756225,1.0765691,0.059015647,1.1437233705472365
1837.0622245370669,1.12697,0.060220744,1.1438308574476674
1837.0993609985114,1.1583956,0.0615785,1.143947846897944
1837.1364974599558,1.1561623,0.060436394,1.1440541445451413
1837.1736339214,1.0886822,0.061215777,1.1441112827180442
1837.2107703828444,1.0490322,0.0579666,1.1440971789962329
1837.247906844289,1.1147738,0.059021488,1.1440350013136178
1837.2850433057333,1.0603787,0.05096906,1.1439654656548655
1837.3221797671777,1.1001033,0.052553926,1.1439107129418935
1837.359316228622,1.1780661,0.052433506,1.143874193696329
1837.3964526900666,1.1818172,0.054528523,1.1438547824291636
1837.433589151511,1.1496238,0.05206051,1.1438505101558907
1837.4707256129552,1.1692293,0.053560678,1.143860347848649
1837.5078620743996,1.1220826,0.05158334,1.1438835896870883
1837.5449985358441,1.1055166,0.052749176,1.1439189775287169
1837.5821349972884,1.162432,0.05251868,1.1439646688843883
1837.6192714587328,1.1115835,0.051683508,1.1440181991537703
1837.6564079201773,1.098641,0.052710906,1.1440765144210177
1837.6935443816217,1.1441367,0.052426368,1.1441377006221152
1837.730680843066,1.1458066,0.052517314,1.1441998446192336
1837.7678173045103,1.1367036,0.05309504,1.144260296720271
1837.804953765955,1.2275348,0.05429998,1.1443188832243094
1837.8420902273992,1.2227522,0.054113925,1.1443786063311432
1837.8792266888436,1.2170854,0.054140173,1.1444416182872992
1837.916363150288,1.1483184,0.051669747,1.144507923338104
1837.9534996117325,1.1690105,0.0539106,1.1445774773275814
1837.9906360731768,1.0984676,0.051331677,1.144651124061869
1838.0277725346211,1.1209564,0.051519442,1.1447292589200653
1838.0649089960655,1.1169285,0.052227203,1.144811842161208
1838.10204545751,1.1654141,0.05378077,1.1449003019887316
1838.1391819189544,1.145165,0.052579906,1.1449972658750067
1838.1763183803987,1.1797743,0.053124487,1.1451051557456586
1838.213454841843,1.1083211,0.05207324,1.1452258897715288
1838.2505913032876,1.1571636,0.053006783,1.1453609675354341
1838.287727764732,1.1213763,0.051137965,1.1455110493475602
1838.3248642261763,1.2092408,0.05529491,1.1456742134677529
1838.3620006876208,1.0851865,0.050871797,1.1458410750262367
1838.3991371490652,1.1274548,0.051875167,1.1459882546211242
1838.4362736105095,1.1589034,0.053031996,1.1460889039195201
1838.4734100719538,1.1197807,0.051614583,1.1461405398371922
1838.5105465333984,1.1132671,0.051843144,1.1461671215715181
1838.5476829948427,1.1758206,0.05294872,1.1461908583029246
1838.584819456287,1.1432157,0.0516211,1.1462193448262585
1838.6219559177314,1.2144864,0.05540254,1.1462520748224736
1838.659092379176,1.1284697,0.05172071,1.1462871516853934
1838.6962288406203,1.1293185,0.053182483,1.1463225304451248
1838.7333653020646,1.2162594,0.05312349,1.1463562738063389
1838.770501763509,1.2074279,0.054271683,1.1463832183770069
1838.8076382249535,1.1926066,0.052768927,1.1463844495202498
1838.8447746863978,1.1691194,0.053608,1.1462983253921504
1838.8819111478422,1.1420267,0.052775126,1.1459926252806867
1838.9190476092865,1.1129155,0.05158978,1.1453395177069194
1838.956184070731,1.1652647,0.052831516,1.1443368942303112
1838.9933205321754,1.1072683,0.0518762,1.1430877386376468
1839.0304569936197,1.0859896,0.050786093,1.1416538179563043
1839.0675934550643,1.09368,0.05094757,1.1400514908627628
1839.1047299165086,1.1000357,0.052209746,1.138252066648357
1839.141866377953,1.1888251,0.052745692,1.136130252799679
1839.1790028393973,1.1668737,0.053495593,1.1335895952034196
1839.2161393008419,1.1562437,0.05214911,1.1308052304615521
1839.2532757622862,1.2562649,0.0545283,1.1281162980636217
1839.2904122237305,1.1733581,0.05303792,1.1257542355072356
1839.3275486851749,1.1864465,0.05340224,1.1237499874950763
1839.3646851466194,1.1092238,0.052026663,1.1220402927898903
1839.4018216080638,1.1393812,0.051773712,1.1205887743964884
1839.438958069508,1.1101505,0.05230273,1.1193626825970442
1839.4760945309524,1.1432636,0.052434474,1.118310650422258
1839.513230992397,1.1319411,0.05115318,1.1173861104913052
1839.5503674538413,1.0993726,0.052189622,1.116582410126132
1839.5875039152857,1.1089885,0.05178417,1.1159494329909518
1839.62464037673,1.1028358,0.051128063,1.1155136407973796
1839.6617768381745,1.1254301,0.052190468,1.1152504958903664
1839.6989132996189,1.1456602,0.05354684,1.1151084876171589
1839.7360497610632,1.0904895,0.050600626,1.1150546287423673
1839.7731862225075,1.0578033,0.051026322,1.1150870088363234
1839.810322683952,1.1552262,0.052115012,1.1152137486753968
1839.8474591453964,1.2185171,0.054027505,1.1154373219700617
1839.8845956068408,1.1328195,0.051265076,1.1157904501994413
1839.9217320682853,1.0677047,0.05131756,1.1163437462564125
1839.9588685297297,1.1438785,0.052299492,1.1171627670770534
1839.996004991174,1.1733985,0.053021833,1.1182797159243165
1840.0331414526183,1.1497811,0.053170346,1.1197267936498678
1840.070277914063,1.1570729,0.05327382,1.1215298410348105
1840.1074143755072,1.1153291,0.051467303,1.1236474882845964
1840.1445508369516,1.1097217,0.051491536,1.1259359947763254
1840.181687298396,1.0523304,0.050570723,1.12820432152572
1840.2188237598405,1.0699956,0.050833225,1.130398369456923
1840.2559602212848,1.1443037,0.05301155,1.1325283434772326
1840.2930966827291,1.1573209,0.05193327,1.1346057935670433
1840.3302331441735,1.1656626,0.05306378,1.136671459596828
1840.367369605618,1.0736418,0.050693057,1.13865369008974
1840.4045060670624,1.1116809,0.051703606,1.1402915160981384
1840.4416425285067,1.1584326,0.053309154,1.141319762755276
1840.478778989951,1.1023492,0.051583715,1.141600144988964
1840.5159154513956,1.1827909,0.05294294,1.1411477307153222
1840.55305191284,1.1230597,0.05218341,1.1401218451965982
1840.5901883742843,1.1042126,0.05147518,1.1388383333743604
1840.6273248357288,1.1898936,0.053984955,1.1376457274460692
1840.6644612971731,1.1193721,0.052056607,1.1367318619825453
1840.7015977586175,1.1494758,0.052574817,1.1360677005836348
1840.7387342200618,1.1192656,0.0518421,1.135546671853302
1840.7758706815064,1.0708953,0.051061332,1.1350891824889038
1840.8130071429507,1.1433475,0.052600168,1.1346964165484859
1840.850143604395,1.1511903,0.05315311,1.1344225676415491
1840.8872800658394,1.1622163,0.053138424,1.1343010537347178
1840.924416527284,1.146829,0.05208355,1.1343269262038453
1840.9615529887283,1.2243181,0.053814743,1.1344641616905664
1840.9986894501726,1.1489466,0.05347306,1.1346699793031079
1841.035825911617,1.1934271,0.053322244,1.1349146175228495
1841.0729623730615,1.1679114,0.05370749,1.1351632369224884
1841.1100988345058,1.1704395,0.052809596,1.135373746061381
1841.1472352959502,1.1558882,0.053064622,1.1355399703288973
1841.1843717573945,1.1626889,0.052400466,1.1356983071142834
1841.221508218839,1.1463885,0.052825358,1.1358892419167603
1841.2586446802834,1.1675065,0.053432394,1.1361365222551152
1841.2957811417277,1.0847814,0.051769044,1.1364531119332004
1841.3329176031723,1.0698848,0.05026408,1.1368476378934649
1841.3700540646166,1.1495689,0.05287952,1.1373281562815358
1841.407190526061,1.1838311,0.053047113,1.1378956139757315
1841.4443269875053,1.0878131,0.050473414,1.1385413917425493
1841.4814634489499,1.0477899,0.051689345,1.139243425840337
1841.5185999103942,1.0631424,0.050929885,1.1399374823433015
1841.5557363718385,1.0805326,0.050931685,1.1403749614571457
1841.5928728332829,1.102309,0.052193806,1.139924099293545
1841.6300092947274,1.0542918,0.050636243,1.138178701520359
1841.6671457561717,1.0347799,0.049713414,1.1353034274459621
1841.704282217616,1.0376692,0.050722077,1.1314798707396654
1841.7414186790604,1.083633,0.051271074,1.12661160589004
1841.778555140505,1.1659546,0.05290994,1.1205117560489883
1841.8156916019493,1.1491349,0.05242558,1.113148424952625
1841.8528280633936,1.0575588,0.050870024,1.1049995849007974
1841.889964524838,1.0666705,0.05020683,1.096900252784017
1841.9271009862825,1.0884761,0.05163498,1.089662251749993
1841.9642374477269,1.1281757,0.052494895,1.0834830663096557
1842.0013739091712,1.1218172,0.051942673,1.078125865609497
1842.0385103706158,1.121387,0.05186211,1.073435791799183
1842.07564683206,1.0968769,0.05107757,1.0693728330914234
1842.1127832935044,1.0280833,0.04958467,1.0658899607312682
1842.1499197549488,1.1170903,0.052343316,1.062964462842697
1842.1870562163933,1.1228993,0.052170437,1.060609852140466
1842.2241926778377,1.1136004,0.052491326,1.058809501821637
1842.261329139282,1.0790952,0.05062206,1.0575514971697968
1842.2984656007263,1.0570927,0.050291892,1.056831926647689
1842.335602062171,1.0340797,0.05031863,1.056642869608098
1842.3727385236152,1.0764493,0.0508811,1.056984113959623
1842.4098749850596,1.078122,0.051749602,1.0578518540814739
1842.447011446504,1.0817481,0.05150927,1.0592487938268353
1842.4841479079485,1.1058687,0.05113693,1.061177492630046
1842.5212843693928,1.0733728,0.05122552,1.0636547921209687
1842.5584208308371,1.0295221,0.05029889,1.066685488192157
1842.5955572922815,1.0829854,0.051186103,1.0703017112129949
1842.632693753726,1.0449773,0.05038096,1.0745262421430057
1842.6698302151704,1.0229299,0.04928362,1.0794185476700484
1842.7069666766147,1.0711287,0.051167842,1.0850268551049385
1842.744103138059,1.0787097,0.051745605,1.0914581532422112
1842.7812395995036,1.1372868,0.052645233,1.0986814382750218
1842.818376060948,1.1689647,0.05350566,1.1061119722209134
1842.8555125223922,1.1382735,0.052493565,1.1126084107790226
1842.8926489838368,1.117023,0.05229907,1.11766121355399
1842.9297854452811,1.1221807,0.05177281,1.1213985897661463
1842.9669219067255,1.1120143,0.052341618,1.1241795813633961
1843.0040583681698,1.0799352,0.051399358,1.126305192985653
1843.0411948296144,1.0663347,0.05059776,1.1276693901927337
1843.0783312910587,1.1456681,0.052500702,1.1279706993726664
1843.115467752503,1.1132895,0.051663753,1.1271211217807307
1843.1526042139474,1.1452066,0.052771106,1.1255905571643587
1843.189740675392,1.1726685,0.05381844,1.1240048208867046
1843.2268771368363,1.1529107,0.05260806,1.1226035717223102
1843.2640135982806,1.0967909,0.051018443,1.1214209590012552
1843.301150059725,1.1226275,0.05220433,1.1204460547112896
1843.3382865211695,1.1741884,0.052626077,1.119655011620155
1843.3754229826138,1.163972,0.053917497,1.1190193136183657
1843.4125594440582,1.2290224,0.054882005,1.1184926579683299
1843.4496959055025,1.1967417,0.053543556,1.117886590418642
1843.486832366947,1.1279145,0.05275907,1.1168474114578957
1843.5239688283914,1.1310818,0.05241465,1.1151694866699748
1843.5611052898357,1.1310309,0.052093767,1.1130227443826133
1843.5982417512803,1.138468,0.052924234,1.1108427619927297
1843.6353782127246,1.1777583,0.053513672,1.1090674557735252
1843.672514674169,1.1457158,0.0527605,1.1078532868598048
1843.7096511356133,1.1636769,0.052620776,1.1071460360552121
1843.7467875970578,1.157232,0.05296449,1.1068831107973787
1843.7839240585022,1.1910796,0.053718515,1.1070394669257662
1843.8210605199465,1.1162034,0.051493894,1.1076081781852594
1843.8581969813908,1.1748488,0.053529803,1.1085964299410433
1843.8953334428354,1.2248337,0.05459931,1.1100238549815753
1843.9324699042797,1.1323128,0.052160136,1.1119285838692368
1843.969606365724,1.1696117,0.052454427,1.114386527370863
1844.0067428271684,1.1445667,0.052532125,1.1175036565623704
1844.043879288613,1.1734016,0.052816316,1.1211920068072836
1844.0810157500573,1.1717145,0.053147227,1.1249086316821597
1844.1181522115016,1.1398151,0.053236056,1.1279201246937007
1844.155288672946,1.1731936,0.05382915,1.129587829343932
1844.1924251343905,1.1731478,0.052560087,1.1296524961080907
1844.2295615958349,1.1200392,0.052402325,1.128559718885308
1844.2666980572792,1.1537756,0.052477423,1.1271184102967124
1844.3038345187238,1.1318489,0.05231285,1.1258539900921027
1844.340970980168,1.1800098,0.054287255,1.1247525399151173
1844.3781074416124,1.2405872,0.054336596,1.1234293300230496
1844.4152439030568,1.1119919,0.05178845,1.1215975676260481
1844.4523803645013,1.0928609,0.05181942,1.1193465235652424
1844.4895168259457,1.0918769,0.05143955,1.116975611631096
1844.52665328739,1.1114818,0.051559374,1.1144928618668755
1844.5637897488343,1.0908457,0.051392965,1.111318757687692
1844.6009262102789,1.0986534,0.051183563,1.1071932514392309
1844.6380626717232,1.0731484,0.050962843,1.1023639880610812
1844.6751991331676,1.170132,0.052729547,1.0972004825651007
1844.712335594612,1.1760775,0.053897962,1.091952017298199
1844.7494720560564,1.0935014,0.051648196,1.0868419026049208
1844.7866085175008,1.0938593,0.052026693,1.0820296912621423
1844.8237449789451,1.1406369,0.052076723,1.0774066399167128
1844.8608814403894,1.1461405,0.05194769,1.0729682195954475
1844.898017901834,1.0910689,0.05134303,1.0687928727594311
1844.9351543632783,1.1477672,0.05336091,1.0647174038739817
1844.9722908247227,1.1394008,0.05294621,1.060559327710138
1845.009427286167,1.2132329,0.05445066,1.0564704965979947
1845.0465637476116,1.1162736,0.051437955,1.0528093851135834
1845.083700209056,1.0868809,0.050833374,1.049924031181391
1845.1208366705002,1.1126968,0.05250099,1.0479118176731637
1845.1579731319448,1.1453133,0.05235918,1.0467286009784331
1845.1951095933891,1.1500124,0.05270295,1.046332010359405
1845.2322460548335,1.1353652,0.05239556,1.046705637992192
1845.2693825162778,1.0938591,0.052085936,1.0478659090941624
1845.3065189777224,1.1182818,0.051897943,1.0498638669479747
1845.3436554391667,1.1442713,0.053192765,1.0527621918714865
1845.380791900611,1.0889829,0.052063577,1.0564815424420084
1845.4179283620554,1.0572368,0.05027129,1.0606790034341356
1845.4550648235,1.1093477,0.051548608,1.0650087334227267
1845.4922012849443,1.1152619,0.05224124,1.069350873107936
1845.5293377463886,1.1434475,0.052333873,1.0739515676981277
1845.566474207833,1.0943882,0.051301565,1.0791874536827168
1845.6036106692775,1.1498418,0.052144352,1.08510425827239
1845.6407471307218,1.1440948,0.051570892,1.0913421681982651
1845.6778835921662,1.092159,0.052002568,1.097468779892126
1845.7150200536105,1.1745168,0.05280344,1.1034987026845253
1845.752156515055,1.1361057,0.05263958,1.1098563947834026
1845.7892929764994,1.1416045,0.052396875,1.116592349059577
1845.8264294379437,1.179766,0.05333703,1.1230048929933798
1845.8635658993883,1.108904,0.051496487,1.1285304519965789
1845.9007023608326,1.1582806,0.052470166,1.132846646057385
1845.937838822277,1.1621621,0.053224087,1.1356839836084203
1845.9749752837213,1.1512964,0.05246529,1.1371434380602103
1846.0121117451658,1.0989227,0.052360922,1.1379208837980994
1846.0492482066102,1.2130537,0.054757994,1.1387215289370292
1846.0863846680545,1.1762486,0.052717604,1.1397886880686159
1846.1235211294988,1.086958,0.051028308,1.1411759655304026
1846.1606575909434,1.1456546,0.052597173,1.1427783174197996
1846.1977940523877,1.1799177,0.053060256,1.1441787857292574
1846.234930513832,1.2048429,0.054404818,1.1448141537476708
1846.2720669752764,1.2359495,0.05486022,1.1442985260357947
1846.309203436721,1.1937392,0.053508297,1.1427470332762504
1846.3463398981653,1.1925566,0.05315417,1.1406801254450984
1846.3834763596096,1.159833,0.05237868,1.1385993318300762
1846.420612821054,1.2130164,0.053220067,1.1367720100082157
1846.4577492824985,1.1722919,0.053158913,1.135188423094147
1846.4948857439429,1.1494702,0.05211661,1.1337590732233784
1846.5320222053872,1.1952828,0.0540239,1.132478916909279
1846.5691586668318,1.182588,0.053000376,1.1313779024531376
1846.606295128276,1.2086483,0.05335351,1.1304869999787361
1846.6434315897204,1.16015,0.052572284,1.1298176930406014
1846.6805680511648,1.1504346,0.052360646,1.1293650238836301
1846.7177045126093,1.1799281,0.05318147,1.1291294026532905
1846.7548409740536,1.1271437,0.051409233,1.1290977973258656
1846.791977435498,1.1337736,0.052087896,1.1292487471534824
1846.8291138969423,1.2369759,0.054339338,1.1295662490537706
1846.8662503583869,1.2014045,0.05416331,1.1300371231444202
1846.9033868198312,1.1494336,0.052723512,1.13060057705442
1846.9405232812755,1.1812319,0.053485733,1.1311814498315007
1846.9776597427199,1.2296716,0.0544295,1.13175981951938
1847.0147962041644,1.216412,0.05343188,1.1323738541609791
1847.0519326656088,1.225177,0.0539499,1.1330402010721103
1847.089069127053,1.1695567,0.05305171,1.1337942180611345
1847.1262055884974,1.2550522,0.05403324,1.1346777060750677
1847.163342049942,1.2972875,0.05657424,1.1356424438999466
1847.2004785113863,1.2336148,0.054272998,1.136547171420497
1847.2376149728307,1.1569221,0.052578293,1.1373264779566425
1847.274751434275,1.1115105,0.05210321,1.1380716139326905
1847.3118878957196,1.1341453,0.052582014,1.138916483594301
1847.349024357164,1.1615807,0.05224874,1.1399246934041694
1847.3861608186082,1.2178733,0.05383915,1.1411471902267178
1847.4232972800528,1.2116826,0.053206842,1.142644135720091
1847.4604337414971,1.2496285,0.053966086,1.1444436918666376
1847.4975702029415,1.241992,0.05491832,1.1463252712292316
1847.5347066643858,1.2036489,0.05347677,1.1479106159901546
1847.5718431258304,1.2097771,0.053986873,1.1489380451609896
1847.6089795872747,1.1846322,0.053684726,1.1494651356681576
1847.646116048719,1.1707737,0.053306133,1.149749027356802
1847.6832525101634,1.2382113,0.05408324,1.1499876200397128
1847.720388971608,1.186798,0.053723834,1.1502049529721035
1847.7575254330523,1.1526726,0.052805603,1.150353308368882
1847.7946618944966,1.1976374,0.05370675,1.1504038952117157
1847.831798355941,1.1948556,0.053852487,1.15034961694266
1847.8689348173855,1.1522367,0.053137332,1.1501967104782214
1847.9060712788298,1.2227607,0.05379897,1.1499821823827148
1847.9432077402741,1.2459682,0.054471385,1.1497760777432782
1847.9803442017185,1.198462,0.05337775,1.1496373805236129
1848.017480663163,1.1363279,0.051514193,1.1495931098208274
1848.0546171246074,1.1998942,0.05370821,1.1496348375641214
1848.0917535860517,1.1952058,0.05297218,1.1497334320938506
1848.1288900474963,1.2677932,0.054965526,1.1498700053652218
1848.1660265089406,1.2685438,0.05470707,1.1500574147719926
1848.203162970385,1.2304325,0.054246,1.1503232092573954
1848.2402994318293,1.1472138,0.052863654,1.150674957890348
1848.2774358932738,1.1082008,0.051073536,1.1510784951039363
1848.3145723547182,1.110875,0.05159778,1.1514706439987488
1848.3517088161625,1.1438972,0.05205718,1.1518201273571287
1848.3888452776068,1.1970495,0.053460084,1.1521633628621553
1848.4259817390514,1.2562451,0.054917138,1.1525365628987556
1848.4631182004957,1.2574693,0.054673158,1.1529051540044062
1848.50025466194,1.2369828,0.05343401,1.1531977507852407
1848.5373911233844,1.2184817,0.054097433,1.1533894899199044
1848.574527584829,1.2332573,0.05415652,1.1535253129241756
1848.6116640462733,1.2499082,0.054091606,1.153665616265895
1848.6488005077176,1.1318076,0.052557997,1.153848160778903
1848.685936969162,1.236709,0.05340419,1.1540822775269137
1848.7230734306065,1.1940782,0.053469565,1.154335983553513
1848.7602098920509,1.1790348,0.053590227,1.1545441357425434
1848.7973463534952,1.2092143,0.053429756,1.1546679183617867
1848.8344828149397,1.2130119,0.054539412,1.1547385687979335
1848.871619276384,1.232193,0.053947434,1.1548094782906384
1848.9087557378284,1.2574914,0.05471636,1.1549067425493484
1848.9458921992727,1.2638518,0.05422999,1.1550387140376408
1848.9830286607173,1.1859727,0.05335662,1.1552108344843963
1849.0201651221616,1.2614005,0.054098092,1.1554227066753449
1849.057301583606,1.1985425,0.05323241,1.155649864179212
1849.0944380450503,1.1745816,0.053784218,1.155816799115578
1849.1315745064949,1.1628051,0.051703364,1.1558021102891758
1849.1687109679392,1.1926602,0.05385982,1.1555383806728705
1849.2058474293835,1.1556492,0.053147387,1.1550919343999146
1849.2429838908279,1.1118484,0.051144797,1.1545692877978988
1849.2801203522724,1.1761649,0.052584145,1.1539605315792623
1849.3172568137168,1.2206132,0.054092817,1.153159870267707
1849.354393275161,1.2450373,0.053974535,1.1521655774920194
1849.3915297366054,1.1869254,0.053362735,1.151127289833234
1849.42866619805,1.2233071,0.0543626,1.1502008648848663
1849.4658026594943,1.1128063,0.051823862,1.1494330444410303
1849.5029391209387,1.1885364,0.052903127,1.148807607959219
1849.540075582383,1.2470776,0.054799106,1.1482922107920868
1849.5772120438276,1.1988623,0.05397791,1.1478608200036744
1849.614348505272,1.1570264,0.052061625,1.1474882595978289
1849.6514849667162,1.126977,0.051745284,1.147137525109339
1849.6886214281608,1.1993045,0.054264657,1.1467219795761525
1849.7257578896051,1.1737525,0.05281779,1.1460693312805568
1849.7628943510495,1.1348242,0.052427392,1.1450109049773975
1849.8000308124938,1.1462873,0.05236858,1.1435756668986363
1849.8371672739383,1.1764129,0.052319832,1.1419991830693563
1849.8743037353827,1.2110343,0.0536116,1.1405440528926556
1849.911440196827,1.1742215,0.052605618,1.1392777233552873
1849.9485766582713,1.117906,0.051419903,1.1381083646756927
1849.985713119716,1.1700678,0.053240314,1.1369153259285913
1850.0228495811602,1.221288,0.054272287,1.1356403832677668
1850.0599860426046,1.2618946,0.05413818,1.1342782906993403
1850.097122504049,1.1493108,0.052526403,1.1328400255760025
1850.1342589654935,1.153256,0.053127848,1.1313719323509288
1850.1713954269378,1.1333708,0.051885083,1.1300072353570176
1850.2085318883821,1.1702944,0.05272452,1.1289061549069555
1850.2456683498265,1.1355385,0.05252148,1.1281403516469304
1850.282804811271,1.0773398,0.050119583,1.1277003443565978
1850.3199412727154,1.227555,0.05459476,1.12756847772526
1850.3570777341597,1.2472262,0.05501736,1.1277113356400728
1850.3942141956043,1.172379,0.052643936,1.128040147062014
1850.4313506570486,1.2511268,0.05490073,1.128469534749815
1850.468487118493,1.1613321,0.0517509,1.1290137957151196
1850.5056235799373,1.1491017,0.05199662,1.1297391050642451
1850.5427600413818,1.1234486,0.05210248,1.1305997678929165
1850.5798965028262,1.2546439,0.054482978,1.131435730539547
1850.6170329642705,1.1744677,0.05280747,1.1321572946832303
1850.6541694257148,1.1830581,0.052550577,1.132829153054856
1850.6913058871594,1.1140105,0.051229395,1.13357999450215
1850.7284423486037,1.1595942,0.052866727,1.1344823063215943
1850.765578810048,1.148167,0.053377137,1.1355657686763199
1850.8027152714924,1.1710104,0.053372778,1.1368489264408657
1850.839851732937,1.1773928,0.0522839,1.1383498826498037
1850.8769881943813,1.0883106,0.051004644,1.1400801155838456
1850.9141246558256,1.1305112,0.05206921,1.142022942281776
1850.95126111727,1.1312761,0.05176724,1.144095939854573
1850.9883975787145,1.1699674,0.053308807,1.1461055787998493
1851.0255340401588,1.2009182,0.053593487,1.1478102032569988
1851.0626705016032,1.2309353,0.05354416,1.1491071220866318
1851.0998069630477,1.2044849,0.053823095,1.1500613595259181
1851.136943424492,1.239691,0.053690888,1.1507641555782469
1851.1740798859364,1.1946908,0.052463494,1.1512597332362735
1851.2112163473807,1.2184441,0.053520225,1.1516105093963052
1851.2483528088253,1.1949098,0.053141966,1.1519059377657839
1851.2854892702696,1.2307514,0.054534186,1.1521834632432304
1851.322625731714,1.1372465,0.05183913,1.1524013765457375
1851.3597621931583,1.1462916,0.053099472,1.152459603687631
1851.3968986546029,1.1182882,0.05167066,1.152280141233918
1851.4340351160472,1.1452769,0.05162493,1.1518904157751555
1851.4711715774915,1.2322521,0.054621987,1.1513657403751227
1851.5083080389359,1.2086397,0.053079564,1.1507370858392165
1851.5454445003804,1.2047758,0.053577244,1.1500457696733193
1851.5825809618248,1.1717063,0.05365414,1.1493849587119032
1851.619717423269,1.2181163,0.054290723,1.1488278545013526
1851.6568538847134,1.2257098,0.053557128,1.1483800074292383
1851.693990346158,1.1914409,0.053888805,1.147997721463385
1851.7311268076023,1.2018932,0.053678405,1.147636990178866
1851.7682632690467,1.141491,0.051436014,1.1472878618955589
1851.805399730491,1.0723675,0.050504416,1.1469896367993635
1851.8425361919356,1.1538131,0.05276261,1.1467844476526234
1851.8796726533799,1.1696099,0.05215439,1.1466855933144067
1851.9168091148242,1.176442,0.053598747,1.1466784415411309
1851.9539455762688,1.1985246,0.053661503,1.1467045322049918
1851.991082037713,1.1733072,0.051746935,1.146506558577074
1852.0282184991574,1.1222591,0.051756237,1.1454263491286705
1852.0653549606018,1.1738312,0.052926045,1.1429543909292905
1852.1024914220463,1.1572992,0.05216631,1.1391791849030577
1852.1396278834907,1.1399587,0.052095726,1.1344088742387146
1852.176764344935,1.1410421,0.05142451,1.1289968122012306
1852.2139008063793,1.1736044,0.05230382,1.1234945759926642
1852.251037267824,1.156873,0.052683488,1.118565824078545
1852.2881737292682,1.1881509,0.053162675,1.1145203145839389
1852.3253101907126,1.1923888,0.05387431,1.1112505599643505
1852.362446652157,1.1557035,0.052926574,1.108569091715367
1852.3995831136015,1.1704136,0.0528629,1.1062653326660685
1852.4367195750458,1.1663294,0.052189976,1.1041395488600891
1852.4738560364901,1.133009,0.05224795,1.1021417742118222
1852.5109924979345,1.1502253,0.05291001,1.1003920767303812
1852.548128959379,1.0778409,0.050627112,1.0989783244357083
1852.5852654208234,1.0948956,0.051001962,1.097942104392577
1852.6224018822677,1.1583943,0.052386098,1.0972992563326887
1852.6595383437123,1.0844966,0.050523426,1.0970564510381788
1852.6966748051566,1.1196282,0.051922567,1.0972084113038023
1852.733811266601,1.1640724,0.052483447,1.0976856174275333
1852.7709477280453,1.2097335,0.052879527,1.0983729567995235
1852.8080841894898,1.1982709,0.053039566,1.0992129379375095
1852.8452206509342,1.1432661,0.05166619,1.1002725256948898
1852.8823571123785,1.1387254,0.05244611,1.1016475429201271
1852.9194935738228,1.0897436,0.05192566,1.1034057782570716
1852.9566300352674,1.1493332,0.052716047,1.1055457323078846
1852.9937664967117,1.1745715,0.05308497,1.1080200279048986
1853.030902958156,1.0727013,0.05040687,1.1108231242006383
1853.0680394196004,1.1288569,0.051955476,1.1139721412994439
1853.105175881045,1.0688858,0.05060877,1.1175562210242214
1853.1423123424893,1.0248168,0.05014384,1.1216317389305457
1853.1794488039336,1.1349757,0.052501433,1.126338812096689
1853.216585265378,1.0867072,0.050118815,1.1318148413470692
1853.2537217268225,1.1534659,0.052763753,1.1380360015875368
1853.2908581882668,1.1889116,0.053720783,1.1441334968537078
1853.3279946497112,1.1163818,0.05137569,1.1488631429406317
1853.3651311111557,1.0738417,0.05040468,1.1512305746884963
1853.4022675726,1.1705835,0.05277999,1.1510220463998597
1853.4394040340444,1.1084377,0.05101167,1.148384439094655
1853.4765404954887,1.0763093,0.050581835,1.143901134740009
1853.5136769569333,1.1613237,0.052886996,1.1387303329380245
1853.5508134183776,1.1639532,0.051437147,1.133501168244575
1853.587949879822,1.2727369,0.05489944,1.127949562693018
1853.6250863412663,1.2041605,0.05382963,1.1218022010620494
1853.6622228027109,1.1020659,0.05115556,1.1152828656747196
1853.6993592641552,1.1291288,0.051439498,1.1087021170738836
1853.7364957255995,1.1250573,0.051734757,1.1022640506095547
1853.7736321870439,1.1617844,0.05253379,1.0960983607908883
1853.8107686484884,1.1818534,0.053014874,1.090309666387236
1853.8479051099328,1.1797495,0.05385192,1.0850857001305112
1853.885041571377,1.1732736,0.05260485,1.0804671299707858
1853.9221780328214,1.1689416,0.052673772,1.076460967285314
1853.959314494266,1.1726255,0.05295449,1.0731103723053264
1853.9964509557103,1.2068338,0.05358182,1.07038863846964
1854.0335874171546,1.0641546,0.050321247,1.0682763881457698
1854.070723878599,1.1207405,0.051911145,1.0667219755086632
1854.1078603400435,1.2029572,0.053202942,1.0657005364040861
1854.1449968014879,1.1282411,0.05150349,1.0652123616447022
1854.1821332629322,1.1178119,0.050963063,1.065239741258956
1854.2192697243768,1.1378809,0.052330807,1.0657625025517756
1854.256406185821,1.1094958,0.051492926,1.0667911725745194
1854.2935426472654,1.0562633,0.050208688,1.0683787241437812
1854.3306791087098,1.0803922,0.05097967,1.070557130686876
1854.3678155701543,1.0778158,0.050644606,1.0733497445603946
1854.4049520315987,1.0982264,0.051051132,1.0767949689056144
1854.442088493043,1.1002882,0.05187103,1.0809244861396858
1854.4792249544873,1.095863,0.051043164,1.0858367154074864
1854.516361415932,1.0953944,0.05110478,1.091684286520458
1854.5534978773762,1.1064677,0.051137142,1.0985637519108504
1854.5906343388206,1.0980805,0.050762203,1.1059629804684246
1854.627770800265,1.0439074,0.050472636,1.1132032567930055
1854.6649072617095,1.0045625,0.04912768,1.11992519855817
1854.7020437231538,1.0056666,0.048767198,1.1259218249881262
1854.7391801845981,0.93299085,0.04774614,1.1312269181717713
1854.7763166460425,0.9297484,0.047354296,1.1362450266160256
1854.813453107487,0.9922208,0.048521265,1.1412933246358903
1854.8505895689314,0.9159933,0.048122305,1.1459977412096256
1854.8877260303757,0.9121004,0.04734012,1.1499958731118314
1854.9248624918202,0.9382422,0.04704241,1.1531896990746828
1854.9619989532646,1.0302683,0.04924535,1.155708249439607
1854.999135414709,1.0818644,0.0505549,1.157639824874553
1855.0362718761533,1.1492076,0.051819976,1.1590181351205595
1855.0734083375978,1.1303769,0.052492928,1.1599542417479438
1855.1105447990421,1.1658694,0.05248411,1.1605944652182527
1855.1476812604865,1.1307236,0.05086501,1.1610340628397167
1855.1848177219308,1.1637992,0.05264843,1.1613346900732275
1855.2219541833754,1.175662,0.05227494,1.1615542111012949
1855.2590906448197,1.1099467,0.051497437,1.1617344622929142
1855.296227106264,1.1494545,0.052391205,1.1619024698420488
1855.3333635677084,1.0751498,0.050390143,1.1620770615581035
1855.370500029153,1.0998331,0.051416017,1.1622706477968097
1855.4076364905973,1.1405123,0.051704306,1.1624859330890622
1855.4447729520416,1.1058661,0.051144473,1.1626938715849269
1855.481909413486,1.1662276,0.05254167,1.1628177275062697
1855.5190458749305,1.1496952,0.052477088,1.1626685920985977
1855.5561823363748,1.1294792,0.051982865,1.1618096640876905
1855.5933187978192,1.0604945,0.049833037,1.1598084283089583
1855.6304552592637,1.1351868,0.05161046,1.1566747987506794
1855.667591720708,1.1934541,0.05320784,1.1527238176535577
1855.7047281821524,1.1622002,0.05201457,1.148479299828404
1855.7418646435967,1.1325892,0.051751006,1.1445199967139246
1855.7790011050413,1.1138161,0.05204533,1.1411060979724261
1855.8161375664856,1.105038,0.051334377,1.138159923685258
1855.85327402793,1.1148167,0.051607,1.135569916816868
1855.8904104893743,1.0780789,0.05031386,1.133268698370391
1855.9275469508189,1.1760479,0.052195225,1.1312144978983607
1855.9646834122632,1.1714801,0.05324547,1.1293804856695802
1856.0018198737075,1.0557915,0.05062445,1.1277692655139542
1856.0389563351519,1.0047815,0.050155472,1.1263629043633605
1856.0760927965964,1.0143073,0.048735015,1.1251251483315867
1856.1132292580407,0.9842912,0.048806548,1.1239175244422424
1856.150365719485,0.9722389,0.048591875,1.1222088422646204
1856.1875021809294,0.96106684,0.047907256,1.1192022340280263
1856.224638642374,0.92847663,0.048047192,1.114754650937958
1856.2617751038183,0.88055086,0.045918692,1.1091399030360984
1856.2989115652626,0.78797096,0.044192463,1.1026516761843599
1856.336048026707,0.7207974,0.04280994,1.0956430884784232
1856.3731844881515,0.73754805,0.042526856,1.0886830766390232
1856.4103209495959,0.6501476,0.04055652,1.0824697744539562
1856.4474574110402,0.64954966,0.04092149,1.0772223585274552
1856.4845938724848,0.52138567,0.036870092,1.072643243348792
1856.521730333929,0.39942074,0.03301465,1.0683930008972888
1856.5588667953734,0.35565746,0.031570777,1.0644483636392474
1856.5960032568178,0.36051407,0.031721722,1.0610896625057338
1856.6331397182623,0.44120356,0.034566738,1.0586572443096605
1856.6702761797067,0.5021402,0.03684323,1.0572997183387205
1856.707412641151,0.6255978,0.04002194,1.0570306418322806
1856.7445491025953,0.72701514,0.04278041,1.0578964950125327
1856.78168556404,0.80756694,0.04523998,1.0598817961696954
1856.8188220254842,0.8543778,0.045508437,1.0625469238288237
1856.8559584869286,0.9027106,0.046738457,1.0652336532418905
1856.893094948373,0.9334396,0.047730148,1.067483923402615
1856.9302314098175,1.0137312,0.048855655,1.0691115650261955
1856.9673678712618,0.96576464,0.048448905,1.0702781245290232
1857.0045043327061,0.9768333,0.04912212,1.071457403064185
1857.0416407941507,0.95150137,0.047458,1.0730022226680935
1857.078777255595,0.95568407,0.04790229,1.0750216844370315
1857.1159137170393,0.96655756,0.048652716,1.0775461697312012
1857.1530501784837,1.0349879,0.049929574,1.08057445991803
1857.1901866399282,0.96986645,0.0480527,1.0841297876672078
1857.2273231013726,1.021342,0.049750682,1.088241105546962
1857.264459562817,1.0258793,0.05013091,1.0929949673812462
1857.3015960242612,1.0480477,0.04983438,1.098508257207675
1857.3387324857058,1.0558499,0.050339043,1.1049470485400035
1857.3758689471501,1.0792704,0.051282726,1.112457829715399
1857.4130054085945,1.0643204,0.050145194,1.120730876697705
1857.4501418700388,1.1010754,0.051382765,1.12881964083028
1857.4872783314834,1.1443708,0.05254102,1.1361393209737847
1857.5244147929277,1.1876029,0.05268567,1.1424084907339798
1857.561551254372,1.1797185,0.05331588,1.1474220027959208
1857.5986877158164,1.1493491,0.052039526,1.1510428672057957
1857.635824177261,1.1731488,0.05306758,1.153542127494581
1857.6729606387053,1.1864816,0.05326238,1.1555721991504342
1857.7100971001496,1.1718109,0.052706227,1.157580203006116
1857.747233561594,1.1988006,0.053765837,1.1595021865510944
1857.7843700230385,1.2323313,0.05365112,1.1610256779778778
1857.8215064844828,1.2381631,0.053939003,1.161930209074973
1857.8586429459272,1.2193058,0.053792663,1.1622949611896076
1857.8957794073717,1.1431786,0.05307873,1.1623967960369512
1857.932915868816,1.1316569,0.052811068,1.162439744699653
1857.9700523302604,1.2019129,0.053212617,1.1624934311469952
1858.0071887917047,1.1675096,0.052762937,1.1625703658053514
1858.0443252531493,1.1877009,0.052857064,1.1626710744605318
1858.0814617145936,1.2169807,0.053293932,1.1627958036478852
1858.118598176038,1.1772671,0.052842535,1.162938820635812
1858.1557346374823,1.2594237,0.055333592,1.1630728282407063
1858.1928710989268,1.1468818,0.05192569,1.1631300707271346
1858.2300075603712,1.1963042,0.053130068,1.1630389679556812
1858.2671440218155,1.2564533,0.053459506,1.1628046110180261
1858.3042804832598,1.2373258,0.054007884,1.1625196549806387
1858.3414169447044,1.3009714,0.05626519,1.1622729464366346
1858.3785534061487,1.2066035,0.053716242,1.1620938709172677
1858.415689867593,1.1799785,0.05306822,1.1619595055577963
1858.4528263290374,1.2943425,0.05526827,1.1618298378549978
1858.489962790482,1.2323563,0.054020606,1.161685983781593
1858.5270992519263,1.2190682,0.053597268,1.1615376344890707
1858.5642357133706,1.1769485,0.05335039,1.1614003757642868
1858.6013721748152,1.1795368,0.05335868,1.161283945988962
1858.6385086362595,1.1107111,0.051394556,1.1611915090587146
1858.6756450977039,1.1970704,0.053833228,1.1611226409687823
1858.7127815591482,1.2364241,0.054181423,1.16107644288072
1858.7499180205928,1.2111778,0.053349957,1.1610502261190399
1858.787054482037,1.208401,0.05333597,1.1610427308823679
1858.8241909434814,1.2136375,0.053871963,1.1610535137258222
1858.8613274049258,1.1308421,0.052067608,1.1610811535355396
1858.8984638663703,1.1889734,0.0529262,1.1611239403834737
1858.9356003278147,1.2675798,0.054524932,1.1611832980933483
1858.972736789259,1.1648799,0.052135635,1.1612654231673911
1859.0098732507033,1.1632627,0.052232027,1.1613776902417439
1859.0470097121479,1.2265171,0.054614864,1.1615247916554132
1859.0841461735922,1.2182993,0.05414816,1.1617014528091878
1859.1212826350366,1.160791,0.052090004,1.1618950142072062
1859.1584190964809,1.1699911,0.053204738,1.162096498496516
1859.1955555579254,1.1992359,0.05370792,1.162310539370055
1859.2326920193698,1.1874491,0.05259621,1.1625407535107752
1859.269828480814,1.204626,0.053989843,1.1627855242311844
1859.3069649422587,1.1657863,0.052621882,1.1630439008477853
1859.344101403703,1.1227154,0.051081132,1.1633273914717595
1859.3812378651473,1.1696224,0.05349916,1.163646165859875
1859.4183743265917,1.21738,0.05380604,1.1639746776934197
1859.4555107880362,1.1685601,0.052993357,1.1641258581012262
1859.4926472494806,1.1703839,0.05343136,1.1635063791865228
1859.529783710925,1.1914698,0.053403337,1.1613006488522672
1859.5669201723692,1.2123288,0.05298046,1.1572844180881636
1859.6040566338138,1.1904473,0.053403404,1.151699532172791
1859.6411930952581,1.1852295,0.053215794,1.1447995907557567
1859.6783295567025,1.201365,0.052907534,1.1369577309558325
1859.7154660181468,1.1801997,0.052601077,1.1287774429702813
1859.7526024795914,1.1804805,0.052980386,1.120959235148177
1859.7897389410357,1.1409392,0.051827904,1.113644811338506
1859.82687540248,1.1498001,0.052482385,1.1067891485078105
1859.8640118639244,1.1069143,0.05166748,1.100362764765963
1859.901148325369,1.0944823,0.051376086,1.0943685568098243
1859.9382847868133,1.1807114,0.053323723,1.0887018034796805
1859.9754212482576,1.1657355,0.052018546,1.0832612227310525
1860.012557709702,1.1200808,0.051915545,1.0780371425041397
1860.0496941711465,1.139904,0.052451737,1.0731085460604937
1860.0868306325908,1.1327084,0.052178036,1.0686214729453734
1860.1239670940352,1.1283227,0.052744146,1.0646745776078979
1860.1611035554797,1.1209899,0.05158425,1.0613664976365453
1860.198240016924,1.2117739,0.05379054,1.0587651148266581
1860.2353764783684,1.1543081,0.052497443,1.0568804597155426
1860.2725129398127,1.0421537,0.05072245,1.0556852929590437
1860.3096494012573,1.0841246,0.051042657,1.0551578371151404
1860.3467858627016,1.0468005,0.049490705,1.0552781117917052
1860.383922324146,1.076167,0.050564013,1.056040664010874
1860.4210587855903,1.0552772,0.050356057,1.0574570373820766
1860.4581952470348,1.1038592,0.051271316,1.0595467679764834
1860.4953317084792,1.1237217,0.05197792,1.0623338141815784
1860.5324681699235,1.1330118,0.05235294,1.0658238273899698
1860.5696046313678,1.1457605,0.0517135,1.0700312060773276
1860.6067410928124,1.1118255,0.05154404,1.0750171916578353
1860.6438775542567,1.1430094,0.052016914,1.0808578735069667
1860.681014015701,1.0674527,0.050328273,1.0876883977668548
1860.7181504771454,1.1388688,0.052633226,1.0956985688398853
1860.75528693859,1.139658,0.052317154,1.1046183036653798
1860.7924234000343,1.128656,0.05189637,1.1136800869629297
1860.8295598614786,1.1979064,0.053522192,1.1222207526558905
1860.866696322923,1.1866333,0.053653453,1.1298845895651524
1860.9038327843675,1.1651099,0.05254983,1.1363418686273143
1860.9409692458119,1.2221619,0.05400409,1.1413722188152344
1860.9781057072562,1.241965,0.054798182,1.1452132601699518
1861.0152421687008,1.1810167,0.05250722,1.1484377163217347
1861.052378630145,1.1057014,0.05208537,1.1513280592829735
1861.0895150915894,1.1284934,0.05258178,1.153965530519517
1861.1266515530338,1.2227986,0.053044654,1.1564322815090695
1861.1637880144783,1.203924,0.05366184,1.15878745738536
1861.2009244759226,1.2632892,0.05451448,1.1609874228834487
1861.238060937367,1.1784116,0.052723274,1.1629063547798366
1861.2751973988113,1.1071346,0.05129832,1.1644026679821216
1861.3123338602559,1.1792866,0.05290907,1.1654314744575265
1861.3494703217002,1.1632944,0.053177923,1.1660253602605086
1861.3866067831445,1.1023403,0.051497232,1.1662672164684633
1861.4237432445889,1.1619855,0.053597193,1.1662784410272335
1861.4608797060334,1.1629198,0.052596256,1.1661588661276467
1861.4980161674778,1.2493211,0.05403147,1.165948064216371
1861.535152628922,1.2750667,0.055024087,1.1656686246379735
1861.5722890903667,1.1985154,0.0537963,1.1653576435878734
1861.609425551811,1.2066149,0.053448435,1.1650102057543994
1861.6465620132553,1.1552345,0.0526046,1.1645250463068328
1861.6836984746997,1.1255987,0.051615246,1.16378015939745
1861.7208349361442,1.1776221,0.052758206,1.1627882718216789
1861.7579713975886,1.1836034,0.052961614,1.161677897369739
1861.795107859033,1.1425236,0.052553955,1.160500671414057
1861.8322443204772,1.1458644,0.05292991,1.1589220829296984
1861.8693807819218,1.1147408,0.05122502,1.1561140006322668
1861.9065172433661,1.1536101,0.052330505,1.1516570243385233
1861.9436537048105,1.1713105,0.052522067,1.1457745275738
1861.9807901662548,1.129309,0.052040428,1.1387439823202978
1862.0179266276994,1.116049,0.05243708,1.1308316108514065
1862.0550630891437,1.0261555,0.049365982,1.1223539283895716
1862.092199550588,1.071697,0.050495703,1.113570566304074
1862.1293360120324,1.1706775,0.052510355,1.1043786619410643
1862.166472473477,1.0681634,0.050673693,1.0945552997272734
1862.2036089349212,1.0555929,0.050318647,1.0842203412150933
1862.2407453963656,1.0904804,0.050731856,1.0736092759007985
1862.27788185781,1.1095394,0.051044963,1.0631058119634424
1862.3150183192545,1.0547373,0.050335363,1.053378479965001
1862.3521547806988,0.99194366,0.048528988,1.045037424949049
1862.3892912421431,1.0614948,0.050766405,1.0380844629048482
1862.4264277035877,1.0378869,0.050609387,1.032310672908729
1862.463564165032,1.0292662,0.04998804,1.0275941918005627
1862.5007006264764,0.92778486,0.047707893,1.0238657974834695
1862.5378370879207,0.98183423,0.048592318,1.0210703103806151
1862.5749735493653,1.0030416,0.049044095,1.019154891484254
1862.6121100108096,1.0,0.049440205,1.018077506668288
1862.649246472254,0.98318875,0.049683116,1.0178235981508894
1862.6863829336983,0.9625235,0.048524655,1.0184062598744332
1862.7235193951428,0.9880331,0.0485019,1.019831874034514
1862.7606558565872,0.9009472,0.04690171,1.0220749024775815
1862.7977923180315,0.9006339,0.04695232,1.0251255122749212
1862.8349287794758,0.8969823,0.04636482,1.029035377945125
1862.8720652409204,0.90730363,0.04751469,1.03385260084739
1862.9092017023647,0.8988658,0.046783395,1.0395791610560594
1862.946338163809,0.94264466,0.047872763,1.0460868345944656
1862.9834746252534,0.95341235,0.04853662,1.0533367983688167
1863.020611086698,0.89992553,0.046721287,1.0614854806417169
1863.0577475481423,0.96991193,0.048322804,1.0708061395733615
1863.0948840095866,1.0272813,0.049831897,1.0812642052378783
1863.1320204710312,1.0588561,0.050615788,1.0920630392326562
1863.1691569324755,1.0567229,0.05020296,1.1024934175109422
1863.2062933939199,1.0386983,0.050297786,1.1123317484550177
1863.2434298553642,1.072083,0.05083147,1.121436871948906
1863.2805663168087,1.026308,0.049279436,1.129782026185699
1863.317702778253,1.1138128,0.051750287,1.1374324763260755
1863.3548392396974,1.1306745,0.052388716,1.1446401257801382
1863.3919757011417,1.1447295,0.052179728,1.151226168536599
1863.4291121625863,1.115415,0.05161684,1.1568065923194029
1863.4662486240306,1.1468408,0.05227847,1.1611301591563006
1863.503385085475,1.155578,0.05152644,1.1639694809755292
1863.5405215469193,1.1818483,0.05327891,1.165233897024717
1863.5776580083639,1.1899085,0.053672843,1.1652888172209646
1863.6147944698082,1.2300246,0.05406313,1.1648437999428571
1863.6519309312525,1.2069571,0.052365962,1.1642934927332855
1863.6890673926969,1.2058412,0.053969607,1.1637676891603324
1863.7262038541414,1.130048,0.052111443,1.1633045914012314
1863.7633403155858,1.115267,0.05120219,1.1629084828079714
1863.80047677703,1.1158718,0.052271713,1.1625628875729026
1863.8376132384747,1.1752632,0.052300606,1.1622074713152077
1863.874749699919,1.1642011,0.052068487,1.161686754956592
1863.9118861613633,1.1381687,0.052404646,1.1608110310290725
1863.9490226228077,1.1244302,0.051747024,1.159570384117775
1863.9861590842522,1.1025983,0.050968926,1.1581855713998048
1864.0232955456966,1.1280441,0.05190251,1.1569129370209832
1864.060432007141,1.1377889,0.051521983,1.1558586073177661
1864.0975684685852,1.1767426,0.052583344,1.1550064674510816
1864.1347049300298,1.069108,0.05081682,1.1543184508227529
1864.1718413914741,1.1059045,0.050391447,1.153746975377497
1864.2089778529185,1.0745224,0.051316667,1.153106763257472
1864.2461143143628,1.0033249,0.048835088,1.1518156929878045
1864.2832507758073,0.96110684,0.04767392,1.1492196140115372
1864.3203872372517,0.9918278,0.049704738,1.1452356623876645
1864.357523698696,0.90493196,0.046743955,1.140081060733158
1864.3946601601403,1.02802,0.049440723,1.1340642644463033
1864.431796621585,0.98162025,0.04837716,1.1276804824061042
1864.4689330830292,0.86635715,0.045950994,1.1217281544446993
1864.5060695444736,0.7404753,0.042705543,1.116499687377757
1864.543206005918,0.6962104,0.042049687,1.1113660288967462
1864.5803424673625,0.6237232,0.040547606,1.1056969088934876
1864.6174789288068,0.524413,0.036557686,1.0994406553280314
1864.6546153902511,0.5376285,0.03759574,1.0927933096837152
1864.6917518516957,0.5275881,0.03706578,1.0861493436401455
1864.72888831314,0.60789657,0.038675647,1.0800939032631345
1864.7660247745844,0.61780244,0.040431235,1.0750696746332542
1864.8031612360287,0.6874497,0.041291934,1.0710707789134681
1864.8402976974733,0.8352815,0.04555996,1.0678149924273983
1864.8774341589176,0.9395202,0.047861587,1.0651306582712925
1864.914570620362,0.97552556,0.04881395,1.062999011659498
1864.9517070818063,1.052565,0.050308235,1.0614741202265727
1864.9888435432508,0.9994031,0.049216762,1.0606282289853937
1865.0259800046952,0.98971504,0.04918432,1.06049175845456
1865.0631164661395,1.0264888,0.049371842,1.061101883030594
1865.1002529275838,1.0384738,0.049790304,1.0624716979291071
1865.1373893890284,1.0238944,0.050180502,1.0645057949099705
1865.1745258504727,0.99564457,0.04933111,1.0669300755456177
1865.211662311917,0.9819324,0.048357386,1.0695470318525087
1865.2487987733614,0.9336059,0.048557375,1.0723618956405745
1865.285935234806,1.0530533,0.049999036,1.075594693092124
1865.3230716962503,1.0577314,0.050683595,1.0794095287100989
1865.3602081576946,1.0735862,0.05019207,1.083940118597228
1865.3973446191392,1.0850431,0.05023473,1.089258312363191
1865.4344810805835,1.1197435,0.051416352,1.0955678049101443
1865.4716175420278,1.1214094,0.052094564,1.1029812844058011
1865.5087540034722,1.0899762,0.051674057,1.1111791756077654
1865.5458904649167,1.1331526,0.051467676,1.1192741777086215
1865.583026926361,1.1278964,0.052267097,1.1267465758780935
1865.6201633878054,1.1393592,0.05166231,1.1332549978011461
1865.6572998492497,1.1325374,0.05142259,1.1386758007808957
1865.6944363106943,1.1671597,0.05311989,1.1431077609287845
1865.7315727721386,1.2047292,0.052960835,1.1473046136875276
1865.768709233583,1.179423,0.0521282,1.151915617578305
1865.8058456950273,1.1550149,0.052153286,1.1568017994649051
1865.8429821564719,1.158349,0.05265106,1.1612748229351997
1865.8801186179162,1.188731,0.05270029,1.1649034002765994
1865.9172550793605,1.1980335,0.05375492,1.1674219459552986
1865.9543915408049,1.1718138,0.052221455,1.1687769373157568
1865.9915280022494,1.213626,0.053107426,1.169267267452123
1866.0286644636938,1.2024859,0.05298852,1.1694442667594585
1866.065800925138,1.2062379,0.052459683,1.1695764533510125
1866.1029373865827,1.1628742,0.053298377,1.1696897532190673
1866.140073848027,1.1978633,0.05278767,1.169738102657491
1866.1772103094713,1.1546367,0.052478544,1.1696592279475366
1866.2143467709157,1.1638482,0.052493177,1.1694168349685454
1866.2514832323602,1.2194817,0.053401962,1.169039564489883
1866.2886196938045,1.2539372,0.05420749,1.16862257793799
1866.3257561552489,1.2140509,0.053338338,1.1682434503255745
1866.3628926166932,1.2012823,0.05291422,1.1679228227445666
1866.4000290781378,1.1919407,0.053038396,1.1676531320489376
1866.437165539582,1.1819636,0.05180588,1.1674216418730425
1866.4743020010264,1.2204907,0.054154042,1.16722205320593
1866.5114384624708,1.2127302,0.053220164,1.1670505329108258
1866.5485749239153,1.1485322,0.051921416,1.1669039283896772
1866.5857113853597,1.189103,0.053253118,1.1667800130393289
1866.622847846804,1.32842,0.055666137,1.1666743373609272
1866.6599843082483,1.207606,0.05311518,1.1665635628900008
1866.697120769693,1.1830329,0.052876893,1.1663547480065817
1866.7342572311372,1.2342235,0.054852445,1.1658479680454041
1866.7713936925816,1.217537,0.05337257,1.164870083058335
1866.808530154026,1.2225496,0.053435504,1.1634663659174036
1866.8456666154705,1.1579369,0.05344228,1.1619154639777922
1866.8828030769148,1.1608487,0.051860612,1.1604987647268188
1866.9199395383591,1.2042246,0.05345092,1.159314594205577
1866.9570759998037,1.1569551,0.052739482,1.1583265989177192
1866.994212461248,1.2059387,0.052505348,1.157488088729631
1867.0313489226924,1.1643922,0.05309829,1.156769697296822
1867.0684853841367,1.2384596,0.054104667,1.1561614670579772
1867.1056218455813,1.2325227,0.05396871,1.1556582844406003
1867.1427583070256,1.2464095,0.0544591,1.155255427362271
1867.17989476847,1.23466,0.053725272,1.1549485554611922
1867.2170312299143,1.123983,0.0524498,1.1547436569303973
1867.2541676913588,1.167409,0.051931504,1.1546466438859868
1867.2913041528031,1.2478552,0.053607363,1.1546553967181543
1867.3284406142475,1.2575697,0.05423014,1.154763430847737
1867.3655770756918,1.1957147,0.05358865,1.1549751317675412
1867.4027135371364,1.1643513,0.05321748,1.1552989166785397
1867.4398499985807,1.186835,0.052953955,1.1557091194613742
1867.476986460025,1.2211676,0.05322193,1.1561196941914518
1867.5141229214694,1.1909485,0.052590657,1.1564602425554087
1867.551259382914,1.1841588,0.052745193,1.1567441128915892
1867.5883958443583,1.1944673,0.052185196,1.1570359987910046
1867.6255323058026,1.1499602,0.05288312,1.157384629152089
1867.6626687672472,1.2380505,0.053461783,1.157811010285263
1867.6998052286915,1.2298359,0.05382108,1.1583191543824105
1867.7369416901358,1.1831537,0.05212625,1.1589126792778328
1867.7740781515802,1.1830192,0.052270215,1.1595783045688104
1867.8112146130247,1.0833145,0.050937567,1.160262378360322
1867.848351074469,1.1057783,0.0512645,1.1608913885108114
1867.8854875359134,1.1601382,0.052242104,1.161475026730968
1867.9226239973577,1.2271141,0.052601613,1.1621566925751468
1867.9597604588023,1.1761029,0.052604847,1.163069842297289
1867.9968969202466,1.1885346,0.05277093,1.1640962847897462
1868.034033381691,1.1883149,0.05219655,1.1649210487248962
1868.0711698431353,1.195462,0.054081384,1.1652838388611633
1868.1083063045799,1.2052041,0.05259304,1.1651557888474584
1868.1454427660242,1.2180219,0.0532709,1.1646734544120418
1868.1825792274685,1.230197,0.05369701,1.1638842019386542
1868.2197156889129,1.2600346,0.054776177,1.162737071893091
1868.2568521503574,1.3103418,0.05448411,1.1613061914003064
1868.2939886118018,1.2109808,0.053751837,1.159828200970682
1868.331125073246,1.2141318,0.052679587,1.1585153454970407
1868.3682615346906,1.2259982,0.05332728,1.157416703398129
1868.405397996135,1.2662398,0.05485164,1.1564898221333904
1868.4425344575793,1.1817123,0.053105313,1.1556912224118734
1868.4796709190236,1.2421396,0.053618256,1.154999842702261
1868.5168073804682,1.1968244,0.052796803,1.1544123504967176
1868.5539438419125,1.2552078,0.05429283,1.153930869404188
1868.5910803033569,1.2238299,0.052834664,1.1535559089984835
1868.6282167648012,1.163422,0.053314276,1.1532854934316057
1868.6653532262458,1.1569148,0.05246456,1.1531175797087376
1868.70248968769,1.2441245,0.05365779,1.1530512720293404
1868.7396261491344,1.1791141,0.0533302,1.1530851443730485
1868.7767626105788,1.1735109,0.051889535,1.1532144252986183
1868.8138990720233,1.1514425,0.051347416,1.1534327825353623
1868.8510355334677,1.2144635,0.05346014,1.1537376125459353
1868.888171994912,1.2067426,0.052781757,1.1541274955165162
1868.9253084563563,1.1914177,0.053857315,1.1545961977055748
1868.962444917801,1.1315631,0.051647346,1.1551434482555654
1868.9995813792452,1.190414,0.05350398,1.1557964277215003
1869.0367178406896,1.2792741,0.053605657,1.1565956363952075
1869.073854302134,1.1813365,0.052742023,1.1575272260755058
1869.1109907635785,1.1128591,0.051846966,1.1584821866863284
1869.1481272250228,1.1904298,0.052676342,1.159340415858796
1869.1852636864671,1.2087607,0.052546818,1.1600867489692352
1869.2224001479117,1.1937089,0.053080812,1.1608132079379438
1869.259536609356,1.1610497,0.052230418,1.1616090416293345
1869.2966730708004,1.1671005,0.05228811,1.1625232759069863
1869.3338095322447,1.2059371,0.053420737,1.163571927149881
1869.3709459936892,1.1626503,0.05248266,1.164747660592882
1869.4080824551336,1.2381388,0.05364937,1.1660177758148524
1869.445218916578,1.1589155,0.05155776,1.1672573474951489
1869.4823553780222,1.2468753,0.053977124,1.1682320003943696
1869.5194918394668,1.2188014,0.05319211,1.1687948084346962
1869.5566283009111,1.2066208,0.05377111,1.169006441871641
1869.5937647623555,1.2074255,0.05480331,1.1690529660982591
1869.6309012237998,1.2318531,0.06190443,1.1690504812796219
1869.6680376852444,1.277917,0.06332102,1.1690193981311534
1869.7051741466887,1.2419105,0.06267723,1.1689370964048496
1869.742310608133,1.2127548,0.062171593,1.1687494506643499
1869.7794470695774,1.1309922,0.0593821,1.1683369186029595
1869.816583531022,1.1885355,0.060925506,1.1674515394824185
1869.8537199924663,1.1381681,0.05964786,1.1658142930415436
1869.8908564539106,1.1955397,0.061864227,1.163416757579768
1869.9279929153552,1.2032279,0.060993273,1.1605390037716645
1869.9651293767995,1.1652007,0.061364096,1.157655737212949
1870.0022658382438,1.1497476,0.06056286,1.1551270557292046
1870.0394022996882,1.1867119,0.060665768,1.152999729065063
1870.0765387611327,1.2850937,0.063635506,1.1511818647797687
1870.113675222577,1.2140508,0.061676934,1.1496104383458148
1870.1508116840214,1.2411652,0.06179221,1.148254605290467
1870.1879481454657,1.2503735,0.06254982,1.1470841169229251
1870.2250846069103,1.2136259,0.062272552,1.146062513567078
1870.2622210683546,1.2026057,0.061091546,1.1451676929196681
1870.299357529799,1.2068241,0.061613634,1.1444043011261642
1870.3364939912433,1.2069329,0.062417574,1.1437841596443428
1870.3736304526878,1.2231429,0.060998864,1.1433060903244692
1870.4107669141322,1.1890858,0.060148586,1.1429678385737523
1870.4479033755765,1.128512,0.06004814,1.14276165642557
1870.4850398370208,1.2349591,0.06193772,1.142683125260438
1870.5221762984654,1.2165755,0.06270658,1.142733216201531
1870.5593127599097,1.1355848,0.060319718,1.1429093630534566
1870.596449221354,1.1829646,0.060857132,1.143197952724206
1870.6335856827986,1.2116966,0.061430372,1.1435847326376756
1870.670722144243,1.19087,0.06135212,1.144067653206327
1870.7078586056873,1.1878153,0.06125276,1.1446660724743984
1870.7449950671316,1.1283715,0.059149303,1.1454124423041878
1870.7821315285762,1.0816993,0.05799164,1.146326939573671
1870.8192679900205,1.1071032,0.059930563,1.14743730441521
1870.8564044514649,1.0831597,0.058684148,1.1487600537656142
1870.8935409129092,1.0855336,0.059422486,1.15030603849782
1870.9306773743538,1.1016992,0.059801996,1.1520950361656377
1870.967813835798,1.1949044,0.061129212,1.1541306530825892
1871.0049502972424,1.1667632,0.0605939,1.1564003186285725
1871.0420867586868,1.1259805,0.059588686,1.158804922594149
1871.0792232201313,1.1617403,0.059754405,1.1607429598489987
1871.1163596815757,1.1171374,0.059594624,1.1611236341801896
1871.15349614302,1.143102,0.061066475,1.1593223577459995
1871.1906326044643,1.1402242,0.06446498,1.1554367843839461
1871.227769065909,1.0984133,0.073668614,1.1499567241894022
1871.2649055273532,1.1365837,0.07414813,1.143710894234925
1871.3020419887976,1.1500379,0.07504072,1.1375121318643604
1871.339178450242,1.0196484,0.07114689,1.1319446263298525
1871.3763149116864,1.0475636,0.071867436,1.1268693517202522
1871.4134513731308,1.0731753,0.07232898,1.1221127804901512
1871.4505878345751,1.0651896,0.0723732,1.1176980702014627
1871.4877242960197,1.0830224,0.07324958,1.1137582935134298
1871.524860757464,1.1221387,0.07306383,1.1103434490109947
1871.5619972189083,1.0779413,0.07288832,1.1074395604973635
1871.5991336803527,1.0158417,0.07088134,1.105012104539489
1871.6362701417972,1.0650594,0.07232309,1.1030341850126657
1871.6734066032416,1.0354978,0.071201526,1.1014850236783182
1871.710543064686,1.0384539,0.07107173,1.1003455629502468
1871.7476795261302,1.0493828,0.072125465,1.0996029194417467
1871.7848159875748,1.114041,0.07437308,1.0992519840000359
1871.8219524490191,1.1356562,0.07203111,1.099291716083075
1871.8590889104635,1.1437391,0.0756861,1.0997118678117972
1871.8962253719078,0.99599653,0.070707664,1.1004873578139112
1871.9333618333524,1.0494244,0.07175084,1.10159303415129
1871.9704982947967,1.0552605,0.07274071,1.1030291583654424
1872.007634756241,1.0721276,0.07203086,1.1047985692685303
1872.0447712176856,1.155907,0.07355105,1.1069342437307474
1872.08190767913,1.2362562,0.07729537,1.1094474856448828
1872.1190441405743,1.1597481,0.07563588,1.1123817149939528
1872.1561806020186,1.1218542,0.07303025,1.1157509201845328
1872.1933170634632,1.1113559,0.072992004,1.1195946024644141
1872.2304535249075,1.1248991,0.075317614,1.1239809697517105
1872.2675899863518,1.0985094,0.07147059,1.1289822667598282
1872.3047264477962,1.0464771,0.06943428,1.1348005553709966
1872.3418629092407,1.1229217,0.07433434,1.1413212005822597
1872.378999370685,1.077997,0.07128024,1.1477945781134191
1872.4161358321294,1.1347197,0.075632274,1.1532122602094228
1872.4532722935737,1.1365439,0.0743288,1.1565824237635236
1872.4904087550183,1.0579656,0.071537524,1.1574297445212909
1872.5275452164626,1.0552016,0.07049019,1.1558366713125214
1872.564681677907,1.0146931,0.070465595,1.1524984986899312
1872.6018181393513,1.1443479,0.075128585,1.1485391219196606
1872.6389546007958,1.2227346,0.07558965,1.1447481656984784
1872.6760910622402,1.0550573,0.0710353,1.1411255957585
1872.7132275236845,1.1305125,0.07521641,1.137449663360396
1872.7503639851288,1.1370804,0.0739119,1.1337894829878303
1872.7875004465734,1.0985377,0.07464386,1.1303903502925023
1872.8246369080177,1.1547382,0.07523389,1.1273837238590882
1872.861773369462,1.0816025,0.07281179,1.1247770794454017
1872.8989098309066,1.1757936,0.07482795,1.1225343159528074
1872.936046292351,1.1193823,0.072990224,1.1206193581330526
1872.9731827537953,1.208146,0.07486304,1.1190244870277306
1873.0103192152396,1.1851554,0.07590734,1.1177445670985535
1873.0474556766842,1.2227583,0.077533245,1.1167690428004597
1873.0845921381285,0.97341573,0.07102852,1.1160807543544773
1873.1217285995729,1.037502,0.08362118,1.11562968902098
1873.1588650610172,1.0150216,0.0993779,1.115318536381068
1873.1960015224618,1.0769485,0.10719531,1.1150836272022264
1873.233137983906,1.011708,0.10277687,1.114987316524235
1873.2702744453504,1.1000093,0.10758892,1.1151741688129324
1873.3074109067948,1.1856146,0.10878992,1.115739631453212
1873.3445473682393,1.0622624,0.104051836,1.1166987432729902
1873.3816838296837,1.1205816,0.107455134,1.118038596907918
1873.418820291128,1.1011391,0.1050273,1.1197580186356193
1873.4559567525723,1.0413916,0.10537866,1.1218483532407828
1873.4930932140169,1.2512283,0.11217735,1.1243096894066595
1873.5302296754612,0.9591594,0.10050456,1.1271530486783168
1873.5673661369055,1.1298825,0.10627066,1.130428743235457
1873.6045025983499,1.1998426,0.11234856,1.1342571525057528
1873.6416390597944,1.1412035,0.10797319,1.1387674580022917
1873.6787755212388,1.1687448,0.11041467,1.1439485467847463
1873.715911982683,1.0791498,0.10255129,1.1492412934897078
1873.7530484441277,1.140569,0.11034489,1.1539495601800787
1873.790184905572,1.1087829,0.108486995,1.157655376740454
1873.8273213670163,1.0423974,0.102627754,1.160200082818958
1873.8644578284607,1.0805463,0.1049458,1.1617035863519238
1873.9015942899052,0.9475622,0.097066954,1.1626868540801376
1873.9387307513496,0.8142672,0.09172777,1.163519175974745
1873.975867212794,1.2752402,0.11202776,1.1641703071740526
1874.0130036742382,1.2677953,0.11496653,1.1645651637038692
1874.0501401356828,1.0434904,0.10367215,1.1647678545237103
1874.0872765971271,1.1530426,0.10737062,1.1648928676642871
1874.1244130585715,1.0635543,0.10515214,1.1649773962851913
1874.1615495200158,1.1334453,0.10353015,1.164941340282653
1874.1986859814604,1.1780843,0.10304313,1.1644663780759579
1874.2358224429047,1.1604301,0.10963975,1.1628671663366936
1874.272958904349,1.1824476,0.10970591,1.159654701709648
1874.3100953657936,1.0332594,0.106021434,1.154906019567112
1874.347231827238,1.1147019,0.1044098,1.1489311649730283
1874.3843682886823,1.1922104,0.10758231,1.1421236111242479
1874.4215047501266,1.0722443,0.10015917,1.134976547596341
1874.4586412115711,1.1498584,0.1096385,1.1279054051619393
1874.4957776730155,1.214653,0.1123432,1.1210332028245824
1874.5329141344598,1.1018056,0.10320506,1.1144737143816816
1874.5700505959041,1.1085703,0.10437776,1.1084259708549107
1874.6071870573487,1.0853397,0.10464212,1.1030080596345524
1874.644323518793,0.9064217,0.096561365,1.0982117726116365
1874.6814599802374,1.1943448,0.10895253,1.09388143860725
1874.7185964416817,0.9794352,0.10246505,1.0896967365360601
1874.7557329031263,0.91320556,0.09910441,1.085413185100149
1874.7928693645706,1.097409,0.102843225,1.0811135155778056
1874.830005826015,0.9834728,0.09743833,1.077134364447358
1874.8671422874593,1.072011,0.10229336,1.0738279116080265
1874.9042787489038,1.1002167,0.10393147,1.0713177466870052
1874.9414152103482,1.0203487,0.10579271,1.0695409494487773
1874.9785516717925,0.9302057,0.10846311,1.0684200013309049
1875.0156881332368,1.00883,0.15184113,1.0678904467980126
1875.0528245946814,,,1.067897552851506
1875.0899610561257,,,1.0683995530572532
1875.12709751757,,,1.0693417206185551
1875.1642339790146,,,1.070606550255496
1875.201370440459,,,1.0720582831959589
1875.2385069019033,,,1.0737139963369593
1875.2756433633476,,,1.0757999397699756
1875.3127798247922,,,1.078534695476843
1875.3499162862365,,,1.0817771119732866
1875.3870527476809,,,1.0849551960704704
1875.4241892091252,,,1.0878411956036411
1875.4613256705697,,,1.0905908390344474
1875.498462132014,,,1.0929438826316566
1875.5355985934584,,,1.0943249736327523
1875.5727350549028,,,1.0945416930874086
1875.6098715163473,,,1.093829095017453
1875.6470079777916,,,1.092237534824496
1875.684144439236,,,1.0891191633034865
1875.7212809006803,,,1.0841984594453709
1875.7584173621249,,,1.0778018566579814
1875.7955538235692,,,1.0703216310800328
1931.3043851913878,,,1.0712490295127406
1931.3405392895268,,,1.0706703455205815
1931.376693387666,,,1.0699158990129742
1931.4128474858048,,,1.0689480599556018
1931.449001583944,,,1.0675964060824763
1931.485155682083,,,1.0656609483578223
1931.521309780222,,,1.0630288252338955
1931.557463878361,,,1.059763012805719
1931.5936179765001,,,1.0561306611081047
1931.629772074639,,,1.0525468662719808
1931.6659261727782,,,1.0493375778234357
1931.7020802709171,,,1.0465829622870741
1931.7382343690563,,,1.044248397901359
1931.7743884671952,,,1.0422778609166325
1931.8105425653341,,,1.0406326836829218
1931.8466966634733,,,1.039256413576499
1931.8828507616122,,,1.0380552136418917
1931.9190048597513,,,1.036810242206193
1931.9551589578903,,,1.0352459600657506
1931.9913130560294,,,1.03323252292623
1932.0274671541683,,,1.0309084028623952
1932.0636212523075,,,1.0285712521547938
1932.0997753504464,,,1.026541143330593
1932.1359294485856,,,1.0250040921977575
1932.1720835467245,,,1.0239732745859595
1932.2082376448634,,,1.0233878938702434
1932.2443917430026,,,1.0231790274212123
1932.2805458411415,,,1.023266850140782
1932.3166999392806,,,1.0235943370938163
1932.3528540374195,,,1.0241855117345056
1932.3890081355587,,,1.0251305652269675
1932.4251622336976,,,1.026482971118813
1932.4613163318368,,,1.0281720285519227
1932.4974704299757,,,1.0300299182235366
1932.5336245281148,,,1.0319433788343417
1932.5697786262538,,,1.033949348425692
1932.605932724393,,,1.0362070016087555
1932.6420868225318,,,1.0388288562879144
1932.6782409206708,,,1.0418368087429524
1932.71439501881,,,1.0451721064897335
1932.7505491169488,,,1.0486967774474436
1932.786703215088,,,1.0521668142444727
1932.822857313227,,,1.0552777149004804
1932.859011411366,,,1.057776798604082
1932.895165509505,,,1.0595753464348356
1932.9313196076441,,,1.0607991753070234
1932.967473705783,,,1.0617485067579142
1933.0036278039222,,,1.0626122423189353
1933.0397819020611,,,1.0634062870197187
1933.0759360002,,,1.0640157805648123
1933.1120900983392,,,1.0643601505006681
1933.1482441964781,,,1.0645781242493357
1933.1843982946173,,,1.064955165466941
1933.2205523927562,,,1.0656822495119702
1933.2567064908953,,,1.0666051633520748
1933.2928605890343,,,1.067373622746224
1933.3290146871734,,,1.067731531259249
1933.3651687853123,,,1.0676427681116758
1933.4013228834515,,,1.067275671157839
1933.4374769815904,,,1.0668561546364703
1933.4736310797296,,,1.0665093101891574
1933.5097851778685,,,1.0662633652216713
1933.5459392760074,,,1.0661026443225512
1933.5820933741466,,,1.0659802909569343
1933.6182474722855,,,1.0658520736419952
1933.6544015704246,,,1.0657151748700542
1933.6905556685635,,,1.0656036804935933
1933.7267097667027,,,1.0655472656445484
1933.7628638648416,,,1.0655518567276387
1933.7990179629808,,,1.06560272117179
1933.8351720611197,,,1.0656790577349733
1933.8713261592588,,,1.065774635525617
1933.9074802573978,,,1.065908399311184
1933.9436343555367,,,1.0661068331482664
1933.9797884536758,,,1.0663853463097122
1934.0159425518148,,,1.066749441794404
1934.052096649954,,,1.0671866105476067
1934.0882507480928,,,1.067674139145276
1934.124404846232,,,1.0681908466782435
1934.160558944371,,,1.068735001022198
1934.19671304251,,,1.0693384244200637
1934.232867140649,,,1.070037015693075
1934.2690212387881,,,1.0708742820776358
1934.305175336927,,,1.071889083303282
1934.3413294350662,,,1.0730655265402953
1934.3774835332051,,,1.074225291660989
1934.413637631344,,,1.0750783536575526
1934.4497917294832,,,1.0754338406877586
1934.4859458276221,0.6817127,0.18126471,1.0753334323516546
1934.5220999257613,0.7467817,0.09228685,1.0749902171298398
1934.5582540239002,0.8850407,0.102278,1.074603128968259
1934.5944081220393,0.78842545,0.09568587,1.0742528016059345
1934.6305622201783,0.8225491,0.09312996,1.0739485163384723
1934.6667163183174,0.86049926,0.10168596,1.0736855135143635
1934.7028704164563,0.8940211,0.09608337,1.0734590491000933
1934.7390245145955,0.83014524,0.100108474,1.073264629981993
1934.7751786127344,0.8587294,0.094360985,1.0730984121671154
1934.8113327108736,0.8225388,0.09785159,1.0729575201796173
1934.8474868090125,0.8151925,0.095042564,1.0728381664817115
1934.8836409071514,0.7809347,0.09135433,1.072732553615376
1934.9197950052906,0.8711866,0.10117217,1.0726229768915392
1934.9559491034295,0.9527724,0.103867665,1.0724900937258086
1934.9921032015686,0.90724397,0.10076716,1.0723379011066725
1935.0282572997075,0.81960994,0.095335,1.0721952461904345
1935.0644113978467,0.77701074,0.09497952,1.0720894293966834
1935.1005654959856,0.87495,0.097516656,1.0720272878548651
1935.1367195941248,0.9303746,0.09918459,1.0719975799559123
1935.1728736922637,0.9277273,0.10166528,1.0719828352205414
1935.2090277904028,0.6885502,0.08934904,1.071975161168082
1935.2451818885418,0.96072024,0.10292547,1.071980496980526
1935.2813359866807,0.8528715,0.09565256,1.0720101269553988
1935.3174900848198,0.7836661,0.09332894,1.072072025257782
1935.3536441829588,0.8991072,0.09778528,1.0721682267101635
1935.389798281098,0.83205503,0.09623571,1.0722943157352631
1935.4259523792368,0.8497904,0.096636385,1.0724318115646674
1935.462106477376,0.85890085,0.10077517,1.0725542074848247
1935.498260575515,0.90063095,0.09961269,1.0726514544698331
1935.534414673654,0.9805803,0.10130194,1.0727409197103341
1935.570568771793,0.977032,0.10268957,1.0728457732756196
1935.6067228699321,0.9200974,0.098099336,1.072982616245573
1935.642876968071,1.0875809,0.103339724,1.0731611980718223
1935.6790310662102,0.94325656,0.107064106,1.0733766698258957
1935.7151851643491,0.8511338,0.0976283,1.073593064891058
1935.751339262488,1.0760789,0.1067874,1.073757419984934
1935.7874933606272,0.8286576,0.09481435,1.0738384438069266
1935.8236474587661,0.7560815,0.08734046,1.0738489643161386
1935.8598015569053,1.000727,0.10900605,1.07382603808275
1935.8959556550442,0.75412035,0.09129223,1.073797060806391
1935.9321097531833,0.95819706,0.10373306,1.073773069355478
1935.9682638513223,0.9611135,0.09938738,1.0737571631286893
1936.0044179494614,0.76155573,0.09296843,1.0737506521174227
1936.0405720476003,0.8232855,0.09144751,1.0737547569714518
1936.0767261457395,0.8662302,0.077207096,1.0737710415380923
1936.1128802438784,0.71259993,0.0632217,1.0738015493214723
1936.1490343420173,0.81912124,0.06539561,1.073849292035761
1936.1851884401565,0.84356976,0.06561569,1.0739150136314266
1936.2213425382954,0.879607,0.06944213,1.07398944215399
1936.2574966364346,0.82367337,0.06463485,1.0740443451912756
1936.2936507345735,0.823932,0.06616965,1.0740542687596153
1936.3298048327126,0.8636332,0.06828391,1.0740186656179498
1936.3659589308515,0.8899569,0.06721419,1.073956704481417
1936.4021130289907,1.0327743,0.07273213,1.0738851600446995
1936.4382671271296,0.91839343,0.067998916,1.0738103726484005
1936.4744212252688,0.91184,0.06809451,1.0737335564562436
1936.5105753234077,0.8891076,0.06834862,1.07365535894867
1936.5467294215468,0.9743085,0.07072836,1.073576423286107
1936.5828835196858,0.91493857,0.06854455,1.0734970821940717
1936.6190376178247,0.8498022,0.0664112,1.0734173460553897
1936.6551917159638,0.9421562,0.071585216,1.0733371208037243
1936.6913458141028,0.8465036,0.065094635,1.0732562363749139
1936.727499912242,0.8181531,0.064665526,1.0731743591602096
1936.7636540103808,0.94250274,0.07065605,1.0730893208392625
1936.79980810852,0.84372437,0.06523579,1.0729929238496991
1936.835962206659,0.87929654,0.06712355,1.072863788930143
1936.872116304798,0.8893703,0.06713254,1.0726597984788078
1936.908270402937,0.9358474,0.07013603,1.0722956415246636
1936.9444245010761,0.8711713,0.065945484,1.0716282101753727
1936.980578599215,0.87787896,0.068136804,1.070556967072772
1937.016732697354,0.9199363,0.068212464,1.0691518738139925
1937.0528867954931,0.9961849,0.07264344,1.067630910514005
1937.089040893632,0.93225104,0.06735917,1.0662169783903157
1937.1251949917712,0.83879495,0.06570642,1.0649814411148335
1937.1613490899101,0.89872456,0.06725474,1.0638949279978043
1937.1975031880493,0.9169095,0.06730044,1.0628972971626616
1937.2336572861882,0.927186,0.06958294,1.0619111257037066
1937.2698113843273,0.93142164,0.07075156,1.060875299914437
1937.3059654824663,0.83924913,0.066313066,1.0598000936525642
1937.3421195806054,0.890322,0.06743317,1.0587562112444246
1937.3782736787443,0.86010414,0.06528659,1.0577851279837127
1937.4144277768835,0.9550822,0.06994237,1.0568570676353646
1937.4505818750224,0.9715651,0.07161185,1.055915902795171
1937.4867359731613,0.8943604,0.06804628,1.054952510497832
1937.5228900713005,0.8670133,0.06734548,1.0540080377807275
1937.5590441694394,0.86921245,0.06646984,1.053102373473432
1937.5951982675786,0.86560386,0.06640278,1.0522546614586248
1937.6313523657175,0.9159254,0.068238914,1.0515113240668046
1937.6675064638566,0.9924887,0.07145312,1.050903436538122
1937.7036605619955,0.8960855,0.067907766,1.050424440551979
1937.7398146601347,0.82451695,0.06419131,1.0500648742617196
1937.7759687582736,0.8904734,0.068234116,1.0498206452934746
1937.8121228564128,0.85154897,0.06631949,1.0496973989129
1937.8482769545517,0.9057683,0.066837445,1.049692659815773
1937.8844310526906,0.8396383,0.065697886,1.0498027203262685
1937.9205851508298,0.851508,0.067252666,1.0500249842342237
1937.9567392489687,0.859061,0.06596022,1.0503645488433464
1937.9928933471078,0.81708145,0.0547894,1.0508335136227958
1938.0290474452468,0.8076253,0.05252722,1.0514391095027134
1938.065201543386,0.86368823,0.05427963,1.0521946085509783
1938.1013556415248,0.88918835,0.053102065,1.0531062932281714
1938.137509739664,0.9254701,0.05514507,1.0541892403849258
1938.173663837803,0.87126064,0.054262564,1.0554570442919973
1938.209817935942,0.865907,0.054913454,1.0568876479382707
1938.245972034081,0.8547018,0.054151375,1.0583732900699303
1938.2821261322201,0.8620845,0.05326807,1.05968808584691
1938.318280230359,0.944778,0.056023456,1.0606628735057193
1938.354434328498,0.9329819,0.055104315,1.0612782217822068
1938.3905884266371,0.9140236,0.05506086,1.0617002970714238
1938.426742524776,0.8644114,0.054356467,1.0620816691807264
1938.4628966229152,0.9161996,0.055348516,1.0625165332064617
1938.4990507210541,0.88724494,0.05463356,1.0630380785975972
1938.5352048191933,0.8477873,0.05315684,1.0636288857258798
1938.5713589173322,0.90751535,0.055412848,1.0642037051402542
1938.6075130154713,0.96870285,0.055336434,1.0646980997324207
1938.6436671136103,0.99700516,0.057711802,1.0651095819924503
1938.6798212117494,0.95675975,0.055844154,1.0654925524635703
1938.7159753098883,0.97096264,0.056776244,1.0658650187893373
1938.7521294080275,0.97374403,0.056094076,1.066193790751869
1938.7882835061664,0.90608454,0.054881502,1.066441716515195
1938.8244376043053,0.8228517,0.052804396,1.0666001895863664
1938.8605917024445,0.8829386,0.054276846,1.0666067997954105
1938.8967458005834,0.8799322,0.054360118,1.0662730041438135
1938.9328998987226,0.8978685,0.054830085,1.065411641040793
1938.9690539968615,0.9258472,0.05572175,1.063999184194833
1939.0052080950006,0.9227895,0.05598483,1.0621886368901499
1939.0413621931395,1.0027794,0.05738824,1.0602519860729882
1939.0775162912787,0.9644176,0.05699438,1.0584266628550343
1939.1136703894176,0.9602085,0.056340996,1.0567609133186366
1939.1498244875568,0.9234136,0.055454966,1.0550082594925887
1939.1859785856957,0.9300821,0.0556967,1.052796913238876
1939.2221326838346,0.94912195,0.056707714,1.0498916960593188
1939.2582867819738,0.9164667,0.05482116,1.0463567774812854
1939.2944408801127,0.9150247,0.054726053,1.0424707243699822
1939.3305949782518,0.86354786,0.054282803,1.0385407121126962
1939.3667490763908,0.904049,0.055719964,1.034797954481228
1939.40290317453,0.90006447,0.054521687,1.0311853972280232
1939.4390572726688,0.9692544,0.055983625,1.027588506533451
1939.475211370808,0.9173229,0.05482755,1.02400570918414
1939.511365468947,0.9286042,0.055615664,1.0204660262142293
1939.547519567086,0.94662666,0.05559219,1.017032195367904
1939.583673665225,0.91236323,0.056396898,1.0138154639156038
1939.6198277633641,0.84662956,0.053017475,1.0108826528293435
1939.655981861503,0.9282994,0.05471695,1.008291215595165
1939.692135959642,0.9856042,0.05692124,1.006077520285323
1939.7282900577811,0.9693771,0.05602912,1.0041989926205424
1939.76444415592,0.9494437,0.05731205,1.0026152540141795
1939.8005982540592,0.93975824,0.05546891,1.0013359110164743
1939.8367523521981,0.9584472,0.05682394,1.000401950953226
1939.8729064503373,0.90352947,0.050100304,0.9998491270394149
1939.9090605484762,0.8644962,0.04666486,0.9996889658655417
1939.9452146466153,0.89185566,0.046869986,0.9999128921768987
1939.9813687447543,0.9755277,0.049153894,1.0004944317696898
1940.0175228428934,0.9303524,0.047548313,1.0014204450236406
1940.0536769410323,0.87289584,0.0462663,1.002698152247341
1940.0898310391713,0.889556,0.046721235,1.0043673549076426
1940.1259851373104,0.9352314,0.048663944,1.0064967882658025
1940.1621392354493,0.9452197,0.04788885,1.0091190374511314
1940.1982933335885,0.907227,0.04688938,1.0121935051170678
1940.2344474317274,0.94405913,0.04859899,1.015502911307159
1940.2706015298666,0.929613,0.047777332,1.0187853861813108
1940.3067556280055,0.9187297,0.047290515,1.0218507603647573
1940.3429097261446,0.893602,0.047226433,1.0247489087272057
1940.3790638242835,0.88273036,0.046852317,1.0276935269122478
1940.4152179224227,0.932054,0.048091922,1.030939676636832
1940.4513720205616,0.9729442,0.048502807,1.0345214012220492
1940.4875261187008,0.97698766,0.04875453,1.038131295362899
1940.5236802168397,0.8252319,0.04549938,1.04133050980153
1940.5598343149786,0.9095193,0.047488447,1.0438581538498621
1940.5959884131178,0.8789815,0.046513382,1.0456695834162617
1940.6321425112567,0.9461181,0.04868702,1.0468997002975864
1940.6682966093958,0.96036583,0.04858055,1.0478300064489234
1940.7044507075348,0.96497387,0.048605826,1.0485998020642724
1940.740604805674,0.97518337,0.049108427,1.0492457847870913
1940.7767589038128,0.90866894,0.047373984,1.049766540444216
1940.812913001952,0.95117223,0.048622653,1.050131787158706
1940.849067100091,0.98004556,0.048649877,1.05032049872743
1940.88522119823,0.92307144,0.04845495,1.050337588192002
1940.921375296369,0.95870507,0.048132114,1.0502132991809345
1940.957529394508,0.91937035,0.0480317,1.050008250976042
1940.993683492647,0.9359219,0.047433816,1.0497944400634602
1941.029837590786,0.9259962,0.047503207,1.0496064336964321
1941.0659916889251,0.87586457,0.046994265,1.0494283338667612
1941.102145787064,0.8918001,0.046723623,1.0492351541681586
1941.1382998852032,0.8761778,0.047023952,1.0490353287127712
1941.1744539833421,0.8858975,0.04685753,1.0488625112273295
1941.2106080814813,0.9776608,0.04845346,1.0487346964455138
1941.2467621796202,1.0255773,0.05104548,1.0486349802590895
1941.2829162777593,0.9353679,0.048063777,1.0485061141059977
1941.3190703758983,0.99545646,0.049487457,1.0482815135338628
1941.3552244740374,0.9624053,0.04835037,1.0479705165194093
1941.3913785721763,0.9194221,0.04765782,1.0476702333281223
1941.4275326703153,0.9617206,0.048707854,1.0474787031278856
1941.4636867684544,0.92762226,0.048055444,1.0474269653373565
1941.4998408665933,0.93002594,0.047990344,1.0474756353886707
1941.5359949647325,0.91474843,0.046996012,1.0474878821820273
1941.5721490628714,1.0324956,0.050325092,1.0472485117385995
1941.6083031610106,0.96552193,0.04855776,1.046614532153827
1941.6444572591495,0.8998653,0.04647267,1.0456524599240389
1941.6806113572886,0.945729,0.048659183,1.0446107970801677
1941.7167654554275,0.9660507,0.04866708,1.0437692523180182
1941.7529195535667,1.0036584,0.049144875,1.0432462820659363
1941.7890736517056,0.9768084,0.048556432,1.0429749531493595
1941.8252277498445,1.0229008,0.04996952,1.0428149519728542
1941.8613818479837,1.0358524,0.049510546,1.042661489503938
1941.8975359461226,1.0134991,0.0501742,1.0424874837203795
1941.9336900442618,0.9692788,0.048042968,1.0422911679791114
1941.9698441424007,0.92301404,0.047385808,1.0420329425555228
1942.0059982405398,1.0100958,0.049575914,1.0416554843022015
1942.0421523386788,0.97117007,0.048416708,1.0411617129863036
1942.078306436818,0.9784228,0.048984688,1.0406318710954967
1942.1144605349568,0.98797184,0.0484405,1.0401512268081237
1942.150614633096,0.9535983,0.04904782,1.0397645642133817
1942.186768731235,1.0095229,0.049225394,1.0394752758689565
1942.222922829374,1.026208,0.050143972,1.0392647962507018
1942.259076927513,0.99075186,0.04884904,1.0391180454284779
1942.295231025652,1.0106742,0.05015908,1.0390335362360776
1942.331385123791,1.0111811,0.04950566,1.039018028123866
1942.36753922193,1.0490384,0.050771445,1.0390883933391537
1942.4036933200691,0.97461754,0.048410323,1.0392642813377992
1942.439847418208,0.9108615,0.047710355,1.0395701209379036
1942.4760015163472,1.0178894,0.04924753,1.0400287022516552
1942.5121556144861,1.0176905,0.04994248,1.0406593381232572
1942.5483097126253,1.0367095,0.050273202,1.0414770599451293
1942.5844638107642,1.0484152,0.051166423,1.0424514422276538
1942.6206179089033,1.081381,0.05160237,1.0434917513989126
1942.6567720070423,0.95315343,0.047926884,1.0445135742320466
1942.6929261051814,0.9739874,0.04893582,1.0455016926463734
1942.7290802033203,0.9660342,0.049123824,1.0465385480058338
1942.7652343014593,0.9991398,0.04855748,1.047721941159585
1942.8013883995984,1.0612085,0.051566754,1.0491261894021835
1942.8375424977373,1.067549,0.051049825,1.050764753757881
1942.8736965958765,1.0676996,0.051487707,1.0524815568230421
1942.9098506940154,1.0290992,0.0500665,1.053972918577436
1942.9460047921546,1.0062567,0.049609426,1.0549744085127997
1942.9821588902935,1.0418686,0.050857678,1.0554091486268562
1943.0183129884326,1.0336796,0.04952086,1.0554021905448774
1943.0544670865715,1.0461795,0.05032365,1.055145158599232
1943.0906211847107,0.92653525,0.048779227,1.054762943469131
1943.1267752828496,1.0481776,0.05049788,1.0542976000186646
1943.1629293809885,0.9523696,0.049118217,1.053775816940645
1943.1990834791277,0.94833153,0.048329946,1.053219595634144
1943.2352375772666,0.96417046,0.047917772,1.0526519904567875
1943.2713916754058,1.007081,0.049399536,1.0521082271385565
1943.3075457735447,1.0440003,0.050788052,1.0516187035302735
1943.3436998716838,1.00368,0.0492171,1.0511934766792255
1943.3798539698228,1.0581683,0.05122314,1.0508200822525233
1943.416008067962,1.0570198,0.050473727,1.0504981650559824
1943.4521621661008,1.0923387,0.05098152,1.0502397882210435
1943.48831626424,1.0484588,0.050055843,1.050051882590992
1943.524470362379,1.0538517,0.05004523,1.0499237950285654
1943.560624460518,1.0612984,0.05134385,1.049834839207671
1943.596778558657,1.0542018,0.05079951,1.049764199326193
1943.632932656796,0.97562426,0.04946592,1.0496971953889553
1943.669086754935,1.0551155,0.050079394,1.049625277334564
1943.705240853074,1.0156431,0.049887516,1.0495470252397612
1943.7413949512131,1.0365397,0.05052474,1.0494699137963832
1943.777549049352,1.1011932,0.05153001,1.0494076424819734
1943.8137031474912,1.0557706,0.050641418,1.0493709453707527
1943.8498572456301,1.0247091,0.04968973,1.049365983786961
1943.8860113437693,1.0935475,0.051840678,1.0493975844604044
1943.9221654419082,1.0967553,0.051304538,1.0494692160301926
1943.9583195400473,1.0560222,0.050695293,1.0495802413795996
1943.9944736381863,1.0935235,0.051696878,1.0497316700796948
1944.0306277363252,1.0542185,0.051157527,1.0499229358548194
1944.0667818344643,1.0968572,0.0517516,1.0501537383648043
1944.1029359326033,0.9673264,0.048182257,1.0504232332596866
1944.1390900307424,0.99504244,0.049952384,1.0507264605896212
1944.1752441288813,1.0294206,0.049640987,1.0510639952966208
1944.2113982270205,1.0068616,0.05038037,1.0514507620287419
1944.2475523251594,1.0671817,0.051587563,1.0518974461239157
1944.2837064232986,1.0487498,0.05031877,1.0524011052745603
1944.3198605214375,1.0841144,0.050856713,1.0529398283015228
1944.3560146195766,1.0987248,0.051720873,1.0534761237263974
1944.3921687177155,1.0885798,0.050919376,1.0539744017660426
1944.4283228158547,1.0885911,0.052151196,1.0543977298525142
1944.4644769139936,1.0927774,0.052350253,1.0547267587065638
1944.5006310121325,1.0519079,0.05029753,1.0549538704127444
1944.5367851102717,1.0565165,0.050716713,1.0550675967049052
1944.5729392084106,1.0513103,0.04973389,1.0550658926819736
1944.6090933065498,1.0580993,0.051268417,1.05497147293314
1944.6452474046887,1.0084152,0.049639873,1.0548288413151004
1944.6814015028278,1.0377585,0.05115998,1.0546720894811843
1944.7175556009668,0.9999093,0.04928779,1.0545189936731032
1944.753709699106,1.0219016,0.050118614,1.054373314283859
1944.7898637972448,1.1009325,0.051085692,1.0542339079827614
1944.826017895384,1.0431498,0.050375555,1.0540995489233125
1944.862171993523,1.071791,0.05142479,1.0539741890849676
1944.898326091662,1.0524837,0.05107163,1.0538631606508764
1944.934480189801,1.0322582,0.05011685,1.053768797413695
1944.97063428794,1.0306865,0.050246578,1.0536692027604972
1945.006788386079,1.0427263,0.049937986,1.0534759298082088
1945.042942484218,1.0662667,0.051960383,1.053013224846946
1945.0790965823571,1.069682,0.051095843,1.0521213892773424
1945.115250680496,1.1004475,0.050841924,1.0508210537184732
1945.1514047786352,1.0294484,0.05007544,1.0492989303406182
1945.1875588767741,1.1179309,0.052556414,1.0478099978451545
1945.2237129749133,1.0442367,0.05034767,1.0465027581433788
1945.2598670730522,1.0056114,0.050194692,1.045402389669165
1945.2960211711913,1.0695317,0.051475994,1.0444511888535803
1945.3321752693303,1.1360159,0.05160915,1.0436075607552686
1945.3683293674692,1.0904611,0.051604353,1.0428507257774677
1945.4044834656083,1.1133019,0.05238151,1.0421748627453618
1945.4406375637473,1.0902219,0.0513666,1.0415744292209728
1945.4767916618864,1.0778323,0.05158139,1.0410352378676073
1945.5129457600253,1.0020894,0.048925262,1.0405511568321766
1945.5490998581645,1.0557293,0.051318932,1.0401209626112142
1945.5852539563034,1.0615125,0.050503377,1.0397528329464718
1945.6214080544426,1.0494105,0.051269326,1.039441958516062
1945.6575621525815,0.9991615,0.04937337,1.0391318214665946
1945.6937162507206,1.0867401,0.05116902,1.0385808883152192
1945.7298703488595,1.0693289,0.0506432,1.0373362749323514
1945.7660244469987,1.0147073,0.049976826,1.0350806521393445
1945.8021785451376,1.0108315,0.04995417,1.0318707000196667
1945.8383326432765,0.9402979,0.0477921,1.0279911086696432
1945.8744867414157,1.061497,0.051636416,1.0238168563184802
1945.9106408395546,0.9872376,0.04915571,1.0197952911936035
1945.9467949376938,1.0585089,0.05060338,1.0162088529859847
1945.9829490358327,1.0434363,0.05069804,1.012967443087415
1946.0191031339718,0.94692427,0.04853214,1.0100485686028102
1946.0552572321108,0.9773125,0.049528632,1.007520083439032
1946.09141133025,1.0514282,0.051088564,1.0054157101908126
1946.1275654283888,1.0246668,0.05056171,1.0037338942329534
1946.163719526528,1.0644375,0.050718606,1.002431913746328
1946.199873624667,0.98916763,0.049583305,1.001498404061925
1946.2360277228058,0.97776335,0.049105965,1.0009480681600067
1946.272181820945,0.9926766,0.049092405,1.0008172862321203
1946.308335919084,0.97688395,0.049492273,1.0011110142420416
1946.344490017223,0.97590494,0.049436186,1.001721576980371
1946.380644115362,0.9640695,0.048550297,1.002423848146472
1946.4167982135011,0.92954856,0.04805827,1.0030017543552137
1946.45295231164,0.9277719,0.047907412,1.0033561418473764
1946.4891064097792,0.9901418,0.049180754,1.0035829338380247
1946.5252605079181,1.0522506,0.051434126,1.0038623110820697
1946.5614146060573,1.0537558,0.05096619,1.004324263445072
1946.5975687041962,0.9685349,0.049054794,1.0050155982558886
1946.6337228023353,0.96315074,0.04862269,1.0059351055111707
1946.6698769004743,1.0294049,0.049904235,1.0070598444238184
1946.7060309986132,0.934419,0.047755633,1.0083516834630917
1946.7421850967523,0.9719665,0.04971914,1.0097748028445608
1946.7783391948913,1.0169804,0.050573144,1.0113470103981363
1946.8144932930304,1.0128753,0.04991827,1.0131379698932137
1946.8506473911693,1.0242994,0.049792502,1.0152144231257147
1946.8868014893085,1.0200992,0.049636755,1.0175452481848044
1946.9229555874474,1.0144758,0.050161596,1.020036365437036
1946.9591096855866,1.0571097,0.051133294,1.02267215634982
1946.9952637837255,1.0190129,0.050148066,1.0255532413335438
1947.0314178818646,1.0130634,0.04940335,1.0285882104844046
1947.0675719800035,0.992026,0.049618553,1.031466720531919
1947.1037260781425,1.0416017,0.050341513,1.0338577996664065
1947.1398801762816,0.98126817,0.049304765,1.0355134904069443
1947.1760342744205,0.99806786,0.050048426,1.036347096137725
1947.2121883725597,0.99267554,0.049295597,1.0365493606850191
1947.2483424706986,1.0278603,0.049811628,1.0364760307482783
1947.2844965688378,1.0371411,0.05044195,1.0362622807065025
1947.3206506669767,1.0792682,0.05156449,1.0358864717009177
1947.3568047651158,1.0223465,0.050521787,1.0353716696548951
1947.3929588632548,0.9686666,0.048667584,1.0347836513306778
1947.429112961394,1.0540143,0.05041092,1.0341519150685266
1947.4652670595328,1.0870371,0.050937902,1.0334552272461845
1947.501421157672,1.0541487,0.051084608,1.0326771653030413
1947.537575255811,1.0445738,0.051314067,1.031845623641392
1947.5737293539498,1.0217925,0.049951114,1.0310284378266354
1947.609883452089,1.0349194,0.050273195,1.030295688612328
1947.646037550228,1.055816,0.05097203,1.02968304467355
1947.682191648367,1.0718209,0.050531633,1.0291820191247982
1947.718345746506,1.0792122,0.051623106,1.0287609594300902
1947.7544998446451,1.0286918,0.050251573,1.0283618104903127
1947.790653942784,1.0359643,0.050550506,1.0279401179602585
1947.8268080409232,1.0823617,0.051327594,1.0275338252804276
1947.8629621390621,1.0326357,0.05014397,1.0272392476595311
1947.8991162372013,0.9501072,0.048004873,1.0271326646465129
1947.9352703353402,1.0358845,0.050997052,1.0272380196317403
1947.9714244334791,1.0251155,0.049508095,1.0275464654183413
1948.0075785316183,1.0352176,0.050653815,1.028034367257867
1948.0437326297572,1.0184966,0.050274108,1.0286344474937832
1948.0798867278963,1.0425317,0.05071942,1.0292109789386754
1948.1160408260353,1.0573572,0.05129091,1.0295892446887578
1948.1521949241744,1.052582,0.049938403,1.029713151374299
1948.1883490223133,1.0643244,0.05129863,1.0296947686510292
1948.2245031204525,1.0692141,0.05149804,1.029671368381483
1948.2606572185914,1.0293823,0.05018978,1.0296483072879252
1948.2968113167306,1.05506,0.051334906,1.0294992570453056
1948.3329654148695,1.0814284,0.05133805,1.0291359140114213
1948.3691195130086,1.0473425,0.050413243,1.0286043564280767
1948.4052736111475,1.0826224,0.051099293,1.0280305166790586
1948.4414277092865,1.0917921,0.0518573,1.0275193127522861
1948.4775818074256,1.0704967,0.050788455,1.0271145807533029
1948.5137359055645,1.0934561,0.051795322,1.0268295664648344
1948.5498900037037,1.0676395,0.051015783,1.0266727329427474
1948.5860441018426,1.0404727,0.04975109,1.0266561321403604
1948.6221981999818,1.0099647,0.050075136,1.0267881157111294
1948.6583522981207,1.0067166,0.050216623,1.0270631974007545
1948.6945063962598,1.0170516,0.04965022,1.0274732416382681
1948.7306604943988,1.0392858,0.05009559,1.0280002873957192
1948.766814592538,1.1064296,0.051918577,1.028602186054496
1948.8029686906768,1.0297484,0.049817514,1.0292052114837031
1948.839122788816,1.0924604,0.05153989,1.029746162913583
1948.875276886955,1.1589283,0.053769957,1.0302090354059943
1948.9114309850938,1.0998368,0.051660746,1.0306214160545157
1948.947585083233,1.0526166,0.050675265,1.031045496899262
1948.983739181372,1.106722,0.051994726,1.0315382088988336
1949.019893279511,1.1382359,0.052014016,1.0321359579415874
1949.05604737765,1.0454772,0.05115068,1.032825286144414
1949.0922014757891,1.0836846,0.051629774,1.033522275073157
1949.128355573928,1.0980994,0.05142906,1.0341476933847473
1949.1645096720672,1.0985208,0.05142149,1.0347090385999311
1949.2006637702061,1.0741453,0.05110313,1.0352757642164296
1949.2368178683453,1.043916,0.050447688,1.035913322490177
1949.2729719664842,1.0646822,0.051448606,1.0366533014921169
1949.3091260646231,1.1118407,0.051989965,1.0375223610311775
1949.3452801627623,1.0595148,0.049892027,1.0385489400304766
1949.3814342609012,1.1180305,0.05196562,1.0397592684509158
1949.4175883590403,1.0461034,0.050719816,1.0410803948623768
1949.4537424571793,1.0081707,0.049244747,1.0422958969103149
1949.4898965553184,1.0681685,0.05098984,1.0432018597725752
1949.5260506534573,1.0466002,0.050880454,1.0437578621355086
1949.5622047515965,1.0582308,0.050186127,1.0440791706436743
1949.5983588497354,1.0342737,0.050254885,1.044322614789717
1949.6345129478746,1.0529573,0.050912417,1.0445672878972927
1949.6706670460135,1.1295173,0.05275958,1.044823127015075
1949.7068211441526,1.1004658,0.051796176,1.04507307220983
1949.7429752422915,1.102265,0.051191766,1.045296514529999
1949.7791293404305,1.0946401,0.051451527,1.0454881514080947
1949.8152834385696,1.084884,0.051913477,1.0456445335763538
1949.8514375367085,1.0740237,0.05140331,1.0457565632604942
1949.8875916348477,0.9805755,0.0490988,1.0458181451085435
1949.9237457329866,1.0244062,0.049824137,1.0458383487676153
1949.9598998311258,1.0785662,0.051490776,1.045841898177034
1949.9960539292647,1.089101,0.05168713,1.0458487521783035
1950.0322080274038,1.0384122,0.050696272,1.0458642461176335
1950.0683621255428,1.1147416,0.051666055,1.0458845474683023
1950.104516223682,1.1327258,0.052999627,1.0459040867061045
1950.1406703218208,1.0291692,0.049938753,1.0459177677652822
1950.1768244199598,1.0691484,0.051213194,1.0459215768162782
1950.212978518099,1.033064,0.050064504,1.0459121443557868
1950.2491326162378,1.0541264,0.05058787,1.0458860312212122
1950.285286714377,1.0638195,0.050476864,1.0458384428804712
1950.321440812516,1.12816,0.05209512,1.0457626465337628
1950.357594910655,1.1302385,0.052188795,1.0456565565792362
1950.393749008794,1.0956657,0.051327206,1.0455272992205875
1950.4299031069331,1.0457518,0.05035803,1.0453831146653623
1950.466057205072,1.081173,0.050521776,1.0452170109897676
1950.5022113032112,1.1151992,0.052520934,1.0450108781812784
1950.5383654013501,1.0506463,0.051358342,1.0447539196555822
1950.5745194994893,1.1250421,0.052388094,1.0444401566591561
1950.6106735976282,1.1311383,0.052269857,1.0440406075943671
1950.6468276957671,1.0553615,0.050553687,1.0435210791038911
1950.6829817939063,1.065809,0.05109863,1.0428991611642133
1950.7191358920452,1.0875263,0.05141875,1.0422465517139226
1950.7552899901843,1.1133076,0.052625086,1.0416337961135307
1950.7914440883233,1.1723348,0.05365745,1.0410785438494048
1950.8275981864624,1.0817623,0.051634613,1.0405759427811732
1950.8637522846013,1.1159028,0.051918164,1.040120119247168
1950.8999063827405,1.1230639,0.051814795,1.039710165097085
1950.9360604808794,1.0806092,0.051502552,1.0393431548854437
1950.9722145790186,1.0543517,0.051277265,1.0390182483833001
1951.0083686771575,1.1463594,0.05260864,1.0387298679732986
1951.0445227752964,1.0723944,0.050939083,1.0384674948708166
1951.0806768734356,1.0696189,0.050409503,1.038223377544747
1951.1168309715745,1.0206578,0.049813185,1.0379994527707077
1951.1529850697136,1.0689987,0.051041715,1.0378021994045574
1951.1891391678525,1.0804319,0.05168213,1.0376244385864157
1951.2252932659917,1.0167481,0.049398933,1.0374447676326763
1951.2614473641306,1.0187376,0.04991045,1.0372462036369283
1951.2976014622698,1.0934013,0.050958198,1.0370330898638729
1951.3337555604087,1.108927,0.051111095,1.0368291161154022
1951.3699096585478,1.0721041,0.051667735,1.036663087740478
1951.4060637566868,1.126801,0.052593928,1.0365518275754204
1951.442217854826,1.0566673,0.050968383,1.0364941770003409
1951.4783719529648,0.9973027,0.048824105,1.036485551791086
1951.5145260511038,1.0556571,0.05054332,1.0365219422140375
1951.550680149243,1.0138711,0.0498743,1.0366018766712288
1951.5868342473818,1.0577842,0.0511704,1.036717856495042
1951.622988345521,1.0667484,0.051224567,1.0368494944514142
1951.65914244366,1.0587357,0.050611425,1.0369729962240006
1951.695296541799,1.0313095,0.050136775,1.037089083147291
1951.731450639938,1.0598105,0.051171813,1.03723110569668
1951.7676047380771,1.0578371,0.050548106,1.0374316538143753
1951.803758836216,1.0552609,0.050549794,1.0376891072778833
1951.8399129343552,1.1030784,0.051957358,1.0379797721752013
1951.8760670324941,1.0770739,0.051344834,1.038270462889898
1951.912221130633,1.0141864,0.04960801,1.038500146688012
1951.9483752287722,1.0129178,0.049478505,1.038565750950375
1951.9845293269111,1.0605263,0.05075056,1.0384050322637928
1952.0206834250503,1.1001517,0.05158544,1.0380710245712015
1952.0568375231892,0.9978959,0.049694583,1.037686200723283
1952.0929916213283,1.0325711,0.050314125,1.0373329435339542
1952.1291457194673,1.0590643,0.05030961,1.0370312920356137
1952.1652998176064,1.0075274,0.04950286,1.0367773167591599
1952.2014539157453,1.1238337,0.051866494,1.0365665087523936
1952.2376080138845,1.0879135,0.05141871,1.0363934965958161
1952.2737621120234,0.989651,0.04967989,1.0362563805916034
1952.3099162101626,1.0444475,0.05037522,1.0361541073495713
1952.3460703083015,1.0650365,0.050970733,1.0360824058188252
1952.3822244064404,1.0119473,0.05001656,1.0360297664303149
1952.4183785045796,1.0112123,0.050494738,1.0359866332746073
1952.4545326027185,1.0609864,0.05119045,1.0359553467607894
1952.4906867008576,0.98801756,0.049384233,1.0359420232073573
1952.5268407989965,0.9904438,0.04876224,1.0359240123279676
1952.5629948971357,0.99615514,0.05021841,1.035788886591357
1952.5991489952746,1.0240399,0.05009858,1.0353518174582375
1952.6353030934138,1.0183238,0.049992993,1.0345048180143022
1952.6714571915527,1.0210172,0.05113384,1.033322256896942
1952.7076112896918,1.0040554,0.04931949,1.032032768813833
1952.7437653878308,1.0075434,0.050018832,1.0308491257050232
1952.77991948597,1.1081744,0.05150857,1.0298559753482697
1952.8160735841088,1.005289,0.049292997,1.0290315702972923
1952.8522276822478,1.0223198,0.050477196,1.0283498420413415
1952.888381780387,1.0394671,0.050047804,1.027775104837687
1952.9245358785258,1.0390527,0.050312262,1.0272747714860695
1952.960689976665,1.1287034,0.05225364,1.0268032614353226
1952.996844074804,1.0527034,0.050740827,1.0263163941182296
1953.032998172943,1.0179787,0.050201472,1.025792201287055
1953.069152271082,1.061344,0.050515022,1.0252535396576676
1953.1053063692211,1.089631,0.05080781,1.0247656294739738
1953.14146046736,1.1024334,0.05195009,1.0243994418238542
1953.1776145654992,1.0427269,0.050445814,1.0241883870668294
1953.2137686636381,1.0475485,0.050280526,1.024110777867164
1953.249922761777,0.9877644,0.049772374,1.0240990357237232
1953.2860768599162,1.0356531,0.050875235,1.024072777976056
1953.3222309580551,1.0656989,0.050898653,1.023995629594653
1953.3583850561943,1.0721334,0.050854683,1.023900315988094
1953.3945391543332,1.0290775,0.050129265,1.0238377007879507
1953.4306932524723,1.0136021,0.049766388,1.0238381624454407
1953.4668473506113,1.0366917,0.05060766,1.0239126193617412
1953.5030014487504,1.0062655,0.050376732,1.024064421347276
1953.5391555468893,1.0274384,0.049300343,1.0242940314666504
1953.5753096450285,1.0919477,0.051451314,1.0246025144934343
1953.6114637431674,1.0414513,0.050364006,1.0249927166250221
1953.6476178413066,0.98888946,0.04858953,1.0254696209978271
1953.6837719394455,1.0366114,0.05066334,1.0260360733708809
1953.7199260375844,1.122653,0.05191012,1.0267007379036595
1953.7560801357236,1.0440105,0.050326303,1.027473771700591
1953.7922342338625,1.0356408,0.050230507,1.0283810376975109
1953.8283883320016,0.9970801,0.049229693,1.02945977410246
1953.8645424301405,1.0263485,0.049789827,1.0307175229602152
1953.9006965282797,1.0745274,0.05174166,1.0320475828122762
1953.9368506264186,1.0872277,0.05150332,1.0332267767367669
1953.9730047245578,1.0821185,0.051099945,1.0340469375746988
1954.0091588226967,1.0429801,0.05044964,1.0344801842495857
1954.0453129208358,1.0236018,0.04971604,1.0346552381642082
1954.0814670189748,1.0806444,0.05085071,1.0347336188082934
1954.1176211171137,1.0404695,0.050706454,1.034794968695364
1954.1537752152528,1.0277758,0.050603528,1.0348518299700165
1954.1899293133918,1.1087852,0.052068364,1.0348736466642672
1954.226083411531,1.0469058,0.050452527,1.0347597433234008
1954.2622375096698,1.0449218,0.05024475,1.0343787368714121
1954.298391607809,1.0944483,0.051415745,1.033698612634698
1954.334545705948,1.0241289,0.050131444,1.0328351183386597
1954.370699804087,0.99734753,0.048992783,1.031927346393052
1954.406853902226,0.971745,0.048669606,1.0310529873276706
1954.4430080003651,0.98465073,0.048858345,1.030238068175954
1954.479162098504,1.039365,0.05033931,1.0294903111582185
1954.5153161966432,0.98608655,0.049540132,1.0288030111398747
1954.5514702947821,0.9866502,0.049731936,1.0281408036626587
1954.587624392921,1.0221571,0.05004869,1.027409311031163
1954.6237784910602,1.0578045,0.05026524,1.0264544715791033
1954.6599325891991,1.0500733,0.050698582,1.025206354132235
1954.6960866873383,1.0204473,0.04986952,1.023754019751902
1954.7322407854772,1.0443172,0.05086544,1.022291337454598
1954.7683948836163,0.96325487,0.048953597,1.0209783017719913
1954.8045489817553,1.0458748,0.05064407,1.0198354243696128
1954.8407030798944,1.0637887,0.050577067,1.0188129210777062
1954.8768571780333,0.99440575,0.04957046,1.0178171717880615
1954.9130112761725,0.97464395,0.049361814,1.0166966986171784
1954.9491653743114,0.9873005,0.0487471,1.0153313011689185
1954.9853194724506,1.0663271,0.050599076,1.0137554068598913
1955.0214735705895,1.0567265,0.050612237,1.0121313480891951
1955.0576276687284,1.0305076,0.050410733,1.0106169297740677
1955.0937817668676,1.0298414,0.04929252,1.0092341531142943
1955.1299358650065,1.0875859,0.0516845,1.007896741035379
1955.1660899631456,1.0855755,0.0514029,1.0065275502565623
1955.2022440612845,1.0168074,0.049597092,1.0050873010911334
1955.2383981594237,1.0024992,0.04992577,1.0036087151372204
1955.2745522575626,1.0255548,0.04956593,1.002221260674037
1955.3107063557018,1.0171883,0.049859162,1.0010638378089842
1955.3468604538407,1.0265079,0.05002085,1.0002079361412028
1955.3830145519798,1.0020083,0.049750175,0.999664977412914
1955.4191686501188,0.95276654,0.04828279,0.9994150557743757
1955.4553227482577,0.9409736,0.048201367,0.999441161645834
1955.4914768463968,0.9667698,0.04932412,0.9997481641300894
1955.5276309445358,0.9784712,0.04832529,1.0003094897665221
1955.563785042675,0.9571827,0.048410986,1.0009850534497784
1955.5999391408138,0.937501,0.048333768,1.001587184147211
1955.636093238953,0.94688153,0.0479433,1.002022804682598
1955.672247337092,0.96306294,0.048711244,1.002357680697843
1955.708401435231,0.9648584,0.04851973,1.0027327097136514
1955.74455553337,0.9086903,0.047206048,1.0032258472631235
1955.7807096315091,0.93405503,0.04771512,1.0038068087417202
1955.816863729648,0.95280194,0.048962448,1.0043919670984174
1955.853017827787,0.98949564,0.04889229,1.0049411908034287
1955.8891719259261,1.0149796,0.049606826,1.005513168085236
1955.925326024065,0.984521,0.049367346,1.0061694293750234
1955.9614801222042,0.9296007,0.047416095,1.0068495772869337
1955.9976342203431,0.95794755,0.04848707,1.0074048423130244
1956.0337883184823,0.97966355,0.049428094,1.0076515604344298
1956.0699424166212,1.0211732,0.050430037,1.0074520080300204
1956.1060965147603,1.0196127,0.049816005,1.0067501846768683
1956.1422506128993,1.0242285,0.05005259,1.0055700571538773
1956.1784047110384,1.0349476,0.05013237,1.0039032387084337
1956.2145588091773,1.047095,0.050756484,1.0016574983490745
1956.2507129073165,0.98150384,0.049365543,0.9987790356493075
1956.2868670054554,1.0538975,0.0503727,0.9953235881282377
1956.3230211035943,1.005751,0.049664844,0.9916082454895001
1956.3591752017335,0.95930684,0.048841264,0.9881361428490129
1956.3953292998724,0.929737,0.047307044,0.9851033551001214
1956.4314833980116,1.0230805,0.050287005,0.9824686905639046
1956.4676374961505,1.0328764,0.05074526,0.980101964384459
1956.5037915942896,0.9885031,0.048834775,0.9779069606255779
1956.5399456924285,0.9493502,0.04816,0.9757334165296917
1956.5760997905677,1.0082362,0.04959963,0.9735251952928965
1956.6122538887066,0.9854319,0.049033523,0.9713371858061792
1956.6484079868458,1.0235641,0.05008048,0.9693295855311004
1956.6845620849847,1.11305,0.051518552,0.9676450938370635
1956.7207161831238,1.0239229,0.04974904,0.9663267477099933
1956.7568702812628,1.0544553,0.050660588,0.9653848623632381
1956.7930243794017,1.0133332,0.050235085,0.9648050193978868
1956.8291784775408,1.0177137,0.05010107,0.9645867807145008
1956.8653325756798,1.0292102,0.050044052,0.9647116938369203
1956.901486673819,1.0207969,0.04988943,0.9651639131248505
1956.9376407719578,1.0270011,0.049760353,0.965939424426616
1956.973794870097,1.0221083,0.050574463,0.9670533357446638
1957.009948968236,0.9937373,0.04966776,0.9685316701276964
1957.046103066375,0.99529386,0.049392633,0.9704054064992312
1957.082257164514,0.99770427,0.04899506,0.9726957080081505
1957.1184112626531,1.0002639,0.04954,0.9753401240831929
1957.154565360792,0.99575615,0.048965234,0.9782046460183222
1957.190719458931,0.9945952,0.049479842,0.9811696744048087
1957.2268735570701,0.9531275,0.048155747,0.9841853382290104
1957.263027655209,1.0216385,0.049412563,0.9873514086112826
1957.2991817533482,0.97650236,0.048811506,0.9907596558292542
1957.3353358514871,0.938272,0.047688972,0.9944965217503317
1957.3714899496263,0.9732501,0.04951674,0.9985092782748528
1957.4076440477652,0.9761671,0.048433375,1.0026755138838002
1957.4437981459043,0.96548814,0.04817456,1.0067984908057546
1957.4799522440433,0.8977809,0.047702778,1.0105101385683959
1957.5161063421824,0.99509406,0.049022056,1.013346280399264
1957.5522604403213,1.0565094,0.05079461,1.0149217297839004
1957.5884145384605,1.0578004,0.050938256,1.0151887871602565
1957.6245686365994,1.0545005,0.050558265,1.0144657576211185
1957.6607227347383,1.1073631,0.051740244,1.0133273383940442
1957.6968768328775,1.0296944,0.050520983,1.0122100303639847
1957.7330309310164,1.0596553,0.050676893,1.0112266762766282
1957.7691850291556,1.0089983,0.049897145,1.0103400456154639
1957.8053391272945,1.0824246,0.0510839,1.0095297279511115
1957.8414932254336,1.0417812,0.05015451,1.0087950604651934
1957.8776473235725,1.0520946,0.05079823,1.008090318324402
1957.9138014217117,1.0361964,0.05070798,1.007245195405945
1957.9499555198506,1.0396482,0.050566234,1.005922334457059
1957.9861096179898,1.03394,0.050095465,1.0038220328532992
1958.0222637161287,1.0141703,0.0496921,1.0009288748889698
1958.0584178142676,1.0712092,0.05053267,0.9975007830507785
1958.0945719124068,1.0001298,0.04931718,0.9939325067188303
1958.1307260105457,0.9944011,0.050137844,0.9906358512881291
1958.1668801086848,0.96107864,0.04838289,0.9878568245045826
1958.2030342068238,0.9737735,0.048747566,0.9855651117366268
1958.239188304963,1.0332611,0.04996848,0.9836723818802412
1958.2753424031018,1.0903845,0.050995853,0.9821273809368982
1958.311496501241,0.9972865,0.04973296,0.9809029833045245
1958.34765059938,0.98089254,0.04971082,0.9799841329334401
1958.383804697519,0.9238285,0.04818054,0.9793684926711687
1958.419958795658,0.9700954,0.04896981,0.9790490591622998
1958.4561128937971,1.0460532,0.050026536,0.9790251605120126
1958.492266991936,1.0781479,0.051300194,0.9793034828501064
1958.528421090075,0.99200374,0.04969292,0.9799074705977153
1958.5645751882141,1.0047092,0.049836203,0.9808358595806377
1958.600729286353,0.9733905,0.048843507,0.9820584903673644
1958.6368833844922,0.9919599,0.04902853,0.9834914454498126
1958.6730374826311,0.95183533,0.048289813,0.9850614116264672
1958.7091915807703,1.009811,0.049308408,0.9867764923239576
1958.7453456789092,1.049521,0.050544936,0.9887535972900201
1958.7814997770483,1.0214124,0.04994909,0.9910643240221477
1958.8176538751873,1.0345038,0.050425958,0.993581405857652
1958.8538079733264,1.007117,0.049334895,0.9959965583520849
1958.8899620714653,1.0024905,0.04917218,0.9980290589255986
1958.9261161696045,1.034683,0.05027996,0.9996226918437329
1958.9622702677434,1.0019299,0.04919794,1.0009288157828045
1958.9984243658823,0.99883145,0.04913324,1.002192253379486
1959.0345784640215,0.9760989,0.048947033,1.0035688566897294
1959.0707325621604,1.0184274,0.049737617,1.005105997723052
1959.1068866602996,1.0404149,0.050568998,1.0068451639257376
1959.1430407584385,0.9992929,0.049376145,1.0088356567352017
1959.1791948565776,0.98288697,0.04899579,1.0111417889181173
1959.2153489547165,0.9470107,0.04838898,1.0138394129096766
1959.2515030528557,1.0518558,0.050915994,1.0169027584728774
1959.2876571509946,1.0873915,0.051894046,1.0199861773069205
1959.3238112491338,1.1441149,0.052793972,1.0226370846672586
1959.3599653472727,1.0550063,0.050869383,1.0245529160834108
1959.3961194454116,1.0280083,0.04974819,1.0256272289939612
1959.4322735435508,1.0576613,0.050995883,1.0259879113057329
1959.4684276416897,1.0348306,0.05011598,1.0259362847307616
1959.5045817398288,1.0136129,0.049947195,1.0256836172849522
1959.5407358379678,1.1101722,0.05145472,1.0252858934684907
1959.576889936107,1.0490257,0.05018142,1.0247925058906997
1959.6130440342458,1.0354534,0.050137833,1.0242813367114167
1959.649198132385,1.0033487,0.04900805,1.0238085615039787
1959.685352230524,1.055875,0.050853692,1.0233910157862312
1959.721506328663,1.0715795,0.050422404,1.0230242096919249
1959.757660426802,1.0665847,0.050825283,1.0227006025069953
1959.7938145249411,1.1084942,0.052306395,1.0224147562113184
1959.82996862308,1.1742892,0.053910173,1.0221627236174178
1959.866122721219,1.1191356,0.052492086,1.0219402187006654
1959.9022768193581,1.0477145,0.050231416,1.0217412958636776
1959.938430917497,1.1346147,0.05271296,1.0215583086116184
1959.9745850156362,1.0614405,0.05089086,1.0213835949547598
1960.0107391137751,1.0975196,0.052160416,1.0212111318782917
1960.0468932119143,1.0853546,0.051754113,1.0210356770476139
1960.0830473100532,1.0616028,0.051044192,1.0208477421547486
1960.1192014081923,1.0337313,0.050515916,1.020617052006065
1960.1553555063313,1.0964317,0.051381215,1.020254766128123
1960.1915096044704,0.951783,0.04843294,1.0196220484070442
1960.2276637026093,0.9855262,0.049521554,1.0186347104095752
1960.2638178007483,1.0170455,0.049543794,1.0173831676639389
1960.2999718988874,1.0787328,0.05119501,1.0160569289327022
1960.3361259970263,1.0287205,0.050278347,1.0148218252549646
1960.3722800951655,1.0468099,0.050284088,1.0137339263511418
1960.4084341933044,1.0678664,0.051635135,1.0127780549307817
1960.4445882914436,0.98286,0.049226858,1.0119423064794628
1960.4807423895825,1.0787045,0.050884064,1.011222473188941
1960.5168964877216,1.083731,0.051278368,1.010608002365832
1960.5530505858605,1.0502728,0.050558794,1.0100612213528941
1960.5892046839997,1.0349098,0.050388806,1.009456486391628
1960.6253587821386,1.0284413,0.050752703,1.0085499419850947
1960.6615128802778,0.99533945,0.049533524,1.0071252095052476
1960.6976669784167,1.0559348,0.050566155,1.0051945431996332
1960.7338210765556,1.0673283,0.051252905,1.0030342390627967
1960.7699751746948,1.0701374,0.050762646,1.0009764135093917
1960.8061292728337,1.0589315,0.05134267,0.9992245819957983
1960.8422833709728,1.0334411,0.050962377,0.9977248041898384
1960.8784374691118,0.98915565,0.049700007,0.996243416547097
1960.914591567251,0.93893814,0.047904927,0.9945208671341956
1960.9507456653898,0.9517325,0.04877229,0.9923071783698879
1960.986899763529,1.0267667,0.04997663,0.9894214640033746
1961.023053861668,1.0099611,0.049285308,0.9858594742679185
1961.059207959807,1.0202538,0.050348807,0.9817995021808817
1961.095362057946,0.95231336,0.04877033,0.9775440941007868
1961.131516156085,0.9666608,0.04872513,0.9735068566376411
1961.167670254224,0.9612966,0.049001366,0.9700629263348564
1961.203824352363,0.98940647,0.04922925,0.9672608437192886
1961.2399784505021,0.96403265,0.049095523,0.9650098569655797
1961.276132548641,0.96183836,0.04887895,0.9632356535878484
1961.3122866467802,1.0232927,0.049660314,0.9619027976703514
1961.3484407449191,1.053743,0.050781794,0.9609625191473984
1961.3845948430583,1.0335785,0.050642297,0.9604164896694855
1961.4207489411972,1.03898,0.050685372,0.9602892864250154
1961.4569030393363,1.0274166,0.05025984,0.9606115984486987
1961.4930571374753,1.0374413,0.050829314,0.9612858662775734
1961.5292112356144,0.98051465,0.04886426,0.9621173958428815
1961.5653653337533,0.9415657,0.048383437,0.962920081953728
1961.6015194318923,1.0690883,0.051440183,0.963632479066123
1961.6376735300314,1.0352942,0.050301008,0.9643601598712909
1961.6738276281703,0.9888068,0.049699664,0.965245713381872
1961.7099817263095,0.9248779,0.04783051,0.9663766097798678
1961.7461358244484,0.8995312,0.047329124,0.9677889055249908
1961.7822899225876,0.9647666,0.048197992,0.9695137135096422
1961.8184440207265,0.9532915,0.048579153,0.9715735515584687
1961.8545981188656,0.979867,0.049045373,0.9740093402649809
1961.8907522170045,0.9440416,0.048978597,0.9767943841974513
1961.9269063151437,0.96487933,0.049025778,0.9797603651563757
1961.9630604132826,0.99732673,0.049247414,0.9825844688719488
1961.9992145114215,1.0708051,0.051105596,0.9850447228163263
1962.0353686095607,1.0642239,0.050546773,0.9870911926228182
1962.0715227076996,1.0291324,0.050787944,0.9888719346588576
1962.1076768058388,1.0357,0.050906986,0.9906757329515781
1962.1438309039777,1.0641689,0.05127612,0.9927785383519412
1962.1799850021168,1.0565243,0.05095649,0.9953166604865735
1962.2161391002558,0.997052,0.049002327,0.9983028889761705
1962.252293198395,0.99902755,0.04989979,1.001587230778843
1962.2884472965338,0.96404815,0.049298335,1.0048494117095879
1962.324601394673,0.98546743,0.049335342,1.0077121767118509
1962.360755492812,0.95722127,0.048294906,1.0098326198027519
1962.396909590951,1.0538288,0.051323764,1.0108641917178471
1962.43306368909,0.9405347,0.04784996,1.0105457576492662
1962.469217787229,0.9599941,0.048831034,1.0089428006480348
1962.505371885368,1.0156182,0.050839286,1.0064362569772285
1962.541525983507,1.0253541,0.050361346,1.0034684534591007
1962.5776800816461,0.99393356,0.04952772,1.0004102961492416
1962.613834179785,1.0678957,0.051156394,0.9975616061874887
1962.6499882779242,1.0686811,0.051150117,0.9950472535560689
1962.6861423760631,1.065783,0.0509056,0.9928530592020842
1962.7222964742023,1.0129759,0.050441418,0.9909498943770871
1962.7584505723412,1.0110482,0.050604988,0.989301806211232
1962.7946046704803,0.94618887,0.048481002,0.987862571351776
1962.8307587686193,0.94238114,0.048616406,0.9865831656014784
1962.8669128667584,0.9749552,0.049441032,0.9854053467632283
1962.9030669648973,0.9989146,0.049193125,0.9843425294015146
1962.9392210630363,1.0287311,0.050984222,0.9834385851611392
1962.9753751611754,1.0089287,0.050774816,0.9827531197250329
1963.0115292593143,0.97211874,0.048968773,0.9822956760305146
1963.0476833574535,1.003153,0.04987606,0.9820568522892529
1963.0838374555924,1.0090634,0.049898762,0.9820329336628906
1963.1199915537316,0.9984252,0.049521428,0.9822405819579764
1963.1561456518705,1.106807,0.051859114,0.9827037630563078
1963.1922997500096,1.1394539,0.05326759,0.983431387174939
1963.2284538481485,1.0187223,0.049652625,0.9843523809871326
1963.2646079462877,0.94331783,0.048507027,0.9853022087207635
1963.3007620444266,0.9236843,0.048429765,0.986144821449892
1963.3369161425655,1.0208596,0.04953017,0.9868681236908253
1963.3730702407047,1.068196,0.05158835,0.9875668394993521
1963.4092243388436,1.0223517,0.050122414,0.9883530153121133
1963.4453784369828,1.0294416,0.050272163,0.9892961439043564
1963.4815325351217,1.0605267,0.05061832,0.9904088740967629
1963.5176866332608,1.0987562,0.05164603,0.9917084001159013
1963.5538407313998,1.0806799,0.05154779,0.993199889364175
1963.589994829539,1.0356531,0.05032026,0.9949101614091779
1963.6261489276778,1.0337222,0.05012929,0.9968472614768237
1963.662303025817,1.0093584,0.049598414,0.9990682367892557
1963.698457123956,1.0426272,0.050545536,1.0016126528905216
1963.734611222095,0.98161995,0.04928066,1.0043881069658056
1963.770765320234,0.9852395,0.048764125,1.007037424015853
1963.806919418373,1.0240755,0.050563846,1.0091746308840697
1963.843073516512,1.1079302,0.05145876,1.0105969285958973
1963.879227614651,1.0359722,0.050408807,1.0112740537693616
1963.9153817127901,1.0547398,0.05133694,1.0114395748381086
1963.951535810929,1.0092926,0.049913336,1.0113517576372506
1963.9876899090682,1.0572002,0.051363476,1.0111855477011265
1964.0238440072071,1.0517223,0.051055685,1.0110258958664504
1964.0599981053463,1.0414369,0.050267193,1.0109155952242106
1964.0961522034852,1.0651824,0.05122545,1.0108747303173904
1964.1323063016243,1.0065863,0.050195213,1.0108941134453693
1964.1684603997633,1.0705696,0.05110327,1.0109270295615582
1964.2046144979022,1.0462313,0.05095247,1.010909323965551
1964.2407685960413,1.0970238,0.050936025,1.0108161057166258
1964.2769226941803,1.0819767,0.052043863,1.010658789145701
1964.3130767923194,1.0199568,0.049919862,1.0104388229053538
1964.3492308904583,0.983671,0.04941152,1.010106759806658
1964.3853849885975,1.0824189,0.052278254,1.0095648114051143
1964.4215390867364,0.99655664,0.049362354,1.0087003208373138
1964.4576931848756,1.0191402,0.049840655,1.0074721253084542
1964.4938472830145,1.0357962,0.051265,1.0060201016748498
1964.5300013811536,1.0646536,0.050781883,1.0045667904103337
1964.5661554792925,0.9843508,0.0494898,1.003253400837316
1964.6023095774317,1.0484414,0.050767016,1.0021013679429496
1964.6384636755706,1.0752131,0.05168349,1.0010704712919736
1964.6746177737095,1.106563,0.051307857,1.000130244857294
1964.7107718718487,1.0392992,0.051057372,0.9992669955054945
1964.7469259699876,1.0109214,0.050358027,0.9984638833605374
1964.7830800681268,1.0676651,0.05024339,0.9977207185133118
1964.8192341662657,1.071398,0.05211909,0.9970629802136907
1964.8553882644048,1.1001222,0.05268378,0.9965168971721982
1964.8915423625438,1.0647142,0.050490133,0.9960849749496083
1964.927696460683,1.015185,0.05022724,0.9957684180778468
1964.9638505588218,1.0673339,0.051239345,0.9955672321786282
1965.000004656961,1.0394787,0.049838874,0.9954742083958885
1965.0361587551,1.0437245,0.051345076,0.9954703912769473
1965.072312853239,1.0259966,0.050282024,0.9955263701243879
1965.108466951378,1.0138446,0.04967702,0.9956124183825672
1965.144621049517,1.086189,0.051619384,0.9957112714806389
1965.180775147656,1.060493,0.05054294,0.9958192557077515
1965.216929245795,1.0553266,0.05125472,0.9959408441513359
1965.2530833439341,1.0369965,0.05071035,0.9960899620754483
1965.289237442073,0.9693475,0.049419735,0.9962849473859747
1965.3253915402122,1.0142801,0.050075658,0.9965440969916819
1965.3615456383511,0.98680514,0.04897175,0.996878147373892
1965.3976997364903,0.9809765,0.049076702,0.9972950824641382
1965.4338538346292,1.0033448,0.0495874,0.997799832028163
1965.4700079327683,1.0115908,0.05039613,0.9984002395432915
1965.5061620309073,1.0462022,0.050635926,0.9991085527695132
1965.5423161290462,0.9730917,0.04920782,0.9999396782374712
1965.5784702271853,1.0303776,0.05005837,1.0008943151344336
1965.6146243253243,0.97691035,0.048815228,1.0019738428283
1965.6507784234634,1.0650624,0.05089199,1.0031647314001357
1965.6869325216023,1.0355192,0.050316833,1.0044305614288134
1965.7230866197415,1.01309,0.05010142,1.0056548744509066
1965.7592407178804,0.9951096,0.049630776,1.0066224636613645
1965.7953948160196,1.066859,0.051156055,1.0071227941766097
1965.8315489141585,1.0042418,0.049928125,1.0071194879352836
1965.8677030122976,1.0212361,0.05107132,1.0067983716142792
1965.9038571104365,0.9467466,0.04824857,1.0063351939174034
1965.9400112085755,1.0605831,0.050904267,1.0058135371526697
1965.9761653067146,1.0375606,0.050774693,1.0052689610039471
1966.0123194048535,1.0113732,0.05012773,1.0046832462938982
1966.0484735029927,0.9630343,0.049270585,1.0038585183225073
1966.0846276011316,0.94745475,0.048742525,1.0023445030781475
1966.1207816992708,0.9139569,0.04750798,0.9997009215621926
1966.1569357974097,0.9759538,0.0490036,0.9959397581964633
1966.1930898955488,0.95358706,0.048985,0.9912558253008898
1966.2292439936878,0.93743527,0.048363365,0.9859192082500499
1966.265398091827,0.92394793,0.048285723,0.9803276952119054
1966.3015521899658,0.97406805,0.049009793,0.975048350608125
1966.337706288105,0.9478681,0.04802308,0.9704095344892912
1966.373860386244,0.961299,0.049043547,0.9663492950310851
1966.4100144843828,0.88309216,0.04729193,0.9627204917288743
1966.446168582522,1.0006104,0.049939178,0.9594418344049299
1966.482322680661,1.0338887,0.05027632,0.9565104607364348
1966.5184767788,0.9701599,0.049051348,0.9539425097314199
1966.554630876939,0.9172653,0.04728302,0.9517427387260965
1966.5907849750781,0.9299547,0.048487153,0.9498919385851257
1966.626939073217,0.99705416,0.049784716,0.948371027367558
1966.6630931713562,0.96435785,0.04858533,0.9471684564555931
1966.6992472694951,0.9784818,0.049606454,0.9462800620261662
1966.7354013676343,0.98346806,0.049521256,0.9456984811888267
1966.7715554657732,0.9591551,0.049368013,0.945417273129697
1966.8077095639123,0.96282756,0.0489521,0.9454384959003524
1966.8438636620513,0.99869525,0.04975343,0.9457687162218475
1966.8800177601902,0.9886407,0.04920616,0.9463997545196555
1966.9161718583293,1.0091588,0.049836237,0.9472968530412118
1966.9523259564683,0.9718935,0.049116425,0.9484271860529973
1966.9884800546074,0.9385401,0.048284717,0.9497967090903469
1967.0246341527463,0.9421341,0.04881271,0.9514573870715032
1967.0607882508855,0.9971802,0.049092937,0.953445954352378
1967.0969423490244,1.0082041,0.049755625,0.9557445501068342
1967.1330964471636,0.9387319,0.04841431,0.9582997730636869
1967.1692505453025,0.95966446,0.049266405,0.9610678536706352
1967.2054046434416,1.0050133,0.049908493,0.9640487066027136
1967.2415587415805,1.0053988,0.04909626,0.9672859331568512
1967.2777128397195,1.0366578,0.050509807,0.9708192460967245
1967.3138669378586,0.9993305,0.049071066,0.9747996061929269
1967.3500210359975,1.0034181,0.050303105,0.9793457686221735
1967.3861751341367,1.004163,0.05036803,0.9844141976817885
1967.4223292322756,1.0153964,0.05000461,0.9896354922563854
1967.4584833304148,0.949356,0.048397332,0.9944437560716731
1967.4946374285537,1.0149872,0.049759854,0.9984811486358983
1967.5307915266928,0.9860208,0.04939868,1.0015237665669945
1967.5669456248318,0.9886714,0.04939527,1.0034508648569234
1967.603099722971,1.0066211,0.049908683,1.0043425897478513
1967.6392538211098,1.0445333,0.05019954,1.0046756729857398
1967.675407919249,1.0527319,0.051211074,1.0048187652647158
1967.711562017388,1.042153,0.05060915,1.0048428863333658
1967.7477161155268,1.0698613,0.052042548,1.0046517234010985
1967.783870213666,1.06923,0.05136185,1.0041084020577213
1967.820024311805,1.0035658,0.04955618,1.003130734485769
1967.856178409944,1.0646738,0.05111574,1.0017940968179773
1967.892332508083,1.002308,0.049665436,1.0003179802132016
1967.9284866062221,1.0185832,0.050040282,0.9989282081696014
1967.964640704361,0.980653,0.049746174,0.9977300046637557
1968.0007948025002,1.0302188,0.050998997,0.9967079822152424
1968.0369489006391,1.0419589,0.05004703,0.995828823840023
1968.0731029987783,1.0370122,0.05019772,0.995064835286508
1968.1092570969172,1.011411,0.049704205,0.9944018591525086
1968.145411195056,1.0287982,0.050364643,0.9938418145152536
1968.1815652931953,0.9895759,0.049535636,0.9933861516865095
1968.2177193913342,1.0793769,0.051406465,0.9930234317645005
1968.2538734894733,1.0322292,0.050178155,0.992715386009792
1968.2900275876123,1.0833756,0.051808123,0.9924080728960099
1968.3261816857514,1.0370826,0.05064114,0.9920569418702436
1968.3623357838903,1.0559328,0.050584674,0.991651180179832
1968.3984898820295,0.9931735,0.04968307,0.9912125766361457
1968.4346439801684,1.00438,0.049966455,0.9907889016249918
1968.4707980783076,1.06554,0.050782356,0.9904290112965539
1968.5069521764465,1.038452,0.05101997,0.9901550032833423
1968.5431062745856,0.9822128,0.04942696,0.9899634265264851
1968.5792603727245,1.008008,0.049899243,0.9898476376760523
1968.6154144708635,1.0811753,0.051547203,0.9898004088732109
1968.6515685690026,1.0015391,0.04995238,0.9897897902458922
1968.6877226671415,0.9270917,0.04762619,0.9896831848312537
1968.7238767652807,1.0378122,0.050977495,0.9891361822223226
1968.7600308634196,1.0234269,0.049742762,0.9877168261315478
1968.7961849615588,1.0352794,0.04988087,0.985341721348211
1968.8323390596977,0.9708633,0.049177356,0.9822150004918193
1968.8684931578368,0.9643855,0.04838264,0.9786443795984449
1968.9046472559758,1.0695286,0.051892176,0.9750507260911782
1968.940801354115,1.0519733,0.050765134,0.9718846536768719
1968.9769554522538,1.0427828,0.05019548,0.969255882765807
1969.013109550393,1.0332533,0.05063655,0.9670960471970925
1969.049263648532,1.033476,0.050286062,0.9653714870074345
1969.0854177466708,1.0163627,0.049941804,0.9640300743069692
1969.12157184481,1.0601624,0.050508186,0.9629120459139535
1969.157725942949,1.0074492,0.049806565,0.9617957192459109
1969.193880041088,1.0115275,0.049627613,0.9605422891447332
1969.230034139227,0.966695,0.04933432,0.959185870279116
1969.2661882373661,1.0487719,0.05077866,0.9578800006422243
1969.302342335505,1.0719551,0.051107045,0.956737786194382
1969.3384964336442,1.0534055,0.050981577,0.9558080071908566
1969.3746505317831,1.0087029,0.04936277,0.9551113367526607
1969.4108046299223,0.95287925,0.04901291,0.9546447621772437
1969.4469587280612,1.0079025,0.050095335,0.9544069927344828
1969.4831128262,0.956304,0.048416167,0.954399098458439
1969.5192669243393,0.98739344,0.04887189,0.9546239083592218
1969.5554210224782,0.98971665,0.04931246,0.9550797376127634
1969.5915751206173,0.9451592,0.048179094,0.9557744485861726
1969.6277292187563,0.9014902,0.04786547,0.9566909748528559
1969.6638833168954,0.9822273,0.04963975,0.9577278929946447
1969.7000374150343,0.95368546,0.04786782,0.9586417969903708
1969.7361915131735,1.0041608,0.049632035,0.9592137922584203
1969.7723456113124,1.0042744,0.04891248,0.9594412348441772
1969.8084997094516,1.0085394,0.04959408,0.9595772059894834
1969.8446538075905,1.0299001,0.051213995,0.9599564077788958
1969.8808079057294,1.0191447,0.050033942,0.9607826544988753
1969.9169620038685,0.9532201,0.04811606,0.9620378519276243
1969.9531161020075,0.93527687,0.047677886,0.9635359021789467
1969.9892702001466,0.96179813,0.048209302,0.9651768286408825
1970.0254242982855,1.0178841,0.049683485,0.9670140086026512
1970.0615783964247,0.9946281,0.049099408,0.9689840217057528
1970.0977324945636,1.0231551,0.050409555,0.9708264751315437
1970.1338865927028,1.028264,0.050097078,0.9722803821996553
1970.1700406908417,0.9720077,0.048915166,0.9731095350520457
1970.2061947889808,0.9695599,0.04885857,0.9731970585056692
1970.2423488871198,1.0831487,0.05062172,0.9727107095839947
1970.278502985259,1.0636866,0.051059946,0.9720172802866796
1970.3146570833978,1.0795364,0.05156905,0.9713149794060232
1970.3508111815368,1.120312,0.05193875,0.9706512018706559
1970.386965279676,1.0723604,0.051378578,0.9700483738883525
1970.4231193778148,0.97752655,0.049010545,0.9695368236028544
1970.459273475954,1.0200105,0.049969558,0.9691426503061911
1970.495427574093,1.0194855,0.049731236,0.9688828681589262
1970.531581672232,1.0589266,0.050823882,0.9687709825175429
1970.567735770371,0.98039854,0.048949715,0.9688054909249938
1970.6038898685101,1.0268996,0.050106227,0.9689811188108755
1970.640043966649,1.027585,0.050446797,0.9692893306577877
1970.6761980647882,1.0835403,0.051094875,0.9697278825536191
1970.7123521629271,0.97588253,0.049170807,0.9702939987269112
1970.7485062610663,1.0304217,0.049982015,0.9709970469830201
1970.7846603592052,1.0672636,0.05140305,0.9718568953261413
1970.820814457344,1.0136921,0.050184146,0.9728955666658564
1970.8569685554833,1.0345742,0.050157197,0.9741278579042135
1970.8931226536222,1.0731852,0.051240336,0.9755683471939466
1970.9292767517613,1.0139707,0.049731273,0.9772642388456395
1970.9654308499003,0.94761217,0.048739742,0.9792595451581397
1971.0015849480394,1.0458854,0.05029256,0.9815538467335709
1971.0377390461783,1.0490192,0.050745875,0.9839701916092294
1971.0738931443175,0.9878399,0.04890662,0.9862216054818949
1971.1100472424564,1.0696634,0.050871685,0.9880838459356653
1971.1462013405956,1.0329322,0.050270136,0.9895705912059111
1971.1823554387345,1.0829895,0.051244155,0.9908810591252639
1971.2185095368734,1.0544041,0.05086794,0.9922682926664412
1971.2546636350125,1.014067,0.04959308,0.9937968312525525
1971.2908177331515,1.0457848,0.051659644,0.9952938029717081
1971.3269718312906,1.0350052,0.056582395,0.9964788102732448
1971.3631259294295,0.9538652,0.05641928,0.9971781811540006
1971.3992800275687,1.0285109,0.0577474,0.9974312161729681
1971.4354341257076,1.0800731,0.059203483,0.9974451345042231
1971.4715882238468,1.0591755,0.058894955,0.9973863164337339
1971.5077423219857,1.012856,0.05894084,0.9973193589994884
1971.5438964201248,1.1235538,0.0606539,0.9972561021383309
1971.5800505182638,1.0086519,0.056414027,0.9971921554266416
1971.616204616403,1.0047797,0.057385325,0.9971226983206677
1971.6523587145418,1.0565788,0.057893626,0.9970481957822176
1971.6885128126808,1.0770746,0.059240717,0.9969730405470777
1971.72466691082,1.0141077,0.059957683,0.9968991570613633
1971.7608210089588,1.106226,0.060436785,0.9968260644674672
1971.796975107098,1.0061541,0.05704192,0.9967529693359013
1971.833129205237,1.0688955,0.05915741,0.9966800657505783
1971.869283303376,1.0639637,0.05868355,0.9966080575278969
1971.905437401515,1.0065746,0.05789167,0.996539129685568
1971.9415914996541,1.1008621,0.06036622,0.9964766346972346
1971.977745597793,1.0176643,0.058837287,0.9964218229073354
1972.0138996959322,1.0689487,0.058570564,0.9963695667818901
1972.0500537940711,1.0948379,0.060022164,0.9963094985935087
1972.08620789221,1.0783318,0.059776276,0.9962337209281239
1972.1223619903492,1.1216354,0.05960492,0.9961440780084793
1972.158516088488,1.0047057,0.058348298,0.9960478130039587
1972.1946701866273,0.9634645,0.057579406,0.9959499798416592
1972.2308242847662,0.9675861,0.055557728,0.9958525021397818
1972.2669783829053,1.0201329,0.058568384,0.9957559664013454
1972.3031324810443,1.0123798,0.057879597,0.9956609646450394
1972.3392865791834,1.092868,0.05956238,0.9955684949236125
1972.3754406773223,1.1046308,0.060672246,0.9954799123926775
1972.4115947754615,1.1285657,0.060970183,0.9953965983432089
1972.4477488736004,1.1612834,0.060529638,0.9953199343297373
1972.4839029717396,1.0600737,0.059500303,0.9952512975750178
1972.5200570698785,1.0613487,0.058948755,0.9951921930397829
1972.5562111680174,1.0976406,0.05966789,0.9951420280983597
1972.5923652661565,1.0789363,0.060006533,0.9950957082558176
1972.6285193642955,1.0891463,0.06046557,0.9950448495405556
1972.6646734624346,1.0559838,0.058916904,0.9949838673861376
1972.7008275605735,1.0421581,0.058643956,0.9949145392606534
1972.7369816587127,1.0489733,0.058460582,0.9948409447770781
1972.7731357568516,1.1462868,0.06179381,0.9947644159114878
1972.8092898549908,1.093975,0.059296668,0.9946835375441131
1972.8454439531297,1.0393853,0.060355935,0.9945974535278399
1972.8815980512688,1.1301122,0.06497808,0.9945057277667878
1972.9177521494078,1.0640652,0.06981638,0.9944056672538983
1972.953906247547,1.0619069,0.07232517,0.994290273897671
1972.9900603456858,1.1315916,0.07503272,0.9941471139970777
1973.0262144438248,1.0913543,0.074839234,0.9939594842170212
1973.062368541964,1.0132983,0.07051538,0.9937073398589714
1973.0985226401028,1.0829531,0.0755693,0.993360960918984
1973.134676738242,1.0690771,0.072813384,0.9928875776919013
1973.170830836381,0.89848244,0.068008974,0.9922475079543268
1973.20698493452,0.96777743,0.070200294,0.9914197182279755
1973.243139032659,1.0594947,0.07249037,0.9904394588954415
1973.2792931307981,1.0794444,0.07282263,0.9894103793842188
1973.315447228937,0.995688,0.07105497,0.9884242489707883
1973.3516013270762,0.9899314,0.0710636,0.9875202096737487
1973.3877554252151,1.0202634,0.07156042,0.9867082226640925
1973.423909523354,0.99466074,0.070867196,0.9859774546764373
1973.4600636214932,1.0269092,0.07067389,0.985316743494516
1973.496217719632,1.0757753,0.07338791,0.9847121097452919
1973.5323718177713,1.0368675,0.07052484,0.9841465139964153
1973.5685259159102,1.0299559,0.07243791,0.9835544354854842
1973.6046800140493,1.027558,0.0743101,0.9827298557787214
1973.6408341121883,1.0031513,0.070922054,0.9812909915240987
1973.6769882103274,1.0268486,0.071661815,0.9789402552139171
1973.7131423084663,1.0416714,0.072298914,0.97577203832007
1973.7492964066055,1.0061035,0.07106973,0.9720547621199108
1973.7854505047444,0.9961203,0.07162231,0.9681530997888408
1973.8216046028833,1.0210108,0.07322547,0.9645228588714042
1973.8577587010225,1.0443249,0.07256501,0.961382178898805
1973.8939127991614,1.0573609,0.07222456,0.9586757498124671
1973.9300668973005,1.0223831,0.07244041,0.9563084935958859
1973.9662209954395,1.0778733,0.073222116,0.9542418232991255
1974.0023750935786,1.0425906,0.071082845,0.9524458726806516
1974.0385291917175,0.9981912,0.07224089,0.9509049243984139
1974.0746832898567,1.1227841,0.07510841,0.9496182633496797
1974.1108373879956,1.0950141,0.074064165,0.9485872490081155
1974.1469914861348,1.0197048,0.07239466,0.9477939800745812
1974.1831455842737,1.0606176,0.07265971,0.9472399930377584
1974.2192996824128,0.9764743,0.06950086,0.9469216082265599
1974.2554537805518,0.99118286,0.07205668,0.9468395030656336
1974.2916078786907,1.0716335,0.07374938,0.9469860867594956
1974.3277619768298,1.0004284,0.070630856,0.9473624276415983
1974.3639160749688,1.0130436,0.07153447,0.9479723264215759
1974.400070173108,1.0243882,0.07245754,0.9488059869015489
1974.4362242712468,0.9703541,0.07045976,0.9498413255618499
1974.472378369386,1.0303243,0.07335236,0.9510324108134741
1974.508532467525,0.994967,0.07206898,0.9523183933372947
1974.544686565664,0.9932558,0.07026297,0.9536115915766997
1974.580840663803,0.9697404,0.06942985,0.9548684794203318
1974.6169947619421,1.010452,0.07189163,0.9561327741049561
1974.653148860081,1.0218306,0.0717058,0.9574693528399068
1974.6893029582202,1.0124683,0.07158354,0.958955122939412
1974.7254570563591,0.9934265,0.07337458,0.9606236929209232
1974.761611154498,1.0289128,0.0842749,0.9625115077294323
1974.7977652526372,1.0764805,0.10580962,0.9646535782871851
1974.8339193507761,1.1012257,0.10468569,0.9670838768193958
1974.8700734489153,1.1230689,0.10693475,0.9698806838127736
1974.9062275470542,1.0496874,0.10473613,0.9731049777964651
1974.9423816451933,1.1296318,0.10906175,0.976722614785256
1974.9785357433323,1.1021844,0.10964154,0.9802806229255929
1975.0146898414714,0.91192806,0.09928957,0.9832611560247214
1975.0508439396103,0.96917564,0.10155167,0.9852001346917646
1975.0869980377495,1.1020513,0.10625433,0.9857737049047629
1975.1231521358884,1.0968966,0.10657483,0.9850598360751704
1975.1593062340276,1.0236602,0.1034703,0.9835490571715093
1975.1954603321665,0.98655844,0.10229296,0.9818142328845195
1975.2316144303054,1.0610578,0.10556666,0.9801966779522886
1975.2677685284445,1.1191103,0.108033344,0.9787895223286083
1975.3039226265835,1.0944611,0.106968805,0.977546490367909
1975.3400767247226,1.0670825,0.104435444,0.9764357292982513
1975.3762308228615,1.0250351,0.10047411,0.9754334919614747
1975.4123849210007,1.024175,0.10420028,0.9745334827080181
1975.4485390191396,1.0229962,0.1066584,0.9737247669776883
1975.4846931172788,1.0751585,0.10807647,0.973008813967498
1975.5208472154177,1.1334767,0.10879582,0.9723820573570054
1975.5570013135568,1.1046735,0.10649283,0.9718403534175127
1975.5931554116958,1.0575567,0.1046311,0.9713751109285135
1975.6293095098347,1.1259284,0.108875975,0.9709778749128234
1975.6654636079738,1.1374009,0.11032118,0.9706488302549658
1975.7016177061128,1.0867424,0.107035525,0.9703880872749099
1975.737771804252,1.01583,0.10304652,0.9702003922391992
1975.7739259023908,0.99708205,0.103766955,0.9700874014416437
1975.81008000053,1.0380058,0.1054507,0.9700505824895705
1975.846234098669,1.0929326,0.1038082,0.970087671283697
1975.882388196808,1.0085952,0.1038587,0.9701997798643496
1975.918542294947,1.1291021,0.108378254,0.970387964919919
1975.9546963930861,1.0037334,0.10461799,0.9706561013224037
1975.990850491225,0.95498925,0.100780435,0.9710040054916933
1976.027004589364,1.0302144,0.10540674,0.9714338713906873
1976.0631586875031,0.9756158,0.09889994,0.9719529719346709
1976.099312785642,1.1162769,0.10941503,0.9725627277357205
1976.1354668837812,1.0844327,0.1087491,0.9732684590747157
1976.1716209819201,1.000333,0.10166785,0.9740817654075573
1976.2077750800593,1.0962452,0.10577895,0.9750115337126836
1976.2439291781982,0.99557436,0.10430295,0.9760794106961267
1976.2800832763373,0.9351032,0.09954865,0.9773144932146448
1976.3162373744763,0.94654745,0.10113529,0.9787314468792486
1976.3523914726154,1.0144086,0.10402254,0.9803273239430303
1976.3885455707543,0.91973376,0.100480884,0.9819883712738429
1976.4246996688935,1.0967582,0.10502636,0.9834700994748228
1976.4608537670324,1.0257498,0.10293393,0.9845463067266549
1976.4970078651713,1.04692,0.10628681,0.9851066269621056
1976.5331619633105,1.0293945,0.10307996,0.985267689514322
1976.5693160614494,0.8908632,0.10016511,0.9852313367294074
1976.6054701595885,1.1026442,0.11390585,0.9851366775685785
1976.6416242577275,1.1500947,0.33465257,0.9850325939196606
1976.6777783558666,,,0.9849282887954989
1976.7139324540055,,,0.9848245946380808
1976.7500865521447,,,0.9847208733684147
1976.7862406502836,,,0.9846141028603935
1976.8223947484228,,,0.9844982413902423
1976.8585488465617,,,0.9843683412095823
1976.8947029447008,,,0.9842261889425374
1976.9308570428398,,,0.984080837103934
1976.9670111409787,,,0.9839402690592293
1977.0031652391178,,,0.983803450765296
1977.0393193372568,,,0.9836603474384357
1977.075473435396,,,0.9834963730896845
1977.1116275335348,,,0.9833068683706611
1977.147781631674,,,0.9830919186271422
1977.183935729813,,,0.9828188030164473
1977.220089827952,,,0.9823647481567508
1977.256243926091,,,0.9815650583526594
1977.2923980242301,,,0.9803658603551029
1977.328552122369,,,0.9788835165192064
2035.981798862885,,,0.8716074241785293
2036.0167862445892,,,0.8715436985744942
2036.0517736262932,,,0.8714787357622862
2036.0867610079974,,,0.8714133622736453
2036.1217483897015,,,0.8713502018266768
2036.1567357714057,,,0.8712915948691524
2036.1917231531097,,,0.8712383023018591
2036.226710534814,,,0.8711905027526097
2036.2616979165182,,,0.8711476049688427
2036.2966852982222,,,0.871109799999741
2036.3316726799264,,,0.8710769184252249
2036.3666600616305,,,0.8710490297715561
2036.4016474433347,,,0.8710263174348198
2036.436634825039,,,0.8710086096889704
2036.471622206743,,,0.8709962651747192
2036.5066095884472,,,0.8709885516797276
2036.5415969701512,,,0.8709836299923275
2036.5765843518554,,,0.8709761471840289
2036.6115717335595,,,0.8709581662572359
2036.6465591152637,,,0.8709252687740867
2036.681546496968,,,0.8708834458217531
2036.716533878672,,,0.8708414659074509
2036.7515212603762,,,0.8708008777084159
2036.7865086420802,,,0.8707555994481578
2036.8214960237844,,,0.8706995109472762
2036.8564834054885,,,0.8706308412237768
2036.8914707871927,,,0.8705495742008993
2036.926458168897,,,0.8704584635492353
2036.961445550601,,,0.87035736313013
2036.9964329323052,,,0.8702404703493286
2037.0314203140092,,,0.8700950841351125
2037.0664076957135,,,0.8699203534840696
2037.1013950774177,,,0.8697308740143503
2037.1363824591217,,,0.8695483605683516
2037.171369840826,,,0.869380247869332
2037.20635722253,,,0.8692273441490084
2037.2413446042342,,,0.8690871433596032
2037.2763319859382,,,0.8689611658496558
2037.3113193676425,,,0.8688495589736909
2037.3463067493467,,,0.8687504459359395
2037.3812941310507,,,0.8686610659515821
2037.416281512755,,,0.8685747836394476
2037.451268894459,,,0.8684866674282117
2037.4862562761632,,,0.8683955509828734
2037.5212436578674,,,0.8683054073920109
2037.5562310395715,,,0.8682219426831783
2037.5912184212757,,,0.8681497297029201
2037.6262058029797,,,0.868091500007794
2037.661193184684,,,0.8680452082137167
2037.696180566388,,,0.8680090204820633
2037.7311679480922,,,0.8679813356371675
2037.7661553297964,,,0.8679639824756351
2037.8011427115005,,,0.8679606289673834
2037.8361300932047,,,0.8679736265861264
2037.8711174749087,,,0.8680053187355607
2037.906104856613,,,0.8680562189998433
2037.941092238317,,,0.8681265489442063
2037.9760796200212,,,0.8682076309295725
2038.0110670017255,,,0.8682869031053961
2038.0460543834295,,,0.8683549563943198
2038.0810417651337,,,0.8684139254957057
2038.1160291468377,,,0.8684743409891651
2038.151016528542,,,0.8685436689893449
2038.1860039102462,,,0.8686189052348159
2038.2209912919502,,,0.8686808333796492
2038.2559786736545,,,0.8686985948346102
2038.2909660553585,,,0.8686541002941528
2038.3259534370627,,,0.8685646784785573
2038.3609408187667,,,0.8684590223010032
2038.395928200471,,,0.8683448055711727
2038.4309155821752,,,0.868200329365646
2038.4659029638792,,,0.8680084608742815
2038.5008903455835,,,0.86778080458017
2038.5358777272875,,,0.8675467946392982
2038.5708651089917,,,0.8673288077556994
2038.6058524906957,,,0.8671376969885245
2038.6408398724,,,0.8669706245796911
2038.6758272541042,,,0.8668260823279936
2038.7108146358082,,,0.8667011257583823
2038.7458020175125,,,0.8665931885508329
2038.7807893992165,,,0.8665002166257617
2038.8157767809207,,,0.8664188668022044
2038.850764162625,,,0.8663472132301995
2038.885751544329,,,0.8662827415567047
2038.9207389260332,,,0.866225395531129
2038.9557263077372,,,0.8661769895306498
2038.9907136894415,,,0.8661404179702248
2039.0257010711455,,,0.866117454835938
2039.0606884528497,,,0.8661062960027104
2039.095675834554,,,0.8661036047124331
2039.130663216258,0.78275275,0.12122286,0.8661036263778894
2039.1656505979622,0.67089283,0.09501694,0.8661010150340105
2039.2006379796662,0.68449956,0.094932124,0.8660928742313494
2039.2356253613705,0.73685974,0.09483227,0.8660839470278054
2039.2706127430745,0.7474693,0.09797829,0.8660849081196103
2039.3056001247787,0.8365954,0.09967152,0.8661039731920037
2039.340587506483,0.7785551,0.098613635,0.866145799874459
2039.375574888187,0.8046481,0.09828566,0.8662087369795018
2039.4105622698912,0.74088067,0.094926424,0.8662916052285431
2039.4455496515952,0.70626247,0.09399226,0.8663906655406075
2039.4805370332995,0.7864412,0.09709224,0.8665024981777363
2039.5155244150037,0.78873265,0.09878401,0.8666288649820479
2039.5505117967077,0.6988912,0.095387265,0.8667749044693351
2039.585499178412,0.7470873,0.0977421,0.8669363327634615
2039.620486560116,0.79292166,0.09986321,0.8670781823811529
2039.6554739418202,0.73316723,0.095505826,0.8671537991562956
2039.6904613235242,0.777696,0.09593079,0.8671505097156296
2039.7254487052285,0.75955623,0.09499108,0.8670985419787122
2039.7604360869327,0.73057145,0.09540695,0.8670385520497061
2039.7954234686367,0.8147881,0.10109328,0.8669874275519771
2039.830410850341,0.8174147,0.1005064,0.8669362773851925
2039.865398232045,0.8075512,0.09834462,0.8668697497631411
2039.9003856137492,0.78804684,0.09761689,0.8667823555595808
2039.9353729954535,0.68401444,0.09285298,0.8666824590379684
2039.9703603771575,0.6255836,0.08892428,0.8665815627995703
2040.0053477588617,0.72034466,0.09335982,0.8664896164210982
2040.0403351405657,0.77522343,0.097744904,0.8664104419987763
2040.07532252227,0.69380456,0.093179874,0.8663455031876388
2040.110309903974,0.6004897,0.086982645,0.8662919518917971
2040.1452972856782,0.5633606,0.0854875,0.8662476335920067
2040.1802846673825,0.7061804,0.09160365,0.8662109184483324
2040.2152720490865,0.7696973,0.093675315,0.866182254870959
2040.2502594307907,0.74220484,0.094239116,0.866162994553525
2040.2852468124947,0.81252575,0.0991159,0.8661531522207038
2040.320234194199,0.8008195,0.09803199,0.866151559333634
2040.355221575903,0.74049926,0.09386454,0.8661509675967183
2040.3902089576072,0.73476106,0.09253172,0.8661355225064147
2040.4251963393115,0.72913164,0.09505645,0.8660839797278271
2040.4601837210155,0.6930494,0.094980896,0.8659895573852943
2040.4951711027197,0.6715663,0.09139718,0.8658710173375987
2040.5301584844237,0.68798125,0.09113469,0.8657581209755928
2040.565145866128,0.8263356,0.09845309,0.8656643563089975
2040.6001332478322,0.88842356,0.101462506,0.8655853958796611
2040.6351206295362,0.7491224,0.08801817,0.8655180511063827
2040.6701080112405,0.6222494,0.060801476,0.8654645607006798
2040.7050953929445,0.71867317,0.06533215,0.8654295617482872
2040.7400827746487,0.6521085,0.06261845,0.8654161485751841
2040.7750701563527,0.7181905,0.06298373,0.8654245713947325
2040.810057538057,0.818106,0.070599414,0.8654556048384681
2040.8450449197612,0.81442916,0.0660485,0.8655026995394488
2040.8800323014652,0.75505435,0.0677902,0.8655603131358145
2040.9150196831695,0.729678,0.06372732,0.8656250596705544
2040.9500070648735,0.72973484,0.06466553,0.8656976288751171
2040.9849944465777,0.7417362,0.06589617,0.8657687001798569
2041.0199818282817,0.71667486,0.06352354,0.8658164577003342
2041.054969209986,0.77711064,0.06749799,0.8658180063916798
2041.0899565916902,0.74120677,0.06610491,0.8657768936059246
2041.1249439733942,0.7343016,0.0653164,0.8657115186430577
2041.1599313550985,0.76773226,0.06660524,0.8656446591963506
2041.1949187368025,0.7552138,0.066007115,0.8655858305160273
2041.2299061185067,0.737072,0.06432683,0.8655312981922492
2041.264893500211,0.7066737,0.0630665,0.8654716867598221
2041.299880881915,0.80587846,0.06812726,0.8654031225984111
2041.3348682636192,0.7059276,0.064098,0.8653331390399066
2041.3698556453232,0.74489105,0.0651733,0.8652719971244575
2041.4048430270275,0.78619635,0.06669583,0.8652261014616478
2041.4398304087315,0.81499285,0.0686797,0.8651973392522544
2041.4748177904357,0.82900375,0.06823657,0.8651852548070558
2041.50980517214,0.8535623,0.06896635,0.8651886715593597
2041.544792553844,0.8294828,0.06799832,0.8652069305051568
2041.5797799355482,0.7741515,0.06734227,0.8652369238943178
2041.6147673172522,0.7622778,0.06520192,0.8652733419803118
2041.6497546989565,0.77722913,0.065056495,0.8653014310681901
2041.6847420806605,0.81393194,0.06759117,0.8652949730418029
2041.7197294623647,0.7561745,0.0643827,0.8652105457505148
2041.754716844069,0.75249445,0.063849926,0.8649881155866916
2041.789704225773,0.84023744,0.07004792,0.864527977345198
2041.8246916074772,0.81745416,0.068199694,0.8637359111660234
2041.8596789891812,0.76891446,0.066208884,0.8625103208427859
2041.8946663708855,0.69265455,0.062712684,0.8608830879920835
2041.9296537525897,0.7274791,0.06293462,0.8589412899402603
2041.9646411342937,0.7180915,0.067028835,0.8568204826089915
2041.999628515998,0.76621157,0.06620244,0.8546327381227269
2042.034615897702,0.7308227,0.06512765,0.8524607796100314
2042.0696032794062,0.8054005,0.06645284,0.8503750090186095
2042.1045906611103,0.7370143,0.06497078,0.848437359599192
2042.1395780428145,0.69656163,0.061628353,0.8466747856935808
2042.1745654245187,0.7685894,0.06643424,0.8451029701833286
2042.2095528062227,0.7588965,0.065798745,0.8437100317410159
2042.244540187927,0.76967865,0.06410459,0.8424822895124058
2042.279527569631,0.7590482,0.06570336,0.8414141996429653
2042.3145149513352,0.7128155,0.06421747,0.840486542764457
2042.3495023330395,0.77880293,0.06503143,0.8396985885736618
2042.3844897147435,0.79640424,0.06660977,0.839038907536549
2042.4194770964477,0.828156,0.068896025,0.8385079569417111
2042.4544644781517,0.8524393,0.06820406,0.838095111271207
2042.489451859856,0.8133836,0.06777742,0.8377944904196588
2042.52443924156,0.7665955,0.05789166,0.8376083594828583
2042.5594266232642,0.7667408,0.053391878,0.8375346390675364
2042.5944140049685,0.7703798,0.053872403,0.8375801301136868
2042.6294013866725,0.84149206,0.05494492,0.8377288524705404
2042.6643887683767,0.8737072,0.05652688,0.8379729901561681
2042.6993761500808,0.7878531,0.05482899,0.8383028702455824
2042.734363531785,0.70633787,0.05153442,0.8387165198076558
2042.769350913489,0.7031965,0.051455516,0.8392162842341565
2042.8043382951932,0.7892309,0.052991178,0.8398083409373456
2042.8393256768975,0.77277744,0.053649064,0.840510280955111
2042.8743130586015,0.70379764,0.05054696,0.8413178871698177
2042.9093004403057,0.8096988,0.054985825,0.842240480910843
2042.9442878220098,0.7007712,0.051562898,0.8432967028479424
2042.979275203714,0.72728306,0.052422576,0.8445199794944311
2043.0142625854182,0.7819117,0.053078245,0.8459324295591416
2043.0492499671223,0.79757583,0.054819815,0.8475335458626956
2043.0842373488265,0.7789027,0.05314836,0.8493146422212172
2043.1192247305305,0.8564208,0.056191437,0.8512321827508043
2043.1542121122347,0.79056627,0.054148592,0.8532507824791347
2043.1891994939388,0.8021737,0.0541405,0.8552922080488814
2043.224186875643,0.7743128,0.053087726,0.8572462542088398
2043.2591742573472,0.76047987,0.052796174,0.8589907430467374
2043.2941616390513,0.80657023,0.05431161,0.8604399295200996
2043.3291490207555,0.8112749,0.054772053,0.8615681692653361
2043.3641364024595,0.7515571,0.052784473,0.8624099726771736
2043.3991237841637,0.80850345,0.054135982,0.8629888674789234
2043.4341111658678,0.79672897,0.053377252,0.8633675621906998
2043.469098547572,0.79208297,0.05516759,0.8635928166597513
2043.5040859292762,0.770463,0.053047176,0.8637217314126773
2043.5390733109803,0.83526117,0.055287212,0.8637972802220377
2043.5740606926845,0.8704633,0.05725036,0.8638483446966244
2043.6090480743885,0.76354903,0.05247357,0.8638913358050286
2043.6440354560928,0.8127015,0.052747283,0.863933143598584
2043.679022837797,0.787444,0.054079168,0.8639771051820784
2043.714010219501,0.83202237,0.055337153,0.8640254673533534
2043.7489976012052,0.871738,0.0560812,0.8640799934633459
2043.7839849829093,0.85763323,0.055798024,0.8641421205882996
2043.8189723646135,0.81457305,0.054367736,0.8642123618976498
2043.8539597463175,0.82317376,0.055584293,0.8642917089339959
2043.8889471280218,0.85377765,0.054890286,0.864380735721977
2043.923934509726,0.7734325,0.053055376,0.8644797611664461
2043.95892189143,0.838123,0.05527128,0.8645905630510109
2043.9939092731342,0.8730941,0.05611882,0.8647145465033834
2044.0288966548383,0.88314784,0.056491975,0.8648540161002866
2044.0638840365425,0.89094913,0.05710248,0.8650095191146044
2044.0988714182467,0.8912414,0.056274492,0.8651745351358326
2044.1338587999508,0.83184564,0.054011032,0.8653385759978033
2044.168846181655,0.8428633,0.054740306,0.8654921083036853
2044.203833563359,0.8989442,0.057736047,0.8656351760728449
2044.2388209450633,0.85516644,0.055768304,0.8657650604411028
2044.2738083267673,0.8567457,0.05558347,0.8658700108235398
2044.3087957084715,0.8365722,0.055014458,0.8659422646058847
2044.3437830901757,0.7995728,0.053730957,0.86598805545926
2044.3787704718798,0.7894587,0.051503405,0.8660229814161924
2044.413757853584,0.75989395,0.045837548,0.8660585478423701
2044.448745235288,0.79341626,0.047289312,0.8660925439646643
2044.4837326169923,0.8658215,0.048421334,0.8661087617616494
2044.5187199986963,0.8155698,0.046306714,0.8660874222310362
2044.5537073804005,0.84814644,0.048222233,0.8660222577246537
2044.5886947621048,0.84992516,0.047406714,0.8659202800083466
2044.6236821438088,0.8368641,0.048219267,0.8657955048047267
2044.658669525513,0.77284664,0.045722708,0.8656619170846296
2044.693656907217,0.8121632,0.047296565,0.8655297919528432
2044.7286442889213,0.7857633,0.046404373,0.8654051541693575
2044.7636316706255,0.8303924,0.0466809,0.8652927800442857
2044.7986190523295,0.8207028,0.047560226,0.8651952954512045
2044.8336064340338,0.8144169,0.047586493,0.8651148841448673
2044.8685938157378,0.78271854,0.045929663,0.86505125889112
2044.903581197442,0.84006494,0.047423724,0.8650020882530067
2044.938568579146,0.8098316,0.047724903,0.8649648448145318
2044.9735559608503,0.7519325,0.04487364,0.8649355539518961
2045.0085433425545,0.84152895,0.047806177,0.864911976756195
2045.0435307242585,0.7709184,0.045512307,0.8648914942225345
2045.0785181059628,0.7561315,0.045990247,0.8648728083625155
2045.1135054876668,0.79391956,0.04660469,0.8648553687644223
2045.148492869371,0.8177364,0.046875328,0.8648390270663586
2045.183480251075,0.8746095,0.048455212,0.8648240186035868
2045.2184676327793,0.80806166,0.04691555,0.8648102054456455
2045.2534550144835,0.8188469,0.0472234,0.8647973816600238
2045.2884423961875,0.82087344,0.04691094,0.8647852088335004
2045.3234297778918,0.8181838,0.047530517,0.8647740030293094
2045.3584171595958,0.8192298,0.04747325,0.8647644111980902
2045.3934045413,0.829238,0.04737593,0.8647569143817985
2045.4283919230043,0.79518414,0.04622212,0.8647510180576647
2045.4633793047083,0.8626747,0.047888357,0.8647457405737204
2045.4983666864125,0.8414824,0.046865985,0.8647406679555361
2045.5333540681165,0.8467131,0.047652356,0.864736351045813
2045.5683414498208,0.8510712,0.04832704,0.8647334961513312
2045.6033288315248,0.83813274,0.047558337,0.8647323865911101
2045.638316213229,0.90015066,0.04907516,0.8647332555043201
2045.6733035949333,0.88802266,0.04836213,0.8647362089254984
2045.7082909766373,0.84554106,0.048780646,0.8647412905891991
2045.7432783583415,0.8723728,0.048357673,0.8647485229924818
2045.7782657400455,0.81336075,0.04692968,0.8647567609612907
2045.8132531217498,0.8515398,0.047663823,0.8647642911052327
2045.8482405034538,0.86101043,0.048585266,0.8647703108639301
2045.883227885158,0.87151814,0.04777297,0.8647749870789376
2045.9182152668623,0.83362436,0.047819745,0.8647775678250282
2045.9532026485663,0.8648119,0.048673946,0.8647748787324331
2045.9881900302705,0.7904344,0.045736227,0.8647634886975173
2046.0231774119745,0.84114796,0.046877053,0.8647448531961017
2046.0581647936788,0.83664453,0.04691321,0.8647235347734141
2046.093152175383,0.80323696,0.047415245,0.8647042568068655
2046.128139557087,0.82773167,0.046675764,0.8646891096213056
2046.1631269387913,0.81274056,0.047009744,0.8646783216363902
2046.1981143204953,0.80328256,0.046095226,0.8646718726877858
2046.2331017021995,0.8736346,0.0484063,0.8646701477489651
2046.2680890839035,0.97171116,0.050259635,0.8646729912876286
2046.3030764656078,0.8379652,0.04794331,0.8646781685913636
2046.338063847312,0.8371335,0.04731913,0.8646795270553822
2046.373051229016,0.8107387,0.04696515,0.8646683003206108
2046.4080386107203,0.8860649,0.04762603,0.8646417583434138
2046.4430259924243,0.926137,0.049382336,0.8646043028963432
2046.4780133741285,0.88630396,0.049623832,0.8645652856238555
2046.5130007558328,0.8765245,0.04800622,0.8645299150010678
2046.5479881375368,0.84537566,0.048299503,0.8644975743392992
2046.582975519241,0.9200513,0.05021579,0.8644618068102753
2046.617962900945,0.87936544,0.047996182,0.8644094552459242
2046.6529502826493,0.81971043,0.047120783,0.8643286455393426
2046.6879376643533,0.8033584,0.047033276,0.8642160739815548
2046.7229250460575,0.81525415,0.047247883,0.8640873108133199
2046.7579124277618,0.86198133,0.047440745,0.8639611279899914
2046.7928998094658,0.93120736,0.05080168,0.8638470458940392
2046.82788719117,0.8761141,0.047971334,0.8637425650034498
2046.862874572874,0.8795246,0.048988137,0.8636429800861436
2046.8978619545783,0.8491387,0.04725734,0.8635453263694375
2046.9328493362823,0.84288967,0.047761638,0.8634494091194832
2046.9678367179865,0.8428648,0.048068114,0.8633580171804258
2047.0028240996908,0.8993528,0.049072362,0.863273548112506
2047.0378114813948,0.90886074,0.049074914,0.863195890858286
2047.072798863099,0.8293934,0.047564168,0.8631255511814528
2047.107786244803,0.8988694,0.049774252,0.8630636944259198
2047.1427736265073,0.870099,0.04761916,0.863009995078353
2047.1777610082115,0.796462,0.047059912,0.8629620525137423
2047.2127483899155,0.8359703,0.047856037,0.862911161536435
2047.2477357716198,0.85167485,0.048612252,0.8628377828439524
2047.2827231533238,0.8591562,0.048134744,0.8627047865279003
2047.317710535028,0.8529704,0.048119992,0.8624599877844683
2047.352697916732,0.8734446,0.04865757,0.8620777823619572
2047.3876852984363,0.86960983,0.047559354,0.8615963881088636
2047.4226726801405,0.8827288,0.049046464,0.8610881923534669
2047.4576600618445,0.8431605,0.04813879,0.8606205724155315
2047.4926474435488,0.8785464,0.048788715,0.8602218768339163
2047.5276348252528,0.8666574,0.049154647,0.8598791531304277
2047.562622206957,0.82190406,0.047215816,0.859584247584652
2047.597609588661,0.87366724,0.048243526,0.8593256370980492
2047.6325969703653,0.92696136,0.04983916,0.8591026386878315
2047.6675843520695,0.8917109,0.048951793,0.858917577166708
2047.7025717337735,0.79501086,0.046853136,0.8587665082279838
2047.7375591154778,0.84525263,0.04799326,0.8586386362900185
2047.7725464971818,0.85590553,0.04799197,0.8585065972692896
2047.807533878886,0.86193985,0.04849309,0.8583345079450551
2047.8425212605903,0.8850567,0.04874933,0.8580794850356829
2047.8775086422943,0.87795985,0.0481369,0.8576841646228468
2047.9124960239985,0.8995183,0.0485297,0.8570698967640176
2047.9474834057025,0.83326733,0.048345815,0.8561528819221934
2047.9824707874068,0.8994191,0.049175296,0.8548481959641179
2048.017458169111,0.8542789,0.04784441,0.8531420032832311
2048.0524455508153,0.88905776,0.049294002,0.8510626193720907
2048.0874329325193,0.89360505,0.048920847,0.8487263179051878
2048.1224203142233,0.9058667,0.04898966,0.846288841732084
2048.1574076959273,0.87755895,0.0490134,0.8438756524803371
2048.1923950776318,0.9483664,0.05013031,0.8415903478083919
2048.227382459336,0.89124286,0.04916907,0.8394715590983061
2048.26236984104,0.8675401,0.048425406,0.8375624903974609
2048.2973572227443,0.9079929,0.048817735,0.8358760072239196
2048.3323446044483,0.85647595,0.048802044,0.8343990690118268
2048.3673319861523,0.88641787,0.04863798,0.8331325002227323
2048.4023193678563,0.9486939,0.05029166,0.8320555567207204
2048.437306749561,0.90777344,0.049466617,0.8311637128400675
2048.472294131265,0.8019411,0.047008034,0.8304508385580762
2048.507281512969,0.8785609,0.04806613,0.829911623082307
2048.5422688946733,0.8643729,0.048827853,0.8295443749657918
2048.5772562763773,0.84925914,0.048200287,0.8293424932199557
2048.6122436580813,0.8440181,0.04745842,0.8293126261793473
2048.6472310397853,0.88842124,0.04869814,0.8294275962727149
2048.68221842149,0.821056,0.046936866,0.8296385955055732
2048.717205803194,0.8335714,0.048155546,0.8298648551352357
2048.752193184898,0.81505156,0.047008943,0.8300658543416125
2048.7871805666023,0.8381386,0.04795522,0.8302664613182902
2048.8221679483063,0.87099147,0.049117997,0.8305250070585463
2048.8571553300103,0.8874969,0.049408387,0.8309022645620668
2048.8921427117143,0.89447296,0.04832197,0.8314148151052769
2048.927130093419,0.91307694,0.049504682,0.8320814111974009
2048.962117475123,0.84313816,0.04879284,0.8328925945456074
2048.997104856827,0.9197565,0.04954926,0.8338562187420434
2049.0320922385313,0.8958468,0.04943355,0.8349797022342793
2049.0670796202353,0.8605857,0.04810588,0.836266767996277
2049.1020670019393,0.89543635,0.048885852,0.8377360296635248
2049.1370543836433,0.8287061,0.04770464,0.8394027939320222
2049.172041765348,0.8886492,0.04921255,0.8412773531618567
2049.207029147052,0.93583333,0.050675184,0.8433582459272329
2049.242016528756,0.8869486,0.048488084,0.8456523798305373
2049.2770039104603,0.96127516,0.050442826,0.8480930399652877
2049.3119912921643,0.8329957,0.047569722,0.8506161529665849
2049.3469786738683,0.86998284,0.048504777,0.8530752895766814
2049.381966055573,0.9073707,0.04943887,0.8553243719748503
2049.416953437277,0.9007776,0.04890454,0.8572359538048733
2049.451940818981,0.90236866,0.04925584,0.8587530907635482
2049.486928200685,0.91418934,0.049964417,0.859852828716297
2049.5219155823893,0.8892874,0.048706416,0.8606231977192765
2049.5569029640933,0.90319616,0.049272478,0.8611243725364631
2049.5918903457973,0.9983128,0.052130897,0.8614292629934988
2049.626877727502,0.8729285,0.04808571,0.8615946249448674
2049.661865109206,0.8902646,0.049204443,0.8616810890437046
2049.69685249091,0.8401909,0.047883343,0.8617326980350999
2049.731839872614,0.90030235,0.04954193,0.8617758369884749
2049.7668272543183,0.9270748,0.04958762,0.8618216090930649
2049.8018146360223,0.9355025,0.050206766,0.8618721899539326
2049.8368020177263,0.8866479,0.0487801,0.8619262047358995
2049.871789399431,0.8287791,0.0477693,0.8619852141957645
2049.906776781135,0.8699747,0.048813343,0.8620566146875767
2049.941764162839,0.8490953,0.04765451,0.8621479746460798
2049.976751544543,0.9158746,0.050073225,0.8622629344713131
2050.0117389262473,0.89574575,0.049024615,0.8623955247352204
2050.0467263079513,0.889254,0.049192917,0.8625260479962044
2050.0817136896553,0.9533827,0.05117787,0.8626246225953514
2050.11670107136,0.93402696,0.050242912,0.8626694000190722
2050.151688453064,0.9040334,0.04926487,0.8626699150038148
2050.186675834768,0.8881885,0.049485788,0.8626447652942324
2050.221663216472,0.8797951,0.049250394,0.8626111746310918
2050.2566505981763,0.8599346,0.0476687,0.8625760669483542
2050.2916379798803,0.85821563,0.04857737,0.8625407244520441
2050.3266253615843,0.9742876,0.05160759,0.8625056403210072
2050.361612743289,0.9448231,0.050354593,0.8624723025107377
2050.396600124993,0.96196246,0.05066705,0.8624422905202046
2050.431587506697,0.9129005,0.050266046,0.8624164560503904
2050.4665748884013,0.9277875,0.049838647,0.862391579630384
2050.5015622701053,0.89905274,0.048905972,0.8623539638712947
2050.5365496518093,0.8868894,0.048597697,0.8622685030048348
2050.5715370335133,0.9276817,0.05003887,0.8620826476391971
2050.606524415218,0.9034592,0.049068734,0.8617561820298767
2050.641511796922,0.8788104,0.049087673,0.861315647308577
2050.676499178626,0.8759432,0.04916581,0.8608346355600642
2050.7114865603303,0.9186777,0.050048362,0.8603865324326874
2050.7464739420343,0.9721408,0.05066554,0.8600040658079326
2050.7814613237383,0.9446293,0.050184846,0.8596798873871938
2050.8164487054423,0.95922726,0.05072672,0.8594033747760055
2050.851436087147,0.951065,0.051260546,0.859163136091446
2050.886423468851,0.908928,0.049756475,0.8589525822041371
2050.921410850555,0.93639255,0.049957484,0.8587685539978629
2050.9563982322593,0.9811155,0.05212846,0.8586079138519173
2050.9913856139633,0.92061096,0.049731843,0.8584683098596217
2051.0263729956673,0.93011516,0.050633438,0.8583422508929757
2051.0613603773713,0.89994943,0.05021613,0.8582243924821749
2051.096347759076,0.871923,0.04874755,0.8581066211957247
2051.13133514078,0.8296308,0.04697551,0.8579747790575515
2051.166322522484,0.8903155,0.049517643,0.8578031814305982
2051.2013099041883,0.944148,0.050818305,0.8575573756530979
2051.2362972858923,0.90311164,0.049669188,0.857207888250576
2051.2712846675963,0.92866635,0.049867213,0.8567632600539274
2051.3062720493003,0.9177442,0.049507514,0.8562611601863293
2051.341259431005,0.8729081,0.049121477,0.8557599404091181
2051.376246812709,0.8817616,0.0492414,0.8553034937392244
2051.411234194413,0.87607723,0.04852889,0.854909375812817
2051.4462215761173,0.87616354,0.049080983,0.8545851013675241
2051.4812089578213,0.8190701,0.04694964,0.85433045635749
2051.5161963395253,0.91292167,0.049637444,0.8541423657067916
2051.5511837212293,0.88787645,0.049105227,0.85401792154751
2051.586171102934,0.9141143,0.050541647,0.8539493950080079
2051.621158484638,0.87885153,0.04861639,0.8539338709614883
2051.656145866342,0.9367523,0.049952175,0.8539596347587218
2051.6911332480463,0.93295676,0.0499172,0.8540138793477698
2051.7261206297503,0.8794102,0.04906017,0.8540753319496183
2051.7611080114543,0.90379715,0.04968348,0.8541341822695203
2051.796095393159,0.81321955,0.046821732,0.8542065161383735
2051.831082774863,0.9099594,0.050085213,0.8543284196545484
2051.866070156567,0.92924017,0.049522664,0.8545380329777825
2051.901057538271,0.9503235,0.050189726,0.8548429590929428
2051.9360449199753,0.9729485,0.051331103,0.855217625832345
2051.9710323016793,0.8735043,0.04893942,0.8555842472037745
2052.0060196833833,0.8223249,0.04751418,0.8558598393329442
2052.041007065088,0.9155136,0.050289974,0.8560201138136879
2052.075994446792,0.897727,0.048942912,0.8560996073817528
2052.110981828496,0.91158545,0.049700655,0.856158532183916
2052.1459692102,0.8922458,0.048732273,0.8562345054428722
2052.1809565919043,0.9391628,0.05010108,0.8563422978998733
2052.2159439736083,0.971171,0.051719822,0.8564835398233429
2052.2509313553123,0.8863328,0.048799705,0.8566612709784842
2052.285918737017,0.89666116,0.04978362,0.8568745325792717
2052.320906118721,0.8528611,0.04817389,0.8571278168173775
2052.355893500425,0.8674735,0.048257977,0.8574223742724632
2052.390880882129,0.92512417,0.049560312,0.8577622376552693
2052.4258682638333,0.9746632,0.051306315,0.8581502559494202
2052.4608556455373,0.8960837,0.050080873,0.8585880135573056
2052.4958430272413,0.93331647,0.050153926,0.8590762085402043
2052.530830408946,0.92681044,0.050250877,0.8596036945728355
2052.56581779065,0.90403926,0.049660265,0.8601417699338187
2052.600805172354,0.89113724,0.048567787,0.8606454640339828
2052.635792554058,0.9220568,0.049194496,0.8610630100673056
2052.6707799357623,0.8969703,0.04941395,0.86136813570064
2052.7057673174663,0.9246297,0.050380003,0.8615628248423619
2052.7407546991703,0.89970475,0.04942601,0.8616762254401977
2052.775742080875,0.8773977,0.048039854,0.8617396230123937
2052.810729462579,0.8624312,0.04862103,0.8617766273893601
2052.845716844283,0.88613516,0.049038094,0.8618044663516298
2052.8807042259873,0.92733675,0.049773965,0.8618347916126448
2052.9156916076913,0.94008327,0.05060854,0.8618755506641633
2052.9506789893953,0.91105694,0.049664192,0.8619331202711555
2052.9856663710993,0.9296982,0.0493283,0.8620088968454365
2053.020653752804,0.952523,0.051018376,0.8620969696985505
2053.055641134508,0.9171024,0.04993379,0.8621742428509053
2053.090628516212,0.90437573,0.04960158,0.862204967487695
2053.1256158979163,0.9456613,0.050218593,0.8621544976618207
2053.1606032796203,0.9179492,0.048824057,0.8620261163005244
2053.1955906613243,0.8587236,0.04845084,0.861849444377721
2053.2305780430283,0.8099177,0.047660187,0.861664947781805
2053.265565424733,0.8353725,0.04792385,0.861494637687179
2053.300552806437,0.8793848,0.048847876,0.8613440431141635
2053.335540188141,0.89740175,0.04924643,0.8612133438343524
2053.3705275698453,0.90273577,0.048609324,0.8610996497776735
2053.4055149515493,0.9550292,0.050950754,0.8609995911813862
2053.4405023332533,0.9486518,0.051055018,0.8609081355158923
2053.4754897149573,0.921516,0.049811568,0.8608241431958075
2053.510477096662,0.9293119,0.04990669,0.8607492125228297
2053.545464478366,0.9263301,0.04995868,0.8606842426290373
2053.58045186007,0.91020894,0.049202,0.8606305200741374
2053.6154392417743,0.9453976,0.05114465,0.8605876527297205
2053.6504266234783,0.92421347,0.049643427,0.8605558477531635
2053.6854140051823,0.8833045,0.0483543,0.8605345355020595
2053.7204013868864,0.8603254,0.048609145,0.8605231219213616
2053.755388768591,0.9200473,0.049287826,0.8605210820875373
2053.790376150295,0.95195657,0.050633494,0.8605267082704164
2053.825363531999,0.8458833,0.048420608,0.8605382748414976
2053.8603509137033,0.93594265,0.04974295,0.8605545856835133
2053.8953382954073,0.9196335,0.049871765,0.860577716148353
2053.9303256771113,0.8527791,0.048478544,0.8606099775104721
2053.9653130588154,0.9732949,0.051001668,0.860653787475691
2054.00030044052,0.8989649,0.049365062,0.8607061940849782
2054.035287822224,0.87659985,0.048428714,0.860756492333282
2054.070275203928,0.8990951,0.049517952,0.8607596457272035
2054.1052625856323,0.922492,0.049737185,0.8605798381247338
2054.1402499673363,0.9608019,0.051031806,0.8599276661667123
2054.1752373490403,0.90068376,0.049465895,0.8585944043393212
2054.210224730745,0.91071177,0.04951407,0.856506880154802
2054.245212112449,0.86170644,0.048267458,0.8538766004903956
2054.280199494153,0.8680432,0.048509426,0.8509538165226289
2054.315186875857,0.84136605,0.047694888,0.8480813514271379
2054.3501742575613,0.8511542,0.04839335,0.845503834272908
2054.3851616392653,0.8834347,0.04901013,0.8431933734569927
2054.4201490209693,0.90961003,0.04945429,0.8410763015700473
2054.455136402674,0.9215051,0.050056238,0.8391082510863866
2054.490123784378,0.84897476,0.047621965,0.8372734274678245
2054.525111166082,0.9121461,0.049227994,0.8355888381152996
2054.560098547786,0.90315694,0.049379088,0.8340403581768912
2054.5950859294903,0.927432,0.05038429,0.8326399510579878
2054.6300733111943,0.86883914,0.048156757,0.8313908332597306
2054.6650606928984,0.89772147,0.049009506,0.8302952164435349
2054.700048074603,0.9088314,0.049915392,0.8293530003121236
2054.735035456307,0.90736425,0.04916624,0.8285604677726934
2054.770022838011,0.909939,0.05010421,0.8279146094046603
2054.805010219715,0.8837258,0.04908281,0.8274107582201613
2054.8399976014193,0.8225867,0.046989426,0.8270553927345461
2054.8749849831233,0.8680806,0.04801535,0.8268385977691857
2054.9099723648274,0.8809467,0.049583923,0.8267648205324765
2054.944959746532,0.8905687,0.049343776,0.8268288059192492
2054.979947128236,0.8183478,0.04729602,0.8270347695900622
2055.01493450994,0.83810073,0.047556754,0.8273807606711421
2055.049921891644,0.86235213,0.04791951,0.8278662479805028
2055.0849092733483,0.83736724,0.048784934,0.8284995492522342
2055.1198966550523,0.83785003,0.048417225,0.8292740413547299
2055.1548840367564,0.86663175,0.048402578,0.8301959897811962
2055.189871418461,0.86692345,0.048556156,0.8312493558998388
2055.224858800165,0.87456244,0.04819457,0.8324643541117479
2055.259846181869,0.8752571,0.04877864,0.8338371941322653
2055.2948335635733,0.877812,0.049335115,0.835389256092616
2055.3298209452773,0.89120466,0.04949774,0.8371209140199596
2055.3648083269813,0.8269492,0.04726902,0.8390806561848358
2055.3997957086854,0.8832904,0.048615225,0.8412948762049992
2055.43478309039,0.9037079,0.04967963,0.8438136133840524
2055.469770472094,0.88375974,0.049087662,0.8466864008244894
2055.504757853798,0.9666913,0.0514384,0.849876079170401
2055.5397452355023,0.94008255,0.05048456,0.8530854548798634
2055.5747326172063,0.88419217,0.04875423,0.8559607691948726
2055.6097199989104,0.92048246,0.049114022,0.8582236838614632
2055.6447073806144,0.89386755,0.049134888,0.8598189388237705
2055.679694762319,0.91409343,0.049787216,0.8607817021179701
2055.714682144023,0.8488711,0.048227973,0.8613636021521665
2055.749669525727,0.94574815,0.050386388,0.8617976288070548
2055.7846569074313,0.98940396,0.05174247,0.8621473679061493
2055.8196442891353,0.8996654,0.04896836,0.8623880204369101
2055.8546316708394,0.9195476,0.05003752,0.8625044633718308
2055.8896190525434,0.87400705,0.048690706,0.8625394646287685
2055.924606434248,0.85069877,0.048161067,0.8625328380807795
2055.959593815952,0.87466747,0.048755776,0.8625171038536992
2055.994581197656,0.91184974,0.049536146,0.8625036551895772
2056.0295685793603,0.9400061,0.050182216,0.8624921271781055
2056.0645559610643,0.9050921,0.049129646,0.8624798996235106
2056.0995433427684,0.92993504,0.050320435,0.8624668935394583
2056.1345307244724,0.87865335,0.04883601,0.8624546009978048
2056.169518106177,0.8546271,0.048499044,0.8624445840891688
2056.204505487881,0.83051914,0.04750953,0.8624372653370544
2056.239492869585,0.81192577,0.047199987,0.8624328687674652
2056.2744802512893,0.81110996,0.047474742,0.8624312913740666
2056.3094676329933,0.87157696,0.04909388,0.862432611260113
2056.3444550146974,0.8583073,0.04799615,0.8624368074934772
2056.3794423964014,0.7778801,0.045865286,0.8624440208771019
2056.414429778106,0.7769447,0.046553466,0.8624545640309302
2056.44941715981,0.8094299,0.04687717,0.8624689350816501
2056.484404541514,0.8509308,0.048248306,0.8624876508575167
2056.5193919232183,0.8513236,0.04871166,0.8625083298733245
2056.5543793049223,0.8415076,0.04825307,0.8625248203992858
2056.5893666866264,0.8885545,0.04930673,0.8625320904321743
2056.624354068331,0.85965353,0.048815377,0.8625290396191675
2056.659341450035,0.85291237,0.0480983,0.8625206295581525
2056.694328831739,0.92702985,0.050312873,0.8625113260546746
2056.729316213443,0.92941874,0.05000603,0.8625030817605746
2056.7643035951473,0.95477265,0.051037226,0.8624955057939158
2056.7992909768514,0.9195194,0.05005297,0.8624869113164586
2056.8342783585554,0.8697792,0.049058508,0.8624756029383952
2056.86926574026,0.858584,0.048513237,0.8624610085440003
2056.904253121964,0.9752934,0.05072472,0.862445673392777
2056.939240503668,0.9484809,0.05093628,0.8624333377565685
2056.974227885372,0.8687499,0.0489143,0.8624257635436451
2057.0092152670763,0.8621123,0.04891069,0.8624234567876851
2057.0442026487804,0.8219943,0.04754223,0.8624261160050963
2057.0791900304844,0.886927,0.048614692,0.8624345630656913
2057.114177412189,0.9584574,0.04970319,0.8624498751619103
2057.149164793893,0.8929069,0.04924903,0.8624730773277002
2057.184152175597,0.88637537,0.04900246,0.8625053045438085
2057.219139557301,0.9318381,0.050306864,0.8625431897557605
2057.2541269390053,0.85466665,0.048222166,0.86257906770784
2057.2891143207094,0.88895637,0.048955128,0.8626026062115758
2057.3241017024134,0.86013323,0.04848546,0.8626080104102679
2057.359089084118,0.8459501,0.04807513,0.8625984556933668
2057.394076465822,0.8607558,0.048321243,0.8625776787274715
2057.429063847526,0.8855439,0.048871003,0.8625478556611195
2057.46405122923,0.89909834,0.04949169,0.8625113508360567
2057.4990386109343,0.8481747,0.04846382,0.8624706898259504
2057.5340259926384,0.7932865,0.0470753,0.8624194607905922
2057.5690133743424,0.87962097,0.04945076,0.8623275959817602
2057.604000756047,0.8275477,0.047472674,0.8621431753246969
2057.638988137751,0.8856225,0.048498604,0.8617889023009544
2057.673975519455,0.88489187,0.0493464,0.8612371891403855
2057.7089629011593,0.87811947,0.048968375,0.8604590853740637
2057.7439502828634,0.85411984,0.048343528,0.8594691477296487
2057.7789376645674,0.83346015,0.048268154,0.8582294274500573
2057.8139250462714,0.8171028,0.047439612,0.8567301697835903
2057.848912427976,0.7947393,0.04626751,0.8549762453938019
2057.88389980968,0.86888784,0.048587177,0.8529737195174287
2057.918887191384,0.8305972,0.047604788,0.8508040021147261
2057.9538745730883,0.7733863,0.04570353,0.8485053615604802
2057.9888619547924,0.8140833,0.047087476,0.846209728591575
2058.0238493364964,0.75436586,0.04571473,0.843986070293194
2058.0588367182004,0.82337016,0.04701678,0.8419200291638962
2058.093824099905,0.751747,0.046367142,0.8400585290926803
2058.128811481609,0.6366483,0.042522237,0.8383813107842879
2058.163798863313,0.6771557,0.04356074,0.8368968908026457
2058.1987862450173,0.62995565,0.042681396,0.8355590240579311
2058.2337736267214,0.6672955,0.042831972,0.8343610453526216
2058.2687610084254,0.5895083,0.04124686,0.8332836853215315
2058.3037483901294,0.6605072,0.043368805,0.8323439165872457
2058.338735771834,0.658853,0.042869784,0.8315475409293817
2058.373723153538,0.7434592,0.045633625,0.83089250402714
2058.408710535242,0.8118253,0.047218338,0.8303773488625595
2058.4436979169463,0.8191868,0.04664405,0.8299627249749717
2058.4786852986504,0.8443443,0.048568115,0.829608518493629
2058.5136726803544,0.8301074,0.0479397,0.8292651843281099
2058.5486600620584,0.84716517,0.04825476,0.8289372308229697
2058.583647443763,0.84488064,0.048038363,0.8286774804054586
2058.618634825467,0.82125866,0.047109302,0.8285564616973529
2058.653622207171,0.906138,0.049940348,0.828619690816089
2058.6886095888754,0.88490313,0.049137183,0.8288595404636898
2058.7235969705794,0.86000055,0.048737034,0.8292821195395834
2058.7585843522834,0.80461204,0.04747375,0.8298624132977941
2058.7935717339874,0.80097276,0.04669029,0.8306140248086801
2058.828559115692,0.8574155,0.048321187,0.8315204096661742
2058.863546497396,0.9146246,0.049791005,0.8326070223267059
2058.8985338791,0.8978271,0.049132254,0.8338765043083229
2058.9335212608044,0.8463813,0.048445806,0.8353675980436086
2058.9685086425084,0.8677758,0.0483512,0.8370677658226368
2059.0034960242124,0.90836984,0.049444407,0.8389595315350196
2059.038483405917,0.9019066,0.04972477,0.8409491576877939
2059.073470787621,0.86919284,0.048823226,0.8429775594394764
2059.108458169325,0.8908466,0.0492526,0.8449489906943293
2059.143445551029,0.8414489,0.047891207,0.8468494075126007
2059.1784329327334,0.82419056,0.048182733,0.8486198023142686
2059.2134203144374,0.8720519,0.04822164,0.8502649229799972
2059.2484076961414,0.9250764,0.050044473,0.8517232017441951
2059.283395077846,0.84864044,0.047944993,0.8529658014660959
2059.31838245955,0.82370716,0.046881177,0.8539328436792142
2059.353369841254,0.8809417,0.048950326,0.8546025468824674
2059.388357222958,0.8625234,0.048727058,0.8549756962474451
2059.4233446046624,0.8061182,0.0474028,0.8550767473342077
2059.4583319863664,0.8491737,0.048106752,0.8549911766426134
2059.4933193680704,0.88134307,0.048211467,0.8548126242574168
2059.528306749775,0.90123886,0.048838582,0.8546396577394828
2059.563294131479,0.898441,0.049503885,0.8545247433491145
2059.598281513183,0.92284745,0.0501198,0.8544693780288561
2059.633268894887,0.89865965,0.049830683,0.8544583032811373
2059.6682562765914,0.86604714,0.049045455,0.8544830044991105
2059.7032436582954,0.87270606,0.04862609,0.8545494893498223
2059.7382310399994,0.8880492,0.049363226,0.8546741274370845
2059.773218421704,0.88327515,0.048847277,0.8548651591268075
2059.808205803408,0.9689008,0.050970178,0.8551345915809682
2059.843193185112,0.9964945,0.05180627,0.8554603309346532
2059.878180566816,0.9466636,0.05040578,0.8557859526567897
2059.9131679485204,0.91297483,0.049803913,0.8560373363903042
2059.9481553302244,0.79637885,0.047158927,0.8561725997388758
2059.9831427119284,0.8366517,0.048249118,0.8562206918355699
2060.018130093633,0.90780973,0.04980005,0.8562353966421107
2060.053117475337,0.901238,0.049924944,0.856259975164257
2060.088104857041,0.8783511,0.048144404,0.8563105815322306
2060.1230922387454,0.85228,0.04800371,0.8563912322951185
2060.1580796204494,0.9430478,0.051050123,0.8564988067271847
2060.1930670021534,0.9464869,0.050121702,0.8566291790036364
2060.2280543838574,0.9530331,0.05090297,0.8567703857938815
2060.263041765562,0.9234678,0.050479084,0.8569006311719484
2060.298029147266,0.95237035,0.049930297,0.8570069376066274
2060.33301652897,0.94016355,0.05021879,0.8570968129775934
2060.3680039106744,0.91340333,0.049986728,0.8572040874701505
2060.4029912923784,0.84394854,0.048005648,0.85736399397297
2060.4379786740824,0.84929854,0.048436143,0.8575864028883496
2060.4729660557864,0.87297446,0.048662562,0.8578505173562188
2060.507953437491,0.9267562,0.04990615,0.8581074390458996
2060.542940819195,0.88542104,0.04935975,0.85830878266972
2060.577928200899,0.868812,0.048995793,0.8584435625337703
2060.6129155826034,0.8532534,0.048569,0.8585441538988936
2060.6479029643074,0.8500705,0.0486598,0.8586540535221376
2060.6828903460114,0.8364378,0.04805083,0.8588041187484207
2060.7178777277154,0.8529074,0.048167467,0.8590097645482934
2060.75286510942,0.8356606,0.05543885,0.8592646218049302
2060.787852491124,0.8244275,0.055506412,0.8595268465862819
2060.822839872828,0.8572715,0.055354,0.8597284715687326
2060.8578272545324,0.9239762,0.05783735,0.8598036187992975
2060.8928146362364,0.86937124,0.057210222,0.8596961882668138
2060.9278020179404,0.895722,0.057325214,0.8594030439533481
2060.9627893996444,0.88870543,0.049196657,0.858954506247708
2060.997776781349,0.8362883,0.047458716,0.858448375159538
2061.032764163053,0.92585915,0.04954288,0.8579637849178152
2061.067751544757,0.958742,0.050605264,0.8575440596877204
2061.1027389264614,0.94427353,0.050552752,0.8571980915655251
2061.1377263081654,0.90346116,0.049172197,0.8569122265450844
2061.1727136898694,0.932775,0.050237965,0.8566842641519486
2061.207701071574,0.8427027,0.047693882,0.8565092518970262
2061.242688453278,0.8638041,0.048572112,0.8563769467814714
2061.277675834982,0.8670951,0.04901351,0.8562740785413283
2061.312663216686,0.89898443,0.049693637,0.8561835938473413
2061.3476505983904,0.8624444,0.048402313,0.8560993495054487
2061.3826379800944,0.8594192,0.048346963,0.8560207395577435
2061.4176253617984,0.8690399,0.049272463,0.8559505505144622
2061.452612743503,0.8586109,0.04827235,0.8558950798069916
2061.487600125207,0.82307774,0.048173513,0.8558693285254154
2061.522587506911,0.86731195,0.048682164,0.855884205976891
2061.557574888615,0.8277173,0.047259115,0.8559474866033325
2061.5925622703194,0.83860767,0.04777522,0.8560615261528164
2061.6275496520234,0.89709437,0.049668763,0.8562183340934824
2061.6625370337274,0.9025724,0.049242258,0.8563964461979906
2061.697524415432,0.9067786,0.04872883,0.8565644510059109
2061.732511797136,0.8719226,0.048578568,0.8567054797062279
2061.76749917884,0.8353002,0.047849305,0.8568310594181063
2061.802486560544,0.8167949,0.047964457,0.856963463598385
2061.8374739422484,0.8763363,0.04883362,0.8571176215001666
2061.8724613239524,0.9117372,0.04936918,0.8573036589720073
2061.9074487056564,0.8038759,0.047156163,0.8575182191614767
2061.942436087361,0.8736336,0.048772417,0.8577457492878753
2061.977423469065,0.8617111,0.049236737,0.8579507807185225
2062.012410850769,0.8181588,0.04806699,0.8580845965432269
2062.047398232473,0.8104941,0.04750039,0.8581062260329452
2062.0823856141774,0.8195041,0.047381073,0.8580305965856011
2062.1173729958814,0.91227186,0.04956435,0.8579247281457345
2062.1523603775854,0.9502581,0.05054281,0.8578686063168321
2062.18734775929,0.86288846,0.04862557,0.8579194099200909
2062.222335140994,0.8683596,0.04915323,0.8580813472095139
2062.257322522698,0.8034565,0.04744098,0.8583389261627385
2062.292309904402,0.77792865,0.051697157,0.8586220125243134
2062.3272972861064,0.8768269,0.05642523,0.858842049466165
2062.3622846678104,0.81533617,0.054143306,0.8589449850373068
2062.3972720495144,0.79738265,0.054831266,0.858940139041152
2062.432259431219,0.84268874,0.056644093,0.8588775433395287
2062.467246812923,0.7864043,0.04838258,0.8588033752863289
2062.502234194627,0.7820545,0.046188533,0.8587380590275366
2062.5372215763314,0.86668336,0.04817318,0.8586861302686737
2062.5722089580354,0.7996159,0.04706774,0.858650554281464
2062.6071963397394,0.88658446,0.04905072,0.8586309767720964
2062.6421837214434,0.8623469,0.049078487,0.8586307020691781
2062.677171103148,0.7952454,0.046791323,0.858652473131074
2062.712158484852,0.77378726,0.046059087,0.8587005554166866
2062.747145866556,0.756215,0.046406496,0.8587731299216372
2062.7821332482604,0.72478825,0.045627095,0.8588612629765131
2062.8171206299644,0.7506868,0.045592997,0.8589524180533386
2062.8521080116684,0.7062948,0.044470616,0.8590399454071138
2062.8870953933724,0.6947402,0.043988306,0.859127908863794
2062.922082775077,0.72874314,0.045123547,0.8592237494226167
2062.957070156781,0.75447184,0.04585147,0.8593336265265572
2062.992057538485,0.79844725,0.04697163,0.8594588262506543
2063.0270449201894,0.8740186,0.049151134,0.859600930137695
2063.0620323018934,0.79381645,0.046731863,0.8597593327472817
2063.0970196835974,0.83727485,0.047714204,0.8599352501945305
2063.1320070653014,0.8812747,0.049304813,0.8601304360517222
2063.166994447006,0.9073397,0.049602743,0.8603460715591394
2063.20198182871,0.8514106,0.047856696,0.860585608773675
2063.236969210414,0.83798593,0.048441384,0.8608528925278144
2063.2719565921184,0.8962041,0.049295213,0.8611540812675508
2063.3069439738224,0.92447,0.05064044,0.8614971604090358
2063.3419313555264,0.8934561,0.049511783,0.8618955603455206
2063.3769187372304,0.8724834,0.048209332,0.8623352515336219
2063.411906118935,0.9143296,0.0499866,0.8627726787039613
2063.446893500639,0.8631987,0.04871946,0.8631351962472698
2063.481880882343,0.7992732,0.04743057,0.8633649895778945
2063.5168682640474,0.85733306,0.048424717,0.8634752130200187
2063.5518556457514,0.7814779,0.046389185,0.8635104535248863
2063.5868430274554,0.807346,0.046687014,0.8635176583732724
2063.62183040916,0.84548116,0.048212044,0.8635181586169511
2063.656817790864,0.81879544,0.04781592,0.8635186999787746
2063.691805172568,0.8222652,0.047509823,0.8635208994926616
2063.726792554272,0.864847,0.0486344,0.8635250043249342
2063.7617799359764,0.8542656,0.04846534,0.863529833669062
2063.7967673176804,0.8178701,0.046887234,0.8635283376485572
2063.8317546993844,0.7934884,0.04716277,0.8634962114922256
2063.866742081089,0.8718057,0.049397178,0.8633657023389723
2063.901729462793,0.84612775,0.048651364,0.8630616231771553
2063.936716844497,0.81837064,0.04752768,0.8625396928063028
2063.971704226201,0.840631,0.04822383,0.8618574083225259
2064.0066916079054,0.7753998,0.04660875,0.8611167421915764
2064.0416789896094,0.6958024,0.044242866,0.8603941939038248
2064.0766663713134,0.71487385,0.044443794,0.8596675995535064
2064.111653753018,0.68894196,0.044277646,0.8588582350629013
2064.146641134722,0.7082201,0.048732676,0.8579388134700888
2064.181628516426,0.6907182,0.051809106,0.8569631005900172
2064.21661589813,0.609928,0.04879717,0.8560110570272592
2064.2516032798344,0.66579837,0.05045143,0.8551594689574766
2064.2865906615384,0.69115347,0.052256856,0.8544101378353248
2064.3215780432424,0.6561297,0.045870207,0.8537537145050558
2064.356565424947,0.7155485,0.044274088,0.8531693032003147
2064.391552806651,0.79606736,0.047294796,0.8526493478978504
2064.426540188355,0.74247956,0.045863643,0.8521872323641774
2064.461527570059,0.73579055,0.045533575,0.8517814652058711
2064.4965149517634,0.72919285,0.045402694,0.8514297188502301
2064.5315023334674,0.6570248,0.042900182,0.8511315160117066
2064.5664897151714,0.59174514,0.040977992,0.8508889849374899
2064.601477096876,0.50404483,0.0391607,0.8507005435931483
2064.63646447858,0.537225,0.04036624,0.8505679113342135
2064.671451860284,0.52050394,0.03911178,0.8504871191603152
2064.706439241988,0.51422477,0.039454564,0.8504611566548369
2064.7414266236924,0.6015806,0.04162217,0.8504863860911853
2064.7764140053964,0.6702954,0.043383945,0.8505656046858354
2064.8114013871004,0.692247,0.044940516,0.8506962231270543
2064.846388768805,0.77626455,0.046538055,0.8508807896127191
2064.881376150509,0.92060566,0.05049992,0.8511181097630354
2064.916363532213,0.7977661,0.047397677,0.8514098758921671
2064.9513509139174,0.78695786,0.046613682,0.8517576914748335
2064.9863382956214,0.8616167,0.04896621,0.8521632605301246
2065.0213256773254,0.87713206,0.049430292,0.8526293193739123
2065.0563130590294,0.8135811,0.046989094,0.8531585320759532
2065.091300440734,0.8238933,0.047693893,0.8537603861461851
2065.126287822438,0.8512198,0.048971888,0.8544372534708932
2065.161275204142,0.870125,0.049364116,0.8552028197408067
2065.1962625858464,0.854332,0.048794657,0.8560801666802568
2065.2312499675504,0.84965116,0.047960494,0.8570757113197591
2065.2662373492544,0.8321953,0.048020963,0.8581434573855652
2065.3012247309584,0.8390612,0.04766738,0.8591885031463858
2065.336212112663,0.8391231,0.048767004,0.8601024526795815
2065.371199494367,0.89568275,0.050065696,0.8608525549729136
2065.406186876071,0.9173444,0.05027613,0.8614991388312606
2065.4411742577754,0.90262735,0.049743325,0.8621280713770633
2065.4761616394794,0.83181334,0.048751194,0.8627506685737534
2065.5111490211834,0.9142838,0.050134704,0.8632969996384697
2065.5461364028874,0.923075,0.050230745,0.863681568011865
2065.581123784592,0.9504103,0.050488878,0.8639011406874437
2065.616111166296,0.9136922,0.050288532,0.8639992995807388
2065.651098548,0.9579614,0.051392302,0.8640472946726359
2065.6860859297044,0.9175339,0.05006933,0.8640804816611835
2065.7210733114084,0.8851884,0.049798604,0.8641108981136483
2065.7560606931124,0.863921,0.04873936,0.8641400797245673
2065.7910480748164,0.83205074,0.048106257,0.8641675840364632
2065.826035456521,0.76204526,0.046097916,0.8641917842686428
2065.861022838225,0.8680323,0.049233943,0.8642109081547293
2065.896010219929,0.92587787,0.050501227,0.8642239396998829
2065.9309976016334,0.8784823,0.04871296,0.8642321787172658
2065.9659849833374,0.87243855,0.049018618,0.8642382386835616
2066.0009723650414,0.8764298,0.053562872,0.8642445832015109
2066.035959746746,0.8608108,0.056613125,0.8642520699095464
2066.07094712845,0.8294536,0.055524517,0.8642613579040341
2066.105934510154,0.91005224,0.0586486,0.8642722414742414
2066.140921891858,0.8669115,0.058073837,0.864284957974491
2066.1759092735624,0.9070954,0.052033488,0.8642995138173346
2066.2108966552664,0.8990905,0.049359933,0.8643157017222022
2066.2458840369704,0.9287547,0.050610773,0.8643330794194921
2066.280871418675,0.8660714,0.049332663,0.8643505527309487
2066.315858800379,0.80057096,0.047456928,0.8643660801775511
2066.350846182083,0.75738347,0.046501663,0.864376920447111
2066.385833563787,0.8276566,0.048024375,0.8643800816397251
2066.4208209454914,0.7334067,0.04540498,0.8643760483823516
2066.4558083271954,0.8040914,0.04743238,0.8643688069847828
2066.4907957088994,0.85207796,0.048930746,0.8643626657234682
2066.525783090604,0.84072524,0.048177548,0.8643601782830013
2066.560770472308,0.80699974,0.047719225,0.8643606327236502
2066.595757854012,0.87967503,0.048382357,0.8643632644290368
2066.630745235716,0.9124042,0.0503833,0.8643667171237127
2066.6657326174204,0.948486,0.051678445,0.8643697978987472
2066.7007199991244,0.8979815,0.05023465,0.8643705190367659
2066.7357073808284,0.8298878,0.048681647,0.8643661062317842
2066.770694762533,0.85459805,0.04853016,0.8643550978880911
2066.805682144237,0.87299496,0.048661683,0.8643387882558831
2066.840669525941,0.84796864,0.04885209,0.8643203327813573
2066.875656907645,0.8857674,0.04993164,0.8643013982191837
2066.9106442893494,0.85383135,0.04822388,0.8642798147187188
2066.9456316710534,0.9052147,0.050033167,0.8642465773024341
2066.9806190527574,0.81819737,0.048052397,0.8641749879825555
2067.015606434462,0.8698621,0.049069844,0.864016336834338
2067.050593816166,0.8346528,0.04837932,0.8636769391197744
2067.08558119787,0.9001637,0.049640022,0.8630540628255547
2067.120568579574,0.9170503,0.0501543,0.8620153265729897
2067.1555559612784,0.8519504,0.048123505,0.8604704976187239
2067.1905433429824,0.90298635,0.05053637,0.8583322099792542
2067.2255307246865,0.80640084,0.047230862,0.8555813585020394
2067.260518106391,0.8412277,0.04841559,0.8522325518911669
2067.295505488095,0.8810806,0.049137127,0.8482875930473126
2067.330492869799,0.8482752,0.04887855,0.8439059193036919
2067.3654802515034,0.86792356,0.048692413,0.8391512846262507
2067.4004676332074,0.8557564,0.04905134,0.8341922187274036
2067.4354550149114,0.8836137,0.049289443,0.829181733750491
2067.4704423966155,0.8466016,0.04861081,0.8242721867691257
2067.50542977832,0.8829871,0.050052695,0.8196104533143953
2067.540417160024,0.9161972,0.04950333,0.8152897495370931
2067.575404541728,0.8620777,0.049355123,0.811366360659985
2067.6103919234324,0.8006286,0.047523282,0.8078578943672121
2067.6453793051364,0.88464564,0.04940225,0.8047519555515636
2067.6803666868404,0.7790815,0.04696974,0.8019957713685754
2067.7153540685445,0.8395395,0.049260322,0.799604838695121
2067.750341450249,0.8307216,0.047865365,0.7975422736991675
2067.785328831953,0.80043197,0.04738933,0.7957878885987084
2067.820316213657,0.856523,0.04849329,0.7943438983547737
2067.8553035953614,0.8743708,0.048979033,0.793188495921338
2067.8902909770654,0.8514219,0.049328335,0.792337691817044
2067.9252783587694,0.7783981,0.04633176,0.7917711069805549
2067.9602657404735,0.80586374,0.047735408,0.7915065665783572
2067.995253122178,0.8324335,0.049177185,0.7915232027778294
2068.030240503882,0.8235018,0.047293812,0.791837576865748
2068.065227885586,0.7220376,0.04477707,0.7924362609845543
2068.1002152672904,0.70013475,0.044981416,0.7933317330286966
2068.1352026489944,0.7146813,0.045470484,0.7945202852738762
2068.1701900306984,0.6877744,0.044461105,0.7960066988613674
2068.2051774124025,0.7061118,0.045193244,0.7977964246326145
2068.240164794107,0.7773123,0.046587374,0.7998951164323025
2068.275152175811,0.7829382,0.046611924,0.8023495435858768
2068.310139557515,0.8507401,0.04844964,0.8051351253191478
2068.3451269392194,0.78119385,0.04704097,0.8083265373001806
2068.3801143209234,0.86090475,0.048732977,0.8119213076505877
2068.4151017026275,0.9248121,0.050828245,0.8159611637150284
2068.450089084332,0.8336904,0.047687266,0.8203906415383213
2068.485076466036,0.8515599,0.049133137,0.8251497216417324
2068.52006384774,0.8659564,0.04957048,0.8301314999902287
2068.555051229444,0.83546567,0.0480293,0.8352117093296856
2068.5900386111484,0.87556773,0.04963211,0.8402185401501483
2068.6250259928524,0.8795594,0.04922436,0.8449975304301417
2068.6600133745565,0.86700946,0.048726,0.849397751929696
2068.695000756261,0.8468072,0.048975386,0.8533094591583472
2068.729988137965,0.923817,0.05063584,0.8566545735367977
2068.764975519669,0.8525105,0.04849258,0.859399950557904
2068.799962901373,0.8855175,0.048868664,0.8615170695742764
2068.8349502830774,0.8562326,0.048359867,0.8630771956855765
2068.8699376647814,0.8744674,0.04932574,0.8641259523988604
2068.9049250464855,0.8556931,0.048898265,0.8648077116996842
2068.93991242819,0.91687053,0.050569844,0.8652188032516512
2068.974899809894,0.87567246,0.04934189,0.8654742044011323
2069.009887191598,0.88620734,0.048609227,0.8656389984262829
2069.044874573302,0.87056166,0.04934023,0.8657575042795133
2069.0798619550064,0.8934212,0.049679786,0.8658471829948033
2069.1148493367104,0.7870357,0.04754072,0.8659182623251312
2069.1498367184145,0.8701027,0.04889056,0.8659765504801991
2069.184824100119,0.86390704,0.049393825,0.8660262667476113
2069.219811481823,0.8583362,0.048375215,0.866070396924135
2069.254798863527,0.8264535,0.0481617,0.8661104821566881
2069.289786245231,0.84821415,0.048053984,0.8661471613657273
2069.3247736269354,0.90482515,0.049977057,0.8661806416399582
2069.3597610086395,0.82005286,0.04879974,0.8662099896013207
2069.3947483903435,0.9072226,0.04913328,0.8662317099121106
2069.429735772048,0.8893555,0.04962999,0.8662430130885491
2069.464723153752,0.8228964,0.048051447,0.8662427084632991
2069.499710535456,0.85733503,0.048918184,0.866235291136785
2069.53469791716,0.85614187,0.048547417,0.8662242791373624
2069.5696852988644,0.8299051,0.048975624,0.8662068153929035
2069.6046726805685,0.88720375,0.049328156,0.8661600421144986
2069.6396600622725,0.83187413,0.048685417,0.8660097533612319
2069.674647443977,0.89149636,0.049774997,0.8656011973122807
2069.709634825681,0.85958445,0.048682246,0.8647578662809032
2069.744622207385,0.89604527,0.050331607,0.8634337991652725
2069.7796095890894,0.82877797,0.047859725,0.8617220700264113
2069.8145969707934,0.8488405,0.048828527,0.8598550990042841
2069.8495843524975,0.8148692,0.048566043,0.8580794900609413
2069.8845717342015,0.82178223,0.047638603,0.8565060807638228
2069.919559115906,0.84773463,0.04874467,0.8551422423866688
2069.95454649761,0.84334034,0.048436627,0.8539374890967022
2069.989533879314,0.866307,0.049214385,0.8528720829105586
2070.0245212610184,0.8006129,0.04738243,0.8519167916436303
2070.0595086427224,0.70543766,0.044612706,0.8510647843839215
2070.0944960244265,0.85084224,0.048480798,0.850309080604892
2070.1294834061305,0.86162513,0.04902574,0.8496458366832842
2070.164470787835,0.83170986,0.047963846,0.8490661036769952
2070.199458169539,0.8994577,0.04978839,0.8485667693029841
2070.234445551243,0.846853,0.048455022,0.8481481462369683
2070.2694329329474,0.8434959,0.048701104,0.8478064340088765
2070.3044203146515,0.79497534,0.04636242,0.8475414212276926
2070.3394076963555,0.8272417,0.048922915,0.8473503169590035
2070.3743950780595,0.787418,0.047659375,0.8472371323333423
2070.409382459764,0.81038344,0.04769007,0.8471957604532789
2070.444369841468,0.7844725,0.047877647,0.8472307191017958
2070.479357223172,0.7889908,0.046628945,0.8473322050329559
2070.5143446048764,0.8610935,0.048205186,0.8474799751907239
2070.5493319865805,0.9339488,0.051603626,0.8476048427171878
2070.5843193682845,0.81790847,0.048583988,0.8475894286444285
2070.6193067499885,0.8349156,0.048383873,0.8473542637163952
2070.654294131693,0.85605526,0.048426755,0.8469174141594662
2070.689281513397,0.8339784,0.047960088,0.846412472232487
2070.724268895101,0.8000313,0.047611874,0.8459999335014756
2070.7592562768054,0.83055824,0.047954634,0.8457875203903706
2070.7942436585095,0.7812861,0.047099337,0.8457900910506602
2070.8292310402135,0.83247083,0.04826947,0.8459891043338906
2070.864218421918,0.7865383,0.047057513,0.846358042394475
2070.899205803622,0.79510397,0.047500957,0.8469048955289187
2070.934193185326,0.85433143,0.048695087,0.8476259312523292
2070.96918056703,0.75777656,0.046527985,0.8485703660488401
2071.0041679487344,0.7811913,0.046645183,0.8497537138728395
2071.0391553304385,0.81361705,0.047295373,0.8511905044887038
2071.0741427121425,0.8391348,0.048294656,0.8527635228368136
2071.109130093847,0.8284334,0.04879848,0.8542484678268452
2071.144117475551,0.8550011,0.048866313,0.8554100156189111
2071.179104857255,0.8279049,0.048018616,0.8561214981255292
2071.214092238959,0.8384245,0.04870624,0.8564318848697055
2071.2490796206635,0.83713233,0.04769511,0.8565046372990632
2071.2840670023675,0.8567413,0.04896679,0.8565065563952723
2071.3190543840715,0.82159495,0.048591785,0.8565178455088649
2071.354041765776,0.8290734,0.048490286,0.8565579343943639
2071.38902914748,0.7692354,0.046390545,0.8566228582972694
2071.424016529184,0.7816596,0.04743613,0.8567047000765257
2071.459003910888,0.85531896,0.048469823,0.8567908466590803
2071.4939912925925,0.8213601,0.04851981,0.856867446232948
2071.5289786742965,0.81887573,0.04800976,0.8569313943660894
2071.5639660560005,0.8918675,0.049604814,0.8570028928065557
2071.598953437705,0.8762567,0.04951596,0.8571151098397892
2071.633940819409,0.901498,0.04951796,0.8572939411123315
2071.668928201113,0.8565251,0.04851823,0.8575382566255819
2071.703915582817,0.85852724,0.049414612,0.8578409960940742
2071.7389029645215,0.8854272,0.049654614,0.8581922768304031
2071.7738903462255,0.8740695,0.049058188,0.8586065661608457
2071.8088777279295,0.90262675,0.050135292,0.8590998846350769
2071.843865109634,0.85503364,0.048686236,0.8596928267100146
2071.878852491338,0.86799663,0.04946312,0.8604119860428106
2071.913839873042,0.8106561,0.04772521,0.8612747647447481
2071.948827254746,0.8631259,0.048933722,0.8622662549145471
2071.9838146364505,0.8653759,0.048803326,0.8632707868951697
2072.0188020181545,0.85539633,0.04851317,0.8641127170044385
2072.0537893998585,0.90205693,0.050387632,0.8646989859206755
2072.088776781563,0.8793675,0.049195293,0.8649916006160405
2072.123764163267,0.8823093,0.0494792,0.8650995494084994
2072.158751544971,0.88543457,0.04969451,0.8651259226597771
2072.1937389266755,0.91423774,0.05014067,0.8651386538393505
2072.2287263083795,0.8939148,0.050068755,0.865157775103703
2072.2637136900835,0.87197083,0.049115192,0.8651878046156234
2072.2987010717875,0.8755496,0.04910017,0.8652302232377016
2072.333688453492,0.86212087,0.049212802,0.8652848860353928
2072.368675835196,0.8895446,0.049444176,0.86535122388614
2072.4036632169,0.89566755,0.050049454,0.8654279333919725
2072.4386505986045,0.88123775,0.049913697,0.8655114844632481
2072.4736379803085,0.8695825,0.04926044,0.8655945022132536
2072.5086253620125,0.884006,0.04914267,0.8656688033073192
2072.5436127437165,0.9055068,0.04994209,0.8657322049199313
2072.578600125421,0.906478,0.05044581,0.8657946896425752
2072.613587507125,0.833137,0.048006833,0.8658723547234326
2072.648574888829,0.85309523,0.048763078,0.8659737150051809
2072.6835622705335,0.81709737,0.047600526,0.8661023941601504
2072.7185496522375,0.8570254,0.049067065,0.8662582626378771
2072.7535370339415,0.91482675,0.050132696,0.8664411922871218
2072.7885244156455,0.91935176,0.050730653,0.866646519729216
2072.82351179735,0.8158724,0.04809439,0.8668617051385978
2072.858499179054,0.89311606,0.049095917,0.8670532485706406
2072.893486560758,0.8341599,0.04766783,0.8671641778059366
2072.9284739424625,0.8056417,0.047538046,0.8671470232957643
2072.9634613241665,0.7536908,0.04676486,0.8670088957939364
2072.9984487058705,0.8602261,0.04874205,0.8668103452989226
2073.0334360875745,0.8718632,0.048802733,0.8666166650624513
2073.068423469279,0.8681232,0.04857514,0.8664579589783202
2073.103410850983,0.88913906,0.049167402,0.8663233893611877
2073.138398232687,0.8699529,0.04974668,0.8661978896858579
2073.1733856143915,0.9009617,0.050438702,0.8660699893924716
2073.2083729960955,0.7992029,0.047607012,0.8659441908995942
2073.2433603777995,0.86471164,0.048938558,0.8658266208751454
2073.278347759504,0.90436035,0.049105566,0.8657217563021027
2073.313335141208,0.9064948,0.050264098,0.8656288471328261
2073.348322522912,0.91022396,0.050225068,0.865547130730383
2073.383309904616,0.9180616,0.050722566,0.8654751934357623
2073.4182972863205,0.8075396,0.0477322,0.8654127724664806
2073.4532846680245,0.76865685,0.04625293,0.8653570169799356
2073.4882720497285,0.8540061,0.048024878,0.8653048623259414
2073.523259431433,0.867628,0.048653547,0.8652575891039026
2073.558246813137,0.859948,0.048754796,0.8652216918537488
2073.593234194841,0.83812845,0.048380338,0.8652043399030434
2073.628221576545,0.8421264,0.048542723,0.8652081333874101
2073.6632089582495,0.8252589,0.04846836,0.8652337691134666
2073.6981963399535,0.84346795,0.04831478,0.8652803324424974
2073.7331837216575,0.8638162,0.048828207,0.8653491115271621
2073.768171103362,0.8861822,0.049446613,0.8654399655390126
2073.803158485066,0.89198023,0.049811475,0.8655558398971104
2073.83814586677,0.7867548,0.04716257,0.8656954567936115
2073.873133248474,0.8266723,0.047886696,0.8658552462828661
2073.9081206301785,0.8366918,0.0481855,0.8660221109628593
2073.9431080118825,0.89583236,0.050114084,0.8661831111861766
2073.9780953935865,0.94315994,0.050609615,0.8663359136435393
2074.013082775291,0.85118645,0.04850143,0.8664873236282482
2074.048070156995,0.8646189,0.048793834,0.866647874565535
2074.083057538699,0.8867652,0.04981683,0.8668240230590626
2074.118044920403,0.8495097,0.0487859,0.867019405105422
2074.1530323021075,0.9369593,0.05045182,0.867237673078854
2074.1880196838115,0.8593452,0.04915994,0.8674846365998461
2074.2230070655155,0.909067,0.04979705,0.8677642738914861
2074.25799444722,0.8374999,0.048416216,0.8680689712929335
2074.292981828924,0.8017041,0.048171785,0.8683651445482921
2074.327969210628,0.8482025,0.04852408,0.8686015832103671
2074.362956592332,0.84591496,0.048228398,0.8687453832344869
2074.3979439740365,0.8481931,0.0494074,0.868782079688279
2074.4329313557405,0.8070149,0.047151543,0.8687299234641139
2074.4679187374445,0.8665428,0.04884666,0.8686087114600622
2074.502906119149,0.87501967,0.048883855,0.8684584277424551
2074.537893500853,0.87975854,0.048935827,0.8683136022811485
2074.572880882557,0.859932,0.04946129,0.8681924904362789
2074.6078682642615,0.9041635,0.04993193,0.8680988358148249
2074.6428556459655,0.8827866,0.049851045,0.868027574761371
2074.6778430276695,0.7926509,0.04736123,0.8679760744583057
2074.7128304093735,0.86253685,0.049273834,0.8679401034075229
2074.747817791078,0.8161905,0.05049216,0.8679162737199326
2074.782805172782,0.8051412,0.055720896,0.8679035065685663
2074.817792554486,0.8638448,0.058175046,0.867900509958903
2074.8527799361905,0.87216526,0.05673045,0.8679043049130177
2074.8877673178945,0.8874184,0.058200996,0.867908254611822
2074.9227546995985,0.8798129,0.056884237,0.8679062621011819
2074.9577420813025,0.8012257,0.054936588,0.8678990642200101
2074.992729463007,0.8694064,0.057659626,0.8678917036331414
2075.027716844711,0.8612245,0.05688488,0.8678888605663067
2075.062704226415,0.8820796,0.056875877,0.867893198399974
2075.0976916081195,0.93893534,0.05925902,0.8679048783752723
2075.1326789898235,0.91602325,0.05731772,0.8679249793318442
2075.1676663715275,0.8789033,0.058253385,0.8679533607760574
2075.2026537532315,0.8743746,0.05745369,0.8679907259518908
2075.237641134936,0.8952826,0.057608232,0.8680364795754341
2075.27262851664,0.8328039,0.05611068,0.8680906126476756
2075.307615898344,0.9343953,0.059205182,0.8681524547304363
2075.3426032800485,0.9180506,0.058230717,0.8682214481639626
2075.3775906617525,0.88005733,0.05761461,0.868297601535592
2075.4125780434565,0.90740645,0.057642993,0.8683813227550266
2075.4475654251605,0.86836797,0.057273112,0.8684732267579501
2075.482552806865,0.8760413,0.056983054,0.8685742464896746
2075.517540188569,0.822806,0.055640385,0.8686853114053892
2075.552527570273,0.8826157,0.05760573,0.868807900092472
2075.5875149519775,0.9290337,0.059345584,0.8689417331788293
2075.6225023336815,0.8540055,0.057549868,0.8690872317117568
2075.6574897153855,0.8972287,0.05870374,0.869245826611752
2075.69247709709,0.9250819,0.058239594,0.8694176377536672
2075.727464478794,0.8681631,0.056843583,0.8696062924745567
2075.762451860498,0.8878098,0.05804035,0.8698103140541049
2075.797439242202,0.86313975,0.05813759,0.8700167688258914
2075.8324266239065,0.8708052,0.056324057,0.8701989915793111
2075.8674140056105,0.8602846,0.05700103,0.8703298168696747
2075.9024013873145,0.9959779,0.060024448,0.8704069794086302
2075.937388769019,0.9067692,0.058438845,0.8704462960122303
2075.972376150723,0.9228129,0.05820786,0.8704691083863818
2076.007363532427,0.8650251,0.05637252,0.8704866780952446
2076.042350914131,0.8858961,0.05891532,0.8705035823660989
2076.0773382958355,0.8422763,0.055537574,0.8705206726060664
2076.1123256775395,0.88403445,0.05734798,0.8705376381510068
2076.1473130592435,0.79815197,0.055683907,0.8705539252749863
2076.182300440948,0.8656883,0.057339847,0.870569345712366
2076.217287822652,0.80107284,0.055681787,0.8705837486440435
2076.252275204356,0.8316171,0.059053756,0.87059660475545
2076.28726258606,0.9075665,0.06544261,0.8706060534558874
2076.3222499677645,0.869584,0.071123786,0.8706081544305695
2076.3572373494685,0.87698346,0.0706496,0.8706001975180792
2076.3922247311725,1.0025809,0.073455155,0.8705824637967303
2076.427212112877,0.86066,0.07216294,0.8705616876324569
2076.462199494581,0.9189852,0.07230179,0.87054397167461
2076.497186876285,0.86728144,0.07171121,0.870531465294613
2076.532174257989,0.8276801,0.0700272,0.8705238028473314
2076.5671616396935,0.8751613,0.07087245,0.8705196868990757
2076.6021490213975,0.87113214,0.07139991,0.8705179374144365
2076.6371364031015,0.86624295,0.071226716,0.8705182759507373
2076.672123784806,0.8024809,0.06975556,0.870521888814245
2076.70711116651,0.77073926,0.066130556,0.8705294247439005
2076.742098548214,0.85401535,0.07166717,0.8705395098091484
2076.777085929918,0.92003244,0.07219806,0.870549090973838
2076.8120733116225,0.835115,0.06996607,0.8705556360021149
2076.8470606933265,0.8523467,0.07088704,0.8705600335599424
2076.8820480750305,0.9148351,0.07135037,0.870565166013746
2076.917035456735,0.8560087,0.07065746,0.870574093048663
2076.952022838439,0.85653126,0.07120896,0.8705879730403565
2076.987010220143,0.862493,0.0687371,0.8706073744952347
2077.0219976018475,0.86782,0.07366301,0.8706318365790033
2077.0569849835515,0.73318744,0.06529667,0.8706616357557442
2077.0919723652555,0.9459767,0.07316238,0.8706957160424675
2077.1269597469595,0.8765627,0.07149322,0.8707321537179892
2077.161947128664,0.8542492,0.0702156,0.8707685868094662
2077.196934510368,0.86711574,0.07054147,0.8708040452463535
2077.231921892072,0.803085,0.06880971,0.8708391782041731
2077.2669092737765,0.85017514,0.07004022,0.8708755259612722
2077.3018966554805,0.800025,0.0681643,0.870913803429672
2077.3368840371845,0.78882,0.06742993,0.8709545346347096
2077.3718714188885,0.9305893,0.07298831,0.8709979973373339
2077.406858800593,0.8670695,0.07016944,0.871044307030711
2077.441846182297,0.9038641,0.07304716,0.8710931956295941
2077.476833564001,0.8922688,0.07311633,0.8711441140098466
2077.5118209457055,0.9236181,0.07221588,0.8711966151341763
2077.5468083274095,0.68526787,0.06441622,0.8712507779386278
2077.5817957091135,0.80071145,0.06813902,0.8713067180884123
2077.6167830908175,0.89753336,0.07181534,0.8713648658741969
2077.651770472522,0.94510436,0.07530986,0.8714257693039518
2077.686757854226,0.9907457,0.07322711,0.8714892746094666
2077.72174523593,1.0544524,0.07687797,0.8715516645470234
2077.7567326176345,0.90803754,0.07165403,0.8716067560131915
2077.7917199993385,0.8388034,0.070110746,0.8716487422193464
2077.8267073810425,0.8368401,0.069084965,0.8716783743004423
2077.8616947627465,0.8786303,0.07057922,0.8716990305063167
2077.896682144451,0.8256996,0.071122095,0.8717151596946571
2077.931669526155,0.747647,0.065444306,0.8717289583487552
2077.966656907859,0.90346634,0.0704505,0.8717416335060368
2078.0016442895635,0.8446258,0.07137972,0.8717526190704852
2078.0366316712675,0.7523182,0.06756599,0.8717610734344252
2078.0716190529715,0.8925663,0.07260848,0.8717671632666486
2078.106606434676,0.9030521,0.077586286,0.871773095031148
2078.14159381638,0.9262619,0.08697884,0.8717804445114077
2078.176581198084,0.9237649,0.107178226,0.8717879848472565
2078.211568579788,0.9513291,0.10613443,0.8717931042426919
2078.2465559614925,0.959627,0.10494836,0.8717942855633016
2078.2815433431965,1.048209,0.111578666,0.8717921885936781
2078.3165307249005,0.8422713,0.10092654,0.8717889128338002
2078.351518106605,0.8594421,0.10518458,0.8717861569221692
2078.386505488309,0.87136096,0.104489565,0.8717850562536056
2078.421492870013,0.9403464,0.10657737,0.8717855747935142
2078.456480251717,0.88177526,0.10431725,0.8717883413432919
2078.4914676334215,0.8063446,0.09933937,0.871793106264811
2078.5264550151255,0.87302816,0.10487958,0.8717998818629176
2078.5614423968295,0.8868914,0.10302411,0.8718085159855977
2078.596429778534,0.8503599,0.10425642,0.8718191445625507
2078.631417160238,0.9602505,0.10767817,0.8718303889521826
2078.666404541942,0.92373973,0.106831916,0.8718404503212451
2078.701391923646,0.8343755,0.100658596,0.8718469004683977
2078.7363793053505,0.89359975,0.102998845,0.8718487537446717
2078.7713666870545,0.83167255,0.099745534,0.8718480105496852
2078.8063540687585,0.92989373,0.10743611,0.8718480945614071
2078.841341450463,0.8328048,0.10214351,0.8718507943404536
2078.876328832167,0.8646522,0.10514246,0.8718571185453176
2078.911316213871,0.8676891,0.10287434,0.8718668793731124
2078.946303595575,0.9735725,0.106218636,0.8718795981568204
2078.9812909772795,0.9510189,0.10747574,0.8718952161276576
2079.0162783589835,0.9588259,0.10958886,0.8719131841402776
2079.0512657406875,0.850784,0.103043266,0.8719334051824031
2079.086253122392,0.8273764,0.1006265,0.8719555918983184
2079.121240504096,0.7666906,0.09713717,0.8719794528349762
2079.1562278858,0.8497623,0.103191376,0.8720046336594758
2079.191215267504,0.8336994,0.099148646,0.8720308332257979
2079.2262026492085,0.92879915,0.10408398,0.8720575480157013
2079.2611900309125,0.87138784,0.10426143,0.8720837517241938
2079.2961774126165,0.936043,0.1077072,0.8721084124195881
2079.331164794321,0.875005,0.1048938,0.8721305043145129
2079.366152176025,0.7947817,0.09930989,0.8721499991803654
2079.401139557729,0.9644415,0.105905235,0.8721668039095134
2079.4361269394335,0.93519056,0.105815224,0.8721804365263177
2079.4711143211375,0.7453144,0.09906925,0.8721906810202081
2079.5061017028415,0.7591108,0.098259784,0.872197209593678
2079.5410890845455,0.7785948,0.096161895,0.872200867690249
2079.57607646625,0.82748586,0.100501806,0.8722022990871072
2079.611063847954,0.84481996,0.10193584,0.8722016096315257
2079.646051229658,0.8576893,0.1015774,0.8721986933462521
2079.6810386113625,0.9496585,0.10524507,0.8721917403753112
2079.7160259930665,0.94917494,0.10693861,0.8721779987357787
2079.7510133747705,0.8698586,0.10327199,0.872155704559817
2079.7860007564746,0.8830246,0.10144474,0.8721246604549819
2079.820988138179,0.87620056,0.10260835,0.8720894922226389
2079.855975519883,0.827047,0.101430655,0.8720527914584628
2079.890962901587,0.8159313,0.101077944,0.872015916157147
2079.9259502832915,0.7982646,0.10313729,0.8719753140101114
2079.9609376649955,0.76587814,0.1167447,0.871913519892689
2079.9959250466995,0.7245288,0.1950079,0.8717654873494871
2080.0309124284036,,,0.871393719931166
2080.065899810108,,,0.8706004470002744
2080.100887191812,,,0.8693446527375248
2080.135874573516,,,0.8676883818953232
2080.1708619552205,,,0.8658865815099436
2080.2058493369245,,,0.8641424092772216
2080.2408367186285,,,0.8626010087308175
2080.2758241003326,,,0.8612553326202919
2080.310811482037,,,0.8600732675852025
2080.345798863741,,,0.8590170119523693
2080.380786245445,,,0.8580696987311326
2080.4157736271495,,,0.8572295521896955
2080.4507610088535,,,0.8564749816789001
2080.4857483905575,,,0.8558126940052829
2080.520735772262,,,0.8552289093729133
