wave,flux,err,best_fit_spec
1135.0090383833342,0.35337842,0.026357094,1.1454986552258872
1135.0189920843097,0.358286,0.026558137,1.1453133732842766
1135.0289457852853,0.38563222,0.027415471,1.1451296060068958
1135.0388994862608,0.42104912,0.028612537,1.1449673704974603
1135.0488531872363,0.45339632,0.029630987,1.1448456740353583
1135.0588068882118,0.49584198,0.030896284,1.1447754560233294
1135.0687605891874,0.5177521,0.03159819,1.144772553315569
1135.078714290163,0.57400036,0.033130854,1.1448527486025912
1135.0886679911384,0.595917,0.03373082,1.145017184065625
1135.098621692114,0.7146099,0.036750834,1.1452775582392185
1135.1085753930895,0.72488636,0.036986556,1.1456513637427108
1135.118529094065,0.7382347,0.037310075,1.146120918463567
1135.1284827950406,0.7857382,0.038393155,1.1466775774191356
1135.138436496016,0.7853292,0.038443077,1.1473189835490865
1135.1483901969916,0.8245238,0.039296374,1.1480128728921724
1135.1583438979671,0.896941,0.040933937,1.1487437972417145
1135.1682975989427,0.9156797,0.041332472,1.1495012568042908
1135.1782512999182,0.8748605,0.04041336,1.150272680432268
1135.1882050008937,0.94047,0.041830275,1.1510526083983643
1135.1981587018693,0.8118649,0.038932815,1.1518399613937893
1135.2081124028448,0.8855368,0.04064369,1.1526340901077576
1135.2180661038203,0.77077365,0.037986785,1.1534342411218126
1135.2280198047958,0.8835134,0.04054341,1.154240608834113
1135.2379735057714,0.84631467,0.03971474,1.155053789326048
1135.247927206747,0.8714219,0.040267497,1.1558757084976805
1135.2578809077224,0.8592973,0.040021833,1.1567116034927722
1135.267834608698,0.80851465,0.038853936,1.1575683579126501
1135.2777883096735,0.78287876,0.038211912,1.1584460588434555
1135.287742010649,0.84997505,0.03978698,1.159343481551471
1135.2976957116246,0.83834875,0.03950844,1.1602553735239245
1135.3076494126,0.7401129,0.037213087,1.1611662729660426
1135.3176031135756,0.80218065,0.038664397,1.162058995524643
1135.3275568145511,0.67566663,0.035573937,1.162903957202192
1135.3375105155267,0.6985371,0.03617818,1.1636857765238346
1135.3474642165022,0.6649154,0.035324898,1.1643914953430623
1135.3574179174777,0.6004217,0.033656973,1.165002622484982
1135.3673716184533,0.5951538,0.033520374,1.1655281227080267
1135.3773253194288,0.57984734,0.033104792,1.1659805824420566
1135.3872790204043,0.48698837,0.030462915,1.166365160771735
1135.3972327213799,0.43604144,0.028908525,1.1666940101459025
1135.4071864223554,0.4138853,0.028234242,1.1669760152478408
1135.417140123331,0.37010413,0.026772404,1.167205397856816
1135.4270938243064,0.39361027,0.027483918,1.1673712503189493
1135.437047525282,0.34113753,0.02569565,1.1674715350209577
1135.4470012262575,0.3123152,0.02468837,1.1674965573038527
1135.456954927233,0.2854002,0.023648199,1.1674315437699698
1135.4669086282086,0.25320885,0.022412354,1.1672890194472991
1135.476862329184,0.22964917,0.021400284,1.1670745728336205
1135.4868160301596,0.27488762,0.023238515,1.1667902117165414
1135.4967697311351,0.24969007,0.022229971,1.166466202184717
1135.5067234321107,0.25621238,0.022506544,1.1661218183128303
1135.5166771330862,0.28480768,0.023622971,1.1657781421520133
1135.5266308340617,0.2864829,0.023683928,1.1654530841385529
1135.5365845350373,0.33174506,0.025369603,1.1651566942854243
1135.5465382360128,0.3469085,0.025890617,1.1648992768679614
1135.5564919369883,0.3652754,0.026550706,1.1646817572258894
1135.5664456379639,0.40900245,0.02795345,1.1645015711903002
1135.5763993389394,0.45749435,0.029480547,1.1643617465832974
1135.586353039915,0.4423312,0.0290405,1.164264510393178
1135.5963067408904,0.4541504,0.029357214,1.1642087130581893
1135.606260441866,0.51088,0.03106251,1.164201136019937
1135.6162141428415,0.569622,0.03270171,1.1642527771597606
1135.626167843817,0.656794,0.034997307,1.1643603394671809
1135.6361215447926,0.6551138,0.034936212,1.1645248270828952
1135.646075245768,0.67842406,0.035495818,1.164749444818236
1135.6560289467436,0.76693743,0.0376563,1.1650133944949304
1135.6659826477191,0.79046917,0.03819402,1.1653025922616562
1135.6759363486947,0.8221334,0.03888969,1.1655996626681808
1135.6858900496702,0.79353195,0.038200248,1.165883741357087
1135.6958437506457,0.84993315,0.039494213,1.1661373101146322
1135.7057974516213,0.9235485,0.041104317,1.1663310303160546
1135.7157511525968,0.97359335,0.04217785,1.16643869790937
1135.7257048535723,0.99200654,0.042536594,1.1664316916742807
1135.7356585545479,0.9215214,0.04108625,1.1662539763565118
1135.7456122555234,0.9715509,0.04208818,1.1658584811852182
1135.755565956499,0.9762617,0.04219317,1.1652334770308133
1135.7655196574744,0.90590847,0.040705863,1.164353579742614
1135.77547335845,1.0425578,0.04350417,1.1632140437340224
1135.7854270594255,0.97893023,0.04221913,1.161880250330309
1135.795380760401,1.0387906,0.043438822,1.1603995097117321
1135.8053344613766,1.0870113,0.044386838,1.15883124414803
1135.815288162352,1.0735203,0.044110317,1.157259293065701
1135.8252418633276,1.0748255,0.044149607,1.1557373264242634
1135.8351955643031,1.1147395,0.04490986,1.15432695215129
1135.8451492652787,1.0562035,0.043721154,1.1530393950844116
1135.8551029662542,1.0956851,0.044532932,1.1518820335198665
1135.8650566672297,1.1055553,0.04474988,1.1508704553384597
1135.8750103682053,1.1439106,0.04542285,1.1499796326425884
1135.8849640691808,1.1416624,0.045405705,1.1491868237072853
1135.8949177701563,1.1283073,0.045136526,1.1484798919144925
1135.904871471132,1.0547519,0.043682907,1.1478353723940038
1135.9148251721076,1.1524168,0.045609217,1.1472338719026152
1135.9247788730831,1.1525091,0.045592032,1.1466714256724724
1135.9347325740587,1.1421615,0.045370586,1.1461506502934573
1135.9446862750342,1.1368378,0.045265544,1.1456732791009998
1135.9546399760097,1.0884844,0.044304155,1.1452492487313877
1135.9645936769853,1.1113025,0.044743113,1.1448946287687773
1135.9745473779608,1.0909194,0.04438387,1.144605622024561
1135.9845010789363,1.1407926,0.045325845,1.1443844125088845
1135.9944547799118,1.1322037,0.045161653,1.144243566048552
1136.0044084808874,1.1105336,0.044701904,1.144168455850908
1136.014362181863,1.0370691,0.043231543,1.144157215528343
1136.0243158828384,1.1111695,0.044708796,1.1442199516794906
1136.034269583814,1.1593199,0.045636572,1.1443538420378625
1136.0442232847895,1.1790483,0.046005156,1.1445649112739202
1136.054176985765,1.0710177,0.04389882,1.1448781735330824
1136.0641306867406,1.1285654,0.045008093,1.1453095511710936
1136.074084387716,1.1117449,0.044701036,1.145868686245327
1136.0840380886916,1.096642,0.044391084,1.1465828508424576
1136.0939917896671,1.159292,0.04558224,1.1474708199989103
1136.1039454906427,1.1143782,0.0447201,1.1485221949397273
1136.1138991916182,1.1403518,0.04525416,1.1497463515736586
1136.1238528925937,1.0627556,0.043703586,1.151158263631868
1136.1338065935693,1.1863264,0.046068538,1.152723901141334
1136.1437602945448,1.1217097,0.04484146,1.1544270263250314
1136.1537139955203,1.0998108,0.044383388,1.1562520946341408
1136.1636676964958,1.1224842,0.04485213,1.1581279833573714
1136.1736213974714,1.0590907,0.0437516,1.1599967137709868
1136.183575098447,1.1409419,0.04668421,1.1617750761158718
1136.1935287994224,1.194835,0.049076,1.1634049365640038
1136.203482500398,1.1530542,0.049349878,1.1648425041034136
1136.2134362013735,1.1678221,0.050037403,1.1660288402733179
1136.223389902349,1.1386931,0.049023166,1.1669674634083436
1136.2333436033246,1.1466235,0.050633024,1.167688718754862
1136.2432973043,1.1017578,0.050008927,1.1682093513357776
1136.2532510052756,1.1362233,0.050429296,1.1685715047811878
1136.2632047062511,1.1019908,0.050606944,1.1688295399405253
1136.2731584072267,1.1561524,0.05195026,1.1690108163123658
1136.2831121082022,1.1405599,0.051649615,1.169136376676497
1136.2930658091777,1.178854,0.053089637,1.1692288562004534
1136.3030195101533,1.082864,0.051973265,1.1692959396996745
1136.3129732111288,1.0790727,0.05254975,1.1693405148095426
1136.3229269121043,1.0554843,0.05235559,1.169371082988991
1136.3328806130799,1.2202947,0.056111205,1.1693919545405937
1136.3428343140554,1.2033324,0.056433737,1.169406991423333
1136.352788015031,1.1648772,0.055592347,1.1694204370319743
1136.3627417160064,1.2732176,0.058800895,1.169433622791753
1136.372695416982,1.2460979,0.059121758,1.1694459349771997
1136.3826491179575,1.1611367,0.056073707,1.169455228767687
1136.392602818933,1.1382957,0.053955175,1.1694588921747608
1136.4025565199086,1.1348734,0.05409758,1.1694530816420106
1136.412510220884,1.1627557,0.05542198,1.1694346514817053
1136.4224639218596,1.1579815,0.054267526,1.1694024523431317
1136.4324176228351,1.1377754,0.05249004,1.169353411602994
1136.4423713238107,1.1876817,0.05395772,1.1692826412833908
1136.4523250247862,1.1847236,0.054449644,1.1691879245565886
1136.4622787257617,1.2088903,0.05509619,1.1690618067909193
1136.4722324267373,1.1261854,0.05352452,1.1688866805421987
1136.4821861277128,1.2182101,0.056176003,1.168657833536574
1136.4921398286883,1.1141768,0.05449763,1.168366183490968
1136.5020935296639,1.0097485,0.05170669,1.1679949382590422
1136.5120472306394,1.1888627,0.05589672,1.167557108956286
1136.522000931615,1.0634593,0.05324942,1.1670649808746854
1136.5319546325904,1.0894796,0.05410658,1.1665336441519916
1136.541908333566,1.0389898,0.053553976,1.1659911272239265
1136.5518620345415,1.113798,0.054642007,1.1654607765669165
1136.561815735517,1.1582874,0.054042704,1.164965379015051
1136.5717694364926,1.112413,0.05226673,1.1645202350771893
1136.581723137468,1.1369004,0.052961014,1.1641274757939153
1136.5916768384436,1.1611987,0.053158894,1.1637910639028406
1136.6016305394191,1.1631579,0.052720223,1.1635121279800584
1136.6115842403947,1.1198007,0.0507135,1.163279382438653
1136.6215379413702,1.1692947,0.05136776,1.1630894732088577
1136.6314916423457,1.1105591,0.05011837,1.1629450161329877
1136.6414453433213,1.1892917,0.051701777,1.162838157689002
1136.6513990442968,1.1596688,0.05040645,1.1627694558665564
1136.6613527452723,1.1680602,0.048992116,1.1627477428817556
1136.6713064462479,1.1042122,0.045310024,1.1627695378156004
1136.6812601472234,1.1535654,0.0450743,1.1628353090409207
1136.691213848199,1.2321528,0.04648229,1.1629473858679336
1136.7011675491744,1.1744058,0.045455072,1.1630917629595248
1136.71112125015,1.2184583,0.04624374,1.1632484723985241
1136.7210749511255,1.1952345,0.045814246,1.163386252928117
1136.731028652101,1.1590742,0.04512404,1.1634605052082874
1136.7409823530766,1.1995825,0.045850877,1.1634321463937312
1136.750936054052,1.1730632,0.04536453,1.163252638129498
1136.7608897550276,1.1205367,0.044393785,1.162875969942498
1136.7708434560031,1.148067,0.044902716,1.1623136276683248
1136.7807971569787,1.1054543,0.04407768,1.1615702094927571
1136.7907508579542,1.1439296,0.044873726,1.160648767546502
1136.8007045589297,1.1279855,0.04452965,1.1596129856140678
1136.8106582599053,1.1241496,0.04446857,1.158499237334258
1136.8206119608808,1.0117247,0.042224206,1.1573390298960065
1136.8305656618563,1.1611043,0.045077946,1.1561699142929591
1136.8405193628319,1.2391726,0.04652869,1.155012384442382
1136.8504730638074,1.1493707,0.044890884,1.1538864073242114
1136.860426764783,1.1132481,0.044203103,1.1528032323342408
1136.8703804657584,1.1666126,0.045222394,1.1517716120492902
1136.880334166734,1.0560267,0.043059167,1.1508086486179856
1136.8902878677095,1.1400093,0.044659298,1.1499245968135592
1136.9002415686853,1.0552796,0.043015596,1.1491163975290148
1136.9101952696608,1.1409514,0.044693314,1.1483840869303001
1136.9201489706363,1.1004627,0.043882053,1.1477192232482898
1136.9301026716118,1.1503247,0.044856016,1.1470956074912668
1136.9400563725874,1.1926042,0.045645725,1.1464944481665442
1136.950010073563,1.1908556,0.045591954,1.1458948789069499
1136.9599637745384,1.0994855,0.043871738,1.1452789518109918
1136.969917475514,1.144636,0.044717964,1.1446344436311509
1136.9798711764895,1.0601215,0.043046642,1.1439456491744435
1136.989824877465,1.1081403,0.04400437,1.1432169612072753
1136.9997785784406,1.1584036,0.04495302,1.1424559122782445
1137.009732279416,1.192489,0.045557145,1.14167521782072
1137.0196859803916,1.1466497,0.04470031,1.140898815047774
1137.0296396813671,1.0620986,0.043060027,1.1401492511411508
1137.0395933823427,1.1720144,0.045129683,1.139455580490746
1137.0495470833182,1.1490642,0.044722624,1.1388424760180715
1137.0595007842937,1.1537102,0.044834357,1.1383144169940986
1137.0694544852693,1.150483,0.044757638,1.137869445210176
1137.0794081862448,1.1290461,0.04435321,1.1374867232748125
1137.0893618872203,1.1174479,0.044110898,1.1371334924635688
1137.0993155881959,1.1447684,0.0446125,1.1368026569547904
1137.1092692891714,1.1007053,0.043776873,1.1365097672044722
1137.119222990147,1.110104,0.043950073,1.1362676079362133
1137.1291766911224,1.1989478,0.04560717,1.1360925970669142
1137.139130392098,1.1115111,0.04397217,1.1360109865449584
1137.1490840930735,1.11269,0.044021226,1.136012639808066
1137.159037794049,1.1740931,0.04517189,1.1360828831029754
1137.1689914950246,1.0640546,0.043033134,1.1361962490396231
1137.178945196,1.027879,0.042327788,1.136303654812286
1137.1888988969756,1.1489621,0.044622127,1.1363580192557858
1137.1988525979511,1.1617954,0.044844843,1.136304078635682
1137.2088062989267,1.1241518,0.044163615,1.136097714551096
1137.2187599999022,1.106201,0.043836746,1.1357278294936468
1137.2287137008777,1.1560626,0.044761892,1.1351718834354947
1137.2386674018533,1.0640321,0.042975154,1.1343968263129172
1137.2486211028288,1.1280389,0.044198893,1.1334093625851094
1137.2585748038043,1.2215466,0.045934938,1.1321924501243124
1137.2685285047799,1.0825658,0.04335628,1.1307162075346524
1137.2784822057554,1.1646075,0.04488713,1.1290618616971242
1137.288435906731,1.1532105,0.044660036,1.1272934202577556
1137.2983896077064,1.1222167,0.044058118,1.1254983395380882
1137.308343308682,1.0654004,0.04296579,1.123776198824638
1137.3182970096575,1.1377248,0.04432882,1.1221988583519045
1137.328250710633,1.0745987,0.043161217,1.1208484758071506
1137.3382044116086,1.1292713,0.044198323,1.1197489035360397
1137.348158112584,1.108614,0.04373903,1.1188992043321229
1137.3581118135596,1.0970571,0.04350284,1.1183280463046485
1137.3680655145351,1.178654,0.045040507,1.1180434951824043
1137.3780192155107,1.0598971,0.0427608,1.1180143215125022
1137.3879729164862,1.1345631,0.044223107,1.1182395499341493
1137.3979266174617,1.136417,0.044213958,1.1187125360723564
1137.4078803184373,1.1663945,0.044795763,1.119358791865839
1137.4178340194128,1.0619447,0.042815387,1.1201319900673798
1137.4277877203883,1.1017193,0.043561324,1.1209889825350237
1137.4377414213639,1.1031826,0.043569677,1.1218706984922262
1137.4476951223394,1.1623633,0.044653226,1.1227544592112186
1137.457648823315,1.0352163,0.04226513,1.1236369120661158
1137.4676025242904,1.0528373,0.0425545,1.124539487056075
1137.477556225266,1.0265468,0.042062756,1.1254967844397317
1137.4875099262415,1.0600958,0.04271798,1.1265592011751906
1137.497463627217,1.1627284,0.04461733,1.1277458731523295
1137.5074173281926,1.1142657,0.04374607,1.1290404546944672
1137.517371029168,1.1719011,0.044812035,1.1304210394581957
1137.5273247301436,1.1669605,0.04468154,1.131855072678805
1137.5372784311191,1.1856407,0.04504384,1.1333114738009695
1137.5472321320947,1.1407322,0.04422206,1.1347725585757802
1137.5571858330702,1.1198273,0.04380538,1.1362236648738442
1137.5671395340457,1.1640863,0.044656012,1.137659497812499
1137.5770932350213,1.1593683,0.044546623,1.1390797701095319
1137.5870469359968,1.1687131,0.044685513,1.1404877457954261
1137.5970006369723,1.1282701,0.043956347,1.1418949622668726
1137.6069543379479,1.1905179,0.045093995,1.1433112775986118
1137.6169080389234,1.1185085,0.043716226,1.144748833153951
1137.626861739899,1.1499438,0.04430795,1.1462096590421962
1137.6368154408744,1.2089126,0.045377474,1.1476907330783144
1137.64676914185,1.1734567,0.04477667,1.1491889166767053
1137.6567228428255,1.0806865,0.04304381,1.1506922858248985
1137.666676543801,1.1202897,0.04378389,1.1521738401870882
1137.6766302447766,1.1682193,0.04460673,1.1535795248484044
1137.686583945752,1.1994047,0.04524417,1.154829983198396
1137.6965376467276,1.0752958,0.042875327,1.155880529132075
1137.7064913477031,1.2004851,0.04524279,1.1566906132746015
1137.7164450486787,1.2389559,0.045946904,1.1572251685594352
1137.7263987496542,1.1386912,0.04403634,1.1575535525717227
1137.7363524506297,1.0786854,0.042915754,1.1577230494064374
1137.7463061516053,1.2189393,0.04548932,1.1577792724072842
1137.7562598525808,1.1357771,0.043976746,1.1577952109582292
1137.7662135535563,1.1802313,0.044773474,1.1578075519875854
1137.7761672545319,1.194202,0.04505485,1.1578463882866266
1137.7861209555074,1.1256711,0.04379228,1.1579300656563325
1137.796074656483,1.1587917,0.04440856,1.1580707530587966
1137.8060283574584,1.1649871,0.044500623,1.1582889005818573
1137.815982058434,1.1504185,0.044197395,1.1585969587463207
1137.8259357594095,1.1611197,0.0443954,1.158993055549371
1137.8358894603853,1.1098282,0.04346895,1.159478167432963
1137.8458431613608,1.0239035,0.041775335,1.1600389511438691
1137.8557968623363,1.1283507,0.04377752,1.160635546989012
1137.8657505633118,1.1378192,0.04397665,1.1612333476822774
1137.8757042642874,1.193525,0.044968653,1.161789726465127
1137.885657965263,1.1103708,0.043460365,1.1622851278454016
1137.8956116662384,1.138788,0.04397951,1.1627118084177117
1137.905565367214,1.1624564,0.04440763,1.1630682613085825
1137.9155190681895,1.054287,0.042341124,1.163385497533961
1137.925472769165,1.182404,0.044738222,1.1636894372744184
1137.9354264701406,1.1521864,0.04417811,1.164005147344067
1137.945380171116,1.0804349,0.042823054,1.1643462524637649
1137.9553338720916,1.1022956,0.043240264,1.1647100926796936
1137.9652875730671,1.1004641,0.043220986,1.1650821942296252
1137.9752412740427,1.0465391,0.04214873,1.165434254153877
1137.9851949750182,1.1683717,0.044434354,1.1657401242770111
1137.9951486759937,1.0873525,0.042921536,1.1659743284189505
1138.0051023769693,1.1204484,0.043525655,1.1661139254837216
1138.0150560779448,1.1549821,0.044188034,1.1661711978108662
1138.0250097789203,1.1503431,0.044080086,1.1661579237072455
1138.0349634798959,1.0356938,0.041962087,1.1660884596678338
1138.0449171808714,1.0943103,0.043065064,1.1659975094081996
1138.054870881847,1.1369352,0.043848064,1.1659035378809186
1138.0648245828224,1.0671439,0.042493004,1.1658204427601766
1138.074778283798,1.1220224,0.043540366,1.1657513555282906
1138.0847319847735,1.0983195,0.04307962,1.165693990560008
1138.094685685749,1.0061122,0.04131762,1.1656447826967224
1138.1046393867246,1.0629951,0.04240126,1.1655983625586128
1138.1145930877,1.0865954,0.042836633,1.1655507123466733
1138.1245467886756,1.1037512,0.043168623,1.1654990336052176
1138.1345004896511,1.109899,0.04329196,1.1654417079981814
1138.1444541906267,1.1336131,0.043729678,1.1653793543411985
1138.1544078916022,1.0907441,0.042910345,1.1653127712136544
1138.1643615925777,1.1442411,0.043911923,1.165242496423471
1138.1743152935533,1.1187887,0.043440565,1.1651688647701803
1138.1842689945288,1.1786247,0.04454342,1.1650898829365137
1138.1942226955043,1.1755881,0.04445236,1.164999616388069
1138.2041763964799,1.0819056,0.042713147,1.1648952842795552
1138.2141300974554,1.0958847,0.042963885,1.1647747010500986
1138.224083798431,1.0577308,0.042231306,1.1646367628586318
1138.2340374994064,1.0761538,0.04260981,1.1644889621806187
1138.243991200382,1.1125762,0.04329015,1.1643410310097464
1138.2539449013575,1.1094688,0.04318931,1.1642054072440338
1138.263898602333,1.1027156,0.043066613,1.1640934330215449
1138.2738523033086,1.1373351,0.04369579,1.1640091865457134
1138.283806004284,1.0581094,0.04222747,1.1639542871707926
1138.2937597052596,1.0973952,0.042966362,1.1639238311256257
1138.3037134062351,1.07361,0.04252541,1.1639046743968549
1138.3136671072107,1.0906751,0.04284597,1.163886965704163
1138.3236208081862,1.11276,0.04323505,1.163861157782405
1138.3335745091617,1.0667568,0.042347435,1.1638254532267411
1138.3435282101373,1.07733,0.042571213,1.1637829178522396
1138.3534819111128,1.0537559,0.042078804,1.1637432678002537
1138.3634356120883,1.0644093,0.04231022,1.163719218034084
1138.3733893130639,1.0799706,0.042630825,1.163721934205277
1138.3833430140394,1.0831896,0.042666394,1.1637647501369976
1138.393296715015,1.0783064,0.042564176,1.1638483958528596
1138.4032504159904,1.1223247,0.043370184,1.1639646565556658
1138.413204116966,1.0670538,0.042302214,1.1641030429872847
1138.4231578179415,1.091734,0.04279831,1.1642459829226013
1138.433111518917,1.0838625,0.0426489,1.1643774493360253
1138.4430652198926,1.089899,0.042781893,1.1644864148927598
1138.453018920868,1.1152207,0.043205053,1.1645652887615001
1138.4629726218436,1.1384363,0.043628056,1.164620444494778
1138.4729263228191,1.1427917,0.04374466,1.164657915282123
1138.4828800237947,1.075247,0.04246408,1.1646838468234726
1138.4928337247702,1.136099,0.04362619,1.1647060081271152
1138.5027874257457,1.1835256,0.04445144,1.1647261449312016
1138.5127411267213,1.2207906,0.045135986,1.1647408494683338
1138.5226948276968,1.0479112,0.04191679,1.1647426700597956
1138.5326485286723,1.1542038,0.043911796,1.164721305143407
1138.5426022296479,1.0898665,0.042713393,1.1646582614663088
1138.5525559306234,1.1398644,0.043634634,1.1645367404516687
1138.562509631599,1.1898491,0.04455135,1.1643490521682267
1138.5724633325744,1.1600372,0.043997828,1.1640839454714205
1138.58241703355,1.1769158,0.04430588,1.1637355217801186
1138.5923707345255,1.1597153,0.043957576,1.1633190712069439
1138.602324435501,1.1717486,0.04419443,1.1628418170136872
1138.6122781364766,1.1465808,0.04373219,1.1623047031889286
1138.622231837452,1.1134005,0.043110307,1.1617230443582958
1138.6321855384276,1.1650163,0.04404361,1.1610997949955033
1138.6421392394031,1.1318276,0.0434565,1.1604262609231406
1138.6520929403787,1.1177529,0.04316521,1.1597025181210079
1138.6620466413542,1.0467627,0.04181909,1.1589226022269745
1138.6720003423297,1.096573,0.04277574,1.1580708726551048
1138.6819540433053,1.1922369,0.044520162,1.1571473346245107
1138.6919077442808,1.093284,0.04271443,1.1561608355905864
1138.7018614452563,1.1432467,0.04361859,1.1551196177612306
1138.7118151462319,1.0677457,0.042225994,1.1540429169057598
1138.7217688472074,1.1083897,0.04296815,1.1529532702360283
1138.731722548183,1.1238855,0.04324537,1.151865736575881
1138.7416762491584,1.1425079,0.043584812,1.1507936843294506
1138.751629950134,1.0733035,0.04230459,1.1497415878494646
1138.7615836511095,0.9980527,0.040831953,1.1487129979510426
1138.771537352085,1.0398393,0.041658014,1.1477187256341383
1138.7814910530606,1.0226758,0.04131203,1.1467621996069841
1138.791444754036,1.1288184,0.043320276,1.1458535675263772
1138.8013984550116,1.102349,0.042807918,1.145014982307377
1138.8113521559872,0.98452914,0.04056778,1.1442541925385914
1138.8213058569627,1.0094616,0.041045588,1.1435781034465986
1138.8312595579384,1.0375266,0.041557502,1.14300481126552
1138.841213258914,1.1138498,0.04301352,1.1425398419889952
1138.8511669598895,1.0436041,0.041667797,1.1421775267902539
1138.861120660865,1.0962259,0.042669304,1.1419252929237798
1138.8710743618406,1.0712614,0.042194832,1.1417910888157492
1138.881028062816,1.0538566,0.041852556,1.1417606890966843
1138.8909817637916,1.0410327,0.04161625,1.1418355280641879
1138.9009354647671,1.0160205,0.041106388,1.1420327892145945
1138.9108891657427,1.1077795,0.04284998,1.142335223866545
1138.9208428667182,1.0547451,0.04186137,1.1427440854364614
1138.9307965676937,0.97644293,0.040325537,1.143278087417948
1138.9407502686693,0.96986634,0.040191147,1.1439222512479947
1138.9507039696448,1.0291195,0.041322634,1.1446704778777914
1138.9606576706203,1.0427841,0.04161626,1.1455263266071483
1138.9706113715959,0.9930684,0.04062626,1.1464696737044664
1138.9805650725714,1.0907863,0.042524993,1.1474757831317177
1138.990518773547,1.1035105,0.042736534,1.1485257464924108
1139.0004724745224,1.0486479,0.041696128,1.149594477482752
1139.010426175498,1.0326513,0.041407514,1.1506581208494773
1139.0203798764735,1.0343846,0.041391008,1.151697446132498
1139.030333577449,1.0634323,0.041970212,1.1526886681383248
1139.0402872784246,0.99807084,0.04068214,1.1536226710291062
1139.0502409794,0.9851339,0.040438943,1.1544892896590813
1139.0601946803756,1.0177015,0.041103702,1.1552702665159371
1139.0701483813511,0.9898472,0.04053285,1.1559778557247355
1139.0801020823267,0.9645246,0.040037353,1.1566145098099565
1139.0900557833022,0.94747657,0.03966311,1.1571722615093505
1139.1000094842777,0.96097416,0.039944567,1.1576558962242112
1139.1099631852533,0.99991786,0.040684834,1.1580674811245046
1139.1199168862288,0.98258185,0.04034916,1.1584014520659554
1139.1298705872043,0.9310106,0.039313354,1.158665013133472
1139.1398242881799,0.9043643,0.038768116,1.1588764496313009
1139.1497779891554,0.871539,0.038092505,1.1590463865274363
1139.159731690131,0.8449484,0.037514538,1.1591820515745557
1139.1696853911064,0.87429464,0.03811862,1.159289677975326
1139.179639092082,0.8570782,0.037747975,1.1593636667393938
1139.1895927930575,0.85984653,0.037829418,1.1593853647560382
1139.199546494033,0.86929417,0.03801808,1.1593530387528186
1139.2095001950086,0.8551327,0.037716586,1.1592625910083774
1139.219453895984,0.8968442,0.03861933,1.159106474361536
1139.2294075969596,0.8473587,0.037555356,1.158896518509212
1139.2393612979351,0.831556,0.03719308,1.1586384409439725
1139.2493149989107,0.78461796,0.036179155,1.1583272254992019
1139.2592686998862,0.86507213,0.03794449,1.157959441706136
1139.2692224008617,0.88093334,0.038253378,1.15753013092523
1139.2791761018373,0.9133406,0.03890445,1.1570231039588375
1139.2891298028128,0.83707947,0.03731826,1.1564228471727698
1139.2990835037883,0.8990501,0.03859931,1.155733933509223
1139.3090372047639,0.90832454,0.038771745,1.15495487785935
1139.3189909057394,0.954632,0.03971924,1.1540816644264889
1139.328944606715,0.91892934,0.039006166,1.1531414012341148
1139.3388983076904,0.9886386,0.040380396,1.1521508416321409
1139.348852008666,0.9574549,0.039769784,1.151129823510611
1139.3588057096415,0.99610686,0.04051705,1.150111528064036
1139.368759410617,0.98361325,0.040260546,1.149122987266995
1139.3787131115926,1.020354,0.041019946,1.1481976202269841
1139.388666812568,1.0842656,0.04219454,1.1473494417308818
1139.3986205135436,1.0467548,0.041492347,1.146575993786849
1139.4085742145191,1.2077959,0.044439532,1.1458763370385796
1139.4185279154947,1.1241536,0.042928383,1.1452442618423269
1139.4284816164702,1.0819143,0.04216218,1.144671087122342
1139.4384353174457,1.11607,0.042766247,1.1441631505516356
1139.4483890184213,1.1234263,0.042900074,1.1437363016209416
1139.4583427193968,1.0489978,0.041504916,1.1433860702418248
1139.4682964203723,1.1415335,0.043236624,1.1431137029594485
1139.4782501213479,1.1337566,0.043104287,1.142925833484049
1139.4882038223234,1.1384004,0.04317291,1.1427957318399597
1139.498157523299,1.1878381,0.04402868,1.1427071597834553
1139.5081112242744,1.1841137,0.044012155,1.142646216342372
1139.51806492525,1.2091314,0.04444365,1.142597974459114
1139.5280186262255,1.2027298,0.044318374,1.1425575805075618
1139.537972327201,1.1546605,0.043446224,1.142529175951706
1139.5479260281766,1.2022699,0.04429431,1.1425229201952634
1139.557879729152,1.2191832,0.044581447,1.1425504412143304
1139.5678334301276,1.1353586,0.043101855,1.1426296957855069
1139.5777871311032,1.1507499,0.04336935,1.1427826940459433
1139.5877408320787,1.1089537,0.042562157,1.143012108972719
1139.5976945330542,1.1005774,0.042437986,1.1433242781295199
1139.6076482340297,1.1501418,0.04331879,1.1437346375876478
1139.6176019350053,1.0803252,0.042046424,1.1442232808970902
1139.6275556359808,1.1311077,0.042973276,1.1447820910865802
1139.6375093369563,1.1525555,0.043368053,1.145404721115614
1139.6474630379319,1.1462551,0.043255765,1.1460625534077666
1139.6574167389074,1.1138022,0.04264322,1.1467312164501702
1139.667370439883,1.1166619,0.042677246,1.147385595726866
1139.6773241408584,1.059361,0.041598193,1.148005521785685
1139.687277841834,1.0343541,0.041132785,1.1485810872355895
1139.6972315428095,1.0896984,0.042180017,1.1490969428586322
1139.707185243785,1.1250823,0.042833738,1.1495331446470658
1139.7171389447606,1.135973,0.04301562,1.149883435762146
1139.727092645736,1.1524937,0.04332602,1.150133230319312
1139.7370463467116,1.1662697,0.04360218,1.1502563524946452
1139.7470000476872,1.061768,0.04162423,1.15026931942083
1139.756953748663,1.0562649,0.041540626,1.150176547253348
1139.7669074496384,1.0764579,0.041893568,1.1499675660739404
1139.776861150614,1.0022024,0.040466808,1.1496581353746196
1139.7868148515895,1.0342176,0.041086756,1.1492470648694932
1139.796768552565,1.0233675,0.0408634,1.1487158407228506
1139.8067222535406,1.1493037,0.043234948,1.1480726781421366
1139.816675954516,1.0895228,0.042122804,1.1473377332478623
1139.8266296554916,0.9968245,0.040358733,1.1465257025724624
1139.8365833564671,1.0519141,0.041402988,1.1456624590499391
1139.8465370574427,0.984192,0.040082123,1.1447810897325599
1139.8564907584182,1.0346323,0.04104513,1.1439078634698086
1139.8664444593937,1.0174552,0.04073793,1.143073474036763
1139.8763981603693,1.0035548,0.040475428,1.142292669457843
1139.8863518613448,1.0420905,0.041190356,1.1415784190640106
1139.8963055623203,1.0740883,0.04180227,1.1409555235798714
1139.9062592632959,1.0415877,0.0412024,1.1404187863992277
1139.9162129642714,1.0231941,0.040831022,1.1399681792454044
1139.926166665247,1.0367172,0.04108779,1.1396114944248517
1139.9361203662224,1.1028973,0.042295728,1.1393365473416153
1139.946074067198,1.0550001,0.041398335,1.1391321073392966
1139.9560277681735,1.1113417,0.04246206,1.1389980239838926
1139.965981469149,1.1021093,0.04230061,1.1389301368064721
1139.9759351701246,1.0791001,0.041857254,1.1389161423147047
1139.9858888711,1.1418304,0.043011356,1.1389495731440271
1139.9958425720756,1.0588481,0.04147482,1.139020437461244
1140.0057962730511,1.0908417,0.04207124,1.1391082564986692
1140.0157499740267,1.0017121,0.04037211,1.1392007750736846
1140.0257036750022,1.1533769,0.043191656,1.1392889465410423
1140.0356573759777,0.99363095,0.04022194,1.1393723578459998
1140.0456110769533,1.1300731,0.04277585,1.1394544214651314
1140.0555647779288,1.0073829,0.040468298,1.1395391702997202
1140.0655184789043,1.0407681,0.041094493,1.1396265752776795
1140.0754721798799,1.140161,0.04294661,1.1397127565829037
1140.0854258808554,1.0636693,0.04153297,1.1397879887449638
1140.095379581831,1.0955907,0.042123094,1.1398350699176225
1140.1053332828064,1.1416616,0.042932037,1.1398392302026572
1140.115286983782,1.1074442,0.042326048,1.1397843849132023
1140.1252406847575,1.0691468,0.041617922,1.1396536131787758
1140.135194385733,1.0166664,0.040643457,1.139451312611815
1140.1451480867086,1.0902014,0.04202397,1.1391771144566856
1140.155101787684,1.0673337,0.041568868,1.1388256618055448
1140.1650554886596,1.0699533,0.041622333,1.1384262165425914
1140.1750091896351,1.1235394,0.042598393,1.1380066030351752
1140.1849628906107,1.0790132,0.04178554,1.1376157620112508
1140.1949165915862,1.1859868,0.043721795,1.1373001248096388
1140.2048702925617,1.0757338,0.041718762,1.1370867379875231
1140.2148239935373,1.1228222,0.04259314,1.1369910002323247
1140.2247776945128,1.1366636,0.042831775,1.1369866880425792
1140.2347313954883,1.1011571,0.042180285,1.1370301506535676
1140.2446850964639,1.2311734,0.04449734,1.137087569543383
1140.2546387974394,1.1546015,0.043142576,1.13713256871817
1140.264592498415,1.088534,0.041941095,1.1371583064628346
1140.2745461993904,1.1343999,0.042753797,1.1371668215147515
1140.284499900366,1.1262653,0.04261583,1.137156841677835
1140.2944536013415,1.1874839,0.04370978,1.137122977598538
1140.304407302317,1.1262727,0.042607468,1.1370536225135357
1140.3143610032926,1.1182935,0.042456422,1.1369356453880615
1140.324314704268,1.1609452,0.04323119,1.1367763019479271
1140.3342684052436,1.1884148,0.04371647,1.1365829288917424
1140.3442221062191,1.153178,0.043089338,1.1363598624979454
1140.3541758071947,1.1363996,0.042743113,1.136117468137141
1140.3641295081702,1.1615231,0.043224648,1.135867830872026
1140.3740832091457,1.1694607,0.043346703,1.135623740778079
1140.3840369101213,1.1615564,0.043204315,1.1354018321852624
1140.3939906110968,1.126206,0.042576995,1.1352131328062895
1140.4039443120723,1.1169623,0.042394403,1.135068002015508
1140.4138980130479,1.1548814,0.043097902,1.1349805308294532
1140.4238517140234,1.089381,0.041880097,1.134941898531257
1140.433805414999,1.1438556,0.04288728,1.1349493470288232
1140.4437591159744,1.1454225,0.042905524,1.1350125980966568
1140.45371281695,1.1696384,0.043340914,1.1351396306405088
1140.4636665179255,1.1604403,0.04317881,1.1353476188892477
1140.473620218901,1.0337383,0.040828794,1.1356564750521319
1140.4835739198766,1.1964563,0.04379793,1.1360497842051713
1140.493527620852,1.1874435,0.04363451,1.1364965604695625
1140.5034813218276,1.1566545,0.0430842,1.1369760557889652
1140.5134350228032,1.1274611,0.042560864,1.1374716621758578
1140.5233887237787,1.1441705,0.0428577,1.137969908910291
1140.5333424247542,1.0784968,0.041639496,1.1384609431398542
1140.5432961257297,1.1680145,0.04326512,1.1389307593708258
1140.5532498267053,1.122147,0.042457763,1.139371536399517
1140.5632035276808,1.1465915,0.04289325,1.1397746044659982
1140.5731572286563,1.1830319,0.04354189,1.1401242114455008
1140.5831109296319,1.113012,0.042253777,1.1404207481140352
1140.5930646306074,1.1703048,0.043298956,1.1406651720304546
1140.603018331583,1.0958759,0.041932687,1.1408613339440952
1140.6129720325584,1.2202494,0.04416985,1.1410324359694748
1140.622925733534,1.2172593,0.044129714,1.141205662129226
1140.6328794345095,1.148771,0.042905234,1.1414082932489027
1140.642833135485,1.0389504,0.0408648,1.1416655735379957
1140.6527868364606,1.1420202,0.04276007,1.1419860457139583
1140.662740537436,1.0947171,0.04190452,1.1423811688437557
1140.6726942384116,1.1935166,0.043670747,1.1428748171204535
1140.6826479393872,1.1859131,0.04352176,1.143467057595605
1140.6926016403627,1.0942355,0.04188113,1.1441731484745152
1140.7025553413382,1.1229538,0.042414676,1.1450303135232405
1140.7125090423137,1.092568,0.041837305,1.1460238627059374
1140.7224627432893,1.1333394,0.042579,1.1471349403483466
1140.7324164442648,1.218221,0.04409534,1.1483418479705023
1140.7423701452403,1.125757,0.042431086,1.1496041026725083
1140.752323846216,1.0855981,0.041710626,1.1508912158772717
1140.7622775471916,1.1114229,0.04216973,1.1521817284605862
1140.7722312481671,1.1872209,0.04352405,1.1534546969856843
1140.7821849491427,1.1841792,0.043458834,1.154696998091958
1140.7921386501182,1.1246196,0.042388,1.1558965321818837
1140.8020923510937,1.1654677,0.043117367,1.1570353408471483
1140.8120460520693,1.093931,0.041824143,1.1581118818694534
1140.8219997530448,1.0967305,0.041867908,1.1591153052188892
1140.8319534540203,1.1419535,0.042696796,1.1600144879692893
1140.8419071549959,1.1604203,0.04301238,1.1608021988560784
1140.8518608559714,1.1874036,0.043486718,1.161461655627034
1140.861814556947,1.1933273,0.04359205,1.1619581301488549
1140.8717682579224,1.0689336,0.04132743,1.1622937172987169
1140.881721958898,1.1608672,0.0430129,1.1624948526267294
1140.8916756598735,1.1762145,0.043274548,1.1625887487929247
1140.901629360849,1.1137275,0.042160522,1.1626127258625611
1140.9115830618246,1.0984601,0.04187954,1.1625961087195456
1140.9215367628,1.1696967,0.043143008,1.1625428904127115
1140.9314904637756,1.1374938,0.042579778,1.16243926753311
1140.9414441647511,1.1724536,0.04319566,1.1622742733840097
1140.9513978657267,1.1918453,0.043545824,1.162023872089858
1140.9613515667022,1.0995678,0.041873194,1.1616351383691934
1140.9713052676777,1.1565839,0.042913985,1.161092107568116
1140.9812589686533,1.1732638,0.043208763,1.1603741123414368
1140.9912126696288,1.0688307,0.041291695,1.1594355774277094
1141.0011663706043,1.1015378,0.041891452,1.158262128071307
1141.0111200715799,1.0848575,0.04159432,1.1568466727665303
1141.0210737725554,1.2028604,0.043716636,1.1551536132350988
1141.031027473531,1.1923647,0.04351884,1.153169261439472
1141.0409811745064,1.1073602,0.041987985,1.1509451135182593
1141.050934875482,1.1871629,0.043427005,1.148519982190276
1141.0608885764575,1.131273,0.04243044,1.1459488560384101
1141.070842277433,1.1918663,0.04348426,1.1433344440032347
1141.0807959784086,1.1399677,0.042565547,1.1407474393482395
1141.090749679384,1.1338013,0.04245334,1.1382725617404397
1141.1007033803596,1.1684318,0.043077778,1.135947430891566
1141.1106570813351,1.163975,0.042980317,1.133792965724365
1141.1206107823107,1.1258311,0.04230574,1.1318344919574268
1141.1305644832862,1.0274467,0.04048047,1.1300527708194679
1141.1405181842617,1.1072388,0.04196657,1.1284208281586823
1141.1504718852373,1.1375016,0.042507138,1.1269337937557702
1141.1604255862128,1.1601124,0.04290271,1.1255857019317324
1141.1703792871883,1.1720271,0.04311511,1.1243563000076473
1141.1803329881639,1.1492461,0.04270268,1.1232478150184457
1141.1902866891394,1.0750631,0.0413452,1.1222806820918292
1141.200240390115,1.144123,0.04261903,1.1214402436028992
1141.2101940910904,1.1550502,0.04279149,1.1207324543348247
1141.220147792066,1.1124154,0.04202165,1.1201878370280811
1141.2301014930415,1.2042316,0.04365213,1.119794292297847
1141.240055194017,1.0727583,0.04129758,1.1195543604454148
1141.2500088949926,1.2642988,0.044702783,1.1194912429995465
1141.259962595968,1.1740695,0.04311666,1.1195994514538898
1141.2699162969436,1.1915723,0.04342871,1.1198653972998405
1141.2798699979191,1.1072085,0.04190416,1.1202950083050722
1141.2898236988947,1.1729374,0.043100405,1.1208899691785956
1141.2997773998702,1.1641997,0.04293551,1.1216288327068424
1141.3097311008457,1.237899,0.044224314,1.1225144864597403
1141.3196848018213,1.2030404,0.043629307,1.1235722440636273
1141.3296385027968,1.1548673,0.04276777,1.1247830127467493
1141.3395922037723,1.2675799,0.044728138,1.126152200785177
1141.3495459047479,1.1741835,0.04310664,1.1277094327264656
1141.3594996057234,1.1966156,0.043492105,1.1294309937268823
1141.369453306699,1.1226269,0.042165495,1.13130381998019
1141.3794070076744,1.1283096,0.042259343,1.1333223379125468
1141.38936070865,1.1837127,0.04325585,1.1354462336792452
1141.3993144096255,1.1915337,0.043381456,1.1376296218403776
1141.409268110601,1.2137266,0.043767754,1.139834096359258
1141.4192218115766,1.1804802,0.043187823,1.1420129128387775
1141.429175512552,1.1336641,0.042341687,1.1441229487657392
1141.4391292135276,1.1033362,0.04178166,1.1461142056655547
1141.4490829145032,1.1933416,0.043400057,1.1479010886450647
1141.4590366154787,1.1407213,0.042467408,1.1494602497834105
1141.4689903164542,1.1693101,0.04296754,1.1507563625018962
1141.4789440174297,1.2066532,0.043621212,1.1517272625911281
1141.4888977184053,1.1734074,0.043048862,1.152416902858923
1141.4988514193808,1.1118541,0.041925713,1.152862399362268
1141.5088051203563,1.1684335,0.04295124,1.1530885742012127
1141.5187588213319,1.1565986,0.0427265,1.1531620204035102
1141.5287125223074,1.0705051,0.041162916,1.1531491244616228
1141.538666223283,1.0989869,0.041675117,1.1530926701766522
1141.5486199242584,1.2158616,0.04376711,1.1530253600079974
1141.558573625234,1.16653,0.042896446,1.1529623564330214
1141.5685273262095,1.08815,0.041497305,1.152903663975105
1141.578481027185,1.1256336,0.0427147,1.1528393974285687
1141.5884347281606,1.1672722,0.04489252,1.1527570197868653
1141.598388429136,1.126885,0.04480587,1.1526449862080161
1141.6083421301116,1.199236,0.046921924,1.1524873000139846
1141.6182958310872,1.0800054,0.04422088,1.152283087086723
1141.6282495320627,1.2126919,0.047281347,1.1520339874422527
1141.6382032330382,1.1369325,0.046633642,1.1517378327522863
1141.6481569340137,1.1893251,0.047125943,1.1513935199265104
1141.6581106349893,1.1294299,0.046654366,1.1509933643955779
1141.6680643359648,1.1932021,0.04834878,1.15051303411573
1141.6780180369403,1.2129049,0.04888487,1.149923525386051
1141.687971737916,1.1733327,0.04846559,1.1492300868844867
1141.6979254388916,1.1512253,0.048364133,1.1484369112721513
1141.7078791398671,1.1880994,0.04975009,1.1475401273701686
1141.7178328408427,1.1277686,0.048603818,1.146569349219511
1141.7277865418182,1.1250786,0.049071725,1.1455365739033174
1141.7377402427937,1.2260946,0.051295053,1.144447662653877
1141.7476939437693,1.1630458,0.051033396,1.1433203690989637
1141.7576476447448,1.2273095,0.052305322,1.1421663258655774
1141.7676013457203,1.1070399,0.04979008,1.1409934657655074
1141.7775550466959,1.1070276,0.04998836,1.1398125042251674
1141.7875087476714,1.1548681,0.049429987,1.138634221963307
1141.797462448647,1.149438,0.049052015,1.1374707133134048
1141.8074161496224,1.1836541,0.05045731,1.1363408138094924
1141.817369850598,1.192923,0.05041331,1.1352604774886237
1141.8273235515735,1.1653473,0.04926317,1.1342552440108897
1141.837277252549,1.175816,0.048623115,1.133378633499436
1141.8472309535246,1.1080487,0.048023365,1.1326301883388719
1141.8571846545,1.1799319,0.049276765,1.132006455955833
1141.8671383554756,1.1547247,0.049489092,1.131502768454013
1141.8770920564511,1.1033125,0.048576936,1.1310862835838578
1141.8870457574267,1.2222601,0.05163026,1.1307383160390805
1141.8969994584022,1.0895585,0.04911601,1.1304585789999055
1141.9069531593777,1.1625737,0.050313175,1.1302491276915294
1141.9169068603533,1.1250609,0.049224176,1.1301091347690178
1141.9268605613288,1.1910886,0.050471053,1.1300481088729073
1141.9368142623043,1.1695929,0.050895214,1.130080112314137
1141.9467679632799,1.188568,0.051283106,1.13019319445297
1141.9567216642554,1.1258119,0.048679907,1.1303812451836803
1141.966675365231,1.0968072,0.047632534,1.1306380629939727
1141.9766290662064,1.2254225,0.05016022,1.1309261557320838
1141.986582767182,1.187265,0.049429722,1.1312146554457154
1141.9965364681575,1.169081,0.04873107,1.131467607204577
1142.006490169133,1.198871,0.048535872,1.131662599206913
1142.0164438701086,1.1281433,0.046585746,1.1317922514039795
1142.026397571084,1.1811552,0.047414355,1.131852545440318
1142.0363512720596,1.109384,0.046065018,1.1318542270454703
1142.0463049730351,1.2017452,0.0474605,1.1318215959519822
1142.0562586740107,1.242211,0.047436245,1.13177552310363
1142.0662123749862,1.2222008,0.04531665,1.131742062149856
1142.0761660759617,1.1924495,0.043229323,1.1317365539787156
1142.0861197769373,1.1067506,0.04165788,1.1317594542364922
1142.0960734779128,1.1616201,0.042646628,1.1317916173082638
1142.1060271788883,1.1350024,0.04215958,1.1317987853073719
1142.1159808798639,1.2750863,0.044590052,1.1317557605705173
1142.1259345808394,1.191252,0.043154977,1.1316369028330915
1142.135888281815,1.1434257,0.042308643,1.1314349325431108
1142.1458419827904,1.2195442,0.043638553,1.1311503503995406
1142.155795683766,1.1491798,0.042400975,1.1307748926855716
1142.1657493847415,1.101183,0.041533362,1.1303030702861903
1142.175703085717,1.0934714,0.041396238,1.1297445282455303
1142.1856567866926,1.0772002,0.04108481,1.1290963902816955
1142.195610487668,1.1304681,0.04205269,1.1283423865296458
1142.2055641886436,1.1229817,0.041918043,1.127494087250513
1142.2155178896192,1.1259196,0.041965507,1.1265476391346878
1142.2254715905947,1.0631156,0.040821735,1.1254830500684418
1142.2354252915702,1.0465156,0.0405087,1.1243120737827272
1142.2453789925457,1.0568779,0.040697522,1.1230437049161162
1142.2553326935213,1.0506669,0.040582303,1.121695870985522
1142.2652863944968,1.0178739,0.03996128,1.1203257999287415
1142.2752400954723,1.0608425,0.04076406,1.1189974273305592
1142.2851937964479,1.0846606,0.041201964,1.1177747493763444
1142.2951474974234,1.0607327,0.040756743,1.1167180528167098
1142.305101198399,0.99814224,0.039575364,1.1158343363200363
1142.3150548993744,1.0885903,0.04126229,1.1151337913886423
1142.32500860035,1.0901774,0.041288115,1.114649080247092
1142.3349623013255,1.039415,0.04034473,1.1143460647264867
1142.344916002301,1.0851917,0.04119887,1.1142265038039945
1142.3548697032766,1.0155159,0.03988886,1.1143239779951672
1142.364823404252,1.0864998,0.041210685,1.1146270551304447
1142.3747771052276,1.0062134,0.03971239,1.1151335432433105
1142.3847308062032,1.0549812,0.040627975,1.1158641931969324
1142.3946845071787,1.0312229,0.04018323,1.1168085000935997
1142.4046382081542,1.0534728,0.0405905,1.1179251000945982
1142.4145919091297,1.0011532,0.039606433,1.11918382136178
1142.4245456101053,0.96085185,0.03882724,1.1205437873805149
1142.4344993110808,1.072111,0.040933177,1.1219456049583731
1142.4444530120563,1.0337431,0.040219277,1.1233542946628654
1142.4544067130319,1.0141582,0.039845664,1.1247370983841838
1142.4643604140074,1.054287,0.040587015,1.1260819341464225
1142.474314114983,1.001754,0.03960904,1.1273856115466991
1142.4842678159584,1.03173,0.040166944,1.1286469105116592
1142.494221516934,1.1147441,0.04169385,1.1298765162865556
1142.5041752179095,1.107546,0.04155679,1.1310829559756372
1142.514128918885,1.1310478,0.041977253,1.1322685063305897
1142.5240826198606,1.1562117,0.04242431,1.1334317526096893
1142.534036320836,1.0878202,0.041188903,1.1345697581783165
1142.5439900218116,1.1722344,0.042700585,1.1356750431622042
1142.5539437227872,1.1825994,0.042881116,1.1367356850426822
1142.5638974237627,1.0801423,0.04104294,1.137752228138588
1142.5738511247382,1.159832,0.042478614,1.1387211195497138
1142.5838048257137,1.0889522,0.041197497,1.1396310147478315
1142.5937585266893,1.0809301,0.04104847,1.1404877879735422
1142.6037122276648,1.1090223,0.041557927,1.1412919178628593
1142.6136659286403,1.0897099,0.041204702,1.1420374341254618
1142.6236196296159,1.0316486,0.040132854,1.1427272192418587
1142.6335733305914,1.0626373,0.040706344,1.1433641435752386
1142.643527031567,1.0345308,0.04017629,1.1439407993821114
1142.6534807325424,1.0755402,0.04094221,1.1444445557473009
1142.663434433518,1.1545439,0.042357635,1.1448685229347764
1142.6733881344935,1.1513729,0.042303182,1.145190186755677
1142.6833418354693,1.063934,0.040713873,1.145356562353696
1142.6932955364448,1.0634633,0.040703963,1.1453547406995623
1142.7032492374203,1.0173097,0.039840154,1.145156991885253
1142.7132029383959,1.0794108,0.040993508,1.144708391760963
1142.7231566393714,1.0334514,0.040138915,1.144021586174646
1142.733110340347,0.9576548,0.038689334,1.1430971291975238
1142.7430640413224,1.0182179,0.039847933,1.1419063363346516
1142.753017742298,1.0716128,0.04083733,1.1404615073453708
1142.7629714432735,1.0462897,0.040367253,1.1388095966744582
1142.772925144249,1.0401804,0.04025244,1.1369876003790615
1142.7828788452246,1.0698603,0.04079786,1.1350548834155714
1142.7928325462,1.0016243,0.03951647,1.1330923660340744
1142.8027862471756,1.0217141,0.039901003,1.1311522077742786
1142.8127399481511,1.02206,0.03990322,1.1292907064706887
1142.8226936491267,0.97472554,0.038991623,1.1275186374300978
1142.8326473501022,1.0108825,0.03968672,1.125837492624527
1142.8426010510777,1.0334224,0.040106427,1.1242416621668183
1142.8525547520533,0.9859514,0.039207067,1.1226995542371412
1142.8625084530288,0.9442981,0.038395386,1.121190938230162
1142.8724621540043,0.8744824,0.0370014,1.119709735938831
1142.8824158549799,0.9274768,0.038061738,1.1182552282275764
1142.8923695559554,0.8948414,0.037412297,1.1168279348862964
1142.902323256931,1.0030124,0.039518718,1.1154336474998388
1142.9122769579064,0.94083077,0.038319156,1.1140831085429188
1142.922230658882,0.9242613,0.03799318,1.1127763705146463
1142.9321843598575,0.96742535,0.038829446,1.1115182179819907
1142.942138060833,0.90474236,0.037599865,1.1103222154782089
1142.9520917618086,0.9344093,0.038184892,1.1091833135405764
1142.962045462784,1.0201942,0.039832786,1.1081021259911956
1142.9719991637596,1.0263131,0.03994287,1.1070867533746496
1142.9819528647351,0.9666773,0.038807325,1.1061354780618424
1142.9919065657107,1.0938612,0.041187435,1.105246303784067
1143.0018602666862,1.0259119,0.039931316,1.1044287279703697
1143.0118139676617,1.049509,0.040369213,1.1036986385964307
1143.0217676686373,1.0405555,0.04020068,1.1030677736656105
1143.0317213696128,1.0299382,0.040000755,1.1025690582567336
1143.0416750705883,1.0447652,0.040274724,1.1022672115984424
1143.0516287715639,1.0136037,0.03968817,1.1021602667042014
1143.0615824725394,1.1167729,0.04158468,1.1022609673420816
1143.071536173515,0.98828435,0.039203025,1.1026108539050299
1143.0814898744904,0.98806006,0.039194856,1.103192535799063
1143.091443575466,1.0349742,0.040080972,1.1040032502138413
1143.1013972764415,1.0293255,0.039973397,1.1050660929222071
1143.111350977417,1.0248094,0.039887328,1.1063680304032977
1143.1213046783926,0.91839105,0.037834454,1.107869770655336
1143.131258379368,0.8794232,0.037051413,1.1095513414655984
1143.1412120803436,0.9015914,0.037494157,1.111383601112852
1143.1511657813192,0.95166093,0.038479928,1.1132993159589597
1143.1611194822947,0.87486774,0.036953602,1.1152478207689838
1143.1710731832702,0.9012495,0.03748234,1.117159809766837
1143.1810268842457,0.8775441,0.03700461,1.1189809568702427
1143.1909805852213,0.84226793,0.036279343,1.1206727415367632
1143.2009342861968,0.8756728,0.036964126,1.1221914087511407
1143.2108879871723,0.81844926,0.035781123,1.1235474697439212
1143.2208416881479,0.8255251,0.035927128,1.1247640641544252
1143.2307953891234,0.7913974,0.03520521,1.1258527755425534
1143.240749090099,0.77656984,0.034886494,1.1268333603146339
1143.2507027910744,0.8044957,0.035480123,1.127730195564063
1143.26065649205,0.7145252,0.033517465,1.1285454410718259
1143.2706101930255,0.81456465,0.035687964,1.129261525283619
1143.280563894001,0.8352578,0.036118448,1.129881681236621
1143.2905175949766,0.90166897,0.037467957,1.1304028994764628
1143.300471295952,0.841215,0.036238395,1.1308188454456714
1143.3104249969276,0.8691201,0.036808807,1.131157729285384
1143.3203786979032,0.93688315,0.03815972,1.1314317597406667
1143.3303323988787,0.9795991,0.038985267,1.1316326008436701
1143.3402860998542,0.89869803,0.03740142,1.1317508509772216
1143.3502398008297,0.9883863,0.03914925,1.1317835255541746
1143.3601935018053,0.98249376,0.03903467,1.1317229777226876
1143.3701472027808,1.0456501,0.040221266,1.1315623109905424
1143.3801009037563,0.9279496,0.03797424,1.1313118403423401
1143.3900546047319,1.0234668,0.039805666,1.1309688846444739
1143.4000083057074,0.96317506,0.038656745,1.1305129991041145
1143.409962006683,1.0438817,0.04018116,1.129957316161277
1143.4199157076584,1.057274,0.04042653,1.1292972135455714
1143.429869408634,0.98630345,0.039095376,1.1285112102232182
1143.4398231096095,0.9480189,0.038354404,1.1276052710762334
1143.449776810585,1.061098,0.040489994,1.1265890616693466
1143.4597305115606,1.0155702,0.039641608,1.1254755913811514
1143.469684212536,1.0328745,0.039963324,1.1243014207189677
1143.4796379135116,1.0921165,0.041051485,1.1231043013575162
1143.4895916144872,1.0549558,0.04036862,1.1219070787202983
1143.4995453154627,0.9843388,0.039042324,1.1207313917425838
1143.5094990164382,0.94429386,0.038268693,1.1195939322545216
1143.5194527174137,0.99129254,0.039170485,1.1185190266281106
1143.5294064183893,0.9734556,0.038827397,1.1175638090695619
1143.5393601193648,0.9278566,0.037939686,1.116754470923833
1143.5493138203403,0.94247884,0.03822475,1.1161106151393156
1143.5592675213159,0.9274559,0.03792724,1.1156553983830386
1143.5692212222914,0.86860967,0.03674972,1.1153712302950445
1143.579174923267,0.9126074,0.03763115,1.1152358551888997
1143.5891286242424,0.9818393,0.038977534,1.1152491497519785
1143.599082325218,0.8581469,0.03653202,1.115410856354177
1143.6090360261935,0.8666774,0.036702763,1.115699054714954
1143.6189897271693,0.8606989,0.036579397,1.1161111604915528
1143.6289434281448,0.72402525,0.033667374,1.1166620370683482
1143.6388971291203,0.7574781,0.034403067,1.1173247442273295
1143.6488508300959,0.7501543,0.03424298,1.1180907116225498
1143.6588045310714,0.7192431,0.033558246,1.1189577253815286
1143.668758232047,0.71903044,0.03355164,1.1198933173644576
1143.6787119330224,0.73667395,0.033941776,1.1208684016361994
1143.688665633998,0.6777403,0.032612078,1.1218537409601133
1143.6986193349735,0.6849774,0.032776263,1.1228181082447077
1143.708573035949,0.5996594,0.030760268,1.1237438788667056
1143.7185267369246,0.65380514,0.032052763,1.1246234052079707
1143.7284804379,0.63328904,0.031566024,1.125462123095608
1143.7384341388756,0.6553542,0.03208604,1.1262860050982058
1143.7483878398511,0.5979489,0.030711813,1.127113573263561
1143.7583415408267,0.60803866,0.030955266,1.12795103742374
1143.7682952418022,0.6418572,0.031764526,1.1287817204525141
1143.7782489427777,0.665508,0.032317445,1.129585893742346
1143.7882026437533,0.6416762,0.031755935,1.1303421735150532
1143.7981563447288,0.6550944,0.032071505,1.1310435415278064
1143.8081100457043,0.7298945,0.03377264,1.1316908853968362
1143.8180637466799,0.74734634,0.034153875,1.132282720270784
1143.8280174476554,0.7164808,0.033468403,1.13282370159044
1143.837971148631,0.77668375,0.034785476,1.1333297066949053
1143.8479248496064,0.77519685,0.034751646,1.1338117219831125
1143.857878550582,0.82653946,0.03583535,1.1342782686538482
1143.8678322515575,0.8734523,0.036796372,1.1347368064345964
1143.877785952533,0.81911784,0.035675585,1.1351860013357835
1143.8877396535086,0.89092386,0.03714375,1.1356149085697682
1143.897693354484,0.892489,0.03717497,1.1360116594647565
1143.9076470554596,0.9891536,0.03905886,1.1363619363112885
1143.9176007564351,1.03474,0.039914556,1.1366391176556812
1143.9275544574107,1.0404668,0.040017195,1.1368138571537594
1143.9375081583862,0.99798083,0.039220404,1.1368623354315555
1143.9474618593617,1.0313445,0.03984295,1.136750213734228
1143.9574155603373,1.0196384,0.03962169,1.136454591926373
1143.9673692613128,1.1119711,0.041311584,1.1360238727095104
1143.9773229622883,1.1632973,0.042218477,1.1354915080144075
1143.9872766632639,1.178067,0.04247523,1.1348764753397855
1143.9972303642394,1.0856119,0.040829934,1.1342107187946047
1144.007184065215,1.1511699,0.04199871,1.1335058324950005
1144.0171377661904,1.2042261,0.04292536,1.132766964837687
1144.027091467166,1.1146075,0.041350264,1.1320042133940857
1144.0370451681415,1.177223,0.042450603,1.13122657738893
1144.046998869117,1.1541157,0.042045888,1.1304419174028468
1144.0569525700926,1.1027182,0.041131567,1.129660446594553
1144.066906271068,1.1741478,0.042394307,1.1288898025215903
1144.0768599720436,1.2064872,0.042952333,1.1281332937385224
1144.0868136730192,1.158103,0.04210964,1.1273893151064311
1144.0967673739947,1.122886,0.04148712,1.1266474001942917
1144.1067210749702,1.1780825,0.04245463,1.1258977458151973
1144.1166747759457,1.088916,0.040869076,1.12512562037799
1144.1266284769213,1.1458359,0.04188602,1.1243218941903987
1144.1365821778968,1.0053506,0.03932586,1.123480939439866
1144.1465358788723,1.1526127,0.04200154,1.1225965432809233
1144.1564895798479,1.1646905,0.042212643,1.1216719425013058
1144.1664432808234,1.0768558,0.040644452,1.1207192653870213
1144.176396981799,1.0676321,0.040471256,1.1197492621699745
1144.1863506827744,1.114644,0.04132372,1.1187726958958022
1144.19630438375,1.1084983,0.04120953,1.1177974484817264
1144.2062580847255,1.1875517,0.04260137,1.1168268019893368
1144.216211785701,1.1407498,0.041781846,1.1158681389102532
1144.2261654866766,1.1288723,0.041570596,1.1149347715763587
1144.236119187652,1.1460996,0.041870896,1.114051295122444
1144.2460728886276,1.1548697,0.04202224,1.1132655055194214
1144.2560265896032,1.1198312,0.041401856,1.1126093758886186
1144.2659802905787,1.0624927,0.040361684,1.1120904962735472
1144.2759339915542,1.1238781,0.041471347,1.1117230608237405
1144.2858876925297,1.223386,0.043208897,1.111520584656967
1144.2958413935053,1.1091888,0.0412079,1.1114708400330724
1144.3057950944808,1.0883452,0.040825326,1.1115811662105761
1144.3157487954563,1.0679727,0.040453188,1.111883031443863
1144.3257024964319,1.1262056,0.041500583,1.1123461007384938
1144.3356561974074,1.0940009,0.040920295,1.1129652713723415
1144.345609898383,1.0997576,0.041021932,1.1137501572676003
1144.3555635993584,1.156819,0.042038314,1.1146676755272988
1144.365517300334,1.0835811,0.040729385,1.115684731312355
1144.3754710013095,1.138809,0.041714467,1.1167690601952571
1144.385424702285,1.1082257,0.041168254,1.117880644673115
1144.3953784032606,1.2205962,0.043133106,1.1189946975165073
1144.405332104236,1.2062157,0.04288859,1.120107475185811
1144.4152858052116,1.170918,0.04227793,1.1212298339129962
1144.4252395061872,1.1573397,0.04203238,1.1223750730208355
1144.4351932071627,1.145762,0.04182643,1.1235551923671518
1144.4451469081382,1.1501167,0.041902628,1.124786709684018
1144.4551006091137,1.0726365,0.040515274,1.126067958556571
1144.4650543100893,1.0971903,0.040959764,1.1273994591705696
1144.4750080110648,1.1583718,0.04204473,1.1287875973605643
1144.4849617120403,1.1511043,0.04191626,1.1302298732888405
1144.4949154130159,1.1159015,0.041288953,1.1317170884636014
1144.5048691139914,1.0632808,0.04033777,1.133234660011429
1144.514822814967,1.1550034,0.04205408,1.134746107848392
1144.5247765159424,1.0577183,0.04103733,1.1362067572994718
1144.534730216918,1.1839557,0.045444764,1.1375760126534715
1144.5446839178935,1.2282898,0.04707741,1.1387934864379972
1144.554637618869,1.2307477,0.046968993,1.1398611068389928
1144.5645913198446,1.2129765,0.0474994,1.1407690954994685
1144.57454502082,1.2115476,0.047871735,1.1414891938713263
1144.5844987217956,1.1286622,0.048542336,1.1420291883751705
1144.5944524227712,1.121164,0.04922433,1.1423938092604962
1144.6044061237467,1.2052455,0.05243813,1.1425630954077781
1144.6143598247224,1.244772,0.05218911,1.1425238374030307
1144.624313525698,1.1296388,0.04917362,1.1422931119720652
1144.6342672266735,1.1155945,0.050217908,1.141868534378262
1144.644220927649,1.104673,0.049204174,1.1412353985882109
1144.6541746286246,1.1400976,0.0492236,1.1404427729001656
1144.6641283296,1.122308,0.048676215,1.1395155126242715
1144.6740820305756,1.0474389,0.04759895,1.1384815552817302
1144.6840357315511,1.1086851,0.04714803,1.1373998166770245
1144.6939894325267,1.1405509,0.047593735,1.1362977575239102
1144.7039431335022,1.1289655,0.04846368,1.135176345419975
1144.7138968344777,1.0922053,0.048775233,1.1340212419386004
1144.7238505354533,1.061967,0.047852147,1.132820700500408
1144.7338042364288,1.0687549,0.046590053,1.1315623401048334
1144.7437579374043,1.0140368,0.045417614,1.130230132719903
1144.7537116383799,1.0367856,0.04576417,1.1288265559956296
1144.7636653393554,1.0219115,0.045680635,1.1273489542401192
1144.773619040331,0.9869747,0.046026733,1.1257869926788149
1144.7835727413064,0.95833975,0.045145035,1.1241596570637848
1144.793526442282,1.0107383,0.045752913,1.1224761735976956
1144.8034801432575,1.024812,0.04695232,1.1207395677199683
1144.813433844233,0.9822723,0.045860082,1.118961524837914
1144.8233875452086,0.91047853,0.04385385,1.1171546558044698
1144.833341246184,0.9006602,0.04417837,1.1153333867337678
1144.8432949471596,0.9010226,0.04503943,1.1135255253844059
1144.8532486481351,0.90545374,0.04645905,1.1117639525545535
1144.8632023491107,0.84664714,0.045160078,1.110088623948028
1144.8731560500862,0.7831229,0.042896736,1.1085751695896224
1144.8831097510617,0.8172478,0.043932267,1.1072475667316162
1144.8930634520373,0.68900484,0.039979905,1.106136234077501
1144.9030171530128,0.6700594,0.039397363,1.1052928086760492
1144.9129708539883,0.6421568,0.03810172,1.1047055699894084
1144.9229245549639,0.6027167,0.036645625,1.1043687617986493
1144.9328782559394,0.5585565,0.034714486,1.1043052676688694
1144.942831956915,0.5598332,0.0341657,1.1045087604301433
1144.9527856578904,0.4981549,0.03197508,1.1049291892290463
1144.962739358866,0.55408925,0.03392455,1.1055394504482803
1144.9726930598415,0.5515216,0.03377383,1.1063226211677735
1144.982646760817,0.56634086,0.03330181,1.1072264149744124
1144.9926004617926,0.5813727,0.03335029,1.1082326473288293
1145.002554162768,0.56269765,0.032991607,1.109336775037455
1145.0125078637436,0.5848527,0.032783877,1.1105054915884018
1145.0224615647192,0.63042206,0.033450846,1.1117092969884272
1145.0324152656947,0.6750659,0.03462354,1.1129082210652679
1145.0423689666702,0.6926481,0.035221405,1.1140539902661624
1145.0523226676457,0.77149606,0.03731654,1.115117432514904
1145.0622763686213,0.84224075,0.03887681,1.116080268055936
1145.0722300695968,0.7988601,0.03770125,1.1169391361833
1145.0821837705723,0.8018289,0.03726123,1.1177248956248114
1145.0921374715479,0.7908528,0.03568265,1.1184572339840442
1145.1020911725234,0.85740227,0.036288004,1.1191541204942275
1145.112044873499,0.82255787,0.035567924,1.1198449861043651
1145.1219985744744,0.80073774,0.03511235,1.1205487063654695
1145.13195227545,0.8311761,0.035748065,1.1212808744613239
1145.1419059764255,0.75995296,0.034242075,1.122042437971063
1145.151859677401,0.81931746,0.035497405,1.122828940541047
1145.1618133783766,0.77309775,0.03452973,1.1236368809198785
1145.171767079352,0.8582885,0.03629876,1.1244537221709936
1145.1817207803276,0.7583761,0.034207545,1.1252583100163105
1145.1916744813032,0.66936266,0.032214917,1.1260278776529145
1145.2016281822787,0.65203637,0.031818733,1.1267293268377623
1145.2115818832542,0.6562197,0.031916432,1.1273582033794485
1145.2215355842297,0.67500895,0.03234926,1.127910042040245
1145.2314892852053,0.63877326,0.0315078,1.1283770351750748
1145.2414429861808,0.6850537,0.032574438,1.1287732110375703
1145.2513966871563,0.6531773,0.031837057,1.12910843490562
1145.2613503881319,0.59945357,0.030561022,1.1293827080900856
1145.2713040891074,0.55721223,0.029518163,1.1295987343572034
1145.281257790083,0.5119439,0.028346414,1.1297661802834813
1145.2912114910584,0.5453594,0.029216537,1.129892859524928
1145.301165192034,0.52494276,0.028686965,1.1299987130961884
1145.3111188930095,0.453972,0.026781807,1.130118397526302
1145.321072593985,0.42326215,0.025906274,1.130278250822795
1145.3310262949606,0.44635347,0.026559673,1.130503137456656
1145.340979995936,0.45234382,0.026734244,1.1307836883412699
1145.3509336969116,0.3956301,0.0250918,1.1311002748566854
1145.3608873978872,0.41728866,0.025730617,1.131422148171161
1145.3708410988627,0.3780721,0.024552768,1.1317119196986383
1145.3807947998382,0.36068353,0.024015127,1.1319492986361506
1145.3907485008137,0.33449838,0.023180617,1.1321242173430253
1145.4007022017893,0.33443582,0.023180334,1.1322361543823765
1145.4106559027648,0.32570523,0.022894187,1.1323076000736463
1145.4206096037403,0.31265286,0.022461673,1.1323571903220546
1145.4305633047159,0.26182744,0.020677265,1.1324104327932996
1145.4405170056914,0.24276999,0.019956334,1.1324907206375059
1145.450470706667,0.21096407,0.018702133,1.1326106134469174
1145.4604244076424,0.2731234,0.02107754,1.132774694341983
1145.470378108618,0.260273,0.02061292,1.132967161655419
1145.4803318095935,0.24857208,0.020174472,1.1331721139026159
1145.490285510569,0.2630108,0.02070599,1.1333850829077372
1145.5002392115446,0.30661404,0.022247618,1.1336125177098584
1145.51019291252,0.35298327,0.023763083,1.1338633001223972
1145.5201466134956,0.30959916,0.022341065,1.1341434204212968
1145.5301003144712,0.41522977,0.025648711,1.1344507849356178
1145.5400540154467,0.40237466,0.02527038,1.1347615970435498
1145.5500077164224,0.39802605,0.0251426,1.1350517349804417
1145.559961417398,0.49786276,0.027950304,1.1352883889637981
1145.5699151183735,0.4720408,0.027259234,1.1354543678311428
1145.579868819349,0.50646174,0.028175067,1.1355454241074727
1145.5898225203246,0.56456536,0.029665988,1.1355592916661281
1145.5997762213,0.6024326,0.030602694,1.1355059760642319
1145.6097299222756,0.6457645,0.031632584,1.135407600273162
1145.6196836232511,0.66027254,0.03196688,1.1352780156321396
1145.6296373242267,0.7443457,0.033857882,1.13512994798263
1145.6395910252022,0.7414549,0.033794247,1.1349781383224289
1145.6495447261777,0.8093554,0.035235483,1.1348281380256215
1145.6594984271533,0.8269308,0.03559681,1.1346784507333414
1145.6694521281288,0.89222366,0.03692812,1.1345177210224766
1145.6794058291043,0.92095107,0.037487462,1.1343280801512667
1145.6893595300799,0.9471779,0.038000915,1.1340818386512064
1145.6993132310554,0.9831093,0.038679916,1.1337565862262027
1145.709266932031,0.9775746,0.038578246,1.1333530520624409
1145.7192206330064,1.0295805,0.039557885,1.132882906326301
1145.729174333982,0.96020347,0.038256586,1.1323795713165872
1145.7391280349575,0.9785903,0.038604178,1.131896259628012
1145.749081735933,0.90329325,0.037138127,1.1314789569016654
1145.7590354369086,1.0319242,0.039593864,1.1311899723752208
1145.768989137884,1.0596803,0.040106766,1.131044013920453
1145.7789428388596,1.0566123,0.040043026,1.1310433886757738
1145.7888965398352,1.1174912,0.04114086,1.1311849322759573
1145.7988502408107,1.0972309,0.04077893,1.1314290642765974
1145.8088039417862,0.9945105,0.038893502,1.1317284116534942
1145.8187576427617,1.0620227,0.04013873,1.1320459622245473
1145.8287113437373,1.1084207,0.040973544,1.1323346459601347
1145.8386650447128,1.1186666,0.041159816,1.1325500331552605
1145.8486187456883,1.056343,0.040035233,1.1326431076990995
1145.8585724466639,1.0849919,0.04055199,1.132521474127795
1145.8685261476394,1.0937752,0.040710974,1.1321541319021013
1145.878479848615,1.1023502,0.040863644,1.1315008293511515
1145.8884335495904,1.0689862,0.040260755,1.1305006801281126
1145.898387250566,1.1093273,0.040985417,1.129175939031245
1145.9083409515415,1.0673206,0.040222347,1.1275940769378616
1145.918294652517,1.0514964,0.039937712,1.1258231940316696
1145.9282483534926,1.1783653,0.042191572,1.1239704234514316
1145.938202054468,1.1251616,0.04125993,1.1221583101654375
1145.9481557554436,1.0859339,0.040557694,1.1204768441888715
1145.9581094564192,1.133459,0.041403968,1.119036596906612
1145.9680631573947,1.069905,0.040264644,1.1178347192666385
1145.9780168583702,1.1765404,0.04215052,1.1168717037882328
1145.9879705593457,1.1681912,0.042010576,1.116158379313425
1145.9979242603213,1.1721673,0.04207053,1.1156525095145935
1146.0078779612968,1.1810371,0.042227674,1.1153183113076
1146.0178316622723,1.111632,0.041012723,1.1151467385434015
1146.0277853632479,1.0781411,0.040412895,1.1151296962822603
1146.0377390642234,1.1342345,0.041412104,1.1152440651339601
1146.047692765199,1.1212434,0.041175917,1.1154906323247045
1146.0576464661744,1.2135946,0.04277722,1.115895387566307
1146.06760016715,1.18776,0.04233321,1.1164395291039135
1146.0775538681255,1.235385,0.043147933,1.1171252022482128
1146.087507569101,1.1530561,0.04173188,1.117966474212504
1146.0974612700766,1.136978,0.04145199,1.1189327959663866
1146.107414971052,1.0906197,0.040628944,1.1199882002324615
1146.1173686720276,1.1133775,0.041027743,1.1210916994592433
1146.1273223730032,1.1597611,0.041847363,1.1221847491716483
1146.1372760739787,1.1150163,0.04106104,1.123217928605436
1146.1472297749542,1.1580474,0.04181404,1.1241564433811007
1146.1571834759297,1.230408,0.043062184,1.124972964840628
1146.1671371769053,1.1610216,0.041864634,1.125697494713858
1146.1770908778808,1.0686886,0.040224627,1.1263590367618346
1146.1870445788563,1.1952211,0.042451307,1.126996651425726
1146.1969982798319,1.1623181,0.04188149,1.1276560608048238
1146.2069519808074,1.1563329,0.041774146,1.1283684722474812
1146.216905681783,1.1434888,0.04155807,1.1291665021607988
1146.2268593827584,1.1257346,0.041238993,1.1300719158236077
1146.236813083734,1.1776756,0.04214528,1.1310895407272292
1146.2467667847095,1.2035506,0.0425819,1.1322324708086273
1146.256720485685,1.1950891,0.04243674,1.1335187592672091
1146.2666741866606,1.1329982,0.041356172,1.134920941398562
1146.276627887636,1.1357754,0.041412327,1.1364185835758724
1146.2865815886116,1.1008238,0.040784713,1.1379805167548342
1146.2965352895872,1.1224772,0.041168746,1.1395396677853085
1146.3064889905627,1.1124493,0.04099465,1.141029987867165
1146.3164426915382,1.1581914,0.04179231,1.1423613502769343
1146.3263963925137,1.0750779,0.040331572,1.1434613312970274
1146.3363500934893,1.0886986,0.040562943,1.1443057790235178
1146.3463037944648,1.1165084,0.041067895,1.1448754408463018
1146.3562574954403,1.110325,0.040946394,1.1451730909441733
1146.3662111964159,1.077379,0.040354237,1.1452854562549368
1146.3761648973914,1.0572253,0.039995685,1.1452692723803775
1146.386118598367,1.1548228,0.041730534,1.1451749634134016
1146.3960722993424,1.1047174,0.040848896,1.1450619884433393
1146.406026000318,1.1273025,0.04123904,1.1449573698901676
1146.4159797012935,1.1246798,0.041195713,1.144879613140761
1146.425933402269,1.1202743,0.041121215,1.1448359232280694
1146.4358871032446,1.1317152,0.04132355,1.144826650600947
1146.44584080422,1.1533384,0.04170466,1.144854669458004
1146.4557945051956,1.1631372,0.041863177,1.144923816646648
1146.4657482061712,1.1735982,0.0420528,1.145030234340559
1146.4757019071467,1.1747367,0.04207052,1.14517525389431
1146.4856556081222,1.2250853,0.04293063,1.1453680979354994
1146.4956093090977,1.1085229,0.04090506,1.1456036542248982
1146.5055630100733,1.1614115,0.041830543,1.1458823894474288
1146.5155167110488,1.161746,0.04184605,1.146207553367662
1146.5254704120243,1.1670781,0.041932307,1.1465703161338796
1146.5354241129999,1.1973815,0.042454693,1.1469566939162785
1146.5453778139756,1.1800581,0.042153556,1.1473494548918923
1146.5553315149511,1.2131237,0.042720575,1.14772261560473
1146.5652852159267,1.2504534,0.043348007,1.1480530387786698
1146.5752389169022,1.1843767,0.042227976,1.1483181552839232
1146.5851926178777,1.1726135,0.042025555,1.148478971510384
1146.5951463188533,1.2226597,0.042873826,1.148536211072477
1146.6051000198288,1.297779,0.044132244,1.1484855226604391
1146.6150537208043,1.2098622,0.042653915,1.1483196525228438
1146.6250074217799,1.2126087,0.042697392,1.148061808917803
1146.6349611227554,1.1206101,0.041102365,1.1477377412435181
1146.644914823731,1.0411769,0.039670587,1.147369048127283
1146.6548685247064,1.1774795,0.042091496,1.1469830862421422
1146.664822225682,1.1621352,0.04183136,1.1466046029232468
1146.6747759266575,1.1574217,0.041742012,1.1462480441436067
1146.684729627633,1.1474466,0.041567735,1.145925513703507
1146.6946833286086,1.1357763,0.04136034,1.1456319746541237
1146.704637029584,1.1070569,0.040854353,1.1453636145502302
1146.7145907305596,1.1630287,0.04184288,1.1451169545611128
1146.7245444315352,1.2190193,0.042803813,1.1448825146920916
1146.7344981325107,1.220329,0.042818084,1.144648472006938
1146.7444518334862,1.1631328,0.04184355,1.144392842500235
1146.7544055344617,1.1555053,0.041706905,1.1440779246936175
1146.7643592354373,1.1368222,0.04137843,1.1436726610538723
1146.7743129364128,1.1337389,0.04131597,1.1431509404149245
1146.7842666373883,1.0951406,0.040638763,1.1424864073317806
1146.7942203383639,1.1736716,0.04201182,1.1417084172904546
1146.8041740393394,1.2429194,0.04319063,1.1408307153412611
1146.814127740315,1.1080109,0.040862467,1.1398587867928214
1146.8240814412904,1.1405026,0.041428853,1.1388181861394628
1146.834035142266,1.1178882,0.041040566,1.1377253049471685
1146.8439888432415,1.2064136,0.04257485,1.136588693732697
1146.853942544217,1.1505374,0.041603576,1.1354203104174392
1146.8638962451926,1.1577196,0.04172958,1.1342365066869058
1146.873849946168,1.1072797,0.04084045,1.133055172991927
1146.8838036471436,1.0726101,0.040213216,1.1319125860556072
1146.8937573481192,1.0797627,0.040340517,1.130843910910345
1146.9037110490947,1.1128358,0.04093579,1.1298854498681066
1146.9136647500702,1.1285086,0.041213572,1.129085134774568
1146.9236184510457,1.2232873,0.04285505,1.12843628145538
1146.9335721520213,1.0825955,0.040399905,1.1279291500155166
1146.9435258529968,1.1596881,0.041757513,1.1275685254820966
1146.9534795539723,1.1368822,0.041355062,1.1273487511730833
1146.9634332549479,1.1153103,0.040971957,1.1272524732907707
1146.9733869559234,1.1180348,0.041016344,1.1272793417217248
1146.983340656899,1.0622259,0.04002175,1.1274385870249708
1146.9932943578744,1.1392543,0.041390218,1.1277026728859973
1147.00324805885,1.2041765,0.04251888,1.128059348990957
1147.0132017598255,1.1279364,0.041191768,1.1285009910870656
1147.023155460801,1.1794976,0.042088527,1.128995546699305
1147.0331091617766,1.1437767,0.04147112,1.1295211330418002
1147.043062862752,1.1434851,0.041462045,1.1300606332095264
1147.0530165637276,1.1838186,0.042166453,1.1305982174548517
1147.0629702647032,1.1822048,0.042133216,1.131125567669578
1147.0729239656787,1.0774577,0.04028724,1.1316403328126319
1147.0828776666542,1.1346121,0.041307844,1.1321467719331275
1147.0928313676297,1.186359,0.04220948,1.132657515803298
1147.1027850686053,1.151807,0.041606985,1.1331851033871296
1147.1127387695808,1.1574556,0.041703448,1.1337475293201376
1147.1226924705563,1.1646085,0.04182595,1.1343525306894073
1147.1326461715319,1.1230189,0.04109799,1.1350076475053907
1147.1425998725074,1.1571081,0.041686784,1.13572742006831
1147.152553573483,1.1574361,0.041698102,1.1365207242325013
1147.1625072744584,1.1140552,0.04092869,1.137386253931404
1147.172460975434,1.1169254,0.040979564,1.1383205948980208
1147.1824146764095,1.1025631,0.040726263,1.1392999468517935
1147.192368377385,1.1181357,0.040998287,1.1402712461278175
1147.2023220783606,1.1184676,0.041014645,1.141189275813022
1147.212275779336,1.1870844,0.042216245,1.142002508196072
1147.2222294803116,1.1436814,0.041450474,1.1427058315041538
1147.2321831812872,1.1237699,0.04109823,1.143300652464834
1147.2421368822627,1.1438394,0.041452646,1.1437837438207774
1147.2520905832382,1.1694489,0.04189361,1.1441677556450576
1147.2620442842137,1.17532,0.041994322,1.144468941464193
1147.2719979851893,1.1509349,0.04157184,1.1446865194159996
1147.2819516861648,1.0905797,0.04050309,1.1448048806713542
1147.2919053871403,1.167877,0.041865937,1.144823224786246
1147.3018590881159,1.1606812,0.04173657,1.1447277806905833
1147.3118127890914,1.057523,0.039902776,1.1444936472812268
1147.321766490067,1.1432761,0.041435584,1.1441546256615125
1147.3317201910425,1.1517533,0.041574113,1.1437465657100323
1147.341673892018,1.2138525,0.042655684,1.1433091041179269
1147.3516275929935,1.2778733,0.043723732,1.1428804298172008
1147.361581293969,1.197859,0.042378094,1.142479781567308
1147.3715349949446,1.1905068,0.042253878,1.1421171158714833
1147.38148869592,1.2203612,0.04275657,1.1417968683801571
1147.3914423968956,1.1101537,0.04084295,1.1415084243139415
1147.4013960978712,1.1843718,0.042136583,1.141243738109036
1147.4113497988467,1.2060357,0.042506583,1.1409939269835934
1147.4213034998222,1.1071961,0.0407866,1.140744888937084
1147.4312572007977,1.1413194,0.041391112,1.1404855784083392
1147.4412109017733,1.1483537,0.04151167,1.1402018454430056
1147.4511646027488,1.1525668,0.041581616,1.1398824500468607
1147.4611183037243,1.1654327,0.041802537,1.139522845950335
1147.4710720046999,1.1884005,0.042199697,1.1391203900705915
1147.4810257056756,1.1080865,0.04079323,1.1386808580002203
1147.4909794066511,1.1338489,0.041250095,1.1382266854148275
1147.5009331076267,1.1137338,0.0408959,1.1377800728460168
1147.5108868086022,1.1849787,0.04213212,1.1373745132038315
1147.5208405095777,1.100912,0.040665384,1.137028797664589
1147.5307942105533,1.101921,0.040680517,1.1367562516286203
1147.5407479115288,1.1234949,0.041065846,1.1365725239542306
1147.5507016125043,1.1117371,0.04084833,1.1364749655373783
1147.5606553134799,1.1536111,0.04159263,1.1364527500134471
1147.5706090144554,1.0802921,0.04028893,1.1365035230732008
1147.580562715431,1.1576134,0.04165936,1.1366279247236004
1147.5905164164064,1.177631,0.042004846,1.136812748679398
1147.600470117382,1.1675402,0.04182809,1.1370536275126812
1147.6104238183575,1.2649261,0.043483373,1.1373491816123122
1147.620377519333,1.2119019,0.042585902,1.1376765754335434
1147.6303312203086,1.1259861,0.041097187,1.1380182219745951
1147.640284921284,1.180229,0.0420439,1.1383549747290524
1147.6502386222596,1.1658341,0.041791376,1.1386694351131124
1147.6601923232352,1.1259094,0.04109934,1.1389516560491764
1147.6701460242107,1.1826891,0.042083018,1.1391919056925506
1147.6800997251862,1.1900222,0.042206854,1.1393794865261375
1147.6900534261617,1.1114376,0.040840965,1.1395176062852985
1147.7000071271373,1.0608448,0.039926294,1.139606092427681
1147.7099608281128,1.1638869,0.04175295,1.1396387707642714
1147.7199145290883,1.1382159,0.041301847,1.1396259326523897
1147.7298682300639,1.1411716,0.041357998,1.1395705668718978
1147.7398219310394,1.1094825,0.040797215,1.1394712094367225
1147.749775632015,1.1894348,0.042186424,1.139336302511961
1147.7597293329904,1.1613222,0.041709516,1.139180694170434
1147.769683033966,1.1493088,0.041496288,1.1390213926876491
1147.7796367349415,1.1265414,0.041100595,1.1388829340601228
1147.789590435917,1.1521406,0.041550253,1.1387838988346286
1147.7995441368926,1.1504362,0.041512482,1.1387382949577807
1147.809497837868,1.1120356,0.04083854,1.138763466267392
1147.8194515388436,1.1646386,0.041756902,1.138847027462576
1147.8294052398192,1.1062596,0.04073547,1.138977509563027
1147.8393589407947,1.13607,0.041261952,1.1391393288224343
1147.8493126417702,1.0616533,0.039931137,1.1393047538034848
1147.8592663427457,1.1429596,0.041377854,1.1394461402810558
1147.8692200437213,1.1644574,0.041749798,1.1395341523376683
1147.8791737446968,1.1588057,0.04165166,1.1395347299808385
1147.8891274456723,1.107403,0.040752903,1.1394389659099808
1147.8990811466479,1.1755875,0.041942,1.1392356217408564
1147.9090348476234,1.1972611,0.042313937,1.138902201884173
1147.918988548599,1.1814365,0.042039465,1.1384610705584495
1147.9289422495744,1.2271835,0.04281973,1.1379250204858693
1147.93889595055,1.114164,0.040860765,1.137301529892376
1147.9488496515255,1.1570528,0.04161853,1.136611717056074
1147.958803352501,1.1239158,0.041034512,1.1358775302544124
1147.9687570534766,1.1752005,0.04192373,1.1351147431917812
1147.978710754452,1.0939384,0.04049595,1.1343426453747187
1147.9886644554276,1.1394446,0.041300364,1.1335823610176199
1147.9986181564032,1.1494738,0.041476455,1.1328520838842295
1148.0085718573787,1.2035258,0.042405996,1.132179649945217
1148.0185255583542,1.0906376,0.04043239,1.1315730802054569
1148.0284792593297,1.1715738,0.041846305,1.1310397765907865
1148.0384329603053,1.1504556,0.04147995,1.1305924012200688
1148.0483866612808,1.0475396,0.03964766,1.1302309104863326
1148.0583403622563,1.1625413,0.041687127,1.1299503562625572
1148.0682940632319,1.0970992,0.040535077,1.1297570805299357
1148.0782477642074,1.2395589,0.04299796,1.1296642487155
1148.088201465183,1.1127304,0.040812712,1.1296618759212822
1148.0981551661584,1.0894374,0.040395275,1.1297485423414704
1148.108108867134,1.0977224,0.040535744,1.1299281322199894
1148.1180625681095,1.1320773,0.04114201,1.1301703826440839
1148.128016269085,1.1748531,0.04188662,1.1304521655676147
1148.1379699700606,1.1332376,0.041158713,1.1307498644243208
1148.147923671036,1.1587418,0.04159929,1.1310377879073892
1148.1578773720116,1.1247543,0.04100928,1.1312996792707821
1148.1678310729872,1.1682911,0.041759636,1.131524365023029
1148.1777847739627,1.1470886,0.04138817,1.1317045683059108
1148.1877384749382,1.1214356,0.04094079,1.1318503476988866
1148.1976921759137,1.1595211,0.041604247,1.131971168159484
1148.2076458768893,1.1566627,0.041553464,1.1320818542188402
1148.2175995778648,1.1222694,0.040948186,1.1322044272793272
1148.2275532788403,1.1832811,0.04200381,1.1323580585220308
1148.2375069798159,1.1063247,0.04065503,1.1325664296893034
1148.2474606807914,1.1661355,0.04170574,1.1328448917917628
1148.257414381767,1.1232456,0.04095721,1.1331965091948573
1148.2673680827425,1.2197329,0.04261662,1.1336254903857559
1148.277321783718,1.1485678,0.041390248,1.1341321969977787
1148.2872754846935,1.1158162,0.040817972,1.1346908788165164
1148.297229185669,1.1439477,0.04131035,1.1352826687428321
1148.3071828866446,1.1081003,0.04067288,1.1358873725365437
1148.31713658762,1.286121,0.043712694,1.1364849236136287
1148.3270902885956,1.1936496,0.042159826,1.1370645447083785
1148.3370439895712,1.1406919,0.041242957,1.1376179960061281
1148.3469976905467,1.1517662,0.041431848,1.138140556977035
1148.3569513915222,1.299627,0.043920137,1.138625012616818
1148.3669050924977,1.203256,0.04231435,1.1390476926635338
1148.3768587934733,1.191293,0.042105034,1.139357022285574
1148.3868124944488,1.1956252,0.04217849,1.13952758333176
1148.3967661954243,1.200913,0.042260632,1.1395330622972788
1148.4067198963999,1.2026877,0.042295747,1.1393318213227102
1148.4166735973754,1.2063706,0.042352833,1.1389457438029136
1148.426627298351,1.2377038,0.04288027,1.1383898813026043
1148.4365809993265,1.2887675,0.043725684,1.1376667187855154
1148.446534700302,1.1978314,0.042203978,1.1367984722242372
1148.4564884012775,1.1804067,0.04190445,1.1358200331013448
1148.466442102253,1.1885787,0.042037766,1.1347502088652288
1148.4763958032288,1.1901346,0.042063605,1.1336051561335863
1148.4863495042043,1.1771747,0.041839384,1.1324222937519843
1148.4963032051799,1.159947,0.041539814,1.1312296096279981
1148.5062569061554,1.2307388,0.04274293,1.1300693208473764
1148.516210607131,1.1456758,0.04128564,1.128977499853796
1148.5261643081064,1.2632402,0.043282274,1.1279733001583923
1148.536118009082,1.1766808,0.041820265,1.1270681904300446
1148.5460717100575,1.1933223,0.04210231,1.1262547335311441
1148.556025411033,1.1818056,0.04190217,1.1255137416907424
1148.5659791120086,1.1987245,0.04218872,1.1248393504051144
1148.575932812984,1.1491866,0.041339,1.1242371822530777
1148.5858865139596,1.2804292,0.04355031,1.1236971203487636
1148.5958402149352,1.1079308,0.04060843,1.1232202275593657
1148.6057939159107,1.1242551,0.040892743,1.1228154144183158
1148.6157476168862,1.1766127,0.04179816,1.1224734921067043
1148.6257013178617,1.1172271,0.0407652,1.1221872176740257
1148.6356550188373,1.1480321,0.041301675,1.1219553149698624
1148.6456087198128,1.1353456,0.041080903,1.1217750654262835
1148.6555624207883,1.0895275,0.04026657,1.1216411380439404
1148.6655161217639,1.1788028,0.04182685,1.1215569450056646
1148.6754698227394,1.1022626,0.04048974,1.1215349281104108
1148.685423523715,1.181202,0.0418592,1.1215671478516673
1148.6953772246904,1.1417689,0.041176252,1.1216483522904896
1148.705330925666,1.167135,0.04161527,1.1217668366433275
1148.7152846266415,1.2177593,0.042473305,1.1218972214216967
1148.725238327617,1.1826217,0.041876137,1.1220228847556766
1148.7351920285926,1.1778218,0.041788295,1.1221352622718208
1148.745145729568,1.1891797,0.041979842,1.1222368667763265
1148.7550994305436,1.1510102,0.041324977,1.1223411792659204
1148.7650531315192,1.2128536,0.042381354,1.1224653711123453
1148.7750068324947,1.2312005,0.0426873,1.122641613337417
1148.7849605334702,1.1460433,0.041228484,1.1228878776546936
1148.7949142344457,1.1235098,0.040835623,1.1232225880772404
1148.8048679354213,1.188167,0.041950602,1.1236682895223427
1148.8148216363968,1.1910535,0.041997205,1.1242154887050086
1148.8247753373723,1.133117,0.040997114,1.1248474643641386
1148.8347290383479,1.1778889,0.041767634,1.1255511657810335
1148.8446827393234,1.1583728,0.04143333,1.126304618913426
1148.854636440299,1.1338537,0.04100359,1.1270761416193849
1148.8645901412744,1.116742,0.04069992,1.1278389332646428
1148.87454384225,1.1418415,0.041132785,1.1285499091791245
1148.8844975432255,1.1437191,0.041167412,1.1291778757730317
1148.894451244201,1.1815127,0.04181835,1.1296871885444857
1148.9044049451766,1.1727933,0.04166494,1.1300247139044197
1148.914358646152,1.1347014,0.041003555,1.1301751845694858
1148.9243123471276,1.135697,0.04101709,1.1301455689606523
1148.9342660481032,1.1273235,0.04087,1.129943774950218
1148.9442197490787,1.1256961,0.040839754,1.1296026264484376
1148.9541734500542,1.0999242,0.04038106,1.1291854783064346
1148.9641271510297,1.1266519,0.04084813,1.1287291511566337
1148.9740808520053,1.15354,0.041314896,1.1282658076480605
1148.9840345529808,1.1828349,0.04181411,1.127822883753059
1148.9939882539563,1.1731087,0.041646045,1.1274189330436848
1149.0039419549319,1.122272,0.040763654,1.1270757356509957
1149.0138956559074,1.1232631,0.04077857,1.126801910365198
1149.023849356883,1.170973,0.041602097,1.1265973985380584
1149.0338030578584,1.0724242,0.039871022,1.1264659961308006
1149.043756758834,1.1354553,0.04098298,1.126408769670779
1149.0537104598095,1.167886,0.04154238,1.1264071460429896
1149.063664160785,1.0803559,0.04000513,1.1264500579729393
1149.0736178617606,1.153348,0.041284923,1.1265302164086215
1149.083571562736,1.1083854,0.04049846,1.1266347849541032
1149.0935252637116,1.1432385,0.041107256,1.1267655045801606
1149.1034789646872,1.1203146,0.040700447,1.126939579369858
1149.1134326656627,1.0868077,0.040108137,1.1271779252185399
1149.1233863666382,1.1298343,0.04086228,1.1274932445850192
1149.1333400676137,1.1567698,0.04132692,1.1278938600064103
1149.1432937685893,1.0921144,0.040195603,1.1283755240195732
1149.1532474695648,1.1167246,0.040624823,1.1289041472502839
1149.1632011705403,1.1465539,0.041144125,1.1294550092886517
1149.1731548715159,1.1296009,0.040846422,1.1300020899728516
1149.1831085724914,1.1504533,0.041206483,1.1305256144296574
1149.193062273467,1.1740911,0.041608926,1.1310124393092358
1149.2030159744425,1.0687749,0.03976196,1.1314462424762746
1149.212969675418,1.0709136,0.03979604,1.1318171472613436
1149.2229233763935,1.1173292,0.040617883,1.1321277991523049
1149.232877077369,1.1201066,0.040662974,1.1323844749517198
1149.2428307783446,1.1538469,0.04124811,1.1326049331152381
1149.25278447932,1.1706846,0.041536145,1.132822562299208
1149.2627381802956,1.1506784,0.04118874,1.133062092329421
1149.2726918812712,1.0816873,0.03997366,1.1333526720719744
1149.2826455822467,1.1784618,0.041661266,1.133705605605264
1149.2925992832222,1.1221309,0.04068316,1.1341262653864643
1149.3025529841977,1.1418629,0.04102556,1.1346209485557415
1149.3125066851733,1.1117826,0.04049561,1.1351801982682264
1149.3224603861488,1.1048063,0.0403703,1.1357759923484323
1149.3324140871243,1.137204,0.040936682,1.1363794075505482
1149.3423677880999,1.1454147,0.041076344,1.1369496186394163
1149.3523214890754,1.211256,0.042198014,1.137459076219102
1149.362275190051,1.2056149,0.042099405,1.1378865601179355
1149.3722288910265,1.0984881,0.040244088,1.1382043371636468
1149.382182592002,1.1518123,0.041176096,1.1384159494314776
1149.3921362929777,1.1249821,0.040705506,1.1385312864196988
1149.4020899939533,1.1780399,0.04161956,1.1385592051982807
1149.4120436949288,1.1696907,0.041474726,1.1385231438393006
1149.4219973959043,1.1693931,0.041465968,1.13845933282646
1149.4319510968799,1.1719576,0.041507605,1.1383953362606354
1149.4419047978554,1.1678548,0.041434407,1.1383625370008237
1149.451858498831,1.1098089,0.040423214,1.1383753553789029
1149.4618121998064,1.129525,0.04076645,1.1384440981079569
1149.471765900782,1.1529349,0.04116764,1.1385804005463473
1149.4817196017575,1.1683922,0.04143163,1.1387767010403667
1149.491673302733,1.0730559,0.039760303,1.1390190158074875
1149.5016270037086,1.1678345,0.04141712,1.1392908392617738
1149.511580704684,1.0825377,0.03992449,1.139562760145694
1149.5215344056596,1.1509365,0.041121513,1.13980042877455
1149.5314881066352,1.1355585,0.04085281,1.1399671933699622
1149.5414418076107,1.1476696,0.041058455,1.1399869099728976
1149.5513955085862,1.1408015,0.040936902,1.139813623488729
1149.5613492095617,1.122149,0.040609285,1.139381432714995
1149.5713029105373,1.1291225,0.04072801,1.138581031225158
1149.5812566115128,1.1080068,0.04035577,1.1373669519427347
1149.5912103124883,1.2676702,0.043067966,1.135751860035986
1149.6011640134639,1.2003797,0.04194325,1.1337497848865166
1149.6111177144394,1.1275171,0.040689528,1.1314188311976383
1149.621071415415,1.1298224,0.040727485,1.1289170904835713
1149.6310251163904,1.1996653,0.041922003,1.1263638717573694
1149.640978817366,1.1393439,0.040886544,1.1238949988554325
1149.6509325183415,1.1617649,0.041271266,1.1215932514913425
1149.660886219317,1.1615312,0.041263733,1.1194997330371566
1149.6708399202926,1.1429741,0.04094156,1.1176484132339617
1149.680793621268,1.101027,0.040206045,1.1160253485583709
1149.6907473222436,1.120443,0.04054474,1.1145922808474986
1149.7007010232192,1.145492,0.040977124,1.1133362152319437
1149.7106547241947,1.093398,0.040064123,1.1122598838359297
1149.7206084251702,1.0863379,0.03993554,1.1113276291810437
1149.7305621261457,1.1156764,0.04045058,1.110531549553331
1149.7405158271213,1.0636773,0.03952557,1.1098822897948553
1149.7504695280968,1.0956421,0.040092796,1.1093553119846116
1149.7604232290723,1.035573,0.03901433,1.1089370480510725
1149.7703769300479,1.032369,0.038953394,1.108625891077951
1149.7803306310234,1.0532559,0.039330155,1.1084136683884869
1149.790284331999,1.06586,0.039551646,1.1082844724700718
1149.8002380329744,1.0795724,0.03979493,1.108235608455204
1149.81019173395,1.0699354,0.039621003,1.1082766774254826
1149.8201454349255,1.0652494,0.03953323,1.1083948426159957
1149.830099135901,1.1030036,0.040201988,1.1085920747619675
1149.8400528368766,1.0958073,0.040072393,1.1088833776675755
1149.850006537852,1.1015141,0.040170565,1.1092666265934366
1149.8599602388276,1.0857395,0.039888445,1.1097429410890336
1149.8699139398032,1.1444616,0.04091307,1.1103261971427054
1149.8798676407787,1.1065009,0.040249545,1.1110313512909047
1149.8898213417542,1.1691433,0.04133187,1.111856186807295
1149.8997750427297,1.17877,0.04149366,1.112811449924781
1149.9097287437053,1.0972387,0.040090736,1.113935963233803
1149.9196824446808,1.0574424,0.039682694,1.1152165907307732
1149.9296361456563,1.0710211,0.041265536,1.1166652841312497
1149.9395898466319,1.1092972,0.043427035,1.1183178676967174
1149.9495435476074,1.15886,0.043797914,1.1201779926460724
1149.959497248583,1.1646327,0.044344783,1.1222406638371303
1149.9694509495584,1.2069882,0.04599303,1.1245105546658187
1149.979404650534,1.1799798,0.045967184,1.1269669995596563
1149.9893583515095,1.2205977,0.048908457,1.129522635686488
1149.999312052485,1.0877498,0.046550136,1.1320877387988286
1150.0092657534606,1.19395,0.049797975,1.13451457368392
1150.019219454436,1.0856038,0.0456867,1.1366881966644993
1150.0291731554116,1.1120355,0.047110204,1.1385139605482608
1150.0391268563872,1.1744949,0.048492294,1.1398826708289045
1150.0490805573627,1.1298143,0.046578173,1.1407877455758504
1150.0590342583382,1.1215644,0.04612799,1.1413020045556208
1150.0689879593137,1.1209798,0.04598472,1.1414870103566694
1150.0789416602893,1.1726956,0.0469002,1.1414195940683616
1150.0888953612648,1.08238,0.043986734,1.1412255210242228
1150.0988490622403,1.06831,0.04446542,1.140969115135157
1150.1088027632159,1.0485638,0.04559753,1.1406962147071258
1150.1187564641914,1.0602092,0.045453455,1.1404355878469126
1150.128710165167,1.069264,0.044568654,1.140197092788944
1150.1386638661425,1.0845864,0.044549838,1.139985854397258
1150.148617567118,1.0677608,0.04439154,1.139800633623632
1150.1585712680935,1.0064201,0.043007772,1.1396354653177574
1150.168524969069,0.98662233,0.043372214,1.139486282497112
1150.1784786700446,0.9797975,0.043611594,1.1393494458290339
1150.18843237102,1.0172671,0.043958485,1.1392188007928388
1150.1983860719956,1.0264274,0.044473227,1.1390918202962965
1150.2083397729712,0.9959468,0.044150006,1.1389679057893207
1150.2182934739467,0.98597366,0.04318077,1.1388475409410155
1150.2282471749222,0.9357347,0.042451166,1.138732195707629
1150.2382008758977,0.97856945,0.043596853,1.1386242245547185
1150.2481545768733,0.93435407,0.043858923,1.1385257721990638
1150.2581082778488,0.9248,0.044251237,1.1384370588729205
1150.2680619788243,0.9382525,0.04403883,1.138358942097666
1150.2780156797999,0.92705506,0.043492492,1.1382942238579836
1150.2879693807754,0.8788596,0.042053927,1.1382411235896828
1150.297923081751,0.8721208,0.04223412,1.138199045161259
1150.3078767827265,0.89114493,0.042188935,1.1381667138491565
1150.317830483702,0.8364039,0.04038621,1.138138339767712
1150.3277841846775,0.8637615,0.04097836,1.1381049718588814
1150.337737885653,0.8972503,0.040903322,1.1380504673686196
1150.3476915866286,0.9122261,0.040584438,1.1379429817506295
1150.357645287604,0.9887101,0.04249861,1.1377523544983985
1150.3675989885796,0.9330732,0.041493163,1.1374458061992643
1150.3775526895552,0.9767509,0.0419844,1.1369775696051427
1150.3875063905307,0.9087615,0.039969575,1.1363695377270113
1150.3974600915062,0.9875524,0.041482173,1.1356398283880575
1150.4074137924817,1.0121921,0.04144763,1.1348013566889201
1150.4173674934575,0.8936005,0.038395047,1.1338818437567983
1150.427321194433,1.0528431,0.041431226,1.132909344088397
1150.4372748954086,1.012388,0.04093261,1.131900661926611
1150.447228596384,1.0647246,0.041783165,1.130867703418077
1150.4571822973596,1.0401764,0.04167573,1.1298196612989422
1150.4671359983352,1.087297,0.04250032,1.1287557435950355
1150.4770896993107,1.1423162,0.042898167,1.1276698611541303
1150.4870434002862,1.1063929,0.04133469,1.1265665464148042
1150.4969971012617,1.1594552,0.041015983,1.1254573561585177
1150.5069508022373,1.0667822,0.039367124,1.1243574324994838
1150.5169045032128,1.0994942,0.039946496,1.1232780097063992
1150.5268582041883,1.1370901,0.040593125,1.1222197717356648
1150.5368119051639,1.1602868,0.040991344,1.1211803812149865
1150.5467656061394,1.1243354,0.04036878,1.1201577987559146
1150.556719307115,1.2015487,0.041684937,1.1191475252725935
1150.5666730080904,1.1157963,0.040218074,1.1181522223150129
1150.576626709066,1.0879303,0.03972406,1.1171847480045625
1150.5865804100415,1.0946817,0.039838023,1.1162603679209309
1150.596534111017,1.0114115,0.03834275,1.115395893991472
1150.6064878119926,1.1604202,0.040973373,1.1146158596146083
1150.616441512968,1.1853664,0.04139373,1.113944365925572
1150.6263952139436,1.0705496,0.039404545,1.113380351778793
1150.6363489149192,1.0607666,0.039226793,1.1129280084682154
1150.6463026158947,1.1006079,0.039926216,1.1126055468817544
1150.6562563168702,1.148789,0.040758662,1.1123866373156124
1150.6662100178457,1.0989074,0.039892405,1.1122593295190015
1150.6761637188213,1.1360531,0.040538397,1.112214082630998
1150.6861174197968,1.0973601,0.03986104,1.1122255870076183
1150.6960711207723,1.1372166,0.04054952,1.1122718954066166
1150.7060248217479,1.0363243,0.038767464,1.1123432547019765
1150.7159785227234,1.0939757,0.039790448,1.1124395086894412
1150.725932223699,1.0277381,0.038607053,1.112564338296504
1150.7358859246744,1.1418469,0.040619027,1.1127308227742145
1150.74583962565,1.1074969,0.040021565,1.1129694734370101
1150.7557933266255,1.0727557,0.039410807,1.1132966643454918
1150.765747027601,1.2120136,0.041795928,1.1137305336241654
1150.7757007285766,1.1541996,0.04081441,1.114294476188755
1150.785654429552,1.1163678,0.04016501,1.1149818121249724
1150.7956081305276,1.1508896,0.04075598,1.1157537480528317
1150.8055618315032,1.1259035,0.040323015,1.116575762703008
1150.8155155324787,1.1174735,0.040174834,1.1174149489660161
1150.8254692334542,1.1159272,0.04014542,1.1182461738215324
1150.8354229344297,1.0923661,0.039732933,1.1190578324287217
1150.8453766354053,1.0963365,0.03979841,1.1198378821872415
1150.8553303363808,1.0768943,0.039451107,1.1205840986093034
1150.8652840373563,1.1317177,0.040407296,1.1212969023922392
1150.8752377383319,1.1069977,0.03997199,1.1219742210231058
1150.8851914393074,1.1053107,0.03994032,1.122612604332312
1150.895145140283,1.1243912,0.04026978,1.1232101514207709
1150.9050988412585,1.0651346,0.039229948,1.1237567924767966
1150.915052542234,1.1585381,0.040851448,1.1242301745665426
1150.9250062432095,1.1144068,0.040093742,1.1246407395828577
1150.934959944185,1.0729909,0.0393644,1.1249984186220772
1150.9449136451606,1.1225722,0.04022233,1.1253142751861551
1150.954867346136,1.1867744,0.04131972,1.1256042575848137
1150.9648210471116,1.1678334,0.040992368,1.1258765502021906
1150.9747747480872,1.0641123,0.03919268,1.1261297358085987
1150.9847284490627,1.1491878,0.040672086,1.126354061989295
1150.9946821500382,1.0818431,0.039499417,1.1265428498442058
1151.0046358510137,1.0966865,0.03975612,1.1266881285561718
1151.0145895519893,1.1789825,0.04116721,1.1267805785766372
1151.0245432529648,1.2035967,0.04158397,1.1268347365162734
1151.0344969539403,1.1089863,0.039962575,1.1268678742918081
1151.0444506549159,1.1688873,0.040989745,1.1269037060054132
1151.0544043558914,1.1414077,0.04051902,1.1269702963234915
1151.064358056867,1.1673615,0.040958382,1.1270871263122222
1151.0743117578425,1.1851315,0.041252155,1.1272716383013848
1151.084265458818,1.1711738,0.041010346,1.1275463069849216
1151.0942191597935,1.1721185,0.041028947,1.1279006604071586
1151.104172860769,1.136381,0.04041626,1.128326603998604
1151.1141265617446,1.2160085,0.041755125,1.1288080525222735
1151.12408026272,1.1073425,0.03990512,1.1293040388259659
1151.1340339636956,1.1934865,0.041372694,1.1297761137844007
1151.1439876646712,1.1317556,0.040319353,1.130183507517777
1151.1539413656467,1.117749,0.04007667,1.13048791123133
1151.1638950666222,1.1517633,0.040658273,1.130680626139416
1151.1738487675977,1.1256454,0.040209256,1.1307556822943787
1151.1838024685733,1.1667795,0.04090743,1.1307000781176149
1151.1937561695488,1.1776227,0.04108526,1.1305529605340943
1151.2037098705243,1.1456579,0.040544275,1.1303395289321965
1151.2136635714999,1.1238449,0.04016509,1.1300860268197979
1151.2236172724754,1.167402,0.04090962,1.129822788045918
1151.233570973451,1.1714581,0.04097309,1.1295697304916363
1151.2435246744265,1.1247087,0.040171504,1.129340122648741
1151.253478375402,1.0917124,0.03959315,1.1291437054050528
1151.2634320763775,1.0077204,0.03809568,1.1289779271258624
1151.273385777353,1.1871835,0.041222528,1.1288419198450965
1151.2833394783286,1.1281979,0.040216323,1.1287385058005692
1151.293293179304,1.0964162,0.039663963,1.1286630809236606
1151.3032468802796,1.1536995,0.04065005,1.1286148607745061
1151.3132005812552,1.0770797,0.039319742,1.1285962341894948
1151.323154282231,1.0959909,0.039647643,1.1286052221634058
1151.3331079832064,1.0328254,0.038524464,1.1286332671492503
1151.343061684182,1.1446426,0.040488467,1.1286704114540471
1151.3530153851575,1.0916163,0.03956213,1.1287003076586435
1151.362969086133,1.037797,0.038610995,1.128708659096409
1151.3729227871086,1.0405391,0.03865027,1.1286858684269647
1151.382876488084,1.0538304,0.03888902,1.128623572300918
1151.3928301890596,0.98413795,0.037621934,1.1285283395820913
1151.4027838900352,1.0862637,0.039456762,1.12840984808386
1151.4127375910107,0.98788685,0.037687354,1.1282761156259067
1151.4226912919862,0.95900124,0.037143745,1.1281332611813977
1151.4326449929617,0.9627656,0.03721007,1.127981772734258
1151.4425986939373,1.0075719,0.03803605,1.12781215032597
1151.4525523949128,0.95309633,0.037026357,1.1275926347631904
1151.4625060958883,0.8927287,0.03587496,1.127294542684462
1151.4724597968639,0.92929715,0.036574643,1.1268853921591306
1151.4824134978394,0.9402133,0.03677341,1.126326295369356
1151.492367198815,0.8649045,0.03532321,1.1256137193471831
1151.5023208997904,0.897462,0.035956986,1.1247654529722624
1151.512274600766,0.8810694,0.035635374,1.1237869137634011
1151.5222283017415,0.898527,0.03597212,1.1226746157923562
1151.532182002717,0.8344288,0.034711044,1.1214556839139074
1151.5421357036926,0.87232095,0.035457373,1.1201407459676684
1151.552089404668,0.8572882,0.03516148,1.1187331002069092
1151.5620431056436,0.77120894,0.033416536,1.117261776099394
1151.5719968066192,0.8118793,0.03424453,1.115749408655004
1151.5819505075947,0.77770376,0.033542316,1.1142178956954187
1151.5919042085702,0.7693047,0.033370733,1.112690455397924
1151.6018579095457,0.85659575,0.035130538,1.1111778446756106
1151.6118116105213,0.7829523,0.033642408,1.1096800693472113
1151.6217653114968,0.8167515,0.034330048,1.108194261321649
1151.6317190124723,0.816601,0.03432831,1.106720236091057
1151.6416727134479,0.894381,0.03585592,1.1052688694934947
1151.6516264144234,0.90366685,0.03603849,1.1038635800557524
1151.661580115399,0.88731205,0.03572329,1.1025216764228274
1151.6715338163744,0.9596162,0.037087962,1.1012517731258402
1151.68148751735,0.89263976,0.035817046,1.100063544520221
1151.6914412183255,0.9427568,0.03676802,1.0989651681372479
1151.701394919301,0.9918022,0.037675235,1.097946504197303
1151.7113486202766,0.9209084,0.03635196,1.097010390558316
1151.721302321252,1.0228233,0.03822994,1.096180199665999
1151.7312560222276,1.0486763,0.0386874,1.0954569458305152
1151.7412097232032,1.039048,0.038512833,1.0948538492455369
1151.7511634241787,1.0591164,0.038873173,1.094397725371015
1151.7611171251542,1.0837809,0.03930322,1.094097383151238
1151.7710708261297,1.0808537,0.03924804,1.0939410371364522
1151.7810245271053,1.01664,0.03810327,1.0939279068105787
1151.7909782280808,1.0763528,0.039167132,1.0940695156707776
1151.8009319290563,1.0845063,0.039306343,1.094338022227621
1151.8108856300319,1.0517782,0.038724404,1.094730662362462
1151.8208393310074,1.1343722,0.040162962,1.0952655150924056
1151.830793031983,1.110005,0.039739884,1.0959369874136282
1151.8407467329585,1.1302221,0.04008129,1.0967467969195386
1151.850700433934,1.1298696,0.040077623,1.0977157848992554
1151.8606541349095,1.1123415,0.039766226,1.0988675576103077
1151.870607835885,1.0846508,0.03928635,1.1001939100565035
1151.8805615368606,1.1879015,0.041043896,1.1016972324529506
1151.890515237836,1.1606582,0.040587626,1.1033918362126993
1151.9004689388116,1.1713389,0.040763356,1.1052148439087546
1151.9104226397872,1.1208967,0.039903145,1.1071249955006102
1151.9203763407627,1.1669091,0.040684797,1.1090864898900312
1151.9303300417382,1.1410928,0.040242758,1.1110626881193213
1151.9402837427137,1.1598603,0.040556807,1.1130265011712366
1151.9502374436893,1.2288644,0.041702095,1.1149517677066783
1151.9601911446648,1.117536,0.039831568,1.1168007171257823
1151.9701448456403,1.1594093,0.040537566,1.118554875864163
1151.9800985466159,1.2024554,0.041258324,1.1201927908100986
1151.9900522475914,1.1619596,0.04057529,1.121679658448333
1152.000005948567,1.1736057,0.040774256,1.1230273496049858
1152.0099596495425,1.2564709,0.042133413,1.1242519199899426
1152.019913350518,1.0962886,0.03944496,1.1253698250291937
1152.0298670514935,1.1027114,0.039547015,1.1264100592874207
1152.039820752469,1.1187229,0.039822467,1.1274006182823406
1152.0497744534446,1.1199759,0.03984392,1.128347828812197
1152.05972815442,1.0915815,0.039344486,1.129239882120433
1152.0696818553956,1.1222461,0.03987609,1.1300753189626427
1152.0796355563712,1.1088271,0.039638348,1.130841058818709
1152.0895892573467,1.1070493,0.039608937,1.1315030589424109
1152.0995429583222,1.149113,0.04032169,1.1320268552726154
1152.1094966592977,1.1759756,0.040769637,1.1323726614390197
1152.1194503602733,1.1771756,0.040787034,1.132474013974622
1152.1294040612488,1.1362193,0.040100623,1.1322475748494862
1152.1393577622243,1.0889025,0.039277527,1.1317020690444266
1152.1493114631999,1.0696775,0.03893556,1.1308392201460766
1152.1592651641754,1.1640812,0.04056006,1.1296563668631494
1152.169218865151,1.1005837,0.0394691,1.1282660633272508
1152.1791725661265,1.1516668,0.040340684,1.126754838772393
1152.189126267102,1.098891,0.039435413,1.1251995425499077
1152.1990799680775,1.1581234,0.040444296,1.1236698510878156
1152.209033669053,1.149975,0.040299993,1.1222021771983466
1152.2189873700286,1.1997693,0.041131727,1.1208141887809977
1152.228941071004,1.1658897,0.040563777,1.1195250047453573
1152.2388947719796,1.1560904,0.040400982,1.1183212378010146
1152.2488484729552,1.0305058,0.038204778,1.1172029641206087
1152.2588021739307,1.1365724,0.04005935,1.1161813278806654
1152.2687558749062,1.085417,0.0391754,1.1152502547725565
1152.2787095758817,1.1297675,0.03993616,1.114403863192026
1152.2886632768573,1.079829,0.03906601,1.1136448171253037
1152.2986169778328,1.1428572,0.04014691,1.1129763087928581
1152.3085706788083,1.1036276,0.039470606,1.1123849207261167
1152.3185243797839,1.0817012,0.039096195,1.111868359777247
1152.3284780807594,1.0843858,0.039137576,1.111437262476962
1152.338431781735,1.0869951,0.03918005,1.111080214249707
1152.3483854827107,1.0933813,0.03929574,1.1107963205853477
1152.3583391836862,1.1730512,0.0406448,1.1105931600603296
1152.3682928846617,1.1433451,0.04014105,1.1104698354187734
1152.3782465856373,1.1350353,0.039992493,1.1104165099672525
1152.3882002866128,1.0956266,0.03931864,1.1104275774091623
1152.3981539875883,1.1008834,0.039400116,1.110496962595191
1152.4081076885639,1.1033493,0.039443955,1.1105995133178455
1152.4180613895394,1.1800516,0.040739994,1.1107193694076058
1152.428015090515,1.0978215,0.039338227,1.1108438437529284
1152.4379687914904,1.1431967,0.040115353,1.1109689155714775
1152.447922492466,1.0812411,0.039049618,1.1111033419670409
1152.4578761934415,1.1201488,0.039717805,1.1112701442682713
1152.467829894417,1.0365089,0.03825317,1.1115065714226435
1152.4777835953926,1.145223,0.040141318,1.1118388178038747
1152.487737296368,1.1293733,0.039860982,1.112295021158002
1152.4976909973436,1.2190697,0.041358586,1.1129276873624279
1152.5076446983192,1.1195294,0.039692782,1.1137307475065419
1152.5175983992947,1.0870067,0.039127067,1.1147069662019937
1152.5275521002702,1.108414,0.03948529,1.115861443955181
1152.5375058012457,1.1079377,0.03948312,1.1171565883840815
1152.5474595022213,1.0515382,0.0384913,1.1185270688892042
1152.5574132031968,1.117006,0.039631724,1.1199022978771926
1152.5673669041723,1.1305414,0.039859664,1.1211779107996818
1152.5773206051479,1.153239,0.040244643,1.1222758950856264
1152.5872743061234,1.1033777,0.039391257,1.1231259644851146
1152.597228007099,1.088466,0.039125722,1.1236301423689063
1152.6071817080744,1.0223106,0.037958946,1.1237931162018464
1152.61713540905,1.0449722,0.038349442,1.1236424934869502
1152.6270891100255,1.0432208,0.038329184,1.1231989077916205
1152.637042811001,1.0071712,0.037668668,1.1225050072213785
1152.6469965119766,0.9757955,0.037097313,1.1216325654161725
1152.656950212952,0.9567696,0.03674569,1.1206131856364208
1152.6669039139276,1.0143259,0.037793294,1.1194556909574196
1152.6768576149032,0.90562433,0.035782944,1.1182074863897984
1152.6868113158787,0.9618156,0.03682398,1.1168945178204384
1152.6967650168542,0.9871123,0.037286814,1.1155463280441402
1152.7067187178297,0.98961735,0.03733516,1.1142063350760614
1152.7166724188053,0.93733853,0.036360014,1.1129136912166566
1152.7266261197808,0.90874726,0.035826325,1.1117038772372814
1152.7365798207563,0.89516336,0.03556536,1.110612864362949
1152.7465335217319,0.89911354,0.035630915,1.109632786347252
1152.7564872227074,0.9350928,0.036310084,1.108763326815057
1152.766440923683,0.8386168,0.03445026,1.1080189737902284
1152.7763946246585,0.85165,0.034702703,1.1073908907726406
1152.786348325634,0.8394414,0.034462947,1.1068789165464303
1152.7963020266095,0.85938674,0.034854196,1.1064967681344495
1152.806255727585,0.7789647,0.03324432,1.1062544345080032
1152.8162094285606,0.87509745,0.03522355,1.1061361651615518
1152.826163129536,0.8390482,0.035175793,1.1061340881334112
1152.8361168305116,0.8507658,0.03584333,1.1062460887960859
1152.8460705314872,0.7333598,0.03329904,1.1064247182843334
1152.8560242324627,0.7776155,0.0348009,1.1066367488585658
1152.8659779334382,0.78688836,0.03530275,1.1068458948338118
1152.8759316344137,0.7544002,0.03483073,1.1070211807931924
1152.8858853353893,0.8138156,0.036533576,1.1071525768994634
1152.8958390363648,0.80103505,0.0362769,1.1072436666755205
1152.9057927373403,0.8232347,0.038464766,1.107314382915914
1152.9157464383159,0.88486594,0.04126017,1.1073980337024525
1152.9257001392914,0.8544297,0.04185683,1.1075236875034387
1152.935653840267,0.87449515,0.043272115,1.107731960683638
1152.9456075412425,0.9741193,0.045669977,1.108040767523145
1152.955561242218,0.9813146,0.04460425,1.1084606057211024
1152.9655149431935,1.0023054,0.045051966,1.1090077014993187
1152.975468644169,0.98299736,0.044895798,1.1096916264535674
1152.9854223451446,0.9620168,0.044024013,1.110498530122133
1152.99537604612,1.0312699,0.04491061,1.1114254762156068
1153.0053297470956,0.9698482,0.044381432,1.1124809487575347
1153.0152834480712,0.9573785,0.044663697,1.113619809910522
1153.0252371490467,1.0009758,0.045614745,1.1148010992527528
1153.0351908500222,1.0096334,0.047343966,1.1159613976791412
1153.0451445509977,0.998155,0.045503996,1.117028345797393
1153.0550982519733,1.038517,0.046345063,1.117956414845907
1153.0650519529488,1.0032371,0.045688152,1.1187109674343838
1153.0750056539243,1.0168738,0.04586598,1.1192603835006532
1153.0849593548999,1.021141,0.04532922,1.1196387426723708
1153.0949130558754,1.0515772,0.0456507,1.119859214139553
1153.104866756851,1.008011,0.04442942,1.1199143298727514
1153.1148204578265,0.88709706,0.041031312,1.1198229588341801
1153.124774158802,1.0064464,0.043865334,1.1195872335822377
1153.1347278597775,1.009174,0.043951355,1.119191319885418
1153.144681560753,0.9097699,0.042576488,1.1186291731192575
1153.1546352617286,0.97813874,0.044760928,1.1179314731041035
1153.164588962704,0.9339208,0.04434269,1.1171154111069899
1153.1745426636796,1.0571895,0.048840787,1.116173789982986
1153.1844963646552,0.96894264,0.04790567,1.115116466270493
1153.1944500656307,1.0395727,0.048402738,1.1139115668435375
1153.2044037666062,0.96608686,0.04589668,1.1124775115940828
1153.2143574675817,0.89012444,0.04318154,1.1107423669696967
1153.2243111685573,0.8458024,0.04147883,1.108670330390829
1153.2342648695328,0.85591674,0.04180499,1.1062185238766844
1153.2442185705083,0.8655895,0.041401453,1.1033381459203864
1153.254172271484,0.86831826,0.04200259,1.100116267382246
1153.2641259724596,0.84484714,0.041230526,1.0966022357843934
1153.2740796734352,0.81744635,0.040570367,1.0928427554279039
1153.2840333744107,0.8480198,0.0399403,1.0889558788926257
1153.2939870753862,0.7042229,0.036499098,1.0850412668257743
1153.3039407763617,0.7807644,0.03738691,1.0811944674480225
1153.3138944773373,0.70595765,0.034263503,1.077508988402222
1153.3238481783128,0.72011113,0.033855572,1.074022702017981
1153.3338018792883,0.779536,0.035450984,1.070762246468214
1153.3437555802639,0.63631016,0.03301214,1.0677762856165178
1153.3537092812394,0.66485566,0.033415552,1.065024642462535
1153.363662982215,0.71016324,0.034222864,1.0625071173181053
1153.3736166831904,0.6799466,0.03389002,1.0602590124077405
1153.383570384166,0.6478468,0.031484358,1.0582965123760335
1153.3935240851415,0.72917575,0.032040134,1.056615954950962
1153.403477786117,0.6641698,0.030630223,1.0552361576492906
1153.4134314870926,0.66912156,0.030740678,1.054194341600428
1153.423385188068,0.6663288,0.03068534,1.0534194839737816
1153.4333388890436,0.7631852,0.03274562,1.0528640336975235
1153.4432925900192,0.7196303,0.031827085,1.0524591651319517
1153.4532462909947,0.7896855,0.033269197,1.0520685839317487
1153.4631999919702,0.7814671,0.03311216,1.0515596143106594
1153.4731536929457,0.8042271,0.033562895,1.0507833264643316
1153.4831073939213,0.7628675,0.032720067,1.0495901246860535
1153.4930610948968,0.79194915,0.03331145,1.047960155369173
1153.5030147958723,0.7865358,0.03319898,1.0458929631381086
1153.5129684968479,0.8871845,0.03516726,1.0433997813186187
1153.5229221978234,0.89501745,0.035325903,1.0406797039453228
1153.532875898799,0.8937038,0.035303418,1.0379015503176583
1153.5428295997744,0.9334877,0.03603695,1.0352678583803105
1153.55278330075,0.9279203,0.035931006,1.0329751161384548
1153.5627370017255,1.06168,0.038334966,1.0311262444450735
1153.572690702701,0.93435866,0.036053907,1.0298022503562092
1153.5826444036766,0.98329663,0.036942754,1.0291088385154588
1153.592598104652,1.0282304,0.037737016,1.028936760125942
1153.6025518056276,1.0042427,0.037306372,1.029246645123695
1153.6125055066032,0.9538479,0.036378082,1.0300373157140523
1153.6224592075787,1.0512158,0.038136467,1.031215076762223
1153.6324129085542,0.95896673,0.036474932,1.032692248064226
1153.6423666095297,0.92681664,0.035879653,1.0343975745353884
1153.6523203105053,0.9847635,0.036942642,1.036229535567149
1153.6622740114808,1.0152191,0.037492473,1.0380634153931816
1153.6722277124563,1.0537206,0.038153052,1.0398088723806638
1153.6821814134319,1.0651891,0.038353175,1.0413540249615276
1153.6921351144074,1.0584944,0.03823782,1.0426630073666787
1153.702088815383,1.0636252,0.038325932,1.0437194964534315
1153.7120425163585,1.0463241,0.03802206,1.0445139874667648
1153.721996217334,1.0844603,0.03868349,1.0450921986024848
1153.7319499183095,1.032792,0.037787333,1.0455394899160535
1153.741903619285,1.0142611,0.037458494,1.0459234680869456
1153.7518573202606,1.0338633,0.037802797,1.0463238149150889
1153.761811021236,1.0748613,0.038506977,1.0468083954060545
1153.7717647222116,1.0720552,0.03844585,1.0474258664242462
1153.7817184231872,1.108484,0.039080843,1.0482344039077494
1153.7916721241627,1.0637193,0.03830917,1.0492561707162942
1153.8016258251382,1.0227017,0.037583634,1.0505008585476432
1153.8115795261137,1.1412547,0.039623912,1.0519998463224387
1153.8215332270893,1.093637,0.038816407,1.053807888841985
1153.8314869280648,1.0671606,0.038349975,1.0559171631702367
1153.8414406290403,1.0707781,0.0384172,1.0583572458376707
1153.8513943300159,1.0852755,0.03865928,1.0612149675093001
1153.8613480309914,1.067981,0.038353655,1.0644701137728554
1153.871301731967,1.0703275,0.038393345,1.0681056943602343
1153.8812554329425,1.1467931,0.039688416,1.0721078390203804
1153.891209133918,1.0807233,0.038566906,1.0763911742240708
1153.9011628348935,1.1238991,0.039305747,1.080798544271075
1153.911116535869,1.0804534,0.03856016,1.0851864372564284
1153.9210702368446,1.1104053,0.039072696,1.0893465031806413
1153.93102393782,1.0919279,0.03876037,1.0931580594398436
1153.9409776387956,1.1050184,0.03897136,1.0965183061842951
1153.9509313397712,1.0297989,0.037658665,1.099309628875715
1153.9608850407467,1.1162449,0.039152615,1.1015398300521153
1153.9708387417222,1.0649803,0.03826533,1.1032949810292902
1153.9807924426977,1.0646199,0.03826352,1.1046457289201423
1153.9907461436733,1.0896348,0.038687143,1.1056699275926976
1154.0006998446488,1.0921458,0.0387263,1.1065146256185825
1154.0106535456243,1.1155615,0.039125472,1.1072507937014766
1154.0206072465999,1.101104,0.038873017,1.1079200885041318
1154.0305609475754,1.0770828,0.038458697,1.1085501399929971
1154.040514648551,1.0874473,0.03863453,1.1091378373485428
1154.0504683495265,1.0833596,0.038559582,1.1096581997650374
1154.060422050502,1.1042624,0.038910154,1.1100789630085353
1154.0703757514775,1.0487468,0.037956882,1.1103913584003993
1154.080329452453,1.1275547,0.039300736,1.1105833790420425
1154.0902831534286,1.1535743,0.039742433,1.110625214754734
1154.100236854404,1.2167759,0.04077136,1.1105337925096372
1154.1101905553796,1.0877807,0.038623177,1.110313686141904
1154.1201442563552,1.1204418,0.03917062,1.1099643998669988
1154.1300979573307,1.069009,0.03828679,1.109511039683051
1154.1400516583062,1.1173396,0.03911537,1.108994600478435
1154.1500053592817,1.0910882,0.038661815,1.108446500274702
1154.1599590602573,1.0486873,0.037928425,1.107895431760301
1154.1699127612328,1.114104,0.039052073,1.1073578811519242
1154.1798664622083,1.0603851,0.03812405,1.1068366522383197
1154.1898201631839,1.0404353,0.037770055,1.106329392679272
1154.1997738641594,1.0192101,0.037393037,1.1058280097100912
1154.209727565135,1.1042308,0.038869835,1.10532515412726
1154.2196812661105,1.030855,0.037592605,1.1048140561546174
1154.229634967086,1.1130829,0.039013386,1.1042861606462195
1154.2395886680615,1.0016824,0.037074298,1.1037365461875381
1154.249542369037,1.0302857,0.03757082,1.1031604144052802
1154.2594960700126,1.0274014,0.03752011,1.1025526248964872
1154.269449770988,0.9775593,0.036622837,1.101922164586907
1154.2794034719639,0.94824296,0.036096483,1.101279742066166
1154.2893571729394,0.9744249,0.036571357,1.1006385660947249
1154.299310873915,0.9469191,0.036058705,1.1000104513039255
1154.3092645748904,0.9399842,0.035929307,1.0993968034898043
1154.319218275866,0.9620652,0.036332745,1.0987933421378182
1154.3291719768415,0.85470945,0.03431396,1.0981921837445046
1154.339125677817,0.9525159,0.036147926,1.09758882611578
1154.3490793787926,0.87655675,0.034729548,1.0969865361164781
1154.359033079768,0.86071765,0.034417335,1.0963949565243163
1154.3689867807436,0.80801404,0.033388633,1.0958259228077964
1154.3789404817192,0.7988176,0.033202104,1.0952898116571785
1154.3888941826947,0.81291866,0.033480205,1.0948004103963194
1154.3988478836702,0.8221188,0.033659182,1.094379795936283
1154.4088015846457,0.8127921,0.03347383,1.0940326523261277
1154.4187552856213,0.83755773,0.033956587,1.0937678448247152
1154.4287089865968,0.8296316,0.033798125,1.0935966139725664
1154.4386626875723,0.7524399,0.03224226,1.0934978781568363
1154.4486163885479,0.7166651,0.03150158,1.0934486245151689
1154.4585700895234,0.742852,0.032041814,1.0934324685970396
1154.468523790499,0.7831794,0.03286699,1.0934407228802643
1154.4784774914745,0.79750144,0.033151556,1.0934707896518505
1154.48843119245,0.79617476,0.033114843,1.0935265900104052
1154.4983848934255,0.82719225,0.033734523,1.0936130845325869
1154.508338594401,0.80250925,0.033244368,1.0937155268795378
1154.5182922953766,0.8297348,0.03377883,1.0938118383914643
1154.528245996352,0.8753995,0.034653224,1.0938621667776827
1154.5381996973276,0.8819221,0.03477032,1.0938197060190866
1154.5481533983032,0.8855681,0.034839954,1.0936592781479622
1154.5581070992787,0.88544464,0.03483842,1.0933680667380234
1154.5680608002542,0.9009988,0.035126694,1.0929418566522344
1154.5780145012297,0.8825997,0.03477788,1.092429299835067
1154.5879682022053,0.9125041,0.035334893,1.0918557158726037
1154.5979219031808,0.91758853,0.035423327,1.0912411757013172
1154.6078756041563,1.0244343,0.03735493,1.0906119284093663
1154.6178293051319,1.0178899,0.037237898,1.0899909114904407
1154.6277830061074,0.9669972,0.03632474,1.0894014780942693
1154.637736707083,0.96791226,0.036341242,1.0888729843449645
1154.6476904080585,1.013408,0.037155457,1.0884157215463897
1154.657644109034,1.053859,0.037858825,1.0880339890737447
1154.6675978100095,1.0316398,0.037464064,1.0877210109387863
1154.677551510985,1.1317457,0.039170187,1.0874364207988112
1154.6875052119606,1.0104085,0.03708296,1.0871464624908935
1154.697458912936,1.0896829,0.038453706,1.0868267796700688
1154.7074126139116,1.1181839,0.03893431,1.0864703967381089
1154.7173663148872,1.0074012,0.037020143,1.0860922500938266
1154.7273200158627,1.043492,0.0376554,1.0857108554628117
1154.7372737168382,1.0408951,0.037608188,1.085349828189838
1154.7472274178137,1.1370978,0.039239727,1.085019495198782
1154.7571811187893,1.2034156,0.040328622,1.0847233045985143
1154.7671348197648,1.1005214,0.038625266,1.084466087690846
1154.7770885207403,1.0469338,0.03769727,1.084255151431433
1154.7870422217159,1.138961,0.03925494,1.0841004661597013
1154.7969959226914,1.1141734,0.03883746,1.0840174797951028
1154.806949623667,1.1451385,0.039352007,1.084028627410862
1154.8169033246425,1.1633476,0.039650187,1.0841227961709667
1154.826857025618,1.1460333,0.039366964,1.0842944862683401
1154.8368107265935,1.1759983,0.039850276,1.084540122931241
1154.846764427569,1.0783753,0.03820827,1.0848394423391832
1154.8567181285446,1.0584073,0.037865266,1.0851750723460976
1154.86667182952,1.0465574,0.037659723,1.0855352265449156
1154.8766255304956,1.1308374,0.039094433,1.085910733379613
1154.8865792314712,1.1191723,0.038894556,1.0862972322102127
1154.8965329324467,1.0112593,0.037028998,1.08670085275749
1154.9064866334222,1.1211644,0.03892099,1.0871422655847272
1154.9164403343977,1.0914453,0.038413923,1.0876399458627528
1154.9263940353733,1.1263003,0.03899475,1.0882131486655955
1154.9363477363488,1.1325401,0.039097883,1.0888859677723626
1154.9463014373243,1.1336324,0.039112356,1.0896717574917445
1154.9562551382999,1.0673912,0.037991095,1.090556409367519
1154.9662088392754,1.1163543,0.03882538,1.091525056836118
1154.976162540251,1.1060998,0.038642567,1.092562193921135
1154.9861162412265,1.0889083,0.038350552,1.093631164356879
1154.996069942202,1.1353939,0.039129075,1.094714436395492
1155.0060236431775,1.065184,0.03794262,1.0957971237903537
1155.015977344153,1.1222146,0.03890032,1.0968585048670503
1155.0259310451286,1.0738583,0.0380866,1.0978729966914407
1155.035884746104,1.053099,0.037722558,1.0988054025687466
1155.0458384470796,1.0399432,0.0374871,1.0995953155457463
1155.0557921480552,1.0682492,0.037969798,1.1002198656784825
1155.0657458490307,1.1056037,0.038603917,1.1006484328839483
1155.0756995500062,1.1171861,0.038797613,1.1008346853788982
1155.0856532509817,1.163681,0.03956749,1.1007935252615693
1155.0956069519573,1.1556942,0.03943226,1.100549823225331
1155.1055606529328,1.1503437,0.039344516,1.1001139713565782
1155.1155143539083,1.059707,0.037805784,1.0994990995402105
1155.1254680548839,1.0865486,0.038255926,1.098758536218974
1155.1354217558594,1.1082318,0.038618594,1.0979280360672463
1155.145375456835,1.1079853,0.038617037,1.097045580261879
1155.1553291578105,1.0716968,0.038001277,1.0961594324967747
1155.165282858786,1.1130214,0.038698275,1.095295491526664
1155.1752365597615,1.1361984,0.03907591,1.094467725048665
1155.1851902607373,1.091915,0.038333245,1.0936753648434534
1155.1951439617128,1.0297391,0.03726145,1.0929048462458424
1155.2050976626883,1.142088,0.039161112,1.0921443432841866
1155.2150513636639,1.0979023,0.038425263,1.0913828829418692
1155.2250050646394,1.0278908,0.037221596,1.0906142208490093
1155.234958765615,1.1052133,0.038545344,1.089837188551842
1155.2449124665904,1.1064657,0.03856082,1.08905492664083
1155.254866167566,1.1295611,0.03894147,1.0882760274255767
1155.2648198685415,1.1099808,0.03860821,1.08751019880526
1155.274773569517,1.0891175,0.038251165,1.0867680231486676
1155.2847272704926,1.0888903,0.038248062,1.0860672870962094
1155.294680971468,1.0449177,0.037489098,1.0854179109069886
1155.3046346724436,1.1323638,0.03897398,1.0848359603501394
1155.3145883734192,1.0434378,0.037457675,1.084351611055836
1155.3245420743947,1.073924,0.037986744,1.08397785648308
1155.3344957753702,1.0430379,0.037445653,1.0837217809544752
1155.3444494763457,1.0505894,0.03756669,1.0835972556674833
1155.3544031773213,1.0669216,0.037849378,1.0836185587612217
1155.3643568782968,1.0281433,0.03717909,1.0837665032041592
1155.3743105792723,1.0693285,0.037888333,1.0840373181581229
1155.3842642802479,1.0409085,0.037385564,1.084443528624037
1155.3942179812234,1.1242641,0.038799763,1.0849648043440319
1155.404171682199,1.1281234,0.038866863,1.0855918376884361
1155.4141253831745,1.0300318,0.03718866,1.0863243400216516
1155.42407908415,1.0811795,0.038073763,1.0871540019529957
1155.4340327851255,1.1276168,0.038850103,1.0880592157743985
1155.443986486101,1.1094276,0.038544435,1.0890289157996484
1155.4539401870766,1.0861561,0.038149085,1.0900526022079169
1155.463893888052,1.1039363,0.03844248,1.0910929185961709
1155.4738475890276,1.090837,0.03821941,1.0921150670188458
1155.4838012900032,1.112591,0.038585126,1.0930692703941027
1155.4937549909787,1.147212,0.039151862,1.0939067847480377
1155.5037086919542,1.1509374,0.039206993,1.094599797033294
1155.5136623929297,1.1390202,0.039011523,1.0951209533367434
1155.5236160939053,1.1015686,0.03838869,1.0954308434001594
1155.5335697948808,1.1079767,0.038484875,1.0955625179624888
1155.5435234958563,1.1589686,0.039332338,1.0955275802741888
1155.5534771968319,1.1590903,0.039328378,1.0953241827769276
1155.5634308978074,1.0713794,0.037858568,1.0949786255426197
1155.573384598783,1.1277679,0.038801894,1.094516283311597
1155.5833382997585,1.0760586,0.037931677,1.0939578329338828
1155.593292000734,1.029727,0.03712428,1.0933357075014796
1155.6032457017095,1.1463073,0.039096642,1.0926993097094515
1155.613199402685,1.1513466,0.039180975,1.092085356537591
1155.6231531036606,1.0845408,0.038062204,1.0915420824559712
1155.633106804636,1.0842148,0.038055617,1.0910987518452688
1155.6430605056116,1.0879455,0.038117792,1.0907748285358143
1155.6530142065872,1.0584599,0.037603397,1.0905888036289013
1155.6629679075627,1.0721977,0.03783299,1.0905405161126756
1155.6729216085382,1.1001849,0.038306892,1.09059552315268
1155.6828753095137,1.0449967,0.037362568,1.0907292231909187
1155.6928290104893,1.0973302,0.03824977,1.090921798527587
1155.7027827114648,1.1355479,0.038893294,1.0911409333456925
1155.7127364124403,1.0830932,0.03800206,1.0913702126954226
1155.7226901134159,1.0379152,0.037218858,1.091600737918574
1155.7326438143914,1.0413271,0.03727563,1.0918331927729894
1155.742597515367,1.0987774,0.038262792,1.0920766151397183
1155.7525512163425,1.1027871,0.03832463,1.0923448505828488
1155.762504917318,1.0872962,0.03805957,1.0926605801380602
1155.7724586182935,1.047177,0.037377875,1.093027595965813
1155.782412319269,1.0689374,0.037745457,1.093447475819291
1155.7923660202446,1.0163009,0.036830574,1.0939170196190884
1155.80231972122,1.0594991,0.03757644,1.0944154893611029
1155.8122734221956,1.0184958,0.036864724,1.0949199373024108
1155.8222271231712,1.0606325,0.037583336,1.0954141866663498
1155.8321808241467,1.0629075,0.03762433,1.0958925815264975
1155.8421345251222,1.0820307,0.03794597,1.0963648356453388
1155.8520882260977,1.0460806,0.03732582,1.0968386229239957
1155.8620419270733,1.0828484,0.037951823,1.0973155751097028
1155.8719956280488,1.0598164,0.037555818,1.0977898227097367
1155.8819493290243,1.1017641,0.038265996,1.0982530401633515
1155.8919030299999,1.00833,0.0366594,1.098691915770194
1155.9018567309754,1.0374117,0.03716557,1.0990867523091497
1155.911810431951,1.1076765,0.038360726,1.0994280832238508
1155.9217641329265,1.0962213,0.038156345,1.0997072650932123
1155.931717833902,1.0408545,0.037210975,1.0999082473645991
1155.9416715348775,1.0573164,0.037488654,1.1000390250173306
1155.951625235853,1.1323199,0.03875774,1.1001041747590938
1155.9615789368286,1.1083761,0.03835072,1.1001058161887864
1155.971532637804,1.1118393,0.038406514,1.100055660497087
1155.9814863387796,1.1883097,0.03965865,1.0999731288947892
1155.9914400397552,1.020985,0.036852412,1.099867238792298
1156.0013937407307,1.099792,0.038192403,1.0997336020833643
1156.0113474417062,0.9847146,0.036206152,1.0995671119826067
1156.0213011426818,1.0648085,0.037593696,1.0993576335572155
1156.0312548436573,1.0851655,0.03794272,1.0990939569796478
1156.0412085446328,1.0801674,0.037846133,1.0987782195801432
1156.0511622456083,1.1141598,0.0384159,1.0984237435931095
1156.0611159465839,1.1357683,0.03877087,1.0980466238640116
1156.0710696475594,1.0541098,0.037390403,1.09767270991859
1156.081023348535,1.1096784,0.038334887,1.097328013291234
1156.0909770495105,1.0691203,0.037643183,1.0970332347395089
1156.100930750486,1.030581,0.03697401,1.096813939942649
1156.1108844514615,1.0429972,0.037186,1.09667744246989
1156.120838152437,1.0835623,0.037878748,1.096622319002019
1156.1307918534126,1.0783907,0.037790783,1.0966502292970872
1156.140745554388,1.0184561,0.03675576,1.0967622862052515
1156.1506992553636,1.0232902,0.036834896,1.0969362097981417
1156.1606529563392,1.0676004,0.037600372,1.097155832942677
1156.1706066573147,1.0715076,0.03766139,1.0973984858997783
1156.1805603582902,1.0674804,0.03758779,1.097629712958371
1156.1905140592658,1.0736766,0.03768204,1.0978202874570733
1156.2004677602413,1.0199276,0.036754556,1.0979424336947965
1156.210421461217,1.0895742,0.037952002,1.0979802801408547
1156.2203751621926,1.0615516,0.037477855,1.0979501336108974
1156.230328863168,1.0514013,0.03729601,1.0978721536798324
1156.2402825641436,1.1338009,0.038677208,1.0977711427888628
1156.2502362651192,1.0815893,0.037802078,1.0976734890934496
1156.2601899660947,1.0241544,0.03681356,1.0975929408825158
1156.2701436670702,1.0949337,0.038020752,1.0975382824985584
1156.2800973680457,1.0670775,0.03754938,1.0975065106614939
1156.2900510690213,1.0440297,0.03714591,1.0974778908645615
1156.3000047699968,1.0461409,0.037181854,1.0974227698370007
1156.3099584709723,1.0294632,0.036894325,1.0972835521129878
1156.3199121719479,1.1501495,0.03891819,1.0970255648696616
1156.3298658729234,1.0827166,0.03779583,1.0966146247181707
1156.339819573899,1.0761728,0.037681006,1.0960148343886642
1156.3497732748745,1.0430552,0.037111435,1.0952397409823487
1156.35972697585,1.0122339,0.036580756,1.0943370807972346
1156.3696806768255,1.0464102,0.037163652,1.0933507615222613
1156.379634377801,1.0766692,0.037677158,1.0923234207453079
1156.3895880787766,1.085498,0.03781842,1.091287127611871
1156.399541779752,1.1713547,0.039237548,1.090243456898109
1156.4094954807276,1.082799,0.037771527,1.0891773799329139
1156.4194491817032,1.1673715,0.039168004,1.0880705432265378
1156.4294028826787,1.1253657,0.038481884,1.0869087807411435
1156.4393565836542,1.0873283,0.03783623,1.0856785851623254
1156.4493102846297,1.0642546,0.037441067,1.0843688868747594
1156.4592639856053,1.1461924,0.038810506,1.0829945591225463
1156.4692176865808,1.0892817,0.03786431,1.0815668730960228
1156.4791713875563,1.0980015,0.038003445,1.0800993893741468
1156.4891250885319,1.0217319,0.036705572,1.078619061700547
1156.4990787895074,1.0988263,0.03800692,1.0771488095488397
1156.509032490483,1.0338919,0.036905088,1.0757137984904552
1156.5189861914585,1.1578364,0.038980454,1.0743429216981268
1156.528939892434,1.1275271,0.038480826,1.0730504704732513
1156.5388935934095,1.103354,0.038074516,1.07185362304333
1156.548847294385,1.0904528,0.03785308,1.0707898154572275
1156.5588009953606,1.1331704,0.038561184,1.069863737715782
1156.568754696336,1.0837388,0.037736155,1.0690931426537285
1156.5787083973116,1.0861053,0.037770797,1.0685164940220662
1156.5886620982872,1.0415494,0.037015945,1.0681663485431732
1156.5986157992627,1.1299257,0.038493235,1.068039602889399
1156.6085695002382,1.0628779,0.037369106,1.0681390539505362
1156.6185232012137,1.0763701,0.037593313,1.0684818325562278
1156.6284769021893,1.0547913,0.037220176,1.0689881328963722
1156.6384306031648,1.0507064,0.03715098,1.0696069053576593
1156.6483843041403,1.1313636,0.038497873,1.0702867765672721
1156.6583380051159,1.1250204,0.03838868,1.0709760765491156
1156.6682917060914,1.0894061,0.037799507,1.071651411927952
1156.678245407067,1.1587088,0.038941003,1.072314855193062
1156.6881991080425,1.041427,0.036973704,1.072995695661001
1156.698152809018,1.1520089,0.038818385,1.0737324839697644
1156.7081065099935,1.1126617,0.038177047,1.0745645603210723
1156.718060210969,1.159458,0.038936425,1.0755447316723439
1156.7280139119446,1.1061468,0.03805865,1.076689628261592
1156.73796761292,1.0481755,0.03706935,1.077990920334007
1156.7479213138956,1.0789586,0.037596766,1.0794364997271144
1156.7578750148712,1.1459185,0.038701873,1.0810016996123546
1156.7678287158467,1.0967187,0.037884723,1.0826281458313463
1156.7777824168222,1.2400751,0.04020371,1.0842799016272462
1156.7877361177977,1.128027,0.03839719,1.0859261610349717
1156.7976898187733,1.0848112,0.03767324,1.0875499011175092
1156.8076435197488,1.07563,0.037518214,1.0891468674560125
1156.8175972207243,1.065478,0.037342276,1.0907137647622471
1156.8275509216999,1.1132035,0.038131617,1.0922437201849988
1156.8375046226754,1.11533,0.03817247,1.0937346551341205
1156.847458323651,1.1419165,0.038599987,1.0951822305607455
1156.8574120246265,1.1075873,0.03803746,1.0965767456332234
1156.867365725602,1.142681,0.038607772,1.0979223456567786
1156.8773194265775,1.0908548,0.037750136,1.0992191224723733
1156.887273127553,1.0882627,0.037698414,1.1004609568973753
1156.8972268285286,1.0664471,0.037330765,1.101640757041339
1156.907180529504,1.0851107,0.03764537,1.1027591153243435
1156.9171342304796,1.0575877,0.037174,1.1038099119558569
1156.9270879314552,1.058431,0.037187576,1.1047717088043587
1156.9370416324307,1.0923214,0.03775175,1.1056471255319817
1156.9469953334062,1.1098067,0.038037866,1.1064301771012919
1156.9569490343818,1.0933142,0.03776197,1.1071068660241268
1156.9669027353573,1.1672226,0.0389726,1.1076716982892985
1156.9768564363328,1.0377364,0.036816735,1.1081305707306461
1156.9868101373083,1.081324,0.037554596,1.1084794462066698
1156.9967638382839,1.0712397,0.037380528,1.108696634920287
1157.0067175392594,1.0697558,0.037352566,1.1088045219077003
1157.016671240235,1.1109613,0.038040984,1.1088125366166306
1157.0266249412105,1.1375002,0.03846949,1.1087327088717034
1157.036578642186,1.094459,0.03775294,1.1085975969873185
1157.0465323431615,1.2195898,0.039784156,1.108439356071196
1157.056486044137,1.0604247,0.037175514,1.1082810678764556
1157.0664397451126,1.079997,0.0375028,1.1081433837048786
1157.076393446088,1.0934831,0.037732758,1.1080327411459
1157.0863471470636,1.0348878,0.036727477,1.1079510277051898
1157.0963008480392,1.1370339,0.038438406,1.1078989310797116
1157.1062545490147,1.0843441,0.037568122,1.1078700008617908
1157.1162082499904,1.167142,0.038921304,1.1078589395334517
1157.126161950966,1.1117648,0.038014237,1.1078642140703843
1157.1361156519415,1.0701758,0.037317444,1.107887712276198
1157.146069352917,1.1075683,0.0379403,1.107929262338367
1157.1560230538926,1.0986792,0.03778634,1.1079914554817192
1157.165976754868,1.0434234,0.036850683,1.1080797418663855
1157.1759304558436,1.0491827,0.036948383,1.1081923304603256
1157.1858841568192,1.0842798,0.03753578,1.108325593178007
1157.1958378577947,1.0552151,0.037044518,1.1084732624186646
1157.2057915587702,1.0889721,0.037609827,1.1086211640842722
1157.2157452597457,1.1226505,0.038160417,1.1087507950247175
1157.2256989607213,1.1274208,0.038240578,1.108843735097989
1157.2356526616968,1.1098212,0.037946597,1.1088714012044207
1157.2456063626723,1.0857978,0.03754516,1.1088231005984972
1157.2555600636479,1.0681561,0.037242476,1.1086894633946838
1157.2655137646234,1.1091866,0.037920706,1.1084585641129958
1157.275467465599,1.1327729,0.0383065,1.1081303875838202
1157.2854211665745,1.0612135,0.037119266,1.107728995698386
1157.29537486755,1.1150085,0.038011592,1.1072757873844408
1157.3053285685255,1.1423074,0.038453523,1.1067993599129644
1157.315282269501,1.075893,0.037353396,1.1063383734919157
1157.3252359704766,1.141786,0.03844414,1.1059204409109349
1157.335189671452,1.09198,0.03761481,1.1055714700924888
1157.3451433724276,1.1063939,0.037857406,1.1053021898610924
1157.3550970734032,1.1165098,0.038018093,1.105104009069978
1157.3650507743787,1.1125994,0.037947718,1.1049698499640943
1157.3750044753542,1.14219,0.03843272,1.1048982802505745
1157.3849581763297,1.1809022,0.03905527,1.1048695094226053
1157.3949118773053,1.0822695,0.03743774,1.104876721443472
1157.4048655782808,1.1331062,0.038272712,1.104917836961894
1157.4148192792563,1.0805101,0.037398934,1.1049875029909004
1157.4247729802319,1.1025951,0.037766248,1.1050786592760649
1157.4347266812074,1.115147,0.037967112,1.1051855188845239
1157.444680382183,1.16213,0.03873318,1.1053008802374802
1157.4546340831585,1.0762092,0.037316352,1.1054153662903203
1157.464587784134,1.0584563,0.037011765,1.1055233043553465
1157.4745414851095,1.0967087,0.03765231,1.105620256495264
1157.484495186085,1.1104678,0.037875243,1.105706981109543
1157.4944488870606,1.1215382,0.038051132,1.1057872574141396
1157.504402588036,1.032814,0.036563337,1.105866067252804
1157.5143562890116,1.0898033,0.037525162,1.105951309838381
1157.5243099899872,1.0874064,0.03747841,1.1060493326319105
1157.5342636909627,1.0770622,0.037301615,1.1061657790709982
1157.5442173919382,1.1253692,0.038101714,1.1063087196424306
1157.5541710929137,1.1067529,0.037792828,1.1064799075160547
1157.5641247938893,1.1676332,0.03878054,1.1066793706244342
1157.5740784948648,1.1014329,0.03769905,1.1069073668689853
1157.5840321958403,1.0676379,0.03712958,1.10716042649075
1157.5939858968159,1.0735615,0.037224803,1.1074240738225904
1157.6039395977914,1.1429584,0.03837155,1.1076814665157313
1157.613893298767,1.1232545,0.038046975,1.107904305783423
1157.6238469997425,1.0783095,0.03729515,1.1080700451419936
1157.633800700718,1.0207525,0.03631632,1.108160741252569
1157.6437544016935,1.1075159,0.03777415,1.108154820333918
1157.653708102669,1.0752028,0.037234187,1.1080322357555392
1157.6636618036446,0.99931574,0.035931546,1.1077974166916715
1157.67361550462,1.0272115,0.036417548,1.1074477536631775
1157.6835692055956,1.0833575,0.037359755,1.106969760919133
1157.6935229065712,1.0471206,0.036746077,1.1063908050736841
1157.7034766075467,1.062994,0.03701368,1.1057311173266042
1157.7134303085222,1.0840604,0.037362654,1.1050110715438568
1157.7233840094977,1.0602255,0.03696366,1.1042587983794485
1157.7333377104733,1.0129961,0.036152028,1.1034998742363704
1157.7432914114488,1.0759077,0.037219435,1.1027495758473578
1157.7532451124243,0.9667631,0.03534142,1.102026149577837
1157.7631988133999,1.035811,0.03653136,1.1013391120721334
1157.7731525143754,0.9997975,0.0359091,1.1006978928607856
1157.783106215351,1.0677255,0.037067443,1.1001137826611649
1157.7930599163265,1.0529238,0.036813952,1.0995901527791907
1157.803013617302,1.0265771,0.036364023,1.0991214111497916
1157.8129673182775,0.966989,0.035326894,1.0987062119004793
1157.822921019253,0.9989905,0.03588168,1.098352598604726
1157.8328747202286,0.94541967,0.03494004,1.0980514395906058
1157.842828421204,0.96648127,0.035305887,1.0978044116353576
1157.8527821221796,0.9909033,0.03572944,1.097619986442741
1157.8627358231552,1.003281,0.035940573,1.0975000289088408
1157.8726895241307,0.9868109,0.035653997,1.097441017221842
1157.8826432251062,1.0214032,0.036250073,1.0974431127428292
1157.8925969260818,1.002845,0.03592604,1.0975112315043318
1157.9025506270573,0.9680113,0.035314064,1.097630148709305
1157.9125043280328,1.0060853,0.035975873,1.0977939126346543
1157.9224580290083,0.968823,0.0353232,1.0980008778162629
1157.9324117299839,1.0428585,0.036599576,1.0982445402269874
1157.9423654309594,0.93902105,0.034785815,1.098520657677394
1157.952319131935,1.0385213,0.03652245,1.0988306446007452
1157.9622728329105,1.0105674,0.036036402,1.0991806313741237
1157.972226533886,0.992776,0.035726726,1.0995663572264538
1157.9821802348615,0.9184078,0.034406804,1.0999862924852264
1157.992133935837,1.0270851,0.03631487,1.1004377777695462
1158.0020876368126,0.97022474,0.03532428,1.1009063291617924
1158.012041337788,1.0835679,0.03725954,1.1013742018828616
1158.0219950387636,0.9874197,0.03561703,1.1018193412401556
1158.0319487397392,0.94121945,0.034801636,1.1022079370292466
1158.0419024407147,0.98059326,0.035492945,1.1025180505543113
1158.0518561416902,1.0038867,0.035895243,1.1027274005405634
1158.0618098426658,0.9989561,0.035807155,1.1028039161183731
1158.0717635436413,0.9963046,0.035754863,1.1027555048037085
1158.0817172446168,1.0107769,0.03600549,1.1025953935079986
1158.0916709455923,1.0651522,0.03692478,1.1023275118304103
1158.1016246465679,0.9860163,0.035565548,1.1019488808502829
1158.1115783475434,1.0448532,0.036571927,1.1014702221389288
1158.121532048519,1.0126894,0.036022067,1.1008864407446337
1158.1314857494945,0.9495641,0.03491606,1.100176596857024
1158.1414394504702,0.9678358,0.035237648,1.099356388178345
1158.1513931514457,1.0269384,0.03626047,1.0984424248015956
1158.1613468524213,0.9751864,0.035360858,1.0974526963709783
1158.1713005533968,1.0007365,0.035803527,1.0964146353845035
1158.1812542543723,0.96123034,0.035108924,1.0953611082311694
1158.1912079553479,0.93258005,0.034601234,1.094315995180395
1158.2011616563234,1.0051467,0.035873715,1.0933112114976598
1158.211115357299,0.9897683,0.03560668,1.0923658487609422
1158.2210690582745,0.97574246,0.035677142,1.0914946124620908
1158.23102275925,1.0073104,0.03690455,1.090714243615597
1158.2409764602255,1.0378467,0.03739329,1.0900328745991499
1158.250930161201,0.9767122,0.03647455,1.0894417860496959
1158.2608838621766,1.0525762,0.038390853,1.0889399545682799
1158.270837563152,0.93641055,0.03626166,1.08854082274964
1158.2807912641276,1.0231037,0.038298286,1.088229551773648
1158.2907449651032,0.9457957,0.036893304,1.0880052558869657
1158.3006986660787,1.0369701,0.03906874,1.0878751424315543
1158.3106523670542,0.9603846,0.04006009,1.0878387508642138
1158.3206060680297,1.0450461,0.041840784,1.087885269206301
1158.3305597690053,1.0443634,0.04315628,1.0880113447558433
1158.3405134699808,1.0063801,0.042587414,1.0882265803239113
1158.3504671709563,0.968575,0.04132938,1.0885140231779014
1158.3604208719319,1.0338601,0.042254925,1.0888727358530204
1158.3703745729074,0.9753906,0.041527033,1.0893108888237286
1158.380328273883,0.9894455,0.04115325,1.089831209889361
1158.3902819748585,1.0533901,0.04205315,1.090431730990286
1158.400235675834,1.0241468,0.041487303,1.0911183443067567
1158.4101893768095,1.0595671,0.04340315,1.0919108508944295
1158.420143077785,1.0026381,0.042146113,1.0927957486547664
1158.4300967787606,1.1053996,0.04474928,1.093770057754524
1158.440050479736,1.0865248,0.044867113,1.0948301727878056
1158.4500041807116,1.0000888,0.041103713,1.0959489567493876
1158.4599578816872,1.0770131,0.04374201,1.0970903103975493
1158.4699115826627,1.080465,0.043661095,1.0982165829880326
1158.4798652836382,1.0351038,0.042490676,1.099275231182511
1158.4898189846137,1.0970256,0.043555625,1.1002378587569428
1158.4997726855893,1.0356054,0.041755043,1.1010808980812357
1158.5097263865648,1.030707,0.041383922,1.101776038155403
1158.5196800875403,1.0448847,0.041584395,1.1023267799132388
1158.5296337885159,1.1108012,0.042915206,1.1027426566870673
1158.5395874894914,1.0343815,0.04168334,1.103018599076342
1158.549541190467,1.1020346,0.043616135,1.1031305959360953
1158.5594948914425,1.0640785,0.043463927,1.1030870004823103
1158.569448592418,1.0699403,0.044399746,1.102869673909796
1158.5794022933935,1.1051658,0.046152994,1.1024315294173277
1158.589355994369,1.070687,0.045449432,1.1017673095804645
1158.5993096953446,1.0826042,0.044062782,1.1008831254702196
1158.60926339632,1.0150561,0.042419165,1.099779992555199
1158.6192170972956,1.0688897,0.042846337,1.0984676858984552
1158.6291707982712,1.0663524,0.04267235,1.0970153984862292
1158.6391244992467,1.0422748,0.042358212,1.0954706699827579
1158.6490782002222,1.0279588,0.04145133,1.0938852052616763
1158.6590319011977,1.1104947,0.04402724,1.0923141884714767
1158.6689856021733,1.0920962,0.042759445,1.0907841523684252
1158.6789393031488,1.1056523,0.04274975,1.0892999042029703
1158.6888930041243,1.1912645,0.04317225,1.0878453011824665
1158.6988467050999,1.0369666,0.04047735,1.0863929489460458
1158.7088004060754,0.9317009,0.037077725,1.0849290533484455
1158.718754107051,1.054782,0.038524147,1.0834488086584573
1158.7287078080265,0.99205,0.037269223,1.0819591291624318
1158.738661509002,1.0526624,0.03919818,1.0804682842502842
1158.7486152099775,1.0454351,0.039379597,1.078986049906043
1158.758568910953,1.1052442,0.03986321,1.0775247533100583
1158.7685226119286,1.0156054,0.03863274,1.0760938509498343
1158.778476312904,1.0630728,0.038829196,1.074707077460322
1158.7884300138796,0.981645,0.035341147,1.0733978269350821
1158.7983837148552,1.0291318,0.036103517,1.0721902257555636
1158.8083374158307,1.0743414,0.036857847,1.071111099848434
1158.8182911168062,1.0887765,0.037093297,1.0701937491828413
1158.8282448177818,1.0581521,0.036583047,1.069460943850581
1158.8381985187573,1.0494614,0.036433864,1.068897066951591
1158.8481522197328,1.0443645,0.036343116,1.0685012506643943
1158.8581059207083,1.0086606,0.03573726,1.0682977673257432
1158.8680596216839,1.0795506,0.036923528,1.0682617932791643
1158.8780133226594,1.0828646,0.036978047,1.0683890217872365
1158.887967023635,1.072,0.03679312,1.0686917035183072
1158.8979207246105,1.0764804,0.036865607,1.0691765410873344
1158.907874425586,1.0752388,0.03684211,1.0698250615921694
1158.9178281265615,1.0493696,0.036410626,1.0706343068460447
1158.927781827537,1.055449,0.03650876,1.0716217747993064
1158.9377355285126,1.0857137,0.03700699,1.072750202911832
1158.947689229488,1.0783962,0.036882333,1.0740005633756764
1158.9576429304636,1.0754821,0.0368351,1.0753588387617432
1158.9675966314392,1.0939821,0.03713538,1.0767999918601503
1158.9775503324147,1.1071416,0.037346203,1.0782929244897423
1158.9875040333902,1.0496439,0.036390737,1.079817940230972
1158.9974577343658,1.1198853,0.037549067,1.0813544000365836
1159.0074114353413,1.1541233,0.038096692,1.0828762256066868
1159.0173651363168,1.1527565,0.038072105,1.084360597593709
1159.0273188372923,1.0588951,0.036535714,1.085777012504866
1159.0372725382679,1.1498126,0.0380192,1.0871005385388535
1159.0472262392436,1.1132417,0.037427466,1.0883251337267212
1159.0571799402192,1.102198,0.03724327,1.0894466388369555
1159.0671336411947,1.1031284,0.037255686,1.0904544176505007
1159.0770873421702,1.108044,0.037331216,1.0913850499949507
1159.0870410431457,1.0600576,0.036540944,1.0922656209405424
1159.0969947441213,1.128369,0.03765581,1.0931287012682422
1159.1069484450968,1.1635096,0.038216144,1.0940033259130644
1159.1169021460723,1.1411812,0.037858702,1.0948962758705756
1159.1268558470479,1.1135296,0.03740454,1.0957975427505149
1159.1368095480234,1.0387315,0.036168214,1.0966837222648633
1159.146763248999,1.0993233,0.037170347,1.0975377802445128
1159.1567169499745,1.1054928,0.037266344,1.0983471756357897
1159.16667065095,1.1125484,0.03737887,1.0990947885643463
1159.1766243519255,1.1207378,0.037509196,1.0997702216863998
1159.186578052901,1.1194534,0.037488703,1.1003686902203085
1159.1965317538766,1.1511371,0.037991986,1.1008798025221553
1159.206485454852,1.1034999,0.03722114,1.1012805737427311
1159.2164391558276,1.0534537,0.036391627,1.1015850164874141
1159.2263928568032,1.1599779,0.038126707,1.10180221990974
1159.2363465577787,1.0800683,0.036827628,1.101948436751096
1159.2463002587542,1.1015178,0.037175015,1.1020581815582937
1159.2562539597297,1.1108973,0.037325993,1.102159388577939
1159.2662076607053,1.1218687,0.037500687,1.1022667540873725
1159.2761613616808,1.0632995,0.03653941,1.102385191575053
1159.2861150626563,1.1445235,0.037862983,1.1025056067147665
1159.2960687636319,1.0634012,0.036534104,1.1026146764359834
1159.3060224646074,1.1127161,0.037338402,1.102691061901993
1159.315976165583,1.1923681,0.038608715,1.102718220370276
1159.3259298665585,1.1609914,0.038109828,1.1026902697694732
1159.335883567534,1.1256316,0.0375393,1.1026067956755132
1159.3458372685095,1.1022974,0.037156872,1.1024744891596014
1159.355790969485,1.099642,0.037111722,1.1023195561800772
1159.3657446704606,1.1479868,0.03789118,1.1021614495660166
1159.375698371436,1.0873648,0.036905948,1.1020198688781164
1159.3856520724116,1.1002897,0.037116636,1.1019040497200576
1159.3956057733872,1.0495366,0.0362736,1.101811957210141
1159.4055594743627,1.1920311,0.038578894,1.101736675718544
1159.4155131753382,1.0883037,0.036909953,1.1016663931466002
1159.4254668763137,1.1432307,0.037800528,1.101588236018291
1159.4354205772893,1.0939698,0.036996763,1.101491497303036
1159.4453742782648,1.0909302,0.036944166,1.1013584242959462
1159.4553279792403,1.0788145,0.036742188,1.1011717380567716
1159.4652816802159,1.051895,0.036293067,1.100910857063356
1159.4752353811914,1.1533706,0.037944607,1.100545166951179
1159.485189082167,1.0782542,0.036725257,1.1000303492644994
1159.4951427831425,1.0636096,0.03647933,1.0993635447092807
1159.505096484118,0.99453014,0.035311975,1.0985366539673054
1159.5150501850935,1.0859807,0.036844045,1.097536119614533
1159.525003886069,0.9955652,0.035324384,1.096399068463662
1159.5349575870446,1.0870285,0.036855053,1.0951703248318319
1159.54491128802,1.0978571,0.037027862,1.0938932402018193
1159.5548649889956,1.0711734,0.036586486,1.0926180300955055
1159.5648186899712,1.0598774,0.03639879,1.091383398331636
1159.5747723909467,1.0901847,0.036895193,1.0902123198177254
1159.5847260919222,1.0852004,0.03681027,1.0891278974913956
1159.5946797928978,1.0971594,0.037001137,1.088126420273919
1159.6046334938733,1.0751113,0.036638133,1.0872016283479704
1159.6145871948488,1.1474524,0.037807867,1.0863527128333765
1159.6245408958243,1.0471233,0.03616627,1.0855809239249687
1159.6344945967999,1.1360666,0.037619952,1.0848725536925106
1159.6444482977754,1.0143522,0.035608128,1.0842247811986012
1159.654401998751,1.0547901,0.036286745,1.0836454664017707
1159.6643556997265,1.01735,0.03565506,1.0831324196666332
1159.674309400702,1.0220289,0.035730906,1.0826894007824388
1159.6842631016775,1.0605998,0.036370866,1.082329241783261
1159.694216802653,1.0541652,0.036261402,1.0820698807832287
1159.7041705036286,1.0082494,0.035487626,1.0819067597361547
1159.714124204604,1.0840038,0.036751885,1.081841839674939
1159.7240779055796,1.0515401,0.03621121,1.0818836498029945
1159.7340316065552,1.0620471,0.036384445,1.0820092367519694
1159.7439853075307,1.0886763,0.036816694,1.0821958269937417
1159.7539390085062,1.0353963,0.035932884,1.0824204950910992
1159.7638927094818,1.0916255,0.036861867,1.0826556064195652
1159.7738464104573,1.0520679,0.0362064,1.082878288922229
1159.7838001114328,1.083191,0.036717083,1.0830771478046313
1159.7937538124083,1.0804986,0.0366703,1.0832467229757992
1159.8037075133839,1.0526447,0.036208108,1.0833990313526431
1159.8136612143594,1.0670066,0.036441535,1.0835497976215578
1159.823614915335,1.0848075,0.03673327,1.0837187844238387
1159.8335686163105,1.07633,0.03659079,1.0839304917535573
1159.843522317286,1.1171062,0.037253402,1.084198631629568
1159.8534760182615,1.0088645,0.03545683,1.0845356884049946
1159.863429719237,1.0876969,0.03676808,1.0849590590278333
1159.8733834202126,1.0695772,0.036468767,1.0854558345385663
1159.883337121188,1.1043762,0.037035152,1.0860103239711942
1159.8932908221636,1.093447,0.03685518,1.0866025444415033
1159.9032445231392,1.0404718,0.03597677,1.0872009582564925
1159.9131982241147,1.0893205,0.036781132,1.0877707829415053
1159.9231519250902,1.1661928,0.03801315,1.088279205649467
1159.9331056260658,1.1014647,0.036974005,1.088678124257985
1159.9430593270413,1.1142644,0.037177462,1.0889534596212003
1159.9530130280168,1.10451,0.037017588,1.0890972531502596
1159.9629667289923,1.1667628,0.038010333,1.0891036354947803
1159.9729204299679,1.1632077,0.037949212,1.0889838066369604
1159.9828741309434,1.0799599,0.03660799,1.088776811291117
1159.992827831919,1.1301818,0.03741984,1.088506090632196
1160.0027815328945,1.1205697,0.037262905,1.0881806685535858
1160.01273523387,1.0735989,0.036495455,1.0878072308955327
1160.0226889348455,1.0950444,0.036842033,1.0873762646253182
1160.032642635821,1.1390603,0.037549045,1.0868706713818796
1160.0425963367966,1.178558,0.03817205,1.0862811222293602
1160.052550037772,1.0753741,0.03651346,1.0856203394009147
1160.0625037387476,1.1038258,0.036975767,1.0848959401646565
1160.0724574397234,1.0884253,0.036719628,1.0841092705610855
1160.082411140699,1.0961131,0.0368437,1.083276943702074
1160.0923648416745,1.110821,0.037076924,1.0824085458862114
1160.10231854265,1.1618111,0.037890654,1.0815123348090177
1160.1122722436255,1.0852268,0.03665747,1.0806031888324967
1160.122225944601,1.0945153,0.036805257,1.0797027149886262
1160.1321796455766,1.0955776,0.036818285,1.07883565446093
1160.142133346552,1.0724934,0.036439903,1.0780437074081537
1160.1520870475276,1.176663,0.038108293,1.0773434788720995
1160.1620407485032,1.150206,0.037689038,1.076739924663843
1160.1719944494787,1.1692528,0.037985105,1.0762280712065557
1160.1819481504542,1.1091986,0.037025582,1.0757823445216872
1160.1919018514297,1.1339651,0.03741986,1.0753650476381593
1160.2018555524053,1.125516,0.03728211,1.0749516663620677
1160.2118092533808,1.1086266,0.037008535,1.074520458937293
1160.2217629543563,1.1598903,0.037825134,1.0740639404353025
1160.2317166553319,1.0402352,0.03587883,1.073582047702611
1160.2416703563074,1.1654649,0.037906297,1.0730793251312698
1160.251624057283,1.0794481,0.036520027,1.072569675726912
1160.2615777582585,1.1541591,0.037719984,1.072074304994842
1160.271531459234,1.0934203,0.036742352,1.0716189825149367
1160.2814851602095,1.1084255,0.036983315,1.071250448824982
1160.291438861185,1.0630862,0.03623831,1.0709919501281937
1160.3013925621606,1.0508837,0.03603528,1.070859566677859
1160.311346263136,1.1138042,0.037061024,1.0708627565774975
1160.3212999641116,1.1128265,0.037041605,1.070987597351711
1160.3312536650872,1.1423836,0.03751202,1.07119613735839
1160.3412073660627,1.1481757,0.037600353,1.0714653734419024
1160.3511610670382,1.1468214,0.037577406,1.0717818301712678
1160.3611147680137,1.1742032,0.038005635,1.0721281197676684
1160.3710684689893,1.0284938,0.035639938,1.0725025174219405
1160.3810221699648,1.0923095,0.036691017,1.0729154909057304
1160.3909758709403,1.0638387,0.036221415,1.0733860701389584
1160.4009295719159,1.0265151,0.035597764,1.0739276783229732
1160.4108832728914,1.0822902,0.036518898,1.074558009692252
1160.420836973867,1.0475625,0.035945468,1.0753117692263128
1160.4307906748425,1.0822699,0.036510926,1.0761847419515678
1160.440744375818,1.0866491,0.036581255,1.0771723660415928
1160.4506980767935,1.0949991,0.036713783,1.0782643254121393
1160.460651777769,1.0566064,0.03608269,1.0794306595505907
1160.4706054787446,1.0622683,0.03617314,1.0806313395821887
1160.48055917972,1.0814732,0.036483742,1.0818417871968762
1160.4905128806956,1.0191481,0.035448954,1.0830391784692823
1160.5004665816712,1.0606594,0.036137357,1.084209038816174
1160.5104202826467,1.0771873,0.03640468,1.0853403867354139
1160.5203739836222,1.0209855,0.035470795,1.0864183143408426
1160.5303276845978,1.0852295,0.036530938,1.087426762384483
1160.5402813855733,1.0909781,0.036622003,1.0883596940114626
1160.5502350865488,1.0789682,0.03642236,1.0892067972133364
1160.5601887875243,1.0621779,0.03614389,1.0899482978267172
1160.5701424884999,1.0286179,0.03558477,1.0906043928126024
1160.5800961894754,1.1009301,0.03677165,1.091194784611234
1160.590049890451,1.085603,0.036519483,1.0917393815702452
1160.6000035914265,1.0424172,0.035806715,1.0922565775526871
1160.609957292402,1.0458738,0.035861716,1.0927550125271888
1160.6199109933775,1.1419535,0.03741817,1.0932301616818907
1160.629864694353,1.0255373,0.035516836,1.093666640292218
1160.6398183953286,1.0703998,0.03625816,1.094058854443517
1160.649772096304,1.0786753,0.036390003,1.0944004145816835
1160.6597257972796,1.0594519,0.036072355,1.0946793112307447
1160.6696794982552,1.0675877,0.036202945,1.0948785823973375
1160.6796331992307,1.085202,0.036487654,1.094987317294159
1160.6895869002062,1.0327947,0.0356229,1.0949849643684235
1160.6995406011818,1.0587806,0.036050674,1.0948313326275456
1160.7094943021573,1.0800568,0.036395196,1.0945365973659116
1160.7194480031328,1.0573868,0.036020707,1.094110333292816
1160.7294017041083,1.0760891,0.03632452,1.093562770868682
1160.7393554050839,1.086584,0.036494654,1.0929155722967465
1160.7493091060594,1.1352625,0.037272885,1.0922004682673525
1160.759262807035,1.1066071,0.036811426,1.091433447216052
1160.7692165080105,1.1526506,0.037543457,1.0906240895071722
1160.779170208986,1.0578,0.036010858,1.089792562425196
1160.7891239099615,1.0323808,0.03558795,1.0889539521014875
1160.799077610937,1.0797461,0.03636692,1.088125026098028
1160.8090313119126,1.0690182,0.036187164,1.087325753492116
1160.818985012888,1.0559579,0.035968173,1.0865686448979481
1160.8289387138636,1.1039609,0.036749832,1.0858642342942753
1160.8388924148392,1.1194963,0.036995564,1.0852294936987215
1160.8488461158147,1.0696065,0.036185324,1.084660507322473
1160.8587998167902,1.0763619,0.036293007,1.084156856838752
1160.8687535177658,1.0811197,0.036366608,1.083722900410387
1160.8787072187413,1.1293609,0.037140843,1.083360969598632
1160.8886609197168,1.0735269,0.036238257,1.0830612840980667
1160.8986146206923,1.0877575,0.03646535,1.08282019606184
1160.9085683216679,1.0850853,0.036418796,1.0826392210222988
1160.9185220226434,1.0978243,0.03662506,1.0825013287726852
1160.928475723619,1.0541735,0.035907276,1.0823911996686266
1160.9384294245945,1.0536063,0.035896245,1.082287642337444
1160.94838312557,1.1093676,0.03679934,1.082156196338535
1160.9583368265455,1.0238426,0.035395134,1.0819640058535682
1160.968290527521,1.137253,0.03723817,1.0816794158812888
1160.9782442284968,1.1158514,0.03689509,1.0812584107115797
1160.9881979294723,1.1287224,0.0370973,1.080705504604974
1160.9981516304479,1.2088568,0.038349304,1.0800308675073966
1161.0081053314234,1.1179491,0.03692051,1.0792496501679543
1161.018059032399,1.1317664,0.03713728,1.0783931374318798
1161.0280127333745,1.0857077,0.036394767,1.077506361961477
1161.03796643435,1.1182802,0.036917116,1.0766213175699728
1161.0479201353255,1.0405601,0.035647847,1.0757737143577073
1161.057873836301,1.0954599,0.036544375,1.074984722225133
1161.0678275372766,1.0717876,0.036157873,1.0742688945994776
1161.077781238252,1.0742338,0.03619404,1.0736460279927966
1161.0877349392276,1.0879887,0.036413666,1.0731406567258874
1161.0976886402032,1.1186011,0.03690398,1.0727552113102208
1161.1076423411787,1.1364992,0.037305582,1.072498834324249
1161.1175960421542,1.1903292,0.03919568,1.0723907133413055
1161.1275497431297,1.1084288,0.038482767,1.0724054197343906
1161.1375034441053,1.1333829,0.039105814,1.0725222979821751
1161.1474571450808,1.1266034,0.040001925,1.0727261500324377
1161.1574108460563,1.1314121,0.040825527,1.0729974946281493
1161.1673645470319,1.215401,0.043958403,1.0733040230740214
1161.1773182480074,1.0980704,0.04339642,1.0736204899662924
1161.187271948983,1.1897712,0.04708415,1.0739096504634238
1161.1972256499585,1.1215572,0.046142522,1.074134404615218
1161.207179350934,1.2098632,0.046945594,1.0742633936321504
1161.2171330519095,1.1344007,0.045219075,1.0742659097480105
1161.227086752885,1.1193596,0.044093363,1.0741203448354262
1161.2370404538606,1.1580478,0.045662165,1.0738487660123461
1161.246994154836,1.1210347,0.04497866,1.0734665392824463
1161.2569478558116,1.1474878,0.04374641,1.072988138740896
1161.2669015567872,1.1526153,0.043862227,1.0724562123511654
1161.2768552577627,1.105919,0.044336297,1.0719090529353832
1161.2868089587382,1.063873,0.044123806,1.0713884137161553
1161.2967626597137,1.1252564,0.044991665,1.0709471620842725
1161.3067163606893,1.2088834,0.045914177,1.0706164873290378
1161.3166700616648,1.1738102,0.046207517,1.0704243925110608
1161.3266237626403,1.2132345,0.047806635,1.0704114396164761
1161.3365774636159,1.1489499,0.046291973,1.0705732375998793
1161.3465311645914,1.1101644,0.04472125,1.0709048501692413
1161.356484865567,1.122028,0.044526566,1.0714124155847804
1161.3664385665425,1.1390408,0.045470856,1.072105117447674
1161.376392267518,1.1804864,0.04755446,1.0729446279026353
1161.3863459684935,1.1609205,0.048324853,1.0739046430558092
1161.396299669469,1.1641103,0.048522916,1.0749504460434454
1161.4062533704446,1.2012758,0.048128065,1.0760165047272878
1161.41620707142,1.0946015,0.045136217,1.0770469428219458
1161.4261607723956,1.0931002,0.044430777,1.077990029368207
1161.4361144733712,1.0861255,0.043791894,1.0787917143039871
1161.4460681743467,1.1456296,0.046990465,1.0794499764213417
1161.4560218753222,1.20642,0.049330678,1.079964643933759
1161.4659755762978,1.0932916,0.045936253,1.0803369293731473
1161.4759292772733,1.0933667,0.04607446,1.0806080112433398
1161.4858829782488,1.1963059,0.048312932,1.0808172107171155
1161.4958366792243,1.1561332,0.046692133,1.0809952603270117
1161.5057903801999,1.1337386,0.045128625,1.0811702689459892
1161.5157440811754,1.0548916,0.041972864,1.081362511848113
1161.525697782151,1.1290684,0.04458828,1.0815845487707445
1161.5356514831265,1.1189741,0.045106996,1.0818515244467095
1161.545605184102,1.1817098,0.045311548,1.082169498827001
1161.5555588850775,1.0782752,0.0427069,1.0825412679957043
1161.565512586053,1.0546209,0.04093408,1.0829722299305216
1161.5754662870286,1.09145,0.040028557,1.0834713201108706
1161.585419988004,1.1117189,0.040140912,1.084026938273785
1161.5953736889796,1.1463038,0.040720984,1.0846317115375967
1161.6053273899552,1.1985112,0.04052135,1.0852755252598958
1161.6152810909307,1.0776287,0.037140045,1.085935767425898
1161.6252347919062,1.0772332,0.036270164,1.0865878921552967
1161.6351884928818,1.009016,0.03495852,1.0872041522121778
1161.6451421938573,1.0848204,0.03620274,1.0877426242774628
1161.6550958948328,1.0707239,0.035972442,1.0881861812431817
1161.6650495958083,1.0296711,0.035295036,1.0885183474589197
1161.6750032967839,1.1498588,0.03723066,1.0887165931671574
1161.6849569977594,1.0563489,0.035730597,1.0887840555714543
1161.694910698735,1.0210232,0.035145495,1.088734810924545
1161.7048643997105,1.0500872,0.035623334,1.0885772834330265
1161.714818100686,1.093302,0.03632053,1.0883160291681142
1161.7247718016615,1.0357051,0.035378847,1.087987654817514
1161.734725502637,1.0718932,0.03596964,1.0876137256386598
1161.7446792036126,0.9746866,0.034349654,1.0872171595468767
1161.754632904588,1.0163109,0.035049506,1.086822582963059
1161.7645866055636,0.9860861,0.034537863,1.0864447866278077
1161.7745403065392,1.163266,0.037411645,1.0860921743477854
1161.7844940075147,1.1262459,0.03682546,1.0857731746185648
1161.7944477084902,1.0382676,0.035401624,1.0854833430351094
1161.8044014094658,1.044892,0.035509247,1.0852212860097405
1161.8143551104413,1.1371199,0.03698963,1.084985276845939
1161.8243088114168,1.0904745,0.036243625,1.0847651413072543
1161.8342625123923,1.1180425,0.036683295,1.0845429403133544
1161.8442162133679,1.0970842,0.036345925,1.0842934822919463
1161.8541699143434,1.1086304,0.036527608,1.083969531245824
1161.864123615319,1.0127056,0.03496042,1.0835520909732317
1161.8740773162945,1.0802716,0.036066227,1.0830303547337126
1161.88403101727,1.0648468,0.03581246,1.082398219365917
1161.8939847182455,1.0694106,0.03588439,1.0816676714929114
1161.903938419221,1.045882,0.035496864,1.0808594671373133
1161.9138921201966,1.0572704,0.03568147,1.0799848923725195
1161.923845821172,1.1026889,0.03641422,1.0790464258539174
1161.9337995221476,1.0899304,0.036207195,1.0780651484734105
1161.9437532231232,1.0792265,0.036030855,1.077051501459224
1161.9537069240987,1.0532795,0.035606105,1.0760160715760387
1161.9636606250742,1.0101019,0.034889568,1.07497500893084
1161.9736143260498,1.0425236,0.03542364,1.073945916130438
1161.9835680270253,1.0458084,0.035474695,1.072945453566999
1161.9935217280008,1.1307166,0.03683846,1.0719977086408703
1162.0034754289766,1.1027328,0.03639111,1.0711067542982446
1162.013429129952,1.0257007,0.03513435,1.070276727448738
1162.0233828309276,1.1313866,0.03683947,1.069511044545776
1162.0333365319032,1.0998535,0.036336113,1.0688004913813578
1162.0432902328787,1.0973766,0.036292512,1.0681218907267889
1162.0532439338542,1.0761771,0.035948057,1.0674544605758056
1162.0631976348297,1.1272461,0.036761716,1.0667722153231822
1162.0731513358053,1.0385668,0.03532998,1.066057020149972
1162.0831050367808,1.1210226,0.03665889,1.065297948395231
1162.0930587377563,1.0558897,0.035608813,1.064486822738163
1162.1030124387319,1.020763,0.035027202,1.0636254550513002
1162.1129661397074,1.1100043,0.036474157,1.0627322598714946
1162.122919840683,1.0692962,0.035817735,1.0618290034640228
1162.1328735416585,1.0957813,0.036241993,1.060954574822322
1162.142827242634,1.0597415,0.035655987,1.0601483344277272
1162.1527809436095,1.1278644,0.03674455,1.0594435585493216
1162.162734644585,1.0931641,0.036190122,1.0588724517783188
1162.1726883455606,1.0927626,0.03618123,1.058456178880602
1162.182642046536,1.0774941,0.035933573,1.0581799571923232
1162.1925957475116,1.1111497,0.03647013,1.0580422991731606
1162.2025494484872,1.0157653,0.034915548,1.0580620670309993
1162.2125031494627,1.0745533,0.035877697,1.0582246325839204
1162.2224568504382,1.0887109,0.036103223,1.0585276118945621
1162.2324105514137,1.0675366,0.035756726,1.0589828492486393
1162.2423642523893,1.1206789,0.0366056,1.0596092843548974
1162.2523179533648,1.039313,0.035291832,1.060394412996798
1162.2622716543403,1.0810003,0.035967447,1.0613424723678886
1162.2722253553159,1.1074693,0.03638849,1.0624700365722628
1162.2821790562914,1.0805808,0.03595548,1.0637374285773828
1162.292132757267,1.1338209,0.036799546,1.0650968207167544
1162.3020864582425,1.0816538,0.035967223,1.0664964440385623
1162.312040159218,1.083612,0.035996247,1.0678707947607031
1162.3219938601935,1.0707668,0.0357852,1.0691627483895045
1162.331947561169,1.106623,0.036356848,1.0703197531324233
1162.3419012621446,1.0889305,0.036072586,1.0712612683591372
1162.35185496312,1.195389,0.037738197,1.0719485449493051
1162.3618086640956,1.1504003,0.03703802,1.0723585805138227
1162.3717623650712,1.0502881,0.035438552,1.0724655779789711
1162.3817160660467,1.1184072,0.036528826,1.0722498569690577
1162.3916697670222,1.0232891,0.034989107,1.0717952691024042
1162.4016234679978,1.0600652,0.035590343,1.0711610150680695
1162.4115771689733,1.0565796,0.035531964,1.0704127369518426
1162.4215308699488,1.0531027,0.03547177,1.0696325273875151
1162.4314845709243,1.0378262,0.0352186,1.0688684132841608
1162.4414382718999,1.059429,0.035570335,1.0681400526559175
1162.4513919728754,1.103669,0.036277432,1.0674458361274328
1162.461345673851,1.1402761,0.036851916,1.066761260772197
1162.4712993748265,1.0800985,0.035895918,1.066067651399997
1162.481253075802,1.0787776,0.03586936,1.065346931800662
1162.4912067767775,1.0829712,0.03593474,1.0645887684066448
1162.501160477753,1.0714095,0.03574621,1.0637885645043723
1162.5111141787286,1.149903,0.036987808,1.062939458757696
1162.521067879704,1.1255139,0.03660391,1.0620270542543704
1162.5310215806796,1.1103777,0.036360983,1.0610567427444373
1162.5409752816552,1.0661532,0.035649784,1.06002794572461
1162.5509289826307,1.1180062,0.036476046,1.0589379529476615
1162.5608826836062,1.0845008,0.035937477,1.0577952516767526
1162.5708363845818,1.1059574,0.03628018,1.0566168100951705
1162.5807900855573,1.0736417,0.035759162,1.0554220140771031
1162.5907437865328,1.0502719,0.035378367,1.0542409630189784
1162.6006974875083,1.0940374,0.03608233,1.0530997320513538
1162.6106511884839,1.0927753,0.0360603,1.052020313920652
1162.6206048894594,0.9865765,0.034316387,1.0510327933361407
1162.630558590435,1.0819864,0.035878915,1.0501658496310933
1162.6405122914105,1.051823,0.03538949,1.0494364873543292
1162.650465992386,1.0713193,0.035701934,1.0488672346542112
1162.6604196933615,1.0907049,0.03601138,1.0485064652822826
1162.670373394337,1.0827404,0.0358796,1.0483323821810102
1162.6803270953126,1.0188472,0.034836687,1.0483428378420085
1162.690280796288,1.0983196,0.036123823,1.0485479843567251
1162.7002344972636,1.0728303,0.035712555,1.0489487577999557
1162.7101881982392,1.0485158,0.035315365,1.049527188416793
1162.7201418992147,1.0504992,0.03534617,1.050288231285067
1162.7300956001902,1.075806,0.035751157,1.0512720865826948
1162.7400493011658,1.0940236,0.03604108,1.0524588178459506
1162.7500030021413,1.098563,0.03611105,1.0538428950338654
1162.7599567031168,1.012017,0.034701876,1.0554194825177832
1162.7699104040923,1.0360093,0.03509267,1.057155782888943
1162.7798641050679,1.0597286,0.035479337,1.0589786487727524
1162.7898178060434,0.99897856,0.034477327,1.0608202536103264
1162.799771507019,1.0976442,0.036081664,1.0625830015007518
1162.8097252079945,1.0919015,0.035986174,1.0641914094240457
1162.81967890897,1.1248212,0.03650738,1.0655981482453403
1162.8296326099455,1.1480428,0.036866125,1.06677152783223
1162.839586310921,1.099411,0.036097772,1.0677200865593237
1162.8495400118966,1.0223118,0.03484457,1.0685234404080117
1162.859493712872,1.0814705,0.03580546,1.0692422941091533
1162.8694474138476,1.0839335,0.03584243,1.0699335484519419
1162.8794011148232,1.0941808,0.03600274,1.070639123261315
1162.8893548157987,1.106626,0.03619782,1.0713675908122027
1162.8993085167742,1.1419444,0.03675192,1.0721092019654919
1162.90926221775,1.1306726,0.03657119,1.072840584058588
1162.9192159187255,1.1577743,0.036990974,1.0735385879084915
1162.929169619701,1.0901185,0.035923854,1.0741809338925998
1162.9391233206766,1.1057901,0.03617026,1.0747295884195212
1162.949077021652,1.1126302,0.03627468,1.0751563724837931
1162.9590307226276,1.0835791,0.03581111,1.0754337965862693
1162.9689844236032,1.1350574,0.036623124,1.0755241714411128
1162.9789381245787,1.0858502,0.03584095,1.0753725098504887
1162.9888918255542,1.0877359,0.035869554,1.0749909897922183
1162.9988455265297,1.1140078,0.036282074,1.0743745248544423
1163.0087992275053,1.0736051,0.035636637,1.073508370447587
1163.0187529284808,1.1182479,0.036342926,1.072433127247741
1163.0287066294563,1.0675712,0.035534155,1.0711999294635945
1163.0386603304319,1.1017957,0.036078375,1.069846838922011
1163.0486140314074,1.0811508,0.03574681,1.0684064597624352
1163.058567732383,1.1209971,0.03637521,1.0669288045881862
1163.0685214333585,1.0807352,0.03573422,1.0654444304721604
1163.078475134334,1.0725547,0.03559974,1.063990153797245
1163.0884288353095,1.1043603,0.036104415,1.0626021500933285
1163.098382536285,1.034475,0.034977403,1.0613035346631348
1163.1083362372606,1.0707638,0.035562456,1.060114129150325
1163.118289938236,1.0822375,0.0357432,1.0590681498685095
1163.1282436392116,1.1472027,0.03676557,1.0581509748782032
1163.1381973401872,1.1198218,0.0363349,1.0573637093978034
1163.1481510411627,1.0131544,0.03461166,1.0567151284926637
1163.1581047421382,1.0733159,0.035591144,1.0562009715034368
1163.1680584431138,0.9785111,0.034030817,1.0558069296193717
1163.1780121440893,1.050243,0.035212375,1.0555326552007365
1163.1879658450648,1.1097302,0.036160734,1.0554020370022381
1163.1979195460403,1.0088345,0.0345284,1.055399106929887
1163.2078732470159,1.0190085,0.034693617,1.0555252930539862
1163.2178269479914,0.9706405,0.033885337,1.055788239619949
1163.227780648967,1.0529191,0.03524143,1.0561805491641398
1163.2377343499425,1.0424361,0.035066452,1.0566719602645918
1163.247688050918,1.0069226,0.034480512,1.0572402439495492
1163.2576417518935,1.0362699,0.034962326,1.0578647621778785
1163.267595452869,1.0660559,0.035442486,1.0585135087866873
1163.2775491538446,1.000785,0.034371268,1.0591729125391232
1163.28750285482,0.97407794,0.03392276,1.0598428364550485
1163.2974565557956,1.0082844,0.03449257,1.060537531214086
1163.3074102567712,1.0141388,0.03458368,1.0612750293065423
1163.3173639577467,1.0410284,0.035022948,1.062077296124392
1163.3273176587222,1.0513024,0.035187367,1.0629824577964053
1163.3372713596978,1.0707458,0.035497252,1.0640037762208554
1163.3472250606733,1.1286643,0.03641224,1.0651522964092086
1163.3571787616488,1.0854062,0.035724483,1.0664421186236757
1163.3671324626243,1.1156297,0.036201335,1.0678831614899944
1163.3770861635999,1.0575413,0.03527386,1.0694453166634597
1163.3870398645754,1.1360173,0.03651465,1.0711070981027793
1163.396993565551,1.0720824,0.03550336,1.0728403961054382
1163.4069472665265,1.0753485,0.03555115,1.074590810919945
1163.416900967502,1.0454361,0.035068262,1.0763071657586751
1163.4268546684775,1.0931182,0.03582977,1.0779347935736732
1163.436808369453,1.0498048,0.035132032,1.0794067536466805
1163.4467620704286,1.0916997,0.035802323,1.08070900545776
1163.456715771404,1.0654399,0.035379086,1.0818295308787207
1163.4666694723796,1.0560025,0.035224702,1.0827538611210965
1163.4766231733552,1.0706923,0.03545962,1.0835121325862458
1163.4865768743307,1.1560668,0.03679753,1.084139711833116
1163.4965305753062,1.1399835,0.03654529,1.0846587325974473
1163.5064842762818,1.0726417,0.035480622,1.085079037379114
1163.5164379772573,1.1190586,0.036215276,1.085430958817533
1163.5263916782328,1.1077353,0.03603282,1.0857253021728188
1163.5363453792083,1.0972048,0.035861604,1.0859660173423404
1163.5462990801839,1.1504077,0.036690228,1.0861622676979552
1163.5562527811594,1.195837,0.037384816,1.0863244374242234
1163.566206482135,1.1207579,0.03622375,1.0864600714133015
1163.5761601831105,1.1589551,0.03681548,1.0865756811440486
1163.586113884086,1.088542,0.035709385,1.0866829227510546
1163.5960675850615,1.0766023,0.03551769,1.0867881506844148
1163.606021286037,1.0708454,0.03542211,1.0868971639555303
1163.6159749870126,1.080887,0.035580106,1.0870145103058129
1163.625928687988,1.1524038,0.036701474,1.0871419771308988
1163.6358823889636,1.1229916,0.036237095,1.0872805883858376
1163.6458360899392,1.1393751,0.0364903,1.0874316913125568
1163.6557897909147,1.1302996,0.036347285,1.0875911579815758
1163.6657434918902,1.1267757,0.036290202,1.0877540847853204
1163.6756971928658,1.1358908,0.03642782,1.0879103987205014
1163.6856508938413,1.0957156,0.035795715,1.0880402008993664
1163.6956045948168,1.0922593,0.035737503,1.0881185117594447
1163.7055582957923,1.1351414,0.036407344,1.0881113322506544
1163.7155119967679,1.0817069,0.035562903,1.0879575202821061
1163.7254656977434,1.1030478,0.035896614,1.0876366425076225
1163.735419398719,1.0674165,0.03533074,1.0871347622540417
1163.7453730996945,1.0971245,0.035798877,1.0864399482264493
1163.75532680067,1.113723,0.03605805,1.0855573415256305
1163.7652805016455,1.0797287,0.035519302,1.0845400941082335
1163.775234202621,1.140734,0.036474716,1.0834266437034656
1163.7851879035966,1.0749496,0.035438035,1.0822588022783106
1163.795141604572,1.053292,0.035086814,1.081091057244154
1163.8050953055476,1.0800585,0.03551355,1.0799614802587456
1163.8150490065232,1.1491009,0.036594063,1.078899744857273
1163.8250027074987,1.0902836,0.03566924,1.0779308922413213
1163.8349564084742,1.1407661,0.036459886,1.077047972767564
1163.8449101094498,1.1251299,0.036213003,1.0762487759688844
1163.8548638104253,1.1123425,0.03600901,1.075537407636739
1163.8648175114008,1.1473222,0.03655003,1.0749037214738246
1163.8747712123763,1.0994934,0.035800323,1.074339135013957
1163.8847249133519,1.0924835,0.035686873,1.073841701630038
1163.8946786143274,1.1171483,0.036071595,1.0734167493057587
1163.904632315303,1.1238844,0.03617429,1.0730512337507507
1163.9145860162785,1.1304439,0.0362762,1.0727424477054328
1163.924539717254,1.0614249,0.035180055,1.0724927450453552
1163.9344934182297,1.0926284,0.035675388,1.0722966946389736
1163.9444471192053,1.0993673,0.035781033,1.072145483341207
1163.9544008201808,1.1073426,0.035899628,1.0720327456629908
1163.9643545211563,1.006304,0.034271907,1.0719534229126724
1163.9743082221319,1.0365559,0.034765188,1.0718908831570513
1163.9842619231074,1.0601176,0.03514523,1.0718355490385567
1163.994215624083,1.07028,0.03530345,1.0717807566000372
1164.0041693250585,1.0576972,0.035098415,1.07172581625613
1164.014123026034,0.9839998,0.03388907,1.0716774693163633
1164.0240767270095,1.0741801,0.035354707,1.0716478335567412
1164.034030427985,1.0085775,0.034288988,1.0716612194695778
1164.0439841289606,1.0445013,0.034871392,1.0717316017008234
1164.053937829936,1.0509862,0.034976322,1.0718735028496675
1164.0638915309116,1.0589564,0.035100076,1.0721050473500986
1164.0738452318872,1.0733658,0.035329416,1.0724399159433666
1164.0837989328627,1.1117096,0.035931993,1.0728723720078122
1164.0937526338382,1.0845873,0.03550203,1.0734037806757089
1164.1037063348138,1.0503428,0.0349524,1.0740466728042855
1164.1136600357893,1.0885825,0.035561208,1.074783155775344
1164.1236137367648,1.0435559,0.03483671,1.0755983568703222
1164.1335674377403,1.0430815,0.034826398,1.076473260305597
1164.1435211387159,1.0260146,0.03454507,1.0773722625333977
1164.1534748396914,0.953639,0.033343058,1.0782493380114164
1164.163428540667,1.1011792,0.035741918,1.0790655072683402
1164.1733822416425,1.0549681,0.035004906,1.0797720666325543
1164.183335942618,1.0186359,0.03441481,1.080351378315909
1164.1932896435935,1.0545058,0.034990657,1.0807996201255206
1164.203243344569,1.0937687,0.03561625,1.0811135006838937
1164.2131970455446,1.0238757,0.03448938,1.0812897189290154
1164.22315074652,1.0865248,0.035495255,1.0813644800495579
1164.2331044474956,1.1239336,0.03607824,1.0813586885763709
1164.2430581484712,1.0346488,0.034657493,1.0812901406097595
1164.2530118494467,1.0704713,0.035231493,1.081182268129
1164.2629655504222,1.0726274,0.035262637,1.0810468381889393
1164.2729192513978,1.072492,0.035255842,1.0808825331485314
1164.2828729523733,1.073411,0.035267245,1.080671560866833
1164.2928266533488,1.0585815,0.035027634,1.080403169823501
1164.3027803543243,1.0808858,0.03538063,1.0800607073587727
1164.3127340552999,1.0391455,0.034709297,1.079618540245916
1164.3226877562754,1.0804523,0.03536898,1.0790622088784545
1164.332641457251,1.1354746,0.03622962,1.078394656350448
1164.3425951582265,1.1042488,0.035737757,1.0776194869134879
1164.352548859202,1.0813737,0.035373874,1.0767377623704317
1164.3625025601775,1.1148702,0.035897132,1.0757940386804807
1164.372456261153,1.0674047,0.035147253,1.0748210503725755
1164.3824099621286,1.1257015,0.03606227,1.0738544790023665
1164.392363663104,1.1201088,0.035970952,1.0729299481213066
1164.4023173640796,1.1546226,0.036502425,1.0720653778768858
1164.4122710650552,1.0647299,0.03509221,1.0712707653944542
1164.4222247660307,1.1093208,0.035793845,1.0705577213106228
1164.4321784670062,1.1226143,0.035998434,1.069909629689613
1164.4421321679818,1.0877795,0.03544933,1.0693141359476046
1164.4520858689573,1.1176103,0.03591559,1.0687616342654565
1164.4620395699328,1.1099848,0.035792243,1.06824348975681
1164.4719932709083,1.1276585,0.036063105,1.0677504698528428
1164.4819469718839,1.1766763,0.036814764,1.0672820063832487
1164.4919006728594,1.1275179,0.036055204,1.066844477075601
1164.501854373835,1.1146039,0.03585404,1.0664401329546838
1164.5118080748105,1.0688334,0.03512776,1.0660716712274567
1164.521761775786,1.1198289,0.03592735,1.065742993415135
1164.5317154767615,1.1556491,0.036479317,1.0654589424141148
1164.541669177737,1.1142824,0.035838053,1.0652121385085511
1164.5516228787126,1.0725236,0.03517741,1.064999577236892
1164.561576579688,1.1338559,0.036136918,1.0648203043502715
1164.5715302806636,1.0892438,0.03543614,1.0646673164390656
1164.5814839816392,1.0831025,0.035337787,1.0645331921320025
1164.5914376826147,1.0416213,0.034673344,1.0644120735359641
1164.6013913835902,1.0100107,0.034157358,1.0642973444791393
1164.6113450845658,1.0579151,0.034929752,1.0641813680167909
1164.6212987855413,1.1229756,0.035950806,1.06406131233871
1164.6312524865168,1.0780444,0.03524354,1.0639401280540568
1164.6412061874923,1.0162588,0.034248058,1.0638305672273658
1164.6511598884679,1.1324422,0.03608764,1.0637514633494976
1164.6611135894434,1.1726515,0.036701195,1.0637266771158362
1164.671067290419,1.0797099,0.035258748,1.0637998546802352
1164.6810209913945,1.061463,0.034966946,1.0639827530377985
1164.69097469237,1.113894,0.03579137,1.0642906725336425
1164.7009283933455,1.1675106,0.036614217,1.0647411974028074
1164.710882094321,1.1215717,0.035903983,1.065335051190732
1164.7208357952966,1.1057184,0.035655163,1.0660446797098007
1164.730789496272,1.0832161,0.035297535,1.066850113021041
1164.7407431972476,1.125315,0.035954602,1.067732329040354
1164.7506968982232,1.1131351,0.035760637,1.0686471795823589
1164.7606505991987,1.0412819,0.034622565,1.069559005498846
1164.7706043001742,1.1282119,0.0359884,1.0704303140479476
1164.7805580011498,1.0756501,0.0351647,1.0712207870216919
1164.7905117021253,1.0039107,0.034006733,1.0719160947932342
1164.8004654031008,1.0349219,0.034508087,1.072506752185329
1164.8104191040763,1.0516124,0.03477255,1.0729811254311188
1164.8203728050519,1.0447266,0.034659967,1.0733606300389857
1164.8303265060274,1.0646384,0.034973893,1.0736675022691227
1164.8402802070032,1.0220567,0.034289047,1.0739205545642905
1164.8502339079787,1.0318154,0.034445144,1.074140600694769
1164.8601876089542,1.0833013,0.03525995,1.0743544366023268
1164.8701413099297,1.0226331,0.034290615,1.0745797434479174
1164.8800950109053,1.0740508,0.035109412,1.0748349333338751
1164.8900487118808,1.090415,0.035364393,1.0751295175551303
1164.9000024128563,1.0156134,0.03416592,1.0754647747576773
1164.9099561138319,1.023119,0.034285147,1.0758405303629626
1164.9199098148074,1.0186248,0.034207925,1.0762583594121775
1164.929863515783,0.9982046,0.033875015,1.0767059761655793
1164.9398172167585,1.0683815,0.035003293,1.0771776803440225
1164.949770917734,1.0182071,0.03419516,1.0776694183558977
1164.9597246187095,0.95228934,0.03310088,1.078175479000035
1164.969678319685,1.0331757,0.034431007,1.0786899419007514
1164.9796320206606,0.97415185,0.033465948,1.0792086052018433
1164.989585721636,0.98638254,0.033663124,1.0797263209549688
1164.9995394226116,1.0395623,0.034527645,1.0802384958411833
1165.0094931235872,0.9930267,0.033764116,1.0807419036800003
1165.0194468245627,1.0022789,0.03391864,1.0812331235723385
1165.0294005255382,0.9924985,0.033751942,1.081708724393971
1165.0393542265138,1.053465,0.03473729,1.0821656662085157
1165.0493079274893,1.013295,0.03408653,1.0825963731279038
1165.0592616284648,1.0542088,0.034742903,1.0829831181884129
1165.0692153294403,1.0852758,0.03523503,1.083316062559138
1165.0791690304159,1.0929877,0.035352614,1.0835871129877872
1165.0891227313914,1.1107137,0.035623617,1.0837885773162494
1165.099076432367,1.0282061,0.034313962,1.0839165574822354
1165.1090301333425,0.94673425,0.03296773,1.0839872787674547
1165.118983834318,1.0097501,0.03401229,1.084008581564336
1165.1289375352935,1.0143431,0.03408018,1.0839809490835537
1165.138891236269,1.1128516,0.03564315,1.0839060084150942
1165.1488449372446,1.075234,0.035049513,1.0837788967386195
1165.15879863822,1.0337824,0.03438772,1.0835879481142916
1165.1687523391956,1.074744,0.035035137,1.083312136733079
1165.1787060401712,1.0201976,0.034160253,1.0829578771968533
1165.1886597411467,1.0786654,0.03509453,1.082526563484241
1165.1986134421222,1.0232718,0.034206096,1.0820196953916916
1165.2085671430978,1.0596622,0.034785837,1.0814542894692043
1165.2185208440733,1.0749259,0.035027165,1.0808534658641773
1165.2284745450488,1.0539827,0.034689456,1.0802370142855038
1165.2384282460243,0.9725251,0.033364818,1.0796286385705811
1165.2483819469999,1.0645105,0.03485056,1.0790463055421873
1165.2583356479754,1.0653524,0.03486491,1.0785013219417607
1165.268289348951,1.0898187,0.035246238,1.0780028710127167
1165.2782430499265,1.0619687,0.034803636,1.0775537323632016
1165.288196750902,1.00064,0.03381524,1.0771479597183686
1165.2981504518775,1.0361221,0.034382865,1.0767835017441287
1165.308104152853,1.0289667,0.034269165,1.0764637586984338
1165.3180578538286,1.0578758,0.034725502,1.0761812593763336
1165.328011554804,1.0930481,0.035278853,1.075932652926804
1165.3379652557796,1.097637,0.03534219,1.0757169856479112
1165.3479189567552,1.0406234,0.0344399,1.0755334603461875
1165.3578726577307,1.0913486,0.0352448,1.0753752533068948
1165.3678263587062,0.9851672,0.0335368,1.075239031234176
1165.3777800596818,1.0413351,0.034442116,1.0751224476308858
1165.3877337606573,1.0266083,0.034206167,1.0750186762252012
1165.3976874616328,1.0554663,0.03466553,1.0749224251852167
1165.4076411626083,1.0341797,0.034324545,1.0748305325556862
1165.4175948635839,1.0596175,0.034725245,1.0747425404244486
1165.4275485645594,0.99962384,0.03375646,1.0746603664034478
1165.437502265535,1.0325344,0.034287877,1.0745885880495738
1165.4474559665105,1.0712404,0.034899764,1.074535542127361
1165.457409667486,1.0368766,0.034348603,1.0745081473227884
1165.4673633684615,1.0243361,0.034144133,1.074509808703416
1165.477317069437,1.0053527,0.033835046,1.0745436307623835
1165.4872707704126,1.0050914,0.033832423,1.074617399985993
1165.497224471388,1.0396091,0.034384303,1.0747259741042603
1165.5071781723636,0.969698,0.033240873,1.0748700992301863
1165.5171318733392,0.97278076,0.033290006,1.07505378935029
1165.5270855743147,1.028829,0.03420277,1.0752795217692053
1165.5370392752902,0.97035,0.03324427,1.0755450050461228
1165.5469929762658,1.051806,0.034561876,1.0758511205307824
1165.5569466772413,1.0042528,0.03379394,1.0762031715391613
1165.5669003782168,1.055779,0.03462229,1.0765905837355623
1165.5768540791923,1.0613418,0.034709405,1.0770018159959476
1165.5868077801679,1.0702012,0.034845836,1.077419527362588
1165.5967614811434,1.0831879,0.03504524,1.077815725592219
1165.606715182119,1.0730002,0.03488842,1.0781637492547627
1165.6166688830945,0.98934335,0.033535182,1.0784364894736218
1165.62662258407,1.0129839,0.03391745,1.078592254760804
1165.6365762850455,1.0019357,0.033734765,1.0786163551341224
1165.646529986021,1.0667367,0.03477311,1.0785038975955776
1165.6564836869966,1.0722636,0.03485614,1.0782517808433794
1165.666437387972,1.0654285,0.03474592,1.077859568661946
1165.6763910889476,1.0466063,0.034445222,1.077370470819151
1165.6863447899232,1.06841,0.034789182,1.0768115299760965
1165.6962984908987,1.0143648,0.033922408,1.0762092851176026
1165.7062521918742,1.0987949,0.035262164,1.0755953124375142
1165.7162058928498,1.046208,0.034427304,1.074992284945202
1165.7261595938253,1.0412737,0.03434665,1.0744154737698823
1165.7361132948008,1.069838,0.034796044,1.0738834426866184
1165.7460669957763,1.0301479,0.03416035,1.07339670312339
1165.7560206967519,1.0452086,0.03439718,1.0729585332014164
1165.7659743977274,1.1175412,0.035532974,1.072574051594057
1165.775928098703,1.0990831,0.035242133,1.0722436709336145
1165.7858817996785,1.0372429,0.034264233,1.0719607224552983
1165.795835500654,1.0621448,0.034658067,1.0717230933259625
1165.8057892016295,1.0170735,0.033934556,1.0715346684113416
1165.815742902605,1.1410139,0.035875294,1.0713865588736653
1165.8256966035806,1.0981952,0.035213854,1.071274292233372
1165.835650304556,1.0617824,0.034638528,1.0711950924180917
1165.8456040055316,1.0163445,0.03390961,1.0711451563434529
1165.8555577065072,1.0721226,0.034799404,1.0711159494329876
1165.865511407483,1.109694,0.035379097,1.071103935667872
1165.8754651084585,1.0896256,0.0350637,1.0711093615731402
1165.885418809434,1.0355965,0.03420941,1.0711321951077561
1165.8953725104095,1.036465,0.03421995,1.0711749324261741
1165.905326211385,1.0397098,0.03426722,1.0712423626343686
1165.9152799123606,1.0701431,0.034748312,1.0713426778410637
1165.925233613336,1.0140698,0.033851016,1.0714751171944177
1165.9351873143116,1.0983144,0.035185367,1.0716420119896024
1165.9451410152872,1.0556358,0.03451035,1.0718489275095535
1165.9550947162627,1.073955,0.034795668,1.0720962304269404
1165.9650484172382,1.0891654,0.035031803,1.0723811400930943
1165.9750021182138,1.0386362,0.034231033,1.072702202419603
1165.9849558191893,1.0339493,0.034153007,1.0730603019294958
1165.9949095201648,1.0337799,0.0341485,1.0734410273844852
1166.0048632211403,1.0785557,0.034855135,1.0738326187312865
1166.0148169221159,1.0939857,0.035089504,1.074219219416188
1166.0247706230914,1.0410615,0.034255102,1.0745820751539599
1166.034724324067,1.0549306,0.034476265,1.0749094636574208
1166.0446780250425,1.093463,0.035073828,1.0751923570543163
1166.054631726018,1.0921714,0.035049222,1.0754164453000956
1166.0645854269935,1.1301291,0.03563575,1.0755825249916473
1166.074539127969,1.0678494,0.034665763,1.0756841056174085
1166.0844928289446,1.125525,0.03555741,1.075698894675361
1166.09444652992,1.0850121,0.034925498,1.0755748071231144
1166.1044002308956,1.14583,0.03586098,1.0752623873127602
1166.1143539318712,1.0561603,0.034470197,1.0746837534189084
1166.1243076328467,1.100686,0.03516346,1.0737042736615043
1166.1342613338222,1.1247302,0.035531785,1.0722675667317891
1166.1442150347978,1.0502051,0.034367986,1.070356228587999
1166.1541687357733,1.0640758,0.034582887,1.0679536943096934
1166.1641224367488,1.068353,0.03464764,1.0650292503452572
1166.1740761377243,1.0813558,0.034845103,1.061723984583037
1166.1840298386999,1.0929452,0.035027288,1.0581218053215768
1166.1939835396754,1.1532289,0.03594593,1.0543109865924245
1166.203937240651,1.0809518,0.03483449,1.0504180187080934
1166.2138909416265,1.0446212,0.03425583,1.046556012314669
1166.223844642602,1.0878693,0.034940373,1.04280766426495
1166.2337983435775,1.0489587,0.03432026,1.0392678856359137
1166.243752044553,1.0702608,0.034652352,1.0359445701926329
1166.2537057455286,1.0646423,0.034559254,1.0328497249737185
1166.263659446504,1.0828731,0.034847632,1.0300046561750693
1166.2736131474796,1.1004738,0.03511747,1.0274225762318716
1166.2835668484552,1.0664403,0.034584213,1.0250759849771578
1166.2935205494307,1.0411346,0.034181476,1.0229628545875855
1166.3034742504062,1.0464197,0.03426295,1.0211112984867152
1166.3134279513818,1.0211823,0.03385675,1.019491102066843
1166.3233816523573,1.0373452,0.034109477,1.0180869949081066
1166.3333353533328,1.0436935,0.034208745,1.0169007876793215
1166.3432890543083,1.0533565,0.034360398,1.0159500199169282
1166.3532427552839,1.0586478,0.03444153,1.0152049084604275
1166.3631964562594,1.0204377,0.033829004,1.0146682315668771
1166.373150157235,1.0898576,0.03492351,1.0143697306846393
1166.3831038582105,1.0408001,0.034149237,1.0143073291971696
1166.393057559186,0.99363387,0.03339163,1.0144725348090167
1166.4030112601615,1.0872087,0.034873307,1.0148717769857158
1166.412964961137,1.0588636,0.034424897,1.015546072487907
1166.4229186621126,1.0336027,0.034022357,1.016454651350077
1166.432872363088,1.0082723,0.03361298,1.0175934536323605
1166.4428260640636,1.0614722,0.034456633,1.018971081619154
1166.4527797650392,0.98960805,0.033300813,1.0205720611898048
1166.4627334660147,1.0738935,0.034649894,1.022352973666981
1166.4726871669902,1.0720506,0.034615703,1.0242870936254935
1166.4826408679658,1.0555646,0.034351498,1.0263633777117591
1166.4925945689413,1.0518677,0.03429187,1.02854176088722
1166.5025482699168,1.0588762,0.034427274,1.0308141060944667
1166.5125019708923,1.0274742,0.034374926,1.0331970638277008
1166.5224556718679,1.0338677,0.035307433,1.0357245736129268
1166.5324093728434,1.0648941,0.03582135,1.0383985431422542
1166.542363073819,1.0434608,0.036092237,1.0412128061935957
1166.5523167747945,1.0087686,0.03625557,1.0441373944824088
1166.56227047577,1.0341548,0.037145738,1.0470869274781576
1166.5722241767455,1.0331596,0.039139766,1.0499749128721203
1166.582177877721,1.0884131,0.040838867,1.052712799218908
1166.5921315786966,1.1196247,0.043264773,1.0551812921366752
1166.602085279672,1.133825,0.042109087,1.0573474227278272
1166.6120389806476,1.1180363,0.042311963,1.0591685868653513
1166.6219926816232,1.0601718,0.04025348,1.0605842772100902
1166.6319463825987,1.033788,0.04007479,1.0616023225002647
1166.6419000835742,1.0027021,0.040056195,1.0622842508746775
1166.6518537845498,1.0723435,0.04023994,1.0626836162125113
1166.6618074855253,1.0579151,0.039037384,1.0628389649212304
1166.6717611865008,1.0879732,0.04046759,1.0628539792004617
1166.6817148874763,1.137322,0.042379245,1.0627764672040665
1166.6916685884519,1.0058717,0.03933464,1.0626348247571977
1166.7016222894274,1.1346769,0.041824613,1.0624463593439828
1166.711575990403,1.0457761,0.040250972,1.062219532861428
1166.7215296913785,1.0603567,0.041010372,1.0619475893146955
1166.731483392354,1.0214099,0.040760152,1.0616092891934041
1166.7414370933295,1.0465397,0.040276576,1.0611976522437299
1166.751390794305,1.0302849,0.03951751,1.0607099215695242
1166.7613444952808,1.0807446,0.040750626,1.0601462764686378
1166.7712981962563,1.0524833,0.041638028,1.0595128647023313
1166.7812518972319,1.1330812,0.043435007,1.0588387189912292
1166.7912055982074,1.1225574,0.043308683,1.058146917568273
1166.801159299183,1.1345782,0.04357121,1.0574678023285173
1166.8111130001585,1.1166717,0.042280603,1.0568343460870284
1166.821066701134,1.1040212,0.041517362,1.0562709616146424
1166.8310204021095,1.1366409,0.041643128,1.0557968072548682
1166.840974103085,1.1143311,0.04192228,1.055435654088043
1166.8509278040606,1.133277,0.044495616,1.0551623095940457
1166.860881505036,1.0158547,0.040911205,1.0549584164860941
1166.8708352060116,1.0936209,0.04173703,1.0548014016818805
1166.8807889069872,1.0505732,0.041319173,1.0546620952880348
1166.8907426079627,1.1124539,0.042794287,1.0545172921649635
1166.9006963089382,1.0831293,0.041370083,1.0543527582131809
1166.9106500099138,1.0751905,0.039812412,1.0541511122348182
1166.9206037108893,1.071604,0.039516974,1.0539043980647538
1166.9305574118648,1.1123744,0.041853238,1.0536024659303653
1166.9405111128403,1.0715765,0.040502075,1.0532312457351654
1166.9504648138159,1.1165757,0.040286634,1.0527744307149036
1166.9604185147914,1.1309099,0.040077563,1.0522359836062385
1166.970372215767,1.1135514,0.03855109,1.051612775863315
1166.9803259167425,1.1544113,0.038373414,1.0508915427810528
1166.990279617718,1.162215,0.0388733,1.0500745825686488
1167.0002333186935,1.0859275,0.037046835,1.0491680319339687
1167.010187019669,1.1024309,0.036077976,1.048180762260507
1167.0201407206446,1.1076262,0.035275783,1.0471333615370053
1167.03009442162,1.0727075,0.03447106,1.046078459784858
1167.0400481225956,1.0291983,0.033771012,1.0450614615622487
1167.0500018235712,1.1593009,0.035775557,1.0441332504316772
1167.0599555245467,1.1086714,0.035005923,1.0433287102539681
1167.0699092255222,1.0923116,0.034749206,1.0426532408315254
1167.0798629264978,1.1232908,0.03521944,1.0421112065434466
1167.0898166274733,1.0648499,0.03432093,1.0417225771450749
1167.0997703284488,1.0356239,0.033857737,1.0414650365375866
1167.1097240294243,1.1313787,0.035334956,1.0413331364617473
1167.1196777303999,1.108591,0.034989055,1.0413307763993738
1167.1296314313754,1.0805225,0.034554586,1.0414627186199126
1167.139585132351,1.0782542,0.03451268,1.0417089178847319
1167.1495388333265,1.0272169,0.033708204,1.0420610941606454
1167.159492534302,0.96779674,0.032746553,1.0425156197533825
1167.1694462352775,1.0482635,0.034036066,1.0430437617503872
1167.179399936253,1.0493526,0.03405151,1.0436198119736326
1167.1893536372286,1.0028975,0.033308685,1.044223940716613
1167.199307338204,1.0230981,0.033629213,1.044837150138243
1167.2092610391796,1.0143738,0.0334908,1.0454414593904608
1167.2192147401552,1.0508386,0.034066353,1.0460247850770306
1167.2291684411307,1.0443394,0.033961587,1.0465747546165844
1167.2391221421062,1.0484908,0.034019638,1.0470881156494225
1167.2490758430818,0.99450904,0.033156086,1.0475740818813215
1167.2590295440573,1.0360593,0.03381809,1.0480474831465176
1167.2689832450328,1.0963259,0.034752663,1.048532555049103
1167.2789369460083,1.0584111,0.034166306,1.0490481295121763
1167.2888906469839,1.0830922,0.034545872,1.0496032279931866
1167.2988443479594,0.9863615,0.03301152,1.050198843769978
1167.308798048935,1.0556263,0.03411386,1.050822241712973
1167.3187517499105,0.9634268,0.032630853,1.0514492264631345
1167.328705450886,1.023102,0.033591945,1.0520590731718031
1167.3386591518615,1.0434046,0.033911154,1.0526278814842367
1167.348612852837,0.98874867,0.033031628,1.0531469976383752
1167.3585665538126,1.0075278,0.033335745,1.0536166955679254
1167.368520254788,1.0934713,0.034678377,1.054040397409217
1167.3784739557636,1.06125,0.03417174,1.0544208422128336
1167.3884276567392,1.0221344,0.033557978,1.0547657452996704
1167.3983813577147,1.073714,0.034362804,1.0550697712733552
1167.4083350586902,1.0927616,0.034655176,1.0553186449680416
1167.4182887596658,1.0410395,0.033856187,1.0555023591468213
1167.4282424606413,1.1237711,0.0351272,1.0556166226267827
1167.4381961616168,1.0528485,0.03403123,1.0556545634925936
1167.4481498625923,1.0524263,0.034026243,1.0556000143164281
1167.4581035635679,1.0857219,0.034541003,1.0554706146454795
1167.4680572645434,1.0224637,0.03354385,1.0552788747910749
1167.478010965519,0.98128045,0.032883555,1.0550394777161318
1167.4879646664945,1.0572456,0.034086924,1.0547709243918224
1167.49791836747,1.0539211,0.034030933,1.05449247330943
1167.5078720684455,1.0655181,0.03420879,1.0542157929724778
1167.517825769421,1.0675555,0.0342337,1.0539522457832085
1167.5277794703966,1.0554454,0.034048133,1.0537081664630852
1167.537733171372,1.0287375,0.033620574,1.0534856409522375
1167.5476868723476,1.0486873,0.033932004,1.0532840617828303
1167.5576405733232,1.0549861,0.034030553,1.0530986067500752
1167.5675942742987,1.0965326,0.034671623,1.052917099205042
1167.5775479752742,1.0335642,0.033683676,1.0527299397985206
1167.5875016762498,1.0427053,0.033826612,1.0525291347309234
1167.5974553772253,1.0350012,0.03370408,1.0523176036997435
1167.6074090782008,1.0690954,0.034234267,1.0521101041253031
1167.6173627791763,1.0112923,0.03332048,1.0519294238797816
1167.6273164801519,1.0184394,0.033432197,1.051818016703435
1167.6372701811274,1.0932084,0.034599338,1.0517968708668732
1167.647223882103,1.052664,0.03396525,1.0518840778696636
1167.6571775830785,1.0831479,0.034440257,1.052094750431947
1167.667131284054,1.0234667,0.03350333,1.052429266347893
1167.6770849850295,1.1182045,0.03496772,1.0528608764843173
1167.687038686005,1.0306503,0.033608153,1.0533724007756016
1167.6969923869806,1.0846767,0.034449037,1.0539523206414956
1167.706946087956,1.0526402,0.033944927,1.0545761459429288
1167.7168997889316,1.0737153,0.03426952,1.0552274984481904
1167.7268534899072,1.0798793,0.03436579,1.0558936569188142
1167.7368071908827,1.0339376,0.03364971,1.0565608297565559
1167.7467608918582,1.0668685,0.03416131,1.0572161130393216
1167.7567145928338,1.0731832,0.034254003,1.0578490346849936
1167.7666682938093,1.0750612,0.03428133,1.0584466619848056
1167.7766219947848,1.0611651,0.03406308,1.0590024881624527
1167.7865756957606,1.0737019,0.034251753,1.0595181824246398
1167.796529396736,1.0734749,0.03424862,1.0599977703942998
1167.8064830977116,1.0777953,0.034308497,1.0604478332543137
1167.8164367986872,1.0060109,0.03317992,1.0608869268831138
1167.8263904996627,1.0312294,0.033581305,1.0613248594461981
1167.8363442006382,1.1081183,0.03476517,1.0617655273018944
1167.8462979016138,1.0589348,0.03400579,1.0622076638327707
1167.8562516025893,1.0448025,0.03378365,1.062647816235736
1167.8662053035648,1.0978944,0.0346044,1.0630842764392494
1167.8761590045403,1.0692143,0.034157414,1.063518500883807
1167.8861127055159,1.0773842,0.034281794,1.063956252913592
1167.8960664064914,1.0592344,0.033995353,1.0644051336263016
1167.906020107467,1.0706508,0.034170978,1.0648745505470847
1167.9159738084425,1.1321576,0.035108253,1.065375669123529
1167.925927509418,1.0972264,0.034573082,1.0659062418050693
1167.9358812103935,1.074407,0.034222685,1.0664623010494485
1167.945834911369,1.1274706,0.035029165,1.067036583097077
1167.9557886123446,1.1125934,0.034799684,1.0676168501749286
1167.96574231332,1.1549731,0.035432097,1.068192328526225
1167.9756960142956,1.0186214,0.033336196,1.0687538779832053
1167.9856497152712,1.0544004,0.033893988,1.0692861326321532
1167.9956034162467,1.0573496,0.033940803,1.0697800425039745
1168.0055571172222,1.0340139,0.03357054,1.0702229435657582
1168.0155108181978,1.0114017,0.03321027,1.0705961494491654
1168.0254645191733,1.0686074,0.034101933,1.0708800823925815
1168.0354182201488,1.041877,0.03368251,1.0710755074144593
1168.0453719211243,1.0703492,0.03412369,1.0711819542605947
1168.0553256220999,1.087241,0.03438174,1.0711977171382239
1168.0652793230754,1.0777175,0.034230027,1.071145961711393
1168.075233024051,1.0327474,0.03353027,1.07104586902175
1168.0851867250265,1.1038612,0.03462291,1.0709078665347052
1168.095140426002,1.0738671,0.034161463,1.0707265790633416
1168.1050941269775,0.9846101,0.03275361,1.0704872421972709
1168.115047827953,1.0881054,0.03438048,1.0701475268233194
1168.1250015289286,1.0873601,0.034362316,1.0696166111035308
1168.134955229904,1.0828176,0.034288585,1.0687883666320077
1168.1449089308796,0.9851553,0.032749437,1.0675904271013712
1168.1548626318552,1.0928627,0.034434427,1.065954251424111
1168.1648163328307,1.0271572,0.033416264,1.0637583264581048
1168.1747700338062,1.0290165,0.03344094,1.061068589131198
1168.1847237347818,1.0395668,0.033603407,1.0579165899839102
1168.1946774357573,1.0615247,0.033943787,1.0543290762890514
1168.2046311367328,1.0053316,0.03305841,1.0503637633105964
1168.2145848377083,1.0220107,0.033318214,1.0461588987943065
1168.2245385386839,1.045113,0.033678778,1.041817081914026
1168.2344922396594,1.053446,0.033808175,1.0374558069048239
1168.244445940635,1.0873535,0.034325585,1.0331968568768466
1168.2543996416105,1.0584495,0.03388288,1.0291237986349553
1168.264353342586,1.0669242,0.03400905,1.0252983000669196
1168.2743070435615,1.0889815,0.034340452,1.0217914675484598
1168.284260744537,1.0844799,0.034269582,1.0185661043447782
1168.2942144455126,1.0071129,0.03306063,1.0156187342112761
1168.304168146488,1.1135563,0.03470688,1.012966848145151
1168.3141218474636,1.0469564,0.0336831,1.010604310086497
1168.3240755484392,1.0445706,0.033645164,1.0084991355416628
1168.3340292494147,1.0678164,0.03400083,1.0066433221770539
1168.3439829503902,1.0263817,0.033352595,1.005063508147287
1168.3539366513658,1.016582,0.033194486,1.0037144124829427
1168.3638903523413,1.0386523,0.033537775,1.0025770288675366
1168.3738440533168,1.0510793,0.033728637,1.0016437699372187
1168.3837977542923,1.0160825,0.033181757,1.0009075486870898
1168.3937514552679,1.046729,0.033657096,1.0003242438631086
1168.4037051562434,0.99362963,0.032817125,0.9998769571473373
1168.413658857219,1.0589916,0.03383987,0.9995669734903272
1168.4236125581945,1.0714631,0.034030817,0.9993810211381732
1168.43356625917,1.0355793,0.033467866,0.9993137965551203
1168.4435199601455,1.0975261,0.03442037,0.9993752613400395
1168.453473661121,1.0330459,0.033420786,0.9996068770018576
1168.4634273620966,1.0347209,0.033449776,1.0000068131928923
1168.473381063072,1.0464776,0.033625383,1.0005970669163988
1168.4833347640476,1.0892822,0.034286037,1.0014184432401445
1168.4932884650232,1.1168538,0.034698546,1.0025025759236552
1168.5032421659987,1.0407014,0.033526592,1.0038459082469515
1168.5131958669742,1.0634805,0.033879075,1.0054617929341727
1168.5231495679498,1.0276195,0.033317544,1.007397694922265
1168.5331032689253,1.0590112,0.033802364,1.0096231201779895
1168.5430569699008,0.9988157,0.0328556,1.0121283781372181
1168.5530106708763,1.028053,0.033313375,1.0149133254113154
1168.5629643718519,1.0393323,0.033492018,1.0179624694771021
1168.5729180728274,1.0426828,0.033538163,1.0211677373834391
1168.582871773803,1.0045031,0.032933813,1.0244343570929269
1168.5928254747785,1.1020892,0.034445252,1.02764083982539
1168.602779175754,1.1116167,0.034588784,1.0306674637597868
1168.6127328767295,1.0758408,0.034040272,1.03343525025387
1168.622686577705,1.132311,0.034892008,1.035880103301723
1168.6326402786806,1.0239846,0.033223554,1.0378899340206034
1168.642593979656,1.0507495,0.033641998,1.0395054919504605
1168.6525476806316,1.0454564,0.0335583,1.0407281797553738
1168.6625013816072,1.1042694,0.034454633,1.0415558046278788
1168.6724550825827,1.0988187,0.034371544,1.0420239107550446
1168.6824087835582,1.0418898,0.03349406,1.0422365520199486
1168.692362484534,1.0880003,0.034198932,1.042266384193915
1168.7023161855095,1.0268137,0.033250224,1.0421751391061902
1168.712269886485,1.0486617,0.033587817,1.042033991287239
1168.7222235874606,1.0926012,0.0342636,1.0418805093909274
1168.732177288436,1.0368804,0.033402603,1.041737074609492
1168.7421309894116,1.0798026,0.034058936,1.0416242740594437
1168.7520846903872,1.0521823,0.033635557,1.0415512772799214
1168.7620383913627,1.0690178,0.033888295,1.0415291705166223
1168.7719920923382,1.0633736,0.03380422,1.041577530840767
1168.7819457933138,1.1117928,0.034537982,1.0417123460946103
1168.7918994942893,1.1272995,0.034766212,1.0419415932700211
1168.8018531952648,1.1409594,0.03496334,1.0422766040746232
1168.8118068962403,1.029376,0.033260636,1.0427422109096258
1168.8217605972159,1.1140696,0.034554206,1.043319211402152
1168.8317142981914,1.0834868,0.034091618,1.0439936079991832
1168.841667999167,1.0581925,0.033701066,1.0447487974247036
1168.8516217001425,1.0308386,0.033268806,1.0455605325154913
1168.861575401118,1.0565686,0.033671416,1.04639614987661
1168.8715291020935,1.0996321,0.034327116,1.0472355069569441
1168.881482803069,1.0764241,0.033971883,1.0480622072076837
1168.8914365040446,1.1392787,0.034912087,1.0488706273359931
1168.90139020502,1.1116856,0.034500707,1.04966388979607
1168.9113439059956,1.0864675,0.03411613,1.0504491682225776
1168.9212976069712,1.0936557,0.034221116,1.0512397402593228
1168.9312513079467,1.1079986,0.034435946,1.052049442050576
1168.9412050089222,1.1048317,0.034388244,1.052890270010837
1168.9511587098978,1.1256967,0.034698755,1.053771481686779
1168.9611124108733,1.1181985,0.034582205,1.0546859101919166
1168.9710661118488,1.0762162,0.03394106,1.0556112358161411
1168.9810198128243,1.1009973,0.034311205,1.0565254974367186
1168.9909735137999,1.052644,0.033570286,1.0574007009547484
1169.0009272147754,1.0283256,0.03319154,1.0582215592100535
1169.010880915751,1.0690309,0.033814948,1.0589762821015303
1169.0208346167265,1.0729445,0.0338779,1.0596490867058324
1169.030788317702,1.0760382,0.033922043,1.0602148410673948
1169.0407420186775,1.0289245,0.03318963,1.0606720035225443
1169.050695719653,1.0527447,0.03355317,1.0610105469375501
1169.0606494206286,1.0326309,0.033240378,1.0612156141072524
1169.070603121604,0.98751944,0.03252941,1.0613014819867885
1169.0805568225796,1.0124941,0.03292223,1.0612963973781269
1169.0905105235552,1.0854449,0.034048792,1.0612235983147627
1169.1004642245307,1.0174617,0.032997843,1.061101270158
1169.1104179255062,1.0350657,0.033269115,1.060958716139758
1169.1203716264818,1.0338343,0.03324989,1.0608121969361022
1169.1303253274573,1.0234337,0.033078834,1.0606765290097733
1169.1402790284328,1.0408136,0.033352397,1.0605642159258883
1169.1502327294083,0.9938735,0.03260481,1.0604759887045982
1169.1601864303839,0.9872027,0.032495886,1.0604054389686495
1169.1701401313594,1.01202,0.03289361,1.060334617467652
1169.180093832335,1.0445385,0.0333921,1.060236676221993
1169.1900475333105,0.95030755,0.03189684,1.060087503598583
1169.200001234286,0.9708587,0.032230947,1.05986567767199
1169.2099549352615,1.0669754,0.03373213,1.059547881349172
1169.219908636237,1.0375425,0.033279885,1.0591486302942257
1169.2298623372126,0.9687702,0.032185443,1.0586796395131468
1169.239816038188,1.0171822,0.032957282,1.0581578769085704
1169.2497697391636,0.99877065,0.032658577,1.0576131343451853
1169.2597234401392,0.9806141,0.032367848,1.0570747001011942
1169.2696771411147,0.9753503,0.03227808,1.0565628783359888
1169.2796308420902,0.97822195,0.032320872,1.0560923445336101
1169.2895845430658,0.9821752,0.032384526,1.0556355675433768
1169.2995382440413,0.97798204,0.032316674,1.0551040388817294
1169.3094919450168,1.0382788,0.03326461,1.05427074848746
1169.3194456459923,0.9445943,0.03177267,1.0526143725423736
1169.3293993469679,0.97245127,0.03221636,1.0496311185143048
1169.3393530479434,0.9356582,0.0316235,1.0447890884139703
1169.349306748919,0.9584965,0.03199034,1.037444458966203
1169.3592604498945,0.93779385,0.03164593,1.0275108179010226
1169.36921415087,0.95184153,0.03187872,1.01518298367444
1169.3791678518455,0.91556454,0.03127969,1.0005755173911495
1169.389121552821,0.8611146,0.030366745,0.9834921455159986
1169.3990752537966,0.83085525,0.029837642,0.964486462228072
1169.409028954772,0.8294704,0.029813517,0.9437315563401465
1169.4189826557476,0.8542918,0.030239271,0.9213085180240597
1169.4289363567232,0.86570644,0.03043281,0.8973630955163245
1169.4388900576987,0.7866789,0.02905434,0.8722631817977208
1169.4488437586742,0.7874651,0.029065434,0.8462334776889705
1169.4587974596498,0.8100976,0.029463697,0.819504661766138
1169.4687511606253,0.84840375,0.03021173,0.7925533754661902
1169.4787048616008,0.74060607,0.029294267,0.7658721122222335
1169.4886585625763,0.794752,0.031681787,0.7400318322679611
1169.4986122635519,0.70889086,0.030348912,0.7158834952777202
1169.5085659645274,0.76134974,0.031766236,0.6937058597707292
1169.518519665503,0.72837406,0.03257048,0.6737203611915188
1169.5284733664785,0.6902788,0.032812722,0.6561134575451882
1169.538427067454,0.68534166,0.03283445,0.640735173591434
1169.5483807684295,0.6697762,0.032643896,0.6272387857590134
1169.558334469405,0.6326326,0.03150714,0.6155123550161071
1169.5682881703806,0.5787758,0.030240685,0.6057291517486393
1169.578241871356,0.64915067,0.032996792,0.5976188417462436
1169.5881955723316,0.5542495,0.030493207,0.5911088267243555
1169.5981492733072,0.56585604,0.030557837,0.5862393501288206
1169.6081029742827,0.5993392,0.03081694,0.5831322214608258
1169.6180566752582,0.5393958,0.0282791,0.5815502302255245
1169.6280103762338,0.56435674,0.028664505,0.5814694953022838
1169.6379640772093,0.57413924,0.029260721,0.5830237081599474
1169.6479177781848,0.5514974,0.028379807,0.5861366387117615
1169.6578714791603,0.5576432,0.028567616,0.5906957083421136
1169.6678251801359,0.5784946,0.029244972,0.5967024092201112
1169.6777788811114,0.5502387,0.027968697,0.6044298990939645
1169.687732582087,0.5921137,0.029365573,0.6136697549664183
1169.6976862830625,0.5943755,0.030851668,0.6244706767251256
1169.707639984038,0.60944015,0.030595778,0.637017213453561
1169.7175936850138,0.63033986,0.030900188,0.6515368666341336
1169.7275473859893,0.62599146,0.030854357,0.6679853207159476
1169.7375010869648,0.67582357,0.032044455,0.6865180390570328
1169.7474547879403,0.68797576,0.03213349,0.7075146532437298
1169.7574084889159,0.66308737,0.03215288,0.7306910558153203
1169.7673621898914,0.6605094,0.032329425,0.7555631925599349
1169.777315890867,0.7213737,0.03283415,0.7815971610726151
1169.7872695918425,0.7138882,0.03223321,0.8082025593024391
1169.797223292818,0.8141338,0.03464631,0.8347387096091843
1169.8071769937935,0.73634326,0.033643447,0.8608275223061087
1169.817130694769,0.7919123,0.03448677,0.8860862981543642
1169.8270843957446,0.7469181,0.033843413,0.9102041851914571
1169.83703809672,0.89551973,0.036607206,0.9330513113932604
1169.8469917976956,0.84753656,0.03580374,0.9544359554155748
1169.8569454986712,0.88685787,0.03588555,0.973903017370281
1169.8668991996467,0.8739652,0.035212148,0.9914282561159758
1169.8768529006222,0.97644603,0.036741897,1.0068733370472052
1169.8868066015978,0.91540474,0.034490593,1.0199722950708785
1169.8967603025733,0.9098564,0.034396283,1.0302918918251258
1169.9067140035488,0.92409647,0.03427642,1.038107695045202
1169.9166677045243,0.9711003,0.035288908,1.043500853155067
1169.9266214054999,1.0754038,0.037650593,1.0465556357125847
1169.9365751064754,1.0036241,0.03685058,1.04787740919547
1169.946528807451,1.0224043,0.03609473,1.0481824624352731
1169.9564825084265,0.9539462,0.03257139,1.047957455036217
1169.966436209402,0.9791026,0.03215845,1.0475311413103225
1169.9763899103775,0.96656513,0.031956397,1.0471028238939573
1169.986343611353,0.9745844,0.03208272,1.0467293231049835
1169.9962973123286,0.9849123,0.032238062,1.0464362530937115
1170.006251013304,0.99800843,0.032446425,1.046235723409097
1170.0162047142796,0.99276584,0.03236431,1.0461161860090686
1170.0261584152552,1.0019364,0.032507475,1.0460739263870587
1170.0361121162307,0.9812388,0.032179866,1.0461138021376457
1170.0460658172062,0.9780409,0.032121744,1.0462289119376014
1170.0560195181818,0.9746444,0.03207013,1.0464141931025397
1170.0659732191573,1.0231355,0.032822724,1.0466698369209306
1170.0759269201328,1.0650394,0.03347022,1.0470060777019363
1170.0858806211083,1.0301952,0.032931693,1.0474071048790363
1170.0958343220839,0.9515665,0.03168959,1.047866226697887
1170.1057880230594,1.0122128,0.03264909,1.0483769635722098
1170.115741724035,0.9770196,0.032093458,1.0489276568395884
1170.1256954250105,0.9964955,0.03239944,1.0495018226307582
1170.135649125986,0.98199564,0.032165743,1.0500874472597845
1170.1456028269615,1.0518651,0.033247586,1.0506699972467373
1170.155556527937,0.9929592,0.03233347,1.0512339876032715
1170.1655102289126,0.9825908,0.032166097,1.0517658956498364
1170.175463929888,0.97727823,0.03207859,1.0522526202263605
1170.1854176308636,1.0562876,0.03330754,1.0526787964914388
1170.1953713318392,1.0058872,0.032523885,1.05305072372209
1170.2053250328147,0.9193484,0.031132206,1.0533728653767438
1170.2152787337902,0.9312806,0.031326152,1.0536532869675725
1170.2252324347658,0.9600018,0.031788968,1.0539116651630875
1170.2351861357413,0.9907364,0.03227485,1.054170826372856
1170.2451398367168,0.97530717,0.032026153,1.0544496540306825
1170.2550935376923,0.9894695,0.032248225,1.0547711038045833
1170.2650472386679,1.040646,0.03304595,1.0551427774869533
1170.2750009396434,1.0747356,0.03356011,1.0555695798582243
1170.284954640619,0.993209,0.032302707,1.0560562466029757
1170.2949083415945,0.99623,0.032345194,1.056606061757782
1170.30486204257,1.0021638,0.032434717,1.0572023216196578
1170.3148157435455,1.004021,0.03246346,1.0578290206128553
1170.324769444521,1.035854,0.03295371,1.0584604856989837
1170.3347231454966,1.0213397,0.032722313,1.0590621464447574
1170.344676846472,1.0066583,0.03249288,1.0596058099947452
1170.3546305474476,1.0280955,0.032825824,1.0600682502809788
1170.3645842484232,1.0609022,0.033323586,1.0604155551445396
1170.3745379493987,1.082291,0.033647608,1.0606553934829777
1170.3844916503742,1.0043317,0.032445595,1.060791019755477
1170.3944453513498,1.0315982,0.032868363,1.0608283358393455
1170.4043990523253,1.0039829,0.032433555,1.0607829232299726
1170.4143527533008,1.0867473,0.03369881,1.0606881639024388
1170.4243064542763,1.0026752,0.032407455,1.060565574280741
1170.4342601552519,1.0043164,0.03243327,1.0604325636593666
1170.4442138562274,1.0563506,0.033244736,1.0603020003755737
1170.454167557203,0.9973607,0.032319915,1.0601782402076776
1170.4641212581785,1.034811,0.032900613,1.0600611395261437
1170.474074959154,0.9547937,0.031640887,1.0599483159675644
1170.4840286601295,1.0559449,0.033219405,1.0598346847734754
1170.493982361105,1.0365125,0.032918777,1.0597155926339545
1170.5039360620806,1.0238881,0.03272552,1.0595846463552485
1170.513889763056,1.0321218,0.03284652,1.059433720223097
1170.5238434640316,1.0299387,0.032806743,1.059257637079905
1170.5337971650072,1.0224334,0.032694392,1.0590505450899501
1170.5437508659827,1.0901206,0.033716835,1.0588022978341987
1170.5537045669582,1.0652369,0.033341754,1.0585115099133304
1170.5636582679338,1.0957689,0.033800017,1.0581764531327786
1170.5736119689093,1.0456456,0.033039927,1.0577933036875076
1170.5835656698848,1.1057702,0.033945214,1.0573525868708573
1170.5935193708603,1.0187644,0.03262135,1.0568609325618457
1170.6034730718359,1.1166764,0.034103673,1.0563187255673911
1170.6134267728114,1.0656189,0.033330716,1.055724402963737
1170.6233804737872,1.0314747,0.032809142,1.0550826567757663
1170.6333341747627,1.0537666,0.03315061,1.054405409789547
1170.6432878757382,1.0331984,0.03283462,1.0537025529017185
1170.6532415767138,1.0863864,0.03363333,1.0529871339352168
1170.6631952776893,1.0533457,0.033135734,1.0522781554564329
1170.6731489786648,1.071588,0.033410028,1.0515914562409119
1170.6831026796403,1.0573615,0.033187587,1.0509413854619174
1170.6930563806159,1.0395824,0.032913845,1.0503394038518388
1170.7030100815914,1.078278,0.03350003,1.0497738211260992
1170.712963782567,1.0403602,0.032924984,1.049228812954233
1170.7229174835425,1.0177466,0.03257705,1.0486772245106406
1170.732871184518,1.1003308,0.03382722,1.0480837405933217
1170.7428248854935,1.0851477,0.03359098,1.0474223047182147
1170.752778586469,1.0193448,0.032587025,1.0466742670890845
1170.7627322874446,1.0395299,0.03289897,1.0458193808008356
1170.77268598842,1.0090094,0.03241798,1.0448825331128138
1170.7826396893956,0.96379906,0.031704195,1.0438893757380414
1170.7925933903712,1.0410215,0.032906655,1.0428730843365868
1170.8025470913467,1.0114841,0.03244487,1.0418793688135946
1170.8125007923222,0.99984753,0.03227112,1.0409451365685827
1170.8224544932978,1.0784589,0.033470955,1.0400979536984096
1170.8324081942733,1.0253917,0.032662906,1.0393672599400385
1170.8423618952488,1.0527372,0.033075254,1.0387572186888683
1170.8523155962243,1.0383323,0.032850195,1.0382586429322185
1170.8622692971999,1.0156132,0.03249812,1.0378657133633988
1170.8722229981754,1.084762,0.03355058,1.0375867648857957
1170.882176699151,1.0460367,0.032961804,1.037398924993545
1170.8921304001265,0.97150546,0.03179905,1.037297174887855
1170.902084101102,0.99358827,0.032143563,1.0372836362474298
1170.9120378020775,1.038196,0.03283795,1.037362793498821
1170.921991503053,1.0403974,0.032864787,1.0375239063611148
1170.9319452040286,1.0879631,0.0335826,1.0377656712759626
1170.941898905004,1.0736928,0.033363216,1.038093007552114
1170.9518526059796,1.0936446,0.03366625,1.038491649393265
1170.9618063069552,1.0194602,0.032539114,1.0389415540117204
1170.9717600079307,1.0579468,0.0331219,1.039419355625913
1170.9817137089062,1.054756,0.033070195,1.0398883340015685
1170.9916674098818,1.0331821,0.032738406,1.0403128674166275
1171.0016211108573,1.0228374,0.032578435,1.0406669008857363
1171.0115748118328,1.039035,0.03282072,1.0409277478332521
1171.0215285128083,1.0032439,0.03226576,1.041081659261811
1171.0314822137839,1.0720646,0.033322908,1.0411348408235999
1171.0414359147594,1.0255034,0.032609478,1.041084319032526
1171.051389615735,1.0963141,0.033678707,1.0409138606842312
1171.0613433167105,1.1207258,0.034037292,1.040630802827637
1171.071297017686,1.0493534,0.032966528,1.0402439793871612
1171.0812507186615,1.0898238,0.033570327,1.039762427441066
1171.091204419637,1.0439582,0.032875817,1.039200614601048
1171.1011581206126,1.0528551,0.03301252,1.0386111289672655
1171.111111821588,1.0254234,0.032587055,1.0380432998973506
1171.1210655225636,1.0748641,0.03333744,1.0375593016126854
1171.1310192235392,1.0617255,0.033132397,1.0372138374848265
1171.1409729245147,1.0897894,0.033553634,1.0370192913646226
1171.1509266254902,1.0989671,0.03368234,1.0369775947503024
1171.1608803264658,1.1046631,0.033768624,1.037087628733134
1171.1708340274413,1.0234643,0.032542247,1.0372980230950146
1171.1807877284168,1.0568645,0.03304103,1.0375601587233685
1171.1907414293923,1.0259523,0.032571845,1.0378271875729774
1171.2006951303679,1.0715533,0.033263914,1.0380450382053532
1171.2106488313434,1.0036137,0.03222256,1.0381857692823653
1171.220602532319,1.0337516,0.032684226,1.0382333330111422
1171.2305562332945,1.0417393,0.03280255,1.0381790156898008
1171.24050993427,1.0922477,0.033565454,1.038037877196838
1171.2504636352455,1.0153168,0.032394096,1.0378406278087962
1171.260417336221,1.0402664,0.03277381,1.0376096944752256
1171.2703710371966,1.0827227,0.03341573,1.0373627571885211
1171.280324738172,1.0958167,0.033606626,1.0371144537758428
1171.2902784391476,1.0451428,0.032837678,1.0368709309662045
1171.3002321401232,1.0740091,0.03327553,1.0366357442927243
1171.3101858410987,1.0528281,0.032952413,1.0364154180915428
1171.3201395420742,1.0789485,0.03334387,1.0362162581345329
1171.3300932430498,1.1224244,0.033986624,1.0360498145142512
1171.3400469440253,1.1273692,0.034055,1.0359380168472585
1171.3500006450008,1.0693971,0.033196166,1.0359035625832695
1171.3599543459763,1.088622,0.033474013,1.0359611359833385
1171.3699080469519,1.0448388,0.03281215,1.036127453301796
1171.3798617479274,1.0809606,0.03335657,1.036434426279957
1171.389815448903,1.1070974,0.033746835,1.0368731429572366
1171.3997691498785,1.0667579,0.03313866,1.037438536135474
1171.409722850854,1.0440929,0.032796346,1.0381215374227541
1171.4196765518295,1.0571837,0.03299272,1.0389001362897912
1171.429630252805,1.0661883,0.033125013,1.0397218687741019
1171.4395839537806,1.0579439,0.0329953,1.040549522377408
1171.449537654756,1.0667678,0.033129066,1.0413495273652287
1171.4594913557316,1.1435384,0.034257613,1.04210178630643
1171.4694450567072,1.0525848,0.03290141,1.0428008356345075
1171.4793987576827,1.1217377,0.033931352,1.0434432609567468
1171.4893524586582,1.1024886,0.03365127,1.044016723045669
1171.4993061596338,1.1065109,0.03371162,1.0445245280265438
1171.5092598606093,1.0763248,0.033254944,1.0449598208453768
1171.5192135615848,1.0618343,0.033031598,1.0453084259554255
1171.5291672625603,1.078597,0.0332842,1.0455523818423162
1171.5391209635359,1.0535134,0.03289621,1.0457042632463347
1171.5490746645114,1.066099,0.033090454,1.0457777991396433
1171.559028365487,1.0439488,0.03275394,1.0457943235724354
1171.5689820664625,1.0629222,0.033035625,1.0457868350404946
1171.578935767438,1.0335416,0.032588176,1.045778085122318
1171.5888894684135,1.1129937,0.033777572,1.0457782063312528
1171.598843169389,1.0625794,0.033027295,1.0457907252022456
1171.6087968703646,1.0221908,0.032405835,1.0458110211413192
1171.6187505713401,0.9875665,0.03186699,1.045836121371611
1171.6287042723156,1.0308529,0.03252956,1.0458662295204184
1171.6386579732912,1.01647,0.03230832,1.0459084738449373
1171.648611674267,1.0012691,0.03207007,1.0459731874245133
1171.6585653752425,1.0241506,0.032423876,1.0460739283676441
1171.668519076218,1.0452689,0.032747388,1.0462306390946434
1171.6784727771935,1.0271902,0.032465395,1.0464518482457381
1171.688426478169,1.0289211,0.032489713,1.0467358002243834
1171.6983801791446,0.9985406,0.032020748,1.0470767035236541
1171.70833388012,1.0719287,0.033135112,1.047465755772207
1171.7182875810956,1.0215701,0.032369237,1.0478741233208582
1171.7282412820712,1.0665807,0.03304911,1.0482803586567198
1171.7381949830467,1.0020716,0.032065902,1.0486625263595322
1171.7481486840222,1.0373958,0.03259674,1.0489999839952584
1171.7581023849978,0.97848034,0.031691365,1.049287386550681
1171.7680560859733,0.9735304,0.031607475,1.0495221550976546
1171.7780097869488,1.0124619,0.032209586,1.0497038290900584
1171.7879634879243,1.0364256,0.032578476,1.0498479913035355
1171.7979171888999,0.9590623,0.031372424,1.0499733605350867
1171.8078708898754,1.026131,0.032413874,1.050096746772708
1171.817824590851,1.0119858,0.03219571,1.0502372241402929
1171.8277782918265,0.9938569,0.03191045,1.0504035939110712
1171.837731992802,1.0196899,0.03231077,1.0505997398577036
1171.8476856937775,1.0115676,0.032186463,1.0508252750819225
1171.857639394753,0.9702948,0.031541023,1.0510725933686333
1171.8675930957286,0.99322706,0.031891976,1.0513263718377615
1171.877546796704,1.0262941,0.032395948,1.0515726603774658
1171.8875004976796,1.0169843,0.03225616,1.051794069508515
1171.8974541986552,0.9707953,0.031535394,1.051978559739382
1171.9074078996307,1.0416982,0.0326279,1.052119271777742
1171.9173616006062,0.9434557,0.031095373,1.0522101661011156
1171.9273153015818,0.96817887,0.031482395,1.0522363961810681
1171.9372690025573,1.044274,0.032657538,1.052202454702526
1171.9472227035328,1.036151,0.0325347,1.0521022230285082
1171.9571764045083,1.0040967,0.03203529,1.0519225861198624
1171.9671301054839,1.0158308,0.032215938,1.0516497700526544
1171.9770838064594,1.0418005,0.032608945,1.051289571333307
1171.987037507435,1.0617161,0.032908153,1.0508461750805362
1171.9969912084105,1.1197127,0.033768207,1.050325870375684
1172.006944909386,1.0155607,0.032199595,1.0497581089819417
1172.0168986103615,1.0712279,0.033044234,1.0491713111479315
1172.026852311337,1.0541323,0.032787114,1.04858725081485
1172.0368060123126,1.0392066,0.03255094,1.04802359095617
1172.046759713288,1.0686963,0.03299736,1.047479232249508
1172.0567134142636,1.0527512,0.03275561,1.0469453473086487
1172.0666671152392,1.0376468,0.032521762,1.0464047041787827
1172.0766208162147,1.040422,0.032559387,1.0458344970480464
1172.0865745171902,1.0290924,0.032388102,1.0452206101899801
1172.0965282181658,1.1092297,0.033581056,1.044553731972458
1172.1064819191413,1.0329602,0.032437555,1.0438254799188467
1172.1164356201168,1.0126554,0.03213048,1.0430469218684402
1172.1263893210923,1.0586431,0.032822993,1.042233402858019
1172.1363430220679,1.0325215,0.032423966,1.0413988412139668
1172.1462967230434,1.0262401,0.032329448,1.0405542945165864
1172.156250424019,1.0462217,0.032628335,1.0397046521555398
1172.1662041249945,1.0431213,0.032579523,1.0388401654553376
1172.17615782597,1.0619367,0.032859273,1.0379300079399714
1172.1861115269455,1.0158037,0.032155707,1.0369171034777924
1172.196065227921,1.049434,0.03266724,1.0357507186134312
1172.2060189288966,1.10147,0.033439565,1.0343781319076166
1172.215972629872,1.026353,0.03231274,1.0327326594906885
1172.2259263308476,1.0760498,0.03306382,1.030829093120582
1172.2358800318232,1.0501857,0.0326715,1.02871618570657
1172.2458337327987,1.0279785,0.032330077,1.0264603609847684
1172.2557874337742,1.0827142,0.03314771,1.0241537281866322
1172.2657411347498,1.0696448,0.03295128,1.0219050089885122
1172.2756948357253,1.1073682,0.03350666,1.019791745689448
1172.2856485367008,1.0682132,0.03293111,1.0178860420119784
1172.2956022376763,1.0903549,0.033247616,1.0162342942439855
1172.3055559386519,1.0729687,0.032987375,1.0148204884653467
1172.3155096396274,1.071761,0.03296576,1.013640021663453
1172.325463340603,1.0514424,0.032665506,1.0127111066567762
1172.3354170415785,1.0486169,0.032619458,1.0120066226550029
1172.345370742554,1.0753407,0.03301629,1.0115062037923328
1172.3553244435295,1.0711751,0.032952167,1.011202536425056
1172.365278144505,1.061118,0.032798443,1.0111146964901059
1172.3752318454806,1.0759495,0.03301868,1.0111973897150834
1172.3851855464561,1.0717864,0.0329545,1.0114341728548575
1172.3951392474316,1.0257821,0.032257564,1.0118104012507823
1172.4050929484072,1.062438,0.032809444,1.0122991312622556
1172.4150466493827,1.0414126,0.032491136,1.0128584015223163
1172.4250003503582,1.0363533,0.032406703,1.0134634118770942
1172.4349540513338,1.071867,0.03294167,1.0140978386518984
1172.4449077523093,1.012148,0.03203493,1.014751832748442
1172.4548614532848,1.112353,0.03353377,1.0154294811833724
1172.4648151542604,1.0965247,0.033298265,1.0161443330634077
1172.4747688552359,0.98285466,0.031573694,1.016925588962342
1172.4847225562114,1.0859098,0.03313819,1.017781985279341
1172.494676257187,1.0462228,0.032545995,1.018724152200126
1172.5046299581625,1.0809149,0.033063293,1.0197598826754173
1172.514583659138,1.0749452,0.032968014,1.0208826606110093
1172.5245373601135,1.0487666,0.032573823,1.022061756174238
1172.534491061089,1.0804881,0.03304187,1.0232679725595828
1172.5444447620646,1.0355021,0.032367956,1.0244627384595808
1172.5543984630403,1.0672153,0.03284024,1.0256110551039386
1172.5643521640159,0.99849725,0.03179614,1.0266964430318557
1172.5743058649914,0.97929364,0.031497218,1.027717845260055
1172.584259565967,1.0050361,0.03189328,1.0286897720318264
1172.5942132669425,0.95133054,0.031052936,1.0296602849217522
1172.604166967918,1.0543503,0.032638725,1.030672437279456
1172.6141206688935,1.0176356,0.032079894,1.031768493245641
1172.624074369869,1.0373615,0.03237346,1.0329654233961016
1172.6340280708446,1.0023986,0.031837564,1.0342254536442297
1172.64398177182,1.026064,0.032196112,1.0354918531289738
1172.6539354727956,1.088511,0.03312967,1.0366714532343873
1172.6638891737712,1.0387732,0.032390352,1.0376766167212794
1172.6738428747467,1.0346837,0.032320485,1.0384520426627937
1172.6837965757222,0.98779577,0.031602222,1.0389677589398048
1172.6937502766978,0.97871506,0.03145528,1.0391875355647961
1172.7037039776733,1.0092081,0.03192502,1.039196482495013
1172.7136576786488,1.0052334,0.03185991,1.0390497752773635
1172.7236113796243,0.97518176,0.031394426,1.0388038580915582
1172.7335650805999,1.0068582,0.031879425,1.0385162507209302
1172.7435187815754,1.0254409,0.032165214,1.038230670530989
1172.753472482551,1.0434496,0.032428157,1.0379680807960279
1172.7634261835265,0.9856201,0.031541362,1.0377456997228829
1172.773379884502,1.0230136,0.032115676,1.0375683800362197
1172.7833335854775,1.0466343,0.032475516,1.0374362449613435
1172.793287286453,0.9962568,0.031701062,1.0373503272714177
1172.8032409874286,1.0494465,0.032505654,1.0373192283367543
1172.813194688404,1.0383322,0.032342304,1.0373346485442627
1172.8231483893796,1.017518,0.0320226,1.0373948181051607
1172.8331020903552,0.9331146,0.030705664,1.0374969007657528
1172.8430557913307,0.9774164,0.03140166,1.0376311662900626
1172.8530094923062,0.9596846,0.031116603,1.0377762814666687
1172.8629631932818,0.93746895,0.030765528,1.0379109542144977
1172.8729168942573,0.97702175,0.03138542,1.0380066955431944
1172.8828705952328,0.98487604,0.031504255,1.038042489880007
1172.8928242962083,0.93436,0.03070555,1.0380061974872787
1172.9027779971839,0.9883714,0.03155696,1.0378856539464818
1172.9127316981594,0.9983318,0.03171046,1.0376509738486839
1172.922685399135,1.0478243,0.032456458,1.037306451919599
1172.9326391001105,1.0071768,0.03183343,1.03684734561311
1172.942592801086,0.9771186,0.03136859,1.0362702021212358
1172.9525465020615,1.0304128,0.032182917,1.035583856624474
1172.962500203037,0.9581322,0.031066248,1.0348292760309856
1172.9724539040126,1.033058,0.032217752,1.0340383311445536
1172.982407604988,0.9528195,0.030982316,1.0332414882109224
1172.9923613059636,1.007186,0.031818602,1.0324589765753933
1173.0023150069392,0.97438926,0.03131057,1.0316939810290984
1173.0122687079147,1.0165575,0.03195998,1.0309404717862882
1173.0222224088902,1.0403372,0.032317955,1.0301845981754758
1173.0321761098658,0.9780207,0.031360164,1.02941388045113
1173.0421298108413,1.0271194,0.032107983,1.0286224365334533
1173.0520835118168,0.9854005,0.0314712,1.0278089482398318
1173.0620372127923,1.0613865,0.03262354,1.0269739417724753
1173.0719909137679,1.0149596,0.03192118,1.0261208539478153
1173.0819446147434,1.032592,0.032183386,1.0252499830493687
1173.091898315719,1.0077384,0.0318,1.0243605632122266
1173.1018520166945,0.97893894,0.03135313,1.02345699524743
1173.11180571767,0.99438894,0.031589944,1.0225471155951433
1173.1217594186455,0.9746112,0.03128155,1.0216397955352547
1173.131713119621,0.9763691,0.031309593,1.0207504908790248
1173.1416668205966,1.0256919,0.032062314,1.0198931110648202
1173.151620521572,0.98115546,0.031378612,1.0190844994489983
1173.1615742225476,0.9662332,0.031141574,1.0183483670060824
1173.1715279235232,1.1038694,0.03322065,1.0177191722680647
1173.1814816244987,1.048055,0.032387562,1.017204851314787
1173.1914353254742,1.0940346,0.033068042,1.0168173064236656
1173.2013890264498,1.0457193,0.03234959,1.0165750478918647
1173.2113427274253,1.018909,0.031937566,1.0164768480327322
1173.2212964284008,1.0627818,0.032601513,1.016510833242593
1173.2312501293763,1.0275285,0.0320681,1.0166765556491353
1173.2412038303519,1.032026,0.032136988,1.016996213051044
1173.2511575313274,1.0615244,0.03258024,1.0174572495403034
1173.261111232303,1.0724723,0.03273446,1.018062347800256
1173.2710649332785,1.0396371,0.032242917,1.018822394958265
1173.281018634254,1.0877285,0.03295592,1.019757700939812
1173.2909723352295,1.0227946,0.031983145,1.0208414173719966
1173.300926036205,1.0932527,0.03303273,1.0220588766367456
1173.3108797371806,1.0559505,0.03247809,1.0233925389215375
1173.3208334381561,1.0744065,0.032749183,1.024801901735306
1173.3307871391316,1.1166222,0.033362087,1.026238110088178
1173.3407408401072,1.0761156,0.03276916,1.0276577971484606
1173.3506945410827,1.0170479,0.031877533,1.0290013984281308
1173.3606482420582,1.0903336,0.03297371,1.030226333154423
1173.3706019430338,1.0363379,0.03216939,1.0312954005017745
1173.3805556440093,1.0568119,0.032474622,1.0321688024269813
1173.3905093449848,1.0694723,0.032658562,1.032790978383535
1173.4004630459604,1.0379009,0.03218427,1.0331880684008987
1173.4104167469359,1.0287668,0.032043513,1.0333757685762115
1173.4203704479114,1.0522889,0.03238989,1.033378652078812
1173.430324148887,1.0373011,0.032164652,1.0332548625296782
1173.4402778498625,1.0243711,0.03197052,1.0330748899705147
1173.450231550838,1.0311985,0.032069854,1.0328896052624081
1173.4601852518135,1.0614002,0.03252369,1.0327489360825126
1173.470138952789,1.0909845,0.03295327,1.0326799124923092
1173.4800926537646,1.044595,0.032265477,1.0326953220823294
1173.4900463547401,1.0442975,0.03226337,1.032802839657842
1173.5000000557156,1.069913,0.032640178,1.0330114690861316
1173.5099537566912,1.0678276,0.032602247,1.0332932252037306
1173.5199074576667,1.0272043,0.031996574,1.0336276528513209
1173.5298611586422,1.0017807,0.031602934,1.0339898133255754
1173.5398148596178,1.0533956,0.032378834,1.0343491335106014
1173.5497685605933,1.0424575,0.032215353,1.0346812553795637
1173.5597222615688,1.1002288,0.03307016,1.0349679268971173
1173.5696759625444,1.1101283,0.033211567,1.0351867798010332
1173.57962966352,1.0246309,0.03193941,1.035334137347588
1173.5895833644956,1.0026876,0.03160705,1.0354140373947722
1173.5995370654712,1.0310798,0.03203225,1.0354353013854465
1173.6094907664467,1.0886004,0.032888677,1.0354124948371397
1173.6194444674222,0.99465936,0.031478237,1.035377483222381
1173.6293981683978,1.0473281,0.03226877,1.0353506163114459
1173.6393518693733,1.0502,0.03230671,1.0353492122740273
1173.6493055703488,0.97437364,0.031157162,1.03538552320821
1173.6592592713243,1.0899054,0.032891817,1.0354600372550755
1173.6692129722999,1.0810659,0.032758337,1.03557422882942
1173.6791666732754,1.025138,0.03192159,1.035733879758771
1173.689120374251,1.0247217,0.031916875,1.0359382187972566
1173.6990740752265,1.0678364,0.032556657,1.0361870151464956
1173.709027776202,1.0491617,0.03227729,1.0364833004499647
1173.7189814771775,1.0225167,0.03187229,1.0368405266682068
1173.728935178153,1.0232236,0.031879794,1.0372553394182953
1173.7388888791286,1.035802,0.032067668,1.0377323349012546
1173.748842580104,1.0523523,0.032315187,1.0382782721106787
1173.7587962810796,1.0259625,0.03191355,1.0388963076071023
1173.7687499820552,1.0431131,0.032172836,1.039567339557924
1173.7787036830307,0.971871,0.031083982,1.0402713176547231
1173.7886573840062,1.0214076,0.031839233,1.0409796730390484
1173.7986110849818,1.0183909,0.03179073,1.041658524711465
1173.8085647859573,1.0035275,0.0315641,1.0422813819793364
1173.8185184869328,1.0102891,0.03166335,1.0428252817549135
1173.8284721879083,1.0491763,0.032247253,1.0432533671757338
1173.8384258888839,1.0412447,0.032130055,1.0435656750957434
1173.8483795898594,1.0168542,0.031755697,1.0437585591432028
1173.858333290835,1.0048817,0.031571254,1.0438308802847978
1173.8682869918105,1.0027459,0.03153435,1.0437890219165193
1173.878240692786,1.0542696,0.032311797,1.0436717087932526
1173.8881943937615,1.000625,0.031498194,1.0435050704007758
1173.898148094737,0.96816367,0.030996302,1.0433134108599424
1173.9081017957126,1.0421373,0.032118082,1.0431191583931807
1173.918055496688,1.0294296,0.03192412,1.0429350001787718
1173.9280091976636,1.0594363,0.03237054,1.0427672504619983
1173.9379628986392,1.0260336,0.031875666,1.0426219830186452
1173.9479165996147,1.0066758,0.031575635,1.0424981315229807
1173.9578703005902,1.0180876,0.031745054,1.0423953544059918
1173.9678240015658,0.9467548,0.030644752,1.0423136684609062
1173.9777777025413,0.99129045,0.031334557,1.042253515407337
1173.9877314035168,0.97283983,0.03104739,1.042208623772225
1173.9976851044923,0.9745984,0.031071557,1.0421742041448705
1174.0076388054679,1.0329288,0.03195483,1.0421440545100065
1174.0175925064434,1.0328071,0.031953912,1.0421107434624872
1174.027546207419,1.0103164,0.03161321,1.0420694741728909
1174.0374999083945,1.0432484,0.032105953,1.0420178794885273
1174.04745360937,1.0549794,0.032278243,1.0419549901532692
1174.0574073103455,1.0946985,0.03285948,1.0418846575301446
1174.067361011321,0.9836735,0.031193351,1.0418106084681509
1174.0773147122966,1.1184969,0.03320273,1.041735867858307
1174.087268413272,1.033073,0.031946044,1.0416630715582682
1174.0972221142476,1.0494064,0.032184415,1.0415931693238576
1174.1071758152232,0.99670464,0.031385794,1.041526302492397
1174.1171295161987,1.070409,0.03248643,1.041461622663188
1174.1270832171742,1.0576701,0.032297216,1.0413956563314584
1174.1370369181498,1.0535964,0.03223522,1.0413213708456492
1174.1469906191253,1.101147,0.03293166,1.0412257860677916
1174.1569443201008,1.0321006,0.031910457,1.0410786044271187
1174.1668980210763,1.0298184,0.031876426,1.040845796829519
1174.1768517220519,1.102725,0.032948706,1.0404937300649784
1174.1868054230274,1.1016965,0.032933317,1.039989767350339
1174.196759124003,1.0821068,0.032646377,1.0392796061101985
1174.2067128249785,1.0799999,0.03261301,1.0383931879928552
1174.216666525954,1.100396,0.03290561,1.0373551959671627
1174.2266202269295,1.0885768,0.0327284,1.0362062077774055
1174.236573927905,1.097005,0.032851856,1.0350070217240284
1174.2465276288806,1.0649018,0.032378014,1.0338225826361027
1174.2564813298561,1.0607741,0.0323177,1.0326954090374654
1174.2664350308316,1.1384251,0.033442464,1.0316615846029848
1174.2763887318072,1.0704153,0.032455046,1.0307250550353009
1174.2863424327827,1.1334612,0.03335998,1.029870983261288
1174.2962961337582,1.0369147,0.0319525,1.0290853373126945
1174.3062498347338,1.0970618,0.032833464,1.0283598675651853
1174.3162035357093,1.0696963,0.03243212,1.0276735841934712
1174.3261572366848,1.0519869,0.032170698,1.027018018090999
1174.3361109376604,1.0036036,0.03143751,1.0263893329280416
1174.3460646386359,1.0894269,0.032715842,1.0257861932122994
1174.3560183396114,1.0343227,0.03189893,1.02520213802425
1174.365972040587,1.0806183,0.03257974,1.0246336835971293
1174.3759257415625,1.081515,0.03259083,1.0240783568848455
1174.385879442538,1.0454979,0.032058403,1.0235343462168214
1174.3958331435135,1.0743158,0.0324837,1.0230027992801602
1174.405786844489,1.0260153,0.03175848,1.0224895088728412
1174.4157405454646,1.0671251,0.032371055,1.0220090474969237
1174.4256942464401,0.9984676,0.031338513,1.0215702113746599
1174.4356479474156,1.038797,0.031946108,1.0211811741967771
1174.4456016483912,0.9962107,0.031298768,1.0208500447910553
1174.4555553493667,1.034603,0.03187996,1.020588828753148
1174.4655090503422,1.0492804,0.03209138,1.0203891333307848
1174.4754627513178,1.0779656,0.03251658,1.0202503459455965
1174.4854164522935,1.0228138,0.031696174,1.0201761270503917
1174.495370153269,1.063384,0.032293983,1.020167738183628
1174.5053238542446,1.0021324,0.031377256,1.020219557564385
1174.51527755522,1.0832686,0.032582603,1.0203325068002447
1174.5252312561956,1.0677558,0.03235537,1.0205162040151607
1174.5351849571712,1.0425135,0.031977776,1.0207682087297147
1174.5451386581467,1.0587237,0.032216992,1.0210886391097003
1174.5550923591222,1.026772,0.03173661,1.0214818682068982
1174.5650460600978,1.0448599,0.032005314,1.0219662227361042
1174.5749997610733,1.0186813,0.031608444,1.022533454421548
1174.5849534620488,1.0724802,0.032408863,1.0231843120286488
1174.5949071630243,1.0978411,0.03277165,1.0239148623694725
1174.6048608639999,1.013377,0.031522773,1.024702648187484
1174.6148145649754,1.0159938,0.031563777,1.0254997641780754
1174.624768265951,0.9986176,0.031297125,1.026254670407514
1174.6347219669265,0.95889765,0.030680774,1.0268883597238032
1174.644675667902,1.0124906,0.031503115,1.0273316895405782
1174.6546293688775,1.0783978,0.03248144,1.0275433264374827
1174.664583069853,1.1122364,0.032968957,1.0274948630131355
1174.6745367708286,1.0852284,0.032572508,1.0271419105529989
1174.684490471804,0.96993035,0.030844467,1.026552746996576
1174.6944441727796,1.0497478,0.032048464,1.0257777077087824
1174.7043978737552,1.0517222,0.03207402,1.0248710919629622
1174.7143515747307,1.0196955,0.031595882,1.023892555689677
1174.7243052757062,1.0003575,0.03129963,1.0229022111401491
1174.7342589766818,1.0365831,0.03184689,1.0219332731629636
1174.7442126776573,1.0310675,0.03175746,1.0210124304563348
1174.7541663786328,1.0741053,0.032392487,1.0201508844919907
1174.7641200796083,1.054731,0.032108016,1.0193453364424714
1174.7740737805839,1.0538707,0.032087654,1.0185926672859162
1174.7840274815594,1.0052118,0.031360805,1.0178933141327433
1174.793981182535,0.9954869,0.031211691,1.0172331766256058
1174.8039348835105,1.0031224,0.03131916,1.0166012570486211
1174.813888584486,1.0094494,0.03141867,1.0159869450464392
1174.8238422854615,1.0143353,0.031490985,1.0153785199554313
1174.833795986437,1.031594,0.03174708,1.0147650493163523
1174.8437496874126,1.0633287,0.03221442,1.0141411885699985
1174.853703388388,1.1192001,0.033019688,1.0135055091973582
1174.8636570893636,1.0459596,0.03196784,1.0128621347728102
1174.8736107903392,1.0366145,0.032297127,1.0122186034172167
1174.8835644913147,1.044748,0.033796135,1.0115820751808562
1174.8935181922902,1.0463053,0.034337647,1.0109611619416403
1174.9034718932658,1.0060425,0.033965357,1.0103599479217698
1174.9134255942413,1.1054268,0.03637167,1.0097800055925197
1174.9233792952168,1.0661107,0.03737979,1.0092224686414293
1174.9333329961923,1.1240648,0.03823275,1.0086918904999171
1174.9432866971679,1.0832945,0.03788658,1.0081845237315057
1174.9532403981434,1.0795109,0.03776715,1.0077005639108407
1174.963194099119,1.0827163,0.03746878,1.0072414981498514
1174.9731478000945,1.0589399,0.03777532,1.006809586248482
1174.98310150107,1.1122789,0.039318316,1.006402814828126
1174.9930552020455,1.0862567,0.038808893,1.0060222576474966
1175.003008903021,1.0403543,0.037531756,1.0056713764117458
1175.0129626039966,1.0808177,0.036952317,1.0053482378274388
1175.0229163049721,1.004283,0.035627346,1.0050467982118183
1175.0328700059476,1.0336568,0.035904635,1.0047588442812205
1175.0428237069232,1.0419177,0.03614145,1.004467855295027
1175.0527774078987,1.1057745,0.037129525,1.0041499483772334
1175.0627311088742,1.0216924,0.035796475,1.0037773139515298
1175.0726848098498,1.0103141,0.035407227,1.0033137506244936
1175.0826385108253,1.0331925,0.035484016,1.0027057818151894
1175.0925922118008,1.0643821,0.037086293,1.0019364157295036
1175.1025459127763,1.0852368,0.03844726,1.0009810821233396
1175.1124996137519,1.0468521,0.0367927,0.999809933355091
1175.1224533147274,1.0835005,0.037208796,0.99842675194787
1175.132407015703,0.9915266,0.035939295,0.9968758663346408
1175.1423607166785,0.97611517,0.03564834,0.9951969943056609
1175.152314417654,1.0515422,0.036916398,0.9934372482905124
1175.1622681186295,0.9969374,0.03666378,0.991665410175208
1175.172221819605,1.0229036,0.037013397,0.9899295851271694
1175.1821755205806,0.9992867,0.035357643,0.9882647687321295
1175.1921292215561,1.0530341,0.03651763,0.9867093597843863
1175.2020829225316,1.0066583,0.03631775,0.9852585125646083
1175.2120366235072,0.9993448,0.036503732,0.9839141053497771
1175.2219903244827,0.9815909,0.035485655,0.9826802609487073
1175.2319440254582,0.9881689,0.035764933,0.9815582023793032
1175.2418977264338,0.97686654,0.035700537,0.9805320697304409
1175.2518514274093,0.9896365,0.035906058,0.9795980064465288
1175.2618051283848,0.9999229,0.03530655,0.978760963614282
1175.2717588293604,1.0241137,0.035493564,0.9780090526317714
1175.2817125303359,0.96242064,0.03363776,0.9773231888663845
1175.2916662313114,0.9682971,0.0333295,0.9766736392468027
1175.301619932287,0.94709104,0.0329972,0.975967418899713
1175.3115736332625,0.8996606,0.031862166,0.9750343500003109
1175.321527334238,0.9618124,0.033523552,0.9736041611900188
1175.3314810352135,0.94226205,0.033332847,0.9712448296514485
1175.341434736189,0.9192369,0.033048034,0.9673086457837512
1175.3513884371646,0.96425766,0.031813655,0.9615813586979016
1175.3613421381401,0.904512,0.029704036,0.9538637837841372
1175.3712958391156,0.8786403,0.029259793,0.9439239190411042
1175.3812495400912,0.8795396,0.029270569,0.931809402033122
1175.3912032410667,0.8593635,0.028943282,0.9177803532672527
1175.4011569420422,0.85151327,0.028814444,0.9019403103267727
1175.4111106430178,0.8494824,0.02877725,0.8841999260245512
1175.4210643439933,0.81112826,0.028138423,0.8648960969097514
1175.4310180449688,0.83580977,0.028544001,0.844247599698719
1175.4409717459444,0.8212168,0.028303431,0.8224130203198174
1175.4509254469199,0.88151026,0.029288074,0.799472237760644
1175.4608791478954,0.8098259,0.02810639,0.7758219117372124
1175.470832848871,0.7787959,0.027580075,0.7516989176795581
1175.4807865498465,0.7740447,0.027493393,0.7273810663646619
1175.490740250822,0.7412845,0.026923146,0.7032692002608256
1175.5006939517975,0.7458474,0.027001055,0.6797818097949128
1175.5106476527733,0.7286032,0.026699716,0.657356856156139
1175.5206013537488,0.7104818,0.02637213,0.6366067530189299
1175.5305550547243,0.6519634,0.025300544,0.6177813079536094
1175.5405087556999,0.66506445,0.025546024,0.6008734807007947
1175.5504624566754,0.62304497,0.024754234,0.5858344464407979
1175.560416157651,0.6087136,0.024473876,0.5728175986775486
1175.5703698586265,0.5655587,0.02362018,0.5614275108269646
1175.580323559602,0.53570265,0.023014825,0.551565320725903
1175.5902772605775,0.51082695,0.022494087,0.5432402026441856
1175.600230961553,0.52221173,0.022730017,0.5365712509178324
1175.6101846625286,0.52210444,0.022728188,0.5313502345983263
1175.620138363504,0.5201735,0.022685522,0.5275621463882666
1175.6300920644796,0.4981633,0.022218866,0.5252786452274746
1175.6400457654552,0.5018465,0.022296514,0.5243644940419611
1175.6499994664307,0.45692852,0.021318259,0.524488067543376
1175.6599531674062,0.5083253,0.022432107,0.5253331919960417
1175.6699068683818,0.46455622,0.021480937,0.5264852542184785
1175.6798605693573,0.47189224,0.021644995,0.5274705399257038
1175.6898142703328,0.45959806,0.021369705,0.5280499490552154
1175.6997679713083,0.46614346,0.021513386,0.5281491786177643
1175.7097216722839,0.5031884,0.022317098,0.52777430475067
1175.7196753732594,0.4966042,0.022174407,0.5271450097199135
1175.729629074235,0.5270757,0.022813613,0.5264490165176023
1175.7395827752105,0.55464363,0.023376118,0.5259297527001399
1175.749536476186,0.53270406,0.022925958,0.5258610361680109
1175.7594901771615,0.5382815,0.023043869,0.5263481133932747
1175.769443878137,0.5279015,0.022825083,0.5273785923648986
1175.7793975791126,0.57151145,0.02371001,0.5287944119379921
1175.789351280088,0.5992368,0.024252092,0.5302569116617954
1175.7993049810636,0.54491544,0.023168443,0.5315182354466417
1175.8092586820392,0.5684957,0.02364106,0.5324706516267919
1175.8192123830147,0.54265106,0.023119984,0.5331021340564874
1175.8291660839902,0.6083398,0.024420671,0.5336232357400258
1175.8391197849658,0.6110641,0.02447527,0.5342592582410728
1175.8490734859413,0.58452445,0.02395572,0.5352561638827927
1175.8590271869168,0.56347317,0.023536053,0.5368192760788265
1175.8689808878923,0.4938638,0.022096206,0.5388390403624459
1175.8789345888679,0.5584957,0.02342997,0.5411458940338036
1175.8888882898434,0.55274063,0.023310512,0.5435014531344445
1175.898841990819,0.5591526,0.023441365,0.5456381218603518
1175.9087956917945,0.5212298,0.022661326,0.5473719836982767
1175.91874939277,0.5086584,0.022397904,0.5485614863810231
1175.9287030937455,0.46769,0.02151558,0.5490475621935512
1175.938656794721,0.4828751,0.021843411,0.5489528151445986
1175.9486104956966,0.49041045,0.022003403,0.5485162986074077
1175.9585641966721,0.44944263,0.021104848,0.5480573939144354
1175.9685178976476,0.43322024,0.020736082,0.548015706800876
1175.9784715986232,0.44263628,0.02094737,0.5485678764452182
1175.9884252995987,0.4853604,0.021887816,0.5496943018617564
1175.9983790005742,0.5090225,0.022391979,0.5511747933842943
1176.0083327015498,0.4909025,0.022009011,0.5526227766229148
1176.0182864025253,0.4577649,0.02128007,0.5537497140529903
1176.0282401035008,0.48795456,0.021937791,0.554429605553491
1176.0381938044764,0.45367905,0.021185512,0.5546104395262385
1176.0481475054519,0.44126815,0.020904087,0.5544176801470406
1176.0581012064274,0.53506696,0.022924734,0.5540488751490235
1176.068054907403,0.5162593,0.022531502,0.5537111703023143
1176.0780086083785,0.49234605,0.022026407,0.553692724297546
1176.087962309354,0.48855084,0.021943025,0.5541539992090742
1176.0979160103295,0.53964233,0.023012558,0.5551358933154149
1176.107869711305,0.4960254,0.022102095,0.5565186256340561
1176.1178234122806,0.533917,0.022892214,0.557952250060856
1176.1277771132561,0.47319314,0.02160167,0.5589883547568417
1176.1377308142316,0.54974234,0.023208458,0.5592376910655493
1176.1476845152072,0.533651,0.022880284,0.5582303325901419
1176.1576382161827,0.5421239,0.023055231,0.5555671284310821
1176.1675919171582,0.5544759,0.023301195,0.5511396723263583
1176.1775456181338,0.5543798,0.023297777,0.5447775212475601
1176.1874993191093,0.5334367,0.022869693,0.5360968824732343
1176.1974530200848,0.4935686,0.022030748,0.5251658243121531
1176.2074067210604,0.49991244,0.022166943,0.512056875891432
1176.2173604220359,0.42622066,0.020535646,0.4967656377242977
1176.2273141230114,0.44774327,0.02102081,0.47895104037912983
1176.237267823987,0.41822028,0.020349376,0.45905015031400476
1176.2472215249625,0.3898738,0.01967744,0.4371891712678371
1176.257175225938,0.43422955,0.020713584,0.4135082893567838
1176.2671289269135,0.3765891,0.019348064,0.38831944235640425
1176.277082627889,0.36397007,0.019037038,0.3624066218157659
1176.2870363288646,0.33747554,0.018364007,0.33650615312547033
1176.2969900298401,0.33458158,0.018286936,0.3116461243784803
1176.3069437308156,0.32698113,0.018087162,0.28887259115197017
1176.3168974317912,0.3116966,0.017683357,0.2688002927807164
1176.3268511327667,0.29851675,0.01732154,0.25185684388135265
1176.3368048337422,0.2784874,0.016762478,0.23865713187487966
1176.3467585347178,0.28509164,0.016948298,0.22879109874770134
1176.3567122356933,0.27852607,0.016756356,0.22202700508881418
1176.3666659366688,0.30193347,0.017412297,0.21825210551001412
1176.3766196376444,0.29734322,0.017283347,0.21763020056475935
1176.3865733386199,0.27171317,0.016563531,0.2194071913156185
1176.3965270395954,0.3084834,0.017586611,0.22321830992517697
1176.406480740571,0.30008107,0.017355584,0.22877564031709344
1176.4164344415467,0.31509835,0.017759921,0.23580616961063167
1176.4263881425222,0.3122326,0.017680181,0.24393733102020937
1176.4363418434978,0.28952944,0.017059842,0.25294429852768907
1176.4462955444733,0.32446602,0.018002203,0.26252956724810195
1176.4562492454488,0.3214827,0.017925514,0.27224793252735
1176.4662029464243,0.29983264,0.01734394,0.281772052293067
1176.4761566473999,0.34132445,0.018439973,0.2908763359088778
1176.4861103483754,0.35832617,0.018868364,0.2993001855442321
1176.496064049351,0.40444317,0.01998818,0.3070370109777072
1176.5060177503265,0.3564224,0.018817488,0.31408714894311873
1176.515971451302,0.35347468,0.018740723,0.3204757006882154
1176.5259251522775,0.38815457,0.019596156,0.32626712606700137
1176.535878853253,0.41661987,0.020268353,0.33174360818487686
1176.5458325542286,0.41944352,0.020331455,0.3371770094579211
1176.555786255204,0.43821064,0.02076403,0.3429760360150791
1176.5657399561796,0.41107976,0.020132069,0.34965665017156033
1176.5756936571552,0.44741732,0.020965623,0.3575637737668039
1176.5856473581307,0.44101933,0.020817708,0.36693843445422236
1176.5956010591062,0.45880592,0.021212587,0.3779839111995398
1176.6055547600818,0.4643557,0.021336263,0.3903891038821585
1176.6155084610573,0.47191122,0.02149978,0.4038146765075632
1176.6254621620328,0.41821566,0.020290207,0.41798075600377405
1176.6354158630083,0.4264334,0.020479506,0.4326618272995435
1176.6453695639839,0.4264587,0.020478427,0.44751710036567616
1176.6553232649594,0.49420005,0.021973666,0.46234170723761836
1176.665276965935,0.43496078,0.020669261,0.4769351074388623
1176.6752306669105,0.4893422,0.021867994,0.4910685803596198
1176.685184367886,0.4095235,0.020079207,0.504628446446798
1176.6951380688615,0.45344776,0.021080418,0.5174850180019063
1176.705091769837,0.4581507,0.02118451,0.529452843341626
1176.7150454708126,0.44023427,0.020785619,0.5404633492626011
1176.724999171788,0.47127575,0.021473374,0.5505930336726326
1176.7349528727636,0.41024,0.02009246,0.559932661965336
1176.7449065737392,0.52374923,0.022581737,0.5686720191130958
1176.7548602747147,0.4749954,0.02154827,0.5772270968176773
1176.7648139756902,0.4871232,0.021805733,0.5858159114185342
1176.7747676766658,0.5019812,0.02212285,0.5944474069451785
1176.7847213776413,0.53119934,0.022727175,0.6029577157422121
1176.7946750786168,0.525513,0.022610193,0.6112314914465351
1176.8046287795923,0.5780533,0.023666056,0.619248247346533
1176.8145824805679,0.59875166,0.024067968,0.6270446175115859
1176.8245361815434,0.5958588,0.024010379,0.6346315790123872
1176.834489882519,0.57146436,0.023531841,0.641892784033609
1176.8444435834945,0.6322812,0.024703966,0.6485496578544441
1176.85439728447,0.6305472,0.024669165,0.6541318580940869
1176.8643509854455,0.62470764,0.024559159,0.6583173988854105
1176.874304686421,0.653874,0.025101641,0.6609842715627627
1176.8842583873966,0.66233104,0.025253221,0.6620017265021184
1176.8942120883721,0.6556289,0.025128989,0.6610370292955393
1176.9041657893476,0.6385266,0.024812045,0.658294441268561
1176.9141194903232,0.6591464,0.025194203,0.6538670536116573
1176.9240731912987,0.62168497,0.024491904,0.647833969617641
1176.9340268922742,0.6251601,0.024556058,0.6402456200503814
1176.9439805932498,0.634657,0.024730809,0.6316335368049689
1176.9539342942253,0.558438,0.023252545,0.6223374708627223
1176.9638879952008,0.58446527,0.02376526,0.6126754458183165
1176.9738416961764,0.5890484,0.023857241,0.6029023582345594
1176.9837953971519,0.55358136,0.02315007,0.5931254653988136
1176.9937490981274,0.5560801,0.02320058,0.5833718004951638
1177.003702799103,0.6199096,0.02444001,0.5737545352533643
1177.0136565000785,0.52886546,0.022644794,0.5645435442426018
1177.023610201054,0.56624395,0.023395786,0.5560715969886095
1177.0335639020295,0.50148594,0.022069385,0.5486627568158116
1177.043517603005,0.53038615,0.022670811,0.5427837550816172
1177.0534713039806,0.5378439,0.022822883,0.5383895564753289
1177.0634250049561,0.4704729,0.021402506,0.5355151431608098
1177.0733787059316,0.534869,0.02275882,0.534227861633674
1177.0833324069072,0.49272949,0.02188195,0.5347081548185485
1177.0932861078827,0.5470372,0.023004243,0.5367357396589139
1177.1032398088582,0.5507721,0.023076655,0.540314622410721
1177.1131935098338,0.548776,0.023037031,0.5455729363284314
1177.1231472108093,0.54785997,0.023017498,0.5525619828167118
1177.1331009117848,0.54779345,0.023015102,0.5611502965676171
1177.1430546127604,0.58506256,0.023753148,0.5713678063033517
1177.1530083137359,0.65070236,0.024996758,0.5834670893449445
1177.1629620147114,0.66561556,0.025270442,0.5974054899077763
1177.172915715687,0.63476,0.024698338,0.613180724547346
1177.1828694166625,0.6458392,0.024904037,0.630890310739495
1177.192823117638,0.71875286,0.026218953,0.6509396915624355
1177.2027768186135,0.75892115,0.02691564,0.6729348993881836
1177.212730519589,0.7730945,0.027154341,0.6966211669512674
1177.2226842205646,0.7477332,0.026717465,0.7216486975019349
1177.2326379215401,0.8147528,0.027848724,0.7475611656569239
1177.2425916225156,0.8262192,0.028033556,0.7737657931847175
1177.2525453234912,0.8380768,0.028227469,0.7998955473005328
1177.2624990244667,0.85969114,0.028574208,0.8255925961583328
1177.2724527254422,0.93047136,0.02968886,0.8505421887707073
1177.2824064264178,0.93426424,0.029746445,0.874559545241915
1177.2923601273933,0.9202042,0.029527161,0.8974420474878098
1177.3023138283688,0.97337896,0.030337756,0.9188088538026499
1177.3122675293444,0.9638561,0.03019222,0.938571662873801
1177.3222212303199,0.9189199,0.02949907,0.9566350424378407
1177.3321749312954,1.0157807,0.030967036,0.9728570383260907
1177.342128632271,0.9673444,0.030238835,0.9867509563423292
1177.3520823332465,0.9467489,0.029922862,0.9985469455327314
1177.362036034222,1.0061842,0.03081685,1.008183312437501
1177.3719897351975,1.013662,0.030925287,1.0155733681647956
1177.381943436173,1.0162122,0.030963257,1.0206984568789192
1177.3918971371486,1.02097,0.031031264,1.0241156245506886
1177.4018508381241,1.052424,0.031490315,1.0262089016025961
1177.4118045390996,0.9656987,0.03020065,1.0273425016174507
1177.4217582400752,1.0103106,0.030866258,1.027918458489576
1177.4317119410507,0.9848826,0.030485775,1.0281964165862587
1177.4416656420265,1.0463645,0.03139019,1.0282715716556294
1177.451619343002,1.0089259,0.030838357,1.0281627717863226
1177.4615730439775,1.0506215,0.031449296,1.027899185532627
1177.471526744953,0.94262505,0.02983672,1.0274951859281152
1177.4814804459286,1.0363885,0.031238772,1.0269645237293734
1177.491434146904,1.0149717,0.030922193,1.0263170539080413
1177.5013878478796,0.9804825,0.030405315,1.0256035906334864
1177.5113415488552,0.9568959,0.030046387,1.0248557439906865
1177.5212952498307,1.0108207,0.030853888,1.0241035416744624
1177.5312489508062,1.0190628,0.03097467,1.0233759915831213
1177.5412026517818,0.92965525,0.02962311,1.0226885211901653
1177.5511563527573,0.98146874,0.030409517,1.022050499185836
1177.5611100537328,0.985091,0.030463275,1.0214711649155146
1177.5710637547083,0.96658134,0.030180918,1.0209492839727055
1177.5810174556839,0.9467846,0.029875536,1.0204774737325122
1177.5909711566594,0.9604208,0.030083222,1.0200512040402612
1177.600924857635,0.9799267,0.030376108,1.0196692908856637
1177.6108785586105,1.0217783,0.030997759,1.0193198084965307
1177.620832259586,1.0069206,0.030774469,1.0189944216922329
1177.6307859605615,0.9554666,0.029999847,1.0186864806038196
1177.640739661537,0.96832144,0.030194087,1.0183914305615827
1177.6506933625126,0.9533428,0.029964564,1.0181039614922907
1177.660647063488,0.94205785,0.029789938,1.0178244406964527
1177.6706007644636,0.9409847,0.029773511,1.0175578818287396
1177.6805544654392,0.90472895,0.029207036,1.0173143553140962
1177.6905081664147,0.9453387,0.029833835,1.0171016916058813
1177.7004618673902,0.9768397,0.030310942,1.0169300246771287
1177.7104155683658,0.9165352,0.029386861,1.0168151417335347
1177.7203692693413,0.9700844,0.03020537,1.0167664618994754
1177.7303229703168,0.98776567,0.03046892,1.0167862779669106
1177.7402766712923,0.9462357,0.029941281,1.0168774775986127
1177.7502303722679,0.9235371,0.030612804,1.0170477269909735
1177.7601840732434,1.0206592,0.0336625,1.017281483131793
1177.770137774219,1.0108998,0.033156052,1.0175658457328396
1177.7800914751945,1.0031455,0.033804365,1.017889752394859
1177.79004517617,1.0357697,0.03508402,1.0182472545596823
1177.7999988771455,1.0234464,0.034939304,1.0186303183150778
1177.809952578121,1.0303622,0.035935465,1.0190446453627067
1177.8199062790966,1.0422897,0.037964363,1.0195067370887676
1177.8298599800721,1.0391166,0.03764077,1.0200420708694644
1177.8398136810476,1.041171,0.0375865,1.020662561320055
1177.8497673820232,1.0869632,0.0399968,1.021379738079434
1177.8597210829987,1.0221623,0.038978953,1.0222039786829584
1177.8696747839742,1.0780761,0.0392323,1.0231181671706406
1177.8796284849498,1.0340998,0.037852127,1.0240898107394978
1177.8895821859253,1.0714551,0.039012853,1.0250851685249336
1177.8995358869008,1.0819274,0.038664687,1.026057047238117
1177.9094895878764,1.0187346,0.037925012,1.0269616879286119
1177.9194432888519,1.0535585,0.03958272,1.0277654610000755
1177.9293969898274,1.1000543,0.0397559,1.0284397289542404
1177.939350690803,1.0569968,0.037383094,1.0289457031027645
1177.9493043917785,1.0176268,0.036909435,1.0293048763079504
1177.959258092754,1.1145477,0.039794724,1.0295266750957108
1177.9692117937295,1.0359403,0.03958715,1.0296223744264068
1177.979165494705,1.0640787,0.038673863,1.0296119160079267
1177.9891191956806,1.1218252,0.0385947,1.0295319646915104
1177.9990728966561,1.0502479,0.038029946,1.0294042474055765
1178.0090265976316,1.0748694,0.03851175,1.0292468445828533
1178.0189802986072,1.0598518,0.03756561,1.0290784520577168
1178.0289339995827,1.064018,0.03850972,1.0289111587291997
1178.0388877005582,1.0007035,0.036897864,1.0287511900375481
1178.0488414015338,1.1050528,0.03819222,1.028602530086238
1178.0587951025093,1.0659649,0.038875345,1.028463725145529
1178.0687488034848,1.115585,0.040732697,1.0283324496961106
1178.0787025044604,1.1126231,0.03982157,1.0282057116185184
1178.0886562054359,1.124479,0.04031813,1.0280793914740078
1178.0986099064114,1.0687128,0.04044022,1.0279494466733277
1178.108563607387,1.0355221,0.039396763,1.027813519057863
1178.1185173083625,1.1130184,0.039703272,1.0276705039645657
1178.128471009338,1.0284907,0.03748211,1.027521442193904
1178.1384247103135,1.0473428,0.036849026,1.0273701507760775
1178.148378411289,1.0752331,0.03704647,1.0272206508192168
1178.1583321122646,1.0177981,0.036633007,1.0270788817030547
1178.1682858132401,1.0830514,0.03690756,1.0269510545104892
1178.1782395142156,1.0931225,0.036648005,1.0268416842837147
1178.1881932151912,1.1189239,0.036486216,1.0267553314108373
1178.1981469161667,1.0086685,0.032047436,1.0266994787788193
1178.2081006171422,0.93604565,0.029593838,1.0266728652979236
1178.2180543181178,0.9357778,0.029587135,1.0266736017114477
1178.2280080190933,0.9854775,0.03033697,1.0266989907470474
1178.2379617200688,1.0177742,0.030813484,1.0267472693921784
1178.2479154210444,1.0093914,0.03068823,1.0268102513697903
1178.2578691220199,1.0204167,0.030847145,1.026884164714309
1178.2678228229954,0.99803567,0.030514954,1.0269655517117071
1178.277776523971,0.99877423,0.03052461,1.0270478597102846
1178.2877302249465,1.0521992,0.03130546,1.0271184090958096
1178.297683925922,0.9978841,0.03050647,1.02715500952191
1178.3076376268975,1.0279713,0.030946733,1.027108903252798
1178.317591327873,1.0646126,0.031477313,1.0269161307166033
1178.3275450288486,1.0132449,0.030727794,1.02652126520044
1178.3374987298241,1.0137036,0.030732898,1.025867080688252
1178.3474524307999,1.0201732,0.030825945,1.0248671032395151
1178.3574061317754,1.0586838,0.031384118,1.0235379611943944
1178.367359832751,1.0393085,0.031102765,1.0219180882131467
1178.3773135337265,1.018157,0.03078952,1.0200632609702787
1178.387267234702,1.0196378,0.030807942,1.0180389266264402
1178.3972209356775,0.9963492,0.030464103,1.0159661217585212
1178.407174636653,1.0147585,0.030733585,1.0139176666314769
1178.4171283376286,1.0192751,0.030797679,1.0119538478513013
1178.427082038604,1.0227088,0.030847557,1.0101218530583573
1178.4370357395796,1.0679121,0.031499907,1.0084200065286864
1178.4469894405552,1.0116112,0.03068214,1.006848970488364
1178.4569431415307,0.9820816,0.030240975,1.005417174020444
1178.4668968425062,1.0314704,0.030969065,1.0041212380400562
1178.4768505434818,1.0702759,0.031527776,1.0029487025668167
1178.4868042444573,1.0177017,0.03076232,1.0018966881525042
1178.4967579454328,1.0256593,0.030877769,1.0009751652989565
1178.5067116464083,1.026618,0.03088939,1.0001675399996321
1178.5166653473839,0.98499894,0.030272558,0.9994635435479147
1178.5266190483594,1.0151175,0.030717084,0.9988588819805547
1178.536572749335,1.0114816,0.0306616,0.9983674026916476
1178.5465264503105,1.0204271,0.030792182,0.997972309698957
1178.556480151286,1.0802408,0.03165369,0.9976751232137236
1178.5664338522615,1.0095127,0.030627001,0.9974826072317777
1178.576387553237,1.0724638,0.03153944,0.9974077807530989
1178.5863412542126,0.9852577,0.030265877,0.9974394406715346
1178.5962949551881,1.0630616,0.03140014,0.997578529058557
1178.6062486561636,1.0576537,0.031321403,0.9978333994295996
1178.6162023571392,1.0190355,0.030758541,0.998203210782375
1178.6261560581147,1.0177022,0.030737322,0.998676098294774
1178.6361097590902,0.9662132,0.02997064,0.999249834476767
1178.6460634600658,0.98614156,0.030267542,0.9999347562658732
1178.6560171610413,0.99903464,0.030457335,1.0007222781505194
1178.6659708620168,1.0192492,0.030752273,1.0016068641490663
1178.6759245629923,1.058476,0.031319324,1.002588452632571
1178.6858782639679,1.0621614,0.03136932,1.003685051631262
1178.6958319649434,1.0269833,0.030859519,1.0048865587818079
1178.705785665919,1.030745,0.030912265,1.006201942685122
1178.7157393668945,1.0882711,0.031736024,1.0076510975958888
1178.72569306787,1.0303916,0.03090457,1.0092716707471983
1178.7356467688455,0.9845288,0.03022472,1.0110595829647018
1178.745600469821,1.0748765,0.03153954,1.0130156508643886
1178.7555541707966,1.0833685,0.031658333,1.015124921765672
1178.7655078717721,1.0869411,0.031705663,1.0173238385287053
1178.7754615727476,1.0572912,0.031281672,1.019515143087087
1178.7854152737232,1.0296125,0.030879214,1.0216006525989276
1178.7953689746987,1.0074216,0.030553745,1.0234465632583556
1178.8053226756742,1.0945408,0.031805396,1.0249730633689205
1178.8152763766498,1.0247557,0.030802213,1.0261554360762795
1178.8252300776253,1.0474308,0.031129235,1.0269936535450246
1178.8351837786008,1.0866554,0.031688727,1.0274850396808093
1178.8451374795764,1.0528569,0.031203927,1.0277434877203646
1178.8550911805519,1.0929736,0.031773515,1.0278426597745844
1178.8650448815274,1.0838922,0.03164183,1.0278448094718882
1178.874998582503,1.0714141,0.03146377,1.0277991239704576
1178.8849522834785,1.0890533,0.03171174,1.0277447720889563
1178.894905984454,1.0612756,0.031314813,1.0276972297346254
1178.9048596854295,1.0657603,0.03137815,1.0276652663842476
1178.914813386405,1.0645975,0.031360198,1.0276526749857293
1178.9247670873806,1.0657442,0.031372868,1.0276559904662639
1178.9347207883561,1.0672305,0.031390414,1.0276697865602544
1178.9446744893316,1.1558557,0.032629836,1.0276843001465021
1178.9546281903072,1.0368993,0.030950734,1.0276861819924283
1178.9645818912827,1.0446655,0.031061418,1.0276642537695981
1178.9745355922582,1.1252775,0.032201793,1.0276099378577959
1178.9844892932338,1.0474564,0.031098282,1.0275142596197262
1178.9944429942093,0.99874115,0.030384813,1.027384682800015
1179.0043966951848,1.0880418,0.031673092,1.027230603086596
1179.0143503961604,1.0478656,0.031099278,1.0270642629996716
1179.0243040971359,0.9873979,0.030213013,1.0269029513686545
1179.0342577981114,1.0393766,0.030972162,1.0267621286018755
1179.044211499087,1.0741417,0.031468805,1.0266533050322977
1179.0541652000625,1.0382066,0.03095195,1.0265864854251876
1179.064118901038,1.0317663,0.03085672,1.026567773871033
1179.0740726020135,1.0581555,0.031234965,1.0265902776199338
1179.084026302989,1.0754293,0.031478833,1.026649648464573
1179.0939800039646,1.0861883,0.031630382,1.0267427810762704
1179.1039337049401,1.0167788,0.030630238,1.0268619694088417
1179.1138874059156,1.0401307,0.030968806,1.0269984628197864
1179.1238411068912,1.0740844,0.031453453,1.0271456071556766
1179.1337948078667,1.0273558,0.030779848,1.0272963875143282
1179.1437485088422,1.0845904,0.031600513,1.0274436963159461
1179.1537022098178,1.0153859,0.030603167,1.0275836902532736
1179.1636559107933,1.0343252,0.030875988,1.0277154155272457
1179.1736096117688,1.0323834,0.03084592,1.0278403207301277
1179.1835633127444,1.0768771,0.03148231,1.027964458958041
1179.1935170137199,1.0906354,0.031675603,1.028092968842089
1179.2034707146954,1.0759385,0.03146529,1.0282302780594028
1179.213424415671,1.0392151,0.030936625,1.028378540683681
1179.2233781166465,1.002546,0.030401193,1.0285339772922386
1179.233331817622,1.0480411,0.031058924,1.0286919291169805
1179.2432855185975,1.0450753,0.0310162,1.028846166411136
1179.253239219573,1.0560261,0.031171909,1.0289907378707202
1179.2631929205486,1.0058112,0.03044108,1.029123619816869
1179.2731466215241,0.99733675,0.030314427,1.0292450654991339
1179.2831003224996,0.9981171,0.030324262,1.0293573260811546
1179.2930540234752,1.0590034,0.03120685,1.029466435556965
1179.3030077244507,1.0089698,0.03048179,1.0295777423939163
1179.3129614254262,1.0162195,0.030584933,1.0296948804535424
1179.3229151264018,1.010472,0.030500194,1.0298191125570466
1179.3328688273773,1.0158538,0.030576145,1.0299433225585024
1179.3428225283528,0.948342,0.029571239,1.030053661015441
1179.3527762293284,1.0165223,0.030582774,1.0301236606214272
1179.3627299303039,1.0410082,0.03093661,1.0300965789492083
1179.3726836312796,1.0265142,0.030725278,1.0299203135874555
1179.3826373322552,1.0061759,0.03042648,1.0295272234599346
1179.3925910332307,1.0034716,0.030385086,1.0288282131412592
1179.4025447342062,0.9941316,0.03024567,1.0277464390731548
1179.4124984351818,0.9538152,0.029641988,1.0262936129335603
1179.4224521361573,0.997562,0.030293526,1.024485270978606
1179.4324058371328,0.89815813,0.028787319,1.022345103443273
1179.4423595381083,0.9797994,0.030026136,1.0199768059177077
1179.4523132390839,0.9553384,0.029658811,1.0174889826245868
1179.4622669400594,0.96077204,0.029738981,1.0149647146004712
1179.472220641035,0.9923245,0.030206585,1.0124853970472691
1179.4821743420105,0.9722683,0.029907271,1.0101038209413444
1179.492128042986,0.95765936,0.02968631,1.007853877766052
1179.5020817439615,0.93835473,0.029393556,1.0057616033393753
1179.512035444937,0.88728195,0.028604655,1.0038675760104487
1179.5219891459126,0.92530644,0.029189998,1.0021478746682537
1179.5319428468881,0.89707166,0.028753124,1.0005986232300077
1179.5418965478636,0.9532597,0.029612012,0.9992200551611985
1179.5518502488392,0.94328934,0.029459722,0.9980134819325287
1179.5618039498147,0.95679235,0.029662408,0.996951194619904
1179.5717576507902,0.9731917,0.029904686,0.9960263714319404
1179.5817113517658,0.85575044,0.028095897,0.9952437745055361
1179.5916650527413,0.9580235,0.029674763,0.9945946341586553
1179.6016187537168,0.9183252,0.02906936,0.9940591114968282
1179.6115724546924,0.8771431,0.02842873,0.9936258304662776
1179.6215261556679,0.8341788,0.02774353,0.9932900292851521
1179.6314798566434,0.8957933,0.028717395,0.9930273690993238
1179.641433557619,0.927745,0.029206865,0.992822247968656
1179.6513872585945,0.9158729,0.029023485,0.9926676090904111
1179.66134095957,0.9075319,0.028893279,0.9925700950926519
1179.6712946605455,0.9110529,0.028945304,0.9925263080876869
1179.681248361521,0.9590369,0.029673405,0.992543007749567
1179.6912020624966,0.97266823,0.029874893,0.9926315313447891
1179.7011557634721,0.924459,0.029146155,0.9928124264282496
1179.7111094644476,0.94687253,0.029484833,0.9930868504412385
1179.7210631654232,0.9106444,0.028930413,0.993467870070748
1179.7310168663987,0.937662,0.029341947,0.9939810917122567
1179.7409705673742,0.9221593,0.029102096,0.9946545317336967
1179.7509242683498,0.9674074,0.02978553,0.995497790785782
1179.7608779693253,0.9999407,0.03026653,0.9965343819944542
1179.7708316703008,0.9755622,0.029904597,0.997811671085606
1179.7807853712764,0.9518289,0.029546808,0.9993393572772056
1179.7907390722519,0.99508387,0.030189408,1.0011093186414441
1179.8006927732274,0.9571133,0.029624172,1.0031138050000021
1179.810646474203,0.98947394,0.03010424,1.0053461776014838
1179.8206001751785,0.95516074,0.02959113,1.007712741017794
1179.830553876154,0.9575885,0.02962663,1.0101237609722546
1179.8405075771295,1.0001304,0.030256351,1.0124777776403038
1179.850461278105,1.0346367,0.03075634,1.0146332494633714
1179.8604149790806,1.0290257,0.03067467,1.0165260170204087
1179.8703686800561,0.9474762,0.02946699,1.0181079263386923
1179.8803223810316,0.9606439,0.029663472,1.0193500059248766
1179.8902760820072,1.0322969,0.030715303,1.0202562500533638
1179.9002297829827,1.1119788,0.031843677,1.0209103114623346
1179.9101834839582,1.0929668,0.03157607,1.0213591748889261
1179.9201371849338,1.0294187,0.030667888,1.021632276186038
1179.9300908859093,0.98580146,0.030029234,1.0217705665664176
1179.9400445868848,0.9800246,0.029941827,1.0218155490146665
1179.9499982878604,1.0270765,0.030630093,1.0217924867623531
1179.9599519888359,1.0163345,0.0304714,1.0217223259624761
1179.9699056898114,0.98783606,0.03005198,1.021633889616478
1179.979859390787,1.0059967,0.03031677,1.0215485364911363
1179.9898130917625,0.97677743,0.029885344,1.0214845022086694
1179.999766792738,0.99397165,0.030137442,1.0214672606657333
1180.0097204937135,0.97307736,0.029826514,1.0215067386419117
1180.019674194689,0.98287714,0.02997016,1.021612967040617
1180.0296278956646,0.9763566,0.02987175,1.0217945946862153
1180.0395815966401,0.96273416,0.029667197,1.0220620109653555
1180.0495352976156,1.0105928,0.030372474,1.0224005007051
1180.0594889985912,0.97526413,0.029851442,1.0228011652647542
1180.0694426995667,0.99596614,0.030155875,1.0232526109588649
1180.0793964005422,1.000497,0.03021955,1.0237362898077376
1180.0893501015178,0.9802502,0.029918926,1.0242307796427914
1180.0993038024933,1.0010276,0.030223887,1.0247211489940151
1180.1092575034688,1.0378609,0.030756993,1.0251923614241227
1180.1192112044444,0.94943047,0.029453991,1.0256339015380078
1180.1291649054199,1.0214213,0.030515842,1.0260400918400177
1180.1391186063954,0.9934967,0.030106599,1.0264053907299922
1180.149072307371,0.9199779,0.029004097,1.0267186598116977
1180.1590260083465,0.95696265,0.029561453,1.0269822227021332
1180.168979709322,0.9551169,0.02953218,1.027197966827882
1180.1789334102975,0.9387952,0.02928418,1.0273695029329668
1180.188887111273,1.0234214,0.030535754,1.0275002953552383
1180.1988408122486,1.0388314,0.0307569,1.0276087332262138
1180.2087945132241,0.9703102,0.029753529,1.027706733102588
1180.2187482141996,0.9591357,0.029585117,1.0278050415934596
1180.2287019151752,1.0350507,0.030697625,1.02791239212512
1180.2386556161507,1.0321536,0.030653594,1.028030921624357
1180.2486093171262,1.0483327,0.030885134,1.02815951958182
1180.2585630181018,1.0708553,0.031203639,1.028293986141978
1180.2685167190773,1.0347098,0.030685648,1.0284253553774647
1180.278470420053,0.99480647,0.030103832,1.0285424324899641
1180.2884241210286,1.0091276,0.030310666,1.028632136498429
1180.298377822004,1.0449095,0.030827254,1.0286740312550675
1180.3083315229796,0.9935699,0.030080179,1.0286563254287198
1180.3182852239552,1.0366831,0.030705769,1.0285747315892513
1180.3282389249307,1.0069488,0.03027321,1.0284286179030038
1180.3381926259062,1.0815784,0.031341758,1.0282136546005143
1180.3481463268818,1.0997157,0.031594165,1.0279445803728116
1180.3581000278573,1.0536596,0.030942827,1.0276263045086087
1180.3680537288328,1.0607533,0.031041436,1.027257733092331
1180.3780074298083,1.0172591,0.030414889,1.0268265590436314
1180.3879611307839,1.1008233,0.031602595,1.0263339584803466
1180.3979148317594,1.0514932,0.030904625,1.0257740866183895
1180.407868532735,1.006199,0.030248674,1.0251403508657422
1180.4178222337105,1.0555063,0.030958084,1.024432076074933
1180.427775934686,1.0409629,0.030748777,1.0236683975722332
1180.4377296356615,1.0653138,0.031094618,1.022865877487206
1180.447683336637,1.0769083,0.03125702,1.022045334050092
1180.4576370376126,1.0994819,0.03157155,1.0212329192700977
1180.4675907385881,1.0550667,0.030943908,1.0204487582592607
1180.4775444395636,1.0080813,0.03026511,1.019707935038711
1180.4874981405392,1.133161,0.032033164,1.0190291198994423
1180.4974518415147,0.9270597,0.029056175,1.0184147985791205
1180.5074055424902,1.0661368,0.031094419,1.0178650481645732
1180.5173592434658,1.0320649,0.030605165,1.01738077057981
1180.5273129444413,1.0498708,0.030859206,1.016972183551317
1180.5372666454168,1.0524149,0.030893773,1.016627715742942
1180.5472203463924,1.0261594,0.030516408,1.016344783188939
1180.5571740473679,1.046099,0.030801184,1.0161221751915808
1180.5671277483434,0.9982039,0.03010628,1.0159623943063512
1180.577081449319,0.9746968,0.029757772,1.015853380329762
1180.5870351502945,0.9816493,0.029857904,1.0157919846278052
1180.59698885127,1.086689,0.03136813,1.0157793160526458
1180.6069425522455,1.0706172,0.031140482,1.0158181605657959
1180.616896253221,1.006758,0.030221758,1.015906598414269
1180.6268499541966,1.0001993,0.03012452,1.0160492712334948
1180.6368036551721,0.9758251,0.029764248,1.0162582729909024
1180.6467573561476,1.0330807,0.030598203,1.0165383846751102
1180.6567110571232,1.0177604,0.030375034,1.0168892098600022
1180.6666647580987,1.0411814,0.030711649,1.0173131158094433
1180.6766184590742,0.97016734,0.029674282,1.017820088889366
1180.6865721600498,1.0362797,0.030637952,1.018399867842699
1180.6965258610253,1.0400403,0.030689748,1.0190447459692165
1180.7064795620008,1.0210605,0.030415019,1.0197480592390205
1180.7164332629764,1.015383,0.030331342,1.0205089694863847
1180.7263869639519,0.99838805,0.030081427,1.0213087849519489
1180.7363406649274,1.0106125,0.030259147,1.022138431095666
1180.746294365903,0.98651457,0.029905334,1.022990028640998
1180.7562480668785,1.0553347,0.030898793,1.0238576469571734
1180.766201767854,1.0625939,0.030999964,1.0247352888693173
1180.7761554688295,1.0240717,0.030446861,1.0256213780178103
1180.786109169805,0.9832739,0.029850246,1.0265142853162679
1180.7960628707806,1.0441622,0.03073241,1.0274088089909095
1180.8060165717561,1.0720782,0.031126484,1.028296413771432
1180.8159702727316,1.0567002,0.030907271,1.0291668404297944
1180.8259239737072,0.9937214,0.02999685,1.0300048892097853
1180.8358776746827,1.0499,0.030806573,1.0308000988184538
1180.8458313756582,1.0303727,0.030525547,1.0315476497540168
1180.8557850766338,0.9924446,0.02997356,1.0322434519689943
1180.8657387776093,1.004171,0.030143552,1.032878682726852
1180.8756924785848,1.0227085,0.030409798,1.0334594088997602
1180.8856461795604,1.0154468,0.030303108,1.0339872519377291
1180.8955998805359,1.0295653,0.030505458,1.0344610852401095
1180.9055535815114,1.0719073,0.031107254,1.034870033484771
1180.915507282487,1.0276909,0.030476041,1.0352227945427588
1180.9254609834625,1.0537516,0.030847182,1.0355216486395258
1180.935414684438,1.0679809,0.031047858,1.0357702244819136
1180.9453683854135,1.0454658,0.030726036,1.0359741839498442
1180.955322086389,1.0625011,0.030964458,1.0361494873368238
1180.9652757873646,0.98488843,0.029844275,1.0363056300007998
1180.9752294883401,1.0036776,0.030118166,1.0364502106021796
1180.9851831893156,1.0288917,0.03048034,1.036589476645685
1180.9951368902912,0.9990671,0.030046891,1.0367265910696073
1181.0050905912667,1.0133042,0.030252526,1.0368612920533016
1181.0150442922422,1.0391226,0.030623453,1.0369899566237692
1181.0249979932178,1.005145,0.030131359,1.0371072189842194
1181.0349516941933,1.0085814,0.030180085,1.0372075784168433
1181.0449053951688,0.9815653,0.029781656,1.037285169516749
1181.0548590961444,1.052012,0.030800657,1.0373299769179463
1181.0648127971199,1.0396918,0.030622367,1.0373402403855025
1181.0747664980954,1.0045309,0.030113485,1.0373129848654776
1181.084720199071,0.9981582,0.030020673,1.0372434877891372
1181.0946739000465,1.026807,0.03043402,1.037117783330877
1181.104627601022,1.033989,0.030535161,1.0369375704579555
1181.1145813019975,1.0729781,0.031088568,1.0366987461880384
1181.124535002973,1.0222528,0.0303638,1.036397130659739
1181.1344887039486,1.0147777,0.030252766,1.0360293748685878
1181.1444424049241,1.0083342,0.03015802,1.0356078225110206
1181.1543961058997,1.0332154,0.030515853,1.0351384098405967
1181.1643498068752,0.9705995,0.029602025,1.0346255619973734
1181.1743035078507,1.0105617,0.03018583,1.0340778595773
1181.1842572088262,1.0188301,0.030303176,1.033507029018008
1181.1942109098018,1.0050004,0.030101594,1.0329210880906259
1181.2041646107773,1.0282818,0.030436218,1.032327436730886
1181.2141183117528,1.0004508,0.03003175,1.0317328879913847
1181.2240720127284,0.9976513,0.029990047,1.0311388247787994
1181.2340257137039,1.0100801,0.03016861,1.0305405977878606
1181.2439794146794,1.0297018,0.030450275,1.029923074708105
1181.253933115655,1.0484107,0.030716334,1.0292717182961288
1181.2638868166305,1.0107256,0.030173903,1.0285753761967316
1181.273840517606,1.0160058,0.0302481,1.0278275815442377
1181.2837942185815,1.0015572,0.030036522,1.0270216301131345
1181.293747919557,1.0050665,0.03008639,1.026174846614575
1181.3037016205328,1.0415931,0.030611165,1.0253003737860786
1181.3136553215083,1.0120292,0.030183975,1.0244147710200364
1181.3236090224839,0.92165035,0.028843082,1.023539187556271
1181.3335627234594,0.9894445,0.02985239,1.0226902428915365
1181.343516424435,1.0294058,0.030429155,1.021879880355761
1181.3534701254105,1.0562595,0.030811265,1.0211178419973663
1181.363423826386,0.978569,0.029687604,1.0204041896273222
1181.3733775273615,1.0139692,0.030202737,1.019728010195053
1181.383331228337,1.0613873,0.030878596,1.0190806816906295
1181.3932849293126,1.0434066,0.03062115,1.018456534561866
1181.4032386302881,1.0119007,0.030167514,1.0178515076061108
1181.4131923312636,1.0395671,0.030563796,1.0172682016409709
1181.4231460322392,1.0707407,0.031003771,1.0167154362232562
1181.4330997332147,1.0144693,0.03019921,1.016213293246998
1181.4430534341902,0.96858937,0.029526265,1.0157717046853385
1181.4530071351658,0.9971227,0.029943515,1.0154002041396633
1181.4629608361413,1.0067916,0.030083919,1.015106892987631
1181.4729145371168,1.0165727,0.030223817,1.0149101098127669
1181.4828682380924,1.0068281,0.030080682,1.0147979239118352
1181.4928219390679,1.0528688,0.03073981,1.014770594526031
1181.5027756400434,1.0592396,0.030826902,1.01483070110717
1181.512729341019,1.0474628,0.03065954,1.0149841980064074
1181.5226830419945,1.0562845,0.030783016,1.015215576993322
1181.53263674297,0.97325826,0.029581485,1.015516883184218
1181.5425904439455,1.0247316,0.030329095,1.0158793699372897
1181.552544144921,1.046101,0.03063345,1.016286348803417
1181.5624978458966,1.07984,0.031108405,1.0167168938319473
1181.5724515468721,1.0639768,0.030883161,1.017157715781861
1181.5824052478476,1.0450963,0.030614117,1.0175987697018023
1181.5923589488232,1.0438284,0.030594401,1.0180358033562698
1181.6023126497987,1.0704863,0.030970877,1.018472023626336
1181.6122663507742,1.0769069,0.031059237,1.018915805814484
1181.6222200517498,1.0794644,0.03109318,1.0193843568462702
1181.6321737527253,1.041721,0.03055953,1.019892113435337
1181.6421274537008,0.99460787,0.02987755,1.0204515343453262
1181.6520811546764,1.0290529,0.030374946,1.0210731205268189
1181.6620348556519,1.007681,0.030064607,1.0217744854942552
1181.6719885566274,1.013645,0.030150272,1.0225413299756976
1181.681942257603,1.0467716,0.030622954,1.0233622859928495
1181.6918959585785,1.033152,0.030427543,1.024219117694312
1181.701849659554,1.0402043,0.030525962,1.0250873774886151
1181.7118033605295,1.0446876,0.03058686,1.025943358715887
1181.721757061505,1.0052325,0.030018713,1.0267718146390192
1181.7317107624806,1.0530663,0.03070246,1.0275595063471616
1181.7416644634561,0.9925191,0.029830577,1.0282980676818632
1181.7516181644316,1.0243948,0.030291528,1.0289901588255341
1181.7615718654072,1.0174463,0.03019021,1.0296371973211071
1181.7715255663827,1.0243154,0.030285971,1.0302400664618168
1181.7814792673582,1.0419308,0.030536564,1.0308083092134235
1181.7914329683338,1.01263,0.030114394,1.0313527192563572
1181.8013866693093,0.97681004,0.029591417,1.031879103629656
1181.8113403702848,1.0229071,0.030260589,1.0323864357375836
1181.8212940712604,1.0203465,0.030220613,1.0328703717952896
1181.8312477722359,1.0662848,0.030873802,1.0333213042247182
1181.8412014732114,1.0590861,0.030770758,1.033727202530083
1181.851155174187,0.9935439,0.029828414,1.0340671046543028
1181.8611088751625,1.0108227,0.030077128,1.0343439920830926
1181.871062576138,1.0010619,0.029934103,1.0345598469237083
1181.8810162771135,1.055142,0.030707793,1.0347203251748018
1181.890969978089,1.0355747,0.03042773,1.0348321582725721
1181.9009236790646,1.046049,0.030576214,1.0349137962858124
1181.9108773800401,1.0726733,0.03095065,1.03497420295694
1181.9208310810156,1.0104027,0.030062601,1.0350191806372964
1181.9307847819912,1.0475993,0.03059387,1.035052689125053
1181.9407384829667,1.0644362,0.03082955,1.0350783279499252
1181.9506921839422,1.0376586,0.030449878,1.0350974997287197
1181.9606458849178,1.0012115,0.02992288,1.0351109983305435
1181.9705995858933,0.9938946,0.029815242,1.0351201180401814
1181.9805532868688,1.0310408,0.03034925,1.0351260764405925
1181.9905069878444,1.0282575,0.030308187,1.035129410413011
1182.0004606888199,1.0398866,0.030472381,1.0351301123359273
1182.0104143897954,1.0387386,0.030455275,1.0351283926907033
1182.020368090771,1.0786252,0.031016052,1.0351242709386352
1182.0303217917465,1.057338,0.030716153,1.0351175807057604
1182.040275492722,1.0617449,0.030775437,1.035107636372393
1182.0502291936975,1.073949,0.030945444,1.035094533942922
1182.060182894673,1.0189515,0.03016406,1.0350780546026295
1182.0701365956486,1.0576813,0.03071335,1.0350578845477323
1182.0800902966241,1.0736622,0.030937122,1.0350331705774327
1182.0900439975997,1.0354881,0.030395884,1.0350042258605676
1182.0999976985752,1.0973204,0.03126259,1.034970625745246
1182.1099513995507,1.0476639,0.030565303,1.0349312402141022
1182.1199051005262,1.0608397,0.030749531,1.034883392911278
1182.1298588015018,1.0776068,0.030983094,1.0348239706215843
1182.1398125024773,1.0455035,0.030529622,1.0347459295223504
1182.1497662034528,1.0294483,0.030299086,1.034634286735376
1182.1597199044284,0.9725947,0.02947446,1.034468309472067
1182.169673605404,0.9886309,0.029707074,1.034232333150233
1182.1796273063794,1.0476544,0.030554168,1.0339105694994482
1182.189581007355,1.0688264,0.030851467,1.033483238973892
1182.1995347083305,0.99912673,0.029854525,1.0329555483888488
1182.2094884093062,1.0047694,0.029935865,1.0323425741446375
1182.2194421102818,1.0562407,0.030668778,1.0316584823869113
1182.2293958112573,1.0092462,0.02999705,1.030916445487689
1182.2393495122328,1.0489352,0.03056143,1.0301460150486177
1182.2493032132083,1.007147,0.02996322,1.029370768716447
1182.2592569141839,1.0415945,0.030456193,1.0286128980239584
1182.2692106151594,0.9920778,0.02974271,1.0279001744108713
1182.279164316135,1.0379806,0.030400403,1.0272396944002753
1182.2891180171105,1.0130618,0.030042317,1.0266361681267078
1182.299071718086,1.0173652,0.030101238,1.0260901395170947
1182.3090254190615,0.98710084,0.029663721,1.0256011278318444
1182.318979120037,1.0516095,0.030587172,1.0251560976076992
1182.3289328210126,1.0587406,0.030686144,1.0247514097081425
1182.3388865219881,1.0073359,0.029951582,1.024387880750944
1182.3488402229636,1.0069292,0.029945565,1.0240670789374378
1182.3587939239392,0.9364696,0.028907152,1.0237854203073111
1182.3687476249147,0.9794846,0.029541604,1.023543275895268
1182.3787013258902,0.9943286,0.029756496,1.02334386595745
1182.3886550268658,0.9836518,0.029600928,1.0231843168694876
1182.3986087278413,0.98191303,0.029573625,1.0230582261861128
1182.4085624288168,0.9888308,0.029672675,1.0229609888323075
1182.4185161297924,1.0285288,0.030243915,1.0228902143342362
1182.4284698307679,1.00122,0.029848408,1.0228396726713105
1182.4384235317434,0.9716989,0.029417435,1.022806885873395
1182.448377232719,1.0264603,0.030208588,1.0227930310919813
1182.4583309336945,1.015832,0.03005467,1.0228059608461004
1182.46828463467,0.94245666,0.028979355,1.0228481732779813
1182.4782383356455,1.0065428,0.029917905,1.0229245339703037
1182.488192036621,0.9405217,0.028947422,1.0230400177280063
1182.4981457375966,0.9543303,0.029152827,1.0232034804594408
1182.5080994385721,0.9217187,0.02866328,1.0234100762722567
1182.5180531395476,0.99647176,0.029766707,1.0236604165213408
1182.5280068405232,0.9622014,0.029263457,1.023956986053538
1182.5379605414987,0.96289957,0.029272018,1.0243038793438395
1182.5479142424742,0.9495045,0.029071728,1.0246965456917079
1182.5578679434498,0.97587746,0.029460415,1.0251359817161796
1182.5678216444253,0.9503011,0.029081333,1.025626213624171
1182.5777753454008,0.99877226,0.029789275,1.0261651460460652
1182.5877290463764,0.96318465,0.029268576,1.0267401503374778
1182.5976827473519,0.95795095,0.029188892,1.0273358742370864
1182.6076364483274,0.9551003,0.029145816,1.0279262027437994
1182.617590149303,0.95501095,0.029144263,1.0284783757334623
1182.6275438502785,0.9056735,0.028401282,1.0289670962607906
1182.637497551254,0.9204097,0.028624145,1.0293734968692316
1182.6474512522295,0.91691744,0.02856873,1.0296745729468662
1182.657404953205,0.92901474,0.028750772,1.029879414703713
1182.6673586541806,0.98548394,0.029583935,1.029995833699318
1182.6773123551561,0.9977747,0.029761352,1.0300312664543498
1182.6872660561316,0.98014826,0.029502206,1.0299847043396257
1182.6972197571072,0.8557499,0.027621461,1.0298823865253153
1182.7071734580827,0.95748883,0.029167734,1.029740018095643
1182.7171271590582,0.9526132,0.029092425,1.0295736981699921
1182.7270808600338,0.9779182,0.029463286,1.0294002304771819
1182.7370345610093,0.93810326,0.028873954,1.029233808897154
1182.7469882619848,0.9362686,0.028844206,1.0290814429050543
1182.7569419629604,0.9757914,0.029427242,1.0289475315078944
1182.7668956639359,0.9767138,0.029438859,1.0288342709933
1182.7768493649114,0.9746305,0.029409042,1.0287399515142217
1182.786803065887,1.0232707,0.030109338,1.0286650387516199
1182.7967567668625,0.92006963,0.028594844,1.0286122541717417
1182.806710467838,0.97438526,0.029400736,1.028582961472089
1182.8166641688135,1.0326935,0.030239344,1.0285767535160701
1182.826617869789,0.97709554,0.0294358,1.0285944215653737
1182.8365715707646,1.0384464,0.03031979,1.02863821311675
1182.8465252717401,1.007054,0.02986751,1.0287036024945697
1182.8564789727156,1.005686,0.029846555,1.028784677559218
1182.8664326736912,1.0260452,0.030134926,1.028875741116981
1182.8763863746667,1.0293746,0.030180864,1.028970919618435
1182.8863400756422,1.027408,0.030153397,1.029064939980176
1182.8962937766178,1.0194488,0.030039715,1.0291562766324112
1182.9062474775933,0.9896212,0.029606694,1.0292457126169383
1182.9162011785688,1.0299072,0.03018432,1.02933630113739
1182.9261548795444,1.017486,0.03000546,1.0294312217338384
1182.9361085805199,1.0428563,0.030364102,1.0295322623528893
1182.9460622814954,0.9813449,0.029479781,1.0296396559229752
1182.956015982471,1.0434681,0.030369965,1.0297516359326109
1182.9659696834465,1.0040039,0.029803658,1.0298641772802761
1182.975923384422,1.0081276,0.029862033,1.0299738952180826
1182.9858770853975,1.0054498,0.029821957,1.0300774106816197
1182.995830786373,1.0615659,0.030617233,1.0301726279364054
1183.0057844873486,1.01776,0.029993678,1.0302602150504443
1183.0157381883241,1.0673552,0.030696316,1.0303407632046013
1183.0256918892997,1.0378035,0.030276319,1.0304131605946742
1183.0356455902752,1.0849108,0.03093611,1.0304734334082857
1183.0455992912507,1.06472,0.03065325,1.030513720309631
1183.0555529922262,1.0296116,0.030155389,1.0305205503989934
1183.0655066932018,1.0792428,0.030851634,1.0304659276621158
1183.0754603941773,1.0152628,0.029948171,1.0303286657520156
1183.0854140951528,0.99228436,0.029614983,1.030091603312197
1183.0953677961284,1.0008702,0.029736374,1.0297407994574792
1183.105321497104,1.0288554,0.030136678,1.029255706916018
1183.1152751980794,1.0086961,0.029845309,1.0286655132329328
1183.125228899055,0.99178195,0.029600725,1.0279962728482868
1183.1351826000305,0.9858432,0.029530972,1.0272788028922222
1183.145136301006,1.0103552,0.030301034,1.0265474261053815
1183.1550900019815,1.077518,0.0327402,1.0258338714461532
1183.165043702957,1.0054786,0.03199559,1.0251565618024632
1183.1749974039326,1.0216136,0.031819556,1.0245284656697513
1183.1849511049081,1.0238671,0.033173256,1.0239583013224387
1183.1949048058837,1.0585623,0.033383906,1.0234384167051158
1183.2048585068592,1.0196422,0.03348619,1.0229665281629827
1183.2148122078347,1.0434631,0.034863878,1.022543671269636
1183.2247659088102,1.0203583,0.035270493,1.0221696483988345
1183.234719609786,1.0293919,0.034441862,1.0218388067704205
1183.2446733107615,1.0051616,0.03528485,1.021549471815798
1183.254627011737,1.0114602,0.036519986,1.0213016806601916
1183.2645807127126,1.0798275,0.03684453,1.0210877728329757
1183.2745344136881,1.0489697,0.03562247,1.0208979009870152
1183.2844881146636,0.93453205,0.034125324,1.020724942413299
1183.2944418156392,0.95654476,0.034276232,1.0205644059239445
1183.3043955166147,1.0213729,0.035239737,1.0204134092940418
1183.3143492175902,0.9929106,0.0357114,1.0202743080967611
1183.3243029185658,1.010713,0.036040027,1.0201534464272162
1183.3342566195413,1.0098624,0.03502289,1.0200656666194825
1183.3442103205168,0.9834646,0.03398527,1.0200183215187715
1183.3541640214924,0.93747556,0.033876203,1.0200193144579361
1183.3641177224679,1.0274122,0.036452655,1.020074687454299
1183.3740714234434,1.0054226,0.035908762,1.0201925072236255
1183.384025124419,1.020615,0.03456902,1.0203573319090515
1183.3939788253945,1.0589466,0.0356279,1.0205559190073292
1183.40393252637,1.0248977,0.035434682,1.0207669961892516
1183.4138862273455,1.0814105,0.035787255,1.020953299247977
1183.423839928321,1.0545685,0.035428863,1.0210762835249014
1183.4337936292966,1.0799582,0.03631927,1.0210962218643136
1183.4437473302721,1.0147254,0.034324072,1.020961311067151
1183.4537010312476,1.061924,0.035932537,1.0206240757710245
1183.4636547322232,1.0032523,0.036101777,1.0200736984457959
1183.4736084331987,1.0017111,0.035597216,1.0192908978036912
1183.4835621341742,1.0139408,0.035426293,1.0182372098040438
1183.4935158351498,1.035111,0.037372906,1.0169106233722616
1183.5034695361253,1.0581505,0.037177958,1.0153279343384058
1183.5134232371008,0.99250376,0.03525392,1.0134912990788123
1183.5233769380764,0.9298119,0.034063898,1.0113810034544835
1183.5333306390519,0.9713873,0.03346129,1.0090394857579104
1183.5432843400274,0.99294794,0.033700984,1.0065102043374408
1183.553238041003,0.93502843,0.032920998,1.003839717442047
1183.5631917419785,1.0341446,0.03477572,1.0010834056822675
1183.573145442954,0.9981418,0.0331641,0.9983273346038748
1183.5830991439295,0.94952023,0.032189198,0.995638526779494
1183.593052844905,0.9433947,0.030784134,0.9930778029405974
1183.6030065458806,0.88281035,0.027956758,0.9907215107255428
1183.6129602468561,0.8820655,0.027887754,0.988569863821196
1183.6229139478316,0.9430228,0.028806057,0.986633135265926
1183.6328676488072,0.93448,0.028676726,0.9849197969723231
1183.6428213497827,0.9125937,0.028346987,0.9834424181041654
1183.6527750507582,0.8939251,0.028064188,0.9821647669210958
1183.6627287517338,0.89216936,0.028035752,0.9810803426109252
1183.6726824527093,0.9217295,0.028481115,0.9801969412188212
1183.6826361536848,0.8851006,0.027924735,0.9795186727139413
1183.6925898546604,0.8683281,0.027667437,0.9790236964594632
1183.7025435556359,0.8647981,0.027611075,0.9787084344708774
1183.7124972566114,0.86023545,0.027540801,0.9785814720166043
1183.722450957587,0.889068,0.027982004,0.9786257803134014
1183.7324046585625,0.80360365,0.02664277,0.978810509103395
1183.742358359538,0.9166742,0.02839534,0.9791133661462899
1183.7523120605135,0.8635963,0.027585652,0.9795183249268317
1183.762265761489,0.93759304,0.02870331,0.9799944215190588
1183.7722194624646,0.90103173,0.028152477,0.9805258038340063
1183.7821731634401,0.94342893,0.028787807,0.9811110870122132
1183.7921268644156,0.91471773,0.028358074,0.9817702323038859
1183.8020805653912,0.93376285,0.02864266,0.9825152769372332
1183.8120342663667,0.9563995,0.028974745,0.9833673266189046
1183.8219879673422,0.9336972,0.028636651,0.9843518402714981
1183.8319416683178,0.90041244,0.028136546,0.9855248070219771
1183.8418953692933,0.9360889,0.028667975,0.9868887282359601
1183.8518490702688,0.93944484,0.028716585,0.9884647840647272
1183.8618027712444,1.0098499,0.029741382,0.9902718261376111
1183.8717564722199,0.9194976,0.028414397,0.9923296380962943
1183.8817101731954,0.9817597,0.029331656,0.994585090716986
1183.891663874171,0.9252633,0.028498337,0.9970036086669414
1183.9016175751465,0.9719827,0.029189503,0.9995465664986887
1183.911571276122,0.9381882,0.028689397,1.0021617877895594
1183.9215249770975,0.9040835,0.028174391,1.004787659740301
1183.931478678073,0.9856441,0.029379943,1.0073733338661448
1183.9414323790486,0.96216875,0.029038401,1.0098544750553426
1183.9513860800241,0.96480423,0.029073546,1.0121668479994297
1183.9613397809997,0.9994825,0.02957327,1.0142691076219088
1183.9712934819752,0.9940524,0.029496707,1.016119279627791
1183.9812471829507,0.9680991,0.029115958,1.0176548088479638
1183.9912008839262,0.9764203,0.029237371,1.0188824833918784
1184.0011545849018,0.94951546,0.028841857,1.0198353726626437
1184.0111082858773,0.94154227,0.028722579,1.020545945475484
1184.0210619868528,0.9352938,0.02862858,1.0210372033588897
1184.0310156878284,0.93965214,0.028689887,1.021389025238932
1184.040969388804,0.9551325,0.028916137,1.0216566931131588
1184.0509230897794,0.9576441,0.028954221,1.021880598900367
1184.060876790755,0.96281254,0.029029405,1.0220917874963082
1184.0708304917305,0.96802163,0.029103119,1.0223134694293063
1184.080784192706,0.95322174,0.028882943,1.0225557591692713
1184.0907378936815,0.9442106,0.028752277,1.0228242464784354
1184.100691594657,0.99559385,0.029497327,1.0231248511005075
1184.1106452956326,0.9963555,0.029509405,1.0234546223954868
1184.1205989966081,0.95388377,0.02888647,1.023814642084608
1184.1305526975837,0.9794599,0.029262241,1.0242080822373014
1184.1405063985594,0.9241003,0.028442942,1.0246403359167866
1184.150460099535,0.96458846,0.029039683,1.025110707857778
1184.1604138005105,0.9531888,0.028875954,1.0256228322928804
1184.170367501486,0.9759261,0.02920313,1.0261833486032401
1184.1803212024615,1.0157315,0.029775238,1.0267931812824402
1184.190274903437,0.97226685,0.0291487,1.0274406677336656
1184.2002286044126,1.0104175,0.029693583,1.028111964922702
1184.2101823053881,1.0944039,0.030868707,1.0287867109520823
1184.2201360063636,1.0841993,0.030725246,1.029439147159267
1184.2300897073392,1.0840405,0.030723412,1.030047935440433
1184.2400434083147,1.0007288,0.029549884,1.030593439969533
1184.2499971092902,1.032565,0.02999989,1.03104544855674
1184.2599508102658,1.055003,0.030314703,1.0313920524404798
1184.2699045112413,1.0497504,0.030240748,1.0316230162044135
1184.2798582122168,1.0523827,0.030273512,1.0317272983930397
1184.2898119131924,1.0373336,0.030064376,1.031678652888799
1184.2997656141679,0.9897581,0.029382024,1.0314974611311722
1184.3097193151434,1.029276,0.029943641,1.0311946050151617
1184.319673016119,1.0430661,0.030139975,1.0307804716976217
1184.3296267170945,0.9598001,0.028946953,1.030252799197607
1184.33958041807,0.95530313,0.028878735,1.0296377084804371
1184.3495341190455,0.9370026,0.028605623,1.02894105236476
1184.359487820021,0.9619536,0.028971042,1.028165337598241
1184.3694415209966,1.0078396,0.029633658,1.0273097242057354
1184.3793952219721,1.0346925,0.030014783,1.0263932285354374
1184.3893489229476,1.0254756,0.029877033,1.0254289009828095
1184.3993026239232,0.97294074,0.029123064,1.0244348623800157
1184.4092563248987,0.98153526,0.029245252,1.0234399692699623
1184.4192100258742,0.98141795,0.029243965,1.0224739343712825
1184.4291637268498,0.9908641,0.02937952,1.021561423317996
1184.4391174278253,1.095822,0.030847248,1.0207284751532195
1184.4490711288008,0.98230845,0.029246883,1.0199872655251745
1184.4590248297764,1.0528395,0.030249333,1.019333082255879
1184.4689785307519,1.0581656,0.03032313,1.018764056914381
1184.4789322317274,1.056432,0.030297063,1.0182850673743173
1184.488885932703,1.0103832,0.029644487,1.0178874201172183
1184.4988396336785,1.0049871,0.02956687,1.0175625974456504
1184.508793334654,1.0213747,0.02979813,1.0173073188344728
1184.5187470356295,1.0402231,0.03006549,1.017127003327753
1184.528700736605,1.0048268,0.029562876,1.017011493194552
1184.5386544375806,0.9648217,0.028981779,1.016955453509462
1184.5486081385561,1.017397,0.029738043,1.0169561661118267
1184.5585618395316,1.0366248,0.030006805,1.0170195799542041
1184.5685155405072,1.0234531,0.02982017,1.0171350099442535
1184.5784692414827,0.9955963,0.029426673,1.0172995105043887
1184.5884229424582,1.0700917,0.030470552,1.0175108366093633
1184.5983766434338,0.98440254,0.029258817,1.0177703175358122
1184.6083303444093,1.0949525,0.030806774,1.0180657191796423
1184.6182840453848,0.9997891,0.029473921,1.0183914397975722
1184.6282377463604,1.0453517,0.030120289,1.018742934757268
1184.6381914473359,0.9978776,0.02944664,1.01911724453738
1184.6481451483114,1.0469501,0.030139565,1.0195099940803156
1184.658098849287,1.0210831,0.029772036,1.0199231260789663
1184.6680525502625,1.0181614,0.029731987,1.020363727123891
1184.678006251238,0.98449093,0.029246403,1.02084222482328
1184.6879599522135,1.0162648,0.029697854,1.0213645275209167
1184.697913653189,1.0014976,0.029486183,1.0219385662178362
1184.7078673541646,1.0531956,0.030214418,1.0225751321572556
1184.7178210551401,1.0351192,0.029961089,1.0232740999860654
1184.7277747561157,0.96417004,0.028942125,1.0240250421397716
1184.7377284570912,1.0191404,0.029729212,1.0248181096487055
1184.7476821580667,1.0389721,0.030011639,1.0256415481407444
1184.7576358590422,1.0070753,0.029560506,1.0264753831816373
1184.7675895600178,1.0070901,0.029555418,1.0273033017451032
1184.7775432609933,1.0196775,0.029734496,1.0281113417873466
1184.7874969619688,1.014626,0.029657993,1.02887794191271
1184.7974506629444,0.9911956,0.029318476,1.029587322429556
1184.8074043639199,0.98130566,0.029181307,1.0302209649066185
1184.8173580648954,1.0237628,0.02978242,1.0307572043024948
1184.827311765871,1.0486639,0.0301308,1.0311534503131854
1184.8372654668465,0.98562616,0.029234799,1.0314124701492915
1184.847219167822,0.9524761,0.0287567,1.0315323358184472
1184.8571728687975,1.0190759,0.029709572,1.0315214412892364
1184.867126569773,1.0456971,0.03008409,1.0313923571820705
1184.8770802707486,1.029233,0.02985391,1.031194576341802
1184.8870339717241,0.99043715,0.029298486,1.0309568774236155
1184.8969876726997,0.97895026,0.029130619,1.030699907432453
1184.9069413736752,0.9486361,0.02868524,1.0304309723168739
1184.9168950746507,0.9674328,0.028957944,1.0301397318610221
1184.9268487756262,1.035489,0.029929167,1.0297951153952751
1184.9368024766018,0.9355198,0.02848786,1.0293328320208255
1184.9467561775773,0.95493853,0.028773692,1.0286491276151883
1184.9567098785528,0.984435,0.029195487,1.0276584189599025
1184.9666635795284,0.97212917,0.029015685,1.0262636825179046
1184.976617280504,0.95894974,0.028827554,1.0243302788069077
1184.9865709814794,0.9315009,0.02842029,1.0217951756041264
1184.996524682455,0.9701207,0.028981786,1.018685382814717
1185.0064783834305,0.9389338,0.028530104,1.0150231765656441
1185.016432084406,0.9181415,0.02822176,1.0108177372335192
1185.0263857853815,0.9604917,0.028840158,1.0062003095878755
1185.036339486357,0.95945084,0.028821435,1.001306113310727
1185.0462931873326,0.95507705,0.028754232,0.9962488463985946
1185.0562468883081,0.8798482,0.027636275,0.9911445117220703
1185.0662005892837,0.93326205,0.028433073,0.986103339558045
1185.0761542902592,0.8909844,0.027799979,0.9811944150104167
1185.0861079912347,0.90023255,0.027939385,0.9764669905074365
1185.0960616922102,0.92604786,0.028324362,0.9719860109979894
1185.1060153931858,0.8735521,0.02753065,0.967726068587037
1185.1159690941613,0.97232527,0.02899594,0.9636743897550994
1185.1259227951368,0.8992307,0.027916832,0.9598123345688779
1185.1358764961124,0.8783003,0.027603207,0.956133378518645
1185.145830197088,0.8894719,0.027769133,0.9525872667841456
1185.1557838980634,0.86357373,0.02737462,0.9491621206987227
1185.1657375990392,0.8274494,0.026804931,0.9458661780391897
1185.1756913000147,0.8295904,0.026840808,0.9427369596203272
1185.1856450009902,0.9114344,0.028091393,0.9397935928919079
1185.1955987019658,0.81515193,0.02660775,0.9370800965209491
1185.2055524029413,0.79581505,0.026299164,0.9346648361156363
1185.2155061039168,0.7957786,0.026296891,0.9326177933233475
1185.2254598048924,0.8335954,0.026892077,0.9309406013885951
1185.2354135058679,0.8291332,0.026824195,0.9296542536998638
1185.2453672068434,0.8240322,0.026741983,0.9288026708732344
1185.255320907819,0.86443025,0.02736303,0.9283833077295528
1185.2652746087945,0.8796463,0.027599351,0.9283495072597813
1185.27522830977,0.8565961,0.027242322,0.9286854259930677
1185.2851820107455,0.84510785,0.027069911,0.9294110303221825
1185.295135711721,0.8496014,0.027133366,0.9304950615209542
1185.3050894126966,0.8803191,0.027599158,0.9319103124589077
1185.3150431136721,0.87337923,0.027491368,0.9336597269375705
1185.3249968146476,0.8130269,0.02655641,0.9358027099831892
1185.3349505156232,0.8429972,0.027027234,0.9383312201168429
1185.3449042165987,0.867995,0.027405,0.9412567600709161
1185.3548579175742,0.87903357,0.027570512,0.9446050349122014
1185.3648116185498,0.8436404,0.02702967,0.9484666067958558
1185.3747653195253,0.9192449,0.028175686,0.9527874681232306
1185.3847190205008,0.88662297,0.027683998,0.9575403480475314
1185.3946727214764,0.900207,0.027887965,0.9626737859188041
1185.4046264224519,0.9225099,0.028219322,0.9681302992251869
1185.4145801234274,0.9396704,0.028468683,0.9737331627970588
1185.424533824403,0.9300096,0.028329248,0.9793505315266149
1185.4344875253785,0.92836475,0.02830292,0.9848426817713265
1185.444441226354,0.97200274,0.028940786,0.9900441100707241
1185.4543949273295,0.9745473,0.028975137,0.9948869394181596
1185.464348628305,0.97277725,0.028947944,0.9993104945635218
1185.4743023292806,0.9926035,0.029225217,1.003262353090982
1185.4842560302561,0.9871471,0.029149571,1.006720401910567
1185.4942097312316,0.996619,0.029282358,1.0097757057386594
1185.5041634322072,0.9922027,0.029220665,1.012481194562678
1185.5141171331827,0.97242016,0.02893369,1.0148785954512716
1185.5240708341582,1.0047436,0.029400785,1.017035659909708
1185.5340245351338,1.0050398,0.029398726,1.019035488463682
1185.5439782361093,1.0227923,0.029648071,1.0209244830149151
1185.5539319370848,0.94548637,0.028540272,1.0227299992101868
1185.5638856380604,1.056814,0.030123297,1.0244705528537903
1185.5738393390359,0.9360504,0.028398002,1.0261459512182933
1185.5837930400114,0.9838049,0.029084448,1.0277364119846608
1185.593746740987,0.9682404,0.028856019,1.0291944221691178
1185.6037004419625,0.9731826,0.028928619,1.030491228779158
1185.613654142938,0.9877399,0.029137244,1.0316091252664479
1185.6236078439135,1.0107888,0.029466296,1.0325348262079141
1185.633561544889,1.010839,0.0294636,1.0332418072930574
1185.6435152458646,1.0227008,0.029627645,1.0337683417320234
1185.6534689468401,0.9994249,0.029297482,1.0341468178156565
1185.6634226478157,1.0216758,0.029611047,1.034409090880396
1185.6733763487912,0.9779631,0.028983274,1.0345758538281669
1185.6833300497667,0.9741676,0.028930152,1.0346891748972504
1185.6932837507422,0.990415,0.029166084,1.0347689288059247
1185.7032374517178,1.0623467,0.030176623,1.0348279759547532
1185.7131911526933,1.0008546,0.029307904,1.0348730156830126
1185.7231448536688,0.96786034,0.028834581,1.0349097746117693
1185.7330985546444,1.0328711,0.029757889,1.034939231382582
1185.74305225562,1.0149457,0.029504959,1.0349605509105375
1185.7530059565954,1.0611104,0.030143157,1.0349704238301287
1185.762959657571,1.0112971,0.029445525,1.0349655607329356
1185.7729133585465,1.0247226,0.029639391,1.0349388949982588
1185.782867059522,0.9813132,0.029014168,1.0348774151653195
1185.7928207604975,1.0090904,0.029409539,1.0347635238602204
1185.802774461473,1.0133961,0.029469116,1.0345888844172393
1185.8127281624486,1.0029391,0.029322091,1.0343442888728211
1185.8226818634241,0.9986109,0.029261136,1.0340191093766862
1185.8326355643997,1.0157332,0.029500337,1.0336150456698927
1185.8425892653752,1.0164443,0.029511664,1.0331466791114334
1185.8525429663507,0.96263874,0.028735058,1.0326265018874454
1185.8624966673262,1.0263519,0.029644959,1.0320690836948894
1185.8724503683018,1.0264573,0.029642846,1.0314980398268476
1185.8824040692773,0.946065,0.028487196,1.0309342089725217
1185.8923577702528,0.98936665,0.02910827,1.0303925736861577
1185.9023114712284,1.0422353,0.029857222,1.0298878962631282
1185.912265172204,0.9919793,0.029145492,1.0294233725184878
1185.9222188731794,1.0096941,0.029394628,1.0289986399631301
1185.932172574155,1.0325977,0.029718399,1.028613354793705
1185.9421262751305,1.0421335,0.02984878,1.0282722682385832
1185.952079976106,1.0513659,0.0299773,1.0279697515599358
1185.9620336770815,1.0427986,0.02985653,1.0277039052982433
1185.971987378057,1.0460488,0.029902669,1.027473371796741
1185.9819410790326,1.0367244,0.029764596,1.0272813589240262
1185.9918947800081,1.0372431,0.029774286,1.0271194682976321
1186.0018484809837,1.0338613,0.029724197,1.0269845848782126
1186.0118021819592,1.0106527,0.029398674,1.026874105132598
1186.0217558829347,1.0284834,0.029646624,1.0267880831120504
1186.0317095839102,1.028385,0.029643293,1.0267218981826751
1186.0416632848858,0.9472334,0.028480986,1.0266760657648173
1186.0516169858613,0.9562983,0.028611088,1.0266537842058208
1186.061570686837,0.9426711,0.02840669,1.0266615478208512
1186.0715243878126,0.9313013,0.02838368,1.0267000240614628
1186.0814780887881,0.9454791,0.02973699,1.0267720804205587
1186.0914317897636,0.9920372,0.03125254,1.0268810752484898
1186.1013854907392,1.0162721,0.032415446,1.0270276021174138
1186.1113391917147,1.0146267,0.03328719,1.0272048208684248
1186.1212928926902,0.971998,0.033376187,1.027408400149068
1186.1312465936658,1.0140872,0.034634974,1.0276342066115363
1186.1412002946413,1.0087041,0.034634877,1.0278753091722148
1186.1511539956168,0.97539073,0.03487964,1.0281244296433585
1186.1611076965924,1.029065,0.036721002,1.0283773362280049
1186.1710613975679,1.0109026,0.036411,1.0286325716773732
1186.1810150985434,1.0372742,0.036373857,1.0288926044969307
1186.190968799519,1.0310183,0.03722816,1.029163256298476
1186.2009225004945,1.0035005,0.036657806,1.029452605340262
1186.21087620147,0.9881945,0.034808807,1.0297726017385846
1186.2208299024455,0.92807746,0.033584762,1.030125911641051
1186.230783603421,1.0671868,0.037344836,1.0305080644082567
1186.2407373043966,1.0309951,0.03636146,1.0309092621650175
1186.2506910053721,0.9720427,0.03418046,1.031312848028829
1186.2606447063476,1.010684,0.0351836,1.0316985353036894
1186.2705984073232,1.008568,0.03471618,1.0320500178431278
1186.2805521082987,1.0370185,0.035205413,1.0323539738803036
1186.2905058092742,1.0246903,0.034922812,1.0325906769194846
1186.3004595102498,1.0341179,0.034748096,1.0327652117971948
1186.3104132112253,1.0016931,0.034393605,1.0328800883016063
1186.3203669122008,0.95365727,0.03451217,1.0329420707510875
1186.3303206131764,1.0325907,0.036488596,1.0329582972261362
1186.3402743141519,0.98416466,0.035411026,1.032947612358576
1186.3502280151274,0.9610647,0.034815457,1.0329190878066645
1186.360181716103,0.97018206,0.035484284,1.0328779757706907
1186.3701354170785,0.98107207,0.035110142,1.0328223997156007
1186.380089118054,1.0152942,0.036405556,1.0327455514799597
1186.3900428190295,0.97432524,0.036608625,1.0326311964939408
1186.399996520005,1.0540361,0.03782292,1.032449120236173
1186.4099502209806,1.0263823,0.036347374,1.0321534715852307
1186.4199039219561,0.9686974,0.035591085,1.0317171842056194
1186.4298576229316,0.9787092,0.035813477,1.0311133812919087
1186.4398113239072,1.0273085,0.03612401,1.0303166645368842
1186.4497650248827,1.0205246,0.03485564,1.0293355005678682
1186.4597187258582,1.0021536,0.033466563,1.0282217743786246
1186.4696724268338,0.9882912,0.034066886,1.0270242536929648
1186.4796261278093,1.0452777,0.03498924,1.0258010265970987
1186.4895798287848,0.9833084,0.034098595,1.0246128155172616
1186.4995335297604,1.0199229,0.034704227,1.0234968065289554
1186.5094872307359,1.0517282,0.034878463,1.0224759356173996
1186.5194409317114,1.0156481,0.03382515,1.0215727697102477
1186.529394632687,1.0050259,0.032040156,1.0207805899835471
1186.5393483336625,1.020686,0.031102715,1.0200877654061538
1186.549302034638,0.94447374,0.028937545,1.0194867747799492
1186.5592557356135,0.9553477,0.02851673,1.018978045259759
1186.569209436589,0.96710414,0.028688272,1.0185393354183145
1186.5791631375646,0.93150693,0.028164623,1.0181520138510292
1186.5891168385401,0.92020565,0.027998688,1.017797862940811
1186.5990705395157,0.9667273,0.028678568,1.0174572231653054
1186.6090242404912,0.9653094,0.028648054,1.017109858544449
1186.6189779414667,0.9573379,0.028534623,1.0167448821451035
1186.6289316424422,0.9045918,0.027762223,1.0163572904565752
1186.6388853434178,0.93587816,0.028219763,1.0159469327982051
1186.6488390443933,0.95212173,0.028448401,1.0155287702761637
1186.6587927453688,0.95173293,0.02844847,1.0151191785483924
1186.6687464463444,0.9511001,0.02843269,1.0147384091251619
1186.67870014732,0.9440116,0.02833245,1.0144137324262612
1186.6886538482954,0.927084,0.028078778,1.0141536456478042
1186.698607549271,0.8690874,0.027216386,1.0139660824115433
1186.7085612502465,0.8800298,0.027382351,1.013857010794306
1186.718514951222,0.90896446,0.027808947,1.013832265549949
1186.7284686521975,0.9596199,0.028550893,1.0138805579907546
1186.738422353173,0.93860894,0.028243916,1.0140012765824895
1186.7483760541486,0.93245894,0.028155604,1.014200191770693
1186.7583297551241,0.8867163,0.027468815,1.0144844522717282
1186.7682834560997,0.89742035,0.027629698,1.0148496676258767
1186.7782371570752,0.9882231,0.02894857,1.0152994042948276
1186.7881908580507,0.9211448,0.027983388,1.0158432502564496
1186.7981445590262,0.9100994,0.027814334,1.0164826972437724
1186.8080982600018,0.9226046,0.02799917,1.0172075234208142
1186.8180519609773,0.8980565,0.027630573,1.0180127667276775
1186.8280056619528,0.96141523,0.028562123,1.0188964222488341
1186.8379593629284,0.9412532,0.028262747,1.0198397903928578
1186.847913063904,0.9596041,0.028529607,1.0208154019671318
1186.8578667648794,0.91815907,0.027925858,1.0217917964132517
1186.867820465855,0.9400293,0.028244572,1.022721045764322
1186.8777741668305,0.88829654,0.027474377,1.023558436419318
1186.887727867806,0.84144604,0.02676483,1.024270969554487
1186.8976815687815,0.8632799,0.027099723,1.0248349055706996
1186.907635269757,0.89889944,0.02763573,1.02522276591778
1186.9175889707326,0.90063554,0.027654367,1.0254664901253685
1186.9275426717081,0.9267743,0.028035995,1.0256016958348606
1186.9374963726837,0.89613616,0.027584214,1.025664602755649
1186.9474500736592,0.8926429,0.027531732,1.0256907829472783
1186.9574037746347,0.8781952,0.027314803,1.0257198085138488
1186.9673574756102,0.87136847,0.02720652,1.0257734554298263
1186.9773111765858,0.8669171,0.0271383,1.0258655479855407
1186.9872648775613,0.8634936,0.027084576,1.0260120111780866
1186.9972185785368,0.88783157,0.027458718,1.0262076145676602
1187.0071722795124,0.9016154,0.02765325,1.0264488337129118
1187.017125980488,0.8632271,0.02707999,1.0267259508111353
1187.0270796814634,0.90554583,0.027710205,1.0270191370008241
1187.037033382439,0.85049886,0.026878692,1.027296721540634
1187.0469870834145,0.8494476,0.026860543,1.02752858524509
1187.05694078439,0.94997543,0.028360264,1.027681810998542
1187.0668944853655,0.9484566,0.028338043,1.0277216982985133
1187.076848186341,0.91139555,0.027781907,1.0276480757210829
1187.0868018873168,0.8846927,0.027388869,1.0274603915890899
1187.0967555882924,0.8997952,0.027617201,1.0271633453515787
1187.1067092892679,0.9387196,0.028187482,1.0267755676593648
1187.1166629902434,0.9159516,0.027847601,1.026333772904613
1187.126616691219,0.9207872,0.027916456,1.0258650226955437
1187.1365703921945,0.9900406,0.028917192,1.0253963943882882
1187.14652409317,0.936865,0.028152097,1.0249529641079733
1187.1564777941455,0.9027945,0.027653946,1.02454837569051
1187.166431495121,0.9289916,0.028040066,1.0241910307524564
1187.1763851960966,0.9670442,0.028587177,1.023889511960179
1187.1863388970721,0.9508882,0.02834986,1.0236434195784954
1187.1962925980476,0.9211325,0.027917963,1.0234485040480332
1187.2062462990232,0.8940444,0.02751276,1.0233046964169636
1187.2161999999987,0.94036055,0.028191915,1.023218942870076
1187.2261537009742,0.9850903,0.028835744,1.0231905853332552
1187.2361074019498,0.9588554,0.028460262,1.0232179573807876
1187.2460611029253,0.9065078,0.027690511,1.0232999640128093
1187.2560148039008,0.93078387,0.028043851,1.023437068654036
1187.2659685048764,0.94163865,0.028200518,1.023613490386993
1187.2759222058519,0.9964546,0.028985495,1.023813800561523
1187.2858759068274,0.93909496,0.028163606,1.0240227176411705
1187.295829607803,0.9802961,0.028758677,1.0242231846306338
1187.3057833087785,0.9980308,0.029008217,1.024403471325468
1187.315737009754,1.0200408,0.029307593,1.0245568284344284
1187.3256907107295,0.9657981,0.028544366,1.0246792200995591
1187.335644411705,1.0028462,0.029065793,1.0247621177104147
1187.3455981126806,0.9614596,0.028472899,1.0248078983595805
1187.3555518136561,0.95861214,0.028436078,1.0248134998797582
1187.3655055146316,0.9771007,0.028706219,1.0247763568180208
1187.3754592156072,0.93263465,0.028052736,1.0246925206469
1187.3854129165827,0.93397087,0.028069932,1.0245751756342056
1187.3953666175582,1.0350044,0.029507706,1.0244353353316447
1187.4053203185338,0.96027493,0.028443946,1.0242883197360588
1187.4152740195093,0.9969744,0.028970016,1.0241565666574606
1187.4252277204848,0.93375653,0.028061751,1.0240596093570322
1187.4351814214604,0.99598855,0.028951112,1.0240151882223985
1187.4451351224359,0.9959916,0.028951883,1.0240411852833597
1187.4550888234114,0.9613116,0.028457148,1.0241511829440162
1187.465042524387,1.0007107,0.029021114,1.0243336075665803
1187.4749962253625,1.0076811,0.029111393,1.024577490172466
1187.484949926338,0.999745,0.029007765,1.0248665797960133
1187.4949036273135,1.0311815,0.029433273,1.0251744960606834
1187.504857328289,1.0148535,0.02920613,1.0254737325223036
1187.5148110292646,1.0147645,0.02920739,1.0257445054736951
1187.5247647302401,1.0348551,0.029489163,1.0259683802301245
1187.5347184312157,0.9641954,0.028489072,1.0261368065081828
1187.5446721321912,1.0052431,0.029066157,1.0262534893094486
1187.5546258331667,1.0035298,0.029040035,1.026321483185756
1187.5645795341422,0.9571123,0.028375156,1.0263423419269087
1187.5745332351178,0.9677339,0.028533824,1.0263254366765517
1187.5844869360933,0.98800415,0.02882098,1.026281838078408
1187.5944406370688,0.98469466,0.028767264,1.0262209849388764
1187.6043943380444,1.0021385,0.029014254,1.026153166697084
1187.61434803902,1.00632,0.029074265,1.0260889317204094
1187.6243017399954,1.0289794,0.02938914,1.0260338339492072
1187.634255440971,1.0129777,0.029165888,1.0259895066311886
1187.6442091419465,0.9682321,0.028529957,1.025954504228198
1187.654162842922,0.9640427,0.028454501,1.0259225163041796
1187.6641165438975,0.99643356,0.028919106,1.025888690775015
1187.674070244873,1.0292587,0.029380282,1.0258508254022163
1187.6840239458486,0.9687381,0.028524727,1.02581077568308
1187.6939776468241,0.996311,0.028913021,1.0257763119122867
1187.7039313477997,0.97257257,0.028580865,1.0257576715516965
1187.7138850487752,1.0012326,0.028983323,1.025766774767201
1187.7238387497507,1.0120326,0.029137714,1.025823770345636
1187.7337924507262,0.9405885,0.028114416,1.0259325061677298
1187.7437461517018,1.0091752,0.02909476,1.026097832628154
1187.7536998526773,0.9245483,0.027871031,1.0263204645484818
1187.7636535536528,0.98879516,0.028795045,1.026597675539483
1187.7736072546284,0.9653492,0.028460389,1.0269003858181676
1187.783560955604,1.0038838,0.029006101,1.027197260978692
1187.7935146565794,1.0123584,0.029116776,1.0274458035759264
1187.803468357555,1.0750525,0.0299857,1.0275885806204665
1187.8134220585305,1.0055417,0.029027037,1.0276022329285173
1187.823375759506,0.99510723,0.028882476,1.0274668215876224
1187.8333294604815,1.0018979,0.028974421,1.0271672395579126
1187.843283161457,0.99080944,0.028818563,1.026695872356383
1187.8532368624326,0.96550953,0.028461495,1.0260864693388632
1187.8631905634081,0.9679668,0.028491123,1.0253601236904646
1187.8731442643837,1.0342451,0.029414533,1.0245403908639654
1187.8830979653592,1.0156947,0.029161533,1.0236635719532035
1187.8930516663347,0.9712364,0.02852605,1.0227739556949123
1187.9030053673102,1.013657,0.029126624,1.0219054361034396
1187.9129590682858,0.9676498,0.028472174,1.0210916975790556
1187.9229127692613,0.9740323,0.028570535,1.0203525561438318
1187.9328664702368,1.0052159,0.029003398,1.0196827614632482
1187.9428201712124,0.9891468,0.028774934,1.0190714715285027
1187.952773872188,0.9723024,0.028531762,1.0185049956955499
1187.9627275731634,0.9822009,0.0286718,1.0179648330948703
1187.972681274139,1.0332044,0.029392488,1.0174390220240563
1187.9826349751145,1.01922,0.029190984,1.0169254089813946
1187.9925886760902,0.9619341,0.0283796,1.016431579896406
1188.0025423770658,0.95089585,0.028211912,1.0159690716186407
1188.0124960780413,0.98420566,0.028690496,1.0155501140744831
1188.0224497790168,0.97582453,0.028573725,1.0151881451473694
1188.0324034799924,0.9431404,0.028100226,1.0149041272343413
1188.0423571809679,0.9722336,0.028520001,1.0147008740411652
1188.0523108819434,1.029387,0.029314237,1.014575992810009
1188.062264582919,0.99652094,0.02885998,1.014522186386021
1188.0722182838945,0.9914312,0.028787522,1.0145267523293242
1188.08217198487,1.0030053,0.028954778,1.0145524542838937
1188.0921256858455,0.96961784,0.028475469,1.0145661423577903
1188.102079386821,1.0204655,0.029191183,1.014539618425912
1188.1120330877966,1.0180688,0.02915167,1.0144417100828353
1188.1219867887721,1.0128043,0.029077295,1.0142708449291278
1188.1319404897476,0.9632431,0.028380632,1.014028141787359
1188.1418941907232,1.0067451,0.028996466,1.0137205853114515
1188.1518478916987,0.92814267,0.027864777,1.0133562496964728
1188.1618015926742,0.93928546,0.028035767,1.0129671920167016
1188.1717552936498,1.0400167,0.029452702,1.0125801687785554
1188.1817089946253,0.9379516,0.02800763,1.012227354463259
1188.1916626956008,0.96107036,0.028338809,1.0119580028523374
1188.2016163965764,1.0138506,0.029078597,1.0117981772060263
1188.2115700975519,0.94597685,0.028113173,1.0117717226321499
1188.2215237985274,0.93809485,0.028004045,1.0118927046184334
1188.231477499503,0.9256447,0.027815718,1.012163844295825
1188.2414312004785,0.9504593,0.02817568,1.012537965296822
1188.251384901454,0.92038435,0.027738454,1.0129804523719197
1188.2613386024295,0.9478184,0.028134437,1.0134553872595753
1188.271292303405,0.96370405,0.028360028,1.0139251612806626
1188.2812460043806,0.90927535,0.027566928,1.014363143673501
1188.2911997053561,0.9566173,0.028260836,1.014752804808318
1188.3011534063317,0.9502114,0.028160337,1.0150813905024567
1188.3111071073072,0.96500224,0.02837038,1.0153441836832375
1188.3210608082827,0.91897947,0.027701424,1.0155521973924932
1188.3310145092582,0.90534556,0.027502963,1.0157148891616627
1188.3409682102338,0.96966547,0.02843772,1.015845804831776
1188.3509219112093,0.9379332,0.02798561,1.0159697664028537
1188.3608756121848,0.95882624,0.028282745,1.0161133153274398
1188.3708293131604,0.94625324,0.028096061,1.0162974019670608
1188.380783014136,0.915105,0.027641432,1.0165412833238117
1188.3907367151114,0.903239,0.0274678,1.0168474135254506
1188.400690416087,0.9893174,0.028702598,1.0172040565432883
1188.4106441170625,0.937499,0.027967233,1.017597338504696
1188.420597818038,0.92163867,0.027723154,1.0180070716557181
1188.4305515190135,0.9655472,0.028365571,1.0184033449925471
1188.440505219989,0.920605,0.027709853,1.0187567548831362
1188.4504589209646,0.96472514,0.028339911,1.0190354257852743
1188.4604126219401,0.9043206,0.027474683,1.0191901603216995
1188.4703663229157,0.9637055,0.028326947,1.0191947197845588
1188.4803200238912,0.90677476,0.027503498,1.019033419695868
1188.4902737248667,0.90754676,0.027508032,1.0186979536250726
1188.5002274258422,0.94563437,0.02807076,1.018176405156381
1188.5101811268178,0.89242107,0.027291428,1.0175104517868152
1188.5201348277933,0.9306502,0.027846543,1.0167351292276696
1188.5300885287688,0.9314436,0.02785754,1.0158815160949277
1188.5400422297444,0.9063024,0.027490221,1.0149790334355497
1188.54999593072,0.94632566,0.028065914,1.014069641059088
1188.5599496316954,0.9412342,0.027992224,1.0131819416682015
1188.569903332671,0.9545931,0.028177477,1.0123376504594597
1188.5798570336465,0.9250708,0.027757544,1.0115602186262245
1188.589810734622,0.9033598,0.027438309,1.0108421229982794
1188.5997644355975,0.9392517,0.027956253,1.0101766262109009
1188.609718136573,0.9565907,0.02820831,1.0095541892454967
1188.6196718375486,0.94748527,0.02807783,1.008969227024266
1188.6296255385241,0.8682331,0.026902504,1.0084121689682115
1188.6395792394997,0.89942837,0.027371757,1.0078873397145576
1188.6495329404752,0.8970361,0.027342701,1.0074065664251675
1188.6594866414507,0.8762093,0.027026007,1.006992203713286
1188.6694403424262,0.92851865,0.027797092,1.0066485938244316
1188.6793940434018,0.89367694,0.027276117,1.0063840638113914
1188.6893477443773,0.9134751,0.027558668,1.0062071134483135
1188.6993014453528,0.9014969,0.027391588,1.006128954313465
1188.7092551463284,0.9133345,0.027562281,1.0061369104632227
1188.719208847304,0.93653536,0.02789777,1.0062274293205293
1188.7291625482794,0.87481284,0.026992444,1.0063992407457625
1188.739116249255,0.850529,0.026621755,1.006652324808846
1188.7490699502305,0.8761747,0.027004713,1.0069758081273579
1188.759023651206,0.886194,0.02715161,1.0073707031898655
1188.7689773521815,0.9194099,0.027637208,1.0078455603665932
1188.778931053157,0.9167498,0.027605372,1.008410320934726
1188.7888847541326,0.9142809,0.027573004,1.0090626383362251
1188.7988384551081,0.8935289,0.02726128,1.0098078370028982
1188.8087921560837,0.9116611,0.027523626,1.0106581353156052
1188.8187458570592,0.8973325,0.02731852,1.0116198559991234
1188.8286995580347,0.8932818,0.02725075,1.0126877556156977
1188.8386532590102,0.8922499,0.02723208,1.0138666148620026
1188.8486069599858,0.93035275,0.027795888,1.0151735531432002
1188.8585606609613,0.9363367,0.027878031,1.0166155651680384
1188.8685143619368,0.9586104,0.028201228,1.0181886738902401
1188.8784680629124,0.987022,0.028600683,1.0198942638847277
1188.888421763888,0.87377965,0.026955003,1.0217369245523245
1188.8983754648634,0.9026907,0.027375096,1.0236870166032248
1188.908329165839,0.9124315,0.02751883,1.0256998602749139
1188.9182828668145,0.9115796,0.027508477,1.027726043368227
1188.92823656779,0.9540708,0.028116668,1.029692634938209
1188.9381902687655,0.9381156,0.027891843,1.0315292772823066
1188.948143969741,0.8923954,0.027217528,1.0331828438026631
1188.9580976707166,0.9304143,0.02776941,1.034605141016292
1188.9680513716921,0.9146191,0.027534492,1.0357218935959958
1188.9780050726677,0.9001498,0.027332522,1.0365337934849141
1188.9879587736432,0.9576805,0.028163703,1.0370500815095574
1188.9979124746187,0.95778185,0.028155308,1.0372844758145072
1189.0078661755942,1.026531,0.029125178,1.037232362775499
1189.01781987657,0.9401487,0.027907506,1.0369652423397557
1189.0277735775455,0.98806393,0.028593365,1.036529696702452
1189.037727278521,0.9724776,0.028367925,1.0359632421236196
1189.0476809794966,0.9805702,0.028479738,1.0352909689433134
1189.0576346804721,0.9448746,0.027963798,1.0345622656514082
1189.0675883814476,0.95450777,0.02810666,1.0338077569195412
1189.0775420824232,0.93967366,0.02788665,1.0330543256805067
1189.0874957833987,0.96011245,0.0281864,1.0323307153871628
1189.0974494843742,0.92544854,0.027678369,1.0316477749192083
1189.1074031853498,0.95263433,0.028064573,1.0310100153105484
1189.1173568863253,0.8951989,0.02723242,1.030416590146588
1189.1273105873008,0.92412597,0.027658926,1.0298678329297937
1189.1372642882764,0.92327803,0.027643887,1.0293514316875776
1189.1472179892519,0.9124902,0.02748346,1.0288622395391611
1189.1571716902274,0.9737575,0.028364817,1.0283964310232294
1189.167125391203,0.9131826,0.027497178,1.0279527693095327
1189.1770790921785,0.9246633,0.027660165,1.0275262552579294
1189.187032793154,0.91542035,0.02752839,1.0271159703221033
1189.1969864941295,0.9303217,0.027743295,1.0267223124868203
1189.206940195105,1.0183096,0.02898021,1.026347339434556
1189.2168938960806,0.9087145,0.027425291,1.025989621627624
1189.2268475970561,0.9334135,0.027781928,1.0256498194284496
1189.2368012980317,0.948336,0.02799587,1.0253291379476133
1189.2467549990072,0.9209294,0.027595725,1.02502813890445
1189.2567086999827,0.93740916,0.027831718,1.0247422250502414
1189.2666624009582,0.95961636,0.028159454,1.02446672090597
1189.2766161019338,0.95241004,0.028042316,1.0241939010233934
1189.2865698029093,0.94868654,0.02799404,1.0239117123714618
1189.2965235038848,0.91640496,0.027525332,1.0236094080307159
1189.3064772048604,0.9362535,0.027805105,1.0232781332101908
1189.316430905836,0.9460234,0.027945038,1.022911186226966
1189.3263846068114,0.9425948,0.027904553,1.0225119714276416
1189.336338307787,0.9419784,0.02788404,1.0220958330415248
1189.3462920087625,0.99401885,0.028616367,1.0216800053782107
1189.356245709738,0.96651787,0.0282337,1.0212878225609119
1189.3661994107135,0.92915,0.027696088,1.0209429565698687
1189.376153111689,0.9082792,0.027393084,1.020659470660949
1189.3861068126646,0.9579305,0.028106458,1.0204495411936823
1189.3960605136401,0.92305225,0.027609175,1.0203292207892352
1189.4060142146157,0.89408684,0.02717646,1.020298249586712
1189.4159679155912,1.0182269,0.028940106,1.0203445143178245
1189.4259216165667,0.9252952,0.027636519,1.0204544534294575
1189.4358753175422,0.9659569,0.028210305,1.0206094122100504
1189.4458290185178,0.9244215,0.027612105,1.0207784961535435
1189.4557827194933,0.93664926,0.027788136,1.020936069998405
1189.4657364204688,0.94821405,0.027953602,1.0210623288676801
1189.4756901214444,0.90920806,0.027393125,1.0211350512616684
1189.48564382242,0.9414573,0.02785416,1.0211460803268073
1189.4955975233954,0.95641637,0.028058594,1.0210942427669125
1189.505551224371,0.9429737,0.027866298,1.0209821408865958
1189.5155049253465,0.92622983,0.027629692,1.020814619787466
1189.525458626322,0.9238076,0.027589332,1.0206154262597023
1189.5354123272975,0.97321707,0.028301958,1.0204053748625697
1189.545366028273,0.93780243,0.027794294,1.0202015241783022
1189.5553197292486,0.9335729,0.027725667,1.020020585274613
1189.5652734302241,0.9324477,0.027712548,1.0198684237765319
1189.5752271311997,1.0334423,0.029133782,1.0197475705991133
1189.5851808321752,0.9326071,0.027717896,1.019658921207646
1189.5951345331507,0.97048235,0.028252468,1.0196066583518113
1189.6050882341262,0.9289942,0.027659057,1.0195849126441392
1189.6150419351018,0.9891904,0.028518056,1.0195916203446003
1189.6249956360773,0.9943767,0.028585894,1.0196251775036262
1189.6349493370528,0.9289109,0.0276555,1.0196879812907296
1189.6449030380284,0.9683645,0.028220238,1.0197743207957197
1189.654856739004,0.9552616,0.028026778,1.0198825402010385
1189.6648104399794,0.93099064,0.027679829,1.0200107959378448
1189.674764140955,0.96732974,0.028202929,1.0201584220412152
1189.6847178419305,0.98319554,0.028417867,1.0203181385720481
1189.694671542906,0.9474809,0.027908374,1.0204842427241145
1189.7046252438815,0.92078406,0.027523985,1.0206488408621746
1189.714578944857,0.91413087,0.027421642,1.0207982865656908
1189.7245326458326,0.9089668,0.027350424,1.020919773540049
1189.7344863468081,0.87762785,0.026879264,1.020997338547355
1189.7444400477837,0.90626365,0.02730407,1.0210105560446014
1189.7543937487592,0.93529576,0.027720537,1.0209289467541625
1189.7643474497347,0.9276981,0.02761461,1.0207467354283453
1189.7743011507102,0.8492573,0.02644925,1.0204551312025791
1189.7842548516858,0.87614167,0.02685358,1.0200499870037971
1189.7942085526613,0.92579955,0.027576292,1.019534045972083
1189.8041622536368,0.9058739,0.02729308,1.0189393781331253
1189.8141159546124,0.89272666,0.027095608,1.01828764778543
1189.824069655588,0.88089925,0.026925204,1.0176001229637563
1189.8340233565634,0.88098985,0.026924724,1.016898785371096
1189.843977057539,0.92043483,0.027506666,1.016202685179413
1189.8539307585145,0.93123895,0.027664788,1.0155244886521704
1189.86388445949,0.88676697,0.027004922,1.0148766288936608
1189.8738381604655,0.87980336,0.026904304,1.0142699569750548
1189.883791861441,0.91699564,0.027444553,1.0137062104787427
1189.8937455624166,0.9103109,0.027347572,1.0131879565053605
1189.9036992633921,0.8730111,0.026801877,1.0127187215737266
1189.9136529643677,0.9059854,0.02728451,1.012298171869193
1189.9236066653434,0.9026857,0.027234098,1.0119200710439298
1189.933560366319,0.8778894,0.026861016,1.011582627378823
1189.9435140672945,0.94861376,0.027889304,1.0112873344162787
1189.95346776827,0.910676,0.027345236,1.011032524660303
1189.9634214692455,0.8982475,0.027160654,1.0108129698425512
1189.973375170221,0.8883109,0.027011812,1.0106260337315043
1189.9833288711966,0.902204,0.027212292,1.0104702303805708
1189.9932825721721,0.899603,0.027178727,1.010338962336184
1190.0032362731476,0.9104266,0.027328523,1.0102238610815233
1190.0131899741232,0.8343536,0.026197197,1.0101188250736253
1190.0231436750987,0.8721354,0.026761493,1.0100194006420469
1190.0330973760742,0.84721047,0.026399316,1.0099240337140447
1190.0430510770498,0.80789226,0.0257885,1.0098362193204669
1190.0530047780253,0.8207281,0.025987402,1.0097636563852666
1190.0629584790008,0.78448224,0.025419975,1.0097211883034665
1190.0729121799764,0.82791775,0.026099222,1.0097207108764201
1190.0828658809519,0.7786755,0.025326679,1.0097703574474246
1190.0928195819274,0.7635419,0.025087858,1.0098774679624851
1190.102773282903,0.803035,0.025707379,1.0100543481922077
1190.1127269838785,0.7609312,0.025049455,1.0102980308601264
1190.122680684854,0.73210734,0.024579493,1.010604659074375
1190.1326343858295,0.7813045,0.025368292,1.0109713453985247
1190.142588086805,0.66854006,0.023524284,1.0113995464575023
1190.1525417877806,0.6468352,0.023148153,1.0118752569091505
1190.1624954887561,0.63679624,0.022969902,1.0123867199912102
1190.1724491897317,0.6539732,0.023266967,1.0129228200265006
1190.1824028907072,0.5815764,0.021984324,1.013471587694518
1190.1923565916827,0.61666,0.022620112,1.0140176426681737
1190.2023102926582,0.62426925,0.022750508,1.0145491133272981
1190.2122639936338,0.56415784,0.021654619,1.0150553235683835
1190.2222176946093,0.5101379,0.020642553,1.0155207276088853
1190.2321713955848,0.50432944,0.020533772,1.0159425028801898
1190.2421250965604,0.49123716,0.020270837,1.01631772105041
1190.252078797536,0.49861017,0.020411577,1.0166453748338202
1190.2620324985114,0.44415545,0.01930689,1.0169198898746248
1190.271986199487,0.41846344,0.018764807,1.0171520078312066
1190.2819399004625,0.37970263,0.017913433,1.0173461275968372
1190.291893601438,0.39934653,0.01834971,1.0175066566872513
1190.3018473024135,0.39775687,0.018312529,1.0176350422690827
1190.311801003389,0.38450247,0.018016573,1.017743036600569
1190.3217547043646,0.40499547,0.018470583,1.0178377459669767
1190.3317084053401,0.38531294,0.018035015,1.0179263681154227
1190.3416621063157,0.38771826,0.018084394,1.0180163032756278
1190.3516158072912,0.39096573,0.01815587,1.0181127532422871
1190.3615695082667,0.3497899,0.01721723,1.0182189024576729
1190.3715232092422,0.362887,0.017519131,1.0183370173141875
1190.3814769102178,0.3727394,0.017743252,1.0184701113163324
1190.3914306111933,0.28383154,0.015591182,1.018617120276164
1190.4013843121688,0.32408565,0.016596092,1.0187785940068461
1190.4113380131444,0.28373495,0.015580355,1.0189552099938726
1190.42129171412,0.2918703,0.015791433,1.019147912846929
1190.4312454150954,0.26804295,0.015161034,1.0193525198492237
1190.441199116071,0.26706114,0.015141104,1.0195646962531248
1190.4511528170465,0.24898231,0.014650839,1.0197772088577284
1190.461106518022,0.24405156,0.014511768,1.0199781544356608
1190.4710602189975,0.24974424,0.014671343,1.0201569107352664
1190.481013919973,0.22354187,0.0139158005,1.0203035828677387
1190.4909676209486,0.24389729,0.014502036,1.0204088984006179
1190.5009213219241,0.23977214,0.014391221,1.0204661764236824
1190.5108750228997,0.24807368,0.014623472,1.0204821290467088
1190.5208287238752,0.22752081,0.014035527,1.0204608340671937
1190.5307824248507,0.25046137,0.0146855945,1.020405864120523
1190.5407361258262,0.26369163,0.015040689,1.0203208957827032
1190.5506898268018,0.28410408,0.015588338,1.0202116780178772
1190.5606435277773,0.2652853,0.01509704,1.0200784068503341
1190.5705972287528,0.2883537,0.015696213,1.0199169995686703
1190.5805509297284,0.2800884,0.015484262,1.0197203929138527
1190.590504630704,0.2882779,0.015698463,1.0194849406569941
1190.6004583316794,0.28753245,0.01567434,1.0192055963663078
1190.610412032655,0.27839023,0.01543705,1.0188782551495583
1190.6203657336305,0.278382,0.015435057,1.0185055970635075
1190.630319434606,0.29238644,0.015789809,1.0180963994362675
1190.6402731355815,0.2848421,0.015599519,1.0176549183698638
1190.650226836557,0.3103795,0.016241726,1.0171830848985322
1190.6601805375326,0.2750368,0.015337507,1.0166849519787684
1190.6701342385081,0.25603077,0.014826999,1.016165917473048
1190.6800879394837,0.24699338,0.014579091,1.015628505733683
1190.6900416404592,0.21580957,0.0136768045,1.015073550801176
1190.6999953414347,0.18199173,0.012625329,1.0145031876137494
1190.7099490424102,0.18852322,0.012830619,1.0139198241721628
1190.7199027433858,0.15810494,0.011821361,1.0133240832534962
1190.7298564443613,0.12932731,0.010765989,1.0127144726886794
1190.7398101453368,0.12432954,0.010571564,1.0120891449589302
1190.7497638463124,0.09808116,0.009477341,1.0114446880214423
1190.759717547288,0.09224901,0.009217174,1.010773969479796
1190.7696712482634,0.083372764,0.008809489,1.0100615102101447
1190.779624949239,0.07102343,0.0081921425,1.0092950617846452
1190.7895786502145,0.07101868,0.008190448,1.008471002181842
1190.79953235119,0.0512707,0.0070772506,1.0075989528761913
1190.8094860521655,0.05202831,0.0071255355,1.0067132493997184
1190.819439753141,0.05446624,0.0072755483,1.0058563976218484
1190.8293934541166,0.043017387,0.0065432885,1.0050374370933386
1190.8393471550921,0.045398694,0.006708353,1.0042409429098322
1190.8493008560677,0.040499,0.006379469,1.00344733094275
1190.8592545570432,0.029819531,0.005586778,1.002655145131927
1190.8692082580187,0.03471126,0.0059630256,1.0018777999242579
1190.8791619589942,0.04046398,0.006374273,1.001129267474188
1190.8891156599698,0.037168406,0.006148057,1.000423633166379
1190.8990693609453,0.038832653,0.0062643657,0.9997593378679106
1190.9090230619208,0.03228611,0.0057830405,0.9991319868239965
1190.9189767628964,0.046223827,0.0067557683,0.998537473996588
1190.928930463872,0.036349155,0.0060909814,0.9979759372768866
1190.9388841648474,0.05115038,0.0070674242,0.9974433243377206
1190.9488378658232,0.05934213,0.007556749,0.9969411756709002
1190.9587915667987,0.061040107,0.0076486566,0.9964749791673165
1190.9687452677742,0.06103377,0.007646099,0.9960612243030649
1190.9786989687498,0.06346755,0.0077798897,0.9957095653850792
1190.9886526697253,0.07085555,0.008172352,0.9954390844200898
1190.9986063707008,0.06674079,0.007961492,0.9952784331415218
1191.0085600716764,0.079071045,0.0085948,0.9952870379597037
1191.0185137726519,0.093835115,0.00929071,0.9954704040678517
1191.0284674736274,0.103764795,0.009717166,0.9958236628271749
1191.038421174603,0.10283649,0.009687301,0.9963264269291179
1191.0483748755785,0.118486285,0.010338571,0.9969684465707542
1191.058328576554,0.14644872,0.011395048,0.9977086851994916
1191.0682822775295,0.14388198,0.011307544,0.9985347673630331
1191.078235978505,0.17756411,0.012468831,0.9994422183119016
1191.0881896794806,0.17596933,0.012416997,1.0004448495520482
1191.0981433804561,0.20878215,0.013446951,1.0015324746186038
1191.1080970814317,0.22350581,0.013889867,1.0027071884635017
1191.1180507824072,0.21048076,0.013499995,1.0039700884324116
1191.1280044833827,0.25054044,0.014658902,1.005333259456993
1191.1379581843582,0.24174455,0.014401385,1.0067785961347755
1191.1479118853338,0.297273,0.015889375,1.0083013144034725
1191.1578655863093,0.29412195,0.015812423,1.0098968354319986
1191.1678192872848,0.3146423,0.016324254,1.0115686221268958
1191.1777729882604,0.32531452,0.016580088,1.013300404369038
1191.187726689236,0.34075293,0.016958004,1.0150864266112865
1191.1976803902114,0.37537354,0.017753255,1.016920032247186
1191.207634091187,0.41301024,0.01857887,1.018792404915248
1191.2175877921625,0.44176924,0.01918688,1.0206774080642538
1191.227541493138,0.41957957,0.018721808,1.022548043501945
1191.2374951941135,0.4482034,0.019328026,1.0243722436988318
1191.247448895089,0.5253229,0.020851912,1.0261240861423513
1191.2574025960646,0.49265856,0.020218287,1.0278267618466135
1191.2673562970401,0.50642383,0.020487176,1.0295045922323944
1191.2773099980157,0.5482977,0.021280512,1.0311622941681717
1191.2872636989912,0.5580957,0.02145955,1.0327656055653882
1191.2972173999667,0.57610095,0.021784626,1.0342774074239838
1191.3071711009422,0.594002,0.02211145,1.0356665133421619
1191.3171248019178,0.5793655,0.021844545,1.0369091482678774
1191.3270785028933,0.61282104,0.022442611,1.037984080199005
1191.3370322038688,0.6004727,0.022227617,1.0389109236681318
1191.3469859048444,0.6284,0.022715382,1.0396915868011178
1191.35693960582,0.6724774,0.02347429,1.0403213811075438
1191.3668933067954,0.671776,0.023463557,1.040789059186654
1191.376847007771,0.6955331,0.023857823,1.0411114761702955
1191.3868007087465,0.7413117,0.024603067,1.0412878372905463
1191.396754409722,0.71763825,0.024217948,1.0413112666534659
1191.4067081106975,0.72979975,0.02441317,1.0411759495321211
1191.416661811673,0.73543036,0.024504008,1.040905993285466
1191.4266155126486,0.8073754,0.025639951,1.0405129445626753
1191.4365692136241,0.8051296,0.025603384,1.040012504091277
1191.4465229145997,0.8606281,0.026442148,1.0394415832619643
1191.4564766155752,0.86241835,0.026463311,1.038857029327061
1191.4664303165507,0.8823516,0.026773749,1.0383001420806153
1191.4763840175262,0.8306797,0.026479091,1.0377994482116732
1191.4863377185018,0.9107388,0.028812975,1.0373637219645226
1191.4962914194773,0.92494404,0.02938885,1.0369803418172236
1191.5062451204528,0.8920025,0.029854415,1.0366386412938167
1191.5161988214284,0.94043416,0.030759422,1.0363287023895502
1191.526152522404,0.9117526,0.03115608,1.0360396336899436
1191.5361062233794,0.91056794,0.031142633,1.0357621978475646
1191.546059924355,0.8836371,0.030912554,1.0354929829757877
1191.5560136253305,0.9253482,0.032033753,1.035231869489893
1191.565967326306,1.0294244,0.034525596,1.0349817623936708
1191.5759210272815,0.9764907,0.033067387,1.0347471861109165
1191.585874728257,0.9175267,0.032484505,1.0345352109685848
1191.5958284292326,0.92367446,0.033365738,1.034357237656784
1191.6057821302081,0.9398104,0.032394215,1.0342236858491296
1191.6157358311837,1.012337,0.032893334,1.0341388585385796
1191.6256895321592,0.9312628,0.032380905,1.0341082881971786
1191.6356432331347,0.9862508,0.03382493,1.0341409986865637
1191.6455969341102,0.93304324,0.032003235,1.0342393287238345
1191.6555506350858,0.94513804,0.032078203,1.0343994938283232
1191.6655043360613,0.93490756,0.031775665,1.0346223570154454
1191.6754580370368,0.9796196,0.032312024,1.0349149182183388
1191.6854117380124,0.8760784,0.030571051,1.0352782766529414
1191.695365438988,0.97379684,0.032073665,1.0357100208229393
1191.7053191399634,0.9524779,0.0315489,1.0362131108711798
1191.715272840939,0.9441703,0.032095723,1.0367975341175608
1191.7252265419145,0.98205996,0.033271983,1.0374620483920842
1191.73518024289,0.97471476,0.03355792,1.0381966620393732
1191.7451339438655,0.9603073,0.033029698,1.03898998217743
1191.755087644841,0.9362164,0.032666367,1.039825214909306
1191.7650413458166,1.0019652,0.03342487,1.0406733321969137
1191.7749950467921,0.94061154,0.032249074,1.0415093004939209
1191.7849487477677,0.95071614,0.033791084,1.042313685239622
1191.7949024487432,0.96526164,0.034000505,1.0430640724736142
1191.8048561497187,0.9859114,0.03420104,1.0437486279980037
1191.8148098506942,0.91910726,0.032393467,1.0443615896921843
1191.8247635516698,0.96216,0.033687554,1.0448960818894502
1191.8347172526453,0.93711185,0.03256798,1.0453370585932955
1191.8446709536208,0.9484501,0.03203511,1.0456855571325514
1191.8546246545966,0.92987645,0.030902656,1.0459465422574985
1191.8645783555721,0.9064445,0.03057644,1.0461243921817203
1191.8745320565477,0.9409781,0.031994753,1.0462214365997173
1191.8844857575232,0.94992995,0.03165341,1.0462595150623504
1191.8944394584987,0.99765825,0.032755308,1.0462593315841695
1191.9043931594742,0.9839095,0.03198659,1.0462373964783458
1191.9143468604498,0.96253985,0.031708974,1.0462078886145068
1191.9243005614253,0.9893288,0.030793995,1.0461823776543886
1191.9342542624008,0.9886061,0.029711908,1.0461665060338303
1191.9442079633764,0.9483031,0.02847307,1.0461628055629704
1191.954161664352,0.8693703,0.026542207,1.0461725131748218
1191.9641153653274,0.9059304,0.02704204,1.0461912613135396
1191.974069066303,0.93843263,0.027507331,1.0462135009077755
1191.9840227672785,0.90668,0.02704843,1.0462330752947766
1191.993976468254,0.8999662,0.026953306,1.0462416010688758
1192.0039301692295,0.9081087,0.027069446,1.04623365739757
1192.013883870205,0.9413659,0.0275497,1.0462062591048278
1192.0238375711806,0.87320375,0.026554223,1.0461587549296187
1192.0337912721561,0.9094436,0.027083896,1.046091257766409
1192.0437449731317,0.926554,0.027332868,1.0460105796909156
1192.0536986741072,0.9217386,0.027262677,1.0459226425118324
1192.0636523750827,0.89160925,0.026819825,1.0458326201715502
1192.0736060760582,0.93036944,0.027383419,1.0457455090475292
1192.0835597770338,0.8865294,0.026750153,1.0456640386504177
1192.0935134780093,0.89626706,0.026886016,1.045588509053219
1192.1034671789848,0.8912133,0.026812792,1.0455169175038896
1192.1134208799604,0.9107269,0.027093943,1.0454432410259669
1192.123374580936,0.8757167,0.026584035,1.0453574349300265
1192.1333282819114,0.9032744,0.02698391,1.0452467180849447
1192.143281982887,0.9187102,0.027207443,1.0450960356750594
1192.1532356838625,0.91706336,0.027183276,1.0448786881794296
1192.163189384838,0.97082764,0.027939612,1.0445856145097494
1192.1731430858135,0.8753982,0.026575517,1.0442078839493287
1192.183096786789,0.9404483,0.02751231,1.043739893247815
1192.1930504877646,0.8729101,0.026535468,1.043166738529135
1192.2030041887401,0.91913503,0.02720457,1.0425049447786217
1192.2129578897157,0.97367585,0.027973337,1.0417637273984948
1192.2229115906912,0.95247036,0.027678037,1.0409542199356032
1192.2328652916667,0.9240183,0.02727102,1.0400826239078258
1192.2428189926422,0.936031,0.027443709,1.0391712394377752
1192.2527726936178,0.91899425,0.02719568,1.0382327050759455
1192.2627263945933,0.94488835,0.027564347,1.0372794032720334
1192.2726800955688,0.9765269,0.028011391,1.0363271173166204
1192.2826337965444,0.91564494,0.02714787,1.0353941490312446
1192.29258749752,0.9187998,0.027187558,1.0344982027792102
1192.3025411984954,0.9478914,0.02760022,1.0336559219056725
1192.312494899471,0.9738018,0.027965248,1.032891891503382
1192.3224486004465,0.98846304,0.028173564,1.032201496503712
1192.332402301422,0.90245086,0.026949383,1.0315844705828987
1192.3423560023975,0.91425204,0.02711873,1.0310388745227366
1192.352309703373,0.92720556,0.027306292,1.0305738845016634
1192.3622634043486,0.92072445,0.02721227,1.03017634750524
1192.3722171053241,0.9328755,0.027383376,1.0298451283196228
1192.3821708062997,0.9604062,0.027769988,1.0295786338177357
1192.3921245072752,0.9132421,0.0271006,1.0293824051279459
1192.4020782082507,0.94241005,0.027512778,1.0292394061618657
1192.4120319092262,0.8798412,0.026610276,1.029140572372895
1192.4219856102018,0.8812575,0.026629223,1.0290752166825727
1192.4319393111773,0.9193742,0.027182512,1.0290338790857327
1192.4418930121528,0.87220865,0.026498353,1.029002925367081
1192.4518467131284,0.93633676,0.027425045,1.028977138328382
1192.461800414104,0.84788424,0.026133943,1.0289559663554622
1192.4717541150794,0.8970963,0.026860483,1.0289461313831008
1192.481707816055,0.8468982,0.026116183,1.0289557419997413
1192.4916615170305,0.91886353,0.027174989,1.0289953645183678
1192.501615218006,0.8721081,0.026487648,1.02907644423386
1192.5115689189815,0.8993992,0.026885645,1.0292177724127156
1192.521522619957,0.89771366,0.026862247,1.0294215787214915
1192.5314763209326,0.82301563,0.025753645,1.0296965476627236
1192.5414300219081,0.8845312,0.026667474,1.0300529871826307
1192.5513837228837,0.8545901,0.026223367,1.0305127672487473
1192.5613374238592,0.86661524,0.026400736,1.031069824298616
1192.5712911248347,0.8218384,0.025734534,1.0317260494295484
1192.5812448258102,0.8389264,0.025989106,1.0324789215564079
1192.5911985267858,0.912738,0.02707082,1.0333256665071893
1192.6011522277613,0.8185622,0.02567757,1.0342334979805932
1192.6111059287368,0.8249169,0.0257686,1.0351799077642725
1192.6210596297124,0.84823424,0.026120828,1.0361415595594332
1192.631013330688,0.84113413,0.026009781,1.0370921461748412
1192.6409670316634,0.81575584,0.025625201,1.0380114953647108
1192.650920732639,0.8439946,0.026055004,1.0388837407900762
1192.6608744336145,0.8367625,0.025946585,1.0396952507796497
1192.67082813459,0.8196602,0.02568935,1.0404296180843904
1192.6807818355655,0.7889147,0.025210857,1.041091801777593
1192.690735536541,0.77476853,0.024994943,1.041678877866685
1192.7006892375166,0.8008744,0.025393061,1.0421862677070384
1192.7106429384921,0.81694126,0.02563816,1.0426039021671392
1192.7205966394677,0.80943954,0.025530167,1.042944736360285
1192.7305503404432,0.77318656,0.024966603,1.0432154054826717
1192.7405040414187,0.76898587,0.024897631,1.043426252802493
1192.7504577423942,0.8109238,0.025547704,1.0435900723514289
1192.7604114433698,0.8233028,0.0257309,1.0437274520484452
1192.7703651443453,0.7809434,0.025081394,1.0438462789673635
1192.7803188453208,0.7938257,0.025281155,1.043948996414017
1192.7902725462964,0.82548195,0.025762703,1.0440343970778083
1192.800226247272,0.79221207,0.025254948,1.0441053542441892
1192.8101799482474,0.8180507,0.025648102,1.0441653118330523
1192.820133649223,0.80023164,0.025374606,1.044220620592776
1192.8300873501985,0.8228138,0.0257181,1.0442811152832716
1192.840041051174,0.8390909,0.025959697,1.0443550944828117
1192.8499947521495,0.8275537,0.025787579,1.0444482640577932
1192.859948453125,0.8268095,0.025774207,1.04456336718228
1192.8699021541006,0.8551405,0.02619495,1.0446983022121183
1192.8798558550764,0.81941235,0.025658997,1.0448422464132556
1192.889809556052,0.8322389,0.025853112,1.044985192604727
1192.8997632570274,0.8063576,0.02545648,1.0451164806697582
1192.909716958003,0.8296603,0.02581228,1.0452255548974727
1192.9196706589785,0.82474464,0.025744548,1.0453100612544322
1192.929624359954,0.8258249,0.02575417,1.0453686763495704
1192.9395780609295,0.8134821,0.025564801,1.0454008547546918
1192.949531761905,0.8092783,0.025500063,1.0454044500741557
1192.9594854628806,0.8052531,0.025436174,1.0453798023088652
1192.9694391638561,0.7557389,0.024669122,1.0453197726980221
1192.9793928648317,0.7257439,0.02418569,1.0452091254687477
1192.9893465658072,0.76597166,0.024826778,1.0450213328571345
1192.9993002667827,0.7919482,0.025232634,1.0447424786045376
1193.0092539677582,0.7346326,0.02432658,1.0443563769278335
1193.0192076687338,0.7764073,0.024988376,1.043849834154924
1193.0291613697093,0.7587949,0.024709389,1.0432152959791623
1193.0391150706848,0.74887663,0.024550956,1.042474810742888
1193.0490687716604,0.70915055,0.023914631,1.0416388170315352
1193.059022472636,0.6994296,0.023751559,1.0407151123516267
1193.0689761736114,0.6757571,0.023361439,1.039711743432369
1193.078929874587,0.67980975,0.023427168,1.0386502876499994
1193.0888835755625,0.6846335,0.023504835,1.037543362563005
1193.098837276538,0.63186026,0.022613952,1.036403280431454
1193.1087909775135,0.6275882,0.02251929,1.0352419078356383
1193.118744678489,0.58054954,0.02169152,1.0340671182900512
1193.1286983794646,0.5562848,0.02125147,1.0328742677555165
1193.1386520804401,0.5328402,0.020811182,1.0316477672404856
1193.1486057814157,0.5133963,0.020437647,1.03036495081455
1193.1585594823912,0.48409817,0.019870954,1.0290180797254853
1193.1685131833667,0.45902205,0.01937124,1.0276027170771425
1193.1784668843422,0.49294746,0.020044645,1.0261198376242628
1193.1884205853178,0.47359332,0.019660428,1.0245798730386597
1193.1983742862933,0.44280043,0.01903652,1.023007160857513
1193.2083279872688,0.43626973,0.018899342,1.021419777549305
1193.2182816882444,0.42324683,0.018628562,1.0198354456387597
1193.22823538922,0.44510797,0.019078193,1.0182708409847898
1193.2381890901954,0.42801297,0.018728025,1.0167324991683255
1193.248142791171,0.38446695,0.017789904,1.0152222441447218
1193.2580964921465,0.36575642,0.017370567,1.0137396743011688
1193.268050193122,0.3398618,0.016774742,1.0122844728869518
1193.2780038940975,0.30680588,0.015974581,1.0108555335044684
1193.287957595073,0.28649068,0.015462389,1.0094584123862964
1193.2979112960486,0.26539594,0.014911253,1.008104395260407
1193.3078649970241,0.25162858,0.014540216,1.006808554915367
1193.3178186979997,0.25645822,0.014671344,1.005576326411879
1193.3277723989752,0.23062988,0.0139518315,1.0044174208488936
1193.3377260999507,0.22329603,0.013739935,1.0033461806697266
1193.3476798009262,0.25306225,0.014577954,1.0023786017526297
1193.3576335019018,0.24187727,0.0142689785,1.0015134908367578
1193.3675872028773,0.25471985,0.01462291,1.0007585801977286
1193.3775409038528,0.22657758,0.013832845,1.000128673889547
1193.3874946048284,0.26920888,0.015008021,0.999640842677725
1193.397448305804,0.24912563,0.014463854,0.9992902713942766
1193.4074020067794,0.25139666,0.01452936,0.9990848330702742
1193.417355707755,0.25225407,0.014552828,0.9990383332094582
1193.4273094087305,0.23776266,0.014150048,0.999157946948459
1193.437263109706,0.25946638,0.014747648,0.9994158140867093
1193.4472168106815,0.24824868,0.014440552,0.9997916097019798
1193.457170511657,0.29253232,0.015609169,1.0002636163731335
1193.4671242126326,0.26679304,0.014943273,1.000806249904464
1193.4770779136081,0.26036423,0.014767701,1.0013900746748552
1193.4870316145837,0.25542822,0.0146324355,1.0020001484041914
1193.4969853155592,0.31583148,0.016183142,1.0026266333065808
1193.5069390165347,0.2877376,0.015483953,1.0032625890660056
1193.5168927175102,0.27884808,0.015254191,1.00390381431942
1193.5268464184858,0.24980697,0.014477016,1.0045505032549444
1193.5368001194613,0.24805208,0.014432777,1.0052076368293823
1193.5467538204368,0.23280959,0.014004871,1.005886742603177
1193.5567075214124,0.21984024,0.013631172,1.0065987374316592
1193.566661222388,0.1996918,0.013026211,1.0073537854303847
1193.5766149233634,0.16898008,0.012048047,1.0081568069578246
1193.586568624339,0.16082312,0.0117746955,1.0089981987004466
1193.5965223253145,0.12707303,0.01054938,1.0098532243825487
1193.60647602629,0.112408474,0.0099686915,1.010698866022358
1193.6164297272655,0.10348867,0.009597779,1.0115098582197102
1193.626383428241,0.084162354,0.008732801,1.0122625906895315
1193.6363371292166,0.067981325,0.007929751,1.012950546292169
1193.6462908301921,0.056684393,0.007307725,1.0135692307503665
1193.6562445311677,0.06471559,0.0077519603,1.0141162609322794
1193.6661982321432,0.042143643,0.0064079408,1.0145962274793028
1193.6761519331187,0.0509354,0.006968477,1.0150256322615905
1193.6861056340942,0.038095165,0.0061320295,1.0154106291733078
1193.6960593350698,0.039672576,0.006242142,1.0157468139399626
1193.7060130360453,0.042941276,0.0064649573,1.0160204632401983
1193.7159667370208,0.030852927,0.005602527,1.0162265682770997
1193.7259204379964,0.024442462,0.0050687855,1.0163591410802584
1193.735874138972,0.028399533,0.005403085,1.016411789210838
1193.7458278399474,0.025992908,0.0052019865,1.016380608107297
1193.755781540923,0.03323653,0.0057808207,1.0162751384533364
1193.7657352418985,0.022790028,0.004924381,1.016098004955595
1193.775688942874,0.03162611,0.0056597646,1.015850285790393
1193.7856426438498,0.030048775,0.0055318954,1.0155368867801569
1193.7955963448253,0.025980849,0.0052012694,1.0151735890960354
1193.8055500458008,0.02436677,0.005064149,1.0147691612222216
1193.8155037467764,0.026003012,0.0052025365,1.014330303196362
1193.825457447752,0.03404436,0.005839072,1.0138640034180826
1193.8354111487274,0.03888876,0.006187098,1.0133798061152715
1193.845364849703,0.042921543,0.0064593237,1.0128834712320878
1193.8553185506785,0.043734763,0.006512503,1.0123811794543904
1193.865272251654,0.06384975,0.007703312,1.0118822430732273
1193.8752259526295,0.06145658,0.0075712358,1.0113978000947272
1193.885179653605,0.06063113,0.007525416,1.0109392832613957
1193.8951333545806,0.07268843,0.008163771,1.0105166198582074
1193.9050870555561,0.077519864,0.008406735,1.010132476459124
1193.9150407565317,0.07354274,0.008204587,1.0097771675698552
1193.9249944575072,0.09200289,0.009085079,1.0094434389571711
1193.9349481584827,0.096873134,0.009300558,1.0091261362702033
1193.9449018594582,0.104903884,0.009647482,1.0088224042622564
1193.9548555604338,0.12101891,0.010301996,1.008529885263935
1193.9648092614093,0.13549124,0.010856487,1.008249284544478
1193.9747629623848,0.12671104,0.010523034,1.0079835146815157
1193.9847166633604,0.14110237,0.011060587,1.007737789758194
1193.994670364336,0.14274813,0.0111190695,1.0075157526482839
1194.0046240653114,0.17166278,0.012118334,1.007323839688408
1194.014577766287,0.1765428,0.012279471,1.0071711722759455
1194.0245314672625,0.18465482,0.012535734,1.007067126610599
1194.034485168238,0.2102643,0.013326528,1.0070099639373575
1194.0444388692135,0.22156797,0.013658953,1.0069999053913055
1194.054392570189,0.2554269,0.014604869,1.0070382750540392
1194.0643462711646,0.2643006,0.014842489,1.0071271740327457
1194.0742999721401,0.28837818,0.015466943,1.00726194696576
1194.0842536731157,0.29804033,0.0157107,1.0074445021111147
1194.0942073740912,0.31411627,0.016107306,1.0076805468916086
1194.1041610750667,0.3326022,0.016552618,1.0079785148886957
1194.1141147760422,0.3358785,0.016629284,1.0083370032466892
1194.1240684770178,0.34150988,0.016757999,1.0087600337315432
1194.1340221779933,0.43300125,0.01877031,1.009251194664974
1194.1439758789688,0.3906146,0.017867895,1.009806550751645
1194.1539295799444,0.41537544,0.01840099,1.0104043021506
1194.16388328092,0.4789735,0.0196969,1.0110290896904384
1194.1738369818954,0.46839914,0.019490564,1.0116683150520855
1194.183790682871,0.47176054,0.019554364,1.0123114133661075
1194.1937443838465,0.49818346,0.020072449,1.0129502476250292
1194.203698084822,0.512629,0.02035034,1.013579381077963
1194.2136517857975,0.49825236,0.020071888,1.0141939759644434
1194.223605486773,0.5021277,0.020147288,1.0147899273264274
1194.2335591877486,0.5583915,0.021202177,1.0153680970161394
1194.2435128887241,0.5929226,0.021822656,1.0159282663351337
1194.2534665896997,0.6139491,0.022192433,1.0164696308207979
1194.2634202906752,0.57770747,0.021552479,1.016990277753801
1194.2733739916507,0.5937788,0.021836322,1.0174913018062375
1194.2833276926262,0.6137265,0.022187999,1.0179709040131435
1194.2932813936018,0.6235094,0.02235505,1.0184255961381783
1194.3032350945773,0.6401641,0.022642454,1.0188503221721068
1194.3131887955528,0.6972314,0.023595292,1.0192474273673462
1194.3231424965284,0.70709556,0.023753546,1.0196199748342503
1194.333096197504,0.711718,0.023827413,1.019973989041136
1194.3430498984794,0.7229461,0.024007933,1.0203150591966312
1194.353003599455,0.7621789,0.024730006,1.0206454796498539
1194.3629573004305,0.7984549,0.026319323,1.0209602165434268
1194.372911001406,0.7969062,0.027682303,1.0212499149290921
1194.3828647023815,0.8090204,0.028274357,1.0215021097658192
1194.392818403357,0.80065084,0.028117916,1.0217131044457644
1194.4027721043326,0.8619849,0.02890282,1.0218755446116128
1194.4127258053081,0.86236227,0.028814474,1.021978330630069
1194.4226795062837,0.80555606,0.028237535,1.0220024669317591
1194.4326332072592,0.8292963,0.029014422,1.0219453463114174
1194.4425869082347,0.85420364,0.02966171,1.0218003487329308
1194.4525406092102,0.8635307,0.03062443,1.0215651070439677
1194.4624943101858,0.8647837,0.031928986,1.021244213556701
1194.4724480111613,0.87072647,0.032516934,1.0208690697862135
1194.4824017121368,0.87158215,0.03222037,1.0204621220420174
1194.4923554131124,0.9004543,0.03265293,1.0200444651109375
1194.502309114088,0.87281126,0.03179549,1.0196357858949086
1194.5122628150634,0.8574812,0.03173097,1.0192472593689643
1194.522216516039,0.8295686,0.031399112,1.018885083911878
1194.5321702170145,0.8231642,0.030517718,1.018553480316111
1194.54212391799,0.8267823,0.030104121,1.0182577248734257
1194.5520776189655,0.9227694,0.031246083,1.0179945879130614
1194.562031319941,0.861639,0.030433899,1.0177648996557644
1194.5719850209166,0.8573277,0.031203963,1.0175702694983788
1194.5819387218921,0.86272985,0.031345934,1.017415048393241
1194.5918924228677,0.8785285,0.031249156,1.0172942205252447
1194.6018461238432,0.85667795,0.031800024,1.0172071796836737
1194.6117998248187,0.78523636,0.030374687,1.017153713203785
1194.6217535257942,0.8188202,0.030692121,1.0171360919047459
1194.6317072267698,0.84842736,0.032271594,1.0171482507574858
1194.6416609277453,0.901411,0.033241935,1.0171892736278052
1194.6516146287208,0.9046235,0.033494245,1.017260555475378
1194.6615683296964,0.87225467,0.03331739,1.017373381375081
1194.671522030672,0.84951156,0.03314068,1.0175387037984027
1194.6814757316474,0.8912315,0.032984283,1.0177784834097394
1194.691429432623,0.906316,0.032756012,1.0181135463316646
1194.7013831335985,0.8891658,0.031880528,1.0185621286453022
1194.711336834574,0.823088,0.030225415,1.0191006097211495
1194.7212905355495,0.8084608,0.029735332,1.0197170055049614
1194.731244236525,0.8209033,0.02964054,1.0204002919565534
1194.7411979375006,0.8667637,0.031266324,1.02114538657593
1194.7511516384761,0.8363891,0.030132778,1.021933809148034
1194.7611053394517,0.81262004,0.029072553,1.0227588977883515
1194.7710590404272,0.7666523,0.029167062,1.0236166333949488
1194.7810127414027,0.85804933,0.030650606,1.0245086572241422
1194.7909664423782,0.8093924,0.029012222,1.0254289413344175
1194.8009201433538,0.858064,0.029549332,1.026376015893605
1194.8108738443295,0.8687576,0.029068852,1.0273470588912414
1194.820827545305,0.80799717,0.027784113,1.0283384709858616
1194.8307812462806,0.8364532,0.027832594,1.0293377487660333
1194.8407349472561,0.8186641,0.027297143,1.0303327096405601
1194.8506886482317,0.80421317,0.026220147,1.0313096029938091
1194.8606423492072,0.78423434,0.0251088,1.032249837367091
1194.8705960501827,0.84580743,0.025858922,1.0331464941203472
1194.8805497511582,0.80769277,0.025285026,1.0339871335118567
1194.8905034521338,0.8320928,0.025670886,1.0347564104997606
1194.9004571531093,0.81837296,0.025467098,1.0354218318856043
1194.9104108540848,0.77508634,0.024805602,1.0359849925826734
1194.9203645550604,0.74388164,0.024312703,1.0364418504456907
1194.930318256036,0.82203746,0.025517805,1.0367950737628961
1194.9402719570114,0.80221885,0.025217285,1.0370384657993572
1194.950225657987,0.8141373,0.02539722,1.0371996256459342
1194.9601793589625,0.7540181,0.02446981,1.0372897697500645
1194.970133059938,0.8539419,0.025989298,1.0373181992970308
1194.9800867609135,0.83496356,0.025707617,1.0372840479597611
1194.990040461889,0.81967205,0.025477877,1.0372008316697359
1194.9999941628646,0.8155906,0.025414944,1.0370718536004024
1195.0099478638401,0.8243483,0.02554573,1.0368992291811279
1195.0199015648157,0.8195338,0.025472354,1.0366784978866694
1195.0298552657912,0.7665582,0.024660524,1.0364178196240512
1195.0398089667667,0.80164856,0.02519978,1.0361196223533495
1195.0497626677422,0.7488556,0.024381109,1.0357861968755007
1195.0597163687178,0.77432895,0.02478013,1.0354161120771543
1195.0696700696933,0.7616042,0.024579694,1.0350193119792521
1195.0796237706688,0.783112,0.024913149,1.0346057082307918
1195.0895774716444,0.8022375,0.025205756,1.0341929779375827
1195.09953117262,0.80790246,0.02529204,1.0338192193502198
1195.1094848735954,0.7999125,0.02516809,1.0335190543537487
1195.119438574571,0.7814687,0.024884455,1.0333197975139454
1195.1293922755465,0.7789285,0.024844958,1.0332434019545391
1195.139345976522,0.8148545,0.025394674,1.0333281339340683
1195.1492996774975,0.788623,0.024994321,1.033563644995229
1195.159253378473,0.7740843,0.024769356,1.033943222846906
1195.1692070794486,0.7556137,0.024480265,1.0344595676679949
1195.1791607804241,0.78443843,0.024924874,1.0351195921343983
1195.1891144813997,0.76744336,0.02466281,1.0358960955236562
1195.1990681823752,0.84831125,0.025889069,1.0367735114020646
1195.2090218833507,0.77326554,0.024749564,1.0377397265093686
1195.2189755843262,0.83535475,0.025693526,1.0387928678917837
1195.2289292853018,0.74986136,0.024383469,1.0399153194189166
1195.2388829862773,0.81200933,0.025342444,1.0410998304648862
1195.2488366872528,0.8153469,0.025392363,1.0423442946039407
1195.2587903882284,0.8225352,0.025500085,1.0436562923464419
1195.268744089204,0.8601967,0.026055925,1.0450300083307198
1195.2786977901794,0.8072047,0.025266774,1.0464599991643753
1195.288651491155,0.86799604,0.026172098,1.0479373672101524
1195.2986051921305,0.8193191,0.025448522,1.049450790755454
1195.308558893106,0.8143723,0.025373394,1.0509815728284928
1195.3185125940815,0.8903314,0.026491588,1.0525187780499274
1195.328466295057,0.8535237,0.025953254,1.0540554956278312
1195.3384199960326,0.84693396,0.025857564,1.0555848349131436
1195.3483736970081,0.87992716,0.026339455,1.0571018218634778
1195.3583273979837,0.8774295,0.026302304,1.0586027016832997
1195.3682810989592,0.85900235,0.026030915,1.0600837329101762
1195.3782347999347,0.92193985,0.0269411,1.0615380230288587
1195.3881885009102,0.849508,0.025891365,1.0629623531927006
1195.3981422018858,0.8404124,0.025755843,1.0643531408131794
1195.4080959028613,0.8844068,0.026400557,1.0657049520638153
1195.4180496038368,0.8500134,0.025896467,1.0670060075231134
1195.4280033048124,0.8779189,0.026304783,1.0682511095079459
1195.437957005788,0.91543823,0.026843961,1.0694357801614844
1195.4479107067634,0.8683971,0.026164005,1.0705527246673388
1195.457864407739,0.8450687,0.025820332,1.071585514457373
1195.4678181087145,0.83282506,0.025639744,1.0725283321721462
1195.47777180969,0.89301276,0.026517771,1.0733774432239949
1195.4877255106655,0.8672256,0.026143853,1.0741237306661475
1195.497679211641,0.89275867,0.026514025,1.0747434567089567
1195.5076329126166,0.85688585,0.025990425,1.0752225733211678
1195.5175866135921,0.8135122,0.02534476,1.0755461454296165
1195.5275403145677,0.83993715,0.025738077,1.075683535950186
1195.5374940155432,0.80067694,0.025147444,1.0755729372789173
1195.5474477165187,0.8349435,0.025662825,1.0751746610904855
1195.5574014174942,0.87401456,0.0262384,1.0744635212966183
1195.5673551184698,0.83901423,0.025722913,1.073388220000752
1195.5773088194453,0.7902512,0.024983719,1.071850810785416
1195.5872625204208,0.8386211,0.025714988,1.0698129803803818
1195.5972162213964,0.87238055,0.026211368,1.067308805716545
1195.607169922372,0.7909584,0.024994146,1.0643806631247896
1195.6171236233474,0.8249561,0.025509417,1.0610930572731796
1195.627077324323,0.80678385,0.025233634,1.0575849614310018
1195.6370310252985,0.8393941,0.025722753,1.0540045564364116
1195.646984726274,0.8441964,0.025793107,1.0504625996637882
1195.6569384272495,0.8321863,0.025613971,1.0470555752893849
1195.666892128225,0.82576704,0.025516864,1.043838653665555
1195.6768458292006,0.83286315,0.025622291,1.0408128743801988
1195.6867995301761,0.79538643,0.025056224,1.0379755851846417
1195.6967532311517,0.8406632,0.025735723,1.03533375637865
1195.7067069321272,0.89023197,0.026460826,1.0328875806018603
1195.716660633103,0.85757613,0.025984641,1.0306228080055668
1195.7266143340785,0.8638698,0.026074484,1.0285441158874733
1195.736568035054,0.8717574,0.02618998,1.0266682739996367
1195.7465217360295,0.8965206,0.026547138,1.0250020946596472
1195.756475437005,0.89887214,0.026579205,1.0235245046431583
1195.7664291379806,0.87728655,0.026266908,1.0222311451096684
1195.7763828389561,0.836471,0.025666844,1.0211271383700211
1195.7863365399317,0.7877269,0.024931012,1.0202132423959296
1195.7962902409072,0.82104266,0.025435079,1.019466276871038
1195.8062439418827,0.84986544,0.025863294,1.0188826221368636
1195.8161976428582,0.786082,0.024901828,1.0184687429658235
1195.8261513438338,0.78740984,0.024921922,1.018232114400082
1195.8361050448093,0.78899884,0.024946101,1.0181550128199877
1195.8460587457848,0.78651303,0.02490757,1.0182378633019369
1195.8560124467604,0.8002788,0.025114873,1.0184893053545028
1195.865966147736,0.8446383,0.02578106,1.018921222753347
1195.8759198487114,0.8463319,0.025806295,1.0195161881844061
1195.885873549687,0.8072701,0.025221571,1.020275972789978
1195.8958272506625,0.8702901,0.026155256,1.0212104208959192
1195.905780951638,0.8366437,0.025660723,1.022337414818407
1195.9157346526135,0.89501214,0.026511444,1.0236413023906876
1195.925688353589,0.8645038,0.026070287,1.0251284902878686
1195.9356420545646,0.84635866,0.025801275,1.0268148511053443
1195.9455957555401,0.8453745,0.025784736,1.0287327177393222
1195.9555494565157,0.8579618,0.025970208,1.0308717614653835
1195.9655031574912,0.9114168,0.026743045,1.0332480100168875
1195.9754568584667,0.84853673,0.02583069,1.0358822390166158
1195.9854105594422,0.87960213,0.026282089,1.0388018939973538
1195.9953642604178,0.8466504,0.025800856,1.0419472937653755
1196.0053179613933,0.841055,0.025718087,1.0452629159970375
1196.0152716623688,0.8498097,0.025846984,1.0486592476884626
1196.0252253633444,0.85538536,0.025929075,1.0519954264864717
1196.03517906432,0.8714134,0.02616194,1.0551383599220174
1196.0451327652954,0.82824594,0.025524091,1.0579751372734316
1196.055086466271,0.80187273,0.025127003,1.0604127134658423
1196.0650401672465,0.82020015,0.025400795,1.0623489147984972
1196.074993868222,0.8789749,0.026267992,1.0638583215886162
1196.0849475691975,0.8424683,0.025732977,1.0649889620747477
1196.094901270173,0.8407093,0.025706768,1.0658080112766437
1196.1048549711486,0.8519139,0.025871098,1.0663593638911906
1196.1148086721241,0.88210803,0.026311664,1.0667341332014006
1196.1247623730997,0.88537043,0.026357057,1.0669523367239226
1196.1347160740752,0.8948419,0.026494019,1.0670087853558632
1196.1446697750507,0.8702132,0.026137363,1.0668492947129469
1196.1546234760262,0.8311817,0.025559353,1.0664741574598184
1196.1645771770018,0.8540821,0.025897061,1.0658624089194348
1196.1745308779773,0.8945624,0.02648578,1.0650041632854146
1196.1844845789528,0.8420703,0.02572001,1.0638679846397627
1196.1944382799284,0.8723462,0.026161805,1.0625177531127146
1196.204391980904,0.856256,0.025927385,1.0609917938916626
1196.2143456818794,0.8912688,0.026435977,1.0593373478263512
1196.224299382855,0.8555763,0.025915675,1.0576035005500541
1196.2342530838305,0.89191455,0.026443297,1.0558594442946114
1196.244206784806,0.7758188,0.024714638,1.05415147459765
1196.2541604857815,0.8909699,0.026428016,1.0525153139345744
1196.264114186757,0.8721051,0.026153378,1.0509926068653421
1196.2740678877326,0.86399436,0.026034227,1.0495858157297024
1196.2840215887081,0.82884604,0.0255153,1.0482965269979387
1196.2939752896837,0.86139536,0.025994608,1.0471230995254488
1196.3039289906592,0.8597916,0.025971416,1.0460746455801038
1196.3138826916347,0.8501617,0.025832126,1.0451301943322127
1196.3238363926102,0.85124093,0.025844557,1.0442792395857596
1196.3337900935858,0.8096745,0.025224924,1.0435150344383768
1196.3437437945613,0.8350015,0.025602825,1.042843081785099
1196.3536974955368,0.7912293,0.0249423,1.0422528738131487
1196.3636511965124,0.8140556,0.025288276,1.0417417615331428
1196.373604897488,0.81974244,0.025373619,1.0413111159237494
1196.3835585984634,0.8443539,0.02573949,1.040972898261428
1196.393512299439,0.79429287,0.02498882,1.040721451477855
1196.4034660004145,0.8801454,0.026261473,1.040553464403851
1196.41341970139,0.8349397,0.025596764,1.0404682798660705
1196.4233734023655,0.8370022,0.025628356,1.0404743988634273
1196.433327103341,0.88491786,0.026327116,1.040565582818141
1196.4432808043166,0.8434337,0.025720336,1.0407370627483465
1196.4532345052921,0.79404277,0.024978206,1.0409869625646744
1196.4631882062677,0.8360934,0.025610588,1.041317662922788
1196.4731419072432,0.8591035,0.025950665,1.0417134404511934
1196.4830956082187,0.8506282,0.02582321,1.042154091741127
1196.4930493091942,0.8518406,0.025841739,1.0426199603015194
1196.5030030101698,0.8981027,0.026512256,1.043089374367641
1196.5129567111453,0.87193125,0.026134346,1.0435438360609868
1196.5229104121208,0.81695426,0.025321018,1.0439769150389706
1196.5328641130964,0.87479377,0.026174808,1.0443912393592254
1196.542817814072,0.7970183,0.025018841,1.0447988591025057
1196.5527715150474,0.81120694,0.025230946,1.0452207525552126
1196.562725216023,0.7807779,0.024768798,1.04567584024302
1196.5726789169985,0.84604806,0.025749087,1.0461776346044827
1196.582632617974,0.8714674,0.026120853,1.0467332550870003
1196.5925863189495,0.8071087,0.025166815,1.047328192361701
1196.602540019925,0.8045482,0.025127519,1.047930347944175
1196.6124937209006,0.8848286,0.026312562,1.0484992116607659
1196.6224474218761,0.83647084,0.025603244,1.048970431050191
1196.6324011228517,0.82988936,0.025504887,1.0492576328908039
1196.6423548238272,0.83218145,0.025540153,1.0492783048140613
1196.6523085248027,0.8091897,0.025194276,1.0489188641439577
1196.6622622257782,0.795615,0.02498721,1.0480113620151443
1196.6722159267538,0.8351988,0.025582826,1.046401330946341
1196.6821696277293,0.80672705,0.02515639,1.044064864662231
1196.6921233287048,0.80509454,0.025130164,1.040979348470932
1196.7020770296804,0.8033857,0.025104655,1.0371502633788843
1196.712030730656,0.92977774,0.026946388,1.0326712749004203
1196.7219844316314,0.82346004,0.025404764,1.027766529126772
1196.731938132607,0.7645016,0.024504697,1.0226117090778444
1196.7418918335827,0.8015025,0.025072232,1.017395617026367
1196.7518455345582,0.81596553,0.025288252,1.0123110700528708
1196.7617992355338,0.8110787,0.025215484,1.0074632097717249
1196.7717529365093,0.7834378,0.02479427,1.0029064271428365
1196.7817066374848,0.78402406,0.024801662,0.9986681291383465
1196.7916603384604,0.7354437,0.024046443,0.9947553693495603
1196.801614039436,0.7608605,0.024444161,0.9911069311963396
1196.8115677404114,0.8068981,0.025149621,0.9877070382473143
1196.821521441387,0.76579267,0.024519952,0.9845583766844116
1196.8314751423625,0.8067752,0.025147345,0.9816917140608449
1196.841428843338,0.81419736,0.025256969,0.9790886972410981
1196.8513825443135,0.802097,0.02507485,0.976768301735928
1196.861336245289,0.81170326,0.025217908,0.9747612929834275
1196.8712899462646,0.78615904,0.024830773,0.9731356985545176
1196.8812436472401,0.775866,0.024672037,0.9718678178608762
1196.8911973482157,0.8018481,0.025068857,0.9709717186343366
1196.9011510491912,0.74732614,0.024226286,0.9704596040041686
1196.9111047501667,0.7597025,0.024419589,0.9703808489465351
1196.9210584511422,0.78591704,0.02482321,0.97066783330209
1196.9310121521178,0.7526101,0.024306081,0.97130416996382
1196.9409658530933,0.79055625,0.024891652,0.9722695398019421
1196.9509195540688,0.8056832,0.025121504,0.973579911781239
1196.9608732550444,0.7533314,0.024316842,0.9751561546416925
1196.97082695602,0.7635234,0.024474109,0.9769726515405319
1196.9807806569954,0.7443676,0.024175081,0.9790077172573262
1196.990734357971,0.71187735,0.023656327,0.9812752969132743
1197.0006880589465,0.7680495,0.024540916,0.9837318963055031
1197.010641759922,0.7355268,0.024032399,0.9863692090457172
1197.0205954608975,0.7767305,0.024674676,0.9891772801621945
1197.030549161873,0.8125394,0.025218291,0.9921525686387987
1197.0405028628486,0.7236805,0.023842176,0.995223010302207
1197.0504565638241,0.69884336,0.02344235,0.9983101010593115
1197.0604102647997,0.78437424,0.024789516,1.0013116361844632
1197.0703639657752,0.7609263,0.024427261,1.0040701678726371
1197.0803176667507,0.80364275,0.02507908,1.0064922423857423
1197.0902713677262,0.7320862,0.023973163,1.008503148748099
1197.1002250687018,0.8225642,0.025363898,1.010040999240872
1197.1101787696773,0.7829345,0.024764907,1.0109830959079853
1197.1201324706528,0.7876146,0.024836596,1.0113430666662555
1197.1300861716284,0.75684416,0.024359753,1.011122022259629
1197.140039872604,0.7906568,0.024881158,1.0103339101262017
1197.1499935735794,0.735279,0.024020812,1.0089760469954594
1197.159947274555,0.7834313,0.024769913,1.0071735301121667
1197.1699009755305,0.740849,0.024106273,1.0050227533757767
1197.179854676506,0.7350433,0.024014337,1.0025888542183192
1197.1898083774815,0.7373115,0.024050992,0.9999012788492817
1197.199762078457,0.7295061,0.02392487,0.9970097741579858
1197.2097157794326,0.7437025,0.024147937,0.9939289134510494
1197.2196694804081,0.69913036,0.02343969,0.9906422681891773
1197.2296231813837,0.7278115,0.023897547,0.9871002024378306
1197.2395768823592,0.7269048,0.023883013,0.9832864365740466
1197.2495305833347,0.74921525,0.024232939,0.9792170519213765
1197.2594842843102,0.676179,0.023060871,0.9749267643876087
1197.2694379852858,0.70140517,0.023472559,0.9704782836121522
1197.2793916862613,0.69990706,0.023447817,0.9659937390263558
1197.2893453872368,0.7074065,0.023550203,0.9615959019396458
1197.2992990882124,0.72797203,0.023877675,0.9573946032342933
1197.309252789188,0.6703494,0.022943554,0.9535227134997714
1197.3192064901634,0.67863286,0.023080796,0.9500792989831995
1197.329160191139,0.69469386,0.023341654,0.9470901913232084
1197.3391138921145,0.64558905,0.022528926,0.9445818258085383
1197.34906759309,0.71103984,0.023605052,0.9425959149481448
1197.3590212940655,0.68034846,0.023105681,0.9411370249185642
1197.368974995041,0.68582785,0.02319422,0.9401487177399538
1197.3789286960166,0.70951784,0.023577394,0.9396201307483834
1197.3888823969921,0.68900335,0.023244046,0.9395701017761138
1197.3988360979677,0.68639266,0.023201011,0.9400132704019014
1197.4087897989432,0.67606246,0.023033815,0.9409037074930144
1197.4187434999187,0.67226654,0.022968192,0.9422459367618311
1197.4286972008942,0.6610992,0.022782905,0.9440717896211627
1197.4386509018698,0.6665656,0.02287238,0.9464264701702534
1197.4486046028453,0.714753,0.023655275,0.949275401930739
1197.4585583038208,0.7186298,0.023719588,0.9526425913157484
1197.4685120047964,0.73464155,0.023972549,0.9565797070360971
1197.478465705772,0.72671884,0.023845838,0.9611675101000305
1197.4884194067474,0.72425896,0.023806155,0.9663453686158532
1197.498373107723,0.7162931,0.023679037,0.9720875525195205
1197.5083268086985,0.745485,0.024140544,0.9783272562524312
1197.518280509674,0.720255,0.02374254,0.9849392507602415
1197.5282342106495,0.7179146,0.023701277,0.9916746511086513
1197.538187911625,0.73514724,0.023974646,0.9983329366593319
1197.5481416126006,0.74695635,0.024160188,1.0047174516833293
1197.5580953135761,0.7540707,0.024270792,1.0105984481517036
1197.5680490145517,0.79602635,0.024914691,1.0159329207802221
1197.5780027155272,0.78033483,0.024673162,1.0206899752440364
1197.5879564165027,0.73811495,0.024019187,1.0249018447283813
1197.5979101174782,0.75960994,0.024353463,1.0286203470731692
1197.6078638184538,0.77996814,0.02466865,1.0320733070288983
1197.6178175194293,0.8046526,0.0250428,1.0354088068893705
1197.6277712204048,0.7114552,0.023592625,1.038743222983952
1197.6377249213804,0.7387735,0.024026629,1.0421416106218708
1197.6476786223561,0.74034315,0.0240521,1.045561685472886
1197.6576323233317,0.79497737,0.024894338,1.048895086352507
1197.6675860243072,0.7578678,0.024324011,1.0519808879970036
1197.6775397252827,0.76648504,0.024456048,1.0545308516481957
1197.6874934262582,0.73792535,0.024010358,1.0563816092142435
1197.6974471272338,0.7734322,0.024561426,1.0573733619924826
1197.7074008282093,0.760077,0.024355091,1.0573843328929298
1197.7173545291848,0.7624737,0.02438942,1.056206497234228
1197.7273082301604,0.75586885,0.024287371,1.0539713935483195
1197.737261931136,0.71963465,0.023717534,1.050786299889244
1197.7472156321114,0.7338568,0.023941124,1.0467757956051267
1197.757169333087,0.7099645,0.023561737,1.0420321145175564
1197.7671230340625,0.69104177,0.023255488,1.036804669843531
1197.777076735038,0.6697747,0.022903502,1.0312603809221248
1197.7870304360135,0.73739594,0.023993868,1.0255002898296945
1197.796984136989,0.6798417,0.023070347,1.0195696686229967
1197.8069378379646,0.7193167,0.02370644,1.0135127681274398
1197.8168915389401,0.7357958,0.02396848,1.0073543438357384
1197.8268452399157,0.72963023,0.023869626,1.0011133234675857
1197.8367989408912,0.6987081,0.023375446,0.9948193463222992
1197.8467526418667,0.7034582,0.023450756,0.9885361081421187
1197.8567063428422,0.69865894,0.023371827,0.9823389605045205
1197.8666600438178,0.6772388,0.023022326,0.9763081712031731
1197.8766137447933,0.6796312,0.023059936,0.9705515216433336
1197.8865674457688,0.66603494,0.022837477,0.9651413026101792
1197.8965211467444,0.67160743,0.022929097,0.9600984633587408
1197.90647484772,0.6598883,0.02273212,0.9554441651114056
1197.9164285486954,0.685665,0.023156796,0.9512141824202729
1197.926382249671,0.68507284,0.023145914,0.9474055261107055
1197.9363359506465,0.66911024,0.022884721,0.9439789566960178
1197.946289651622,0.66429704,0.022805998,0.9409328016460909
1197.9562433525975,0.66051346,0.022740534,0.9383003011601185
1197.966197053573,0.6257,0.022152497,0.9361162505822826
1197.9761507545486,0.6610359,0.022748483,0.9343745246598958
1197.9861044555241,0.64300287,0.02244566,0.9331100458032845
1197.9960581564997,0.68938506,0.023214908,0.9323761137641663
1198.0060118574752,0.66604125,0.022828395,0.9322111502040668
1198.0159655584507,0.6744208,0.022967683,0.9325586456285496
1198.0259192594262,0.71870285,0.02368292,0.9334177928607923
1198.0358729604018,0.68155867,0.023084424,0.9348138096598033
1198.0458266613773,0.698935,0.023367574,0.9367979268545773
1198.0557803623528,0.7124201,0.023581555,0.9393199662395466
1198.0657340633284,0.6910522,0.023236886,0.9423953169241769
1198.075687764304,0.65543467,0.022650462,0.9460565002346585
1198.0856414652794,0.6933106,0.023270868,0.9503761217960544
1198.095595166255,0.6553936,0.022646585,0.9552735883596122
1198.1055488672305,0.6749451,0.022971753,0.9607252095092507
1198.115502568206,0.719194,0.02368702,0.966692247830278
1198.1254562691815,0.7065983,0.023486655,0.9731425340334909
1198.135409970157,0.70354575,0.023434715,0.9799032492091333
1198.1453636711326,0.76569694,0.02441409,0.9868617779394315
1198.1553173721081,0.74847513,0.024145352,0.993898013853471
1198.1652710730837,0.77202165,0.024509897,1.0008681318644141
1198.1752247740592,0.76899785,0.024461674,1.0076547769823365
1198.1851784750347,0.78537136,0.024712238,1.0141620728910308
1198.1951321760102,0.7719316,0.024507381,1.0203171852736357
1198.2050858769858,0.77678174,0.024580112,1.0260100746728198
1198.2150395779613,0.7759164,0.02456553,1.0312908286126081
1198.2249932789368,0.7782724,0.02460033,1.0361798685827313
1198.2349469799124,0.8348351,0.02545219,1.0407011113225737
1198.244900680888,0.7601459,0.024321787,1.0448246263374372
1198.2548543818634,0.83017313,0.02538115,1.0486025866503286
1198.264808082839,0.8364683,0.025474323,1.0520399523548718
1198.2747617838145,0.84522396,0.025601866,1.0551265609777833
1198.28471548479,0.7686911,0.024451228,1.0578008129258145
1198.2946691857655,0.7803145,0.02463041,1.0600935685833086
1198.304622886741,0.7985714,0.024904897,1.0620317172435783
1198.3145765877166,0.79379565,0.02483301,1.06364661514167
1198.3245302886921,0.8378812,0.025488695,1.0649583692821987
1198.3344839896677,0.8102285,0.025077198,1.066048997947183
1198.3444376906432,0.8283047,0.025346385,1.0669789699904544
1198.3543913916187,0.82516366,0.025301266,1.0677858349858877
1198.3643450925942,0.8622175,0.025844868,1.0684830213601084
1198.3742987935698,0.7883035,0.024745498,1.0690832176714753
1198.3842524945453,0.813272,0.025121866,1.0695882489614377
1198.3942061955208,0.8479223,0.025634497,1.0699888024152227
1198.4041598964964,0.7613202,0.02433098,1.0702649525297554
1198.414113597472,0.76822984,0.024436725,1.070418382610187
1198.4240672984474,0.776922,0.024569552,1.0704748804349968
1198.434020999423,0.8248838,0.025293771,1.07046581270068
1198.4439747003985,0.8825629,0.026133308,1.0704236249911574
1198.453928401374,0.8061089,0.02500966,1.0703743721547054
1198.4638821023495,0.8106996,0.02507835,1.0703294158952317
1198.473835803325,0.8083782,0.025041979,1.070291731944887
1198.4837895043006,0.80746144,0.025028985,1.0702632138797574
1198.4937432052761,0.7444812,0.024063544,1.070246977594687
1198.5036969062517,0.75933975,0.024292042,1.0702465987635663
1198.5136506072272,0.77105117,0.024471791,1.0702681995963723
1198.5236043082027,0.75290936,0.024192546,1.0703207963553518
1198.5335580091783,0.76159734,0.024325043,1.0704154842058737
1198.5435117101538,0.7756941,0.024542782,1.0705551634411599
1198.5534654111293,0.7828367,0.02465294,1.0707448492062306
1198.5634191121048,0.7293894,0.02381827,1.0709904192257405
1198.5733728130804,0.76681423,0.02440421,1.0713003730513766
1198.583326514056,0.7621968,0.024333656,1.0716696620902102
1198.5932802150314,0.796124,0.024848973,1.07209887906546
1198.603233916007,0.7402173,0.023987781,1.0725864608340208
1198.6131876169825,0.76518375,0.024376053,1.073125922859715
1198.623141317958,0.7951136,0.024834031,1.0736838818826095
1198.6330950189335,0.8085525,0.025036663,1.0742160617966259
1198.643048719909,0.80401784,0.024965912,1.07465601908741
1198.6530024208846,0.7692213,0.024436293,1.0748832187807686
1198.6629561218601,0.7675925,0.02440898,1.07483234601335
1198.672909822836,0.7658896,0.024382725,1.0744356192588005
1198.6828635238114,0.6973288,0.023304356,1.0736498164059842
1198.692817224787,0.7256632,0.023754986,1.0724028305516007
1198.7027709257625,0.6981313,0.02331514,1.0707892420839278
1198.712724626738,0.7318466,0.02385026,1.0688740429562653
1198.7226783277135,0.7326913,0.023864036,1.0667414034520337
1198.732632028689,0.70200384,0.023374138,1.0644844468712966
1198.7425857296646,0.68604976,0.02311776,1.0622285569795635
1198.7525394306401,0.705823,0.02343484,1.060057598426427
1198.7624931316157,0.7231377,0.023710124,1.0580310486418676
1198.7724468325912,0.74907976,0.024118014,1.0562106700365772
1198.7824005335667,0.69325846,0.023230843,1.0545918177630302
1198.7923542345422,0.747374,0.024089538,1.0531634269549643
1198.8023079355178,0.6742245,0.022921119,1.0519143466851058
1198.8122616364933,0.79846966,0.024872342,1.0508491736087966
1198.8222153374688,0.7443842,0.024042886,1.0499420752220665
1198.8321690384444,0.7089117,0.02347899,1.0491741703551951
1198.84212273942,0.718158,0.023625847,1.0485362625441697
1198.8520764403954,0.684337,0.023080874,1.048032996072172
1198.862030141371,0.73532724,0.023897361,1.0476538543893388
1198.8719838423465,0.6608456,0.02269346,1.0473882842940618
1198.881937543322,0.69981873,0.023330348,1.0472344398254003
1198.8918912442975,0.7503596,0.024128841,1.0471998514119194
1198.901844945273,0.6983833,0.023305347,1.0472795462242654
1198.9117986462486,0.7918822,0.02476468,1.0474584600888437
1198.9217523472241,0.68432206,0.02307659,1.0477259906554
1198.9317060481997,0.70603573,0.023428382,1.0480706224194036
1198.9416597491752,0.7037662,0.023389503,1.0484686274928676
1198.9516134501507,0.70688546,0.023439862,1.048888504946793
1198.9615671511262,0.7178189,0.023615004,1.0493041302367037
1198.9715208521018,0.7737369,0.024485651,1.049686450266153
1198.9814745530773,0.7674365,0.024389628,1.049998851792775
1198.9914282540528,0.7163435,0.023591112,1.050206299293212
1199.0013819550284,0.79023033,0.02473468,1.0502501197426835
1199.011335656004,0.7162824,0.023588076,1.0500295551639534
1199.0212893569794,0.7178333,0.023610266,1.0493841133913513
1199.031243057955,0.7577108,0.024236292,1.0482293647908398
1199.0411967589305,0.6989172,0.023307467,1.0464658219540908
1199.051150459906,0.73415214,0.023867669,1.0440142419896767
1199.0611041608815,0.7546911,0.024186688,1.0407931003094444
1199.071057861857,0.6979633,0.023291681,1.0369441036841125
1199.0810115628326,0.70741564,0.023441887,1.0325474901999878
1199.0909652638081,0.6594095,0.022659134,1.0277071395737782
1199.1009189647837,0.70093155,0.02333577,1.0225288859756767
1199.1108726657592,0.68684816,0.023106163,1.017218814512298
1199.1208263667347,0.7268531,0.023745805,1.0119218915557235
1199.1307800677102,0.7025307,0.02335966,1.0067585079587893
1199.1407337686858,0.6961998,0.023256956,1.0018477770977015
1199.1506874696613,0.6976865,0.02328169,0.9971825289735715
1199.1606411706368,0.7338901,0.023857303,0.9927490886451639
1199.1705948716124,0.6726522,0.022871982,0.9885274301070338
1199.180548572588,0.64731264,0.02245154,0.9845364310298546
1199.1905022735634,0.67865163,0.022969734,0.9807663967713094
1199.200455974539,0.6638228,0.022724217,0.9772462100793138
1199.2104096755145,0.6786375,0.022967406,0.9740152348417386
1199.22036337649,0.69202805,0.023184292,0.9711586791931051
1199.2303170774655,0.64012027,0.022328902,0.9686791531889682
1199.240270778441,0.665322,0.022743892,0.96658249703507
1199.2502244794166,0.66038954,0.022664752,0.9648779198301263
1199.2601781803921,0.662836,0.022703432,0.963613425454356
1199.2701318813677,0.67851174,0.022959556,0.9627634870241025
1199.2800855823432,0.6360919,0.02225561,0.9623055133064752
1199.2900392833187,0.64541584,0.022411846,0.9622367837885514
1199.2999929842942,0.6162848,0.021919843,0.9625927713511537
1199.3099466852698,0.58027273,0.021290056,0.9633605101759237
1199.3199003862453,0.6004498,0.021643544,0.964514702025324
1199.3298540872208,0.60519004,0.021727284,0.9660570323529772
1199.3398077881964,0.58955723,0.021452798,0.9680227108113891
1199.349761489172,0.5501731,0.02075124,0.9704174637982962
1199.3597151901474,0.5736386,0.021172777,0.9732140101784259
1199.369668891123,0.54943305,0.020734249,0.9764164399586781
1199.3796225920985,0.5147334,0.020092485,0.9800522934775575
1199.389576293074,0.55072707,0.020756334,0.9841298756065129
1199.3995299940495,0.5428913,0.020614378,0.9885989607149688
1199.409483695025,0.49814478,0.019777888,0.9934479724876657
1199.4194373960006,0.49093544,0.019640904,0.9986868973427125
1199.4293910969761,0.4721782,0.019274015,1.0043377773322344
1199.4393447979517,0.4767597,0.019361742,1.010358473248643
1199.4492984989272,0.42727968,0.01837152,1.0167374116419592
1199.4592521999027,0.4334189,0.018499695,1.0234412484421682
1199.4692059008783,0.42408574,0.0183066,1.0303859033379865
1199.4791596018538,0.3863879,0.017507108,1.0373873270828604
1199.4891133028293,0.37912503,0.01735263,1.0442698538380182
1199.4990670038048,0.38399088,0.017454851,1.05083949761025
1199.5090207047804,0.37130913,0.017179625,1.0568303694570635
1199.518974405756,0.38076186,0.017386217,1.0621450199285518
1199.5289281067314,0.36512256,0.017037418,1.0666514151824567
1199.538881807707,0.33279198,0.016303325,1.0702351911300798
1199.5488355086825,0.31082737,0.015780728,1.0726038391885342
1199.558789209658,0.31154346,0.01579931,1.0737982607291632
1199.5687429106335,0.2730983,0.014839903,1.0737001218444782
1199.5786966116093,0.2886844,0.0152363395,1.0721809474011217
1199.5886503125848,0.27537742,0.014897067,1.068891195617176
1199.5986040135604,0.31213725,0.015810227,1.0639767132819817
1199.608557714536,0.26756358,0.014695046,1.0574810005140218
1199.6185114155114,0.30038348,0.015525015,1.049477066431581
1199.628465116487,0.28318968,0.015093269,1.0399162654052794
1199.6384188174625,0.30741498,0.015694238,1.0291046783779847
1199.648372518438,0.28628114,0.015172278,1.0172716136856814
1199.6583262194135,0.33252043,0.016288655,1.0046358668797757
1199.668279920389,0.33174348,0.016270963,0.99143968503185
1199.6782336213646,0.32080603,0.016012728,0.97809770287644
1199.6881873223401,0.31681138,0.015917879,0.9649876197866691
1199.6981410233157,0.33957413,0.016450664,0.9524376534993177
1199.7080947242912,0.35209823,0.016739164,0.9407913473846123
1199.7180484252667,0.35525656,0.01681118,0.9301631047359876
1199.7280021262422,0.38667974,0.017502224,0.9204996942369704
1199.7379558272178,0.35455784,0.016790047,0.911751234645084
1199.7479095281933,0.35187396,0.016746601,0.9039101607451663
1199.7578632291688,0.39119944,0.017919255,0.8969026318213777
1199.7678169301444,0.4634725,0.020371448,0.8906095878237581
1199.77777063112,0.46266413,0.020969748,0.8849960278642821
1199.7877243320954,0.42407748,0.019998182,0.8800791957306122
1199.797678033071,0.4018013,0.01951235,0.8758719359957496
1199.8076317340465,0.40926698,0.019317806,0.8723078287211024
1199.817585435022,0.33886355,0.017934166,0.8693914923928864
1199.8275391359975,0.37041226,0.018909423,0.8671569248936797
1199.837492836973,0.3607459,0.01894629,0.8656497521188564
1199.8474465379486,0.30448988,0.01760513,0.8647776740204911
1199.8574002389241,0.34165427,0.019377446,0.8645138494347766
1199.8673539398997,0.27421817,0.017534316,0.864835313332019
1199.8773076408752,0.2879664,0.01771514,0.8657517371431187
1199.8872613418507,0.29329157,0.018093655,0.8671537180150198
1199.8972150428262,0.23583253,0.016001849,0.8690222978813624
1199.9071687438018,0.24049692,0.016052922,0.8713621030195167
1199.9171224447773,0.2216063,0.015782703,0.8742677945768993
1199.9270761457528,0.20734115,0.014972724,0.8777062200294468
1199.9370298467284,0.18189327,0.01401553,0.88172600946176
1199.946983547704,0.17572877,0.01362274,0.8863819136309902
1199.9569372486794,0.18795592,0.014015015,0.8918521045641246
1199.966890949655,0.16517748,0.013459303,0.8981097947598367
1199.9768446506305,0.1607032,0.013404493,0.9052245744198021
1199.986798351606,0.15364556,0.013076214,0.913273071299201
1199.9967520525815,0.15051076,0.012804905,0.9224571236181233
1200.006705753557,0.13472344,0.01289247,0.9326586103308402
1200.0166594545326,0.12810232,0.012153863,0.9437473775711924
1200.0266131555081,0.10790284,0.011243827,0.9555059029873342
1200.0365668564837,0.113157265,0.01185476,0.9676213433508671
1200.0465205574592,0.11734963,0.012070907,0.9796618507836684
1200.0564742584347,0.09191761,0.010855306,0.9912891675554989
1200.0664279594102,0.06979076,0.009388157,1.0022254586958963
1200.0763816603858,0.08133159,0.010176755,1.012129935429015
1200.0863353613613,0.0744187,0.009647288,1.0208286386636705
1200.0962890623368,0.076427296,0.009616685,1.0282479039360672
1200.1062427633124,0.07407451,0.009416969,1.0342973371976385
1200.116196464288,0.06938897,0.008777186,1.0388338294801989
1200.1261501652634,0.08369139,0.009471357,1.0419512950851657
1200.136103866239,0.07799803,0.009300419,1.0439487921817399
1200.1460575672145,0.07557829,0.009229722,1.045089405924895
1200.15601126819,0.07680749,0.00892724,1.0456433382148629
1200.1659649691655,0.081134155,0.009137533,1.0458893596405505
1200.175918670141,0.10604513,0.010645466,1.0460339406806067
1200.1858723711166,0.10635062,0.010521321,1.046167413774845
1200.1958260720921,0.100321166,0.010101976,1.0463342309323813
1200.2057797730677,0.10910447,0.0104004275,1.0465503286061375
1200.2157334740432,0.13201444,0.011269714,1.0468065868961627
1200.2256871750187,0.17633846,0.012784032,1.047093791904237
1200.2356408759942,0.17758542,0.01274063,1.047401921845169
1200.2455945769698,0.1749749,0.012562095,1.0477230174177419
1200.2555482779453,0.2022728,0.012976414,1.0480529276772335
1200.2655019789208,0.20161921,0.012830448,1.048396525778669
1200.2754556798964,0.24453145,0.014048507,1.0487655544178223
1200.285409380872,0.23132573,0.013686094,1.049183567995844
1200.2953630818474,0.2976964,0.015425613,1.0496600968739966
1200.305316782823,0.26503944,0.014598535,1.0502018564834008
1200.3152704837985,0.32131353,0.015990896,1.050802660504802
1200.325224184774,0.31898978,0.015936548,1.0514418021610201
1200.3351778857495,0.31191993,0.01576918,1.0520723795203377
1200.345131586725,0.34166217,0.016463622,1.0526492513389227
1200.3550852877006,0.34624812,0.0165719,1.0531287532248577
1200.3650389886761,0.40191263,0.017790211,1.0534544876502578
1200.3749926896517,0.40112165,0.0177736,1.0536192412205498
1200.3849463906272,0.42688662,0.018310959,1.0536251123692075
1200.3949000916027,0.44881308,0.018756403,1.053483377456713
1200.4048537925783,0.45199233,0.018818377,1.0532021561811489
1200.4148074935538,0.48310488,0.019434255,1.052820785971744
1200.4247611945293,0.47867292,0.019343028,1.052372358215876
1200.4347148955048,0.5183896,0.020097487,1.0518821015564859
1200.4446685964804,0.5191832,0.02011083,1.0513721980971
1200.454622297456,0.515165,0.020037917,1.0508627147529603
1200.4645759984314,0.53555554,0.02041296,1.0503634297052256
1200.474529699407,0.5214745,0.020151366,1.0498768508603271
1200.4844834003825,0.4792024,0.01935128,1.0494006494653467
1200.494437101358,0.50183195,0.019781286,1.0489278185056679
1200.5043908023335,0.54470915,0.02057951,1.0484524945181137
1200.514344503309,0.46751687,0.019119361,1.0479731774237009
1200.5242982042846,0.45011592,0.01877429,1.0474936381422386
1200.5342519052601,0.46886617,0.019142177,1.0470245111217884
1200.5442056062357,0.43990907,0.018566586,1.0465777051111074
1200.5541593072112,0.44372603,0.01864309,1.0461653040364023
1200.5641130081867,0.41642997,0.018083895,1.0457994556534131
1200.5740667091623,0.39993608,0.017737256,1.045490833261681
1200.5840204101378,0.39597997,0.017651072,1.0452328573817522
1200.5939741111133,0.37799516,0.017262362,1.0450181976238389
1200.603927812089,0.33575317,0.016314924,1.0448303755079569
1200.6138815130646,0.33486718,0.01629699,1.0446312867656533
1200.6238352140401,0.32796523,0.016132556,1.0443616271081158
1200.6337889150157,0.3122993,0.015756287,1.0439429822136692
1200.6437426159912,0.29337445,0.015300767,1.0432774103863234
1200.6536963169667,0.26302978,0.014526943,1.0421873313918413
1200.6636500179422,0.2715072,0.014745295,1.040632806615191
1200.6736037189178,0.22468153,0.013482933,1.0385665777135105
1200.6835574198933,0.21914071,0.013323662,1.0359876532221546
1200.6935111208688,0.1972837,0.012676501,1.0328917068563999
1200.7034648218444,0.1760536,0.01202076,1.0294543762579833
1200.71341852282,0.16593732,0.0116930595,1.025822377183929
1200.7233722237954,0.14801586,0.011081165,1.0221439455892476
1200.733325924771,0.15803659,0.011428058,1.0185883926417783
1200.7432796257465,0.14165471,0.010861279,1.015275074348269
1200.753233326722,0.1307631,0.010461423,1.0122665817397147
1200.7631870276975,0.15482602,0.011320157,1.0095953327643137
1200.773140728673,0.17835319,0.012092893,1.0073017025753825
1200.7830944296486,0.16511193,0.01166139,1.0053540830786578
1200.7930481306241,0.16741003,0.011738088,1.0037112335835539
1200.8030018315997,0.18064047,0.012162415,1.0023490784416298
1200.8129555325752,0.17598517,0.012016555,1.0012617702222741
1200.8229092335507,0.18926193,0.012429862,1.0004165607125919
1200.8328629345262,0.2297294,0.0136196045,0.999768429968154
1200.8428166355018,0.22601648,0.013511797,0.9992932360259235
1200.8527703364773,0.21660842,0.0132410545,0.9989782889136618
1200.8627240374528,0.24304666,0.013977607,0.9988093190712584
1200.8726777384284,0.28275707,0.0150224,0.99876363256407
1200.882631439404,0.29225492,0.015258359,0.9988395212494238
1200.8925851403794,0.30161488,0.015488385,0.9990474377322114
1200.902538841355,0.29457778,0.015315804,0.9994081906572625
1200.9124925423305,0.31957415,0.015915824,0.9999165755649561
1200.922446243306,0.3264968,0.0160818,1.0005803444817403
1200.9323999442815,0.35920772,0.016834076,1.0014071320347966
1200.942353645257,0.33758804,0.016338019,1.00241385903367
1200.9523073462326,0.3522527,0.016670119,1.0035735958729894
1200.9622610472081,0.35454866,0.016721437,1.0048815212793434
1200.9722147481837,0.36149374,0.016877737,1.0063354920633127
1200.9821684491592,0.4160516,0.018051026,1.0079608603382177
1200.9921221501347,0.4145832,0.018020406,1.009742143666065
1201.0020758511102,0.41382614,0.0180027,1.0116910406757897
1201.0120295520858,0.42466608,0.018226754,1.013822446255846
1201.0219832530613,0.4729342,0.019191446,1.0161858034278464
1201.0319369540368,0.452054,0.018775187,1.0187782854544807
1201.0418906550124,0.405914,0.017835688,1.0216191347788963
1201.051844355988,0.40043202,0.017717186,1.0247318868658173
1201.0617980569634,0.41517347,0.018024221,1.028174323786205
1201.071751757939,0.3801161,0.017277779,1.031924577034809
1201.0817054589145,0.39321992,0.017562384,1.0359445239473344
1201.09165915989,0.4127597,0.017971015,1.0401702665133554
1201.1016128608655,0.35666916,0.016763102,1.044493607051817
1201.111566561841,0.3613501,0.016861275,1.0487460099021118
1201.1215202628166,0.36507776,0.016944917,1.0527742043771229
1201.1314739637921,0.3433318,0.016454313,1.0564416734010424
1201.1414276647677,0.35642081,0.016752109,1.0595968181562627
1201.1513813657432,0.3168479,0.015834931,1.0621737065982875
1201.1613350667187,0.3026159,0.015496105,1.0642149756140402
1201.1712887676943,0.26224074,0.014474004,1.0657679944886729
1201.1812424686698,0.2675473,0.014609081,1.0668962367060988
1201.1911961696453,0.25582808,0.014305047,1.067706744948668
1201.2011498706208,0.23872474,0.01384445,1.0683302798787793
1201.2111035715964,0.23561808,0.013755416,1.0688398835606003
1201.221057272572,0.2067162,0.012932613,1.0692856302513127
1201.2310109735474,0.19969812,0.012723077,1.0696996889472725
1201.240964674523,0.19654137,0.012630528,1.0701026243664704
1201.2509183754985,0.19265495,0.012511145,1.0705012530043232
1201.260872076474,0.18793187,0.012367502,1.0708983019730538
1201.2708257774495,0.20040314,0.012746828,1.0712939570239461
1201.280779478425,0.2027491,0.012814651,1.0716871312553402
1201.2907331794006,0.21361393,0.01313419,1.0720757432256267
1201.3006868803761,0.2097992,0.013018148,1.072457116307038
1201.3106405813517,0.23534945,0.013746858,1.0728262384245675
1201.3205942823272,0.23226885,0.013666765,1.073181848824669
1201.3305479833027,0.24867757,0.014111198,1.0735223560044638
1201.3405016842783,0.2649758,0.014544563,1.07384733334368
1201.3504553852538,0.28760925,0.015116359,1.074155603587931
1201.3604090862293,0.2844353,0.015038252,1.0744507358002569
1201.3703627872048,0.28131583,0.01496333,1.0747347703085306
1201.3803164881804,0.34895018,0.016572608,1.0750087714090832
1201.390270189156,0.35831228,0.016786547,1.0752713106613243
1201.4002238901314,0.3468051,0.016519316,1.0755212152149638
1201.410177591107,0.40491554,0.017788406,1.0757564319562705
1201.4201312920825,0.434517,0.01840042,1.0759744224232506
1201.430084993058,0.4369314,0.01844628,1.0761713020232413
1201.4400386940335,0.44386476,0.018586542,1.0763470368591395
1201.449992395009,0.47028482,0.019110084,1.0765040685908351
1201.4599460959846,0.48270887,0.01935097,1.0766444408213203
1201.4698997969601,0.5200687,0.020054393,1.0767696212436881
1201.4798534979357,0.5287108,0.020209674,1.0768818897551495
1201.4898071989112,0.57590026,0.02106288,1.076983996848683
1201.4997608998867,0.6064337,0.021587579,1.0770770442507656
1201.5097146008625,0.5861509,0.021237511,1.0771616251657354
1201.519668301838,0.5790676,0.021116085,1.0772387877675214
1201.5296220028135,0.6187063,0.021799944,1.0773113863684283
1201.539575703789,0.60868055,0.021625265,1.0773822600232623
1201.5495294047646,0.6193827,0.021810342,1.07745526445137
1201.5594831057401,0.63189507,0.022018462,1.0775364565545051
1201.5694368067157,0.59225917,0.021341482,1.077631680270829
1201.5793905076912,0.6138743,0.02171315,1.077751275375328
1201.5893442086667,0.64649016,0.022259098,1.077914042348878
1201.5992979096422,0.71088344,0.023305172,1.0781595104012789
1201.6092516106178,0.685445,0.02289651,1.0784974995427172
1201.6192053115933,0.6480609,0.022286007,1.0789290574953696
1201.6291590125688,0.6441661,0.022217829,1.0794437792521867
1201.6391127135444,0.65021837,0.02231964,1.0800375085420528
1201.64906641452,0.6556298,0.022410665,1.0806883431166319
1201.6590201154954,0.6642673,0.022548992,1.0813854653466992
1201.668973816471,0.6416513,0.022175625,1.082118754957827
1201.6789275174465,0.64475757,0.022224918,1.082878024361935
1201.688881218422,0.6469865,0.022259526,1.0836449484551522
1201.6988349193975,0.64841837,0.022287419,1.0844030004476997
1201.708788620373,0.6407762,0.022156224,1.0851383136431543
1201.7187423213486,0.6677608,0.022603894,1.0858378343692965
1201.7286960223241,0.6811577,0.022812294,1.086498406370312
1201.7386497232997,0.6933031,0.023011373,1.087121427838421
1201.7486034242752,0.68327343,0.02284992,1.0877067299096796
1201.7585571252507,0.67936945,0.022786861,1.0882499498230014
1201.7685108262262,0.6955764,0.023047853,1.0887487605552364
1201.7784645272018,0.6824626,0.02283255,1.0892053545609208
1201.7884182281773,0.6528739,0.02234902,1.0896212154061682
1201.7983719291528,0.67827165,0.022766909,1.0900007181566858
1201.8083256301284,0.6396392,0.022131858,1.0903562179527369
1201.818279331104,0.7371401,0.02370399,1.0907052124963448
1201.8282330320794,0.65604866,0.022400243,1.0910579456126002
1201.838186733055,0.661819,0.022498904,1.0914159363721632
1201.8481404340305,0.67436755,0.02270077,1.0917684156922927
1201.858094135006,0.70611423,0.023207268,1.0920996119401818
1201.8680478359815,0.6820772,0.02282116,1.0923953053504083
1201.878001536957,0.68659747,0.022897303,1.0926449370780764
1201.8879552379326,0.6533418,0.02235245,1.0928350809329468
1201.8979089389081,0.62763065,0.021922601,1.0929708582671962
1201.9078626398837,0.6710236,0.022636514,1.093051900914703
1201.9178163408592,0.6546061,0.02237175,1.0930792057312064
1201.9277700418347,0.68570125,0.022874543,1.093047493259324
1201.9377237428102,0.6747916,0.022700142,1.0929670023587716
1201.9476774437858,0.69569594,0.023036221,1.0928410593780074
1201.9576311447613,0.6926027,0.022985218,1.0926720532135044
1201.9675848457368,0.62597173,0.021887228,1.0924572333992326
1201.9775385467124,0.70242023,0.02314387,1.092203023727187
1201.987492247688,0.6778846,0.022742972,1.0919136554919397
1201.9974459486634,0.647545,0.022240045,1.0915922995846545
1202.007399649639,0.6542301,0.022356708,1.0912390650981678
1202.0173533506145,0.6071237,0.021562235,1.0908569538449024
1202.02730705159,0.6689404,0.022594409,1.0904491293154006
1202.0372607525655,0.6589014,0.022429898,1.0900233306755807
1202.047214453541,0.6395554,0.0221063,1.0896026352967518
1202.0571681545166,0.68504846,0.022856738,1.0892216824635153
1202.0671218554921,0.6395636,0.022107149,1.0889015871746095
1202.0770755564677,0.61071306,0.021617955,1.0886534413377351
1202.0870292574432,0.6726302,0.022643603,1.088486623935775
1202.0969829584187,0.6678538,0.022567233,1.088406733480845
1202.1069366593943,0.6763707,0.022709114,1.0884036887102315
1202.1168903603698,0.66798437,0.02257213,1.0884718653026006
1202.1268440613453,0.67181,0.022629863,1.0886028885470265
1202.1367977623208,0.636976,0.022048708,1.0887854986823142
1202.1467514632964,0.6149827,0.021684662,1.0889969207047636
1202.156705164272,0.6490685,0.022255305,1.0892225370253956
1202.1666588652474,0.6762204,0.022697387,1.0894490441691607
1202.176612566223,0.6250963,0.021856042,1.0896620601662879
1202.1865662671985,0.64282143,0.022151276,1.089853838143425
1202.196519968174,0.6505055,0.022280762,1.0900183694962637
1202.2064736691495,0.6413287,0.02212393,1.0901506313965896
1202.216427370125,0.6489443,0.022246778,1.0902399001983105
1202.2263810711006,0.65653163,0.022373205,1.0902861413013267
1202.2363347720761,0.6581406,0.02239896,1.0902864565864767
1202.2462884730517,0.64958197,0.022257214,1.0902397887802824
1202.2562421740272,0.6479826,0.02223064,1.0901454202910614
1202.2661958750027,0.6370344,0.02205169,1.0900182377212115
1202.2761495759783,0.65111804,0.022278005,1.0898717407470817
1202.2861032769538,0.6269798,0.021873387,1.089713254578588
1202.2960569779293,0.6422943,0.02213211,1.0895393827275894
1202.3060106789048,0.6315551,0.021951683,1.0893374474287572
1202.3159643798804,0.59738207,0.021371566,1.08909202905973
1202.325918080856,0.6522575,0.022296142,1.088785673519541
1202.3358717818314,0.65236014,0.022293687,1.0883884302584623
1202.345825482807,0.6545292,0.022327095,1.0878503834179938
1202.3557791837825,0.6536568,0.022316623,1.0870912822692373
1202.365732884758,0.65453285,0.022329686,1.0859728873054233
1202.3756865857335,0.65208304,0.022291005,1.0842967073476373
1202.385640286709,0.64525723,0.022172665,1.0818479647723556
1202.3955939876846,0.6458524,0.022181591,1.0786084548208819
1202.4055476886601,0.6566101,0.02235942,1.074566159895693
1202.4155013896357,0.6635344,0.022475416,1.0697558234686284
1202.4254550906112,0.61959183,0.02173956,1.064242689735449
1202.4354087915867,0.64339066,0.02213359,1.0583009349329955
1202.4453624925623,0.6286262,0.021888666,1.0521353279574874
1202.4553161935378,0.6447719,0.02215837,1.0459609657246793
1202.4652698945133,0.61307615,0.02163053,1.0400382269987332
1202.4752235954888,0.62163496,0.02176971,1.034497339788429
1202.4851772964644,0.61222696,0.021611791,1.0294076718858456
1202.49513099744,0.59218174,0.021264458,1.0247783972687852
1202.5050846984154,0.628301,0.021881735,1.0206311333325293
1202.515038399391,0.5981529,0.02137733,1.016856890913397
1202.5249921003665,0.62465525,0.021817602,1.0133951952269156
1202.5349458013422,0.5973409,0.021355819,1.010208751411359
1202.5448995023178,0.60829866,0.021534545,1.0073030618968861
1202.5548532032933,0.55252177,0.02055847,1.004656137085422
1202.5648069042688,0.62025493,0.02174213,1.0022630193562463
1202.5747606052444,0.6026692,0.021442754,1.0001352609799208
1202.58471430622,0.58187115,0.021076614,0.9983067414231023
1202.5946680071954,0.57238746,0.020912327,0.9967780190631537
1202.604621708171,0.556894,0.020634953,0.9955288379549594
1202.6145754091465,0.6007888,0.021406513,0.9945578629382802
1202.624529110122,0.54696065,0.020456266,0.993878978813587
1202.6344828110975,0.56287855,0.020743284,0.9934972124461527
1202.644436512073,0.58613425,0.021146862,0.993381671671238
1202.6543902130486,0.58909047,0.021203902,0.9935301694133178
1202.6643439140241,0.545441,0.020566475,0.9939524851946563
1202.6742976149997,0.59292847,0.022648558,0.9946755774140639
1202.6842513159752,0.59980685,0.024220042,0.9956746580497956
1202.6942050169507,0.5963647,0.024475228,0.996964107830548
1202.7041587179262,0.5908881,0.024414828,0.9985687452852126
1202.7141124189018,0.59160054,0.024895271,1.0005598159414293
1202.7240661198773,0.5733735,0.025493333,1.0029018993356071
1202.7340198208528,0.59963363,0.026156843,1.005597407902664
1202.7439735218284,0.61652017,0.027159113,1.0086447981429636
1202.753927222804,0.59984386,0.026276404,1.0121006855300747
1202.7638809237794,0.5733178,0.024969038,1.0159323579540493
1202.773834624755,0.60243624,0.026116487,1.0201605114135268
1202.7837883257305,0.6362073,0.026650889,1.0248197228604823
1202.793742026706,0.6028609,0.025664996,1.0300087703861416
1202.8036957276815,0.5978897,0.025925959,1.0356953580532828
1202.813649428657,0.61810696,0.026508685,1.04179482545017
1202.8236031296326,0.6162588,0.026824329,1.0481680180964636
1202.8335568306081,0.67299116,0.028921194,1.054604612822292
1202.8435105315837,0.6333871,0.02838616,1.060842824170509
1202.8534642325592,0.63139886,0.027291743,1.06668166736321
1202.8634179335347,0.59869725,0.02596621,1.0719551264104816
1202.8733716345102,0.63370365,0.027212802,1.076488112716127
1202.8833253354858,0.67897207,0.027749838,1.08019769907227
1202.8932790364613,0.6423405,0.026554804,1.08316201442249
1202.9032327374368,0.6305161,0.025898034,1.0854503568254108
1202.9131864384124,0.62374705,0.025551382,1.0871610157649991
1202.923140139388,0.6114026,0.02561871,1.0884326863538865
1202.9330938403634,0.6496116,0.026504,1.089454067734653
1202.943047541339,0.6498235,0.026559828,1.090319566023299
1202.9530012423145,0.591071,0.025791125,1.0910889806305297
1202.96295494329,0.64673245,0.026590789,1.091782191671537
1202.9729086442655,0.6543373,0.026895057,1.0924078534304447
1202.982862345241,0.6266159,0.027096411,1.092952809713795
1202.9928160462166,0.60902596,0.026978847,1.0934015935534855
1203.0027697471921,0.6297054,0.02692455,1.0937262940366188
1203.0127234481677,0.62578356,0.026810298,1.0939440965039404
1203.0226771491432,0.62738246,0.027232895,1.0940681664942746
1203.0326308501187,0.6435946,0.027419636,1.0941151947906147
1203.0425845510943,0.6159424,0.026751854,1.0940902795042056
1203.0525382520698,0.60306567,0.026787763,1.0940043002277187
1203.0624919530453,0.62994546,0.026900431,1.0938591932683925
1203.0724456540208,0.61539596,0.026038965,1.0936555987005128
1203.0823993549964,0.58615977,0.02557353,1.093393487982913
1203.092353055972,0.62218493,0.026059045,1.093087066689783
1203.1023067569474,0.67540157,0.0261561,1.0927518353172008
1203.112260457923,0.6183052,0.024479955,1.0923982895778486
1203.1222141588985,0.66686773,0.025729803,1.0920303655864372
1203.132167859874,0.627144,0.024983658,1.0916436181236882
1203.1421215608495,0.63903147,0.024618678,1.0912311952265674
1203.152075261825,0.62113017,0.02371253,1.0907885749693196
1203.1620289628006,0.5469619,0.021313002,1.0903168909088212
1203.1719826637761,0.6199304,0.02271295,1.0898219598929333
1203.1819363647517,0.62741685,0.022497565,1.0893113537986088
1203.1918900657272,0.59433985,0.021247368,1.0887882241682107
1203.2018437667027,0.5942045,0.021248862,1.088258794692145
1203.2117974676783,0.58734626,0.021126755,1.087738377539494
1203.2217511686538,0.57882535,0.020975936,1.087246011751401
1203.2317048696293,0.6163899,0.021623703,1.086801874548462
1203.2416585706048,0.60730916,0.021464454,1.0864253637030472
1203.2516122715804,0.5886966,0.021146996,1.0861489755089817
1203.261565972556,0.6071699,0.021460816,1.0859736830515119
1203.2715196735314,0.5663975,0.020751603,1.0859074504220054
1203.281473374507,0.6161456,0.021615589,1.0859563234431284
1203.2914270754825,0.6094204,0.021499366,1.086140899455861
1203.301380776458,0.59930426,0.021326745,1.0864538012733496
1203.3113344774335,0.60778946,0.021469763,1.0868949856474557
1203.321288178409,0.57926655,0.020977555,1.0874676448405878
1203.3312418793846,0.60456294,0.021412805,1.0881861557294046
1203.3411955803601,0.57839525,0.020962518,1.0890387651196405
1203.3511492813357,0.58384275,0.021051947,1.0900034926967075
1203.3611029823112,0.59908855,0.02131413,1.0910573196445061
1203.3710566832867,0.5713275,0.020838581,1.092173306986588
1203.3810103842623,0.6474378,0.022131942,1.093315343815228
1203.3909640852378,0.6007702,0.0213437,1.0944533198488735
1203.4009177862133,0.6183005,0.02163601,1.0955696385414448
1203.4108714871888,0.5926897,0.021206902,1.096652671840481
1203.4208251881644,0.58751667,0.021116074,1.0976952262838748
1203.4307788891401,0.5820735,0.02101842,1.0986999292927953
1203.4407325901157,0.5896583,0.021149894,1.0996668808543677
1203.4506862910912,0.60426974,0.02139709,1.1005972628143859
1203.4606399920667,0.57191485,0.020839334,1.1014924123303182
1203.4705936930422,0.5780389,0.02094801,1.1023640670892407
1203.4805473940178,0.63337284,0.021886487,1.10321881716732
1203.4905010949933,0.5911888,0.021166282,1.1040594482646207
1203.5004547959688,0.6093199,0.021480996,1.1048779163360352
1203.5104084969444,0.5841413,0.021044852,1.10566522606889
1203.52036219792,0.56938523,0.020790119,1.1064095085968497
1203.5303158988954,0.60624284,0.021427829,1.1071018903077798
1203.540269599871,0.6055827,0.021412062,1.1077337990580647
1203.5502233008465,0.605372,0.021412391,1.1083177927683387
1203.560177001822,0.55319685,0.020501634,1.1088688140031033
1203.5701307027975,0.5577282,0.020581013,1.1094019998240245
1203.580084403773,0.5905941,0.021162745,1.1099297636633971
1203.5900381047486,0.5863186,0.021077458,1.1104577751518148
1203.5999918057241,0.6267605,0.021765225,1.1109818287482205
1203.6099455066997,0.6290072,0.021805653,1.111490451535944
1203.6198992076752,0.57763207,0.020929988,1.1119645964606715
1203.6298529086507,0.61828613,0.021622932,1.1123849823709753
1203.6398066096262,0.62900984,0.021798592,1.1127436421855792
1203.6497603106018,0.5759155,0.020895187,1.1130355170651594
1203.6597140115773,0.58358,0.021027204,1.1132597214944648
1203.6696677125528,0.59655994,0.021249913,1.113421555298027
1203.6796214135284,0.5567323,0.020551736,1.1135405326534416
1203.689575114504,0.63708204,0.02193268,1.1136289633382868
1203.6995288154794,0.5858189,0.021063736,1.1136981448985508
1203.709482516455,0.5819124,0.020992994,1.1137570786214939
1203.7194362174305,0.57415444,0.020860573,1.113812529642812
1203.729389918406,0.5734197,0.020843655,1.113864817096201
1203.7393436193815,0.6024284,0.021351479,1.1139101101255346
1203.749297320357,0.5458957,0.020357428,1.113936916220378
1203.7592510213326,0.5716698,0.020816289,1.1139339241983173
1203.7692047223081,0.55797094,0.02057298,1.113887505254426
1203.7791584232837,0.5763862,0.020892259,1.113784577238802
1203.7891121242592,0.53559864,0.020166833,1.1136062507456441
1203.7990658252347,0.5332382,0.020122474,1.1133524783430633
1203.8090195262102,0.59906006,0.02128646,1.1130274610309694
1203.8189732271858,0.57395905,0.020850753,1.1126371035664873
1203.8289269281613,0.55244595,0.02046601,1.1121860218555661
1203.8388806291368,0.5139633,0.019766616,1.1116876244635732
1203.8488343301124,0.55514574,0.020519406,1.1111567743936257
1203.858788031088,0.579174,0.020939091,1.110604850054545
1203.8687417320634,0.54388094,0.020310014,1.110044149513652
1203.878695433039,0.5566894,0.020543449,1.1094895870917982
1203.8886491340145,0.5606329,0.020611253,1.1089532545114527
1203.89860283499,0.5905345,0.021129603,1.1084451047089403
1203.9085565359655,0.5736129,0.02083619,1.1079742283916962
1203.918510236941,0.5398896,0.02023553,1.1075493263095608
1203.9284639379166,0.5397648,0.020231875,1.107166265917238
1203.9384176388921,0.5121903,0.019728068,1.1068234578853362
1203.9483713398677,0.50827014,0.01965537,1.1065181354949138
1203.9583250408432,0.5304813,0.020064091,1.1062514188149766
1203.9682787418187,0.5212621,0.01989545,1.1060145962490915
1203.9782324427943,0.51515514,0.019780943,1.1058054885642044
1203.9881861437698,0.53421974,0.02012766,1.1056228904319978
1203.9981398447453,0.53804606,0.020198673,1.1054699844910019
1204.0080935457208,0.5557054,0.020512618,1.1053437684541596
1204.0180472466964,0.5013191,0.019521907,1.1052431787240393
1204.028000947672,0.5509635,0.02042639,1.1051665777155177
1204.0379546486474,0.5219356,0.019900259,1.1051117951030358
1204.047908349623,0.5509468,0.020425983,1.105069421573193
1204.0578620505985,0.5248858,0.019959224,1.1050288891592042
1204.067815751574,0.53719497,0.02017971,1.1049804701686579
1204.0777694525495,0.5708466,0.020775128,1.104914689159275
1204.087723153525,0.56615436,0.020696674,1.1048268940319568
1204.0976768545006,0.5218191,0.019900827,1.1047190920258594
1204.1076305554761,0.5133027,0.01974281,1.1045952831269967
1204.1175842564517,0.53552353,0.020146735,1.104462861023317
1204.1275379574272,0.54013515,0.020225225,1.1043340974815428
1204.1374916584027,0.53919214,0.020210063,1.1042224485044927
1204.1474453593783,0.53773654,0.020180844,1.1041421005469307
1204.1573990603538,0.51002187,0.019677956,1.1041085207202117
1204.1673527613293,0.58589226,0.021031823,1.1041429739728048
1204.1773064623048,0.56217164,0.020618184,1.1042462606895411
1204.1872601632804,0.5429963,0.02027756,1.1044209538701537
1204.197213864256,0.5474529,0.0203586,1.1046636360353554
1204.2071675652314,0.52919424,0.020027125,1.1049689904993745
1204.217121266207,0.53371805,0.020106884,1.1053040816882982
1204.2270749671825,0.5038022,0.019557135,1.1056376474163183
1204.237028668158,0.4945747,0.019381395,1.1059352224865908
1204.2469823691335,0.5319991,0.020075373,1.1061510104084764
1204.256936070109,0.5022136,0.019528419,1.1062618874865808
1204.2668897710846,0.53583115,0.020144863,1.1062596540833365
1204.2768434720601,0.55119735,0.020419132,1.1061464569478106
1204.2867971730357,0.5642697,0.020642929,1.105928285974718
1204.2967508740112,0.5578278,0.020536982,1.1056323453361376
1204.3067045749867,0.55580944,0.020497138,1.1052876009129253
1204.3166582759623,0.5533919,0.020451223,1.1049140187124138
1204.3266119769378,0.5524218,0.02043832,1.1045268656315803
1204.3365656779133,0.5449235,0.020303687,1.104137453057056
1204.3465193788888,0.5532174,0.020452261,1.1037524115497739
1204.3564730798644,0.53347886,0.02009092,1.1033761747001458
1204.36642678084,0.550767,0.020404924,1.1030138300780359
1204.3763804818154,0.5699575,0.020743834,1.1026736480335206
1204.386334182791,0.51109874,0.019685643,1.1023604141023708
1204.3962878837665,0.5401744,0.020209944,1.1020814611862637
1204.406241584742,0.5590601,0.020549795,1.1018442373984203
1204.4161952857175,0.5301832,0.020029103,1.10166337413295
1204.426148986693,0.56977046,0.020735295,1.1015362476259167
1204.4361026876686,0.53163236,0.020054108,1.101465761611942
1204.4460563886441,0.5192649,0.01982862,1.1014538596889025
1204.45601008962,0.49402404,0.019358635,1.1015102878142784
1204.4659637905954,0.50007445,0.01947193,1.1016301607238672
1204.475917491571,0.51602316,0.0197693,1.1018125280625264
1204.4858711925465,0.55362034,0.020443833,1.102056786143253
1204.495824893522,0.5099716,0.019649636,1.1023645573530527
1204.5057785944975,0.5288618,0.020000933,1.1027230026407697
1204.515732295473,0.5397104,0.020194292,1.1031152915025906
1204.5256859964486,0.54497135,0.02028992,1.103525310626861
1204.5356396974241,0.5426456,0.020251347,1.1039346914998385
1204.5455933983997,0.5191416,0.019818773,1.1043238005817149
1204.5555470993752,0.51351064,0.019719727,1.1046796872598363
1204.5655008003507,0.51298475,0.019702693,1.104993139161755
1204.5754545013262,0.5081253,0.019613178,1.105258342826247
1204.5854082023018,0.54633665,0.02030892,1.105475691020834
1204.5953619032773,0.5104543,0.019659044,1.1056620101657164
1204.6053156042528,0.5333835,0.02007585,1.10583358593358
1204.6152693052284,0.54936665,0.020363549,1.106009136282415
1204.625223006204,0.54325634,0.020254254,1.106212249936565
1204.6351767071794,0.50508535,0.019555653,1.106455729383351
1204.645130408155,0.5407894,0.020209327,1.1067497128922998
1204.6550841091305,0.524908,0.019919587,1.1071002602578588
1204.665037810106,0.56135243,0.02057591,1.1075162765222029
1204.6749915110815,0.5210626,0.019850584,1.1079836628147604
1204.684945212057,0.5293303,0.020000864,1.108487963928039
1204.6948989130326,0.5629718,0.020600256,1.1090098774618187
1204.7048526140081,0.5613752,0.020573681,1.1095221304323561
1204.7148063149837,0.57282156,0.020772627,1.1099970974718967
1204.7247600159592,0.5560246,0.020476898,1.1104163229873851
1204.7347137169347,0.55212724,0.020408016,1.110768525094282
1204.7446674179103,0.5353748,0.020105543,1.1110466396503935
1204.7546211188858,0.52001715,0.019824548,1.1112589765748409
1204.7645748198613,0.5779184,0.020858292,1.111423322327937
1204.7745285208368,0.55132234,0.020390067,1.1115515791796717
1204.7844822218124,0.5261171,0.019931821,1.111651412113985
1204.794435922788,0.5503188,0.02037001,1.1117260185945188
1204.8043896237634,0.5420148,0.02022248,1.1117780478555392
1204.814343324739,0.5320949,0.020042267,1.111805218884766
1204.8242970257145,0.5221999,0.01985824,1.111804588544374
1204.83425072669,0.5258631,0.019924417,1.1117714475058882
1204.8442044276655,0.53105164,0.020021172,1.111711788886753
1204.854158128641,0.5731747,0.020765772,1.1116300859984747
1204.8641118296166,0.48002174,0.019070908,1.1115325246783603
1204.8740655305921,0.51725966,0.019767724,1.1114253527672884
1204.8840192315677,0.506759,0.019568797,1.1113157647254237
1204.8939729325432,0.51943976,0.019806344,1.1112063872128504
1204.9039266335187,0.5096466,0.019624291,1.1110971989214158
1204.9138803344943,0.52637726,0.019928964,1.1109861668652676
1204.9238340354698,0.50876516,0.019605992,1.1108716253934383
1204.9337877364453,0.47977766,0.019061346,1.110753854593732
1204.9437414374208,0.5169987,0.01976076,1.1106348107684396
1204.9536951383964,0.52179176,0.01984426,1.1105183653478083
1204.963648839372,0.49647367,0.019374005,1.1104094887611242
1204.9736025403474,0.50781304,0.01958605,1.1103120881140407
1204.983556241323,0.5048724,0.019526202,1.1102290749310302
1204.9935099422985,0.52531374,0.019902015,1.1101614907306658
1205.003463643274,0.50009143,0.019440824,1.1101063607102541
1205.0134173442495,0.4872138,0.019197902,1.1100555904054656
1205.023371045225,0.5015969,0.019467145,1.1100008659705882
1205.0333247462006,0.5008487,0.019451639,1.1099333658847539
1205.0432784471761,0.5061719,0.019548614,1.109843447431154
1205.0532321481517,0.47564295,0.018973045,1.1097308042635317
1205.0631858491272,0.4474008,0.0184207,1.109596038540732
1205.0731395501027,0.5173008,0.019754559,1.1094421954937772
1205.0830932510783,0.49926952,0.019417007,1.1092724372491376
1205.0930469520538,0.5029653,0.01948457,1.1090941005504906
1205.1030006530293,0.48991618,0.019241778,1.10891126352087
1205.1129543540048,0.4701987,0.018862305,1.1087264058372746
1205.1229080549804,0.46312755,0.018728536,1.1085398301695866
1205.132861755956,0.49445933,0.019322913,1.1083499167897626
1205.1428154569314,0.52480745,0.01988542,1.1081535564215208
1205.152769157907,0.4861117,0.019166578,1.1079461281618692
1205.1627228588825,0.48743922,0.01919433,1.107719457602283
1205.172676559858,0.522484,0.01984634,1.1074648846782802
1205.1826302608335,0.51820886,0.019759376,1.1071762394902234
1205.192583961809,0.46987307,0.018856898,1.1068468348772038
1205.2025376627846,0.49125054,0.019262055,1.106469139867908
1205.2124913637601,0.48290023,0.019100945,1.1060369916477268
1205.2224450647357,0.51088846,0.019627085,1.1055554646150911
1205.2323987657112,0.51637495,0.019725177,1.1050268505303296
1205.2423524666867,0.49496308,0.019327663,1.1044550829016058
1205.2523061676623,0.48347047,0.019111963,1.1038436848790445
1205.2622598686378,0.4917744,0.019269621,1.103206644854931
1205.2722135696133,0.47133857,0.018879168,1.1025522114946251
1205.2821672705888,0.49863148,0.01939649,1.101887984510638
1205.2921209715644,0.4453895,0.018372657,1.1012205178771688
1205.30207467254,0.4801953,0.01904917,1.1005557549741334
1205.3120283735154,0.4765342,0.01897746,1.0998976995233627
1205.321982074491,0.48941758,0.01922128,1.0992500556290883
1205.3319357754665,0.44537613,0.018368628,1.098618303396981
1205.341889476442,0.47025296,0.01885319,1.0980042647508816
1205.3518431774175,0.44595742,0.018378837,1.0974074420366553
1205.3617968783933,0.47853276,0.019011239,1.0968257268305328
1205.3717505793688,0.5150983,0.019695854,1.096255838432468
1205.3817042803444,0.503024,0.019472163,1.095692799633639
1205.39165798132,0.49611506,0.019342804,1.095132723476943
1205.4016116822954,0.46107733,0.018675081,1.0945739875493032
1205.411565383271,0.4983137,0.01938182,1.0940168145712095
1205.4215190842465,0.48837718,0.01919542,1.0934640434533334
1205.431472785222,0.45417282,0.018538028,1.0929200420674938
1205.4414264861975,0.47911775,0.01902068,1.0923907554360293
1205.451380187173,0.48154917,0.01906341,1.0918830964068533
1205.4613338881486,0.4806675,0.019044878,1.0914080333213954
1205.4712875891241,0.48812404,0.019188328,1.0909675500890597
1205.4812412900997,0.49051484,0.019233804,1.0905655964321164
1205.4911949910752,0.4578985,0.018607827,1.090204729821188
1205.5011486920507,0.46081486,0.018661262,1.0898921452729264
1205.5111023930262,0.4713936,0.018866062,1.0896222231023684
1205.5210560940018,0.4979394,0.019369613,1.089392856570082
1205.5310097949773,0.46080372,0.01865976,1.089202457227136
1205.5409634959528,0.44317105,0.018314352,1.0890538464068857
1205.5509171969284,0.4895151,0.01920896,1.0889445277789287
1205.560870897904,0.45154935,0.018479552,1.0888729820551644
1205.5708245988794,0.4712758,0.018860964,1.0888395985982928
1205.580778299855,0.5038676,0.019475464,1.088847097447545
1205.5907320008305,0.48267537,0.019078096,1.088894590574143
1205.600685701806,0.48485646,0.019119043,1.0889766456368375
1205.6106394027815,0.45295462,0.018504724,1.089089887227726
1205.620593103757,0.41648096,0.017773801,1.0892307399234662
1205.6305468047326,0.4232231,0.017909378,1.08939456558419
1205.6405005057081,0.46871024,0.018807879,1.0895724280155985
1205.6504542066837,0.48013937,0.019025523,1.0897580181125788
1205.6604079076592,0.446752,0.018380059,1.0899445618008774
1205.6703616086347,0.44748175,0.01839256,1.0901234572649467
1205.6803153096103,0.42006865,0.017843597,1.090289332454897
1205.6902690105858,0.42531425,0.017950358,1.0904384242150664
1205.7002227115613,0.427647,0.01799529,1.0905691921029874
1205.7101764125368,0.4503655,0.018446324,1.090679995706485
1205.7201301135124,0.45947862,0.018624958,1.0907750727427843
1205.730083814488,0.43814605,0.018206239,1.0908566105312951
1205.7400375154634,0.5049502,0.019489318,1.090924027083881
1205.749991216439,0.42694286,0.017977433,1.0909698113586872
1205.7599449174145,0.43955535,0.018230733,1.0909820524886258
1205.76989861839,0.4440581,0.018323082,1.0909462137869563
1205.7798523193655,0.4373902,0.018187266,1.0908443507104393
1205.789806020341,0.43884107,0.018213503,1.0906534162826778
1205.7997597213166,0.45378974,0.018510882,1.090359766708802
1205.8097134222921,0.43947366,0.018230012,1.089972830353559
1205.8196671232677,0.43205857,0.018077677,1.0895034022272478
1205.8296208242432,0.424234,0.017920904,1.0889696984678965
1205.8395745252187,0.41819984,0.017798584,1.0883974115465769
1205.8495282261943,0.4477469,0.01838919,1.087819299513229
1205.8594819271698,0.45613986,0.018551808,1.0872565087287525
1205.8694356281453,0.42634213,0.017964164,1.0867237657857816
1205.8793893291208,0.44634008,0.01835782,1.0862344982488596
1205.8893430300964,0.42407414,0.017915696,1.085780709825863
1205.899296731072,0.44005227,0.018233651,1.0853526708257049
1205.9092504320474,0.42564243,0.017945083,1.0849352287531606
1205.919204133023,0.4051369,0.017525049,1.0845061945759893
1205.9291578339985,0.42399916,0.017911473,1.0840452550726676
1205.939111534974,0.42254904,0.01787923,1.0835400882205353
1205.9490652359495,0.42394042,0.017909415,1.082986552117941
1205.959018936925,0.41720134,0.017771242,1.0823881394636774
1205.9689726379006,0.40574965,0.017535625,1.0817643139392163
1205.9789263388761,0.39133224,0.017234007,1.0811385122532244
1205.9888800398517,0.4336942,0.018102126,1.0805312816687191
1205.9988337408272,0.43292826,0.018087788,1.079961323917343
1206.0087874418027,0.41485593,0.017720876,1.0794398087017463
1206.0187411427783,0.42612383,0.017948752,1.0789616243448492
1206.0286948437538,0.40710336,0.017562313,1.078520461498861
1206.0386485447293,0.40563858,0.017529929,1.0781081419756346
1206.0486022457048,0.4093677,0.017605431,1.0777183357693572
1206.0585559466804,0.40321624,0.017479638,1.07734395789317
1206.068509647656,0.39420277,0.017289752,1.076986617095276
1206.0784633486314,0.40472385,0.017509721,1.0766528354673373
1206.088417049607,0.38127998,0.01701551,1.0763593496083976
1206.0983707505825,0.42351586,0.017892905,1.0761152947743355
1206.108324451558,0.40774098,0.017570592,1.0759317639339432
1206.1182781525335,0.41758952,0.017771045,1.0758184684971286
1206.128231853509,0.40693483,0.017552491,1.07579195339876
1206.1381855544846,0.4030966,0.017472873,1.0758533219587574
1206.1481392554601,0.37736517,0.016930332,1.0760024667150414
1206.1580929564357,0.40979448,0.017610108,1.076242618129757
1206.1680466574112,0.36520666,0.016666327,1.076584429821027
1206.1780003583867,0.3749435,0.016876498,1.0770329225761541
1206.1879540593623,0.38557297,0.017102417,1.0775831006421555
1206.1979077603378,0.33930597,0.016090453,1.0782360749770747
1206.2078614613133,0.3725738,0.01682454,1.0789921830964255
1206.2178151622888,0.37713996,0.016922362,1.079845767667001
1206.2277688632644,0.33555105,0.016003758,1.0807648407452877
1206.23772256424,0.3202752,0.015652947,1.0817215934269435
1206.2476762652154,0.3111727,0.015438995,1.0826840860289677
1206.257629966191,0.32324827,0.01572122,1.0836126853949932
1206.2675836671665,0.30436152,0.015276461,1.084483436702136
1206.277537368142,0.28229776,0.014739818,1.085282100839747
1206.2874910691176,0.28151155,0.014719757,1.0860069678461493
1206.297444770093,0.29133493,0.014961832,1.086663419164715
1206.3073984710686,0.26562834,0.014319267,1.0872832604872873
1206.3173521720441,0.25877553,0.014142348,1.087896261721974
1206.3273058730197,0.2843827,0.014789653,1.088530811840337
1206.3372595739952,0.23005114,0.013376116,1.0892176516834815
1206.3472132749707,0.24653363,0.013820493,1.0899737014120234
1206.3571669759463,0.2563504,0.014077311,1.0907990489385477
1206.3671206769218,0.219287,0.013076671,1.0916854180969324
1206.3770743778973,0.23138547,0.013411454,1.092614211952652
1206.387028078873,0.20557745,0.012685882,1.0935517026781005
1206.3969817798486,0.18978605,0.012216796,1.0944614577171026
1206.4069354808241,0.2130995,0.012901175,1.0953125061308888
1206.4168891817997,0.15577085,0.011138046,1.0960759532244673
1206.4268428827752,0.13967584,0.010586674,1.0967165404215582
1206.4367965837507,0.13287547,0.010343598,1.0972361672374618
1206.4467502847262,0.131352,0.010289868,1.0976308392010503
1206.4567039857018,0.13812628,0.010532181,1.0979004708418179
1206.4666576866773,0.09205983,0.008737244,1.0980272870522407
1206.4766113876528,0.094244555,0.008829945,1.0980226623250853
1206.4865650886284,0.08815023,0.008564984,1.0978717013891446
1206.496518789604,0.082132384,0.008292624,1.097544535657414
1206.5064724905794,0.06545053,0.0074831187,1.0969712660156463
1206.516426191555,0.055568006,0.0069551202,1.0961167912238632
1206.5263798925305,0.050291542,0.006653904,1.09496288827408
1206.536333593506,0.051771186,0.0067388364,1.0934996167501851
1206.5462872944815,0.046504095,0.0064270087,1.091721868292486
1206.556240995457,0.038207065,0.00589497,1.0896781978655223
1206.5661946964326,0.038872965,0.0059410427,1.0874613588758224
1206.5761483974081,0.041179024,0.006092773,1.0851529242905853
1206.5861020983837,0.035905216,0.00573779,1.0828441115859553
1206.5960557993592,0.032846816,0.0055236216,1.0806403603847972
1206.6060095003347,0.030596942,0.005355759,1.078604030127062
1206.6159632013103,0.033602044,0.0055756723,1.0767740796250824
1206.6259169022858,0.029831603,0.0052976767,1.0751651329309497
1206.6358706032613,0.02831706,0.005181755,1.0738019850675016
1206.6458243042368,0.023794692,0.0048146434,1.0726286244803949
1206.6557780052124,0.028302087,0.0051796273,1.0716213622348125
1206.665731706188,0.02075577,0.004546752,1.0707602344412117
1206.6756854071634,0.02377565,0.004810711,1.0700499775150072
1206.685639108139,0.03131049,0.0054090987,1.0694770598850982
1206.6955928091145,0.029087968,0.0052404543,1.0690440470986227
1206.70554651009,0.026802627,0.005061389,1.068761416939866
1206.7155002110655,0.02150645,0.0046130465,1.0686537007687222
1206.725453912041,0.02374261,0.0048076315,1.068723840784784
1206.7354076130166,0.025294373,0.004938773,1.0689589396269201
1206.7453613139921,0.023768233,0.00481097,1.0693533792748486
1206.7553150149677,0.026808487,0.0050621624,1.0699075082221752
1206.7652687159432,0.019238211,0.0044045416,1.0706220772338835
1206.7752224169187,0.019244907,0.0044055465,1.0714785743339021
1206.7851761178943,0.014716617,0.003950825,1.072478559961363
1206.7951298188698,0.010907392,0.0035085478,1.0736293481424766
1206.8050835198453,0.009401368,0.0033130257,1.0749604265200743
1206.8150372208208,0.013922623,0.003862374,1.0764600773740136
1206.8249909217964,0.01166396,0.0036002037,1.0781388939093757
1206.834944622772,0.008640182,0.0032069848,1.080006782259281
1206.8448983237474,0.009380557,0.003308657,1.0820998563016737
1206.854852024723,0.0056351908,0.002745214,1.0843995702725242
1206.8648057256985,0.012402815,0.0036888614,1.0868998583316436
1206.874759426674,0.0041241157,0.002473308,1.0895922708912016
1206.8847131276495,0.007880936,0.0031000644,1.092477966894395
1206.894666828625,0.002617653,0.00213682,1.0955262179917964
1206.9046205296006,0.004108363,0.0025344202,1.0987059602577371
1206.9145742305761,0.0041021393,0.0024624192,1.101998722127446
1206.9245279315517,0.0041109626,0.0024676896,1.1053937098641435
1206.9344816325272,0.004110731,0.0024646595,1.1088708141119725
1206.9444353335027,0.0026029968,0.002140018,1.1123882663626374
1206.9543890344783,0.004866498,0.0026106501,1.1158932526637142
1206.9643427354538,0.0026126157,0.0021420503,1.1193047112911971
1206.9742964364293,0.0048709884,0.0026094557,1.1224910157333712
1206.9842501374048,0.003366449,0.002309875,1.1253646198120992
1206.9942038383804,0.006383173,0.002870972,1.1278316409404678
1207.004157539356,0.0063855886,0.0028711967,1.129819641201279
1207.0141112403314,0.0063905613,0.0028733376,1.1312145689275326
1207.024064941307,0.0041216696,0.0024675545,1.132104862190749
1207.0340186422825,0.005644945,0.0027533935,1.1325574681718704
1207.043972343258,0.006375057,0.002869374,1.1326667652291806
1207.0539260442335,0.004137169,0.0024713408,1.1325337359228171
1207.063879745209,0.0033749724,0.0023138467,1.1323001378613688
1207.0738334461846,0.0071499096,0.0029933455,1.1320600465328392
1207.0837871471601,0.011664376,0.003601662,1.1318675743621025
1207.0937408481357,0.00867207,0.0032152932,1.1317540676764084
1207.1036945491112,0.008652813,0.0032113842,1.131718516532199
1207.1136482500867,0.010923636,0.0035108507,1.1317356736672959
1207.1236019510623,0.0056478824,0.0027491061,1.1317828163404282
1207.1335556520378,0.013162004,0.0037758593,1.1318392067564331
1207.1435093530133,0.009411248,0.0033149591,1.1318889688164853
1207.1534630539888,0.010907216,0.0035080954,1.131928352091079
1207.1634167549644,0.015448603,0.0040258598,1.1319611099145874
1207.17337045594,0.01845887,0.004329083,1.1319958344182572
1207.1833241569154,0.016950332,0.00418014,1.1320462182414324
1207.193277857891,0.02373106,0.0048043435,1.132118952881224
1207.2032315588665,0.023748374,0.004806056,1.1322171522489581
1207.213185259842,0.02148531,0.0046085715,1.1323385420333254
1207.2231389608176,0.023726268,0.004802578,1.1324759321565554
1207.233092661793,0.028982027,0.005226668,1.132614193222362
1207.2430463627686,0.036544316,0.005775324,1.1327389513029313
1207.2530000637441,0.03123277,0.0053957785,1.1328373546547412
1207.2629537647197,0.041045386,0.006074233,1.132897465866074
1207.2729074656952,0.04784443,0.0064976495,1.1329184646011574
1207.2828611666707,0.047843,0.0064974795,1.1329112476477707
1207.2928148676465,0.047066443,0.0064499457,1.1328897625977494
1207.302768568622,0.054641724,0.00689152,1.13287275923867
1207.3127222695975,0.06442461,0.0074182386,1.1328840951312409
1207.322675970573,0.06887308,0.0076425555,1.1329401094221059
1207.3326296715486,0.07050976,0.007725608,1.1330554271919429
1207.3425833725241,0.07570938,0.007977602,1.1332427745338016
1207.3525370734997,0.07347333,0.007870293,1.133527166941175
1207.3624907744752,0.10279853,0.0091705825,1.1339073116403906
1207.3724444754507,0.12847073,0.010163044,1.1343938454610214
1207.3823981764262,0.1097176,0.009449657,1.134997272271162
1207.3923518774018,0.11712648,0.009737215,1.135742430809319
1207.4023055783773,0.12695262,0.010106037,1.1366213268046825
1207.4122592793528,0.11947615,0.009827014,1.1376231463835964
1207.4222129803284,0.15698643,0.011153142,1.138729251136223
1207.432166681304,0.1330572,0.010328027,1.139911457200014
1207.4421203822794,0.1637818,0.011375895,1.14111582988428
1207.452074083255,0.16611099,0.011451304,1.1422842147496257
1207.4620277842305,0.15854637,0.011204068,1.143363924992484
1207.471981485206,0.19391532,0.012311152,1.1443029673743927
1207.4819351861815,0.19020267,0.0121992305,1.1450607497127558
1207.491888887157,0.18872242,0.012154938,1.1456495829182327
1207.5018425881326,0.20897914,0.012751312,1.1460830822299601
1207.5117962891081,0.22328155,0.013154404,1.1463873965251796
1207.5217499900837,0.19326149,0.012290484,1.1465885115223091
1207.5317036910592,0.22770451,0.013275753,1.146736183704776
1207.5416573920347,0.24285163,0.0136852665,1.1468564665358398
1207.5516110930103,0.22710249,0.013259106,1.1469682028762584
1207.5615647939858,0.23975222,0.013601178,1.1470846117946005
1207.5715184949613,0.2646948,0.014253994,1.1472123652920287
1207.5814721959368,0.23538646,0.013484964,1.147354894694131
1207.5914258969124,0.27436277,0.014498892,1.1475161022700728
1207.601379597888,0.27062342,0.014403656,1.1477049272199888
1207.6113332988634,0.2676576,0.014328668,1.1479285835646544
1207.621286999839,0.26378557,0.014228667,1.1481897872562081
1207.6312407008145,0.23530275,0.013480295,1.1484923841324604
1207.64119440179,0.26892683,0.01435802,1.148842441758457
1207.6511481027655,0.269814,0.01438101,1.1492454298452606
1207.661101803741,0.28171018,0.014675899,1.1496960820878348
1207.6710555047166,0.27284873,0.014456456,1.150190842684049
1207.6810092056921,0.25392002,0.013970711,1.1507228536952732
1207.6909629066677,0.27649707,0.014546971,1.1512825218317488
1207.7009166076432,0.25767064,0.014067524,1.1518492249943342
1207.7108703086187,0.28397462,0.014731544,1.1524051636799184
1207.7208240095943,0.27494532,0.014506783,1.1529327358703387
1207.7307777105698,0.26741877,0.014316644,1.1534099463710343
1207.7407314115453,0.26963452,0.014372358,1.153830581053291
1207.7506851125208,0.2681941,0.014337224,1.1541919625926829
1207.7606388134964,0.27483308,0.014503029,1.154493848678333
1207.770592514472,0.28310838,0.014708253,1.1547322978789982
1207.7805462154474,0.26661247,0.014295057,1.1549082886396185
1207.790499916423,0.23281704,0.013407984,1.1550204802688149
1207.8004536173985,0.27019078,0.014384667,1.1550589665316036
1207.810407318374,0.28982797,0.014871024,1.1550033929883763
1207.8203610193495,0.28156087,0.014666814,1.1548265658123178
1207.830314720325,0.26586205,0.014273678,1.1545221286792808
1207.8402684213006,0.274837,0.014501096,1.1540798798991687
1207.8502221222761,0.2627608,0.014195387,1.1534966737833865
1207.8601758232517,0.25447124,0.013981225,1.1527682551363347
1207.8701295242272,0.29264632,0.01493756,1.1519379880776528
1207.8800832252027,0.2604899,0.014134839,1.151035308165362
1207.8900369261783,0.25816095,0.014074101,1.1500920683997677
1207.8999906271538,0.23563625,0.013479245,1.1491398440496838
1207.9099443281293,0.26930833,0.014357997,1.1482059829461297
1207.9198980291048,0.27839983,0.014585798,1.1473048839007127
1207.9298517300804,0.2521488,0.013918192,1.1464433971843164
1207.939805431056,0.26847842,0.014336014,1.145627426084895
1207.9497591320314,0.28956458,0.014858905,1.1448551445265238
1207.959712833007,0.2536178,0.013953339,1.1441224524438278
1207.9696665339825,0.28127268,0.014654535,1.143428656276475
1207.979620234958,0.27832776,0.014581426,1.14277572731969
1207.9895739359335,0.24907461,0.013834546,1.1421654241450367
1207.999527636909,0.23174341,0.013371191,1.1415918141862904
1208.0094813378846,0.2533827,0.013946744,1.1410510373045994
1208.0194350388601,0.26470554,0.014239013,1.1405368730474856
1208.0293887398357,0.25195912,0.013909942,1.140041234548311
1208.0393424408112,0.24363418,0.013688477,1.1395506433451703
1208.0492961417867,0.23391366,0.013428022,1.139058581890215
1208.0592498427623,0.23825784,0.0135617405,1.1385634652327759
1208.0692035437378,0.27197492,0.014794758,1.138067127660169
1208.0791572447133,0.25149566,0.0152897,1.1375753003445832
1208.0891109456888,0.23817216,0.015061478,1.1370962724440914
1208.0990646466644,0.24695279,0.015616627,1.136639867625204
1208.10901834764,0.2898817,0.016931979,1.1362191783376223
1208.1189720486154,0.24017137,0.015873559,1.13584197365597
1208.128925749591,0.25253382,0.01648908,1.1355103065043042
1208.1388794505665,0.2685151,0.017064659,1.135227424299176
1208.148833151542,0.22250853,0.015480824,1.1349994365313476
1208.1587868525176,0.23396279,0.015512027,1.1348351317514425
1208.168740553493,0.25172195,0.016207913,1.1347350049570992
1208.1786942544686,0.24072145,0.016025715,1.1347065498618503
1208.1886479554441,0.23149186,0.015341354,1.1347583597290263
1208.1986016564197,0.22338495,0.015218724,1.1349115768897247
1208.2085553573952,0.22497739,0.015540806,1.1351603893787459
1208.2185090583707,0.22912285,0.01575379,1.1355101605489781
1208.2284627593463,0.2437476,0.01682526,1.1359647664602903
1208.2384164603218,0.2286257,0.016426645,1.1365383519549512
1208.2483701612973,0.2427745,0.016661728,1.1372160807457408
1208.2583238622728,0.21941026,0.015511779,1.1379834811962701
1208.2682775632484,0.21252318,0.01524653,1.1388213081142258
1208.278231264224,0.2165498,0.015140114,1.1397030036975422
1208.2881849651994,0.25207675,0.016196113,1.140588487810645
1208.298138666175,0.23288205,0.015579256,1.1414411278800336
1208.3080923671505,0.231547,0.015181244,1.1422321768468295
1208.3180460681263,0.24182259,0.015528816,1.1429378464194206
1208.3279997691018,0.25200248,0.016377976,1.1435434069886443
1208.3379534700773,0.21851158,0.0151006095,1.144064568022812
1208.3479071710528,0.22031644,0.015167004,1.1445148448597822
1208.3578608720284,0.21173018,0.015051559,1.1449118997966479
1208.367814573004,0.23977153,0.015930094,1.1452713176780094
1208.3777682739794,0.22000007,0.015437217,1.1456143277984232
1208.387721974955,0.2310843,0.016139029,1.1459504421616602
1208.3976756759305,0.20489502,0.015318806,1.1462856676180042
1208.407629376906,0.2180591,0.015394684,1.1466238718312982
1208.4175830778815,0.21622771,0.015559237,1.1469667384953683
1208.427536778857,0.21731664,0.015665095,1.1473151910792296
1208.4374904798326,0.20694448,0.015050584,1.147669771522295
1208.4474441808081,0.21417609,0.015458873,1.1480303652426445
1208.4573978817837,0.2458045,0.016319666,1.1483943668202892
1208.4673515827592,0.20887473,0.014875965,1.148757190742714
1208.4773052837347,0.22980945,0.015571218,1.1491133384898409
1208.4872589847103,0.2128735,0.014982204,1.1494553050587628
1208.4972126856858,0.234138,0.015384318,1.1497732077036316
1208.5071663866613,0.20158243,0.013929139,1.1500632669109754
1208.5171200876368,0.22535561,0.014659722,1.1503213836319315
1208.5270737886124,0.20626065,0.014277139,1.1505455205661343
1208.537027489588,0.22978167,0.014787538,1.1507313126202172
1208.5469811905634,0.2037438,0.013679206,1.1508872861824877
1208.556934891539,0.19828075,0.013066206,1.1510177524953777
1208.5668885925145,0.20340954,0.012942621,1.1511259120165984
1208.57684229349,0.18952845,0.012610402,1.1512090576044498
1208.5867959944655,0.21411413,0.012881689,1.151262330475571
1208.596749695441,0.19504757,0.012313824,1.1512743359373512
1208.6067033964166,0.18602712,0.012040774,1.1512269784798137
1208.6166570973921,0.20855892,0.0127115175,1.1510896794794836
1208.6266107983677,0.20250167,0.012534941,1.1508328588292105
1208.6365644993432,0.18229805,0.011928081,1.1504470826152617
1208.6465182003187,0.20925134,0.012728982,1.1499237930342021
1208.6564719012943,0.2084883,0.012705286,1.1492612006794183
1208.6664256022698,0.2018258,0.012515423,1.1484615579815318
1208.6763793032453,0.20172253,0.012510258,1.1475590062162881
1208.6863330042208,0.19131461,0.012205015,1.1465636198582936
1208.6962867051964,0.20168932,0.012510914,1.1454676589056303
1208.706240406172,0.20390235,0.012571801,1.1442009065328738
1208.7161941071474,0.20249672,0.012533421,1.1426891905145666
1208.726147808123,0.1800127,0.011858857,1.1408242599048901
1208.7361015090985,0.19864382,0.012418823,1.1384940940974233
1208.746055210074,0.19495064,0.0123094665,1.1355450333796302
1208.7560089110495,0.20986909,0.012743574,1.131957188464515
1208.765962612025,0.17402674,0.011669024,1.127788195478806
1208.7759163130006,0.18218543,0.011922113,1.1231225005626069
1208.7858700139761,0.19493394,0.012309617,1.1180798552293543
1208.7958237149517,0.17618825,0.011735839,1.1128516317794213
1208.8057774159272,0.18591818,0.012035772,1.1076470111093462
1208.8157311169027,0.17772973,0.011785691,1.1026288792102572
1208.8256848178783,0.1791784,0.011832498,1.0979348833523812
1208.8356385188538,0.16267577,0.011307468,1.0937028699590348
1208.8455922198293,0.19104198,0.012190699,1.0899083199631783
1208.8555459208048,0.1560117,0.011087179,1.08654714478897
1208.8654996217804,0.18806179,0.012099728,1.0835992550533842
1208.875453322756,0.15533383,0.011069159,1.0810893405402564
1208.8854070237314,0.17087086,0.011573452,1.0789477657977211
1208.895360724707,0.17014481,0.011549653,1.0771441404889979
1208.9053144256825,0.16940959,0.011526798,1.075658691391273
1208.915268126658,0.14767912,0.010806078,1.0744974511992462
1208.9252218276335,0.16491368,0.011379649,1.0736294623323652
1208.935175528609,0.18655825,0.012055762,1.073014599814386
1208.9451292295846,0.1567505,0.011114263,1.0726330850065922
1208.9550829305601,0.16184035,0.011277164,1.0724769852718201
1208.9650366315357,0.16714013,0.011449775,1.0725421315596448
1208.9749903325112,0.14700106,0.010786952,1.0727956481704919
1208.9849440334867,0.162595,0.011305782,1.0732327015168113
1208.9948977344623,0.16112868,0.011258269,1.0738554014206372
1209.0048514354378,0.13643189,0.010413794,1.0747017958509497
1209.0148051364133,0.14994314,0.010887403,1.0757592438462122
1209.0247588373888,0.14759302,0.010801786,1.0770482850910184
1209.0347125383644,0.16257651,0.011301431,1.0785911944663744
1209.04466623934,0.15812871,0.011158299,1.080443519300204
1209.0546199403154,0.13341507,0.010305891,1.082596996346552
1209.064573641291,0.17446722,0.011681643,1.0850425990911279
1209.0745273422665,0.1573701,0.011134616,1.0877702983464408
1209.084481043242,0.16919936,0.011513985,1.0907802197308576
1209.0944347442176,0.16404912,0.011348978,1.094046143944655
1209.104388445193,0.15581703,0.011079389,1.0975283620003982
1209.1143421461686,0.14537655,0.010729786,1.1012183468913044
1209.1242958471441,0.14900492,0.010848332,1.1051291589363055
1209.1342495481197,0.14313807,0.010651235,1.1093039120699943
1209.1442032490952,0.14082263,0.010569638,1.1137408524060395
1209.1541569500707,0.13409096,0.01032955,1.118452228833179
1209.1641106510463,0.17436667,0.011675912,1.1234181885576795
1209.1740643520218,0.14982833,0.010878946,1.1285843338878494
1209.1840180529973,0.1579525,0.011150717,1.1337855028487205
1209.1939717539728,0.14524154,0.010718611,1.1388608443260646
1209.2039254549484,0.14159258,0.010595863,1.1436383856467296
1209.213879155924,0.1497067,0.0108717745,1.1478907647691794
1209.2238328568997,0.15570286,0.011072451,1.1514982289209712
1209.2337865578752,0.14976652,0.01087391,1.1544165816223115
1209.2437402588507,0.13636325,0.010413062,1.1566268961996176
1209.2536939598263,0.13257293,0.0102771865,1.1581235550708542
1209.2636476608018,0.13034782,0.01019805,1.1589822245712722
1209.2736013617773,0.16157813,0.011264099,1.1593814934973465
1209.2835550627528,0.13336957,0.010302306,1.1594399124749946
1209.2935087637284,0.16458338,0.011361936,1.1592626840150784
1209.303462464704,0.14828096,0.010824093,1.1589357234665245
1209.3134161656794,0.14303231,0.010647361,1.1585554297346263
1209.323369866655,0.14819668,0.010824542,1.158174915719846
1209.3333235676305,0.11392386,0.009583319,1.1578358072020327
1209.343277268606,0.13321462,0.010300267,1.1575805131906205
1209.3532309695815,0.13399576,0.010326787,1.1574198731064747
1209.363184670557,0.1272869,0.010082657,1.1573560479154255
1209.3731383715326,0.13326202,0.010301774,1.1573841359011792
1209.3830920725081,0.12951073,0.010165273,1.1574976695723738
1209.3930457734837,0.14659417,0.010761163,1.1576744555220013
1209.4029994744592,0.13182428,0.010247137,1.157889269691673
1209.4129531754347,0.122828774,0.009919842,1.1581232134442376
1209.4229068764103,0.14135171,0.0105816275,1.1583593455494543
1209.4328605773858,0.11911059,0.00977574,1.15858158804108
1209.4428142783613,0.1428719,0.010635893,1.1587816813249348
1209.4527679793368,0.13696739,0.0104315905,1.1589554633804622
1209.4627216803124,0.13170433,0.010240941,1.1591028450999918
1209.472675381288,0.12802678,0.010112436,1.1592259976744668
1209.4826290822634,0.12795728,0.010107629,1.1593375625364812
1209.492582783239,0.11976378,0.0097998185,1.1594473320872312
1209.5025364842145,0.11830924,0.009748032,1.1595654619907854
1209.51249018519,0.120496206,0.0098289745,1.1597035430025098
1209.5224438861655,0.12497529,0.009997567,1.1598671512718663
1209.532397587141,0.103372894,0.009160958,1.160056718305238
1209.5423512881166,0.124139704,0.009965369,1.1602673835614827
1209.5523049890921,0.13089237,0.010211308,1.1604876804066704
1209.5622586900677,0.10783855,0.0093358485,1.160700991175229
1209.5722123910432,0.13165006,0.010241482,1.1608969475707211
1209.5821660920187,0.12570938,0.01002693,1.1610713442743688
1209.5921197929943,0.10628244,0.009274541,1.161222384531885
1209.6020734939698,0.110018544,0.009424752,1.1613445782760228
1209.6120271949453,0.099623375,0.009009458,1.1614355703401946
1209.6219808959208,0.10769359,0.009328857,1.1614876503582312
1209.6319345968964,0.09295423,0.008728891,1.1614925517341188
1209.641888297872,0.10102859,0.009068639,1.1614375487810988
1209.6518419988474,0.115869895,0.009649077,1.1613319467875889
1209.661795699823,0.106326886,0.009278271,1.1611888486593323
1209.6717494007985,0.10998414,0.00942282,1.1610271956195821
1209.681703101774,0.11443715,0.00959469,1.160871019538493
1209.6916568027495,0.1010766,0.00906501,1.1607417300888367
1209.701610503725,0.10547273,0.009242791,1.1606484826334604
1209.7115642047006,0.10774243,0.009335888,1.1605919861172613
1209.7215179056761,0.10918384,0.009388415,1.1605651279040252
1209.7314716066517,0.09509162,0.008813139,1.160552525738091
1209.7414253076272,0.09726855,0.008904558,1.160535777021558
1209.7513790086027,0.093533844,0.008742479,1.1605020107066983
1209.7613327095783,0.089850925,0.008587224,1.1604460354667383
1209.7712864105538,0.0972226,0.008899069,1.1603736968378822
1209.7812401115293,0.0883676,0.0085232835,1.1603075498691
1209.7911938125048,0.094240636,0.008775003,1.160272180790144
1209.8011475134804,0.09877569,0.008972695,1.1602923891814025
1209.811101214456,0.10761927,0.009327447,1.1603992699890524
1209.8210549154314,0.08985614,0.008589776,1.1606012466723565
1209.831008616407,0.10314558,0.009143311,1.1608981555962161
1209.8409623173825,0.10543706,0.00923677,1.1612865007914215
1209.850916018358,0.09056806,0.008615853,1.161761980874051
1209.8608697193336,0.09574225,0.008838918,1.1623103578566132
1209.870823420309,0.09501229,0.008811266,1.1629115688742595
1209.8807771212846,0.089019015,0.008550296,1.1635548359730365
1209.8907308222601,0.07712703,0.008009583,1.16423384473294
1209.9006845232357,0.086786084,0.008454008,1.164949508051338
1209.9106382242112,0.07041526,0.007685699,1.1656994108988115
1209.9205919251867,0.082337804,0.008255165,1.1664883027112445
1209.9305456261623,0.10016097,0.009027802,1.1673226305862514
1209.9404993271378,0.080828436,0.0081820255,1.168217583930284
1209.9504530281133,0.084541395,0.008351323,1.1691751907766483
1209.9604067290888,0.08899654,0.008545941,1.170201631052953
1209.9703604300644,0.08383033,0.0083176885,1.1713041243518325
1209.98031413104,0.09196773,0.008675804,1.1724976710188872
1209.9902678320154,0.08383672,0.008320897,1.1737847211724608
1210.000221532991,0.080078766,0.008150097,1.1751559334466806
1210.0101752339665,0.09491613,0.008806588,1.1765993036028752
1210.020128934942,0.086014345,0.00841884,1.1780994135131628
1210.0300826359176,0.08452891,0.008352757,1.179638704029018
1210.040036336893,0.08454835,0.008356928,1.1811966688558404
1210.0499900378686,0.07931332,0.008114619,1.1827580149018009
1210.0599437388441,0.088231154,0.008514426,1.1843041558587757
1210.0698974398197,0.09722338,0.008905948,1.1858001904703754
1210.0798511407952,0.106838025,0.009295587,1.1872181610073311
1210.0898048417707,0.08313449,0.0082907025,1.1885242720676636
1210.0997585427463,0.08007056,0.00814653,1.1896862537134285
1210.1097122437218,0.08974552,0.008582344,1.190658140575008
1210.1196659446973,0.08233376,0.008254354,1.1914376783934923
1210.1296196456728,0.08451192,0.00835108,1.1920339296339273
1210.1395733466484,0.078569695,0.0080753695,1.1924539130075877
1210.149527047624,0.076367155,0.007974081,1.1926931003025325
1210.1594807485994,0.07487705,0.007906123,1.192744418649304
1210.169434449575,0.07633878,0.007972937,1.1926095116366966
1210.1793881505505,0.082295746,0.008248121,1.1922660892034773
1210.189341851526,0.07047278,0.007695735,1.1916831240440104
1210.1992955525016,0.07557347,0.007938348,1.1908009401052844
1210.209249253477,0.06520934,0.007426252,1.1896388055502536
1210.2192029544526,0.074131116,0.007869836,1.1881991541644836
1210.2291566554281,0.077096485,0.008012003,1.1865046619761925
1210.2391103564037,0.074848324,0.007902717,1.1845762588056785
1210.2490640573794,0.06224435,0.0072774393,1.1825037003786758
1210.259017758355,0.0666303,0.007498118,1.1803584891511487
1210.2689714593305,0.05925235,0.0071147927,1.1782048006249308
1210.278925160306,0.06444359,0.0073898695,1.1761101958902436
1210.2888788612815,0.061458245,0.0072313813,1.1741298400160847
1210.298832562257,0.063690715,0.0073479456,1.1722892878409443
1210.3087862632326,0.06446984,0.007394024,1.170606808531539
1210.3187399642081,0.052558873,0.006748131,1.1690968319056978
1210.3286936651837,0.062931344,0.0073104305,1.1677737706088185
1210.3386473661592,0.061467186,0.0072328052,1.166613347345643
1210.3486010671347,0.050339572,0.006618012,1.1656104639239189
1210.3585547681103,0.065917,0.007467607,1.1647594659527953
1210.3685084690858,0.060011707,0.0071648443,1.16407522606772
1210.3784621700613,0.05996415,0.007162782,1.1635303371840071
1210.3884158710368,0.054729924,0.0068700276,1.1631161146475573
1210.3983695720124,0.057721782,0.0070376126,1.1628240585805472
1210.408323272988,0.06584726,0.0074588927,1.162653942312239
1210.4182769739634,0.06664595,0.007499113,1.162586683936694
1210.428230674939,0.0584994,0.007078791,1.1626035789313818
1210.4381843759145,0.06585234,0.007459789,1.162693098597423
1210.44813807689,0.06440488,0.007390789,1.1628496035229507
1210.4580917778655,0.05467976,0.0068610534,1.1630726728466196
1210.468045478841,0.058394507,0.007060621,1.1633611067814538
1210.4779991798166,0.051771354,0.0066996054,1.163726900707791
1210.4879528807921,0.05689681,0.0069814245,1.164187688066135
1210.4979065817677,0.054727763,0.0068671005,1.1647819501764722
1210.5078602827432,0.06431596,0.0073802117,1.1655112452999639
1210.5178139837187,0.050276447,0.006618192,1.1663857251454663
1210.5277676846943,0.04129957,0.006062796,1.167406679008242
1210.5377213856698,0.05689551,0.0069854334,1.1685820396136521
1210.5476750866453,0.051732425,0.006696439,1.1698849818161356
1210.5576287876208,0.04205705,0.006107471,1.1712937711218463
1210.5675824885964,0.05171842,0.006696936,1.1727960761551768
1210.577536189572,0.061352577,0.0072259135,1.1743938783725612
1210.5874898905474,0.04727397,0.006433869,1.1760955099901258
1210.597443591523,0.058361348,0.0070629683,1.1779054958374526
1210.6073972924985,0.03836892,0.005872446,1.1798347566085947
1210.617350993474,0.050935086,0.006652116,1.181887716451317
1210.6273046944495,0.03906831,0.00591605,1.184058685354571
1210.637258395425,0.040536724,0.0060145585,1.1862943792181868
1210.6472120964006,0.049435396,0.0065644593,1.188543224594134
1210.6571657973761,0.042757515,0.006153865,1.1907437935644172
1210.6671194983517,0.052410003,0.006734887,1.1928100335478897
1210.6770731993272,0.045006532,0.006293772,1.1946930355587546
1210.6870269003027,0.03833742,0.0058727027,1.1963589615321648
1210.6969806012783,0.034590352,0.005615273,1.1977895190350156
1210.7069343022538,0.037580732,0.0058264765,1.198967088723367
1210.7168880032293,0.051644463,0.006693559,1.1999163193466944
1210.7268417042048,0.042043414,0.0061126323,1.2006867886582875
1210.7367954051804,0.039057992,0.005919201,1.2013178558648645
1210.746749106156,0.045714717,0.0063384417,1.2018468994768887
1210.7567028071314,0.03091373,0.0053481935,1.2023094562608492
1210.766656508107,0.035314873,0.0056661367,1.202743903638938
1210.7766102090825,0.036071666,0.005721529,1.2031696067869135
1210.786563910058,0.030876782,0.005350481,1.2035980014546968
1210.7965176110336,0.036051225,0.0057146056,1.2040322588493682
1210.806471312009,0.03682091,0.0057666725,1.2044601655310365
1210.8164250129846,0.027936032,0.0051279753,1.2048543840098165
1210.8263787139601,0.03973483,0.005959799,1.2051691166882028
1210.8363324149357,0.045750294,0.0063482486,1.2053210149028142
1210.8462861159112,0.034665488,0.0056305462,1.2052318055594098
1210.8562398168867,0.033502366,0.005632401,1.2048425944241359
1210.8661935178623,0.046352845,0.006490512,1.2040993588217463
1210.8761472188378,0.029470721,0.005476377,1.2029488051903157
1210.8861009198133,0.026572945,0.0055600456,1.2013579297787949
1210.8960546207888,0.03730632,0.0065024123,1.1993906074384761
1210.9060083217644,0.0344358,0.0064571383,1.197092345148736
1210.91596202274,0.044661526,0.0070896093,1.1945288748250218
1210.9259157237154,0.032955527,0.006292147,1.1917639258455965
1210.935869424691,0.03145992,0.0061953417,1.188910190244186
1210.9458231256665,0.03695433,0.0062428038,1.186021220330538
1210.955776826642,0.037733678,0.006589046,1.1831264209803705
1210.9657305276176,0.031576186,0.006351609,1.1802303497966262
1210.975684228593,0.028120713,0.005857835,1.177321270111081
1210.9856379295686,0.033336304,0.0065219975,1.1743892732374055
1210.9955916305441,0.029518994,0.006137088,1.1714339879672795
1211.0055453315197,0.024961729,0.0055884137,1.1684703982113955
1211.0154990324952,0.028210744,0.005927251,1.1655340142900874
1211.0254527334707,0.02960254,0.006268896,1.1626642861431886
1211.0354064344463,0.03314627,0.0069000497,1.1599004246291562
1211.0453601354218,0.026015544,0.0062601864,1.1572765039141983
1211.0553138363973,0.022738794,0.0054779924,1.1548374194089424
1211.0652675373728,0.026483422,0.0056510787,1.152571534553117
1211.0752212383484,0.032307528,0.0062593394,1.1504810195738604
1211.085174939324,0.02919352,0.0059674005,1.1485625765085667
1211.0951286402994,0.036100913,0.006504275,1.1468290490764639
1211.105082341275,0.020453652,0.0054111863,1.1452579404086995
1211.1150360422505,0.018374808,0.0047792187,1.1438380293919792
1211.124989743226,0.023982016,0.005573524,1.1425668716861601
1211.1349434442016,0.01836214,0.004946826,1.1414583646624705
1211.144897145177,0.022291532,0.0053155087,1.140525350768962
1211.1548508461528,0.024627423,0.0055015506,1.139768205905136
1211.1648045471284,0.020494573,0.0049488647,1.1392037621566304
1211.174758248104,0.023043625,0.005319428,1.1388575130956609
1211.1847119490794,0.01605607,0.0045830915,1.1387792107458865
1211.194665650055,0.022128923,0.0056062043,1.138957210139797
1211.2046193510305,0.01797567,0.004922662,1.1394057757316172
1211.214573052006,0.015370506,0.004543607,1.1401348590921594
1211.2245267529815,0.026703328,0.005825119,1.1411892858764383
1211.234480453957,0.022059035,0.0053575593,1.142543250083064
1211.2444341549326,0.017992163,0.0052103205,1.1441927555941032
1211.2543878559081,0.021392487,0.0055704885,1.1461414221042645
1211.2643415568837,0.02598177,0.006337533,1.148414549350032
1211.2742952578592,0.013283026,0.0045132916,1.1509988800991262
1211.2842489588347,0.023167497,0.0063211103,1.1538433368009033
1211.2942026598103,0.024284335,0.006298399,1.1569027158955192
1211.3041563607858,0.019118637,0.005867644,1.1601186225041944
1211.3141100617613,0.018982569,0.0053748107,1.1634134791968016
1211.3240637627368,0.018876646,0.005600974,1.1666950594536334
1211.3340174637124,0.019892825,0.0059627616,1.1698922071862883
1211.343971164688,0.025752226,0.0062750774,1.1729426290181113
1211.3539248656634,0.015039629,0.004839208,1.1757716452759601
1211.363878566639,0.014785116,0.0047151367,1.178386179572128
1211.3738322676145,0.015193131,0.004775636,1.1808079772489726
1211.38378596859,0.011989743,0.004380344,1.1830803383853512
1211.3937396695655,0.02054324,0.005392444,1.1852517382188055
1211.403693370541,0.01595877,0.0046453946,1.1873767973321678
1211.4136470715166,0.02023185,0.004879754,1.18948196175729
1211.4236007724921,0.012994463,0.0041199075,1.1915624132076224
1211.4335544734677,0.017960688,0.004568009,1.1935908955467494
1211.4435081744432,0.025360346,0.0052529345,1.19552218030661
1211.4534618754187,0.018306063,0.0046227095,1.1973337425383725
1211.4634155763943,0.019116078,0.004630349,1.1990098337350188
1211.4733692773698,0.013743705,0.00416382,1.2005513705445614
1211.4833229783453,0.01864989,0.004429684,1.2019621936463483
1211.4932766793208,0.0174666,0.00420925,1.2032902390448421
1211.5032303802964,0.013025308,0.0037427798,1.2045645818924289
1211.513184081272,0.009316461,0.0032886178,1.2058072442364964
1211.5231377822474,0.012269644,0.0036606735,1.207027846338133
1211.533091483223,0.0100436,0.0033848102,1.2082194490993337
1211.5430451841985,0.016700182,0.004133106,1.2093589318297588
1211.552998885174,0.017465353,0.0042125266,1.2104133614226784
1211.5629525861495,0.015232465,0.003984309,1.211345632703455
1211.572906287125,0.015232129,0.003984615,1.2121249487512638
1211.5828599881006,0.0048654135,0.002600893,1.2127567585617252
1211.5928136890761,0.010770899,0.0034742749,1.2132388238235534
1211.6027673900517,0.008570705,0.0031858117,1.2135729627225578
1211.6127210910272,0.0152216265,0.003981288,1.2137431408444284
1211.6226747920027,0.009328983,0.003294775,1.2137829810912422
1211.6326284929783,0.012262221,0.0036585224,1.2137085706169748
1211.6425821939538,0.011532676,0.0035711543,1.2135384892541847
1211.6525358949293,0.014503884,0.003913242,1.2132871166509216
1211.6624895959048,0.013013722,0.0037415896,1.212980814913432
1211.6724432968804,0.011549088,0.0035792743,1.21263979053563
1211.682396997856,0.012276336,0.003661935,1.212277208099052
1211.6923506988314,0.0070990385,0.0029734536,1.2119039670156286
1211.702304399807,0.0063437712,0.0028488357,1.2115343299800445
1211.7122581007825,0.007829614,0.0030820877,1.2111847399423332
1211.722211801758,0.016699517,0.004136757,1.2108705905461725
1211.7321655027336,0.007091254,0.0029695602,1.2106003941091432
1211.742119203709,0.008541643,0.003176178,1.2103763070442504
1211.7520729046846,0.00930415,0.0032813218,1.2101809599090583
1211.7620266056601,0.006358474,0.0028557002,1.210007060575003
1211.7719803066357,0.007814453,0.0030750437,1.2098534440341298
1211.7819340076112,0.008565,0.0031855414,1.209727996917835
1211.7918877085867,0.0063331756,0.0028473097,1.2096376824733899
1211.8018414095623,0.007807638,0.0030727698,1.2095874853243775
1211.8117951105378,0.007060668,0.002958535,1.2095803200596924
1211.8217488115133,0.008555366,0.0031811653,1.2096179307978023
1211.8317025124888,0.0078078113,0.0030745661,1.2096995664925856
1211.8416562134644,0.010015674,0.0033736944,1.2098198259744617
1211.85160991444,0.010040802,0.0033885718,1.2099793548806108
1211.8615636154154,0.0107533885,0.0034763918,1.2101819154158662
1211.871517316391,0.005580496,0.0027289076,1.2104418114311635
1211.8814710173665,0.0077982503,0.0030738432,1.2107604944166361
1211.891424718342,0.010022843,0.0033792176,1.2111461907999994
1211.9013784193176,0.007068697,0.0029632023,1.2116050166594454
1211.911332120293,0.008545365,0.003177233,1.212145749192139
1211.9212858212686,0.0063336054,0.0028466561,1.2127513634653488
1211.9312395222441,0.0033627434,0.002299523,1.213390751099591
1211.9411932232197,0.008535484,0.0031847958,1.2140166500552156
1211.9511469241952,0.0026121696,0.0021344745,1.2145515427445241
1211.9611006251707,0.0033347392,0.0023004578,1.214894953413515
1211.9710543261463,0.005542906,0.0027188065,1.2149778754566576
1211.9810080271218,0.006287818,0.002837835,1.2147337657275803
1211.9909617280973,0.00998485,0.0033686718,1.2141107364540398
1212.0009154290728,0.0033366026,0.0022881806,1.21302206586454
1212.0108691300484,0.0025733726,0.002119031,1.2115242112823015
1212.020822831024,0.0062651997,0.0028342986,1.2096465038860398
1212.0307765319994,0.0033049418,0.002277928,1.2074475111352387
1212.040730232975,0.0025538707,0.0020995336,1.2049959906842584
1212.0506839339505,0.0033040312,0.0022742616,1.2024291116480397
1212.060637634926,0.006284376,0.0028356996,1.1998620997105154
1212.0705913359016,0.00406267,0.0024339214,1.197386961726673
1212.080545036877,0.006297518,0.0028462012,1.1950844157394576
1212.0904987378526,0.0025822197,0.002111698,1.1930010014720875
1212.1004524388281,0.0033355667,0.0022861639,1.1911203729426254
1212.1104061398037,0.0018507676,0.0019966117,1.1894212169261529
1212.1203598407792,0.001850349,0.0019218767,1.1878735385354449
1212.1303135417547,0.0040677474,0.0024368484,1.1864523868719958
1212.1402672427303,0.0026104304,0.002132519,1.1851042776333005
1212.1502209437058,0.0018666745,0.0020365822,1.1838033826110403
1212.1601746446813,0.0025998033,0.002131312,1.1825367321057678
1212.1701283456568,0.00039330986,0.0015303585,1.181316493391186
1212.1800820466326,0.0011331246,0.0017134557,1.180167418331212
1212.1900357476081,0.0040843287,0.0024501814,1.179119143116906
1212.1999894485837,0.0025999506,0.002118714,1.1782002103942355
1212.2099431495592,0.005557358,0.0027133296,1.1774451543131592
1212.2198968505347,0.0018671335,0.0020002513,1.1768806187211167
1212.2298505515103,0.001867693,0.0020382463,1.1765059903475072
1212.2398042524858,0.001860779,0.0019376241,1.1763307014369049
1212.2497579534613,0.0011126632,0.001702585,1.1763618732000223
1212.2597116544368,0.0025847054,0.0021145504,1.176626651093607
1212.2696653554124,0.004060653,0.0024501819,1.1770917057495252
1212.279619056388,0.0032992985,0.002334763,1.177752158634032
1212.2895727573634,0.0025784792,0.002107779,1.178603400269671
1212.299526458339,0.0018316098,0.0019216376,1.1796638887096145
1212.3094801593145,0.0025544735,0.002101677,1.1809180217430844
1212.31943386029,0.00034305284,0.0015526483,1.182360919188406
1212.3293875612655,-0.00038729495,0.0015300039,1.183998728151738
1212.339341262241,0.0010942525,0.0018115998,1.1858567542738345
1212.3492949632166,0.0025629604,0.0021061304,1.1879615087229618
1212.3592486641921,0.002567962,0.0021058477,1.1903162425583034
1212.3692023651677,0.0018364721,0.0019160215,1.1929456879342253
1212.3791560661432,0.003312072,0.0022899848,1.1958746494564352
1212.3891097671187,0.0010887932,0.0016892481,1.199150488942001
1212.3990634680943,0.001830998,0.0019966413,1.2027045713001
1212.4090171690698,0.003324388,0.002285662,1.2064790284747806
1212.4189708700453,0.0011083498,0.0016989212,1.2103853786966678
1212.4289245710208,0.00035122468,0.0015409037,1.2142983805037733
1212.4388782719964,0.0018185996,0.0019102814,1.2180758267548017
1212.448831972972,0.004033398,0.0024314348,1.2216057775544393
1212.4587856739474,0.0010776358,0.0018031426,1.2247921509940596
1212.468739374923,-0.00040395767,0.0015297204,1.2275320598220962
1212.4786930758985,0.0010830379,0.0018021968,1.2297612105961364
1212.488646776874,0.0025665273,0.0021153,1.231511094783047
1212.4986004778495,0.0025698433,0.0021079557,1.2328054559881076
1212.508554178825,0.001098358,0.001693471,1.2336967788651325
1212.5185078798006,0.00034863056,0.0015296197,1.2342372749889106
1212.5284615807761,0.0010886955,0.0016889987,1.2345769800005335
1212.5384152817517,0.0010883096,0.001688807,1.2348045053812324
1212.5483689827272,0.0018306993,0.0020019335,1.2349926007797547
1212.5583226837027,0.0025832383,0.0021207912,1.2351949907482003
1212.5682763846783,0.0010888913,0.0016892487,1.2354390305885659
1212.5782300856538,-0.00038921396,0.0015295015,1.2357313887216725
1212.5881837866293,-0.00039827588,0.0015294821,1.2360694195024788
1212.5981374876048,0.0018218997,0.0019961766,1.2364458130739746
1212.6080911885804,0.0010923985,0.0018074577,1.2368460131267667
1212.618044889556,0.00033546574,0.0015294203,1.2372511975685816
1212.6279985905314,0.00033396354,0.0015404369,1.2376458349702109
1212.637952291507,0.0010623978,0.0017750387,1.2380161282846363
1212.6479059924825,0.0010691382,0.0016785654,1.2383466444236835
1212.657859693458,0.0003255827,0.0015293403,1.2386379776692051
1212.6678133944336,-0.0004116006,0.0015293218,1.2388910734302554
1212.677767095409,0.0025311776,0.002092299,1.2391104327573892
1212.6877207963846,-0.00041028336,0.001529281,1.2392988927357345
1212.6976744973601,-0.00042062893,0.0015292622,1.2394612984421371
1212.7076281983357,0.00031933398,0.001536169,1.2395963882343466
1212.7175818993112,0.00031919134,0.0015360721,1.23969717748496
1212.7275356002867,-0.00041504245,0.0015292021,1.2397500048746393
1212.7374893012623,0.0010620692,0.0016764553,1.239738752631812
1212.7474430022378,0.0010661391,0.0016773727,1.2396598312982487
1212.7573967032133,-0.00041708938,0.0015291416,1.2395111213473613
1212.7673504041888,-0.00041498532,0.0015291221,1.2392974328083386
1212.7773041051644,0.0017998166,0.0019014837,1.2390263734605984
1212.78725780614,0.001812101,0.002015064,1.2387279189672518
1212.7972115071154,0.0003284042,0.0015290597,1.238425187073374
1212.807165208091,0.0003436904,0.0015290404,1.2381416614051104
1212.8171189090665,-0.00039462102,0.0015290218,1.2379041712878673
1212.827072610042,0.00034585997,0.0015289998,1.2377268430169464
1212.8370263110176,0.0018347937,0.0019217363,1.2376143024136668
1212.846980011993,0.0003514678,0.0015371953,1.2375673902441973
1212.8569337129686,0.00035285018,0.0015394369,1.2375838185354353
1212.8668874139441,0.00034610459,0.0015322618,1.2376535736657672
1212.8768411149197,-0.00038896673,0.0015289016,1.237756302634869
1212.8867948158952,0.0003460037,0.0015321703,1.237877584444903
1212.8967485168707,0.0003508486,0.0015367536,1.2380049288757804
1212.9067022178463,0.00034018385,0.0015288402,1.2381270200663146
1212.9166559188218,0.0010903528,0.0017987359,1.2382373906968158
1212.9266096197973,0.0010875155,0.0017917311,1.2383324235948947
1212.9365633207728,0.00035856303,0.0015412018,1.2384102082643755
1212.9465170217484,0.00035066463,0.001533143,1.2384684729338882
1212.956470722724,0.00035862956,0.0015359756,1.2385092628482686
1212.9664244236994,0.00036401633,0.001539323,1.2385361226527387
1212.976378124675,-0.00037559954,0.0015287023,1.2385534327052965
1212.9863318256505,0.0018459944,0.0019235922,1.2385676058283925
1212.996285526626,0.00036975337,0.0015376868,1.2385868688750876
1213.0062392276016,-0.00036095953,0.0015286484,1.2386165393593487
1213.016192928577,0.0011177995,0.0017960583,1.2386582545921145
1213.0261466295526,0.0018662114,0.0019364167,1.2387083779663923
1213.0361003305281,0.0003766214,0.0015357295,1.2387547381774602
1213.0460540315037,-0.00036094105,0.0015285817,1.2387791603971117
1213.0560077324792,0.0018488765,0.0019296932,1.2387619754558963
1213.0659614334547,0.003324835,0.0022843666,1.2386851849058276
1213.0759151344303,0.0025775267,0.0021098861,1.238530502222888
1213.085868835406,0.0018304375,0.0019133462,1.2383020165132144
1213.0958225363815,0.0003467963,0.001528498,1.238019625165256
1213.105776237357,0.00033452522,0.0015334291,1.2377081240338859
1213.1157299383326,0.0010709694,0.0017956058,1.2373999791632906
1213.1256836393081,0.0017914961,0.0019033307,1.2371355755065299
1213.1356373402837,0.0003087063,0.0015284306,1.2369411104180812
1213.1455910412592,-0.0004281891,0.0015284152,1.2368359721266484
1213.1555447422347,-0.00043163743,0.0015283994,1.2368296787622823
1213.1654984432103,0.0010414053,0.0016654343,1.2369349127087386
1213.1754521441858,-0.00043936702,0.001528369,1.2371274716416099
1213.1854058451613,0.00030326445,0.0015283567,1.2373870496422665
1213.1953595461368,0.00029374947,0.0015283376,1.237688564759141
1213.2053132471124,-0.00044495583,0.0015283253,1.238001455998945
1213.215266948088,0.0002898522,0.0015283085,1.2382890170334062
1213.2252206490634,0.0002915143,0.0015282941,1.2385203580236013
1213.235174350039,0.00028884137,0.0015282839,1.2386671225529966
1213.2451280510145,0.0010250252,0.001782517,1.2386986769731798
1213.25508175199,0.00029201776,0.001528254,1.2385755788682937
1213.2650354529655,-0.00043727958,0.0015282377,1.2382973614542596
1213.274989153941,-0.000431642,0.0015282228,1.237858227152644
1213.2849428549166,0.00029998287,0.0015282058,1.2372625897671494
1213.2948965558921,0.0010394016,0.0017829691,1.2365118681429237
1213.3048502568677,0.00029560018,0.0015281766,1.2356534802604795
1213.3148039578432,-0.0004449277,0.0015281638,1.2347224683483455
1213.3247576588187,0.0010231842,0.0016560989,1.2337475605266528
1213.3347113597943,0.0010177043,0.0017705553,1.2327472370588448
1213.3446650607698,0.001028657,0.0016572437,1.2317283869438813
1213.3546187617453,-0.00045613208,0.0015281051,1.230688703261641
1213.3645724627208,0.0010223648,0.0016557649,1.2296227213684334
1213.3745261636964,0.0010268134,0.0016568588,1.2285288881331335
1213.384479864672,0.00027555908,0.0015280597,1.2274152032670476
1213.3944335656474,0.0010202064,0.0017750085,1.2263040985813487
1213.404387266623,0.0002797464,0.0015280307,1.2252183947682034
1213.4143409675985,0.0010116241,0.0017706965,1.2241798720527144
1213.424294668574,0.0002853503,0.0015280045,1.2232138728419402
1213.4342483695496,0.00028279654,0.001527985,1.222324290693626
1213.444202070525,0.00030615105,0.001527975,1.221512420488441
1213.4541557715006,0.0017654141,0.0019963074,1.220780381388265
1213.4641094724761,-0.00044349665,0.0015279417,1.2201375285459526
1213.4740631734517,-0.00045388445,0.001527928,1.2195920302632843
1213.4840168744272,-0.00044828007,0.0015279128,1.2191421345628943
1213.4939705754027,0.0010274971,0.001658359,1.2187909316995706
1213.5039242763783,0.00028895895,0.0015278854,1.2185365208988697
1213.5138779773538,-0.00044268218,0.0015278681,1.2183763834233505
1213.5238316783293,0.0010401842,0.0016648881,1.2182764244078252
1213.5337853793048,0.0002802382,0.0015278363,1.2182128357361992
1213.5437390802804,0.0002765883,0.001527821,1.2181641801089713
1213.553692781256,0.00027746102,0.0015278107,1.218115711119982
1213.5636464822314,0.0017538328,0.0018836269,1.2180650441523175
1213.573600183207,0.0010217722,0.0017842811,1.2180220439906781
1213.5835538841825,0.0017625478,0.0018860399,1.2180032544997927
1213.593507585158,-0.00045809284,0.0015277477,1.2180315799665147
1213.6034612861336,0.00101897,0.001763824,1.2181301747712383
1213.613414987109,-0.00045942352,0.0015277186,1.2183066582623547
1213.6233686880846,0.0010163238,0.0016530011,1.218570190334758
1213.6333223890601,-0.00046154446,0.0015276883,1.2189282928923169
1213.6432760900357,0.0009966028,0.0017515308,1.2194058676353672
1213.6532297910112,0.0024691445,0.002074259,1.2199972416430527
1213.6631834919867,0.0024767788,0.0020680455,1.2207124389144535
1213.6731371929623,-0.00047487725,0.0015276283,1.2215603376873931
1213.6830908939378,0.00026396374,0.0015276159,1.2225594315451485
1213.6930445949133,-0.00049297465,0.0015275992,1.2236984421696522
1213.7029982958888,0.0002557142,0.0015311821,1.2249518150545504
1213.7129519968644,0.00025859644,0.0015350285,1.226289073833657
1213.72290569784,0.0009998843,0.0017459649,1.2276712277776312
1213.7328593988154,-0.00047615418,0.0015275396,1.22904945043106
1213.742813099791,0.0009895596,0.0016412295,1.230384349577316
1213.7527668007665,-0.00047827966,0.0015275094,1.2316533383594106
1213.762720501742,0.0009935435,0.0016434356,1.2328484538616826
1213.7726742027176,0.0017235521,0.001872871,1.2339674627447734
1213.782627903693,0.0017255626,0.00200236,1.2350358510948427
1213.7925816046686,0.00024926968,0.0015346584,1.2360669060177203
1213.8025353056441,0.00023183104,0.0015274327,1.2370642332767785
1213.8124890066197,0.0017068781,0.0018651927,1.238016482101775
1213.8224427075952,0.00022282508,0.0015274032,1.238906713729881
1213.8323964085707,0.00096488715,0.0016271954,1.2397217893322618
1213.8423501095463,0.00022570901,0.0015273727,1.2404508479922778
1213.8523038105218,0.00021400752,0.0015273577,1.2410883687066403
1213.8622575114973,0.00021879926,0.0015273433,1.2416330281587324
1213.8722112124728,0.0031571162,0.0023380201,1.2421057123883483
1213.8821649134484,0.0002233857,0.0015273164,1.2425135943258496
1213.892118614424,0.00094260107,0.0016162368,1.2428589108452779
1213.9020723153994,0.0016580889,0.001838423,1.2431287340802426
1213.912026016375,0.00018297523,0.0015272746,1.2433205668509448
1213.9219797173505,0.0016499147,0.001836129,1.243427155873237
1213.931933418326,0.0009137777,0.0016015868,1.243442658497547
1213.9418871193016,0.0023968709,0.0021645252,1.24336056130123
1213.951840820277,0.0016740963,0.0018478761,1.2431877788801526
1213.9617945212526,0.0009335823,0.0016109074,1.2429430210689356
1213.9717482222281,0.00018254829,0.0015271883,1.2426375883752723
1213.9817019232037,0.002390556,0.0020340555,1.2422777250251122
1213.9916556241792,0.00092070724,0.0017687661,1.2418524355195575
1214.0016093251547,0.00017913055,0.0015271457,1.2413536534269243
1214.0115630261303,0.000907419,0.0017653919,1.2407610505635394
1214.0215167271058,0.00017722041,0.0015271247,1.2400563252228454
1214.0314704280813,0.00018686513,0.0015271141,1.2392148930398554
1214.0414241290568,0.0009069029,0.0015993488,1.2382502080214393
1214.0513778300324,-0.0005732325,0.0015270974,1.2371855781558088
1214.061331531008,0.0016451092,0.0018333597,1.2360485637830014
1214.0712852319834,0.0023918014,0.002169809,1.2348704598590334
1214.081238932959,-0.0005460724,0.0015270665,1.2336866158632773
1214.0911926339345,0.0016604405,0.0018400602,1.2325226438157904
1214.10114633491,0.00018791892,0.0015270511,1.2313922070138381
1214.1111000358856,0.0016394332,0.0019711396,1.2303018827754222
1214.121053736861,0.0009254401,0.0017614937,1.2292584839974643
1214.1310074378366,0.003880599,0.0023786726,1.2282501422628984
1214.1409611388124,0.00017464247,0.0015270123,1.2272677078847172
1214.150914839788,0.00015734578,0.001527001,1.2262982233504602
1214.1608685407634,0.0031019747,0.0022005194,1.2253239610938025
1214.170822241739,0.0031116803,0.0022021306,1.2243263296009448
1214.1807759427145,0.0023783962,0.0020349775,1.2232928165251815
1214.19072964369,0.0009102036,0.001598124,1.2222159798234138
1214.2006833446655,0.00090502965,0.001745961,1.221094219552606
1214.210637045641,0.0009060218,0.0015965402,1.2199348443486278
1214.2205907466166,0.0016396476,0.001831411,1.2187584255618673
1214.2305444475921,0.00017437646,0.001526922,1.2175829040993
1214.2404981485677,0.0016481527,0.0018364121,1.216425507285794
1214.2504518495432,0.00016742459,0.0015268932,1.2153065524856992
1214.2604055505187,0.00088980386,0.0017407775,1.214233563359688
1214.2703592514943,0.0038425815,0.0023610655,1.2132130063671693
1214.2803129524698,0.00090047746,0.0017423208,1.2122496445184634
1214.2902666534453,0.0016335704,0.001832426,1.2113512911819204
1214.3002203544208,0.0030964136,0.0022042925,1.210517914937245
1214.3101740553964,0.001621008,0.0018196368,1.2097411606636643
1214.320127756372,0.0016212107,0.0018272807,1.2090131289107617
1214.3300814573474,0.0038312047,0.0023577984,1.20832154576977
1214.340035158323,0.0016232203,0.0018207824,1.2076480074377791
1214.3499888592985,0.0008715518,0.0017302269,1.2069684515997787
1214.359942560274,0.0016097638,0.0018160789,1.2062644940598808
1214.3698962612496,0.0052754628,0.0026287597,1.2055206410596917
1214.379849962225,0.0008708632,0.0017277839,1.2047178774009848
1214.3898036632006,0.0052718306,0.0026279283,1.2038526941371832
1214.3997573641761,0.0038126141,0.0023472002,1.2029230362473171
1214.4097110651517,0.0067597297,0.0028795137,1.201925170576128
1214.4196647661272,0.004550354,0.0024948358,1.2008496095935315
1214.4296184671027,0.00086385,0.0015761984,1.1996887396752143
1214.4395721680783,0.004531578,0.0024905629,1.1984458665494457
1214.4495258690538,0.002336965,0.0020089084,1.1971158192654077
1214.4594795700293,0.001592488,0.0018059149,1.195691151070965
1214.4694332710048,0.006749958,0.0028834385,1.194146622690606
1214.4793869719804,0.006013166,0.0027553963,1.1924880844713006
1214.489340672956,0.005285536,0.0026327025,1.190709028326383
1214.4992943739314,0.008221453,0.0030969158,1.1888076282876598
1214.509248074907,0.007496747,0.0029897757,1.1867783528062374
1214.5192017758825,0.0045298534,0.0024870834,1.1846440597284686
1214.529155476858,0.0045302,0.0024930357,1.1824351558660053
1214.5391091778336,0.008929538,0.0031949163,1.180180880141951
1214.549062878809,0.011893448,0.003576169,1.1779115933802138
1214.5590165797846,0.008221855,0.0030940073,1.1756590030046787
1214.5689702807601,0.014854195,0.0039203274,1.1734451424874042
1214.5789239817357,0.009685881,0.0032964582,1.1712853385609328
1214.5888776827112,0.008953254,0.003200018,1.1691887254482682
1214.5988313836867,0.012623758,0.0036622023,1.1671657471076837
1214.6087850846623,0.009684869,0.0032970847,1.1651992989767055
1214.6187387856378,0.013369425,0.003753208,1.163271151765688
1214.6286924866133,0.014855577,0.003917005,1.1613577390122003
1214.6386461875888,0.014870409,0.0039178417,1.1594284667816805
1214.6485998885644,0.020038953,0.004440848,1.157451535879678
1214.65855358954,0.0332946,0.0055090995,1.155406961775046
1214.6685072905154,0.039991822,0.005971881,1.1532813454112794
1214.678460991491,0.056220252,0.0069466424,1.1510690800354393
1214.6884146924665,0.0518642,0.006708778,1.1487675674940583
1214.698368393442,0.076891534,0.008008933,1.1464007421529514
1214.7083220944176,0.10942034,0.009413448,1.1439852274235347
1214.718275795393,0.11024661,0.009443171,1.141542376603871
1214.7282294963686,0.13825077,0.01048145,1.1391015988528228
1214.7381831973441,0.1619997,0.01129119,1.136697873138212
1214.7481368983197,0.17458984,0.011698085,1.1343633198210985
1214.7580905992952,0.19451934,0.012315227,1.1321286450013006
1214.7680443002707,0.23504312,0.013452011,1.130027987755828
1214.7779980012463,0.2780898,0.014583304,1.1280856253919032
1214.7879517022218,0.30680236,0.015265266,1.1262918302317102
1214.7979054031973,0.32696074,0.015742892,1.124639575442024
1214.8078591041728,0.3910895,0.01714446,1.1231148284162882
1214.8178128051484,0.36410567,0.016575387,1.1217156342113594
1214.827766506124,0.40966892,0.017536804,1.1204077067906684
1214.8377202070994,0.4909031,0.01912469,1.1191783021239399
1214.847673908075,0.5243756,0.019741248,1.1180167565940184
1214.8576276090505,0.56571954,0.02047126,1.1169155483491273
1214.867581310026,0.58585155,0.02082266,1.1158531534403795
1214.8775350110016,0.65152663,0.021923017,1.1148030572892862
1214.887488711977,0.68417186,0.022450728,1.1137381411864673
1214.8974424129526,0.71885544,0.02299003,1.1126284654747487
1214.9073961139281,0.76837826,0.02374084,1.111442848664814
1214.9173498149037,0.8238833,0.024556415,1.110176899914515
1214.9273035158792,0.85134166,0.02494906,1.1088305704012773
1214.9372572168547,0.8581779,0.025055371,1.1074126554350407
1214.9472109178303,0.9590016,0.026434096,1.1059332709367156
1214.9571646188058,1.0016252,0.027014595,1.1044180062482145
1214.9671183197813,1.0877967,0.028122045,1.1028826740723303
1214.9770720207569,1.0548377,0.027697152,1.1013380147638092
1214.9870257217326,1.1441082,0.028821195,1.0997913708569453
1214.9969794227081,1.1612711,0.029034343,1.098247732724782
1215.0069331236837,1.2083702,0.029598847,1.0967091412788426
1215.0168868246592,1.2771995,0.030416789,1.095176539916585
1215.0268405256347,1.2854824,0.030518545,1.0936508477750762
1215.0367942266103,1.3893217,0.03168618,1.0921348618766025
1215.0467479275858,1.369257,0.031470336,1.0906294466469175
1215.0567016285613,1.4767333,0.032654803,1.0891362250672882
1215.0666553295368,1.5404606,0.03333808,1.0876561500784443
1215.0766090305124,1.5487219,0.033426452,1.08618922741944
1215.086562731488,1.6445897,0.034419592,1.0847293298418719
1215.0965164324634,1.7547694,0.035528578,1.0832673325420217
1215.106470133439,1.6564481,0.03454719,1.0817916598748436
1215.1164238344145,1.8107378,0.036082532,1.0802854130376534
1215.12637753539,1.8570747,0.03653819,1.0787242223139129
1215.1363312363655,1.9558246,0.037471704,1.077090227844302
1215.146284937341,2.045607,0.038310926,1.0753590585937092
1215.1562386383166,2.0966067,0.038777087,1.0735026731092137
1215.1661923392921,2.1543398,0.039300587,1.0714647705054814
1215.1761460402677,2.1803148,0.039536964,1.069234052289716
1215.1860997412432,2.2724128,0.040345162,1.0667909252956502
1215.1960534422187,2.359049,0.04109461,1.0641205139641106
1215.2060071431943,2.3003504,0.040594637,1.061197977692495
1215.2159608441698,2.4820445,0.04213293,1.058034123003456
1215.2259145451453,2.4923985,0.04222479,1.0546694158763503
1215.2358682461208,2.565933,0.04283221,1.0511353241876846
1215.2458219470964,2.5433297,0.04264353,1.0474655917614308
1215.255775648072,2.6244154,0.04330581,1.0436883564329813
1215.2657293490474,2.726486,0.044125866,1.0398467590858886
1215.275683050023,2.678935,0.04375054,1.035958460774318
1215.2856367509985,2.6683939,0.043668196,1.032032822406308
1215.295590451974,2.7877047,0.044618174,1.0280673773472837
1215.3055441529496,2.8338773,0.044986174,1.024060184560038
1215.315497853925,2.811588,0.044802602,1.0200052412369938
1215.3254515549006,2.923191,0.045677133,1.0158932237176337
1215.3354052558761,3.0766962,0.046846982,1.011709352576132
1215.3453589568517,3.0886924,0.0469278,1.0074379348201234
1215.3553126578272,3.1029527,0.047031216,1.0030777711190932
1215.3652663588027,3.210688,0.04782622,0.998621868860619
1215.3752200597783,3.2303576,0.047980025,0.9940647622085759
1215.3851737607538,3.3590908,0.04890685,0.9893874979521649
1215.3951274617293,3.373871,0.049024343,0.9846038258068577
1215.4050811627048,3.3720057,0.049003605,0.9797137744047574
1215.4150348636804,3.3643389,0.048961114,0.9747164222064201
1215.424988564656,3.4324415,0.049445532,0.9696015805199855
1215.4349422656314,3.5107386,0.04999402,0.9643697409936369
1215.444895966607,3.5943568,0.050574783,0.9590252383105995
1215.4548496675825,3.7584429,0.051702578,0.953563840863316
1215.464803368558,3.701276,0.051313814,0.9479776120929888
1215.4747570695336,3.634854,0.05086203,0.9422464965815475
1215.484710770509,3.5807073,0.050484575,0.9363796265800666
1215.4946644714846,3.6520524,0.050976567,0.9303707628972349
1215.5046181724601,3.6260736,0.05081402,0.9242147281677435
1215.5145718734357,3.6970758,0.05130115,0.917883901813169
1215.5245255744112,3.6949658,0.051281113,0.911363992072388
1215.5344792753867,3.7247546,0.051490277,0.9045890972735868
1215.5444329763623,3.7298653,0.05152767,0.8974125779966114
1215.5543866773378,3.7378724,0.0515845,0.8895677338225567
1215.5643403783133,3.9266064,0.05285559,0.8807557264688413
1215.5742940792888,3.8620477,0.052413415,0.8708824242611496
1215.5842477802644,3.9948575,0.053298455,0.8598601312420178
1215.59420148124,4.087239,0.053901326,0.8476633092702424
1215.6041551822154,3.8465745,0.052308958,0.8341481816312585
1215.614108883191,3.8474998,0.05231986,0.8195558313228515
1215.6240625841665,3.9660387,0.05311281,0.8039725545048955
1215.634016285142,3.8927348,0.052635778,0.7874890186923105
1215.6439699861176,3.9163444,0.052778665,0.7701336798986995
1215.653923687093,3.8909569,0.052603517,0.7520390366304508
1215.6638773880686,3.8743315,0.05250593,0.7333585420133957
1215.6738310890441,3.7448332,0.051631324,0.7142120521740893
1215.6837847900197,3.7741022,0.051835343,0.6947480153603024
1215.6937384909952,3.7275794,0.05151982,0.6751850701928199
1215.7036921919707,3.6801753,0.05119437,0.6558031706056875
1215.7136458929463,3.717755,0.051453248,0.6368767912013423
1215.7235995939218,3.7687182,0.051802307,0.6186965050911588
1215.7335532948973,3.702291,0.051341575,0.6016952654204883
1215.7435069958728,3.7451234,0.051636774,0.5860163157542877
1215.7534606968484,3.669292,0.05111628,0.5717109676368473
1215.763414397824,3.6535494,0.051006034,0.558779226256347
1215.7733680987994,3.6934252,0.05128475,0.5472572219243848
1215.783321799775,3.5696177,0.050432034,0.5371469937931227
1215.7932755007505,3.6532893,0.051017623,0.528295106771695
1215.803229201726,3.5833535,0.05053454,0.5206847231227246
1215.8131829027016,3.3692603,0.04901705,0.5143028086004651
1215.823136603677,3.3834994,0.04912027,0.5093202895632051
1215.8330903046526,3.3622339,0.048977572,0.5055396698301983
1215.8430440056281,3.2786465,0.04837378,0.5029429624284207
1215.8529977066037,3.2518544,0.048176073,0.5015148134701513
1215.8629514075792,3.1333072,0.04731227,0.5013397687633467
1215.8729051085547,3.092791,0.047006745,0.5023677133086386
1215.8828588095303,2.991791,0.046244714,0.5045036171234316
1215.8928125105058,2.946432,0.045897644,0.507727672431556
1215.9027662114813,2.8125155,0.04487744,0.512047487102151
1215.9127199124569,2.7962363,0.04475612,0.5175450210287955
1215.9226736134324,2.7331927,0.04424823,0.5240621420081125
1215.932627314408,2.649159,0.043574896,0.5315757009948767
1215.9425810153834,2.6313362,0.04343857,0.5400603398596978
1215.952534716359,2.6198418,0.043333974,0.5496015162080814
1215.9624884173345,2.5934546,0.04311383,0.5600936765152909
1215.97244211831,2.4505172,0.041925896,0.5714863109995831
1215.9823958192856,2.5187962,0.042506132,0.5837623692293478
1215.992349520261,2.3815346,0.041338313,0.596908751548253
1216.0023032212366,2.371891,0.041261714,0.6107655281336297
1216.0122569222121,2.1442251,0.039280877,0.624968130707429
1216.0222106231877,2.1217403,0.039071668,0.6391782676396012
1216.0321643241632,2.0954149,0.03884371,0.653052378664462
1216.0421180251387,2.184105,0.039629947,0.6661264110724574
1216.0520717261143,2.0572407,0.038488753,0.678188837723354
1216.0620254270898,2.0450249,0.038385212,0.6890252680291901
1216.0719791280655,2.0256479,0.038202867,0.6984593524341728
1216.081932829041,1.9143583,0.037161753,0.7062075292342573
1216.0918865300166,1.7813717,0.035876907,0.7121689490267382
1216.1018402309921,1.8236419,0.03628821,0.7163723232274293
1216.1117939319677,1.754561,0.035611853,0.7187527274933627
1216.1217476329432,1.6716093,0.03476725,0.71921313735357
1216.1317013339187,1.5824696,0.03385726,0.7175018983905788
1216.1416550348943,1.4721649,0.03268089,0.7138703386766108
1216.1516087358698,1.5294188,0.033301376,0.708361391159182
1216.1615624368453,1.4269308,0.03217939,0.7010685308366904
1216.1715161378208,1.3614328,0.0314652,0.6919845899887456
1216.1814698387964,1.2782805,0.030499592,0.6815037530336749
1216.191423539772,1.2282467,0.029926194,0.66998420659984
1216.2013772407474,1.140847,0.028868772,0.6577138485035579
1216.211330941723,1.1280236,0.02870799,0.6449066181134678
1216.2212846426985,1.1037495,0.028408939,0.6317216202410281
1216.231238343674,1.0874265,0.028201723,0.6183102731904182
1216.2411920446496,1.019235,0.027335024,0.6047655217500629
1216.251145745625,1.017418,0.027497284,0.5911814834675634
1216.2610994466006,0.9471094,0.026983794,0.5776795283377656
1216.2710531475761,0.9462576,0.026848342,0.5643678086617188
1216.2810068485517,0.8892982,0.027829682,0.5513539912185972
1216.2909605495272,0.8344773,0.028003039,0.5387534283120026
1216.3009142505027,0.79812896,0.027669773,0.526740441245763
1216.3108679514783,0.7751749,0.027407529,0.5154608221087181
1216.3208216524538,0.69419664,0.025834952,0.504992583244583
1216.3307753534293,0.66763365,0.02601871,0.4954558974184094
1216.3407290544048,0.6503394,0.024688058,0.48698359943269776
1216.3506827553804,0.6619266,0.024721472,0.47983832309270347
1216.360636456356,0.6020096,0.024694573,0.47395476999348046
1216.3705901573314,0.58725345,0.02437173,0.46940869156280596
1216.380543858307,0.5480779,0.023626177,0.4662625013927257
1216.3904975592825,0.47148597,0.022592416,0.4647186410814637
1216.400451260258,0.45329762,0.02184971,0.4647253510820591
1216.4104049612336,0.43111897,0.020862032,0.46622393636822057
1216.420358662209,0.35099873,0.019403586,0.46921200969624655
1216.4303123631846,0.32202,0.019589357,0.47373238855135336
1216.4402660641601,0.27979168,0.01858987,0.4798495113448707
1216.4502197651357,0.27703953,0.017207965,0.48734801592405935
1216.4601734661112,0.24954318,0.016275415,0.4961626806213186
1216.4701271670867,0.1867202,0.013800451,0.5062136991496076
1216.4800808680623,0.17932461,0.013990279,0.5175522881831124
1216.4900345690378,0.13314797,0.01141492,0.5299379570532047
1216.4999882700133,0.12665036,0.0116259,0.5432372257235698
1216.5099419709888,0.100044146,0.010734734,0.5573416322940307
1216.5198956719644,0.067118995,0.008448372,0.5721882697906541
1216.52984937294,0.07838279,0.009179493,0.5876699573472585
1216.5398030739154,0.07565436,0.0090318285,0.6036349448280487
1216.549756774891,0.067951955,0.008677975,0.6199977882046707
1216.5597104758665,0.05061292,0.0074530793,0.6366817041945969
1216.569664176842,0.044420097,0.007064354,0.6536417846048587
1216.5796178778176,0.04052495,0.006918172,0.6707679951271349
1216.589571578793,0.028450029,0.0061427676,0.6879991923464543
1216.5995252797686,0.017333807,0.0051820944,0.7052774468060198
1216.6094789807441,0.024755457,0.0059722187,0.7225410439601615
1216.6194326817197,0.01947143,0.005099006,0.7397270532529998
1216.6293863826952,0.012248299,0.0042850114,0.7567852128460334
1216.6393400836707,0.013368742,0.004851394,0.7736647354566009
1216.6492937846463,0.010654695,0.00421608,0.7903064288677238
1216.6592474856218,0.01102762,0.004269289,0.8066256327302684
1216.6692011865973,0.009233937,0.004115715,0.822605424436684
1216.6791548875728,0.0060408995,0.0034927293,0.8381985451727927
1216.6891085885484,0.004463769,0.0035083583,0.8533584069914729
1216.699062289524,0.011376797,0.004740942,0.8679785969145051
1216.7090159904994,0.007222473,0.0041165967,0.8820539874872523
1216.718969691475,0.007896756,0.003940464,0.8955653356809448
1216.7289233924505,0.004514766,0.0032524697,0.9084799577650257
1216.738877093426,0.0062375385,0.0037426373,0.9207374358123315
1216.7488307944016,0.0027749236,0.0029111542,0.9322952796124591
1216.758784495377,0.0044467505,0.0031702584,0.9432220502368027
1216.7687381963526,0.0026157012,0.0022800618,0.9535339539134992
1216.7786918973281,0.003385402,0.0028271163,0.9632569667064084
1216.7886455983037,0.0042363354,0.0029845345,0.9723570933103507
1216.7985992992792,0.0010621093,0.002130416,0.980966480408566
1216.8085530002547,0.0025825766,0.0024681897,0.9891465817458023
1216.8185067012303,0.0025964105,0.0023003079,0.9969556289672721
1216.8284604022058,0.006612013,0.0033087102,1.0044345981094747
1216.8384141031813,0.0065139243,0.0032407006,1.0116530075906387
1216.8483678041569,0.004057658,0.002710337,1.018678666002255
1216.8583215051324,0.0032608148,0.002408503,1.0255465550919702
1216.868275206108,0.0032909429,0.002435335,1.032281197649779
1216.8782289070834,0.004868809,0.0027311523,1.0388864059884062
1216.888182608059,0.003949372,0.0024093487,1.0453862223537107
1216.8981363090345,0.00093948777,0.0016140067,1.0517815597834392
1216.90809001001,0.0016683253,0.0018555848,1.0580706240706839
1216.9180437109858,0.0024099718,0.0020482356,1.064238073066888
1216.9279974119613,0.0024231055,0.002052276,1.0702839244269169
1216.9379511129368,0.0016889928,0.0018519107,1.0762080361700253
1216.9479048139124,0.0024264234,0.0021492355,1.08200467747535
1216.957858514888,0.0009618203,0.0016256463,1.0876638547503032
1216.9678122158634,0.0024127446,0.0021489358,1.093169183602088
1216.977765916839,0.0024221006,0.0021509256,1.0985315572618912
1216.9877196178145,0.00093714584,0.0017669688,1.1037475727328463
1216.99767331879,0.00019494793,0.0015251876,1.1088157523174749
1217.0076270197656,0.0031511153,0.0022297348,1.1137162176282795
1217.017580720741,0.0002095894,0.001525188,1.118462933628539
1217.0275344217166,0.0009378127,0.0016142916,1.1230604350518356
1217.0374881226921,0.0038848075,0.0023906387,1.127510811766171
1217.0474418236677,0.001664996,0.0019648613,1.1318091861816693
1217.0573955246432,0.0016812303,0.001972019,1.1359554614627994
1217.0673492256187,0.0009324691,0.001747038,1.1399663922716807
1217.0773029265943,0.0016699702,0.001852098,1.1438456885052308
1217.0872566275698,0.00018476813,0.0015251819,1.14759763344085
1217.0972103285453,0.00019293786,0.0015251817,1.1512076590021247
1217.1071640295208,0.003138427,0.0022242854,1.1546970776622527
1217.1171177304964,0.0023939281,0.0020441138,1.1580704066780376
1217.127071431472,0.0031374851,0.0023220794,1.1613324755891246
1217.1370251324474,0.0016775033,0.0018485063,1.1644794418159945
1217.146978833423,0.0009295173,0.001746302,1.1675182158793591
1217.1569325343985,0.0031495085,0.0022280193,1.17046192655279
1217.166886235374,0.00019924516,0.0015251796,1.173316453377708
1217.1768399363496,0.00094318157,0.0017424185,1.176085354801636
1217.186793637325,0.0009486398,0.0017446066,1.1787630298379845
1217.1967473383006,0.00021255907,0.0015251782,1.1813639618103287
1217.2067010392761,0.00022357976,0.0015251774,1.1838919819877394
1217.2166547402517,-0.0005186002,0.0015251794,1.1863528724067376
1217.2266084412272,0.0016893519,0.0018647255,1.1887482681139045
1217.2365621422027,0.00023127183,0.0015251766,1.1910891888170607
1217.2465158431783,0.0009764855,0.00178269,1.1933842518286393
1217.2564695441538,0.0024365976,0.002061778,1.1956388545853909
1217.2664232451293,-0.0004982436,0.001525177,1.1978563282123806
1217.2763769461048,-0.00048340473,0.0015251772,1.2000388628541678
1217.2863306470804,0.0017286516,0.0018736349,1.2021946233101926
1217.296284348056,0.0009872603,0.0016390717,1.2043274710332335
1217.3062380490314,0.0002444187,0.0015251744,1.2064402790538704
1217.316191750007,0.0031952164,0.0022479664,1.2085326500846176
1217.3261454509825,0.00025072676,0.0015251788,1.2106073546329017
1217.336099151958,0.0009776192,0.0017507051,1.2126650248010336
1217.3460528529336,0.0009905699,0.0017525106,1.2147051705566705
1217.356006553909,0.0017274875,0.0018712367,1.2167255251598574
1217.3659602548846,0.0010078372,0.0017558805,1.218724442585417
1217.3759139558601,0.00026574588,0.0015251718,1.2207039809338105
1217.3858676568357,0.001004275,0.001757841,1.2226650414117581
1217.3958213578112,0.0017512144,0.0019804202,1.2246085472096597
1217.4057750587867,-0.0004537824,0.0015251715,1.2265332779050566
1217.4157287597623,-0.00044746068,0.0015251718,1.2284430049010155
1217.4256824607378,0.00028832152,0.0015251696,1.2303386364377489
1217.4356361617133,0.0010257333,0.0016598883,1.2322203688346245
1217.4455898626888,0.0024980635,0.0020862585,1.234086968382604
1217.4555435636644,0.0010257395,0.0017689426,1.235938214622038
1217.46549726464,0.0010431283,0.001775492,1.2377740265688408
1217.4754509656154,0.0010425393,0.0017751782,1.2395921191178525
1217.485404666591,0.00030653714,0.0015251642,1.24138870797093
1217.4953583675665,0.0010357056,0.0016646037,1.2431545454313686
1217.505312068542,-0.00042720835,0.0015251625,1.2448845657326686
1217.5152657695176,0.00030995734,0.0015251592,1.2465671180366844
1217.525219470493,0.00031630672,0.0015364632,1.2481878477420396
1217.5351731714686,0.0003113976,0.0015251563,1.249722614711539
1217.5451268724441,0.0003082037,0.001525155,1.2511596971947965
1217.5550805734197,0.0017833728,0.0019058132,1.252493706596713
1217.5650342743952,-0.0004215769,0.0015251534,1.2537199092531646
1217.5749879753707,-0.0004361691,0.0015251522,1.254834843109566
1217.5849416763463,0.00031161014,0.0015251485,1.2558333729515683
1217.5948953773218,0.00031074,0.0015251517,1.2567331058974114
1217.6048490782973,0.00031283396,0.0015251497,1.257539640268871
1217.6148027792728,0.0010379327,0.0016666063,1.2582609593944238
1217.6247564802484,0.0010218811,0.0017802876,1.2589022989121101
1217.634710181224,0.0017787575,0.0019008832,1.2594906615758747
1217.6446638821994,0.0010253462,0.0016589741,1.260049263123978
1217.654617583175,0.0010307757,0.0016617863,1.260598569186275
1217.6645712841505,-0.00044392582,0.0015251389,1.2611579075976753
1217.674524985126,0.0002906935,0.0015251396,1.2617441030243137
1217.6844786861016,0.0010269118,0.00166101,1.2623636544639536
1217.694432387077,-0.00043831917,0.0015251344,1.2630199624998246
1217.7043860880526,-0.0004250698,0.0015251331,1.2637136322079536
1217.7143397890281,-0.00041942444,0.0015251319,1.2644494244347606
1217.7242934900037,0.0017840082,0.0019024214,1.2652219655463584
1217.7342471909792,-0.00042364257,0.0015251284,1.2660302961111674
1217.7442008919547,0.0010396308,0.0017854915,1.2668743623466705
1217.7541545929303,0.0010734289,0.0016835836,1.267756870681001
1217.7641082939058,0.0018093127,0.0020049983,1.2686781367316293
1217.7740619948813,0.0032984435,0.0022845906,1.269634927533082
1217.7840156958569,0.0011018523,0.0017985646,1.2706267731673369
1217.7939693968324,0.00035737338,0.0015341466,1.2716532663161306
1217.803923097808,0.0010924583,0.0016944122,1.2727187557289568
1217.8138767987834,0.0010867547,0.0016914476,1.2738175539360792
1217.823830499759,0.00033883998,0.0015367912,1.274949345206521
1217.8337842007345,-0.00040270362,0.0015251142,1.2761142395424883
1217.84373790171,0.0010769081,0.001687537,1.277315882244323
1217.8536916026856,-0.00039924617,0.0015251111,1.2785543631020864
1217.863645303661,-0.00039711138,0.00152511,1.2798285807709804
1217.8735990046366,0.00032666198,0.0015251064,1.2811396870800777
1217.8835527056121,0.0010698099,0.0016830595,1.2824898562683924
1217.8935064065877,0.00033022178,0.0015251039,1.2838851052603666
1217.9034601075632,0.0032816695,0.00228354,1.2853218250303389
1217.9134138085387,0.00033369154,0.0015251017,1.2868018054924983
1217.9233675095143,0.0010806691,0.0016888604,1.288327347886235
1217.9333212104898,0.00034312127,0.0015250986,1.2899067657380665
1217.9432749114653,-0.00039364936,0.0015250985,1.2915402221200194
1217.9532286124409,0.0003339655,0.0015250952,1.2932270157242405
1217.9631823134164,0.0010722857,0.0017809075,1.2949658861745053
1217.973136014392,0.0010601656,0.0016772562,1.2967517183412403
1217.9830897153674,0.00033858648,0.001547433,1.2985711529625417
1217.993043416343,-0.000402739,0.0015250948,1.3003990566687365
1218.0029971173187,0.0003361986,0.0015474384,1.3022112984660492
1218.0129508182943,-0.00040833975,0.0015250978,1.3039817518177852
1218.0229045192698,0.00032657039,0.001525097,1.305673051701286
1218.0328582202453,-0.00039924882,0.0015250999,1.3072646012652214
1218.0428119212208,0.0003284323,0.0015250996,1.3087365237108257
1218.0527656221964,0.00033871832,0.0015475595,1.310068187122389
1218.062719323172,0.0025547803,0.002112774,1.3112314688382467
1218.0726730241474,-0.00037555222,0.0015251058,1.3122050756576356
1218.082626725123,0.00035456775,0.0015278009,1.3130039438358203
1218.0925804260985,0.00036648806,0.0015475348,1.3136380368071348
1218.102534127074,0.00036890127,0.0015469663,1.314126488137013
1218.1124878280496,-0.00036355,0.0015251132,1.3144816388387772
1218.122441529025,0.00036381732,0.0015436821,1.314750267694882
1218.1323952300006,0.00035791454,0.0015434824,1.314959227607086
1218.1423489309761,-0.0003859532,0.0015251182,1.315130693054045
1218.1523026319517,-0.00038591897,0.0015251202,1.3152824953649382
1218.1622563329272,0.0010922042,0.0017999951,1.3154308113613382
1218.1722100339027,-0.0003845508,0.0015251229,1.3155865449614246
1218.1821637348783,-0.00038595812,0.0015251252,1.3157555629517268
1218.1921174358538,0.00034893135,0.0015382956,1.3159388694693686
1218.2020711368293,0.0003484252,0.0015436943,1.3161321719401529
1218.2120248378048,-0.00038243824,0.0015251298,1.3163228086183252
1218.2219785387804,0.000347449,0.0015263034,1.3164968323822586
1218.231932239756,0.0003450038,0.0015429171,1.3166385455304752
1218.2418859407314,0.0010831294,0.0018031253,1.3167257519444102
1218.251839641707,0.0010905224,0.001693281,1.3167423584524451
1218.2617933426825,-0.00039357835,0.0015251377,1.3166835309175533
1218.271747043658,0.0003390914,0.0015357073,1.316550166541846
1218.2817007446336,0.00034981428,0.0015299778,1.3163531678840097
1218.291654445609,0.00035113862,0.0015397925,1.3161141417227618
1218.3016081465846,0.0018301739,0.001926728,1.3158707992627334
1218.3115618475601,0.0010960667,0.0016969445,1.3156532382336215
1218.3215155485357,-0.00039354133,0.0015251405,1.3154872986184336
1218.3314692495112,0.00033775542,0.0015314341,1.3154005686359311
1218.3414229504867,0.0003469507,0.0015358214,1.3154015618981765
1218.3513766514623,0.00033906565,0.0015337947,1.3154903147147143
1218.3613303524378,0.00034074503,0.0015327589,1.3156667719590438
1218.3712840534133,-0.00039151692,0.0015251426,1.315932429673749
1218.3812377543888,-0.00038593993,0.001525143,1.316293307948131
1218.3911914553644,-0.00038590567,0.0015251434,1.3167389675514967
1218.40114515634,-0.00038033898,0.0015251436,1.3172695856325003
1218.4110988573154,0.0018318427,0.0019256955,1.31788461049138
1218.421052558291,-0.0003733468,0.0015251441,1.318589655115708
1218.4310062592665,-0.0003747166,0.0015251451,1.319366928191835
1218.440959960242,0.00035796856,0.001536584,1.320193563886669
1218.4509136612176,0.0010821549,0.0016908449,1.3210365717429258
1218.460867362193,0.00035537538,0.001537121,1.3218428062353924
1218.4708210631686,-0.0003858825,0.0015251467,1.3225316582574258
1218.4807747641441,0.00035094892,0.0015363111,1.3230405450060612
1218.4907284651197,0.0003601158,0.001540724,1.3233128109507113
1218.5006821660952,-0.0003767945,0.0015251476,1.3233115605679722
1218.5106358670707,0.00035498425,0.0015433785,1.322992707337238
1218.5205895680463,-0.0003854257,0.0015251487,1.3224179560351956
1218.5305432690218,-0.00039601463,0.0015251493,1.3216474293835485
1218.5404969699973,-0.00039600497,0.0015251498,1.3207508198814941
1218.5504506709729,0.001814477,0.0019184849,1.3198038471696616
1218.5604043719484,0.0010851359,0.001690843,1.3188879522950319
1218.570358072924,-0.0003813934,0.001525151,1.318057032689478
1218.5803117738994,0.00036426753,0.0015371231,1.31734317822866
1218.590265474875,0.00036676828,0.0015457687,1.3167643200654826
1218.6002191758505,0.0018474347,0.0019352632,1.3163508510990864
1218.610172876826,-0.00035902997,0.0015251527,1.3160862346529085
1218.6201265778016,0.0003851729,0.0015434043,1.3159712475335978
1218.630080278777,-0.0003528508,0.0015251536,1.3160084067939006
1218.6400339797526,0.0011252321,0.001810265,1.3162130299937471
1218.6499876807281,0.0011325785,0.0017162747,1.316587275261429
1218.6599413817037,0.0011308605,0.0017160544,1.317116809886813
1218.6698950826792,0.00039181713,0.0015507418,1.3177949244246547
1218.6798487836547,-0.0003595431,0.0015251554,1.3186105907666827
1218.6898024846303,0.0011020169,0.001810165,1.3195608473788956
1218.6997561856058,0.0011101232,0.0017043969,1.32060166540177
1218.7097098865813,0.0010982951,0.0018001202,1.3217040438040786
1218.7196635875569,0.0010931771,0.0016970455,1.3228367640423353
1218.7296172885324,-0.0003722862,0.0015251577,1.3239670536691701
1218.739570989508,0.0003661638,0.001543257,1.3250636895587324
1218.7495246904834,0.00036394078,0.0015443759,1.3261029331286678
1218.759478391459,0.0003637866,0.0015442846,1.327057568937602
1218.7694320924345,-0.0003727606,0.0015251597,1.3278871541556618
1218.77938579341,0.00035455,0.001543688,1.3285088815821897
1218.7893394943856,-0.0003788807,0.0015251605,1.328875705219279
1218.799293195361,0.0025688745,0.0021229277,1.3289224142774072
1218.8092468963366,0.00038277783,0.0015390731,1.3285912214496371
1218.8192005973121,0.0003836287,0.0015389402,1.3277937350612994
1218.8291542982877,-0.0003543756,0.0015251621,1.3265296585158894
1218.8391079992632,-0.00035438605,0.0015251624,1.3248341149390457
1218.849061700239,-0.00034880053,0.0015251625,1.3227462259864133
1218.8590154012145,0.00039320125,0.0015578223,1.3203220893261713
1218.86896910219,-0.00033730702,0.0015251626,1.317642297881536
1218.8789228031656,0.0011200422,0.0017119971,1.314854050979942
1218.888876504141,0.00038653368,0.0015324384,1.3120742311418958
1218.8988302051166,0.002584596,0.002128294,1.3094204093364352
1218.9087839060921,0.00038050787,0.0015640586,1.3070357452981392
1218.9187376070677,-0.0003686072,0.0015251634,1.3049873295197965
1218.9286913080432,0.0003657071,0.0015251655,1.3032850872622763
1218.9386450090187,0.0011038051,0.0017921416,1.3018998213117114
1218.9485987099943,-0.00038122613,0.0015251646,1.3007686300165469
1218.9585524109698,-0.00038121978,0.0015251647,1.299793241624006
1218.9685061119453,-0.00036453624,0.0015251652,1.2988589299059132
1218.9784598129208,-0.000373135,0.0015251656,1.2978995866223246
1218.9884135138964,-0.00037870472,0.0015251662,1.2968810674694706
1218.998367214872,-0.00037872398,0.0015251687,1.2957988084139749
1219.0083209158474,0.00035774053,0.0015435822,1.29469562934396
1219.018274616823,-0.00037527186,0.0015251753,1.2936255030962438
1219.0282283177985,0.0010854378,0.0018047625,1.2926441384070233
1219.038182018774,-0.00039487984,0.0015251819,1.291811722131011
1219.0481357197496,-0.0004091665,0.001525186,1.291185927994713
1219.058089420725,0.0010509995,0.0017989043,1.2907812584140932
1219.0680431217006,-0.0004153676,0.0015251918,1.290617731228163
1219.0779968226761,0.00031455045,0.0015368584,1.2907074855144427
1219.0879505236517,0.0010485707,0.0016732075,1.2910933199503163
1219.0979042246272,-0.00043170934,0.0015251985,1.2917492851389558
1219.1078579256027,-0.0004352061,0.0015252007,1.2926729141050362
1219.1178116265783,-0.00043654346,0.0015252026,1.2938665419077038
1219.1277653275538,0.002523943,0.0021093385,1.2953501706954988
1219.1377190285293,-0.00041792955,0.0015252066,1.2971356218241417
1219.1476727295048,-0.00042698393,0.0015252089,1.29920281675779
1219.1576264304804,0.00030550399,0.0015252127,1.3015585371872653
1219.167580131456,0.00032225164,0.0015252149,1.3042120542534874
1219.1775338324314,0.00030004772,0.0015290296,1.3072231201632265
1219.187487533407,0.0003067301,0.0015252191,1.310567632147695
1219.1974412343825,-0.0004375499,0.001525219,1.314260618951496
1219.207394935358,0.00030089347,0.0015252229,1.3183174875499775
1219.2173486363336,-0.00043851475,0.0015252234,1.3227711876497734
1219.227302337309,0.0002924113,0.0015263224,1.327606589600141
1219.2372560382846,0.00029531907,0.0015267705,1.3327479537952023
1219.2472097392601,-0.00043506015,0.0015252292,1.3381250535767593
1219.2571634402357,0.00029489415,0.0015252333,1.3436475003970592
1219.2671171412112,0.0025050417,0.0021002057,1.3492005920862513
1219.2770708421867,0.00031942135,0.0015725781,1.3546547010093908
1219.2870245431623,-0.00043553917,0.0016018245,1.359901396184838
1219.2969782441378,0.0011255343,0.0019027636,1.3648423961769178
1219.3069319451133,0.00035822557,0.0017019245,1.3693563258826251
1219.3168856460888,0.0019701717,0.0021849992,1.3733729641698669
1219.3268393470644,0.0003957979,0.001698334,1.3768859092925863
1219.33679304804,-0.0004349593,0.0016946122,1.379883159253464
1219.3467467490154,-0.00043266956,0.0017034598,1.3823720411317908
1219.356700449991,0.001204102,0.0019977666,1.3843346873770708
1219.3666541509665,-0.0004399847,0.0017272821,1.3859099235760954
1219.376607851942,-0.00044390876,0.0017250825,1.3871797036416336
1219.3865615529176,0.002868461,0.0026810756,1.3882289018879392
1219.396515253893,-0.00044969106,0.0017500247,1.3891253567589166
1219.4064689548686,0.0029625993,0.0026884312,1.389938022660163
1219.4164226558441,0.00039604743,0.001753759,1.390706989342922
1219.4263763568197,0.0020996393,0.0024398407,1.3914470129540475
1219.4363300577952,-0.00043346355,0.0017541522,1.3921601343127616
1219.4462837587707,-0.00042618,0.0017477178,1.3928362244081425
1219.4562374597463,-0.0004262361,0.0017296325,1.3934708835177254
1219.4661911607218,-0.00043119563,0.0017292617,1.39405695776945
1219.4761448616973,0.00038887426,0.0017302685,1.3945897932088618
1219.4860985626729,-0.00045126377,0.0017187143,1.395062682170456
1219.4960522636484,0.00036513296,0.0017125246,1.395479867143433
1219.506005964624,0.00036587,0.0016936566,1.3958470770448899
1219.5159596655994,0.002770843,0.003922273,1.3961651870934406
1219.525913366575,-0.00045171822,0.0033481917,1.3964290381604245
1219.5358670675505,0.0027778326,0.003929317,1.3966214187902894
1219.545820768526,-0.00045167297,0.0033482304,1.396734565977281
1219.5557744695016,-0.00047923505,0.0033482516,1.3967517494474095
1219.565728170477,-0.00047928415,0.0033482707,1.3966574710353057
1219.5756818714526,-0.00047927545,0.0033482895,1.3964262370596063
1219.5856355724281,-0.00046703452,0.003348309,1.396060038310476
1219.5955892734037,-0.00046696825,0.0033483282,1.3955685282315118
1219.6055429743792,-0.0004547518,0.0033483475,1.394963185184487
1219.6154966753547,-0.00045468588,0.0033483666,1.3942607513681082
1219.6254503763303,-0.00045467762,0.0033483843,1.3934845641350453
1219.6354040773058,0.0027866669,0.003934753,1.3926747419625625
1219.6453577782813,0.0011874508,0.0033626496,1.3918609659789407
1219.6553114792569,-0.00044697433,0.0033484346,1.391070145231509
1219.6652651802324,0.0011494749,0.0033484525,1.3903311596159378
1219.675218881208,-0.0004593025,0.003348469,1.3896576899868065
1219.6851725821834,-0.00046692818,0.0033484867,1.3890558867936176
1219.695126283159,-0.0004669197,0.003348504,1.388529385815283
1219.7050799841345,-0.00045469645,0.0033485212,1.3880814026440684
1219.71503368511,0.0027903733,0.0039372374,1.3877154327567183
1219.7249873860856,-0.00042708995,0.003348553,1.3874207160929424
1219.734941087061,-0.00044235127,0.0033485726,1.387195338505419
1219.7448947880366,0.0011758611,0.003360367,1.3870376523587125
1219.7548484890121,0.0027876631,0.003932908,1.3869538987056504
1219.7648021899877,-0.00045157116,0.0033486215,1.3869366526192297
1219.7747558909632,0.0011485673,0.0033486409,1.3869822660950282
1219.7847095919387,-0.00044704552,0.003348657,1.3870895178721725
1219.7946632929143,-0.0004546103,0.0033486756,1.3872602534833154
1219.8046169938898,0.004391149,0.0044043334,1.3874975327674366
1219.8145706948653,0.001184914,0.0033600912,1.3877944346396647
1219.8245243958409,-0.00044694915,0.0033487251,1.3881502379852089
1219.8344780968164,0.0027622746,0.003922021,1.3885634396338329
1219.844431797792,-0.00043943417,0.0033487591,1.38903784373735
1219.8543854987674,0.002776168,0.0039299265,1.389563602901513
1219.864339199743,0.0011784689,0.0033577448,1.3901346213942682
1219.8742929007185,0.006030199,0.004821497,1.3907466133028672
1219.884246601694,-0.00042406507,0.0033488255,1.3913983984270204
1219.8942003026696,-0.00044242194,0.0033488472,1.3920908645555163
1219.904154003645,0.0011589704,0.003350328,1.3928218146362
1219.9141077046206,-0.00044701487,0.0033488804,1.393594645312413
1219.9240614055961,0.0011749669,0.0033603956,1.3944140892713657
1219.934015106572,0.0011689118,0.0033536027,1.3952934197938043
1219.9439688075474,-0.00043480282,0.0033489321,1.3962342123039189
1219.953922508523,0.0027988346,0.003943144,1.397241863209404
1219.9638762094985,0.0027904338,0.003933603,1.3983221496165457
1219.973829910474,0.0011747417,0.0033557666,1.3994830715916664
1219.9837836114496,0.0027959973,0.0039387243,1.4007265293067261
1219.993737312425,0.0011901075,0.0033653907,1.4020372482006465
1220.0036910134006,0.0012038357,0.0033756848,1.403400219580735
1220.0136447143761,0.002817363,0.0039508967,1.4047936235970357
1220.0235984153517,0.001200948,0.0033722792,1.4061869443307708
1220.0335521163272,-0.00039809622,0.0033490977,1.4075459781816324
1220.0435058173027,0.0028151828,0.0039527365,1.408841230877183
1220.0534595182783,0.0028270176,0.0039546443,1.410046312838615
1220.0634132192538,0.002529916,0.002105354,1.411132930789492
1220.0733669202293,0.0010528963,0.00178159,1.4120835967731415
1220.0833206212048,0.0025269592,0.002105817,1.412907087308736
1220.0932743221804,-0.0004102172,0.0015253725,1.4136096790564268
1220.103228023156,0.0032606497,0.0022788076,1.4142044088989543
1220.1131817241314,0.0025487635,0.0021130636,1.414698336018534
1220.123135425107,0.0018054569,0.00201051,1.4151241529242125
1220.1330891260825,0.0017970573,0.0019152026,1.4155009349072314
1220.143042827058,0.0018048529,0.0019162103,1.4158445940121687
1220.1529965280336,0.0062308796,0.0028505763,1.416168081631426
1220.162950229009,0.003285808,0.0022861545,1.416483403645262
1220.1729039299846,0.0032880807,0.002287697,1.4167994074348647
1220.1828576309601,0.0032889207,0.0022971334,1.4171214271958212
1220.1928113319357,0.004030312,0.0024521577,1.4174530011144935
1220.2027650329112,0.0025503603,0.0021146133,1.4177975308342414
1220.2127187338867,0.0025477381,0.0021998785,1.4181528822492226
1220.2226724348623,0.0040362137,0.0024527449,1.4185157343573573
1220.2326261358378,0.0062418864,0.0028601114,1.418879768887687
1220.2425798368133,0.0040258993,0.002457311,1.4192327320376807
1220.2525335377888,0.0040258956,0.002446223,1.4195553587591014
1220.2624872387644,0.0040370896,0.0024593847,1.419830027723363
1220.27244093974,0.003287508,0.0022911034,1.4200388472313725
1220.2823946407154,0.0018187889,0.0020146465,1.4201677704600786
1220.292348341691,0.0032766152,0.0022856793,1.4201967621443068
1220.3023020426665,0.005497195,0.0027229653,1.420139743816443
1220.312255743642,0.0018271904,0.0019256533,1.420003978185918
1220.3222094446176,0.005492989,0.0027226848,1.4197994121877575
1220.332163145593,0.009952091,0.003406899,1.4195359464310107
1220.3421168465686,0.0055154115,0.0027286257,1.4192326046162402
1220.3520705475441,0.00625975,0.0028587314,1.4189128669211177
1220.3620242485197,0.0040333383,0.0024487777,1.418596832978455
1220.3719779494952,0.0032855424,0.0022875604,1.4183027754740034
1220.3819316504707,0.0054968596,0.0027231218,1.4180488307181671
1220.3918853514463,0.0055240723,0.0027342169,1.4178335916601146
1220.4018390524218,0.0077078757,0.0030825627,1.417654968173748
1220.4117927533973,0.006244081,0.0028588397,1.4175090631812903
1220.4217464543729,0.0062191514,0.0028500832,1.4173937436540782
1220.4317001553484,0.0054722545,0.0027153525,1.4173059419827472
1220.441653856324,0.0076962127,0.0030801368,1.4172416197116322
1220.4516075572994,0.00695988,0.0029702045,1.417199034177153
1220.461561258275,0.008432781,0.0031901351,1.417176543874596
1220.4715149592505,0.0084443,0.0031891898,1.417175610439535
1220.481468660226,0.0062580802,0.0028598257,1.4171931279424128
1220.4914223612016,0.0062357094,0.002849797,1.4172303135284505
1220.501376062177,0.0033052007,0.0023717862,1.4172898501087217
1220.5113297631526,0.009183421,0.0032999346,1.4173776725166585
1220.5212834641281,0.0062330365,0.002849312,1.4174983813765158
1220.5312371651037,0.0062326128,0.0028480596,1.4176527149499134
1220.5411908660792,0.008446931,0.0031912618,1.4178419792496788
1220.5511445670547,0.0077271718,0.003088892,1.418065683599735
1220.5610982680303,0.007722566,0.0030864954,1.418326004397692
1220.5710519690058,0.010676417,0.0034975486,1.4186141498127491
1220.5810056699813,0.0055092643,0.0027263858,1.4189265485185114
1220.5909593709569,0.009930986,0.0033946133,1.4192604907712214
1220.6009130719324,0.0121438755,0.0036746827,1.4196163248192377
1220.610866772908,0.010664287,0.0034934601,1.4199948372867532
1220.6208204738834,0.0054952116,0.0027222433,1.4203969127447944
1220.630774174859,0.0099165635,0.0033942854,1.4208262029867544
1220.6407278758345,0.012133064,0.0036731756,1.4212873253689815
1220.65068157681,0.006982699,0.0029703162,1.4217922406219572
1220.6606352777856,0.009201545,0.0033082701,1.4223422642671668
1220.670588978761,0.0047416887,0.002584873,1.4229443815945462
1220.6805426797366,0.0055047674,0.0027319428,1.4236054438860277
1220.6904963807121,0.009173816,0.003297029,1.424336023678177
1220.7004500816877,0.008441432,0.003190911,1.4251365557694355
1220.7104037826632,0.010659855,0.00348993,1.4259944432808167
1220.7203574836387,0.011403254,0.0035851826,1.4268947649715278
1220.7303111846143,0.009192309,0.003296371,1.4278163574306568
1220.7402648855898,0.009184364,0.0032947578,1.4287302306002978
1220.7502185865653,0.015813176,0.0040863813,1.4296109545898716
1220.7601722875409,0.009948184,0.0034045423,1.4304388360551261
1220.7701259885166,0.011388767,0.003586763,1.4311971272910091
1220.7800796894921,0.012130873,0.0036778478,1.4318639854414004
1220.7900333904677,0.012124528,0.0036750238,1.4324254611918916
1220.7999870914432,0.015077478,0.0040137153,1.432879254239668
1220.8099407924187,0.012870438,0.0037675344,1.4332175262776985
1220.8198944933943,0.014333833,0.0039319713,1.4334302066542903
1220.8298481943698,0.009922967,0.0033974126,1.4334734004290228
1220.8398018953453,0.013609295,0.0038461797,1.4333319536405007
1220.8497555963208,0.01288632,0.003764409,1.4329603404710771
1220.8597092972964,0.018041916,0.0043194913,1.4323109524120952
1220.869662998272,0.012858737,0.003756232,1.4313175209398723
1220.8796166992474,0.018037314,0.004314765,1.429956422903025
1220.889570400223,0.011413263,0.0035895796,1.4282566179772451
1220.8995241011985,0.009188638,0.0032984954,1.426243828303394
1220.909477802174,0.017293967,0.0042401147,1.4239632433635738
1220.9194315031496,0.021018611,0.00460171,1.4214549927551405
1220.929385204125,0.011446715,0.0035973873,1.4188344257477612
1220.9393389051006,0.012890154,0.0037652121,1.4161853584058663
1220.9492926060761,0.015130053,0.004018151,1.4135913051678137
1220.9592463070517,0.015874688,0.00409968,1.411138537853675
1220.9692000080272,0.015879499,0.0041022445,1.4088858486114348
1220.9791537090027,0.02251295,0.0047425823,1.406845117159431
1220.9891074099783,0.012939286,0.0037780942,1.4050195218349453
1220.9990611109538,0.013690828,0.0038735648,1.4033994445552151
1221.0090148119293,0.018082473,0.004324522,1.4019973064766278
1221.0189685129048,0.025511121,0.005003336,1.4007679733978977
1221.0289222138804,0.02476789,0.0049427296,1.399698572009593
1221.038875914856,0.019602073,0.004477764,1.3987785442486378
1221.0488296158314,0.019610792,0.0044791177,1.398009735942519
1221.058783316807,0.030653216,0.005406106,1.3973859939767115
1221.0687370177825,0.020380974,0.0045497417,1.3968928279814081
1221.078690718758,0.015194042,0.0040348265,1.3965278349720416
1221.0886444197336,0.015181209,0.004036432,1.3962891290259827
1221.098598120709,0.01665465,0.0041915774,1.3961931679352342
1221.1085518216846,0.024006946,0.0048709973,1.3962188203225172
1221.1185055226601,0.02699241,0.005121475,1.3963623804980467
1221.1284592236357,0.019636609,0.0044845613,1.3966194536891252
1221.1384129246112,0.018874029,0.004414785,1.3969913629862614
1221.1483666255867,0.022550024,0.004752021,1.3974691696186965
1221.1583203265623,0.026991062,0.005127903,1.3980352100322173
1221.1682740275378,0.015938189,0.004114732,1.3986810536408467
1221.1782277285133,0.024757026,0.004934445,1.3994004292120092
1221.1881814294888,0.026288223,0.0050716684,1.400202840908699
1221.1981351304644,0.021822892,0.0046787024,1.4010846030642885
1221.20808883144,0.024083523,0.0048869904,1.4020577789634896
1221.2180425324154,0.02331015,0.004816159,1.4031404278764017
1221.227996233391,0.03585923,0.0057947915,1.4043663843338505
1221.2379499343665,0.021854565,0.0046853297,1.405767639809293
1221.247903635342,0.02406546,0.004882327,1.4073560047913753
1221.2578573363176,0.017422182,0.004267771,1.4091498367388704
1221.267811037293,0.024786606,0.004945214,1.4111585995786287
1221.2777647382686,0.029208634,0.0053011137,1.4134023134404037
1221.2877184392441,0.028483879,0.0052414164,1.415810878253122
1221.2976721402197,0.031434573,0.005464367,1.4183120544779841
1221.3076258411952,0.034409482,0.0056915227,1.4208060683554309
1221.3175795421707,0.024793748,0.004946573,1.4231541595702368
1221.3275332431463,0.025497116,0.0049995477,1.4252012961848977
1221.3374869441218,0.032899555,0.0055781957,1.4268515092422436
1221.3474406450973,0.03511803,0.0057336153,1.4280220356159616
1221.3573943460729,0.043991268,0.0063301297,1.4286621789434428
1221.3673480470484,0.03369113,0.005634319,1.4286774729502512
1221.377301748024,0.027036233,0.0051267855,1.4281571606826913
1221.3872554489994,0.032907438,0.005576126,1.4271451902871661
1221.397209149975,0.02779042,0.0051889466,1.425690405066204
1221.4071628509505,0.033677112,0.0056397,1.4238249460031798
1221.417116551926,0.030737413,0.005421176,1.4215993424155335
1221.4270702529016,0.032209832,0.0055321795,1.4190930283861418
1221.437023953877,0.021890696,0.004696581,1.4163480839745453
1221.4469776548526,0.02775742,0.00519048,1.4134032012427804
1221.4569313558281,0.030715605,0.0054198187,1.410277662553034
1221.4668850568037,0.029980142,0.005363824,1.4070379299329439
1221.4768387577792,0.03735685,0.0059010284,1.4037360342630534
1221.4867924587547,0.029990122,0.005360116,1.4004258495123012
1221.4967461597303,0.03296539,0.0055913567,1.3971621740542033
1221.5066998607058,0.038828634,0.006001565,1.3939924841050773
1221.5166535616813,0.032225985,0.0055378783,1.390935844429078
1221.5266072626569,0.038087837,0.005949758,1.3880080237923118
1221.5365609636324,0.043238208,0.006281657,1.3852202497361885
1221.546514664608,0.036669847,0.0058521824,1.3826035680912565
1221.5564683655834,0.03367044,0.0056364485,1.380151710343018
1221.566422066559,0.038109537,0.005953982,1.3778695505093383
1221.5763757675345,0.03880995,0.0059954696,1.3757619549266833
1221.58632946851,0.039600458,0.006059977,1.3738383226124449
1221.5962831694856,0.04102226,0.0061475253,1.3720991670178946
1221.606236870461,0.042525668,0.0062397397,1.370514250861668
1221.6161905714366,0.035925124,0.0057977377,1.369068036217597
1221.6261442724121,0.04105227,0.0061469465,1.367745649214223
1221.6360979733877,0.034420464,0.0056920033,1.36655427120581
1221.6460516743632,0.046196207,0.0064769383,1.3654927262917504
1221.6560053753387,0.03219566,0.005528625,1.3645830083180592
1221.6659590763143,0.032934934,0.005590283,1.3638575034275067
1221.6759127772898,0.041708034,0.006181882,1.363361342864292
1221.6858664782653,0.04988896,0.0066971323,1.363141671309168
1221.6958201792409,0.04325267,0.0062902262,1.3631982586188176
1221.7057738802164,0.05427225,0.006956664,1.363553613063031
1221.715727581192,0.05501677,0.00699774,1.3642302326066313
1221.7256812821674,0.04397524,0.0063355323,1.3652936423905664
1221.735634983143,0.05281974,0.0068773567,1.3667305356178021
1221.7455886841185,0.052039597,0.0068256347,1.3685335677748802
1221.755542385094,0.042488195,0.0062393546,1.370692227761416
1221.7654960860696,0.046887245,0.0065181465,1.373191247279003
1221.775449787045,0.045410182,0.006423989,1.37599653630769
1221.7854034880206,0.04838147,0.006611291,1.379013756713605
1221.7953571889961,0.05277847,0.0068658045,1.382183563359714
1221.8053108899717,0.04914309,0.0066556674,1.3854543211644854
1221.8152645909472,0.046904154,0.006522755,1.388791769166437
1221.8252182919227,0.054977577,0.0069948887,1.3921691386509591
1221.8351719928983,0.05132459,0.006783603,1.3955836423129888
1221.8451256938738,0.05571951,0.007033076,1.3990423617622914
1221.8550793948493,0.05281792,0.0068710553,1.4025506449805811
1221.865033095825,0.057956945,0.0071621328,1.4060987449480764
1221.8749867968006,0.061649304,0.007363359,1.409650121774726
1221.8849404977761,0.05502227,0.0069968025,1.4131621700010588
1221.8948941987517,0.060157955,0.0072796023,1.4165888855592237
1221.9048478997272,0.05723789,0.007122507,1.4198691354081328
1221.9148016007027,0.054266054,0.0069562537,1.4229709061921814
1221.9247553016783,0.052779995,0.0068708896,1.4258794241262935
1221.9347090026538,0.052052703,0.0068343575,1.4285906958279213
1221.9446627036293,0.07113775,0.007853702,1.4311125717062763
1221.9546164046048,0.06385673,0.00747664,1.4334552745461828
1221.9645701055804,0.052810095,0.006866401,1.4356639112401295
1221.974523806556,0.04983647,0.006692759,1.437756316358674
1221.9844775075314,0.057938155,0.0071598236,1.439745306933205
1221.994431208507,0.06238275,0.0074025476,1.4416315763361227
1222.0043849094825,0.074915245,0.008043524,1.4434294321073629
1222.014338610458,0.06531891,0.007553138,1.4451521160275191
1222.0242923114336,0.07421207,0.008010906,1.446807574165664
1222.034246012409,0.07710814,0.008146023,1.448400149670571
1222.0441997133846,0.06607661,0.0075933007,1.4499232714329513
1222.0541534143601,0.055003345,0.0069951806,1.4513772958868532
1222.0641071153357,0.06676592,0.007635079,1.4527475788623787
1222.0740608163112,0.06971658,0.0077829305,1.454013538070335
1222.0840145172867,0.063845836,0.007482071,1.4551363522920506
1222.0939682182623,0.07708666,0.008149076,1.4560958427650634
1222.1039219192378,0.06898879,0.007745574,1.4568936764462315
1222.1138756202133,0.05647359,0.0070808227,1.4575388771919888
1222.1238293211889,0.060851887,0.0073198075,1.4580524350393609
1222.1337830221644,0.08154113,0.008363717,1.4584538675507963
1222.14373672314,0.08297728,0.008425423,1.4587848234952325
1222.1536904241154,0.07710659,0.008146738,1.4590624013354743
1222.163644125091,0.0793271,0.008253004,1.459297434079227
1222.1735978260665,0.073440254,0.007968997,1.4594933069084042
1222.183551527042,0.058702283,0.0072038793,1.4596540334699433
1222.1935052280176,0.08001306,0.008286503,1.459782979050495
1222.203458928993,0.084450446,0.008488831,1.4598802941675773
1222.2134126299686,0.066838145,0.007638632,1.459945918109831
1222.2233663309441,0.077075206,0.008145766,1.4599762428529304
1222.2333200319197,0.08741799,0.008628934,1.459978434586367
1222.2432737328952,0.092587374,0.008858504,1.4599562359121037
1222.2532274338707,0.08302708,0.00842964,1.4599145373051612
1222.2631811348463,0.07192386,0.007894537,1.4598582856168383
1222.2731348358218,0.07414861,0.008009154,1.459793999604151
1222.2830885367973,0.07998364,0.008281115,1.4597271907840028
1222.2930422377729,0.07122867,0.007862194,1.4596604137315088
1222.3029959387484,0.07928296,0.008254249,1.4595928290162532
1222.312949639724,0.07266919,0.007933831,1.4595152419588415
1222.3229033406994,0.077789955,0.008178129,1.4594105892318234
1222.332857041675,0.085932314,0.008561679,1.459251650397932
1222.3428107426505,0.071882255,0.007885052,1.459003745168561
1222.352764443626,0.065303124,0.0075559327,1.458622532085562
1222.3627181446016,0.075578414,0.008075814,1.458076247527536
1222.372671845577,0.084404245,0.008487991,1.4573674757721196
1222.3826255465526,0.082974195,0.008421429,1.4564989281805931
1222.3925792475281,0.079319,0.008258848,1.45548075462849
1222.4025329485037,0.10648323,0.009448103,1.4543116240172587
1222.4124866494792,0.07858021,0.008222597,1.4530278075229455
1222.4224403504547,0.093963504,0.008920211,1.451649617357917
1222.4323940514303,0.09032152,0.00875845,1.450194691050679
1222.4423477524058,0.08811026,0.008660182,1.4486781178202017
1222.4523014533813,0.088126615,0.008663881,1.4471196303616294
1222.4622551543569,0.105748914,0.009414791,1.4455460069741983
1222.4722088553324,0.089649804,0.008734726,1.4439853092183488
1222.482162556308,0.0961577,0.009013963,1.442472897871008
1222.4921162572834,0.09988693,0.009170539,1.441058911223187
1222.502069958259,0.088878214,0.008694413,1.4397597366304753
1222.5120236592345,0.105766624,0.009414564,1.4385736031063554
1222.52197736021,0.09332028,0.008890637,1.4374819230150413
1222.5319310611856,0.11317805,0.009719226,1.4364491188983843
1222.541884762161,0.09330322,0.008890704,1.4354055974561877
1222.5518384631366,0.08883566,0.008691824,1.4342539412644535
1222.5617921641121,0.09470186,0.008947564,1.4328765290336263
1222.5717458650877,0.08443605,0.008491287,1.431135147982015
1222.5816995660632,0.083659,0.008455592,1.428812453017569
1222.5916532670387,0.11386716,0.009745877,1.4258115509818066
1222.6016069680143,0.08369106,0.008455439,1.4220856617515347
1222.6115606689898,0.09841012,0.00911181,1.417631863848626
1222.6215143699653,0.09622169,0.009023371,1.4124921002877375
1222.6314680709409,0.09177964,0.008831558,1.4067559549233986
1222.6414217719164,0.12486417,0.010168777,1.4006701250083333
1222.651375472892,0.082273625,0.008392167,1.3944283657976546
1222.6613291738674,0.09913548,0.009143352,1.3882291419284771
1222.671282874843,0.10431184,0.009357479,1.3822899240990498
1222.6812365758185,0.11173326,0.00966006,1.3767513323051506
1222.691190276794,0.10590697,0.009431784,1.3716774541397379
1222.7011439777698,0.10283375,0.009295454,1.3671027053967646
1222.7110976787453,0.11103809,0.009637654,1.3630404494425008
1222.7210513797208,0.11612655,0.009835344,1.3595305217269447
1222.7310050806964,0.10587703,0.009426598,1.3564934737366805
1222.740958781672,0.104374744,0.00936401,1.3539209261886385
1222.7509124826474,0.10879366,0.009544233,1.3518091677412827
1222.760866183623,0.11027035,0.009599994,1.3501986187390629
1222.7708198845985,0.10370942,0.009339368,1.3490725123400824
1222.780773585574,0.116875075,0.009863785,1.3483932553482583
1222.7907272865496,0.10074636,0.009212845,1.3481398974711063
1222.800680987525,0.11687512,0.00986423,1.348280217473356
1222.8106346885006,0.11918522,0.009960484,1.3488079286653263
1222.8205883894761,0.13092485,0.010403185,1.3496204741033022
1222.8305420904517,0.10223541,0.0092799645,1.3506763792326917
1222.8404957914272,0.11248993,0.009697603,1.3519432194303929
1222.8504494924027,0.12210588,0.010073408,1.3534102714207834
1222.8604031933783,0.12137374,0.010043525,1.3550585051629795
1222.8703568943538,0.1287775,0.010326428,1.3568665142313818
1222.8803105953293,0.11695762,0.009872819,1.3588309633333402
1222.8902642963048,0.111797705,0.009670395,1.3609514290288316
1222.9002179972804,0.13095008,0.010405837,1.363253097110015
1222.910171698256,0.11849319,0.009937626,1.3657168433560396
1222.9201253992314,0.111051954,0.009639809,1.3683481898637337
1222.930079100207,0.12802097,0.010296912,1.3711623413724556
1222.9400328011825,0.108167164,0.009525104,1.3742063545051915
1222.949986502158,0.122135386,0.010079815,1.3775403994595272
1222.9599402031336,0.11841108,0.009930101,1.3811959289803033
1222.969893904109,0.13540488,0.010572269,1.3852196721641432
1222.9798476050846,0.11920513,0.009964698,1.3896509432038648
1222.9898013060601,0.124342814,0.010162355,1.3945835112969664
1222.9997550070357,0.12871622,0.010319736,1.399981875299032
1223.0097087080112,0.13251156,0.010465797,1.4058191101787831
1223.0196624089867,0.13541245,0.01057019,1.4120366110688285
1223.0296161099623,0.13835917,0.010673228,1.4185310244034848
1223.0395698109378,0.1494552,0.011066544,1.4251144143919943
1223.0495235119133,0.13842385,0.01068003,1.4315593973097616
1223.0594772128889,0.12653635,0.010235529,1.437656779072578
1223.0694309138644,0.13470536,0.01054307,1.4432190000415126
1223.07938461484,0.14794518,0.011017498,1.4480007557885572
1223.0893383158154,0.1280581,0.010302257,1.4519543093435399
1223.099292016791,0.13093308,0.010403483,1.4550740880031963
1223.1092457177665,0.12880847,0.010330659,1.457391601482539
1223.119199418742,0.1493775,0.011067844,1.4589703587270846
1223.1291531197176,0.1523682,0.011170001,1.4599064799998902
1223.139106820693,0.14427574,0.010887935,1.4604119301361478
1223.1490605216686,0.12880857,0.010329855,1.4606043062583134
1223.1590142226441,0.123608656,0.010136721,1.4605764477082075
1223.1689679236197,0.15524395,0.011269556,1.460380203720094
1223.1789216245952,0.16120915,0.011468852,1.4600691334613463
1223.1888753255707,0.13765658,0.010652877,1.4596744391927587
1223.1988290265463,0.15383527,0.011221788,1.459215429550555
1223.2087827275218,0.1494325,0.01106883,1.4587085129331963
1223.2187364284973,0.15310863,0.011194456,1.458167358626115
1223.2286901294729,0.15019843,0.011097338,1.457609046287486
1223.2386438304484,0.16121057,0.0114708645,1.4570404054782482
1223.248597531424,0.15460838,0.011250887,1.456460394958663
1223.2585512323994,0.14942987,0.011073302,1.4558520855370292
1223.268504933375,0.14719607,0.010993959,1.455181174093222
1223.2784586343505,0.16785552,0.011691118,1.4544016784309006
1223.288412335326,0.13987859,0.010734411,1.4534561060839872
1223.2983660363016,0.15900174,0.011396625,1.4522861112685406
1223.308319737277,0.1561161,0.0113020735,1.450805400180121
1223.3182734382526,0.16197,0.011497049,1.449030315628229
1223.3282271392281,0.14876375,0.011052477,1.4469631652017216
1223.3381808402037,0.14058307,0.010762122,1.4446273075567144
1223.3481345411792,0.15309438,0.011198407,1.4420525632208143
1223.3580882421547,0.15462404,0.011253977,1.4393085369141154
1223.3680419431303,0.17225218,0.011833788,1.4364829862847959
1223.3779956441058,0.15173261,0.01115606,1.433649537230157
1223.3879493450813,0.1619204,0.011492412,1.4308785295068438
1223.3979030460569,0.15690796,0.0113310795,1.428254358343165
1223.4078567470324,0.16859126,0.011717505,1.4258045959929158
1223.417810448008,0.1620094,0.011501254,1.4235439975652606
1223.4277641489834,0.15906145,0.011404624,1.4214729997620346
1223.437717849959,0.16710214,0.011665035,1.4195944110043794
1223.4476715509345,0.15613064,0.011300268,1.4179056862475
1223.45762525191,0.1760365,0.011958505,1.4163846317581663
1223.4675789528856,0.15466888,0.011256075,1.4150290225071092
1223.477532653861,0.16345537,0.011552153,1.4138389870061516
1223.4874863548366,0.16709344,0.01166415,1.4128371982412815
1223.4974400558121,0.17752647,0.012007538,1.4120094301057822
1223.5073937567877,0.18480489,0.012231417,1.4113527322341017
1223.5173474577632,0.1790012,0.012051124,1.410867932834348
1223.5273011587387,0.17530756,0.011936175,1.410561861151466
1223.5372548597143,0.19220732,0.012461846,1.4104451104658613
1223.5472085606898,0.16724524,0.0116781555,1.4104955430775399
1223.5571622616653,0.15019578,0.011102257,1.4107089061808102
1223.5671159626409,0.17232747,0.011843095,1.4110795595089702
1223.5770696636164,0.18560398,0.012262082,1.4116158389557638
1223.587023364592,0.18639202,0.012288076,1.4122986762891716
1223.5969770655674,0.17822962,0.012028396,1.4131127254246116
1223.606930766543,0.15763043,0.0113552045,1.4140495817113685
1223.6168844675185,0.19220538,0.012461313,1.4151041058295841
1223.626838168494,0.1790608,0.012055615,1.4162802736248268
1223.6367918694696,0.1959445,0.012577494,1.41755816413926
1223.646745570445,0.19890317,0.012664625,1.4189337583847057
1223.6566992714206,0.18424875,0.01222237,1.4204042892407007
1223.6666529723962,0.15393695,0.01123321,1.4219772486486344
1223.6766066733717,0.19363971,0.012507007,1.4236522818175747
1223.6865603743472,0.15548751,0.011286835,1.4254299721383994
1223.6965140753227,0.19661616,0.012600491,1.4273212960545476
1223.7064677762983,0.20772998,0.01292916,1.4293402717120949
1223.7164214772738,0.17099613,0.0118028065,1.4315197369759836
1223.7263751782493,0.20026873,0.0127064185,1.4338406195872428
1223.7363288792249,0.19526553,0.012559219,1.4362843749656733
1223.7462825802004,0.21512657,0.01314883,1.4388099163075774
1223.756236281176,0.2136731,0.013109096,1.4413526891513835
1223.7661899821514,0.22320303,0.013378745,1.4438262588233588
1223.776143683127,0.21004118,0.013003607,1.4461574710800333
1223.7860973841027,0.19598533,0.012587537,1.4482801275729775
1223.7960510850783,0.20472942,0.012844681,1.4501407924397034
1223.8060047860538,0.20260575,0.01278409,1.4516589548298977
1223.8159584870293,0.2364259,0.013746303,1.45285655536392
1223.8259121880048,0.19531724,0.012562162,1.4537475647876845
1223.8358658889804,0.19960672,0.012689693,1.4543601265247303
1223.845819589956,0.19230919,0.012472752,1.4547281653986897
1223.8557732909314,0.19002016,0.01239975,1.4549061354495596
1223.865726991907,0.2091852,0.012972867,1.4549683058451044
1223.8756806928825,0.19383833,0.012522051,1.4549558087681498
1223.885634393858,0.1914757,0.012444232,1.4548970561126988
1223.8955880948336,0.19967306,0.012696444,1.4548095613424978
1223.905541795809,0.17089301,0.011799316,1.4547124121784027
1223.9154954967846,0.21501967,0.0131448405,1.4546199784883909
1223.9254491977601,0.2328239,0.01365077,1.4545463715901108
1223.9354028987357,0.21367721,0.013106503,1.4545076926191904
1223.9453565997112,0.2041201,0.012832025,1.454522917975424
1223.9553103006867,0.21358316,0.013104799,1.4545958717613385
1223.9652640016623,0.21881904,0.013255067,1.4547286728173132
1223.9752177026378,0.20184305,0.012755661,1.4549166161770064
1223.9851714036133,0.19377096,0.012515773,1.4551523897533456
1223.9951251045889,0.20843323,0.012953608,1.4554174081534654
1224.0050788055644,0.22317089,0.0133763645,1.4556948715475666
1224.01503250654,0.19376518,0.01251558,1.4559730078859752
1224.0249862075154,0.22242397,0.013360643,1.4562439359820907
1224.034939908491,0.2040312,0.012828162,1.4565023732011784
1224.0448936094665,0.23931976,0.013829532,1.4567499078258006
1224.054847310442,0.19305834,0.012499633,1.4569885293105482
1224.0648010114176,0.21938562,0.013270734,1.4572208124625896
1224.074754712393,0.24011023,0.01384661,1.457449051754329
1224.0847084133686,0.23511294,0.013715631,1.4576754071798936
1224.0946621143441,0.24831748,0.014079887,1.4579013323825853
1224.1046158153197,0.25118008,0.014151629,1.458127768885308
1224.1145695162952,0.23212892,0.013636071,1.4583553292610896
1224.1245232172707,0.22170669,0.013339172,1.458584057019216
1224.1344769182463,0.21954343,0.01327857,1.4588124666082192
1224.1444306192218,0.21948507,0.013274344,1.4590379880407913
1224.1543843201973,0.23868735,0.013814259,1.4592569908822415
1224.1643380211729,0.22691561,0.013486606,1.4594643112681562
1224.1742917221484,0.24601987,0.014011318,1.4596547149024965
1224.184245423124,0.23575246,0.013727748,1.4598267725807155
1224.1941991240994,0.21669888,0.013198247,1.4599789762163293
1224.204152825075,0.2614664,0.014423109,1.460110247196162
1224.2141065260505,0.23290585,0.013657075,1.4602157370663564
1224.224060227026,0.24900159,0.014097297,1.4602935089446363
1224.2340139280016,0.21949147,0.013275024,1.4603391926292013
1224.243967628977,0.22981156,0.013567606,1.460346952596513
1224.2539213299526,0.2239949,0.013408729,1.4603089443508757
1224.2638750309281,0.23423663,0.0136946095,1.4602148795709262
1224.2738287319037,0.2615275,0.014431752,1.4600653094388534
1224.2837824328792,0.24531709,0.013997044,1.4598556735953085
1224.2937361338547,0.24314934,0.013941959,1.4595811372117609
1224.3036898348303,0.23644266,0.013756547,1.4592282484140837
1224.3136435358058,0.24676733,0.0140378885,1.458793819299939
1224.3235972367813,0.24386504,0.013960161,1.4582765555531292
1224.3335509377569,0.24232727,0.013914477,1.4576712190647911
1224.3435046387324,0.24533975,0.013996608,1.4569697081517474
1224.353458339708,0.2409382,0.013876782,1.456144622845343
1224.3634120406834,0.21885921,0.013263585,1.4551860306269113
1224.373365741659,0.23272261,0.013650871,1.4540592120377605
1224.3833194426345,0.2416564,0.013898105,1.4527188982788979
1224.39327314361,0.24899976,0.014095177,1.4510917422504437
1224.4032268445856,0.27411792,0.014758758,1.4491301921353106
1224.413180545561,0.2394568,0.01383862,1.4468338196139447
1224.4231342465366,0.24238709,0.013920558,1.4442038305049463
1224.4330879475121,0.24086505,0.013878237,1.4412600651052012
1224.4430416484877,0.25708133,0.0143140815,1.4380052770636842
1224.4529953494632,0.24976392,0.014120358,1.4345372614469172
1224.4629490504387,0.24602689,0.01401742,1.4309275619953516
1224.4729027514143,0.2608006,0.014413415,1.4272561418290537
1224.4828564523898,0.27769852,0.0148469135,1.4236144961954953
1224.4928101533653,0.25789016,0.014334848,1.4201052179884202
1224.5027638543409,0.26368204,0.014483364,1.416793304228742
1224.5127175553164,0.28216645,0.014959789,1.4137257505879872
1224.522671256292,0.27333534,0.014733711,1.4109245821156866
1224.5326249572674,0.25054267,0.014140239,1.4084207071955863
1224.542578658243,0.26443407,0.01450727,1.4061732847807356
1224.5525323592185,0.2644557,0.014506559,1.4041530913630234
1224.562486060194,0.28432995,0.015012629,1.4023396562724042
1224.5724397611696,0.2623378,0.014452423,1.400719819243331
1224.582393462145,0.24821624,0.014074741,1.3992909718097066
1224.5923471631206,0.26890382,0.0146250045,1.3980201629467697
1224.6023008640962,0.268895,0.014626568,1.3969003893306873
1224.6122545650717,0.27252966,0.014717804,1.39592798980937
1224.6222082660472,0.26595408,0.014550556,1.3951160176530277
1224.632161967023,0.2504575,0.014141724,1.3944595729269584
1224.6421156679985,0.2636398,0.014486942,1.393951591866865
1224.652069368974,0.25711057,0.014318979,1.3935927589537684
1224.6620230699496,0.262517,0.014467478,1.3933842136250056
1224.671976770925,0.26960275,0.014923154,1.3933462896864197
1224.6819304719006,0.27148372,0.015571515,1.3934582724014573
1224.6918841728761,0.2739101,0.015903927,1.3937226881092897
1224.7018378738517,0.30628154,0.017032309,1.394144560910879
1224.7117915748272,0.2756014,0.01628599,1.394743879696297
1224.7217452758027,0.30862057,0.017618949,1.3955338799142425
1224.7316989767783,0.28044868,0.01693055,1.3965109948722332
1224.7416526777538,0.2857614,0.01723512,1.3976832892899458
1224.7516063787293,0.29487625,0.017836029,1.3990556766959574
1224.7615600797049,0.33436796,0.019238561,1.4006560515038475
1224.7715137806804,0.28853512,0.017710293,1.4024588782728444
1224.781467481656,0.28861776,0.01776008,1.4044594326589044
1224.7914211826314,0.31099302,0.018505692,1.4066584262547606
1224.801374883607,0.31545705,0.019486777,1.4090690678845992
1224.8113285845825,0.31696168,0.019138109,1.4117081225050976
1224.821282285558,0.30069274,0.018200647,1.4145504945778313
1224.8312359865336,0.2941058,0.018060617,1.4175786008431501
1224.841189687509,0.30558288,0.01879334,1.420753818037632
1224.8511433884846,0.2960932,0.017896982,1.4240148159693766
1224.8610970894601,0.3137272,0.018529978,1.4272598568049226
1224.8710507904357,0.3060187,0.018238025,1.4303947692575378
1224.8810044914112,0.30994862,0.018392507,1.4333326368120225
1224.8909581923867,0.32528186,0.01881568,1.4359883866807672
1224.9009118933623,0.34609154,0.019108227,1.438251102530303
1224.9108655943378,0.32810313,0.022177298,1.4401201576293947
1224.9208192953133,0.3063003,0.021491155,1.4415816251619316
1224.9307729962889,0.26981843,0.020254977,1.4426493320469502
1224.9407266972644,0.31984568,0.021932911,1.443339064757946
1224.95068039824,0.29684344,0.021178817,1.4437338653021963
1224.9606340992154,0.31036702,0.021625726,1.4439361926442607
1224.970587800191,0.2968727,0.021181244,1.4440216920489388
1224.9805415011665,0.295496,0.021134643,1.4440518200717158
1224.990495202142,0.31848353,0.021889964,1.4440696143882557
1225.0004489031176,0.30496252,0.021449545,1.4440974492753655
1225.010402604093,0.34145373,0.022617722,1.4441379797301015
1225.0203563050686,0.30362377,0.021406313,1.4441842442297537
1225.0303100060441,0.3265955,0.02215086,1.4442221254120386
1225.0402637070197,0.33336154,0.022365622,1.4442331048877262
1225.0502174079952,0.33336172,0.022365889,1.4442067975622903
1225.0601711089707,0.28335035,0.020726534,1.4441387418185476
1225.0701248099463,0.29415157,0.021092013,1.4440319945497584
1225.0800785109218,0.3184728,0.021891532,1.4438947148221613
1225.0900322118973,0.30092323,0.021318762,1.4437458317949872
1225.0999859128729,0.27520823,0.020446112,1.4435996513568559
1225.1099396138484,0.3157566,0.021804119,1.4434650346427684
1225.119893314824,0.3779232,0.023726549,1.4433451545463898
1225.1298470157994,0.3225095,0.02202193,1.4432371645584614
1225.139800716775,0.33603445,0.0224513,1.4431322869563674
1225.1497544177505,0.34011495,0.022580035,1.4430230295884094
1225.159708118726,0.3319702,0.02232357,1.4429035675236734
1225.1696618197016,0.31982225,0.021937173,1.4427701371044597
1225.179615520677,0.26574367,0.020116784,1.4426252038877077
1225.1895692216526,0.30086732,0.021317506,1.4424746743544614
1225.1995229226281,0.32656285,0.022153106,1.4423248453124944
1225.2094766236037,0.29952535,0.021273749,1.4421813739562468
1225.2194303245792,0.3373745,0.022495024,1.4420492467436268
1225.2293840255547,0.33332625,0.02236828,1.4419270507204707
1225.2393377265303,0.3617029,0.023244407,1.4418120447974236
1225.2492914275058,0.2995417,0.0212758,1.441700080894928
1225.2592451284813,0.32788944,0.022196032,1.4415869702176796
1225.2691988294569,0.28060195,0.020635787,1.4414705566757897
1225.2791525304324,0.3441109,0.022705879,1.4413531136843902
1225.289106231408,0.330592,0.02228249,1.441240293053999
1225.2990599323834,0.3319518,0.022325996,1.4411400136133024
1225.309013633359,0.3541974,0.023036439,1.4410649013784314
1225.3189673343345,0.3393081,0.022576258,1.4410218997952091
1225.32892103531,0.3325377,0.022363732,1.4410155404874447
1225.3388747362856,0.3393007,0.022576315,1.4410473962583605
1225.348828437261,0.32845667,0.022234337,1.441116532836389
1225.3587821382366,0.37316167,0.023610907,1.441218513432356
1225.3687358392121,0.3176206,0.021887416,1.4413403248616752
1225.3786895401877,0.33116612,0.02232109,1.4414719576303248
1225.3886432411632,0.31628358,0.021845201,1.4416038097190296
1225.3985969421387,0.37857988,0.023773056,1.4417265103479584
1225.4085506431143,0.34742913,0.02283097,1.4418336955308522
1225.4185043440898,0.34741023,0.022830065,1.4419214022786426
1225.4284580450653,0.3311959,0.02232425,1.4419855969470368
1225.4384117460409,0.31630072,0.021847552,1.4420224534470976
1225.4483654470164,0.3339143,0.022410957,1.4420246333123024
1225.458319147992,0.32577568,0.022152595,1.4419962676764646
1225.4682728489674,0.35344726,0.016706593,1.4419402518544957
1225.478226549943,0.33354613,0.016232435,1.4418607242165162
1225.4881802509185,0.32910395,0.016131217,1.4417601580389439
1225.498133951894,0.35184577,0.016647352,1.441639270328859
1225.5080876528696,0.33877254,0.016350895,1.4414976380135909
1225.518041353845,0.35492912,0.016720729,1.4413322746121495
1225.5279950548206,0.33058605,0.016160144,1.4411401328526374
1225.5379487557962,0.30918467,0.015652802,1.4409164948150224
1225.5479024567717,0.34599912,0.016519038,1.4406671005349203
1225.5578561577472,0.37263578,0.017119199,1.440396879140538
1225.5678098587227,0.34533218,0.016505867,1.440109335889771
1225.5777635596983,0.37179834,0.017097244,1.439804685756546
1225.5877172606738,0.33798465,0.016336592,1.4394787027955172
1225.5976709616493,0.34450775,0.016485747,1.439129208011484
1225.6076246626249,0.37030303,0.017061574,1.438752494937809
1225.6175783636004,0.33365843,0.016240451,1.4383470104365959
1225.627532064576,0.33039436,0.016157774,1.437913127717344
1225.6374857655514,0.3548459,0.016722193,1.4374606998272075
1225.647439466527,0.3548272,0.016719276,1.4370024154270367
1225.6573931675025,0.34902385,0.016591068,1.4365508125349458
1225.667346868478,0.34819993,0.016572103,1.4361175664746344
1225.6773005694536,0.3577525,0.016785799,1.4357155822072887
1225.687254270429,0.36374378,0.016922502,1.4353440997666138
1225.6972079714046,0.3275974,0.016096497,1.4349990141916849
1225.7071616723802,0.3724992,0.01711715,1.4346695695865197
1225.717115373356,0.3379318,0.016339738,1.4343376354479245
1225.7270690743314,0.3510722,0.016639646,1.4339794184466226
1225.737022775307,0.36067823,0.016854148,1.4335784699498053
1225.7469764762825,0.36950967,0.017045291,1.4331250225600756
1225.756930177258,0.3821831,0.01732587,1.4326180196710518
1225.7668838782336,0.3438453,0.016472388,1.4320607461144133
1225.776837579209,0.36066446,0.016850915,1.4314750637094504
1225.7867912801846,0.38142315,0.017311834,1.4308814329102817
1225.7967449811601,0.36888158,0.017036824,1.430301454285463
1225.8066986821357,0.35711467,0.01677736,1.4297594546896455
1225.8166523831112,0.33788183,0.01633946,1.4292844730230958
1225.8266060840867,0.34810036,0.016568871,1.4288890256084688
1225.8365597850623,0.35340464,0.016692061,1.4285841470467182
1225.8465134860378,0.35190707,0.016660474,1.428373668406966
1225.8564671870133,0.34372336,0.016472332,1.4282630004668886
1225.8664208879889,0.33268082,0.01621802,1.428237870639367
1225.8763745889644,0.3931278,0.01756851,1.4282797710224142
1225.88632828994,0.37263778,0.017127762,1.428372461959275
1225.8962819909154,0.38643688,0.017420204,1.4284977373091985
1225.906235691891,0.39703405,0.017654033,1.4286358857067554
1225.9161893928665,0.36599955,0.01698072,1.4287672222947385
1225.926143093842,0.3850666,0.01739958,1.4288819797630161
1225.9360967948176,0.34818453,0.016576732,1.4289775804120681
1225.946050495793,0.37911248,0.017262828,1.4290587084173585
1225.9560041967686,0.39695406,0.017649878,1.4291388753920717
1225.9659578977441,0.39031538,0.017507236,1.4292334628225942
1225.9759115987197,0.39106396,0.017524563,1.429354964150285
1225.9858652996952,0.42280492,0.018198542,1.4295101633589853
1225.9958190006707,0.40060705,0.017729865,1.429699701611164
1226.0057727016463,0.4035689,0.01779305,1.4299051053266196
1226.0157264026218,0.3947312,0.017605439,1.430104584306619
1226.0256801035973,0.3844058,0.017384788,1.4302766034553682
1226.0356338045729,0.41012463,0.017930903,1.4304003729766523
1226.0455875055484,0.36231405,0.016896639,1.430454628489196
1226.055541206524,0.3888165,0.017483471,1.4304377388917415
1226.0654949074994,0.38798618,0.017462905,1.4303442848212224
1226.075448608475,0.38283294,0.0173473,1.4301706405778016
1226.0854023094505,0.37853596,0.017259104,1.4299085711606243
1226.095356010426,0.39974546,0.017710678,1.4295627255046404
1226.1053097114016,0.3851678,0.017400214,1.4291422063779458
1226.115263412377,0.3747355,0.017169727,1.4286517845381597
1226.1252171133526,0.3711454,0.01709545,1.428096467581483
1226.1351708143281,0.39165756,0.017539077,1.4274749708085985
1226.1451245153037,0.3925023,0.01755958,1.4268052190773064
1226.1550782162792,0.36516577,0.016962362,1.4260959562311863
1226.1650319172547,0.3754234,0.01718691,1.4253535174059933
1226.1749856182303,0.4175047,0.018085396,1.4245777676834979
1226.1849393192058,0.37634292,0.017209157,1.4237627697492294
1226.1948930201813,0.4144709,0.018020539,1.4229048717548505
1226.2048467211569,0.3888913,0.01748354,1.4220001717635502
1226.2148004221324,0.38653597,0.01743233,1.421053318823424
1226.224754123108,0.39309427,0.017568523,1.420080281424214
1226.2347078240834,0.4205554,0.018154033,1.4191107842856099
1226.244661525059,0.42120567,0.01816501,1.4181690907820705
1226.2546152260345,0.39770737,0.01767435,1.417273927793258
1226.26456892701,0.38503492,0.01740032,1.4164405400948863
1226.2745226279856,0.39980686,0.017718967,1.4156908812904438
1226.284476328961,0.37250617,0.017126616,1.4150311651308045
1226.2944300299366,0.39244702,0.017563235,1.4144755587843707
1226.3043837309121,0.39162865,0.017541032,1.4140353817241522
1226.3143374318877,0.3969061,0.017657036,1.4137274132831368
1226.3242911328632,0.39174047,0.01754879,1.4135507633686228
1226.3342448338387,0.39385822,0.017592056,1.4134912987440864
1226.3441985348143,0.4049265,0.017826097,1.4135402997870017
1226.3541522357898,0.39465824,0.017608758,1.413686721795088
1226.3641059367653,0.39389622,0.017594306,1.413928456492247
1226.3740596377409,0.35407016,0.016719988,1.4142418526202905
1226.3840133387164,0.40405044,0.017808901,1.4146168971336448
1226.393967039692,0.42707816,0.018291045,1.4150477667125871
1226.4039207406674,0.39094827,0.017530296,1.415532217558912
1226.413874441643,0.37613672,0.01720871,1.4160643919421072
1226.4238281426185,0.38053405,0.017304681,1.4166238899901813
1226.433781843594,0.37841094,0.017264111,1.4171907317680057
1226.4437355445696,0.38413492,0.017383311,1.4177489590307122
1226.453689245545,0.38269702,0.017347788,1.4182918758283853
1226.4636429465206,0.38138527,0.017326098,1.4188207136351647
1226.4735966474962,0.33848226,0.0163619,1.4193313994088783
1226.4835503484717,0.38339034,0.017367253,1.4198120415176152
1226.4935040494472,0.37536785,0.017191809,1.4202458695041917
1226.5034577504227,0.41074774,0.017951906,1.42060714543079
1226.5134114513983,0.37542528,0.017194059,1.4208932720626957
1226.5233651523738,0.42104918,0.01816695,1.4210989225839543
1226.5333188533493,0.3997647,0.017719641,1.4212227795553445
1226.5432725543249,0.41677585,0.018084556,1.4212624006470338
1226.5532262553004,0.44978848,0.018755177,1.4212237406585078
1226.5631799562761,0.43885937,0.018533178,1.4211219851850598
1226.5731336572517,0.4484205,0.018723143,1.4209679637664778
1226.5830873582272,0.41758713,0.018096386,1.420777228191939
1226.5930410592027,0.41971225,0.018142825,1.4205769673632782
1226.6029947601783,0.43370512,0.018432735,1.4204065432530941
1226.6129484611538,0.45055586,0.018767765,1.420293090348218
1226.6229021621293,0.41319233,0.018007325,1.4202439192849412
1226.6328558631049,0.4101035,0.01794149,1.4202479481710917
1226.6428095640804,0.43370157,0.018431198,1.420281264220732
1226.652763265056,0.4536235,0.01883304,1.4203130070349221
1226.6627169660314,0.43451342,0.01844813,1.4203219940594398
1226.672670667007,0.4469954,0.018701682,1.420296196465142
1226.6826243679825,0.4676743,0.0191144,1.4202362391666137
1226.692578068958,0.46624908,0.019088456,1.4201638025629602
1226.7025317699336,0.4123964,0.017994558,1.4201066083920597
1226.712485470909,0.45504582,0.018865302,1.4200892756340093
1226.7224391718846,0.4706658,0.01917561,1.4201304244752009
1226.7323928728601,0.4286902,0.018336063,1.4202534717896491
1226.7423465738357,0.4461851,0.018688172,1.4204569164469298
1226.7523002748112,0.4572955,0.018907562,1.420745415145348
1226.7622539757867,0.4190924,0.018132456,1.4211233590327748
1226.7722076767623,0.44257593,0.018613832,1.421599930551478
1226.7821613777378,0.42566624,0.018268883,1.422185359636815
1226.7921150787133,0.4580417,0.018923303,1.422874802125131
1226.8020687796889,0.44121373,0.018589964,1.4236729674956679
1226.8120224806644,0.4624703,0.019014327,1.424583977315478
1226.82197618164,0.4500678,0.018771067,1.42562295930759
1226.8319298826154,0.46832013,0.019128302,1.4267832253231953
1226.841883583591,0.4265092,0.018291567,1.4280587807778828
1226.8518372845665,0.466044,0.01908093,1.429449007187037
1226.861790985542,0.4567074,0.018898066,1.430954601340515
1226.8717446865176,0.43825763,0.018529477,1.4325836880557257
1226.881698387493,0.44776174,0.01872182,1.4343028966551254
1226.8916520884686,0.43670917,0.018496068,1.4360804845869046
1226.9016057894441,0.4485453,0.018738383,1.4378779208181658
1226.9115594904197,0.43673924,0.018501185,1.4396593207006936
1226.9215131913952,0.41750777,0.018103378,1.4414006998768722
1226.9314668923707,0.43962294,0.018557172,1.4430944584063337
1226.9414205933463,0.45894307,0.01895113,1.444734960921462
1226.9513742943218,0.4271746,0.018308852,1.446317206773177
1226.9613279952973,0.45649484,0.018897325,1.4478269662324545
1226.9712816962729,0.45304632,0.018833278,1.4492629725046093
1226.9812353972484,0.477914,0.019316966,1.4506191391366563
1226.991189098224,0.43905798,0.01854652,1.4518865431038956
1227.0011427991994,0.474308,0.019246915,1.4530516998990641
1227.011096500175,0.46190676,0.019004945,1.454090764803027
1227.0210502011505,0.46113247,0.018991096,1.4550029023479802
1227.031003902126,0.4603574,0.018974412,1.4557754443448374
1227.0409576031016,0.480318,0.019368235,1.4564006216162377
1227.050911304077,0.44426686,0.018657992,1.456873295732013
1227.0608650050526,0.45515874,0.018874949,1.4572281528014617
1227.0708187060281,0.44489893,0.018671205,1.4575142325623032
1227.0807724070037,0.4979203,0.019711992,1.4577657374733937
1227.0907261079792,0.48545417,0.019471109,1.4580036368031353
1227.1006798089547,0.48844102,0.019529702,1.4582377854761113
1227.1106335099303,0.4862111,0.019485235,1.458471322135169
1227.1205872109058,0.48553342,0.019474475,1.458704084424111
1227.1305409118813,0.4338358,0.018445496,1.4589355411220826
1227.1404946128569,0.44858983,0.01874789,1.4591649240547286
1227.1504483138324,0.44187948,0.018609116,1.4593902902833382
1227.160402014808,0.48100376,0.019384848,1.4596075161159097
1227.1703557157834,0.47595215,0.019289734,1.459807344153956
1227.180309416759,0.4478494,0.018731756,1.4599742128102287
1227.1902631177345,0.44424105,0.018666064,1.4600785151453106
1227.20021681871,0.46387535,0.01904974,1.460095542002127
1227.2101705196856,0.4825443,0.019417437,1.4600088351697527
1227.220124220661,0.42063317,0.01817774,1.4598063235473826
1227.2300779216366,0.4736341,0.019248566,1.4594830282560682
1227.2400316226122,0.50597197,0.019861937,1.459025333229592
1227.2499853235877,0.48932484,0.019549133,1.4584587656319203
1227.2599390245632,0.47439346,0.019254379,1.457794914444808
1227.2698927255387,0.44730878,0.01872487,1.457049053085254
1227.2798464265143,0.46109578,0.019000191,1.4562382741605133
1227.2898001274898,0.46851382,0.019149458,1.4553910164031016
1227.2997538284653,0.45450786,0.018872667,1.454541192555496
1227.3097075294409,0.48909366,0.019548835,1.4537171339732442
1227.3196612304164,0.46488363,0.019078901,1.4529424021707165
1227.329614931392,0.45002958,0.018780168,1.4522390759793666
1227.3395686323674,0.41618785,0.018088723,1.4516053237884594
1227.349522333343,0.48910835,0.019549824,1.4510345995253202
1227.3594760343185,0.45750818,0.01892891,1.450520036035497
1227.369429735294,0.47521165,0.019279033,1.4500555739800396
1227.3793834362696,0.47667655,0.01930669,1.4496404898094004
1227.389337137245,0.4752078,0.019276118,1.44926625519214
1227.3992908382206,0.46501017,0.019079784,1.4489326184180125
1227.4092445391962,0.47522154,0.019280003,1.4486407522763323
1227.4191982401717,0.47079647,0.019193374,1.4483959153713022
1227.4291519411472,0.4899259,0.01956251,1.448200533490978
1227.4391056421227,0.46873036,0.019157292,1.4480525658777545
1227.4490593430983,0.4611777,0.01900726,1.447952747850667
1227.4590130440738,0.49358207,0.0196352,1.4479012551377701
1227.4689667450493,0.4340314,0.018459717,1.4479039113956
1227.4789204460249,0.45231017,0.018829945,1.4479550634923724
1227.4888741470004,0.47151417,0.019209525,1.4480529236964494
1227.498827847976,0.50101256,0.019777903,1.4481966078897617
1227.5087815489514,0.47088787,0.019196995,1.4483863480764851
1227.518735249927,0.4642073,0.019066848,1.4486243186058048
1227.5286889509025,0.50103176,0.019781113,1.4489038366452607
1227.538642651878,0.4760518,0.01930253,1.4492239731995755
1227.5485963528536,0.52239734,0.020187525,1.4495847486613016
1227.558550053829,0.484073,0.01945573,1.449991354987528
1227.5685037548046,0.49000546,0.01957255,1.450446784165034
1227.5784574557802,0.49051803,0.01969404,1.4509535185994007
1227.5884111567557,0.49484572,0.020896329,1.4515182260888964
1227.5983648577312,0.4990659,0.022120079,1.4521487046757644
1227.6083185587067,0.49550712,0.021980368,1.4528648150421966
1227.6182722596823,0.4939277,0.02215516,1.453665548626751
1227.6282259606578,0.50567883,0.022961488,1.4545541495486565
1227.6381796616333,0.5177625,0.023892436,1.4555284816142011
1227.648133362609,0.47883233,0.023077019,1.4565802638283918
1227.6580870635846,0.5123471,0.024859197,1.4576908939446818
1227.6680407645601,0.52693284,0.026461527,1.4588298679459046
1227.6779944655357,0.5020744,0.026708452,1.459975489706986
1227.6879481665112,0.57695585,0.028764306,1.4611088101687646
1227.6979018674867,0.513137,0.027251737,1.462208844925084
1227.7078555684623,0.54397494,0.028847026,1.46325818531981
1227.7178092694378,0.5355103,0.0272828,1.4642420696861225
1227.7277629704133,0.5793156,0.02804049,1.465144105747525
1227.7377166713889,0.51220375,0.026478687,1.4659498144875587
1227.7476703723644,0.4634875,0.024806928,1.4666353301045643
1227.75762407334,0.48801118,0.02514624,1.4672198668307432
1227.7675777743154,0.5290211,0.026070848,1.4677175359813885
1227.777531475291,0.53413165,0.026834397,1.4681487962302575
1227.7874851762665,0.5155174,0.026113465,1.468532843524907
1227.797438877242,0.5680218,0.026822193,1.4688862774792937
1227.8073925782176,0.5807742,0.02675449,1.4692216546867796
1227.817346279193,0.538109,0.025658373,1.4695424557297074
1227.8272999801686,0.5388136,0.026196139,1.4698487961261384
1227.8372536811441,0.52942175,0.025536671,1.4701374349592369
1227.8472073821197,0.5506612,0.025652593,1.4704075768368892
1227.8571610830952,0.50376797,0.025154319,1.4706592497255488
1227.8671147840707,0.5756613,0.026117839,1.4708927242019683
1227.8770684850463,0.52442026,0.02479003,1.4711090222271643
1227.8870221860218,0.5690389,0.02611296,1.4713080981566438
1227.8969758869973,0.56863666,0.026788551,1.471494292305743
1227.9069295879729,0.55327183,0.026294593,1.4716694501626812
1227.9168832889484,0.523483,0.02557384,1.4718351898089324
1227.926836989924,0.5078068,0.025250277,1.4719924247525045
1227.9367906908994,0.502055,0.024630887,1.4721420737243132
1227.946744391875,0.5301802,0.024763918,1.4722852185388913
1227.9566980928505,0.5182448,0.02465423,1.4724214995267926
1227.966651793826,0.5302705,0.025019672,1.4725496074947453
1227.9766054948016,0.5287797,0.024720024,1.4726656085317495
1227.986559195777,0.49630854,0.024219053,1.472766313796684
1227.9965128967526,0.515027,0.024764951,1.4728480404823474
1228.0064665977281,0.5171533,0.024866955,1.4729066925815304
1228.0164202987037,0.5758978,0.026490549,1.4729382276480567
1228.0263739996792,0.55412704,0.02501766,1.472936462562815
1228.0363277006547,0.518801,0.022866888,1.4729045052221255
1228.0462814016303,0.50501865,0.022557342,1.4728431904383599
1228.0562351026058,0.5368535,0.0218242,1.4727546825371027
1228.0661888035813,0.52228785,0.020193469,1.4726407794216412
1228.0761425045569,0.50839883,0.019932795,1.4725056196001949
1228.0860962055324,0.46276572,0.01905598,1.4723544440246918
1228.096049906508,0.5097302,0.019962974,1.4721897160525645
1228.1060036074834,0.49724138,0.019722445,1.4720133524865902
1228.115957308459,0.49651682,0.019706232,1.4718267135883034
1228.1259110094345,0.5069434,0.019907698,1.4716349003559372
1228.13586471041,0.5312331,0.020362863,1.4714438577161562
1228.1458184113856,0.4421272,0.018643824,1.4712608201223176
1228.155772112361,0.50891733,0.019948162,1.4710946856830103
1228.1657258133366,0.45824328,0.018966615,1.4709574802449805
1228.1756795143122,0.50090915,0.019798175,1.4708529032214028
1228.1856332152877,0.4840171,0.019472774,1.4707844713211484
1228.1955869162632,0.50459486,0.019863535,1.4707527608701851
1228.2055406172387,0.54379714,0.020595025,1.4707580841333923
1228.2154943182143,0.5076913,0.019923046,1.470796228738419
1228.2254480191898,0.493707,0.019659925,1.4708602183065174
1228.2354017201653,0.5061095,0.019893425,1.4709455465756027
1228.2453554211409,0.5135296,0.020032493,1.4710478213117892
1228.2553091221164,0.5173684,0.020110628,1.47116391967477
1228.265262823092,0.5371263,0.020475514,1.47128838597661
1228.2752165240674,0.52392715,0.020231158,1.471417748308381
1228.285170225043,0.4848593,0.019490879,1.4715492236725873
1228.2951239260185,0.4589443,0.018982435,1.4716801273936668
1228.305077626994,0.5046226,0.01987149,1.4718060675084361
1228.3150313279696,0.49435982,0.019674838,1.4719206754663468
1228.324985028945,0.49430862,0.019671183,1.4720123096095226
1228.3349387299206,0.5091014,0.019953785,1.4720620848520416
1228.3448924308962,0.4899805,0.019590367,1.472034219269166
1228.3548461318717,0.54444575,0.020611025,1.4718875739717139
1228.3647998328472,0.5158028,0.020079596,1.4715935035519387
1228.3747535338227,0.5526067,0.020758696,1.4711257871599162
1228.3847072347983,0.5225028,0.020208413,1.4704704872663932
1228.3946609357738,0.5400612,0.020533646,1.4696078220456539
1228.4046146367493,0.51431406,0.020056773,1.4685814969414825
1228.4145683377249,0.5253199,0.020262187,1.4674306699227246
1228.4245220387004,0.5209826,0.020195602,1.4661987642289926
1228.434475739676,0.50698125,0.01993508,1.464930771612095
1228.4444294406514,0.53421086,0.020443093,1.4636720403790366
1228.454383141627,0.55566543,0.020833492,1.4624519030322556
1228.4643368426025,0.5424479,0.020593334,1.4612841317459657
1228.474290543578,0.54677504,0.020668698,1.460172531931095
1228.4842442445536,0.5077902,0.019947438,1.459118432520526
1228.4941979455293,0.5357194,0.020471096,1.4581157880011264
1228.5041516465049,0.5504303,0.020734852,1.457159460804414
1228.5141053474804,0.5447686,0.02063878,1.45625233923192
1228.524059048456,0.53492767,0.020451646,1.455401794203257
1228.5340127494314,0.53287804,0.020416996,1.4546282135596318
1228.543966450407,0.53355014,0.020429844,1.4539352857283578
1228.5539201513825,0.5246849,0.020264678,1.4533293456347274
1228.563873852358,0.54683155,0.020675061,1.4528149033230013
1228.5738275533336,0.4804334,0.01942656,1.4523959624171618
1228.583781254309,0.5112333,0.02001278,1.4520782688432272
1228.5937349552846,0.5557239,0.02083803,1.4518478027932913
1228.6036886562601,0.5624044,0.020959364,1.451700980014344
1228.6136423572357,0.521083,0.020203162,1.451634393582664
1228.6235960582112,0.52023685,0.020187447,1.4516513367600181
1228.6335497591867,0.51426625,0.020072699,1.4517480382380428
1228.6435034601623,0.5253304,0.02027711,1.4519182062766214
1228.6534571611378,0.5203591,0.02019245,1.4521618729534571
1228.6634108621133,0.5312736,0.020396046,1.4524802444556695
1228.6733645630889,0.52983487,0.020371148,1.452886270082252
1228.6833182640644,0.51794803,0.020148074,1.4533747035792404
1228.69327196504,0.54598665,0.020664966,1.453947963552947
1228.7032256660154,0.57779074,0.021236118,1.4546097686251245
1228.713179366991,0.5638478,0.020985663,1.4553667016574887
1228.7231330679665,0.5565152,0.020857284,1.4562300945228368
1228.733086768942,0.61172163,0.021828365,1.457191693411948
1228.7430404699176,0.57431793,0.021174887,1.4582542607440732
1228.752994170893,0.54391813,0.020626672,1.4594213943579324
1228.7629478718686,0.5519572,0.02077245,1.4607073670042798
1228.7729015728441,0.58821785,0.021423338,1.4621165030550105
1228.7828552738197,0.5550128,0.020829758,1.4636443662453422
1228.7928089747952,0.5615657,0.020946406,1.465287987376147
1228.8027626757707,0.5320764,0.02040581,1.4670336373303483
1228.8127163767463,0.54541177,0.020653259,1.4688569917420953
1228.8226700777218,0.5749162,0.021186316,1.4706995053037901
1228.8326237786973,0.571306,0.021124734,1.4725067270745515
1228.8425774796729,0.56975967,0.021097375,1.4742237359500063
1228.8525311806484,0.5490899,0.020726103,1.4757956272967685
1228.862484881624,0.55345947,0.02080692,1.477166723412164
1228.8724385825994,0.508396,0.019970575,1.4783386555670959
1228.882392283575,0.54451406,0.0206444,1.4793121658330315
1228.8923459845505,0.5718385,0.021135878,1.4801008478159314
1228.902299685526,0.5911167,0.02147777,1.4807140333334665
1228.9122533865016,0.582335,0.021324752,1.4811791932470946
1228.922207087477,0.5387094,0.020536473,1.4815225094327622
1228.9321607884526,0.5733642,0.021164488,1.4817536795511377
1228.9421144894281,0.5955639,0.021556564,1.4818784571185044
1228.9520681904037,0.55348384,0.02080326,1.4818892628777338
1228.9620218913792,0.53646773,0.020493915,1.4818077584079774
1228.9719755923547,0.57257473,0.021149432,1.481650033373644
1228.9819292933303,0.5409246,0.020578705,1.4814346068080901
1228.9918829943058,0.55042493,0.020752097,1.481180592811096
1229.0018366952813,0.5511621,0.020763353,1.480903633882304
1229.0117903962569,0.5615479,0.020952059,1.4806141989720945
1229.0217440972324,0.5416399,0.020591093,1.4803092680743437
1229.031697798208,0.5680862,0.021067385,1.4799729629199054
1229.0416514991834,0.5637857,0.020992003,1.479563821340946
1229.051605200159,0.55922794,0.020904835,1.4790184569074305
1229.0615589011345,0.54834867,0.020713435,1.478272479840519
1229.07151260211,0.5239051,0.020265626,1.4772560915497959
1229.0814663030856,0.57629824,0.021227442,1.4759088816273631
1229.091420004061,0.57393056,0.021177227,1.474128681179125
1229.1013737050366,0.5527061,0.020795185,1.4719161475079523
1229.1113274060122,0.5519603,0.020784525,1.4692591073841241
1229.1212811069877,0.55119115,0.020771855,1.4661569127532579
1229.1312348079632,0.53271544,0.020432409,1.4626216918940993
1229.1411885089387,0.55032206,0.020751104,1.4586738187693862
1229.1511422099143,0.5239096,0.020266565,1.4544303237260396
1229.1610959108898,0.5392921,0.020548541,1.4499614041707725
1229.1710496118653,0.5180076,0.020156557,1.445333408420585
1229.1810033128409,0.5282284,0.020347312,1.4405992002219263
1229.1909570138164,0.5806124,0.021295095,1.4358134335151997
1229.200910714792,0.5490829,0.0207309,1.4310241158318013
1229.2108644157674,0.5342263,0.020461831,1.4262783484021875
1229.220818116743,0.5812684,0.021305341,1.4216351671446408
1229.2307718177185,0.53137416,0.020403946,1.4171969867744576
1229.240725518694,0.56163406,0.020967301,1.4130340804973915
1229.2506792196696,0.55399436,0.02082048,1.4092108709936197
1229.260632920645,0.5646062,0.021023342,1.4057770759328971
1229.2705866216206,0.57100105,0.021135401,1.4027677743821363
1229.2805403225962,0.5370724,0.020515636,1.4002278564180517
1229.2904940235717,0.542241,0.020611195,1.3980891824160644
1229.3004477245472,0.55335665,0.020815697,1.3963315834257177
1229.3104014255227,0.53188497,0.020418612,1.3949344662309278
1229.3203551264983,0.5371218,0.020517198,1.3939028231458859
1229.3303088274738,0.568787,0.02108992,1.3932223307540286
1229.3402625284493,0.54236865,0.020613661,1.392856068280974
1229.3502162294249,0.5555374,0.020850351,1.3927955375861585
1229.3601699304004,0.53277063,0.020436486,1.3930320200540731
1229.370123631376,0.56148446,0.020962216,1.3935864226055972
1229.3800773323514,0.5725619,0.02116116,1.39441463026092
1229.390031033327,0.52685297,0.020329878,1.3954848992579685
1229.3999847343025,0.5577888,0.020901555,1.3967671139095268
1229.409938435278,0.54956645,0.02074611,1.398225062637358
1229.4198921362536,0.5452666,0.020667978,1.399818930022433
1229.429845837229,0.5696843,0.021113114,1.4014742968463563
1229.4397995382046,0.5541108,0.0208282,1.4031428365988177
1229.4497532391802,0.5881014,0.021436494,1.4047915342088229
1229.4597069401557,0.57121557,0.02113924,1.4064067407450407
1229.4696606411312,0.54826844,0.020724945,1.4080036469172466
1229.4796143421067,0.56814647,0.021085225,1.4096227875029927
1229.4895680430823,0.6013659,0.021671755,1.411317687833879
1229.4995217440578,0.5586727,0.020915458,1.4131498132121063
1229.5094754450333,0.5843666,0.021371985,1.4152047483908063
1229.5194291460089,0.56758976,0.021079589,1.4175136104600987
1229.5293828469844,0.574858,0.021212062,1.4200851327452364
1229.53933654796,0.59984297,0.021645352,1.4229153271205952
1229.5492902489354,0.5801854,0.021303233,1.4259778421452785
1229.559243949911,0.5623511,0.020983968,1.4292272852632206
1229.5691976508865,0.5482503,0.020724878,1.4325462514717098
1229.5791513518623,0.5770966,0.021245219,1.4358402749825963
1229.5891050528378,0.57862025,0.021272864,1.4390231147901027
1229.5990587538133,0.5778676,0.021259801,1.4420166195897308
1229.6090124547889,0.5787011,0.021280391,1.4447701982142358
1229.6189661557644,0.53874743,0.020558013,1.4472902371199854
1229.62891985674,0.5889098,0.021464176,1.4495780352133938
1229.6388735577154,0.5675258,0.021080097,1.4516378774496914
1229.648827258691,0.5727698,0.021178173,1.4534452775151419
1229.6587809596665,0.57036793,0.02112891,1.4550051659154772
1229.668734660642,0.56989294,0.021130113,1.4563208153339258
1229.6786883616176,0.6117048,0.021857895,1.4573956812506519
1229.688642062593,0.59497917,0.021568323,1.4582508893043302
1229.6985957635686,0.5845888,0.02138766,1.458911879593797
1229.7085494645441,0.58815074,0.021444263,1.4594738571634456
1229.7185031655197,0.6163359,0.021935675,1.4600027458041642
1229.7284568664952,0.56837213,0.021091117,1.4605551446237004
1229.7384105674707,0.57353824,0.021186553,1.4611765219496342
1229.7483642684463,0.64516103,0.022432948,1.4618988124110803
1229.7583179694218,0.5744309,0.021214617,1.462724593629972
1229.7682716703973,0.5836991,0.021375379,1.4636583851891842
1229.7782253713729,0.57348293,0.021195317,1.4647032360861498
1229.7881790723484,0.55496764,0.020861646,1.465874817474535
1229.798132773324,0.57410884,0.021203766,1.4671773193666855
1229.8080864742994,0.58158916,0.021338128,1.4686154259971227
1229.818040175275,0.5919265,0.021521043,1.47020266711407
1229.8279938762505,0.61036533,0.02184177,1.47195425033947
1229.837947577226,0.60523564,0.021749951,1.4739140511196793
1229.8479012782016,0.6171872,0.021961352,1.4760758702436736
1229.857854979177,0.5808642,0.021322187,1.4784502099720052
1229.8678086801526,0.57875544,0.02129056,1.4810406396507656
1229.8777623811282,0.57340884,0.02119037,1.4838417021663628
1229.8877160821037,0.5942827,0.02156626,1.4868224937392736
1229.8976697830792,0.62005997,0.022014773,1.4898952064677309
1229.9076234840547,0.5588405,0.020938383,1.4929798605922195
1229.9175771850303,0.6007102,0.021678895,1.495991928608905
1229.9275308860058,0.57577145,0.021241916,1.498831058931976
1229.9374845869813,0.55210793,0.02081718,1.501418243248168
1229.9474382879569,0.56454563,0.021040054,1.5037131845557425
1229.9573919889324,0.581564,0.021340368,1.505682374384234
1229.967345689908,0.61862123,0.021990394,1.5073136805702156
1229.9772993908834,0.59573036,0.021592284,1.5085781180045763
1229.987253091859,0.61270607,0.021887776,1.5095466086553722
1229.9972067928345,0.59719545,0.021615243,1.5102678128699782
1230.00716049381,0.5928116,0.021539895,1.5107824316367393
1230.0171141947856,0.6186378,0.021991042,1.511119211588793
1230.027067895761,0.597966,0.021629075,1.511289120488276
1230.0370215967366,0.5892837,0.02148563,1.5113256427118138
1230.0469752977122,0.5957154,0.021596195,1.5112383621408805
1230.0569289986877,0.5809916,0.021335987,1.5110366042688157
1230.0668826996632,0.6254242,0.022120014,1.5107246721970715
1230.0768364006387,0.6363055,0.022298375,1.5103185595080735
1230.0867901016143,0.6475733,0.022490079,1.5098438281182895
1230.0967438025898,0.6592896,0.022680264,1.5093220411626351
1230.1066975035653,0.64324945,0.022417786,1.5087785842859704
1230.1166512045409,0.6150057,0.021932224,1.5082448814795055
1230.1266049055164,0.615702,0.021939699,1.5077502847958537
1230.136558606492,0.6519946,0.022557741,1.5073138589461048
1230.1465123074674,0.61078143,0.021861296,1.5069466875652626
1230.156466008443,0.66295314,0.022741336,1.5066537862244715
1230.1664197094185,0.6610832,0.022720847,1.5064433815797242
1230.176373410394,0.63800275,0.022333464,1.5063026939482125
1230.1863271113696,0.621691,0.02205353,1.5062288418993535
1230.196280812345,0.6291085,0.022181528,1.5062185383702884
1230.2062345133206,0.61071014,0.02187007,1.5062707081197588
1230.2161882142962,0.6229932,0.022071494,1.5063802452087103
1230.2261419152717,0.6232727,0.022078054,1.5065339755859524
1230.2360956162472,0.60177,0.021702679,1.5067231306173323
1230.2460493172227,0.60334086,0.02173375,1.506938931669218
1230.2560030181983,0.6106064,0.02185498,1.5071750900066703
1230.2659567191738,0.6462549,0.02247134,1.5074249310941685
1230.2759104201493,0.61367476,0.021916173,1.5076858150743724
1230.2858641211249,0.63278604,0.02224288,1.507958324447357
1230.2958178221004,0.7103807,0.02352392,1.5082449507562
1230.305771523076,0.7076836,0.023485342,1.5085530019469373
1230.3157252240514,0.6307204,0.022204721,1.5088858410756962
1230.325678925027,0.6507143,0.022547716,1.5092495771890486
1230.3356326260025,0.6381289,0.022337515,1.5096503598704598
1230.345586326978,0.6595394,0.02270039,1.5100951391546382
1230.3555400279536,0.6476511,0.022498187,1.5105884741429332
1230.365493728929,0.6564821,0.022640893,1.5111204116964712
1230.3754474299046,0.6263622,0.022134906,1.5116764996130274
1230.3854011308802,0.6455872,0.022469753,1.5122300034929161
1230.3953548318557,0.63137585,0.022223732,1.5127300093130962
1230.4053085328312,0.6107794,0.02187065,1.5131105769455804
1230.4152622338067,0.555377,0.020890616,1.5133137874097855
1230.4252159347825,0.62900823,0.022184148,1.5132858834607292
1230.435169635758,0.58261466,0.02137297,1.5129888251680905
1230.4451233367336,0.63214046,0.022236833,1.5123668414421632
1230.455077037709,0.64264524,0.022420656,1.5114544237187553
1230.4650307386846,0.62043,0.022043006,1.5102670627732597
1230.4749844396601,0.6026258,0.021734672,1.5088129805123092
1230.4849381406357,0.5841462,0.021412794,1.507084109651959
1230.4948918416112,0.62315375,0.022086995,1.5050299866310324
1230.5048455425867,0.6040748,0.021754304,1.5026322106223282
1230.5147992435623,0.58501494,0.021428818,1.4998134572951467
1230.5247529445378,0.6135066,0.021917628,1.4964870424198526
1230.5347066455133,0.5849751,0.021418776,1.4925329320560787
1230.5446603464889,0.60929847,0.021848187,1.487895292591967
1230.5546140474644,0.5990739,0.021678468,1.4826247326623743
1230.56456774844,0.5937184,0.021581355,1.4767664165615466
1230.5745214494154,0.5901014,0.0215195,1.4704109088761483
1230.584475150391,0.64177775,0.0224147,1.4636741537102838
1230.5944288513665,0.63216084,0.022246592,1.4567893874792803
1230.604382552342,0.6492705,0.022539224,1.4499590141174403
1230.6143362533176,0.57241684,0.021203492,1.4433531049429766
1230.624289954293,0.56573546,0.021087065,1.4371040921393805
1230.6342436552686,0.5810989,0.021357339,1.4313507196155175
1230.6441973562441,0.5458296,0.020726025,1.426055935620463
1230.6541510572197,0.5774144,0.021293534,1.421213079816619
1230.6641047581952,0.5931207,0.02157741,1.4168086449396178
1230.6740584591707,0.51034,0.020067899,1.4128548913820347
1230.6840121601463,0.58836704,0.021487957,1.4093725452405779
1230.6939658611218,0.58057547,0.021355301,1.4063313348341553
1230.7039195620973,0.5937022,0.021584773,1.4037443188291416
1230.7138732630729,0.60781866,0.021832023,1.4016206123409658
1230.7238269640484,0.6049054,0.021781342,1.4000064489303958
1230.733780665024,0.55903846,0.020961886,1.398877448017542
1230.7437343659994,0.5842679,0.02142449,1.3982009718105974
1230.753688066975,0.5811244,0.021362437,1.3979696612935415
1230.7636417679505,0.53917265,0.020607095,1.398177753492694
1230.773595468926,0.5567133,0.020927021,1.3988821216345286
1230.7835491699016,0.54866606,0.02078138,1.4000274655645457
1230.793502870877,0.5810285,0.02135598,1.4016132795790552
1230.8034565718526,0.58647156,0.021457912,1.4036475072685166
1230.8134102728282,0.5709394,0.021184672,1.4061572642938225
1230.8233639738037,0.5944667,0.02160075,1.4091997608689426
1230.8333176747792,0.59898484,0.021681685,1.4127352430777158
1230.8432713757547,0.5990436,0.021688879,1.4167721243004172
1230.8532250767303,0.60627705,0.021811157,1.4213053065871195
1230.8631787777058,0.58874476,0.0215112,1.4263415236617267
1230.8731324786813,0.58334714,0.021409055,1.4318219954224052
1230.8830861796569,0.5916375,0.02155778,1.437646820726219
1230.8930398806324,0.59376067,0.021591824,1.4437462948760373
1230.902993581608,0.56286526,0.021046594,1.4500570563106485
1230.9129472825834,0.6025438,0.021745542,1.4565444479251073
1230.922900983559,0.576916,0.021297516,1.4631596956002169
1230.9328546845345,0.63000804,0.022224043,1.4698798401314357
1230.94280838551,0.61021584,0.021888921,1.4766841860478084
1230.9527620864856,0.60480106,0.021787003,1.483527155298571
1230.962715787461,0.58356154,0.021417461,1.490269016778389
1230.9726694884366,0.6225978,0.022096623,1.4966907041897015
1230.9826231894122,0.60280216,0.021755824,1.502502190803666
1230.9925768903877,0.6072092,0.021836558,1.507384456931106
1231.0025305913632,0.61075187,0.021890406,1.5109681146818041
1231.0124842923387,0.58438253,0.021432016,1.5129434837935705
1231.0224379933143,0.6241896,0.022130586,1.513313837493547
1231.0323916942898,0.6248877,0.02214007,1.5120421076719168
1231.0423453952653,0.60651124,0.021824265,1.5091692453664742
1231.0522990962409,0.6300954,0.02223055,1.5046941944016121
1231.0622527972164,0.63234156,0.022268798,1.4989306239485394
1231.072206498192,0.5695788,0.021172438,1.4922480767858386
1231.0821601991674,0.58943015,0.021529322,1.4849811789469407
1231.092113900143,0.61526126,0.021980586,1.4774628485665913
1231.1020676011185,0.6094379,0.02188004,1.4700155447526426
1231.112021302094,0.59311885,0.021591553,1.462849369928247
1231.1219750030696,0.596916,0.021664992,1.4560586575065637
1231.131928704045,0.59826744,0.021684442,1.449674410835489
1231.1418824050206,0.60428923,0.021792902,1.4437085623675407
1231.1518361059962,0.5886513,0.021511892,1.4381983770930022
1231.1617898069717,0.62427664,0.022138039,1.4331188661864038
1231.1717435079472,0.5562832,0.020937962,1.4285021683009176
1231.1816972089227,0.5900855,0.02153977,1.42437351938338
1231.1916509098983,0.59917915,0.021708274,1.4207772051094234
1231.2016046108738,0.58201337,0.02140209,1.4177060332723528
1231.2115583118493,0.56725675,0.021135652,1.4151071965516246
1231.2215120128249,0.56434643,0.021084871,1.4129631769151154
1231.2314657138004,0.5487546,0.020798033,1.4112543041248602
1231.241419414776,0.5776621,0.02132587,1.410000276224816
1231.2513731157514,0.5835247,0.021427337,1.409133931819584
1231.261326816727,0.6071976,0.021838933,1.408607216374968
1231.2712805177025,0.6155136,0.021987056,1.4083870444696331
1231.281234218678,0.6191376,0.022047583,1.4084488262054473
1231.2911879196536,0.63096225,0.022247862,1.4088098769915474
1231.301141620629,0.58301896,0.021414256,1.4094261104033143
1231.3110953216046,0.5821954,0.021401305,1.410299935830792
1231.3210490225802,0.5814229,0.021387285,1.4114414722744097
1231.3310027235557,0.5548899,0.02091541,1.4128843310820436
1231.3409564245312,0.5221519,0.020302821,1.4146777464578708
1231.3509101255067,0.5827802,0.021410031,1.4168292371527609
1231.3608638264823,0.60359895,0.021777457,1.4193826341759603
1231.3708175274578,0.62512916,0.022153413,1.4223877734174823
1231.3807712284333,0.6495302,0.0225686,1.4259486242912844
1231.3907249294089,0.6584352,0.022717338,1.4301142007288763
1231.4006786303844,0.6511367,0.02259951,1.4349044391529102
1231.41063233136,0.5875635,0.02150849,1.4403603041238842
1231.4205860323354,0.66271126,0.022797184,1.4464978627489409
1231.430539733311,0.61554384,0.0219939,1.4533617355220056
1231.4404934342865,0.6421446,0.022449976,1.4607577365771665
1231.450447135262,0.6622401,0.022795025,1.4684944107434779
1231.4604008362376,0.61111,0.021923857,1.4763597562890598
1231.470354537213,0.61324406,0.02195853,1.4841331014402244
1231.4803082381886,0.6339794,0.022311565,1.49156259596995
1231.4902619391642,0.65851796,0.022730831,1.4985115599702787
1231.5002156401397,0.6378081,0.022382336,1.5048556039035414
1231.5101693411154,0.62815285,0.022217583,1.5104956429147958
1231.520123042091,0.6318713,0.022283396,1.5153050623265316
1231.5300767430665,0.66436756,0.022831019,1.519225768917614
1231.540030444042,0.63410795,0.022319041,1.5223568656346576
1231.5499841450176,0.6119844,0.021941457,1.5247858121102682
1231.559937845993,0.6480437,0.022554168,1.5266441970245044
1231.5698915469686,0.6275543,0.022211893,1.5280525789828836
1231.5798452479441,0.62738186,0.02220462,1.5291801955429367
1231.5897989489197,0.6991809,0.023402687,1.5301246606352688
1231.5997526498952,0.6645845,0.022835542,1.5309301443351637
1231.6097063508707,0.6763169,0.023029186,1.5316227126633428
1231.6196600518463,0.6852091,0.023175403,1.5322262607330748
1231.6296137528218,0.66463244,0.022842962,1.5328055292497818
1231.6395674537973,0.69912034,0.023404445,1.5334184021305461
1231.6495211547729,0.6091211,0.021892887,1.534118346957771
1231.6594748557484,0.63331836,0.022307344,1.5349537967992632
1231.669428556724,0.64826435,0.022567019,1.5359726511078666
1231.6793822576994,0.6504202,0.022602962,1.5371780488270446
1231.689335958675,0.70879185,0.02356189,1.538580939010477
1231.6992896596505,0.6483785,0.022568045,1.5401839409663198
1231.709243360626,0.673419,0.022988264,1.5419930644492783
1231.7191970616016,0.63493115,0.022340458,1.543984254056505
1231.729150762577,0.635605,0.022348575,1.5461118008342143
1231.7391044635526,0.65718865,0.022718979,1.5483393587600653
1231.7490581645282,0.67485815,0.023011213,1.550630521116595
1231.7590118655037,0.66303045,0.0228076,1.5529504342943852
1231.7689655664792,0.6350854,0.02233918,1.5552607673988472
1231.7789192674547,0.68010837,0.023094576,1.5575330826546816
1231.7888729684303,0.6484259,0.022569582,1.5597446635865388
1231.7988266694058,0.72011256,0.02375145,1.5618787893940538
1231.8087803703813,0.6749616,0.02300862,1.5639142320870008
1231.8187340713569,0.6212,0.022110341,1.5658630259934154
1231.8286877723324,0.6350515,0.022353292,1.567732075991413
1231.838641473308,0.6659826,0.022870125,1.5695313295445836
1231.8485951742834,0.6905179,0.023274625,1.57126672264485
1231.858548875259,0.7121026,0.02363095,1.57293483274348
1231.8685025762345,0.66692036,0.022889651,1.5745294514115935
1231.87845627721,0.71576524,0.023692891,1.5760323159677356
1231.8884099781856,0.7223365,0.023791503,1.5774251790594076
1231.898363679161,0.66705847,0.022892758,1.578683495066311
1231.9083173801366,0.6890092,0.023248643,1.579804906454258
1231.9182710811122,0.71275824,0.023628961,1.5808034257277046
1231.9282247820877,0.72186166,0.02378161,1.581693060301658
1231.9381784830632,0.74688447,0.024173705,1.5824938523215328
1231.9481321840387,0.74493074,0.0241532,1.5832243243410358
1231.9580858850143,0.65306896,0.022659544,1.5839185022114473
1231.9680395859898,0.704639,0.023507282,1.5845997961033707
1231.9779932869653,0.6818347,0.023133755,1.5852861805411262
1231.9879469879409,0.66703624,0.022889068,1.5859918615539934
1231.9979006889164,0.7342994,0.023979606,1.586731242352534
1232.007854389892,0.7072055,0.023553539,1.587506538631148
1232.0178080908674,0.73364145,0.023976244,1.588318777573247
1232.027761791843,0.7056486,0.023529895,1.5891645751713366
1232.0377154928185,0.7602159,0.02438936,1.590035705518961
1232.047669193794,0.7456952,0.024163608,1.5909146154334164
1232.0576228947696,0.74793565,0.024205504,1.591779380106975
1232.067576595745,0.7033789,0.023488337,1.592610108117582
1232.0775302967206,0.7463128,0.024174646,1.5933901113173157
1232.0874839976962,0.74197257,0.02410889,1.5941024575973641
1232.0974376986717,0.75890833,0.024372168,1.5947465607811009
1232.1073913996472,0.72128373,0.02378017,1.595331772584387
1232.1173451006227,0.69315666,0.023330344,1.5958686118706074
1232.1272988015983,0.73737884,0.024039349,1.5963696598963173
1232.1372525025738,0.7211953,0.023781609,1.5968448574953902
1232.1472062035493,0.6679515,0.022914877,1.5973061248196725
1232.1571599045249,0.6759307,0.023045672,1.5977582736597873
1232.1671136055004,0.7085507,0.023582736,1.5982034525956532
1232.177067306476,0.72481215,0.023842724,1.598642481726283
1232.1870210074514,0.7099705,0.023594325,1.5990757972457241
1232.196974708427,0.7257034,0.023853196,1.59950579837093
1232.2069284094025,0.6975586,0.02340282,1.5999348161900517
1232.216882110378,0.71151733,0.023628104,1.6003655343719634
1232.2268358113536,0.6872567,0.023240615,1.6008008153182893
1232.236789512329,0.6870242,0.023232246,1.6012428804624457
1232.2467432133046,0.6767728,0.023065107,1.601691979959476
1232.2566969142802,0.69824076,0.02342004,1.602147815324818
1232.2666506152557,0.7011803,0.02346647,1.602609104035028
1232.2766043162312,0.7152961,0.023695843,1.6030732834852044
1232.2865580172067,0.714571,0.02368547,1.6035345571669626
1232.2965117181823,0.70866084,0.023592006,1.6039834370554302
1232.3064654191578,0.66054046,0.022797016,1.6044039012101015
1232.3164191201333,0.71151924,0.023632532,1.6047710926437069
1232.3263728211089,0.68955415,0.023282254,1.6050355351640881
1232.3363265220844,0.67823565,0.023091957,1.6051680016441816
1232.34628022306,0.7123291,0.023647824,1.6051394171988638
1232.3562339240357,0.7058308,0.02354809,1.604926230219425
1232.3661876250112,0.69612855,0.023389721,1.6045071476542758
1232.3761413259867,0.6813169,0.023146842,1.603852808475486
1232.3860950269623,0.6768567,0.023072463,1.6029936058460272
1232.3960487279378,0.7271781,0.023890274,1.6019473853136441
1232.4060024289133,0.6407981,0.022478234,1.6007436618043005
1232.4159561298889,0.6766514,0.02306934,1.5994162697311214
1232.4259098308644,0.7167943,0.023719301,1.5980149715357717
1232.43586353184,0.6868035,0.023247033,1.596593456764467
1232.4458172328154,0.7271713,0.023898622,1.5951939930214523
1232.455770933791,0.70055574,0.023464205,1.5938572304598693
1232.4657246347665,0.6843874,0.023202948,1.5926326423726693
1232.475678335742,0.7220152,0.02381121,1.5915447341549893
1232.4856320367176,0.7236677,0.023839397,1.5905994009860356
1232.495585737693,0.70957613,0.023610607,1.5897969802776597
1232.5055394386686,0.7318121,0.023969088,1.5891305092453165
1232.5154931396441,0.7044594,0.023532676,1.588606453046863
1232.5254468406197,0.72354394,0.023835577,1.5881999468015149
1232.5354005415952,0.68153864,0.023158899,1.5879035126271075
1232.5453542425707,0.6799248,0.02313208,1.5877129951782765
1232.5553079435463,0.70362157,0.023522547,1.5876283536787466
1232.5652616445218,0.69104004,0.023316529,1.5876579262624004
1232.5752153454973,0.7421015,0.024136432,1.5877884993304732
1232.5851690464729,0.71041197,0.023630718,1.588019606303112
1232.5951227474484,0.7310042,0.023956291,1.588350505447981
1232.605076448424,0.7075167,0.023586676,1.5887858104321935
1232.6150301493994,0.7051085,0.023544665,1.5893251582622097
1232.624983850375,0.6814859,0.023159929,1.589957219885284
1232.6349375513505,0.7511113,0.024288407,1.5906789404465111
1232.644891252326,0.73183155,0.023980392,1.5914876513101657
1232.6548449533016,0.74071664,0.024118856,1.5923900124597212
1232.664798654277,0.7519742,0.024304744,1.5933815268333886
1232.6747523552526,0.7141252,0.02370254,1.5944591676248054
1232.6847060562282,0.7362015,0.024049228,1.595624914960685
1232.6946597572037,0.70754355,0.02359186,1.596881206167711
1232.7046134581792,0.7489233,0.024252633,1.598243799857753
1232.7145671591547,0.7164277,0.023737656,1.5997048841692083
1232.7245208601303,0.70372933,0.023530647,1.6012674900185915
1232.7344745611058,0.7363862,0.02405972,1.6029372982453025
1232.7444282620813,0.6978515,0.02343675,1.6047246409146396
1232.7543819630569,0.7037364,0.023531508,1.6066511776110453
1232.7643356640324,0.768969,0.024571544,1.6087075767184444
1232.774289365008,0.72451705,0.02386732,1.6108906719160676
1232.7842430659834,0.7090797,0.02362681,1.613184536283608
1232.794196766959,0.75470334,0.02434467,1.6155626165434331
1232.8041504679345,0.70023996,0.023479862,1.6179804110145914
1232.81410416891,0.6889257,0.023290949,1.6203875235163143
1232.8240578698856,0.71933347,0.023784395,1.6227384100721811
1232.834011570861,0.6772806,0.023104735,1.6249870810974045
1232.8439652718366,0.7429974,0.02416649,1.6270720803196794
1232.8539189728122,0.7001722,0.023480449,1.6289598224641872
1232.8638726737877,0.71704453,0.02374748,1.6306370228568592
1232.8738263747632,0.74610204,0.02421377,1.6320945900446797
1232.8837800757387,0.7320582,0.023992227,1.633334006893258
1232.8937337767143,0.75583506,0.024377381,1.634336984623491
1232.9036874776898,0.7511848,0.024300478,1.6351387079309894
1232.9136411786653,0.71056145,0.023652365,1.635748711497268
1232.9235948796409,0.71059996,0.02365879,1.636165706729149
1232.9335485806164,0.7481222,0.024248868,1.636371295122891
1232.943502281592,0.72548854,0.023895418,1.6363060641648166
1232.9534559825674,0.70615214,0.023586793,1.6359579068436219
1232.963409683543,0.71413696,0.023709752,1.6352885319893469
1232.9733633845185,0.6718168,0.023049016,1.6342670452628494
1232.983317085494,0.72010446,0.024479121,1.6328536264486562
1232.9932707864696,0.7169979,0.02598667,1.631030418465826
1233.003224487445,0.7820375,0.02732382,1.6288431963537915
1233.0131781884206,0.77007425,0.02687268,1.6263155110550143
1233.0231318893962,0.7567247,0.027296985,1.623483549024402
1233.0330855903717,0.76990885,0.027869385,1.620381785358938
1233.0430392913472,0.7512406,0.028128043,1.6170982692737288
1233.0529929923227,0.7528354,0.028465025,1.6137265183657168
1233.0629466932983,0.76964307,0.030336719,1.6103512050045572
1233.0729003942738,0.77799624,0.031042196,1.6070536150728145
1233.0828540952493,0.78912246,0.032308973,1.6039316422983405
1233.0928077962249,0.76561815,0.031078076,1.6010303917891888
1233.1027614972004,0.75568914,0.032095302,1.5983804446824537
1233.112715198176,0.763643,0.031810664,1.59599973777717
1233.1226688991514,0.7161023,0.02949222,1.5938961693171714
1233.132622600127,0.70642656,0.029981086,1.5920942015270765
1233.1425763011025,0.69343525,0.029627604,1.5905448437631415
1233.152530002078,0.65146184,0.02791345,1.5892348685334632
1233.1624837030536,0.6760649,0.028624961,1.588152089773991
1233.172437404029,0.7386879,0.029914891,1.5872959942455918
1233.1823911050046,0.7122277,0.029635778,1.5866670230489093
1233.1923448059802,0.6655783,0.028314818,1.586237548156482
1233.2022985069557,0.7249448,0.029290784,1.5860030321750145
1233.2122522079312,0.7246457,0.028929885,1.5859605974823079
1233.2222059089067,0.73000383,0.028931808,1.5861243786325816
1233.2321596098823,0.7323304,0.02951086,1.5864892662471988
1233.2421133108578,0.7595732,0.029229797,1.5870408203758537
1233.2520670118333,0.70327616,0.028164808,1.5877746086893147
1233.2620207128089,0.70265275,0.028391058,1.5886824830013966
1233.2719744137844,0.7076384,0.027811233,1.5897688690444305
1233.28192811476,0.68918186,0.028206134,1.5909993660233708
1233.2918818157355,0.7247532,0.029398665,1.592348818154572
1233.301835516711,0.7823867,0.03045474,1.5937982144634288
1233.3117892176865,0.68376505,0.028002648,1.5953346807512585
1233.321742918662,0.7262632,0.029426256,1.5969683597325384
1233.3316966196376,0.69856685,0.02835348,1.5987022210026596
1233.341650320613,0.74006104,0.028507208,1.6005626092018674
1233.3516040215886,0.69769764,0.027627321,1.6025839533675645
1233.3615577225642,0.74118286,0.028741207,1.6048134157891027
1233.3715114235397,0.7286063,0.028033733,1.6073059687339644
1233.3814651245152,0.81445086,0.02976067,1.6100549149356564
1233.3914188254907,0.77305454,0.029320197,1.6130496581030362
1233.4013725264663,0.80557585,0.029888112,1.6162473351841087
1233.4113262274418,0.7786267,0.029847505,1.6195793384107149
1233.4212799284173,0.78552324,0.029578395,1.62294397518869
1233.4312336293929,0.739626,0.027192518,1.626254634962632
1233.4411873303686,0.7475296,0.02656928,1.6294468482142728
1233.4511410313442,0.71723264,0.025909053,1.6324654277548056
1233.4610947323197,0.7513717,0.024390914,1.6352297721657645
1233.4710484332952,0.6897263,0.023349395,1.6376984286078005
1233.4810021342707,0.7116338,0.023699485,1.639834461617746
1233.4909558352463,0.7377608,0.024118945,1.6415991277455353
1233.5009095362218,0.763704,0.024524553,1.6429669927266033
1233.5108632371973,0.7179577,0.023806268,1.6438737757005375
1233.5208169381729,0.746687,0.024267146,1.6443927969204282
1233.5307706391484,0.7570176,0.024426062,1.6445650619843852
1233.540724340124,0.7230572,0.023887644,1.6444439221265443
1233.5506780410994,0.69117343,0.023371814,1.644088869064822
1233.560631742075,0.7051787,0.023600675,1.6435660668212186
1233.5705854430505,0.71624374,0.023774412,1.6429729432578535
1233.580539144026,0.7155878,0.023759656,1.6423763849504778
1233.5904928450016,0.73270154,0.024034742,1.6418273365364844
1233.600446545977,0.69709665,0.023460058,1.64135653954959
1233.6104002469526,0.7124522,0.023667997,1.6409683931101264
1233.6203539479282,0.6639366,0.022848321,1.6406499253500968
1233.6303076489037,0.6813609,0.034780964,1.6403987833151188
1233.6402613498792,0.77076083,0.036889583,1.6402195325745432
1233.6502150508547,0.7224956,0.035768796,1.640132761197533
1233.6601687518303,0.6865243,0.034908302,1.640152637521588
1233.6701224528058,0.7123405,0.03552893,1.6402885500191817
1233.6800761537813,0.68646914,0.03490786,1.6405507712047662
1233.6900298547569,0.704265,0.035338394,1.6409444522339645
1233.6999835557324,0.6816057,0.034792,1.6414847365392733
1233.709937256708,0.6636084,0.03435117,1.6421484130787594
1233.7198909576834,0.70582056,0.03537824,1.6429163220423575
1233.729844658659,0.6735156,0.034596775,1.6437641018511926
1233.7397983596345,0.7367835,0.03611309,1.64465896671879
1233.74975206061,0.7760921,0.037022226,1.645553809161729
1233.7597057615856,0.80226195,0.03761454,1.6463974598644056
1233.769659462561,0.73739386,0.03612902,1.6471454138502348
1233.7796131635366,0.683494,0.03484495,1.647759993423159
1233.7895668645122,0.70274395,0.035310384,1.6482078215620255
1233.7995205654877,0.8052593,0.03768629,1.6484682286530006
1233.8094742664632,0.7147236,0.035598043,1.6485656492911187
1233.8194279674387,0.74512255,0.036312856,1.6485226336451604
1233.8293816684143,0.7274206,0.035899356,1.6483757684132931
1233.8393353693898,0.6883241,0.03496553,1.6481744212324076
1233.8492890703653,0.70120376,0.035278264,1.6479860888455236
1233.8592427713409,0.72398037,0.03582034,1.6478659989190318
1233.8691964723164,0.74843526,0.036393166,1.6478501032264847
1233.879150173292,0.6787477,0.03473668,1.647954601945259
1233.8891038742674,0.6751159,0.03464733,1.6481958346649621
1233.899057575243,0.7028889,0.035324402,1.648563653653318
1233.9090112762185,0.72244126,0.035788633,1.649052337512185
1233.918964977194,0.7160936,0.035640147,1.6496587058880188
1233.9289186781696,0.6217828,0.033320718,1.650375585869408
1233.938872379145,0.7025641,0.03531721,1.6512002183496526
1233.9488260801206,0.7355543,0.03610228,1.6520924181223489
1233.9587797810962,0.6787632,0.03474334,1.6530192184745995
1233.9687334820717,0.6183294,0.033234037,1.6539452540557855
1233.9786871830472,0.67334723,0.03461247,1.6548377303452675
1233.9886408840227,0.6508534,0.03405709,1.65566909296658
1233.9985945849983,0.66377133,0.034378592,1.65643530067553
1234.0085482859738,0.7190352,0.03571436,1.6571323782385758
1234.0185019869493,0.6950031,0.035142206,1.6577601988856072
1234.0284556879249,0.707924,0.035453796,1.6583213847468
1234.0384093889004,0.70148975,0.035300355,1.658834555363577
1234.048363089876,0.7225883,0.0358037,1.6593327024171036
1234.0583167908514,0.717815,0.035691205,1.6598424325186274
1234.068270491827,0.6999075,0.035263944,1.6603828922275152
1234.0782241928025,0.74210835,0.03626465,1.6609737995623353
1234.088177893778,0.67572796,0.03468082,1.6616307471092095
1234.0981315947536,0.6526263,0.034110665,1.662365506325599
1234.108085295729,0.71916604,0.03572751,1.6631906080564252
1234.1180389967046,0.6788522,0.034758378,1.6641178133699437
1234.1279926976802,0.7583098,0.036644835,1.6651749569902699
1234.1379463986557,0.72462165,0.035860095,1.6663656031122827
1234.1479000996312,0.7585233,0.036650836,1.6677002612602554
1234.1578538006067,0.69862866,0.03524189,1.6691900464232683
1234.1678075015823,0.7600208,0.036686487,1.6708433855528027
1234.1777612025578,0.70994127,0.035512365,1.6726820055269573
1234.1877149035333,0.7080722,0.035468217,1.6746747897581657
1234.1976686045089,0.72597796,0.03589489,1.6768057831281173
1234.2076223054844,0.7065359,0.03543287,1.6790511285744696
1234.21757600646,0.65117764,0.034081805,1.6813824755764304
1234.2275297074355,0.71111923,0.035545036,1.6837633523284121
1234.237483408411,0.7227556,0.035821322,1.6861505489477986
1234.2474371093865,0.75044346,0.036470838,1.6885105729680678
1234.257390810362,0.76357746,0.036775015,1.690811365901006
1234.2673445113376,0.7263135,0.035908483,1.6930135870289496
1234.277298212313,0.7537207,0.036548838,1.6950831684332957
1234.2872519132889,0.74092686,0.036253527,1.6970054601001325
1234.2972056142644,0.74085915,0.036252394,1.698767653141389
1234.30715931524,0.69535905,0.03517311,1.700368903544048
1234.3171130162154,0.74392086,0.036325682,1.701810174485583
1234.327066717191,0.6824118,0.034861438,1.703130987737533
1234.3370204181665,0.7293257,0.03598702,1.704370560020306
1234.346974119142,0.72788346,0.035952616,1.705558280832379
1234.3569278201176,0.64826137,0.034022417,1.706713422099872
1234.366881521093,0.74535704,0.036362886,1.7078354560585594
1234.3768352220686,0.7621807,0.036755648,1.7089137091298643
1234.3867889230442,0.7508654,0.0364942,1.70992677815071
1234.3967426240197,0.71990657,0.035768032,1.7108515594753606
1234.4066963249952,0.75881004,0.036679752,1.711663681831019
1234.4166500259707,0.7329825,0.03607858,1.7123220621654651
1234.4266037269463,0.7653492,0.03683104,1.7128201453459657
1234.4365574279218,0.73630077,0.036158454,1.7131428127007342
1234.4465111288973,0.6824964,0.034873158,1.713290379920134
1234.4564648298729,0.7522002,0.03653133,1.7132755631332621
1234.4664185308484,0.7832909,0.037242897,1.7131317816258536
1234.476372231824,0.7201443,0.035780206,1.7129179398294054
1234.4863259327994,0.7344646,0.036118485,1.7126770927467718
1234.496279633775,0.7784264,0.037136216,1.7124438259272456
1234.5062333347505,0.76247144,0.036773186,1.7122406838152928
1234.516187035726,0.77208865,0.036993362,1.712068819611596
1234.5261407367016,0.739619,0.036242366,1.7119140421626735
1234.536094437677,0.7378322,0.036201008,1.7117617471939521
1234.5460481386526,0.7248046,0.035894718,1.711602340399837
1234.5560018396282,0.6955479,0.03519831,1.7114315294696663
1234.5659555406037,0.7051698,0.03543043,1.711248126834989
1234.5759092415792,0.76697373,0.036880508,1.711048833988829
1234.5858629425547,0.690937,0.035090182,1.7108289526239413
1234.5958166435303,0.6823694,0.034880925,1.7105857320760034
1234.6057703445058,0.72298044,0.035856716,1.7103206134337587
1234.6157240454813,0.70855254,0.035514332,1.7100497337475569
1234.6256777464569,0.71012944,0.035553105,1.7097933035302102
1234.6356314474324,0.75729054,0.036662064,1.709575987412081
1234.645585148408,0.6649442,0.034459986,1.709425342520373
1234.6555388493834,0.7652592,0.03684842,1.709378061732268
1234.665492550359,0.81613344,0.03800052,1.70944328982358
1234.6754462513345,0.7383613,0.036225665,1.7096318227802056
1234.68539995231,0.7477541,0.03644583,1.7099467051133943
1234.6953536532856,0.7169217,0.035721526,1.7103907465676271
1234.705307354261,0.7248951,0.03591094,1.7109612848366407
1234.7152610552366,0.6875023,0.035014987,1.7116389330951272
1234.7252147562122,0.67110205,0.034615953,1.7124179672103108
1234.7351684571877,0.74913937,0.036482934,1.7132957904031128
1234.7451221581632,0.6681205,0.03454314,1.7142816919359813
1234.7550758591387,0.7247098,0.035910692,1.7153792384159074
1234.7650295601143,0.73959243,0.03626088,1.7165872990641557
1234.7749832610898,0.70555854,0.03545646,1.717911893506142
1234.7849369620653,0.7037998,0.0354156,1.719359069806704
1234.7948906630409,0.69240046,0.03514131,1.7209496498795822
1234.8048443640164,0.67603695,0.034742467,1.7226803592238409
1234.814798064992,0.65976113,0.03434363,1.7245469057961782
1234.8247517659674,0.6466638,0.034017686,1.7265403287838823
1234.834705466943,0.7409786,0.03630069,1.7286363859205758
1234.8446591679185,0.6747826,0.03471741,1.7307930651215526
1234.854612868894,0.6906873,0.035104614,1.732933401308743
1234.8645665698696,0.7460558,0.036420777,1.7349825678405357
1234.874520270845,0.6666138,0.03451681,1.7368620742519902
1234.8844739718206,0.75736773,0.03668576,1.7384917703323421
1234.8944276727962,0.68136114,0.03488106,1.7397740784799627
1234.9043813737717,0.71191835,0.035619456,1.7407148779765307
1234.9143350747472,0.676303,0.03475954,1.7413170472880637
1234.9242887757227,0.7136127,0.035663236,1.741612770828386
1234.9342424766983,0.6828934,0.03492357,1.7416508971719717
1234.9441961776738,0.69406444,0.03519367,1.7415116744560106
1234.9541498786493,0.6778462,0.034799684,1.7412999253901893
1234.9641035796249,0.6062956,0.033003602,1.7410905328620254
1234.9740572806004,0.6596247,0.034354284,1.7409424144411034
1234.984010981576,0.6777003,0.034798265,1.7409039011701117
1234.9939646825515,0.6533859,0.034198474,1.7409937684518673
1235.003918383527,0.6321388,0.03366562,1.7412041244469967
1235.0138720845025,0.7085602,0.03554878,1.7415249856491994
1235.023825785478,0.6389484,0.033839766,1.7419397814618742
1235.0337794864536,0.7394756,0.036281377,1.742432605453792
1235.043733187429,0.7432204,0.036369782,1.742970185094853
1235.0536868884046,0.73187894,0.03610502,1.743521744525394
1235.0636405893802,0.7398589,0.036290724,1.7440544128640214
1235.0735942903557,0.6488913,0.03409303,1.7445262529325474
1235.0835479913312,0.7135238,0.035671614,1.7448490178524965
1235.0935016923067,0.6797085,0.03485676,1.7449288752260599
1235.1034553932823,0.6861229,0.035015438,1.7446278972686824
1235.1134090942578,0.65352607,0.034211285,1.7437834664394334
1235.1233627952333,0.70548224,0.035483286,1.742231982609018
1235.1333164962089,0.73499453,0.0361841,1.7397638621735494
1235.1432701971844,0.66519994,0.034503967,1.736432606059616
1235.15322389816,0.7576421,0.03671511,1.7322497065406708
1235.1631775991355,0.6815628,0.034906536,1.7272715155393188
1235.173131300111,0.73166615,0.03610919,1.7215639631268842
1235.1830850010865,0.65222013,0.03418528,1.7152447835860376
1235.193038702062,0.6828013,0.034941357,1.708548064593636
1235.2029924030376,0.6715454,0.034665953,1.7016684590723168
1235.212946104013,0.64705825,0.03405811,1.694816035792552
1235.2228998049886,0.69903606,0.035336412,1.6882184990797917
1235.2328535059642,0.65050393,0.03414693,1.682059191197117
1235.2428072069397,0.69098055,0.035144415,1.676408205250356
1235.2527609079152,0.6342496,0.03374077,1.6713025203687537
1235.2627146088907,0.69413954,0.03522167,1.6667465159375845
1235.2726683098663,0.6602524,0.034392133,1.6627823922375022
1235.2826220108418,0.72518295,0.035965707,1.6593666784699335
1235.2925757118173,0.723875,0.035935517,1.6564664265207973
1235.3025294127929,0.69944334,0.03535196,1.654074173887057
1235.3124831137684,0.7465205,0.036468852,1.652178763317143
1235.322436814744,0.67029417,0.034643896,1.6508166076984796
1235.3323905157195,0.71057564,0.03562097,1.64989381066846
1235.342344216695,0.6668619,0.03456028,1.6493505443435803
1235.3522979176705,0.72030276,0.03585349,1.6491289735939678
1235.362251618646,0.65553313,0.03428098,1.6491734769375386
1235.3722053196218,0.7512167,0.036582496,1.649455658687746
1235.3821590205973,0.67840534,0.034845334,1.6499102674188335
1235.3921127215729,0.66023415,0.034400113,1.6505259972165218
1235.4020664225484,0.65685546,0.034315813,1.6513099725986065
1235.412020123524,0.69751877,0.035312656,1.6522930293164855
1235.4219738244994,0.67985135,0.03488497,1.653530774939932
1235.431927525475,0.6667698,0.034564715,1.6550381448147409
1235.4418812264505,0.66512805,0.03452593,1.6568488924989633
1235.451834927426,0.7025107,0.035437103,1.658991804696742
1235.4617886284016,0.70270604,0.035442807,1.661514203947879
1235.471742329377,0.77599585,0.037163913,1.6644454842643954
1235.4816960303526,0.75673014,0.03671877,1.66777204985499
1235.4916497313282,0.75504494,0.036681138,1.6715110069894061
1235.5016034323037,0.7078226,0.035567753,1.6756827415062296
1235.5115571332792,0.71414596,0.035720527,1.680357881023023
1235.5215108342547,0.67352647,0.034738567,1.685559894210504
1235.5314645352303,0.67658705,0.034814287,1.6913013491741167
1235.5414182362058,0.7449749,0.036451593,1.6976161156090095
1235.5513719371813,0.7551201,0.036689702,1.704515987219068
1235.5613256381569,0.8136635,0.038021546,1.712018677746284
1235.5712793391324,0.80580705,0.037846126,1.7199409932512912
1235.581233040108,0.79117227,0.037517622,1.728082695652646
1235.5911867410834,0.7619019,0.036850505,1.7362314088869257
1235.601140442059,0.73404187,0.03620022,1.7441713061388477
1235.6110941430345,0.6899594,0.03514691,1.7516195736254043
1235.62104784401,0.7549173,0.03669085,1.7584555013997034
1235.6310015449856,0.66894734,0.034635093,1.7645562925088472
1235.640955245961,0.65064156,0.034181423,1.7698339230202298
1235.6509089469366,0.7743149,0.037141424,1.7742190588086528
1235.6608626479122,0.72279924,0.035940353,1.7776367711847398
1235.6708163488877,0.6997301,0.035388432,1.7802740046197973
1235.6807700498632,0.74353594,0.036428608,1.7822561477960117
1235.6907237508387,0.73079574,0.03613157,1.7837321494437226
1235.7006774518143,0.7127853,0.035703514,1.784836410919637
1235.7106311527898,0.711108,0.035664894,1.7856895436038467
1235.7205848537653,0.77953744,0.037266623,1.7863945071520844
1235.7305385547409,0.742402,0.03640784,1.7869955816277452
1235.7404922557164,0.699836,0.035395566,1.7875200202150365
1235.750445956692,0.7599743,0.036819268,1.7879842978700982
1235.7603996576674,0.7487931,0.03655844,1.7884079363026382
1235.770353358643,0.72757244,0.03606062,1.7888086828090417
1235.7803070596185,0.773054,0.037120882,1.7891982343083033
1235.790260760594,0.7847711,0.03739177,1.7895856697141368
1235.8002144615696,0.71479446,0.035760637,1.7899779109170069
1235.810168162545,0.6884207,0.0351261,1.7903785816424709
1235.8201218635206,0.6996745,0.03539887,1.7907889597763338
1235.8300755644962,0.70785147,0.035595752,1.791209270502211
1235.8400292654717,0.7323183,0.036178425,1.7916385922636728
1235.8499829664472,0.76672083,0.03698328,1.7920752464721856
1235.8599366674227,0.7945313,0.037618488,1.7925146476458793
1235.8698903683983,0.7474797,0.036538262,1.7929525774864938
1235.8798440693738,0.73584807,0.036266103,1.7933850248279801
1235.8897977703493,0.7439372,0.036456607,1.7938088478842102
1235.8997514713249,0.71306425,0.035727706,1.794221196360076
1235.9097051723004,0.6900754,0.03517324,1.7946240094254353
1235.919658873276,0.7698121,0.037059806,1.795019120830416
1235.9296125742515,0.6985419,0.035380818,1.7954088437281448
1235.939566275227,0.807322,0.03791428,1.7957952144454499
1235.9495199762025,0.6889999,0.03515197,1.7961793600845184
1235.959473677178,0.74218804,0.036422517,1.7965613373430567
1235.9694273781536,0.79780257,0.03770263,1.7969396983208488
1235.979381079129,0.73130494,0.036167655,1.797312026708921
1235.9893347801046,0.7539323,0.036701843,1.797674867417974
1235.9992884810802,0.8141641,0.03807305,1.798025154829994
1236.0092421820557,0.80636203,0.037899878,1.798362304130733
1236.0191958830312,0.7737231,0.037158415,1.798685991990257
1236.0291495840067,0.73287046,0.03620901,1.7989967803089102
1236.0391032849823,0.70341307,0.035508994,1.7992946458790058
1236.0490569859578,0.6901823,0.03518809,1.7995809594212617
1236.0590106869333,0.71954584,0.035897583,1.7998572948352674
1236.0689643879089,0.7685544,0.03704578,1.8001244613792309
1236.0789180888844,0.7492524,0.036599193,1.8003833996223273
1236.08887178986,0.8045769,0.037868455,1.8006346856759874
1236.0988254908355,0.7689939,0.037058614,1.800880749186501
1236.108779191811,0.74439204,0.03648813,1.8011238610221747
1236.1187328927865,0.75891584,0.03682665,1.801366059686684
1236.128686593762,0.79487556,0.037652556,1.8016091717840836
1236.1386402947376,0.8064456,0.037914284,1.8018549672416746
1236.148593995713,0.76084465,0.03687334,1.8021038208074347
1236.1585476966886,0.7199206,0.03591367,1.8023554268595838
1236.1685013976642,0.70015997,0.035440184,1.8026088472989321
1236.1784550986397,0.70336926,0.03551926,1.8028627085602726
1236.1884087996152,0.7262629,0.03606855,1.80311512252485
1236.1983625005907,0.68722093,0.035129726,1.8033646438590467
1236.2083162015663,0.71465397,0.035790503,1.8036099061783792
1236.218269902542,0.7637023,0.03694479,1.803849327726153
1236.2282236035176,0.7363134,0.036308184,1.8040799632106708
1236.238177304493,0.7899638,0.037550207,1.804295794287465
1236.2481310054686,0.7657385,0.036994867,1.8044904331489007
1236.2580847064442,0.7118345,0.03572769,1.8046533259658792
1236.2680384074197,0.8126459,0.03806391,1.8047707945130655
1236.2779921083952,0.7887539,0.037526492,1.804820792940843
1236.2879458093707,0.7446234,0.03650819,1.8047768878056676
1236.2978995103463,0.7134928,0.035773005,1.804620035484298
1236.3078532113218,0.71340495,0.035772976,1.8043236882340046
1236.3178069122973,0.7248238,0.036046002,1.8038634082091127
1236.3277606132729,0.698785,0.035422448,1.8032047436695389
1236.3377143142484,0.7197749,0.0359251,1.8023459696117132
1236.347668015224,0.6727165,0.034788206,1.801310679090528
1236.3576217161994,0.7604688,0.036884308,1.8001263701458776
1236.367575417175,0.79347134,0.037641473,1.7988344079619916
1236.3775291181505,0.7414863,0.036442783,1.7974845828198878
1236.387482819126,0.747808,0.036592737,1.7961398626741492
1236.3974365201016,0.79669493,0.037717164,1.7948465492492822
1236.407390221077,0.70572925,0.03559696,1.793638033573715
1236.4173439220526,0.7444112,0.036516007,1.7925353873311365
1236.4272976230282,0.72995925,0.03617709,1.791564280649593
1236.4372513240037,0.74948066,0.036637347,1.790710585925199
1236.4472050249792,0.7626695,0.03694592,1.789967029853391
1236.4571587259547,0.7463018,0.036562588,1.7893253392934767
1236.4671124269303,0.6892258,0.035202183,1.7887771732138706
1236.4770661279058,0.7199587,0.035943933,1.7883235350351618
1236.4870198288813,0.67927015,0.03495888,1.7879462418622547
1236.4969735298569,0.6268969,0.033648502,1.7876415073353558
1236.5069272308324,0.6592308,0.034463987,1.787407467273108
1236.516880931808,0.76533514,0.037008394,1.7872461360177159
1236.5268346327834,0.7528322,0.03671956,1.7871637107905787
1236.536788333759,0.7283271,0.036144577,1.7871533189784286
1236.5467420347345,0.7722722,0.03717241,1.787215847934537
1236.55669573571,0.7381982,0.036378905,1.7873518935494044
1236.5666494366856,0.74619406,0.036567472,1.7875659888843685
1236.576603137661,0.70387876,0.035563704,1.7878602863553428
1236.5865568386366,0.68248844,0.03504487,1.7882272364682246
1236.5965105396122,0.6269594,0.033657294,1.7886637973329744
1236.6064642405877,0.75222176,0.03671181,1.7891626233514366
1236.6164179415632,0.72185653,0.035997245,1.789709538226514
1236.6263716425387,0.6809448,0.03500957,1.790269478488435
1236.6363253435143,0.6774183,0.034921914,1.7908022928344187
1236.6462790444898,0.6579659,0.034444127,1.791274861290433
1236.6562327454653,0.6333418,0.033822957,1.7916669464062989
1236.6661864464409,0.6773094,0.034923974,1.7919651208498495
1236.6761401474164,0.64006436,0.033997297,1.7921832945928855
1236.686093848392,0.65454465,0.034361634,1.7923391854108277
1236.6960475493674,0.7491907,0.036649175,1.792450096332125
1236.706001250343,0.71213055,0.035772353,1.792534872056271
1236.7159549513185,0.7184813,0.035925105,1.7926120818398203
1236.725908652294,0.6174648,0.03342455,1.7926966461291174
1236.7358623532696,0.69362867,0.035329364,1.7927927825369858
1236.745816054245,0.6744177,0.03485976,1.7928955655533854
1236.7557697552206,0.631972,0.033798765,1.7929899332885402
1236.7657234561962,0.7100666,0.035729736,1.7930430305537728
1236.7756771571717,0.7414096,0.036474504,1.7930289193390463
1236.7856308581472,0.67794055,0.034949787,1.7929264241494336
1236.7955845591227,0.72172916,0.036011256,1.7927248823186985
1236.8055382600983,0.8001737,0.03783126,1.792420561056016
1236.8154919610738,0.77613604,0.037285093,1.7920086882004413
1236.8254456620493,0.7466343,0.036600813,1.7915097457329676
1236.8353993630249,0.66984856,0.03475437,1.7909396029086142
1236.8453530640004,0.6874279,0.035187047,1.7903222081722245
1236.855306764976,0.69076043,0.03526855,1.7896881561723326
1236.8652604659515,0.653334,0.034346793,1.7890738251305383
1236.875214166927,0.6188845,0.03347263,1.788505924586362
1236.8851678679025,0.66116804,0.034544166,1.788004613994076
1236.895121568878,0.7364301,0.036368538,1.7875843633418476
1236.9050752698536,0.68618304,0.035162,1.7872625302782803
1236.915028970829,0.67610866,0.034914408,1.7870486090468352
1236.9249826718046,0.72994006,0.036216203,1.7869410392828446
1236.9349363727802,0.663408,0.03460489,1.786944354360143
1236.9448900737557,0.67280537,0.034836538,1.787062416990235
1236.9548437747312,0.71035004,0.03575077,1.7873100436640297
1236.9647974757067,0.730179,0.036226217,1.7876867663687857
1236.9747511766823,0.6846151,0.035130356,1.7881898652170924
1236.9847048776578,0.690944,0.035286035,1.7888229984704451
1236.9946585786333,0.6631626,0.03460105,1.7895898514229802
1237.0046122796089,0.6843556,0.035127368,1.7905101871170934
1237.0145659805844,0.7399118,0.03646095,1.79157685258137
1237.02451968156,0.6764962,0.034933988,1.7927895677911778
1237.0344733825355,0.6354347,0.0339086,1.794153073896549
1237.044427083511,0.6825468,0.03508449,1.7956733761513415
1237.0543807844865,0.69752866,0.035452098,1.7973816659883337
1237.064334485462,0.6959748,0.035415206,1.7992668378707373
1237.0742881864376,0.69593763,0.035414226,1.8013328851092063
1237.084241887413,0.76120037,0.036963753,1.80357485232152
1237.0941955883886,0.7534036,0.03678408,1.8059726985801852
1237.1041492893642,0.5934828,0.03283144,1.8084974837996148
1237.1141029903397,0.67926085,0.035012644,1.811085927784481
1237.1240566913152,0.70252115,0.035580117,1.813698943430288
1237.1340103922907,0.66344327,0.034622297,1.8163045443593613
1237.1439640932663,0.7333868,0.03631787,1.8188747593015804
1237.1539177942418,0.71257395,0.035824202,1.8213817468294544
1237.1638714952173,0.72222984,0.036054973,1.8238162172610912
1237.1738251961929,0.69300777,0.035354394,1.8261702244226385
1237.1837788971684,0.67163,0.034830205,1.8284402765885797
1237.193732598144,0.6258894,0.03368166,1.830619692944677
1237.2036862991195,0.6713887,0.03482745,1.8327002983320466
1237.213640000095,0.6765317,0.034955677,1.834679213588183
1237.2235937010705,0.66023296,0.034552384,1.8365384918858307
1237.233547402046,0.6732489,0.034876887,1.8382555789900232
1237.2435011030216,0.6863118,0.035197135,1.839797479723825
1237.253454803997,0.6521653,0.034353636,1.8411596286856655
1237.2634085049726,0.6454145,0.034182996,1.8423692933911349
1237.2733622059482,0.7384486,0.03645188,1.8434537756532732
1237.2833159069237,0.6916033,0.03533087,1.8444435804956094
1237.2932696078992,0.7322664,0.036310136,1.8453624827444761
1237.303223308875,0.6687421,0.034770966,1.8462395732453265
1237.3131770098505,0.65052265,0.034318034,1.847094642669197
1237.323130710826,0.68473357,0.035167616,1.84793914804422
1237.3330844118016,0.6261066,0.03369974,1.8487791143757129
1237.343038112777,0.69276625,0.035364762,1.8496150911057623
1237.3529918137526,0.6784518,0.035016425,1.8504436810450045
1237.3629455147282,0.6783553,0.035014044,1.8512588184048393
1237.3728992157037,0.6179707,0.033494603,1.8520528107882717
1237.3828529166792,0.5883498,0.03272358,1.8528168861350152
1237.3928066176547,0.60614216,0.03319014,1.8535347924473915
1237.4027603186303,0.6241453,0.033654947,1.8542002129484134
1237.4127140196058,0.62263525,0.033617724,1.854801064671201
1237.4226677205813,0.665129,0.034693234,1.8553210468368662
1237.4326214215569,0.58859557,0.03273354,1.8557367237466194
1237.4425751225324,0.6356273,0.033954203,1.8560002103119189
1237.452528823508,0.6554684,0.03445594,1.8560962696219674
1237.4624825244834,0.5624813,0.032039013,1.855999609299487
1237.472436225459,0.6632345,0.034649942,1.8556940158623134
1237.4823899264345,0.6899487,0.03531156,1.855169020492741
1237.49234362741,0.67373,0.03491362,1.854421402263702
1237.5022973283856,0.6393501,0.034053687,1.8535014575980409
1237.512251029361,0.6719059,0.03487107,1.852446883657812
1237.5222047303366,0.5937437,0.03288036,1.8513045134623634
1237.5321584313122,0.6668712,0.03474964,1.8501292758840395
1237.5421121322877,0.652466,0.03438916,1.848985981500333
1237.5520658332632,0.71291006,0.03587569,1.847922108225639
1237.5620195342387,0.6951787,0.03544646,1.8469688839663776
1237.5719732352143,0.63148206,0.033862837,1.846142550318223
1237.5819269361898,0.59688413,0.03296831,1.845454706697003
1237.5918806371653,0.55915046,0.031962242,1.844895493878572
1237.6018343381409,0.64884806,0.034306087,1.844441466731596
1237.6117880391164,0.65908355,0.034563515,1.8440780498280935
1237.621741740092,0.6624334,0.034648623,1.8437928291777386
1237.6316954410674,0.65258306,0.03440124,1.8435833284359842
1237.641649142043,0.6640006,0.03468805,1.843442758892681
1237.6516028430185,0.5938506,0.032894786,1.8433679097965077
1237.661556543994,0.6343542,0.033943906,1.8433603085351364
1237.6715102449696,0.6361098,0.033987336,1.8434197387430922
1237.681463945945,0.6100054,0.0333177,1.843548256340502
1237.6914176469206,0.66382843,0.034687705,1.8437301800287615
1237.7013713478962,0.57261264,0.03233362,1.8439510299691613
1237.7113250488717,0.6424188,0.03415172,1.844200472733276
1237.7212787498472,0.5970243,0.03298263,1.8444740833247928
1237.7312324508227,0.611533,0.03336251,1.8447806805194213
1237.7411861517983,0.6017744,0.033108238,1.8451324696589242
1237.7511398527738,0.59680593,0.032978103,1.8455489296099983
1237.7610935537493,0.6360547,0.033994686,1.8460515801074182
1237.7710472547249,0.62976325,0.033836264,1.846660986548308
1237.7810009557004,0.5594463,0.03198509,1.8474107388593994
1237.790954656676,0.6212344,0.0336189,1.848293553486243
1237.8009083576515,0.61172485,0.033373665,1.8493125480189117
1237.810862058627,0.5986469,0.033034205,1.850466594539913
1237.8208157596025,0.64589447,0.034248512,1.8517548485813613
1237.830769460578,0.7327533,0.03637404,1.8531831771326628
1237.8407231615536,0.6579931,0.03455431,1.854730524998103
1237.850676862529,0.6919501,0.03539391,1.8563935609564783
1237.8606305635046,0.6578696,0.03455428,1.8581718431945915
1237.8705842644802,0.5923736,0.03287398,1.8600727398977412
1237.8805379654557,0.6312779,0.033884093,1.8621057905874658
1237.8904916664312,0.6723295,0.034917094,1.8642554117822776
1237.9004453674067,0.6071543,0.03326321,1.8665076156704052
1237.9103990683823,0.6297985,0.03385027,1.868835373326359
1237.9203527693578,0.5710639,0.03231167,1.8711987345842915
1237.9303064703333,0.57571954,0.03243798,1.873541005642018
1237.9402601713089,0.59037346,0.032826055,1.8758102908490242
1237.9502138722844,0.59534484,0.032957654,1.8779611758568113
1237.96016757326,0.65096545,0.0343897,1.8799558184130603
1237.9701212742355,0.58587915,0.03271015,1.8817513189947128
1237.980074975211,0.6019,0.033132534,1.8833373166017897
1237.9900286761865,0.62814367,0.033812933,1.884732860447778
1237.999982377162,0.6380736,0.034066863,1.8859609272990805
1238.0099360781376,0.5825816,0.032625858,1.887056276503123
1238.019889779113,0.61665946,0.033520542,1.8880518762770442
1238.0298434800886,0.62004995,0.033607587,1.8889915131937296
1238.0397971810642,0.5906594,0.032841556,1.8899017109881342
1238.0497508820397,0.64777607,0.034317583,1.8907929640477052
1238.0597045830152,0.66766554,0.034816213,1.8916645249383461
1238.0696582839907,0.6694024,0.03486019,1.8925022966809073
1238.0796119849663,0.66941404,0.034861207,1.8932938146823246
1238.0895656859418,0.6318034,0.03391451,1.8940280530551439
1238.0995193869173,0.61692333,0.033533014,1.894697974445692
1238.1094730878929,0.6610234,0.034655035,1.895302733985018
1238.1194267888684,0.62848973,0.033831477,1.8958403987254386
1238.129380489844,0.7068276,0.035780773,1.896328602037047
1238.1393341908197,0.6500553,0.03438292,1.8967764175533357
1238.1492878917952,0.66446114,0.03474364,1.8971887398988643
1238.1592415927707,0.62204903,0.03367066,1.8975644941969056
1238.1691952937463,0.6757883,0.03502639,1.8978906055289229
1238.1791489947218,0.58284235,0.032645117,1.8981631193919484
1238.1891026956973,0.6543134,0.034491926,1.8983741105469423
1238.1990563966729,0.5893251,0.03281952,1.898519617153336
1238.2090100976484,0.567715,0.032241832,1.8985996877933156
1238.218963798624,0.61340505,0.03345079,1.898617051285778
1238.2289174995994,0.60544777,0.033244282,1.8985904850527613
1238.238871200575,0.65614545,0.034543272,1.8985320406554542
1238.2488249015505,0.592658,0.03291206,1.8984523619180305
1238.258778602526,0.67576826,0.035034683,1.8983588620792249
1238.2687323035016,0.6597969,0.034637738,1.8982548379236377
1238.278686004477,0.609045,0.033343922,1.8981402138563457
1238.2886397054526,0.670923,0.034916196,1.8980103385819302
1238.2985934064282,0.5846261,0.032704327,1.8978578982018823
1238.3085471074037,0.6545204,0.034509733,1.897672126759592
1238.3185008083792,0.66635054,0.034807313,1.8974438407050096
1238.3284545093547,0.6795339,0.03513565,1.8971714537531241
1238.3384082103303,0.60589916,0.033266377,1.896853236266018
1238.3483619113058,0.6023395,0.03317559,1.8964900667442248
1238.3583156122813,0.6007353,0.033135395,1.896081490347546
1238.3682693132569,0.56790566,0.03226012,1.8956315481857757
1238.3782230142324,0.57927644,0.032567974,1.8951450589813277
1238.388176715208,0.6071044,0.033302154,1.894622279876184
1238.3981304161834,0.61063325,0.033397917,1.8940615985735805
1238.408084117159,0.64168334,0.034195047,1.8934553819101558
1238.4180378181345,0.61723,0.033567414,1.8928005683974543
1238.42799151911,0.6613575,0.034692146,1.8920952077469009
1238.4379452200856,0.6321241,0.033953752,1.8913362703045267
1238.447898921061,0.61232346,0.033443294,1.8905224865005636
1238.4578526220366,0.66131955,0.034692757,1.8896487293981958
1238.4678063230122,0.58966184,0.032852814,1.8887222561187977
1238.4777600239877,0.6285076,0.033863652,1.8877487555232237
1238.4877137249632,0.63854223,0.034121394,1.8867326243823563
1238.4976674259387,0.59442145,0.032979388,1.8856781277882693
1238.5076211269143,0.5974864,0.033060845,1.8845842140357618
1238.5175748278898,0.6007712,0.03314767,1.883455427559745
1238.5275285288653,0.64010966,0.03416541,1.882288930189441
1238.5374822298409,0.5502799,0.031795803,1.8810774404509794
1238.5474359308164,0.5220519,0.03101289,1.879810240690082
1238.557389631792,0.55799246,0.032010294,1.8784622688228023
1238.5673433327675,0.5696293,0.032326326,1.8770283061878614
1238.577297033743,0.6072937,0.033324905,1.875495653928033
1238.5872507347185,0.60915285,0.0333751,1.873853731686525
1238.597204435694,0.60914177,0.033374928,1.8720928824435144
1238.6071581366696,0.6222843,0.03371754,1.8701953939946176
1238.617111837645,0.5994642,0.03312499,1.8681779980722886
1238.6270655386206,0.59115654,0.032906186,1.8660464770011014
1238.6370192395962,0.63693404,0.03409514,1.8638105317567712
1238.6469729405717,0.59635866,0.03304766,1.8614802598639586
1238.6569266415472,0.5863068,0.032781426,1.859065728604914
1238.6668803425227,0.59453404,0.03300223,1.8565896053340833
1238.6768340434983,0.5519738,0.03185797,1.8540614823282973
1238.6867877444738,0.5616309,0.032122932,1.8514872440024293
1238.6967414454493,0.5977259,0.033089098,1.848867150341066
1238.7066951464249,0.5585952,0.032042082,1.8461983987959119
1238.7166488474004,0.5404546,0.03154627,1.8434830145341574
1238.726602548376,0.5796701,0.032613516,1.840718709361231
1238.7365562493515,0.54553413,0.031689506,1.8379038583056104
1238.746509950327,0.6058669,0.033306576,1.8350347234336528
1238.7564636513025,0.63893056,0.034160864,1.8321113022259465
1238.766417352278,0.61945087,0.03366197,1.829138800925435
1238.7763710532536,0.5833794,0.03271704,1.8261184626319826
1238.786324754229,0.5881499,0.03284532,1.8230515858027176
1238.7962784552046,0.6226054,0.033748463,1.819935468974731
1238.8062321561802,0.65384775,0.034544222,1.816771240608003
1238.8161858571557,0.6278736,0.033886377,1.8135614625277172
1238.8261395581312,0.55900204,0.032067426,1.8103052097848602
1238.8360932591067,0.6192213,0.033664376,1.8070013294522265
1238.8460469600823,0.5442558,0.031665355,1.803643204731096
1238.8560006610578,0.6109748,0.0334519,1.800229659483536
1238.8659543620333,0.5164146,0.030889371,1.7967580871987945
1238.8759080630089,0.57326657,0.032457903,1.7932216811703916
1238.8858617639844,0.58009565,0.03264164,1.7896121294717147
1238.89581546496,0.58182085,0.032689802,1.7859096749106844
1238.9057691659355,0.59001696,0.03290836,1.782109710425205
1238.915722866911,0.54260176,0.031627204,1.7782061121731492
1238.9256765678865,0.55547637,0.031981483,1.7741903852594882
1238.935630268862,0.54248315,0.031626366,1.7700530529286922
1238.9455839698376,0.5358567,0.0314429,1.7657616476500873
1238.955537670813,0.59803116,0.033124268,1.761307202552909
1238.9654913717886,0.5328871,0.03136244,1.7566615224104103
1238.9754450727642,0.5653688,0.032256495,1.7517905361354842
1238.9853987737397,0.52294904,0.031086443,1.7466685563668465
1238.9953524747152,0.53745306,0.031491615,1.7412488405852915
1239.0053061756907,0.50898284,0.03063363,1.7355735941240344
1239.0152598766663,0.55174446,0.0317047,1.7296561591824773
1239.0252135776418,,,1.7235104610030645
1239.0351672786173,,,1.7171464427296164
1239.0451209795929,,,1.7105505268247003
1239.0550746805684,,,1.7037585866137182
1239.065028381544,,,1.6967769487106685
1239.0749820825195,,,1.6896118360960766
1239.084935783495,,,1.6822666825635701
1239.0948894844705,,,1.6747412922721425
1239.104843185446,,,1.6670778960648822
1239.1147968864216,,,1.6593094328140112
1239.124750587397,,,1.6514792027397098
1239.1347042883726,,,1.6436337297810273
1239.1446579893482,,,1.6358146051141618
1239.1546116903237,,,1.6280380629751687
1239.1645653912992,,,1.6203049023227813
1239.1745190922747,,,1.612608019763004
1239.1844727932503,,,1.604940149435324
1239.1944264942258,,,1.5972955610588575
1239.2043801952013,,,1.589670711240644
1239.2143338961769,,,1.5820679433406033
1239.2242875971524,,,1.5744927367072012
1239.2342412981282,,,1.5669561565247658
1239.2441949991037,,,1.5594699769739453
1239.2541487000792,,,1.5520421794742145
1239.2641024010547,,,1.5446835228768054
1239.2740561020303,,,1.5374040735177323
1239.2840098030058,,,1.5302207382678632
1239.2939635039813,,,1.523140269866437
1239.3039172049569,,,1.5161638483042803
1239.3138709059324,,,1.509297314484777
1239.323824606908,,,1.502545767016628
1239.3337783078834,,,1.4959261404698878
1239.343732008859,,,1.4894378078952257
1239.3536857098345,,,1.483080557227502
1239.36363941081,,,1.4768620404216044
1239.3735931117856,,,1.4707930476034248
1239.383546812761,,,1.4649089682836194
1239.3935005137366,,,1.4592223425978545
1239.4034542147122,,,1.453760163285593
1239.4134079156877,,,1.4485675129122106
1239.4233616166632,,,1.443707663359186
1239.4333153176387,,,1.4393455700431332
1239.4432690186143,,,1.4356075862479503
1239.4532227195898,,,1.4327081958909629
1239.4631764205653,,,1.430922951809054
1239.4731301215409,,,1.4305410111201198
1239.4830838225164,,,1.4320872343362079
1239.493037523492,,,1.4355567513159817
1239.5029912244675,,,1.4410513133943659
1239.512944925443,,,1.448602662013141
1239.5228986264185,,,1.4581746989016988
1239.532852327394,,,1.4698808573907314
1239.5428060283696,,,1.4833004937055079
1239.552759729345,,,1.4982869574600124
1239.5627134303206,,,1.5147065121702483
1239.5726671312962,,,1.5324680574230354
1239.5826208322717,,,1.551594075587357
1239.5925745332472,,,1.5718582320482695
1239.6025282342227,,,1.5932064472824545
1239.6124819351983,,,1.6155850015847018
1239.6224356361738,,,1.638961257556701
1239.6323893371493,,,1.6633180448393257
1239.6423430381249,,,1.6884646459428998
1239.6522967391004,,,1.7143131618774499
1239.662250440076,,,1.740774578809119
1239.6722041410515,,,1.7677791618790688
1239.682157842027,,,1.7952443783654974
1239.6921115430025,,,1.823028696627342
1239.702065243978,,,1.8510380208565937
1239.7120189449536,,,1.8791762818041131
1239.721972645929,,,1.907342923507847
1239.7319263469046,,,1.9354248384288404
1239.7418800478802,,,1.9633308353557397
1239.7518337488557,,,1.9909755816010921
1239.7617874498312,,,2.0182778150242386
1239.7717411508067,,,2.0451227253592115
1239.7816948517823,,,2.071416278096807
1239.7916485527578,,,2.0971128131338115
1239.8016022537333,,,2.1221335950657583
1239.8115559547089,,,2.1463968335213277
1239.8215096556844,,,2.169736407612676
1239.83146335666,,,2.1920564380353316
1239.8414170576355,,,2.2132983200426626
1239.851370758611,,,2.2333371350376856
1239.8613244595865,,,2.2520352920931197
1239.871278160562,,,2.269086763491238
1239.8812318615376,,,2.284379238951379
1239.891185562513,,,2.29784329955629
1239.9011392634886,,,2.3093728530144064
1239.9110929644642,,,2.318925683178703
1239.9210466654397,,,2.3263604800369277
1239.9310003664152,,,2.331995286732708
1239.9409540673907,,,2.3361398236583737
1239.9509077683663,,,2.3390695810247224
1239.9608614693418,,,2.3410699246984117
1239.9708151703173,,,2.342361787784221
1239.9807688712929,,,2.3432538130550205
1239.9907225722684,,,2.34390485353844
1240.000676273244,,,2.3443974999690598
1240.0106299742195,,,2.3447694125242173
1240.020583675195,,,2.345016163714157
1240.0305373761705,,,2.345145288380505
1240.040491077146,,,2.345149254572077
1240.0504447781216,,,2.3450210806601257
1240.060398479097,,,2.3447597114573298
1240.0703521800729,,,2.3443577905304327
1240.0803058810484,,,2.343855030259304
1240.090259582024,,,2.343280557518508
1240.1002132829994,,,2.3426674465522446
1240.110166983975,,,2.3420486432773573
1240.1201206849505,,,2.341458720483273
1240.130074385926,,,2.340916832690027
1240.1400280869016,,,2.3404346553051925
1240.149981787877,,,2.3400163298088046
1240.1599354888526,,,2.339660009504168
1240.1698891898282,,,2.3393590830428206
1240.1798428908037,,,2.339089748277197
1240.1897965917792,,,2.338833585913785
1240.1997502927547,,,2.3385724125618554
1240.2097039937303,,,2.3382894836299806
1240.2196576947058,,,2.337968804007227
1240.2296113956813,,,2.337605532911177
1240.2395650966569,,,2.337193974051482
1240.2495187976324,,,2.336730058095627
1240.259472498608,,,2.3362091187302583
1240.2694261995834,,,2.3356278099981322
1240.279379900559,,,2.334993473185647
1240.2893336015345,,,2.334307090929358
1240.29928730251,,,2.3335666656368317
1240.3092410034856,,,2.332762073722561
1240.319194704461,,,2.3318787858400616
1240.3291484054366,,,2.330912868073874
1240.3391021064122,,,2.3298592619155203
1240.3490558073877,,,2.328720897762818
1240.3590095083632,,,2.3275065626480274
1240.3689632093387,,,2.326240486681343
1240.3789169103143,,,2.324956606949665
1240.3888706112898,,,2.3236848164144406
1240.3988243122653,,,2.3224530702240394
1240.4087780132409,,,2.3212891504734943
1240.4187317142164,,,2.3202075753519127
1240.428685415192,,,2.3192068226788902
1240.4386391161675,,,2.3182846014925693
1240.448592817143,,,2.317435868251489
1240.4585465181185,,,2.3166615575276865
1240.468500219094,,,2.3159573292122886
1240.4784539200696,,,2.3153173594194056
1240.488407621045,,,2.314737358908947
1240.4983613220206,,,2.31420576698538
1240.5083150229962,,,2.3136980265162412
1240.5182687239717,,,2.3131658343031356
1240.5282224249472,,,2.312549650253573
1240.5381761259227,,,2.3117803498765994
1240.5481298268983,,,2.310788502803377
1240.5580835278738,,,2.30948230384456
1240.5680372288493,,,2.3078400358579287
1240.5779909298249,,,2.30586934985567
1240.5879446308004,,,2.303589465010954
1240.597898331776,,,2.301041142479171
1240.6078520327515,,,2.2982665928735577
1240.617805733727,,,2.295364564490382
1240.6277594347025,,,2.292421458655692
1240.637713135678,,,2.2895151052263345
1240.6476668366536,,,2.286714894927346
1240.657620537629,,,2.2841011327705902
1240.6675742386046,,,2.2816970752983687
1240.6775279395802,,,2.2795151255953594
1240.6874816405557,,,2.2775604629623905
1240.6974353415312,,,2.2758322396380746
1240.7073890425067,,,2.2743570062412566
1240.7173427434823,,,2.273106344278854
1240.7272964444578,,,2.2720752687346404
1240.7372501454333,,,2.2712609718977474
1240.7472038464089,,,2.2706581309601366
1240.7571575473844,,,2.270283937720508
1240.76711124836,,,2.2700947042461124
1240.7770649493355,,,2.2700697609093288
1240.787018650311,,,2.270186008185828
1240.7969723512865,,,2.270419121421505
1240.806926052262,,,2.270755402282948
1240.8168797532376,,,2.271161970905478
1240.826833454213,,,2.271626828769222
1240.8367871551886,,,2.272144281471291
1240.8467408561642,,,2.2727154838594004
1240.8566945571397,,,2.2733540195189335
1240.8666482581152,,,2.274062746863451
1240.8766019590907,,,2.274851560972655
1240.8865556600663,,,2.2757279091637304
1240.8965093610418,,,2.27669811507171
1240.9064630620173,,,2.2777721739342045
1240.9164167629929,,,2.2789374595358938
1240.9263704639684,,,2.2801940397901768
1240.936324164944,,,2.2815453073165997
1240.9462778659195,,,2.2830032924973893
1240.956231566895,,,2.284594947235872
1240.9661852678705,,,2.2863267124669204
1240.976138968846,,,2.2882153100516986
1240.9860926698216,,,2.290269239371046
1240.996046370797,,,2.2924845488968226
1241.0060000717726,,,2.2948299747595104
1241.0159537727482,,,2.297229960873108
1241.0259074737237,,,2.299610502559908
1241.0358611746992,,,2.3018922577938845
1241.0458148756748,,,2.303986816856278
1241.0557685766503,,,2.3058044358641143
1241.0657222776258,,,2.3073179070820196
1241.0756759786013,,,2.3085018558574864
1241.0856296795769,,,2.3093551238067036
1241.0955833805524,,,2.3098868351029136
1241.105537081528,,,2.3101397027251735
1241.1154907825035,,,2.310197897981718
1241.125444483479,,,2.3101187425275462
1241.1353981844545,,,2.309951302809277
1241.14535188543,,,2.309730825734011
1241.1553055864058,,,2.309483238854642
1241.1652592873813,,,2.309223663429347
1241.1752129883569,,,2.3089580167638686
1241.1851666893324,,,2.308688938283761
1241.195120390308,,,2.3084170408006304
1241.2050740912834,,,2.3081418641700777
1241.215027792259,,,2.3078626105515143
1241.2249814932345,,,2.3075782618289384
1241.23493519421,,,2.30728826983174
1241.2448888951856,,,2.3069929834494163
1241.254842596161,,,2.3066957432818733
1241.2647962971366,,,2.306402456462828
1241.2747499981122,,,2.306121116762131
1241.2847036990877,,,2.3058613371522556
1241.2946574000632,,,2.3056361934849985
1241.3046111010387,,,2.3054540912944192
1241.3145648020143,,,2.305316888709802
1241.3245185029898,,,2.3052238932085025
1241.3344722039653,,,2.3051699709614106
1241.3444259049409,,,2.3051473724385225
1241.3543796059164,,,2.30513943854634
1241.364333306892,,,2.305128277447213
1241.3742870078675,,,2.305096081028598
1241.384240708843,,,2.3050256226182784
1241.3941944098185,,,2.3048968190052372
1241.404148110794,,,2.3047039092599864
1241.4141018117696,,,2.3044505878260884
1241.424055512745,,,2.3041458979662837
1241.4340092137206,,,2.303805301407797
1241.4439629146962,,,2.30344779187747
1241.4539166156717,,,2.3030955025323707
1241.4638703166472,,,2.3027626808958335
1241.4738240176227,,,2.302456381140352
1241.4837777185983,,,2.3021765297251067
1241.4937314195738,,,2.301917160107574
1241.5036851205493,,,2.3016619191669285
1241.5136388215249,,,2.301393598479206
1241.5235925225004,,,2.3010945301785313
1241.533546223476,,,2.3007483567990072
1241.5434999244515,,,2.300334074907258
1241.553453625427,,,2.299849311509756
1241.5634073264025,,,2.2992958402556143
1241.573361027378,,,2.2986802221572527
1241.5833147283536,,,2.2980146773347236
1241.593268429329,,,2.297313882233965
1241.6032221303046,,,2.2966022019566195
1241.6131758312802,,,2.295898000480013
1241.6231295322557,,,2.2952160606232677
1241.6330832332312,,,2.294566898250266
1241.6430369342067,,,2.2939618797843906
1241.6529906351823,,,2.293399262863309
1241.6629443361578,,,2.2928798210435297
1241.6728980371333,,,2.292405433101392
1241.6828517381089,,,2.291979179460233
1241.6928054390844,,,2.2916131406815365
1241.70275914006,,,2.2913062757079494
1241.7127128410355,,,2.291062706167517
1241.722666542011,,,2.290885883457256
1241.7326202429865,,,2.290777860105054
1241.742573943962,,,2.2907488644661544
1241.7525276449376,,,2.2907878916709397
1241.762481345913,,,2.2908915114999164
1241.7724350468886,,,2.2910542021843776
1241.7823887478642,,,2.2912678899082213
1241.7923424488397,,,2.2915250267028413
1241.8022961498152,,,2.2918047015669445
1241.8122498507907,,,2.2920924856491443
1241.8222035517663,,,2.2923750736201844
1241.8321572527418,,,2.292641466849436
1241.8421109537173,,,2.292880557747629
1241.8520646546929,,,2.2930908913941153
1241.8620183556684,,,2.2932701052371667
1241.871972056644,,,2.2934162382238434
1241.8819257576195,,,2.293526016086673
1241.891879458595,,,2.2935910545589646
1241.9018331595705,,,2.2936127304001177
1241.911786860546,,,2.2935883931716265
1241.9217405615216,,,2.2935179169663558
1241.931694262497,,,2.293404076541502
1241.9416479634726,,,2.293252952570192
1241.9516016644482,,,2.29308378061892
1241.9615553654237,,,2.292912970624116
1241.9715090663992,,,2.2927566263233405
1241.9814627673748,,,2.2926285991873994
1241.9914164683503,,,2.2925398175165435
1242.001370169326,,,2.2924851208601638
1242.0113238703016,,,2.292456884305027
1242.021277571277,,,2.292443025567811
1242.0312312722526,,,2.29242929456987
1242.0411849732282,,,2.292399577516144
1242.0511386742037,,,2.292344195716873
1242.0610923751792,,,2.2922560160056102
1242.0710460761547,,,2.2921290291746117
1242.0809997771303,,,2.291953759011497
1242.0909534781058,,,2.2917097866751455
1242.1009071790813,,,2.291379873834667
1242.1108608800569,,,2.2909351093524144
1242.1208145810324,,,2.2903453665542566
1242.130768282008,,,2.2895807413104525
1242.1407219829835,,,2.2886217371602213
1242.150675683959,,,2.287503500765797
1242.1606293849345,,,2.286262030575469
1242.17058308591,,,2.2849483156310235
1242.1805367868856,,,2.2836222109887134
1242.190490487861,,,2.282351199725394
1242.2004441888366,,,2.2811797870668045
1242.2103978898122,,,2.280138784563224
1242.2203515907877,,,2.279246006353791
1242.2303052917632,,,2.2785147276645663
1242.2402589927387,,,2.2779499569891266
1242.2502126937143,,,2.2775267529513936
1242.2601663946898,,,2.2772302454074387
1242.2701200956653,,,2.277040836297015
1242.2800737966409,,,2.276937984575231
1242.2900274976164,,,2.276895266523952
1242.299981198592,,,2.2768828451842866
1242.3099348995675,,,2.276884167575607
1242.319888600543,,,2.2768897039323224
1242.3298423015185,,,2.276897431858707
1242.339796002494,,,2.27691150992419
1242.3497497034696,,,2.2769363768579014
1242.359703404445,,,2.276974026518553
1242.3696571054206,,,2.2770214218814866
1242.3796108063962,,,2.277068678714837
1242.3895645073717,,,2.2770979959943958
1242.3995182083472,,,2.277091847072275
1242.4094719093227,,,2.277033181416053
1242.4194256102983,,,2.276907511442688
1242.4293793112738,,,2.2766980136195896
1242.4393330122493,,,2.2763910466827095
1242.4492867132249,,,2.27598534610365
1242.4592404142004,,,2.275473489666741
1242.469194115176,,,2.274849581469344
1242.4791478161515,,,2.274104920522605
1242.489101517127,,,2.273243306501712
1242.4990552181025,,,2.2722872670911403
1242.509008919078,,,2.27125567408192
1242.5189626200536,,,2.2701691647333293
1242.528916321029,,,2.2690434400725588
1242.5388700220046,,,2.2678860215607166
1242.5488237229802,,,2.266689332300543
1242.5587774239557,,,2.2654263538698745
1242.5687311249312,,,2.264056582248517
1242.5786848259067,,,2.262517699593425
1242.5886385268823,,,2.2607524914243364
1242.5985922278578,,,2.2587405480457923
1242.6085459288333,,,2.2564675552965316
1242.6184996298089,,,2.2539385264941356
1242.6284533307844,,,2.251163742522353
1242.63840703176,,,2.2481886173240984
1242.6483607327355,,,2.245074252628532
1242.658314433711,,,2.2418625428345442
1242.6682681346865,,,2.2385880451260913
1242.678221835662,,,2.235275764534341
1242.6881755366376,,,2.2319468346694546
1242.698129237613,,,2.2286140726999513
1242.7080829385886,,,2.2252845753014348
1242.7180366395642,,,2.221963368797813
1242.7279903405397,,,2.218654530620375
1242.7379440415152,,,2.2153584844580774
1242.7478977424907,,,2.212071260541846
1242.7578514434663,,,2.208785702775751
1242.7678051444418,,,2.205490943674876
1242.7777588454173,,,2.2021713586022966
1242.7877125463929,,,2.1988126954887974
1242.7976662473684,,,2.1954081034556685
1242.807619948344,,,2.1919539990148786
1242.8175736493195,,,2.188451681811708
1242.827527350295,,,2.1849043157295385
1242.8374810512705,,,2.1813229065423725
1242.847434752246,,,2.1777187590099074
1242.8573884532216,,,2.1740979610345
1242.867342154197,,,2.1704616798382776
1242.8772958551726,,,2.1668006322755486
1242.8872495561482,,,2.163096713278664
1242.8972032571237,,,2.1593271382905224
1242.9071569580992,,,2.155462242444894
1242.9171106590748,,,2.15146956613585
1242.9270643600503,,,2.147299745971386
1242.9370180610258,,,2.1429205534082896
1242.9469717620013,,,2.1383198630434785
1242.9569254629769,,,2.133485162835746
1242.9668791639524,,,2.1284161806680846
1242.976832864928,,,2.123108233333788
1242.9867865659035,,,2.117592032626768
1242.996740266879,,,2.1119046492241593
1243.0066939678545,,,2.106063746869318
1243.01664766883,,,2.100073638818647
1243.0266013698056,,,2.093906088530086
1243.036555070781,,,2.087531049726917
1243.0465087717566,,,2.0809191193565604
1243.0564624727322,,,2.0740332518303184
1243.0664161737077,,,2.0668477382925716
1243.0763698746832,,,2.0593258638730125
1243.086323575659,,,2.051483908620395
1243.0962772766345,,,2.043358614297306
1243.10623097761,,,2.0349731189942095
1243.1161846785856,,,2.0263483381175162
1243.126138379561,,,2.017479056526904
1243.1360920805366,,,2.0083758276666313
1243.1460457815122,,,1.9990453315578893
1243.1559994824877,,,1.9894754028843789
1243.1659531834632,,,1.9796500345555856
1243.1759068844387,,,1.9695275593125436
1243.1858605854143,,,1.9591027007725055
1243.1958142863898,,,1.9483874893930768
1243.2057679873653,,,1.9373868191549821
1243.2157216883409,,,1.926113246405025
1243.2256753893164,,,1.9145643539016597
1243.235629090292,,,1.9027735256813931
1243.2455827912675,,,1.8907773381947923
1243.255536492243,,,1.87859734848113
1243.2654901932185,,,1.8662545287020682
1243.275443894194,,,1.8537607838890502
1243.2853975951696,,,1.8411508120285842
1243.295351296145,,,1.8284635452836138
1243.3053049971206,,,1.8157351026845416
1243.3152586980962,,,1.8030045457368467
1243.3252123990717,,,1.7903183219102456
1243.3351661000472,,,1.7777172112759516
1243.3451198010227,,,1.765227186895261
1243.3550735019983,,,1.7528692017817946
1243.3650272029738,,,1.7406588237435758
1243.3749809039493,,,1.7286286574683538
1243.3849346049249,,,1.7168069084272042
1243.3948883059004,,,1.7052433574739494
1243.404842006876,,,1.6940433869242377
1243.4147957078515,,,1.683374569155887
1243.424749408827,,,1.6735750870638648
1243.4347031098025,,,1.6649829677866004
1243.444656810778,,,1.6578954129014072
1243.4546105117536,,,1.6526435559268524
1243.464564212729,,,1.6495073825999869
1243.4745179137046,,,1.6488977504381652
1243.4844716146802,,,1.6508673790226038
1243.4944253156557,,,1.655319273229511
1243.5043790166312,,,1.6622099635403336
1243.5143327176067,,,1.671440872070161
1243.5242864185823,,,1.6830683464350435
1243.5342401195578,,,1.6968709612050104
1243.5441938205333,,,1.7126030435601585
1243.5541475215089,,,1.7301461133055809
1243.5641012224844,,,1.749387061237065
1243.57405492346,,,1.7703457061819323
1243.5840086244355,,,1.7928518174869092
1243.593962325411,,,1.816716410550895
1243.6039160263865,,,1.841839537577739
1243.613869727362,,,1.8681196910238609
1243.6238234283376,,,1.8955307168166033
1243.633777129313,,,1.92390688119623
1243.6437308302886,,,1.9530626644538538
1243.6536845312642,,,1.9828618621183132
1243.6636382322397,,,2.0131602747113537
1243.6735919332152,,,2.043823302791248
1243.6835456341908,,,2.0746614614134775
1243.6934993351663,,,2.1055052217452244
1243.7034530361418,,,2.1362128937816864
1243.7134067371173,,,2.1666573682439045
1243.7233604380929,,,2.1966898488648376
1243.7333141390684,,,2.2262156180468207
1243.743267840044,,,2.2551875275613558
1243.7532215410195,,,2.2835469283363627
1243.763175241995,,,2.3112393682599572
1243.7731289429705,,,2.338143530711344
1243.783082643946,,,2.364197737620802
1243.7930363449216,,,2.3893643987631887
1243.802990045897,,,2.413545689175187
1243.8129437468726,,,2.4366271628521043
1243.8228974478482,,,2.458367215453062
1243.8328511488237,,,2.478617796084478
1243.8428048497992,,,2.4972976013495582
1243.8527585507748,,,2.514242040878866
1243.8627122517503,,,2.5292912482377417
1243.8726659527258,,,2.542139054833119
1243.8826196537013,,,2.5527261178783673
1243.8925733546769,,,2.5612011698082844
1243.9025270556524,,,2.567673126372383
1243.912480756628,,,2.572335629541068
1243.9224344576035,,,2.575355319345031
1243.9323881585792,,,2.5770927134455617
1243.9423418595547,,,2.577919889924835
1243.9522955605303,,,2.578094356272509
1243.9622492615058,,,2.577835206001118
1243.9722029624813,,,2.57728685568652
1243.9821566634569,,,2.5765552685182143
1243.9921103644324,,,2.575696678056723
1244.002064065408,,,2.5747290463901593
1244.0120177663835,,,2.573662017277764
1244.021971467359,,,2.572503688698836
1244.0319251683345,,,2.5712830270829126
1244.04187886931,,,2.570043885081734
1244.0518325702856,,,2.5688331276164287
1244.061786271261,,,2.567698510093921
1244.0717399722366,,,2.5666935322842077
1244.0816936732122,,,2.565857738107473
1244.0916473741877,,,2.5652032829006046
1244.1016010751632,,,2.564740175954407
1244.1115547761387,,,2.5644688282832515
1244.1215084771143,,,2.5643918363766636
1244.1314621780898,,,2.5644873582057373
1244.1414158790653,,,2.5647098251689684
1244.1513695800409,,,2.565015795099244
1244.1613232810164,,,2.565353085814257
1244.171276981992,,,2.565660101615467
1244.1812306829675,,,2.5658754395831664
1244.191184383943,,,2.5659654090142343
1244.2011380849185,,,2.56591050460496
1244.211091785894,,,2.56571073995545
1244.2210454868696,,,2.565377445096173
1244.230999187845,,,2.5649449479453024
1244.2409528888206,,,2.564460889812434
1244.2509065897962,,,2.563963154448672
1244.2608602907717,,,2.5634859223033715
1244.2708139917472,,,2.5630618232763007
1244.2807676927227,,,2.562715656419634
1244.2907213936983,,,2.5624542621512765
1244.3006750946738,,,2.562283170092931
1244.3106287956493,,,2.562203751297403
1244.3205824966249,,,2.562220664942809
1244.3305361976004,,,2.5623361614298954
1244.340489898576,,,2.5625428331513076
1244.3504435995515,,,2.5628413226498665
1244.360397300527,,,2.5632313555916024
1244.3703510015025,,,2.563714819177145
1244.380304702478,,,2.56428818057874
1244.3902584034536,,,2.564935764291365
1244.400212104429,,,2.565649804999958
1244.4101658054046,,,2.5664242934557597
1244.4201195063802,,,2.5672585185097776
1244.4300732073557,,,2.5681524322058187
1244.4400269083312,,,2.5690955942703995
1244.4499806093067,,,2.570075509349648
1244.4599343102823,,,2.5710692871096934
1244.4698880112578,,,2.572039751495336
1244.4798417122333,,,2.572932711955585
1244.4897954132089,,,2.573705080454175
1244.4997491141844,,,2.574316226492993
1244.50970281516,,,2.574736786032619
1244.5196565161355,,,2.5749437730826763
1244.529610217111,,,2.5749267021824935
1244.5395639180865,,,2.574723476423524
1244.549517619062,,,2.5743643929667934
1244.5594713200376,,,2.5738887601697913
1244.569425021013,,,2.5733376209217225
1244.5793787219886,,,2.572753927161232
1244.5893324229642,,,2.5721706419190613
1244.5992861239397,,,2.571592178269434
1244.6092398249152,,,2.570989705774216
1244.6191935258908,,,2.570280639065249
1244.6291472268663,,,2.5692958662552696
1244.6391009278418,,,2.567873513759717
1244.6490546288173,,,2.565833198519041
1244.6590083297929,,,2.563027927185383
1244.6689620307684,,,2.55934349193247
1244.678915731744,,,2.554682282079222
1244.6888694327195,,,2.5491849259362436
1244.698823133695,,,2.54293248505247
1244.7087768346705,,,2.5360368526988246
1244.718730535646,,,2.528628442554801
1244.7286842366216,,,2.5208669540043362
1244.738637937597,,,2.5130031435250535
1244.7485916385726,,,2.505241784919082
1244.7585453395482,,,2.4977771561090365
1244.7684990405237,,,2.4907787519983184
1244.7784527414992,,,2.4844102775521204
1244.7884064424748,,,2.478633233634414
1244.7983601434503,,,2.4734306354962796
1244.8083138444258,,,2.4687665107213608
1244.8182675454013,,,2.4646085815928274
1244.8282212463769,,,2.4609714704043846
1244.8381749473524,,,2.457767904830209
1244.848128648328,,,2.4549804415323266
1244.8580823493035,,,2.452597526670125
1244.868036050279,,,2.4506157441515155
1244.8779897512545,,,2.4490801889753016
1244.88794345223,,,2.4479379420797054
1244.8978971532056,,,2.447190371443935
1244.907850854181,,,2.446840199625149
1244.9178045551566,,,2.4468928074689913
1244.9277582561322,,,2.447407824865693
1244.9377119571077,,,2.4483340054723595
1244.9476656580832,,,2.449673625511977
1244.9576193590588,,,2.4514248508178555
1244.9675730600343,,,2.4535794475767925
1244.9775267610098,,,2.456172021725383
1244.9874804619853,,,2.459120576289192
1244.9974341629609,,,2.4623938300264
1245.0073878639364,,,2.4659615960693104
1245.0173415649122,,,2.469800687320448
1245.0272952658877,,,2.4739351370895997
1245.0372489668632,,,2.478339764958252
1245.0472026678387,,,2.4830388907760312
1245.0571563688143,,,2.4880738131579863
1245.0671100697898,,,2.4934954805354996
1245.0770637707653,,,2.4994125665085827
1245.0870174717409,,,2.5057930582775967
1245.0969711727164,,,2.5125929395463205
1245.106924873692,,,2.519710906136003
1245.1168785746675,,,2.526989853001716
1245.126832275643,,,2.5342175897844736
1245.1367859766185,,,2.541189156837286
1245.146739677594,,,2.5477393314046672
1245.1566933785696,,,2.5537257917540996
1245.166647079545,,,2.559031564092996
1245.1766007805206,,,2.5634710168013024
1245.1865544814962,,,2.567058276183815
1245.1965081824717,,,2.569810816985247
1245.2064618834472,,,2.5717800778726287
1245.2164155844227,,,2.57307033806807
1245.2263692853983,,,2.5737878567116788
1245.2363229863738,,,2.5741576043867074
1245.2462766873493,,,2.57433060724126
1245.2562303883249,,,2.57440107462908
1245.2661840893004,,,2.5744232341676256
1245.276137790276,,,2.5744185103594273
1245.2860914912515,,,2.5743930770954995
1245.296045192227,,,2.574343969259748
1245.3059988932025,,,2.5742671639383388
1245.315952594178,,,2.5741618115686906
1245.3259062951536,,,2.5740294491952844
1245.335859996129,,,2.5738800839237426
1245.3458136971046,,,2.5737244109165447
1245.3557673980802,,,2.573571658430481
1245.3657210990557,,,2.5734293630380956
1245.3756748000312,,,2.573304109068781
1245.3856285010067,,,2.573197023722863
1245.3955822019823,,,2.573105278224877
1245.4055359029578,,,2.5730233750613998
1245.4154896039333,,,2.5729417006262474
1245.4254433049089,,,2.572842692361141
1245.4353970058844,,,2.5727023927891404
1245.44535070686,,,2.572496022862973
1245.4553044078355,,,2.5721958915275795
1245.465258108811,,,2.5717767408471097
1245.4752118097865,,,2.571208587865294
1245.485165510762,,,2.570483189216489
1245.4951192117376,,,2.569612718048
1245.505072912713,,,2.5686074005360857
1245.5150266136886,,,2.567481370565144
1245.5249803146642,,,2.5662432567689155
1245.5349340156397,,,2.5649074680798014
1245.5448877166152,,,2.5634903020743627
1245.5548414175908,,,2.5619970433286996
1245.5647951185663,,,2.560430074937344
1245.5747488195418,,,2.5587868036661097
1245.5847025205173,,,2.5570706931108607
1245.5946562214929,,,2.5552974973954936
1245.6046099224684,,,2.5534839650681183
1245.614563623444,,,2.5516519299552405
1245.6245173244195,,,2.5498240458030415
1245.634471025395,,,2.5480155364105284
1245.6444247263705,,,2.5462203332733333
1245.654378427346,,,2.5444116527987326
1245.6643321283216,,,2.5425421212716004
1245.674285829297,,,2.5405436532736148
1245.6842395302726,,,2.538339710357749
1245.6941932312482,,,2.535908427982264
1245.7041469322237,,,2.533248861697402
1245.7141006331992,,,2.5303943208071384
1245.7240543341748,,,2.5274020747803565
1245.7340080351503,,,2.524351970609694
1245.7439617361258,,,2.5213251880269203
1245.7539154371013,,,2.518378078105515
1245.7638691380769,,,2.5155518268955435
1245.7738228390524,,,2.5128783932574894
1245.783776540028,,,2.5103940659431707
1245.7937302410035,,,2.5081013802902454
1245.803683941979,,,2.506025816157913
1245.8136376429545,,,2.504198454859904
1245.82359134393,,,2.5026562534068972
1245.8335450449056,,,2.5014538844209095
1245.843498745881,,,2.5005653308593154
1245.8534524468566,,,2.4999922259517247
1245.8634061478324,,,2.4997339865487973
1245.873359848808,,,2.4997948372228636
1245.8833135497835,,,2.5002159219299473
1245.893267250759,,,2.5009609452202306
1245.9032209517345,,,2.5020314475203125
1245.91317465271,,,2.503421080953321
1245.9231283536856,,,2.505112370916909
1245.933082054661,,,2.5071046032766358
1245.9430357556366,,,2.5093136104079883
1245.9529894566122,,,2.511692892723586
1245.9629431575877,,,2.5141989732368413
1245.9728968585632,,,2.516796446884151
1245.9828505595387,,,2.5194669451620118
1245.9928042605143,,,2.5221869857474646
1246.0027579614898,,,2.5249508905555462
1246.0127116624653,,,2.527757153665923
1246.0226653634409,,,2.5306046074141753
1246.0326190644164,,,2.5334937514408074
1246.042572765392,,,2.5364131766959424
1246.0525264663675,,,2.5393556454257435
1246.062480167343,,,2.5423181125650505
1246.0724338683185,,,2.545305471190789
1246.082387569294,,,2.5483399465377277
1246.0923412702696,,,2.5514442960780035
1246.102294971245,,,2.5546418328524045
1246.1122486722206,,,2.5579485698035214
1246.1222023731962,,,2.5613610010725893
1246.1321560741717,,,2.5648500202903053
1246.1421097751472,,,2.5683363766679514
1246.1520634761227,,,2.571728113743811
1246.1620171770983,,,2.574929960538139
1246.1719708780738,,,2.577858840247134
1246.1819245790493,,,2.5804204439037015
1246.1918782800249,,,2.5826060957203456
1246.2018319810004,,,2.584437370320386
1246.211785681976,,,2.5859389789790823
1246.2217393829515,,,2.5871459844428584
1246.231693083927,,,2.588076244918624
1246.2416467849025,,,2.588777323408934
1246.251600485878,,,2.589290760177559
1246.2615541868536,,,2.5896424049344975
1246.271507887829,,,2.5898596563421528
1246.2814615888046,,,2.5899688881232756
1246.2914152897802,,,2.5900097548036674
1246.3013689907557,,,2.5900132221623613
1246.3113226917312,,,2.5899938684532304
1246.3212763927067,,,2.589956776301035
1246.3312300936823,,,2.5898987138769263
1246.3411837946578,,,2.589813916406393
1246.3511374956333,,,2.58970097137649
1246.3610911966089,,,2.58956250136848
1246.3710448975844,,,2.5894080401937902
1246.38099859856,,,2.589254646484812
1246.3909522995355,,,2.5891252488160577
1246.400906000511,,,2.58903618730114
1246.4108597014865,,,2.58899817000459
1246.420813402462,,,2.5890141800968896
1246.4307671034376,,,2.5890815598153045
1246.440720804413,,,2.589190766146083
1246.4506745053886,,,2.589326285645584
1246.4606282063642,,,2.5894791013136818
1246.4705819073397,,,2.5896433125175737
1246.4805356083152,,,2.58981689262521
1246.4904893092908,,,2.590001179645319
1246.5004430102663,,,2.590197386505776
1246.5103967112418,,,2.590408344242643
1246.5203504122173,,,2.5906371870080913
1246.5303041131929,,,2.59088727431174
1246.5402578141684,,,2.591163466263299
1246.550211515144,,,2.5914650971725495
1246.5601652161195,,,2.5917924969939508
1246.570118917095,,,2.5921438890420463
1246.5800726180705,,,2.592514960802359
1246.590026319046,,,2.592898777070427
1246.5999800200216,,,2.5932841515103457
1246.609933720997,,,2.593662256824006
1246.6198874219726,,,2.594025562681282
1246.6298411229482,,,2.5943681564469694
1246.6397948239237,,,2.594681555077387
1246.6497485248992,,,2.5949653577307488
1246.6597022258748,,,2.5952166480288
1246.6696559268503,,,2.5954332574653343
1246.6796096278258,,,2.5956145023423987
1246.6895633288013,,,2.595757983576994
1246.6995170297769,,,2.5958738076288324
1246.7094707307524,,,2.59597125294287
1246.719424431728,,,2.596061804783131
1246.7293781327035,,,2.596157743619824
1246.739331833679,,,2.5962734473162428
1246.7492855346545,,,2.596416938298507
1246.75923923563,,,2.596593648254885
1246.7691929366056,,,2.5968070136973154
1246.779146637581,,,2.5970586872497217
1246.7891003385566,,,2.5973530801973364
1246.7990540395322,,,2.5976856421903696
1246.8090077405077,,,2.5980516702663747
1246.8189614414832,,,2.598445134832799
1246.8289151424588,,,2.598857214014328
1246.8388688434343,,,2.5992759528698546
1246.8488225444098,,,2.599686071882619
1246.8587762453853,,,2.600074661762811
1246.8687299463609,,,2.60043073162489
1246.8786836473364,,,2.6007458958006184
1246.888637348312,,,2.601010096191308
1246.8985910492875,,,2.6012203870221846
1246.908544750263,,,2.601376773430064
1246.9184984512385,,,2.601477952332301
1246.928452152214,,,2.601524925846274
1246.9384058531896,,,2.6015191364662504
1246.9483595541653,,,2.601472659401287
1246.9583132551409,,,2.601403620540359
1246.9682669561164,,,2.60132950047778
1246.978220657092,,,2.6012681375203877
1246.9881743580675,,,2.601236371007222
1246.998128059043,,,2.6012438075396673
1247.0080817600185,,,2.6012881858265327
1247.018035460994,,,2.601363846853309
1247.0279891619696,,,2.601460812225308
1247.037942862945,,,2.6015657092709166
1247.0478965639206,,,2.6016618408037746
1247.0578502648962,,,2.601737896002425
1247.0678039658717,,,2.601787954592343
1247.0777576668472,,,2.601810924897229
1247.0877113678227,,,2.601810211822954
1247.0976650687983,,,2.6017941241462164
1247.1076187697738,,,2.601774836475368
1247.1175724707493,,,2.6017615041450455
1247.1275261717249,,,2.6017610034843894
1247.1374798727004,,,2.6017782566072434
1247.147433573676,,,2.6018180243226703
1247.1573872746515,,,2.6018796338083794
1247.167340975627,,,2.601965113034577
1247.1772946766025,,,2.6020774239909796
1247.187248377578,,,2.6022206222728768
1247.1972020785536,,,2.602403254205619
1247.207155779529,,,2.602624069852444
1247.2171094805046,,,2.6028848627028403
1247.2270631814802,,,2.603186509679423
1247.2370168824557,,,2.6035296245591293
1247.2469705834312,,,2.6039218951541905
1247.2569242844068,,,2.604361473856895
1247.2668779853823,,,2.6048540166911183
1247.2768316863578,,,2.6054066524595916
1247.2867853873333,,,2.6060257247873455
1247.2967390883089,,,2.606722043864175
1247.3066927892844,,,2.607481962521146
1247.31664649026,,,2.6082888477117065
1247.3266001912355,,,2.609118985924332
1247.336553892211,,,2.6099432637501367
1247.3465075931865,,,2.610725351106068
1247.356461294162,,,2.611441334175895
1247.3664149951376,,,2.6120786113061074
1247.376368696113,,,2.612632926781103
1247.3863223970886,,,2.6131085646628134
1247.3962760980642,,,2.6135106250751
1247.4062297990397,,,2.6138584719838245
1247.4161835000152,,,2.6141696315732887
1247.4261372009908,,,2.6144582323180376
1247.4360909019663,,,2.614738500904464
1247.4460446029418,,,2.615026156868764
1247.4559983039173,,,2.615334910828511
1247.4659520048929,,,2.6156715759169975
1247.4759057058684,,,2.6160375096805657
1247.485859406844,,,2.6164265331529366
1247.4958131078195,,,2.616823269784682
1247.505766808795,,,2.6171989090881276
1247.5157205097705,,,2.6175216773482695
1247.525674210746,,,2.6177603110828396
1247.5356279117216,,,2.617889398716652
1247.545581612697,,,2.6178874134960766
1247.5555353136726,,,2.6177516408117167
1247.5654890146482,,,2.617510676608024
1247.5754427156237,,,2.617192265900284
1247.5853964165992,,,2.616828196131509
1247.5953501175748,,,2.616448971709735
1247.6053038185503,,,2.616082317482441
1247.6152575195258,,,2.615743514748102
1247.6252112205013,,,2.6154398142785618
1247.6351649214769,,,2.615173454824872
1247.6451186224524,,,2.6149441606297734
1247.655072323428,,,2.6147511063934643
1247.6650260244035,,,2.61458441614708
1247.674979725379,,,2.6144357389779946
1247.6849334263545,,,2.6142933239592376
1247.69488712733,,,2.614142104173855
1247.7048408283056,,,2.6139609618143447
1247.714794529281,,,2.6137386940349185
1247.7247482302566,,,2.6134690967917784
1247.7347019312322,,,2.613155447843853
1247.7446556322077,,,2.6128105885714175
1247.7546093331832,,,2.6124548073519724
1247.7645630341588,,,2.6121075053795275
1247.7745167351343,,,2.6117655838417324
1247.7844704361098,,,2.611391860426357
1247.7944241370856,,,2.6108982263026883
1247.804377838061,,,2.610065752519464
1247.8143315390366,,,2.608651124777356
1247.8242852400122,,,2.606373362733242
1247.8342389409877,,,2.6029580946377053
1247.8441926419632,,,2.598196295883171
1247.8541463429387,,,2.591804516995912
1247.8641000439143,,,2.5838540197069597
1247.8740537448898,,,2.574456465921247
1247.8840074458653,,,2.5637020322983037
1247.8939611468409,,,2.5516956201974765
1247.9039148478164,,,2.5384626084822055
1247.913868548792,,,2.524189104507574
1247.9238222497675,,,2.5090697740107695
1247.933775950743,,,2.4932569554149104
1247.9437296517185,,,2.4769254677564643
1247.953683352694,,,2.4602778105229053
1247.9636370536696,,,2.443618398362653
1247.973590754645,,,2.4272613306663464
1247.9835444556206,,,2.411507373602009
1247.9934981565962,,,2.3966221316290226
1248.0034518575717,,,2.382862784849614
1248.0134055585472,,,2.3703686463336955
1248.0233592595227,,,2.3590641590276076
1248.0333129604983,,,2.3489312082198306
1248.0432666614738,,,2.3399404500935606
1248.0532203624493,,,2.3321063134565327
1248.0631740634249,,,2.3254654284548026
1248.0731277644004,,,2.319888817875772
1248.083081465376,,,2.315360281234019
1248.0930351663515,,,2.3118649346894387
1248.102988867327,,,2.309413021374612
1248.1129425683025,,,2.308082187237164
1248.122896269278,,,2.3077427806657393
1248.1328499702536,,,2.308384206496484
1248.142803671229,,,2.3099960168049107
1248.1527573722046,,,2.312573974254269
1248.1627110731802,,,2.31622155063308
1248.1726647741557,,,2.3207988820597283
1248.1826184751312,,,2.3262957498159356
1248.1925721761068,,,2.3327085492737405
1248.2025258770823,,,2.3400442693267713
1248.2124795780578,,,2.3484525711642634
1248.2224332790333,,,2.3578627486611206
1248.2323869800089,,,2.3683232503126024
1248.2423406809844,,,2.379899052770979
1248.25229438196,,,2.3926526819392016
1248.2622480829355,,,2.4067610951808835
1248.272201783911,,,2.422074839894178
1248.2821554848865,,,2.438418952853126
1248.292109185862,,,2.4555429940183773
1248.3020628868376,,,2.4731219471415518
1248.312016587813,,,2.4907905302551843
1248.3219702887886,,,2.5081788318391025
