wave,flux,err,best_fit_spec
1800.005779830357,0.99068236,0.10783581,1.05960964378158
1800.0430646319787,0.86638683,0.10171719,1.0549562507458836
1800.0803494336008,0.78566986,0.099751905,1.0508159410434752
1800.1176342352228,0.96032906,0.10668509,1.0471375109085361
1800.1549190368446,1.0530438,0.110882394,1.0438782181021957
1800.1922038384666,0.94924754,0.107945226,1.0410250622000625
1800.2294886400887,0.95349526,0.10605308,1.0385701197534103
1800.2667734417107,0.9346526,0.10348285,1.0365147071358765
1800.3040582433325,0.99364114,0.11025743,1.0348006917576649
1800.3413430449546,0.98532724,0.107338056,1.033295556923595
1800.3786278465766,0.9499349,0.10638015,1.0317264443812717
1800.4159126481984,0.8785634,0.10101352,1.0298869708778295
1800.4531974498204,0.9371697,0.101193406,1.0279229448911382
1800.4904822514425,0.9982533,0.11317659,1.026245642348651
1800.5277670530643,0.9907503,0.10852127,1.0251640318290876
1800.5650518546863,1.0251367,0.11100643,1.0247116955014655
1800.6023366563084,1.0251828,0.10635196,1.024814183917174
1800.6396214579302,0.9150491,0.10372144,1.0254262803342478
1800.6769062595522,0.9012684,0.10074931,1.0265278252237189
1800.7141910611742,1.028288,0.110329844,1.0281086942515834
1800.7514758627963,0.832158,0.099610776,1.0301842566330863
1800.788760664418,0.8936168,0.09894486,1.0327886345381574
1800.8260454660401,1.0441285,0.11055024,1.035962094383548
1800.8633302676621,0.9599364,0.10820278,1.0396765219083464
1800.900615069284,1.1183411,0.113222174,1.0437703139631611
1800.937899870906,1.0113275,0.10780392,1.0480252798951315
1800.975184672528,0.8189988,0.069812424,1.0524782469155323
1801.0124694741498,0.9122178,0.07133322,1.057343078488727
1801.0497542757719,0.9820431,0.07669502,1.0628529053023072
1801.087039077394,0.9590527,0.071743004,1.0691817956616605
1801.1243238790157,0.87558097,0.07324442,1.0762320229961881
1801.1616086806378,0.98611224,0.072856754,1.0834616908713222
1801.1988934822598,0.9869456,0.07523152,1.090342211328847
1801.2361782838818,0.9616665,0.07236097,1.096649099212522
1801.2734630855036,0.9551725,0.07243597,1.1021713844542824
1801.3107478871257,1.0124801,0.07712111,1.1066139705747278
1801.3480326887477,1.0199286,0.07331238,1.10984299358597
1801.3853174903695,0.9200493,0.07249217,1.1121830712930592
1801.4226022919916,0.9333389,0.07412251,1.1141389534003103
1801.4598870936136,0.9538288,0.07174595,1.1159895111340232
1801.4971718952354,1.0075082,0.07560644,1.1178628693228112
1801.5344566968574,1.0097971,0.074647255,1.1198351926013954
1801.5717414984795,1.1340305,0.080035,1.1218160745027586
1801.6090263001013,1.1201674,0.07640355,1.1233489784465187
1801.6463111017233,1.0365442,0.07658482,1.1239003575147577
1801.6835959033453,1.0087372,0.07337108,1.1232881400703723
1801.7208807049674,0.9036114,0.073000565,1.1217722458175126
1801.7581655065892,1.0934973,0.07501618,1.1198700665524854
1801.7954503082112,1.0979983,0.07820569,1.1179531595918344
1801.8327351098333,1.0045131,0.074061245,1.1161539621086498
1801.870019911455,1.0006632,0.074226595,1.1145118273771413
1801.907304713077,1.0427226,0.07557595,1.1130489590953503
1801.9445895146991,0.9216007,0.07253359,1.1118131709217183
1801.981874316321,1.0752255,0.076282635,1.1108632676977472
1802.019159117943,1.0279992,0.0754387,1.1102249289904962
1802.056443919565,0.9934658,0.073496364,1.109913385884587
1802.0937287211868,1.1069895,0.07960532,1.1099611979007282
1802.1310135228089,1.1094881,0.07635446,1.1104143656265406
1802.168298324431,1.000822,0.07421627,1.1112208990238892
1802.205583126053,0.98943883,0.07403618,1.1120549397179171
1802.2428679276748,1.0948946,0.077022836,1.1123786876762944
1802.2801527292968,1.105562,0.07697154,1.111574388169294
1802.3174375309188,1.0190386,0.07375643,1.109213802257929
1802.3547223325406,1.0689657,0.077099465,1.105446017400682
1802.3920071341627,1.089894,0.07799142,1.1008118072422846
1802.4292919357847,0.995742,0.07482767,1.096010687683728
1802.4665767374065,1.0434399,0.0750752,1.0917771102825125
1802.5038615390285,1.0533386,0.07445744,1.088315565815371
1802.5411463406506,1.0180697,0.074517585,1.0854656439223884
1802.5784311422724,1.0147566,0.07311348,1.083107654909196
1802.6157159438944,1.1026131,0.07844309,1.0811687001904642
1802.6530007455165,0.98579323,0.07219574,1.0796047110236628
1802.6902855471385,0.9301314,0.06452065,1.0783169168708657
1802.7275703487603,1.017311,0.0608404,1.0771435499441515
1802.7648551503823,1.0202178,0.06175934,1.0759389244725701
1802.8021399520044,0.9411916,0.057907198,1.074758618632352
1802.8394247536262,1.0179212,0.05987836,1.0738227092442827
1802.8767095552482,1.0471599,0.06292344,1.0733453240046396
1802.9139943568703,1.057043,0.061215885,1.0733961975720119
1802.951279158492,1.0887716,0.06347567,1.073929281939747
1802.988563960114,0.9867446,0.059145004,1.0747992150737784
1803.0258487617361,1.1115564,0.06317035,1.0758536649333934
1803.063133563358,1.0907029,0.061455023,1.0770820750036356
1803.10041836498,1.0491849,0.061599065,1.0786328599293846
1803.137703166602,1.0905689,0.062918246,1.0806440932799162
1803.1749879682238,1.0107616,0.0607209,1.0830702009069455
1803.2122727698459,1.0144929,0.060103066,1.085755479109017
1803.249557571468,1.0425218,0.06081853,1.0885773928972777
1803.28684237309,0.98645025,0.059355766,1.0914380550204243
1803.3241271747117,1.0270361,0.059922863,1.094262629678545
1803.3614119763338,1.044061,0.061011013,1.0969683427780628
1803.3986967779558,1.0007064,0.059867945,1.0994693320801658
1803.4359815795776,1.0102217,0.06091418,1.1017238163438219
1803.4732663811997,1.0491366,0.061152782,1.1036970767047671
1803.5105511828217,1.0904801,0.061986838,1.1054187268108977
1803.5478359844435,1.0414567,0.06066529,1.1068759564532056
1803.5851207860655,0.97889763,0.059056982,1.1078571625642546
1803.6224055876876,1.0301008,0.060325537,1.1079957569058854
1803.6596903893094,1.0497967,0.060529724,1.1072293869958314
1803.6969751909314,0.97782177,0.05964632,1.105939164348657
1803.7342599925535,1.048054,0.060771987,1.1047212152287105
1803.7715447941755,1.0407395,0.060923114,1.1039996602705693
1803.8088295957973,1.0552545,0.062274795,1.1038327088891644
1803.8461143974193,1.0621595,0.06145694,1.1041579963941353
1803.8833991990414,1.1009581,0.061618052,1.104935976413456
1803.9206840006632,1.0946461,0.062298954,1.106157584884345
1803.9579688022852,1.0465773,0.061245915,1.107834838417826
1803.9952536039073,1.0488874,0.060531907,1.1100299797839475
1804.032538405529,1.0503837,0.06108569,1.1128736881441232
1804.069823207151,1.070183,0.060549866,1.116489983793112
1804.1071080087731,1.0420303,0.06188197,1.1205647857903578
1804.144392810395,1.0398393,0.060445,1.1242965044284756
1804.181677612017,1.0961896,0.061991736,1.1270497387014364
1804.218962413639,1.0693738,0.06106496,1.1285409984313903
1804.256247215261,1.0088243,0.05972408,1.129025394285737
1804.2935320168829,1.0749598,0.061191034,1.129162478941686
1804.330816818505,1.0710622,0.062408928,1.129349855540593
1804.368101620127,1.0515012,0.0603512,1.1296866345045342
1804.4053864217487,1.1153152,0.062172286,1.1301986389198504
1804.4426712233708,1.1021441,0.062609725,1.1309135932933891
1804.4799560249928,1.0677663,0.061968002,1.131868083529888
1804.5172408266146,1.0601832,0.06159826,1.133057000874384
1804.5545256282367,1.0599335,0.06150175,1.1343298111998796
1804.5918104298587,1.0883759,0.061874937,1.1354467425504762
1804.6290952314805,1.0582666,0.061296735,1.1362777753588986
1804.6663800331025,1.0517749,0.061147925,1.1368977623271728
1804.7036648347246,1.0560511,0.056432273,1.1374701298080823
1804.7409496363466,1.0014356,0.05178339,1.1380876097392627
1804.7782344379684,1.0160593,0.05294509,1.138783892255239
1804.8155192395905,1.0531783,0.052713573,1.1395694719911889
1804.8528040412125,1.0661471,0.053248074,1.140425576451199
1804.8900888428343,1.0671053,0.05305823,1.1413054804191436
1804.9273736444563,1.0953752,0.053692173,1.1422133681914897
1804.9646584460784,1.0562329,0.052477848,1.1431904111106133
1805.0019432477002,1.098712,0.053898986,1.1442699978291664
1805.0392280493222,1.0210688,0.05239979,1.1454637075453282
1805.0765128509443,1.0556269,0.052443217,1.146765060367458
1805.113797652566,1.1077038,0.05384838,1.148178394928045
1805.151082454188,1.088701,0.05421582,1.1497021393945888
1805.1883672558101,1.1088253,0.05432907,1.1513126022328457
1805.2256520574322,1.0718054,0.052337594,1.1528765300119779
1805.262936859054,1.0914061,0.054472517,1.1539634980807305
1805.300221660676,1.0952388,0.05305882,1.1541534669017561
1805.337506462298,1.0659375,0.052923515,1.1535476977293957
1805.3747912639199,1.0641836,0.05210956,1.152680892823403
1805.412076065542,1.0240234,0.05239433,1.1518424916944734
1805.449360867164,1.0998003,0.053459387,1.150472433872448
1805.4866456687857,1.1610321,0.05512814,1.1478894118119454
1805.5239304704078,1.0438894,0.052638117,1.1441681560458483
1805.5612152720298,1.0207871,0.051794928,1.1400807200964898
1805.5985000736516,1.1229337,0.053712014,1.1362597327123933
1805.6357848752737,1.0498822,0.05254474,1.132849748899279
1805.6730696768957,1.0214901,0.05148314,1.1297795495599567
1805.7103544785177,1.0234073,0.052673973,1.1270125935774336
1805.7476392801395,1.0416455,0.052054588,1.124507568072155
1805.7849240817616,1.0915536,0.052946042,1.1222381726174007
1805.8222088833836,1.054756,0.0526957,1.1201708255851601
1805.8594936850054,1.0490248,0.05195236,1.1182948370431398
1805.8967784866275,1.1363747,0.05360225,1.1165796769258929
1805.9340632882495,1.0647485,0.05391136,1.1149916826811315
1805.9713480898713,1.0258372,0.051306825,1.1135219233898073
1806.0086328914933,1.0421909,0.052563634,1.1121923862569565
1806.0459176931154,1.0197889,0.051274437,1.1110360862674726
1806.0832024947372,1.0365267,0.05146703,1.1100352450369178
1806.1204872963592,1.082766,0.05356306,1.1090382279645539
1806.1577720979813,1.0845566,0.053726926,1.107560689726371
1806.195056899603,1.093917,0.053478383,1.10497905576308
1806.232341701225,1.0763412,0.05340201,1.101234555479202
1806.2696265028471,1.0080467,0.05079015,1.0967490054366866
1806.3069113044692,1.0589886,0.05285795,1.092246391027761
1806.344196106091,1.0518786,0.05261356,1.0883772763495638
1806.381480907713,1.1018751,0.05392369,1.085287605585236
1806.418765709335,1.1705418,0.053852007,1.0828152113036182
1806.4560505109569,1.1810466,0.054759268,1.080844384244007
1806.493335312579,1.0683798,0.05408841,1.0793134931613666
1806.530620114201,1.0602969,0.05301058,1.0781749191022871
1806.5679049158227,0.9803255,0.050981734,1.0773927366678693
1806.6051897174448,1.068953,0.05277636,1.0769229920224634
1806.6424745190668,1.0890514,0.0531863,1.0767462585807612
1806.6797593206886,1.1064188,0.053284027,1.0768532793843066
1806.7170441223107,0.9860795,0.051597483,1.077196137178846
1806.7543289239327,0.9807558,0.0514455,1.077720925990933
1806.7916137255547,1.0114202,0.0515027,1.078470035571744
1806.8288985271765,1.0627662,0.052343696,1.0795712880759545
1806.8661833287986,1.0670328,0.0527384,1.0811090972463857
1806.9034681304206,1.0734472,0.052829836,1.0831000133904167
1806.9407529320424,1.068551,0.052847315,1.0855215683089725
1806.9780377336645,1.0357814,0.052525397,1.0883748620513922
1807.0153225352865,0.98876107,0.050713893,1.0917855363878863
1807.0526073369083,0.988935,0.051685423,1.0959009364071588
1807.0898921385303,0.9986366,0.050497722,1.1004325926448701
1807.1271769401524,1.0149429,0.051122054,1.1047136066414525
1807.1644617417742,1.0723377,0.053416763,1.1082750233690768
1807.2017465433962,1.0902113,0.053194936,1.1111297151161663
1807.2390313450182,1.1300062,0.053731676,1.1136297803264852
1807.2763161466403,1.0375792,0.052982625,1.1158514135821387
1807.313600948262,1.0853467,0.053081233,1.1175478113615829
1807.3508857498841,1.1060374,0.053166617,1.1186680547685015
1807.3881705515062,1.0814735,0.052816756,1.1194537646976588
1807.425455353128,1.1124573,0.054281767,1.1200684299452783
1807.46274015475,1.089495,0.05272514,1.120420567825545
1807.500024956372,0.96680325,0.04996111,1.1204820168438068
1807.5373097579939,1.0750265,0.05325131,1.1204778501823482
1807.574594559616,1.0049887,0.051222187,1.1206733158912878
1807.611879361238,1.0485685,0.051486,1.1211197783156237
1807.6491641628597,1.0541432,0.05308584,1.1217557034946597
1807.6864489644818,1.0645809,0.05251638,1.122617385703666
1807.7237337661038,1.1231446,0.054435845,1.1238033373957472
1807.7610185677258,1.0363941,0.051555157,1.1253406279618814
1807.7983033693477,1.0002455,0.051018715,1.1272044685976232
1807.8355881709697,0.9660949,0.050492182,1.1294079646912731
1807.8728729725917,1.0171163,0.050794095,1.1320285851532867
1807.9101577742135,0.9076177,0.049601067,1.1352240156432578
1807.9474425758356,0.9102176,0.049757957,1.1391089651858803
1807.9847273774576,0.8695591,0.047871023,1.143370683541551
1808.0220121790794,0.7821893,0.04652568,1.1472492328736483
1808.0592969807014,0.68695474,0.04368599,1.1501000024084465
1808.0965817823235,0.64265275,0.042685315,1.151660715967682
1808.1338665839453,0.74158037,0.04456033,1.1521938224793906
1808.1711513855673,0.8632314,0.048555374,1.152320768278017
1808.2084361871894,0.937392,0.049259316,1.1524181920879328
1808.2457209888114,1.0476968,0.05340554,1.1525579005736457
1808.2830057904332,1.1478181,0.054597594,1.1527092052584034
1808.3202905920552,1.1073143,0.0537424,1.1527774518333354
1808.3575753936773,1.110232,0.053231128,1.1525296589180747
1808.394860195299,1.1254549,0.054628294,1.151524831969945
1808.4321449969211,1.1430326,0.05322272,1.1493003384910152
1808.4694297985432,1.1118811,0.05414122,1.1456585276930966
1808.506714600165,1.1589092,0.056499764,1.1407341175797567
1808.543999401787,1.09539,0.05296593,1.134943508099766
1808.581284203409,1.2123992,0.05681599,1.1289115249352486
1808.6185690050308,1.1212372,0.053825554,1.1233413467767883
1808.6558538066529,1.1706053,0.054564413,1.1185257793711099
1808.693138608275,1.1056652,0.05391347,1.1143687551336874
1808.7304234098967,1.1221881,0.054012913,1.1107758949987803
1808.7677082115188,1.1697785,0.05636776,1.107645428776765
1808.8049930131408,1.0475081,0.0517657,1.1048533937239053
1808.8422778147628,1.1067313,0.05327468,1.10230967518779
1808.8795626163846,1.0704094,0.05320143,1.1000146920633638
1808.9168474180067,1.0202042,0.05200368,1.097996796878272
1808.9541322196287,1.0686309,0.052099526,1.0962404756235
1808.9914170212505,1.1430895,0.05481634,1.0947214709976663
1809.0287018228726,1.1229643,0.05403719,1.0934413421667322
1809.0659866244946,1.0825645,0.052726235,1.0924482714302624
1809.1032714261164,1.1009806,0.054079786,1.0917832600495305
1809.1405562277384,1.1099985,0.05420716,1.0914671032128427
1809.1778410293605,1.101873,0.053317886,1.091531524638183
1809.2151258309823,1.138337,0.053690262,1.0919998581200523
1809.2524106326043,1.0596853,0.052770767,1.092770935077378
1809.2896954342264,1.030802,0.051683486,1.0935349189025523
1809.3269802358484,1.0067835,0.051258717,1.0940082656568626
1809.3642650374702,0.9262524,0.04944125,1.0942439949635974
1809.4015498390922,1.0618386,0.052194625,1.0944972590164104
1809.4388346407143,0.9098869,0.04955799,1.0948525651492524
1809.476119442336,0.8770926,0.047519047,1.0952095610281125
1809.5134042439581,0.8022731,0.045959663,1.09553025680001
1809.5506890455802,0.76324,0.045765493,1.0958863116029958
1809.587973847202,0.65682364,0.042408578,1.0963044709177878
1809.625258648824,0.53212684,0.03877314,1.0967567525308854
1809.662543450446,0.40769804,0.035165735,1.097313216276996
1809.6998282520678,0.3985737,0.033942923,1.098132140211479
1809.7371130536899,0.42156404,0.035352364,1.0992921393433892
1809.774397855312,0.56906784,0.040265515,1.1007838703831223
1809.811682656934,0.75028765,0.0457933,1.102593022728469
1809.8489674585558,0.88265866,0.048643928,1.1047013985810712
1809.8862522601778,0.9793905,0.050381344,1.1071252487760213
1809.9235370617998,0.9873546,0.05066814,1.1098613131754167
1809.9608218634216,1.1075623,0.054271113,1.112949221934299
1809.9981066650437,1.0990882,0.052731868,1.116416049623306
1810.0353914666657,1.076869,0.053354014,1.1203121102710039
1810.0726762682875,1.0136477,0.052071426,1.1246917570099069
1810.1099610699096,1.0463017,0.052549373,1.1296002159550704
1810.1472458715316,1.1573042,0.05487078,1.1351506224636225
1810.1845306731534,1.1635534,0.054965526,1.1413149407661982
1810.2218154747754,1.1676106,0.05520339,1.1478616535652397
1810.2591002763975,1.1405264,0.054571908,1.1541763075526603
1810.2963850780195,1.215444,0.056371603,1.15963137020234
1810.3336698796413,1.21503,0.055851933,1.1636777676679548
1810.3709546812634,1.2120992,0.056179523,1.1661141679666676
1810.4082394828854,1.1752611,0.054932196,1.1671711972965357
1810.4455242845072,1.1359336,0.0540598,1.1675402146760336
1810.4828090861292,1.1622001,0.056110203,1.1677234116497575
1810.5200938877513,1.1511883,0.054294106,1.1677937962458216
1810.557378689373,1.1539311,0.054460898,1.1673920199233798
1810.5946634909951,1.1149722,0.05334036,1.165826357094617
1810.6319482926172,1.1833584,0.055761117,1.1628004772745006
1810.669233094239,1.2446197,0.05633858,1.158569417145718
1810.706517895861,1.1855682,0.05636048,1.1537427703470136
1810.743802697483,1.2203507,0.05593328,1.1491123922061215
1810.781087499105,1.2227887,0.05629812,1.1451651317667335
1810.8183723007269,1.2153542,0.056511194,1.1418001809871026
1810.855657102349,1.1436081,0.05325742,1.1386250661702302
1810.892941903971,1.1695356,0.05607829,1.134994225599168
1810.9302267055928,1.2517452,0.05652753,1.1301770471700392
1810.9675115072148,1.1791764,0.054730643,1.1241089242675717
1811.0047963088368,1.1431056,0.05613125,1.117182179802524
1811.0420811104586,1.0812341,0.053333234,1.1100084461847848
1811.0793659120807,1.09038,0.052875645,1.1034338850477825
1811.1166507137027,1.1487141,0.054911774,1.0977600128724623
1811.1539355153245,1.1862549,0.055603556,1.0927694994809307
1811.1912203169466,1.1679051,0.05423736,1.0883264512390458
1811.2285051185686,1.2102826,0.055947237,1.084384622164337
1811.2657899201904,1.1363192,0.054054156,1.0809164484624705
1811.3030747218124,1.1625301,0.05502857,1.0778587406705684
1811.3403595234345,1.2552994,0.05644672,1.0750783761312896
1811.3776443250565,1.1414918,0.054430295,1.0724305267552745
1811.4149291266783,1.0581065,0.052664787,1.0697961195969132
1811.4522139283004,1.1456349,0.053755485,1.0671691799765963
1811.4894987299224,1.0923672,0.053644285,1.0646997619667875
1811.5267835315442,1.1006317,0.05393901,1.0625332641976581
1811.5640683331662,1.1026684,0.05377318,1.0607409669382188
1811.6013531347883,1.1376356,0.054177694,1.0593354160368464
1811.63863793641,1.1194679,0.054026548,1.058313573453674
1811.675922738032,1.0904074,0.053399775,1.057655149909526
1811.7132075396541,1.1224676,0.054105468,1.0573403930030942
1811.750492341276,1.13998,0.05516321,1.057356051954697
1811.787777142898,1.141543,0.05469748,1.0576994739532986
1811.82506194452,1.0383967,0.05260109,1.0583744883192148
1811.862346746142,1.0500515,0.05166273,1.0593856529961772
1811.8996315477639,1.0848364,0.052859906,1.0607307474457845
1811.936916349386,1.1359113,0.054349087,1.0624096189673091
1811.974201151008,1.0723853,0.053470135,1.0644218615163248
1812.0114859526298,1.1241852,0.053714823,1.066747660809694
1812.0487707542518,1.0844643,0.053629115,1.0692391931194454
1812.0860555558738,1.0094831,0.05121993,1.0713344533051816
1812.1233403574956,1.072915,0.052988794,1.0723803193007255
1812.1606251591177,1.1295022,0.05390502,1.072323599944849
1812.1979099607397,1.0859379,0.053324807,1.0715993992217536
1812.2351947623615,1.0457293,0.052233633,1.0709436897205555
1812.2724795639836,1.0658915,0.052611936,1.0712002423236473
1812.3097643656056,1.0951165,0.053271722,1.0727636447461766
1812.3470491672276,1.0745677,0.053208288,1.07564773656196
1812.3843339688494,1.0337605,0.05231148,1.0796837574316176
1812.4216187704715,1.0958227,0.05293785,1.0841863564132204
1812.4589035720935,1.0754142,0.053050157,1.088354015801904
1812.4961883737153,1.1253977,0.054021847,1.0916651393063375
1812.5334731753373,1.0624584,0.052693132,1.094033214009262
1812.5707579769594,1.0881288,0.053161018,1.0959232785221242
1812.6080427785812,1.1089467,0.053800695,1.098055450923075
1812.6453275802032,1.0820801,0.05282681,1.100872859751716
1812.6826123818253,1.1543704,0.05487697,1.1046078553314675
1812.719897183447,1.1760722,0.055932235,1.1090027335313335
1812.757181985069,1.1825712,0.054857865,1.1132155138941617
1812.7944667866911,1.1048398,0.053759176,1.1165030114567527
1812.8317515883132,1.1143875,0.053669296,1.1185015614566782
1812.869036389935,1.1386921,0.054781407,1.1192016405847327
1812.906321191557,1.1237026,0.054123916,1.11916880594013
1812.943605993179,1.0914775,0.052651975,1.1190467818798246
1812.9808907948009,1.0926737,0.052393664,1.1190698087036035
1813.018175596423,1.1042427,0.054208435,1.119275834592305
1813.055460398045,1.1048057,0.053442262,1.1196601862038482
1813.0927451996668,1.1520058,0.054231662,1.1201486290486156
1813.1300300012888,1.1685349,0.054833006,1.1205207373455015
1813.1673148029108,1.1673307,0.0542702,1.1205149388048565
1813.2045996045326,1.1447009,0.05432383,1.1200347720853372
1813.2418844061547,1.1406537,0.053333547,1.1191883090492887
1813.2791692077767,1.122078,0.054510057,1.118113646678546
1813.3164540093987,1.0811446,0.052486546,1.1168191441876993
1813.3537388110205,1.0895504,0.05432324,1.115304741618858
1813.3910236126426,1.0520335,0.05310763,1.1134752552668445
1813.4283084142646,1.0841101,0.052746624,1.1110092630585697
1813.4655932158864,1.2092329,0.05561871,1.1078487393327787
1813.5028780175085,1.1021192,0.053088516,1.1044134264015575
1813.5401628191305,1.1206559,0.055173654,1.1013491275401477
1813.5774476207523,1.0999156,0.05376726,1.0990715696917328
1813.6147324223743,1.1562304,0.05436957,1.0975700307882166
1813.6520172239964,1.1019665,0.053244002,1.0967202210545326
1813.6893020256182,1.0923176,0.05353061,1.0964532597310588
1813.7265868272402,1.0384221,0.051433902,1.0967475723101079
1813.7638716288623,1.0474198,0.052292284,1.0976124736473662
1813.8011564304843,1.1831369,0.055455416,1.0990910793039834
1813.838441232106,1.1557957,0.054067817,1.1012758342966946
1813.8757260337281,1.1704733,0.055076722,1.1041650521890976
1813.9130108353502,1.132597,0.0542589,1.1072857421124027
1813.950295636972,1.1190524,0.053498637,1.1096719965307926
1813.987580438594,1.1329508,0.05368255,1.1107943317792537
1814.024865240216,1.1511152,0.053861015,1.1106515487749404
1814.0621500418379,1.1427412,0.05385033,1.1095121727788122
1814.09943484346,1.0804254,0.053078305,1.1079543172494484
1814.136719645082,1.128153,0.054659672,1.1064679118020813
1814.1740044467037,1.185928,0.055001255,1.1051691629441371
1814.2112892483258,1.1307443,0.054562535,1.1040724159758355
1814.2485740499478,1.1738772,0.054476794,1.1032001715625697
1814.2858588515696,1.2133766,0.054752443,1.1025798193048009
1814.3231436531917,1.1662496,0.05487916,1.1022134973892022
1814.3604284548137,1.1495764,0.054700755,1.102096484203472
1814.3977132564357,1.2215037,0.05569583,1.1022250008627088
1814.4349980580575,1.1576152,0.05517674,1.1025941709484788
1814.4722828596796,1.2008362,0.054859042,1.1032024196478147
1814.5095676613016,1.1508327,0.054739054,1.1040466881947821
1814.5468524629234,1.0334226,0.051774036,1.1051253671603178
1814.5841372645455,1.1101716,0.054097097,1.1064380359967765
1814.6214220661675,1.1500672,0.05435268,1.1079824456444105
1814.6587068677893,1.1963149,0.05503319,1.1097744411503767
1814.6959916694113,1.1662867,0.054831304,1.1118188684225183
1814.7332764710334,1.1453439,0.05469764,1.1141292785825168
1814.7705612726552,1.1510866,0.054362774,1.116716110846577
1814.8078460742772,1.1719812,0.054251734,1.1196190462951647
1814.8451308758993,1.099587,0.053384017,1.1228704251471973
1814.8824156775213,1.1094934,0.053047925,1.1265390435914733
1814.919700479143,1.1220118,0.05403073,1.1306696733367152
1814.9569852807651,1.0988456,0.053093947,1.1351669041188996
1814.9942700823872,1.1602358,0.053926814,1.1396715632808831
1815.031554884009,1.2012565,0.054895356,1.143909000465134
1815.068839685631,1.1869489,0.05498342,1.1479856848589152
1815.106124487253,1.2011205,0.05590213,1.1521632927101182
1815.1434092888749,1.1413876,0.0539587,1.1564785823742691
1815.180694090497,1.1881324,0.055379428,1.160872441461577
1815.217978892119,1.2269441,0.056121487,1.1653210680754482
1815.2552636937407,1.1579031,0.05498508,1.1693872511574228
1815.2925484953628,1.1440755,0.054053713,1.1725213467376525
1815.3298332969848,1.1859827,0.05494412,1.1745423744872454
1815.3671180986069,1.1614766,0.054502655,1.1757390345149994
1815.4044029002287,1.1731994,0.05524541,1.1766276599199281
1815.4416877018507,1.2108392,0.056049887,1.177492122375936
1815.4789725034727,1.2180136,0.05567495,1.1783975722543203
1815.5162573050945,1.1535686,0.053947337,1.1793590726446928
1815.5535421067166,1.1479039,0.053961415,1.1804031475876033
1815.5908269083386,1.2555116,0.056585632,1.1815543596710252
1815.6281117099604,1.2649632,0.05529299,1.182862551673717
1815.6653965115825,1.2774189,0.057651587,1.1843867455371604
1815.7026813132045,1.2587124,0.056443684,1.1861168277406655
1815.7399661148263,1.177175,0.054757953,1.1878272632035887
1815.7772509164483,1.1616595,0.05511541,1.1891365840115333
1815.8145357180704,1.1856803,0.054451853,1.1898757175381078
1815.8518205196924,1.229268,0.05525645,1.1901914691567106
1815.8891053213142,1.2654355,0.057443127,1.1903278140515914
1815.9263901229363,1.2155669,0.055885635,1.1903591832349751
1815.9636749245583,1.2487706,0.055876557,1.1901612084807434
1816.00095972618,1.2179633,0.055218242,1.1895554585739148
1816.0382445278021,1.1862448,0.053175025,1.18855758530878
1816.0755293294242,1.1807413,0.05544525,1.187358458670194
1816.112814131046,1.2161273,0.056277484,1.1861040615098115
1816.150098932668,1.1734931,0.054496504,1.1847882366700622
1816.18738373429,1.221587,0.05598332,1.1834018107256226
1816.2246685359119,1.1655762,0.05390359,1.1819582034400562
1816.261953337534,1.1750546,0.054279093,1.1805110490264619
1816.299238139156,1.1566613,0.054926477,1.179117385693692
1816.336522940778,1.2332908,0.05603488,1.1778214157022844
1816.3738077423998,1.274468,0.05643759,1.1766566683416622
1816.4110925440218,1.2561915,0.056464374,1.175626110356692
1816.4483773456438,1.2472495,0.056306902,1.174713696563443
1816.4856621472657,1.2351174,0.055794235,1.1738991896622826
1816.5229469488877,1.1975042,0.055561382,1.1731653079535305
1816.5602317505097,1.2039336,0.05483086,1.1725017011330752
1816.5975165521315,1.137239,0.053885333,1.1718763479775878
1816.6348013537536,1.1669014,0.05494118,1.1712405869421887
1816.6720861553756,1.1562909,0.053780545,1.1705562687195497
1816.7093709569974,1.1723094,0.0544656,1.1698630231535563
1816.7466557586195,1.2060202,0.05566809,1.1692008800525022
1816.7839405602415,1.2265095,0.0557024,1.168543964283617
1816.8212253618635,1.2027707,0.055792175,1.167831142442592
1816.8585101634853,1.1534154,0.05385742,1.1670624895617987
1816.8957949651074,1.1705114,0.054261234,1.1662830014225607
1816.9330797667294,1.1547474,0.054143384,1.165406152662439
1816.9703645683512,1.1835952,0.055073533,1.1641621991449802
1817.0076493699733,1.2498468,0.056040827,1.162298564634184
1817.0449341715953,1.2313935,0.055566322,1.1597551793279355
1817.082218973217,1.2053679,0.055504773,1.1566156444414994
1817.1195037748391,1.2142154,0.056106687,1.1530055862258455
1817.1567885764612,1.1927907,0.055474117,1.1492121190188125
1817.194073378083,1.1921854,0.05456722,1.1456280820532658
1817.231358179705,1.1643938,0.054667175,1.142419459092204
1817.268642981327,1.0938336,0.05252651,1.139606638839417
1817.3059277829489,1.0722853,0.052434687,1.1371454674405208
1817.343212584571,1.1433444,0.053799782,1.134989234634963
1817.380497386193,1.1094775,0.052825764,1.133103559232161
1817.417782187815,1.1202332,0.05328656,1.1314282462144254
1817.4550669894368,1.1895753,0.055313423,1.129798956565964
1817.4923517910588,1.2114674,0.05556739,1.1279466290169047
1817.5296365926808,1.22124,0.054985162,1.1257320215107747
1817.5669213943027,1.1395367,0.053874258,1.1233489049596783
1817.6042061959247,1.1584961,0.054348752,1.1211798965597493
1817.6414909975467,1.1880795,0.055319756,1.1194990150384387
1817.6787757991685,1.1483278,0.05412917,1.118320185539318
1817.7160606007906,1.101934,0.052620646,1.1176084592990332
1817.7533454024126,1.2401061,0.05560378,1.1173544733285055
1817.7906302040344,1.2551458,0.056453492,1.117487199540337
1817.8279150056565,1.1990283,0.054984663,1.1177876039154933
1817.8651998072785,1.1952137,0.055193752,1.1180468627237357
1817.9024846089005,1.1773772,0.054914333,1.1182520808722771
1817.9397694105223,1.148393,0.053815592,1.1184949836461069
1817.9770542121444,1.1390766,0.05394661,1.118796119657976
1818.0143390137664,1.2035588,0.054020163,1.1191021376080814
1818.0516238153882,1.128612,0.053151615,1.1193263174488046
1818.0889086170102,1.1468834,0.054248948,1.1194078483727987
1818.1261934186323,1.1224836,0.053742226,1.1193984170955638
1818.163478220254,1.1101178,0.05359555,1.1194287835984615
1818.2007630218761,1.1132374,0.05344517,1.1195290345247737
1818.2380478234982,1.2056688,0.054738317,1.1194443012787958
1818.27533262512,1.2004561,0.055112924,1.1187255491025716
1818.312617426742,1.1442089,0.054488745,1.1172343183128106
1818.349902228364,1.1010201,0.052802805,1.1153094937572687
1818.387187029986,1.1004797,0.052467536,1.11354840146153
1818.424471831608,1.1045254,0.052952398,1.1123931020487923
1818.46175663323,1.1323676,0.05393172,1.1118602426435786
1818.499041434852,1.2111387,0.05490583,1.11178525352485
1818.5363262364738,1.1520516,0.054055214,1.112079092828437
1818.5736110380958,1.1230439,0.052726123,1.1127556552881201
1818.6108958397178,1.1218773,0.05303721,1.1138251210804444
1818.6481806413396,1.1213561,0.054202564,1.1152537687269437
1818.6854654429617,1.1394321,0.054407075,1.1170319692516186
1818.7227502445837,1.1217995,0.053611454,1.1192483198163679
1818.7600350462055,1.1419553,0.053444505,1.1219958058145425
1818.7973198478276,1.1924438,0.054598104,1.1251599622624788
1818.8346046494496,1.1255693,0.053468384,1.128414480843613
1818.8718894510716,1.1132306,0.053176936,1.131461595718351
1818.9091742526934,1.1639388,0.054665145,1.1340747873031918
1818.9464590543155,1.1768368,0.054806873,1.1360731201995096
1818.9837438559375,1.2013731,0.05546492,1.1374251804972602
1819.0210286575593,1.1178253,0.05337092,1.1383498458779853
1819.0583134591814,1.1567847,0.05372537,1.1391254693002604
1819.0955982608034,1.1866686,0.054604575,1.1399256473264905
1819.1328830624252,1.1414058,0.053953763,1.1408402931724964
1819.1701678640472,1.1783164,0.0549321,1.1419307953093556
1819.2074526656693,1.1145911,0.053776484,1.1432540637576547
1819.244737467291,1.0900956,0.05226233,1.1448770988507142
1819.2820222689131,1.1962957,0.055054452,1.1468035131068768
1819.3193070705352,1.1815004,0.05468762,1.1488138552758762
1819.3565918721572,1.17343,0.054435316,1.1505083234118203
1819.393876673779,1.1987638,0.055078015,1.151666920634614
1819.431161475401,1.2036345,0.05456386,1.152418473829135
1819.468446277023,1.1695514,0.054275937,1.1530477878816878
1819.5057310786449,1.1205657,0.053808022,1.1537153715211503
1819.543015880267,1.1759691,0.05444239,1.1544345731793508
1819.580300681889,1.1857902,0.054786224,1.1551577892430267
1819.6175854835108,1.1544499,0.054491866,1.1558417268234038
1819.6548702851328,1.1494255,0.053388264,1.1565253277450958
1819.6921550867548,1.1493366,0.054066885,1.1573027254908306
1819.7294398883766,1.181966,0.0546297,1.158221948441723
1819.7667246899987,1.2142307,0.05503701,1.1592674566018348
1819.8040094916207,1.2186477,0.055567313,1.1604518649713953
1819.8412942932428,1.2286056,0.05572423,1.1618455458062855
1819.8785790948646,1.1601177,0.05441693,1.1634756862745217
1819.9158638964866,1.2329706,0.05531406,1.1652723947420633
1819.9531486981086,1.2332354,0.055547573,1.1671815378316268
1819.9904334997304,1.246862,0.056358874,1.1692725733798934
1820.0277183013525,1.273218,0.05652667,1.1716879799673956
1820.0650031029745,1.2542852,0.05588825,1.1742955441812528
1820.1022879045963,1.1851795,0.05433237,1.1763579150290746
1820.1395727062184,1.1986135,0.05497471,1.1770307755775051
1820.1768575078404,1.1845379,0.05503498,1.176133904463204
1820.2141423094622,1.2503647,0.056094598,1.1742601216089747
1820.2514271110842,1.2581116,0.056089643,1.1722469061586294
1820.2887119127063,1.2292764,0.05550881,1.1704522013606398
1820.325996714328,1.196069,0.054609686,1.1688662258304674
1820.3632815159501,1.1994157,0.054855432,1.1674494664861472
1820.4005663175722,1.2118874,0.054714154,1.1661620184464296
1820.4378511191942,1.1984556,0.055137914,1.1649573601954002
1820.475135920816,1.2162076,0.055178,1.1637799704250287
1820.512420722438,1.1446228,0.053979553,1.1626176442606002
1820.54970552406,1.1259243,0.05416833,1.161512599294207
1820.5869903256819,1.2313644,0.05498134,1.1605264719417692
1820.624275127304,1.2415944,0.05561404,1.1596826900672985
1820.661559928926,1.2025906,0.055099297,1.1589774172474492
1820.6988447305478,1.1632534,0.05411099,1.1583945597894816
1820.7361295321698,1.1857463,0.054834962,1.1579192084313568
1820.7734143337918,1.1759567,0.054191954,1.1574983022717364
1820.8106991354136,1.1658591,0.05378591,1.156906036676143
1820.8479839370357,1.1936357,0.055182062,1.1555752084307345
1820.8852687386577,1.2159745,0.05494041,1.1530192911445263
1820.9225535402798,1.2008388,0.054232124,1.1493166027107204
1820.9598383419016,1.2360902,0.055943184,1.1449695676404947
1820.9971231435236,1.1733584,0.054023888,1.1406873244084579
1821.0344079451456,1.1740435,0.0546431,1.1370098601978145
1821.0716927467674,1.2169383,0.056355324,1.133975180925242
1821.1089775483895,1.1619418,0.053361963,1.131409811256224
1821.1462623500115,1.1201509,0.05298051,1.1291801765868617
1821.1835471516333,1.0746053,0.052720204,1.1271400113941856
1821.2208319532554,1.0900902,0.052359495,1.1249356220452154
1821.2581167548774,1.1355808,0.05363817,1.1217925995636997
1821.2954015564992,1.1881138,0.055067953,1.1170470212374242
1821.3326863581212,1.1655507,0.053850804,1.1108335890087702
1821.3699711597433,1.099328,0.053026397,1.1035866431852446
1821.4072559613653,1.0921999,0.052341413,1.0959828309255526
1821.4445407629871,1.1427835,0.052882515,1.088846414073279
1821.4818255646092,1.1093245,0.053003747,1.082590835104878
1821.5191103662312,1.0933907,0.053175405,1.077165367632547
1821.556395167853,1.0887843,0.052487113,1.0724815136138215
1821.593679969475,1.0793371,0.052717756,1.0684387410838523
1821.630964771097,1.144662,0.053106908,1.064926424148203
1821.6682495727189,1.0761067,0.051488023,1.0619064133601446
1821.705534374341,1.0299702,0.05171863,1.059389485636903
1821.742819175963,1.0154616,0.05149507,1.057382423280374
1821.7801039775848,1.0725315,0.05228029,1.0559017784294995
1821.8173887792068,1.1083993,0.05281123,1.0549779552853995
1821.8546735808288,1.0972211,0.052390978,1.0546643467773076
1821.8919583824509,1.074976,0.05220702,1.0550014709448845
1821.9292431840727,1.0594076,0.051829755,1.0558082510413684
1821.9665279856947,1.0180005,0.050665617,1.0566100746705542
1822.0038127873167,1.0282767,0.05129317,1.0569858149818476
1822.0410975889386,1.0170045,0.05082299,1.0568300359062663
1822.0783823905606,1.1036329,0.05254276,1.0563013093082874
1822.1156671921826,1.0914358,0.052589163,1.0556180663800352
1822.1529519938044,1.0940021,0.052291486,1.055049524816159
1822.1902367954265,1.0322024,0.05101435,1.0548865830958432
1822.2275215970485,1.0251915,0.05157396,1.0552724446491064
1822.2648063986703,1.051525,0.052362315,1.0561921923196769
1822.3020912002924,0.9687497,0.05013341,1.0575784122298166
1822.3393760019144,1.0210532,0.051233392,1.0593486563387668
1822.3766608035362,1.1417698,0.05377456,1.0614626128667004
1822.4139456051582,1.1175845,0.053197954,1.0639614469104097
1822.4512304067803,1.1024528,0.052639607,1.0668546063567668
1822.4885152084023,1.094555,0.052357562,1.070127083235269
1822.525800010024,1.0434281,0.051916815,1.073736660145784
1822.5630848116461,1.0412205,0.05151842,1.077804012164592
1822.6003696132682,1.055753,0.051569786,1.0825859965996931
1822.63765441489,1.0326214,0.051347096,1.0883087835557341
1822.674939216512,1.0358292,0.051233787,1.094741074427037
1822.712224018134,1.0588535,0.051724672,1.101188050729252
1822.7495088197559,1.1551735,0.054089535,1.106963380140481
1822.786793621378,1.1591301,0.053147532,1.1117786744985794
1822.824078423,1.1587352,0.053671874,1.1158139226578832
1822.8613632246218,1.1479421,0.05350987,1.1196811358430687
1822.8986480262438,1.1309197,0.053485285,1.1238276076879117
1822.9359328278658,1.1645631,0.05499196,1.128452287025977
1822.9732176294879,1.1205137,0.052837975,1.133631096283436
1823.0105024311097,1.1013988,0.052663542,1.1395272958061355
1823.0477872327317,1.1375499,0.05422179,1.1463274669944812
1823.0850720343537,1.2293491,0.055671368,1.1537131582707532
1823.1223568359756,1.2075045,0.054415077,1.160741457249486
1823.1596416375976,1.1683146,0.054235954,1.1665675882879258
1823.1969264392196,1.2435839,0.055623595,1.1707633048241792
1823.2342112408414,1.2470963,0.0562586,1.173175595169501
1823.2714960424635,1.2906296,0.057247132,1.1742191822119636
1823.3087808440855,1.2501094,0.056004427,1.1746626229492203
1823.3460656457073,1.2078212,0.055255607,1.1749474497490313
1823.3833504473293,1.1850308,0.05405279,1.1752064717622268
1823.4206352489514,1.214151,0.055313207,1.1754927251358127
1823.4579200505734,1.1947738,0.05495414,1.1758367096625448
1823.4952048521952,1.1201377,0.05353759,1.176254671862273
1823.5324896538173,1.1658494,0.053873837,1.176749530199979
1823.5697744554393,1.2256491,0.055282738,1.1773210729499213
1823.607059257061,1.2471315,0.05585782,1.177967665716062
1823.6443440586831,1.2259543,0.054365598,1.1786842375380713
1823.6816288603052,1.1935145,0.055572536,1.1794768171828531
1823.718913661927,1.142758,0.054395486,1.1803555288051242
1823.756198463549,1.2091795,0.05550589,1.1813341266398003
1823.793483265171,1.231985,0.055370454,1.1824443940875238
1823.8307680667929,1.1252242,0.052383136,1.183719074376446
1823.868052868415,1.1605479,0.053902864,1.1851504171791087
1823.905337670037,1.1993771,0.05552672,1.186570503417496
1823.942622471659,1.2379329,0.055914484,1.1877137776935123
1823.9799072732808,1.1837344,0.054769065,1.1884347040661805
1824.0171920749028,1.1949538,0.05495199,1.1888450294461517
1824.0544768765249,1.2175725,0.054697644,1.1891461149401275
1824.0917616781467,1.2303843,0.055673633,1.1894517216443785
1824.1290464797687,1.2389553,0.055869825,1.1897804260739149
1824.1663312813907,1.2348547,0.05569947,1.1900748713566882
1824.2036160830125,1.2232426,0.054695472,1.1901396138030267
1824.2409008846346,1.2239914,0.05571989,1.189705693713175
1824.2781856862566,1.0940331,0.053066257,1.188728421854914
1824.3154704878784,1.1141098,0.05317936,1.1874669290216548
1824.3527552895005,1.1645292,0.054237686,1.1862007118538387
1824.3900400911225,1.204077,0.054995622,1.1849870756852363
1824.4273248927445,1.2237585,0.05516543,1.1838086578845246
1824.4646096943663,1.2082293,0.05519759,1.1826966732965647
1824.5018944959884,1.1920413,0.05498203,1.181683174827858
1824.5391792976104,1.1538343,0.053448245,1.1807711502210068
1824.5764640992322,1.1651375,0.0540536,1.179957684365622
1824.6137489008543,1.1020329,0.053099394,1.1792486698077767
1824.6510337024763,1.1237825,0.053992648,1.1786421930709516
1824.688318504098,1.1395687,0.053429488,1.1781333774620206
1824.7256033057201,1.1931379,0.054737195,1.1777082932663134
1824.7628881073422,1.1880263,0.055004768,1.1773489207146812
1824.800172908964,1.1437969,0.05404377,1.1770375498906414
1824.837457710586,1.1831518,0.05454498,1.1767620903570597
1824.874742512208,1.1312476,0.05339847,1.176520149481732
1824.91202731383,1.2060268,0.05495363,1.176316968777596
1824.949312115452,1.1660575,0.05435526,1.176155965734351
1824.986596917074,1.2237078,0.055416316,1.1760388326326205
1825.023881718696,1.1626315,0.05431074,1.17596499405926
1825.0611665203178,1.1241276,0.053624056,1.175929558590303
1825.0984513219398,1.2261871,0.05492581,1.175926842589121
1825.1357361235619,1.2430339,0.055534422,1.1759568528648883
1825.1730209251837,1.1827813,0.05393703,1.1760247007920885
1825.2103057268057,1.1972458,0.055583935,1.1761347388687988
1825.2475905284277,1.151108,0.05428992,1.1762886468099105
1825.2848753300495,1.1822232,0.054867633,1.1764864446799073
1825.3221601316716,1.2350827,0.056202803,1.1767279281886256
1825.3594449332936,1.1889534,0.053933337,1.177014248952315
1825.3967297349154,1.1742924,0.054439854,1.1773466661107914
1825.4340145365375,1.1689137,0.054555573,1.1777266428167992
1825.4712993381595,1.0730473,0.05290054,1.1781544688698766
1825.5085841397815,1.1838567,0.053747777,1.178629806879112
1825.5458689414033,1.2150189,0.05517243,1.179152194263052
1825.5831537430254,1.2197876,0.055188276,1.179722166144132
1825.6204385446474,1.1818442,0.054616317,1.1803421840188264
1825.6577233462692,1.1659863,0.053783465,1.1810161611988312
1825.6950081478913,1.1595056,0.054411426,1.1817474541064992
1825.7322929495133,1.1737633,0.05510678,1.1825376274999737
1825.769577751135,1.1777622,0.05387534,1.1833837626780372
1825.8068625527571,1.2584997,0.056706883,1.1842635459733497
1825.8441473543792,1.1944911,0.05525695,1.1850879646923733
1825.881432156001,1.2122092,0.055284787,1.1856712357392665
1825.918716957623,1.2156116,0.055502757,1.1859156979824736
1825.956001759245,1.1394826,0.053302698,1.1860218370403826
1825.993286560867,1.1750964,0.054560695,1.1863463320142085
1826.030571362489,1.2248975,0.05603951,1.1870273156993454
1826.067856164111,1.2054057,0.055405643,1.1877917089616643
1826.105140965733,1.1891711,0.05433556,1.1881785278640984
1826.1424257673548,1.18453,0.055010118,1.1879532983439174
1826.1797105689768,1.2046269,0.0538221,1.1872807943045935
1826.2169953705989,1.2768906,0.05641584,1.1864690802490285
1826.2542801722207,1.2582084,0.05685584,1.1856775474540622
1826.2915649738427,1.1450351,0.053725775,1.1849359955398886
1826.3288497754647,1.1658978,0.05470316,1.1842410675622785
1826.3661345770865,1.203942,0.055031776,1.1835887514442436
1826.4034193787086,1.1943368,0.0539083,1.182979822634733
1826.4407041803306,1.1816202,0.0542644,1.1824184854810555
1826.4779889819526,1.193306,0.055128228,1.1819161897619097
1826.5152737835745,1.2494448,0.056029156,1.181479037365604
1826.5525585851965,1.2442509,0.055747133,1.1811123842609148
1826.5898433868185,1.2021091,0.05492296,1.1808116740176482
1826.6271281884403,1.2465012,0.0561447,1.1805671525701888
1826.6644129900624,1.2884723,0.057096817,1.1803665160677435
1826.7016977916844,1.2291913,0.055449124,1.1801943863782363
1826.7389825933062,1.162755,0.053985074,1.1800348313277123
1826.7762673949283,1.1263301,0.054116648,1.1798854338519595
1826.8135521965503,1.1437789,0.053598024,1.1797613986458315
1826.850836998172,1.1777495,0.054501183,1.179678239445226
1826.8881217997941,1.2319589,0.05578814,1.1796401074458356
1826.9254066014162,1.2213976,0.055325232,1.1796443382632058
1826.9626914030382,1.1789088,0.05413389,1.179684416287703
1826.99997620466,1.2320061,0.056069914,1.179734522004496
1827.037261006282,1.2721171,0.056556556,1.1796738848045487
1827.074545807904,1.2472881,0.055424407,1.1791565567468716
1827.111830609526,1.1953529,0.0548474,1.1777815228580213
1827.149115411148,1.1861926,0.05444558,1.1755434559298317
1827.18640021277,1.1653074,0.054616757,1.172878796194695
1827.2236850143918,1.2232918,0.05478273,1.170378982271398
1827.2609698160138,1.1735919,0.054543175,1.1683385152281018
1827.2982546176358,1.2058698,0.054824498,1.166699120845268
1827.3355394192577,1.1287754,0.053882204,1.1653511898866702
1827.3728242208797,1.1778299,0.054060392,1.1642276259244846
1827.4101090225017,1.1981264,0.055596612,1.163293855703094
1827.4473938241238,1.2301697,0.05524502,1.1625298686521308
1827.4846786257456,1.0743177,0.051879276,1.1619134930119732
1827.5219634273676,1.1217186,0.052875023,1.1614142483854688
1827.5592482289896,1.1556408,0.053080723,1.1609972005879967
1827.5965330306115,1.1731716,0.05585796,1.160635940279902
1827.6338178322335,1.2164255,0.05499168,1.1603216401249887
1827.6711026338555,1.1732466,0.05433566,1.160040400389186
1827.7083874354773,1.152197,0.054724928,1.1595783436692426
1827.7456722370994,1.1845018,0.05377998,1.1583442887803383
1827.7829570387214,1.2917458,0.056514658,1.1558594925340475
1827.8202418403432,1.2391111,0.05583714,1.1523884355563985
1827.8575266419653,1.1646531,0.05444517,1.1486440131404552
1827.8948114435873,1.0945194,0.051988963,1.1452656628539954
1827.9320962452093,1.1566061,0.053803705,1.1423677262756229
1827.9693810468311,1.238305,0.055350684,1.1398176835326017
1828.0066658484532,1.2117169,0.05519797,1.1375297636277213
1828.0439506500752,1.1621915,0.054246727,1.1354674922600994
1828.081235451697,1.1833282,0.054308116,1.133641368515376
1828.118520253319,1.1393344,0.05423992,1.1320423279098881
1828.155805054941,1.1534302,0.052674193,1.1306556524379834
1828.193089856563,1.2000173,0.055165615,1.1294532558432633
1828.230374658185,1.0829235,0.053085215,1.1282680164591443
1828.267659459807,1.1670976,0.054044697,1.1266610832501165
1828.3049442614288,1.0910562,0.052514028,1.1241249419422095
1828.3422290630508,1.1200813,0.0534148,1.120638507099552
1828.3795138646728,1.1000557,0.05279649,1.116631543874071
1828.4167986662947,1.1785748,0.054306105,1.112740175913495
1828.4540834679167,1.122063,0.0539237,1.1095233561643867
1828.4913682695387,1.1424065,0.053933993,1.1069932779100218
1828.5286530711608,1.0876628,0.05278149,1.1050239223442127
1828.5659378727826,1.1676754,0.054336093,1.1035062117463879
1828.6032226744046,1.1118875,0.051754978,1.1023912569109109
1828.6405074760266,1.1496722,0.054519635,1.1016410911694936
1828.6777922776485,1.1418474,0.053756773,1.1012499873867516
1828.7150770792705,1.0658188,0.05107903,1.101191489975696
1828.7523618808925,1.0930624,0.053862147,1.1013084562856559
1828.7896466825143,1.1102043,0.052860256,1.1009558871571268
1828.8269314841364,1.0872508,0.052285437,1.099244950801805
1828.8642162857584,1.170631,0.054842845,1.0961225420093035
1828.9015010873802,1.1191938,0.05282679,1.0919030531955378
1828.9387858890022,1.0834296,0.051923275,1.0865355490587858
1828.9760706906243,1.0324397,0.051113047,1.0799983652292202
1829.0133554922463,1.170718,0.054608427,1.0728413724524346
1829.0506402938681,1.0785425,0.05251428,1.0659273316392555
1829.0879250954902,1.1161416,0.052517068,1.0597618870378729
1829.1252098971122,1.0901334,0.05305654,1.0544294166650712
1829.162494698734,1.1364456,0.053717125,1.0499332264761982
1829.199779500356,1.1588708,0.053866044,1.0461878894958079
1829.237064301978,1.0723172,0.05153852,1.0431405442575623
1829.2743491036,1.063658,0.051666707,1.0407751251756145
1829.311633905222,1.0643226,0.05217273,1.039064536002102
1829.348918706844,1.0036016,0.050447777,1.0380094287238568
1829.3862035084658,1.0832794,0.053164374,1.037582762851836
1829.4234883100878,1.0045503,0.050754018,1.0377554363883728
1829.4607731117098,1.0634696,0.052084673,1.0384939964681315
1829.4980579133319,1.0001091,0.050347112,1.0397888432905118
1829.5353427149537,1.01851,0.05062357,1.041652805412193
1829.5726275165757,0.95861053,0.049821675,1.0439567924743707
1829.6099123181978,0.8892088,0.047857855,1.0462513307243317
1829.6471971198196,0.98924375,0.04994725,1.0480590034643917
1829.6844819214416,0.94506586,0.048917748,1.0492816969699341
1829.7217667230636,0.9648967,0.049911115,1.0502592883252755
1829.7590515246854,1.0238246,0.05075958,1.0514116664885798
1829.7963363263075,1.04496,0.05152589,1.0529263346687348
1829.8336211279295,0.9998909,0.050137214,1.0548460293150832
1829.8709059295513,1.0548334,0.05160687,1.0571945369671436
1829.9081907311734,1.0577371,0.05218636,1.059979154856502
1829.9454755327954,1.0356624,0.05051526,1.0632361174376603
1829.9827603344174,0.98915327,0.050952256,1.0670275935590967
1830.0200451360392,0.97342557,0.049395505,1.0714188891711314
1830.0573299376613,1.0107434,0.051040318,1.0765564692744092
1830.0946147392833,0.98992527,0.05142238,1.0824141364445428
1830.1318995409051,1.0896373,0.052146405,1.0885191670213785
1830.1691843425272,1.0610096,0.0519976,1.0941622759987002
1830.2064691441492,1.0473353,0.05187272,1.098971125997437
1830.243753945771,0.9096153,0.04915466,1.1029648172974187
1830.281038747393,1.0147928,0.05040312,1.1066356931090315
1830.318323549015,1.0901737,0.05234454,1.1104471108443383
1830.3556083506369,1.107639,0.0536595,1.1145746770386555
1830.392893152259,1.0610305,0.05148678,1.1190664072617582
1830.430177953881,1.1060686,0.05297754,1.123962157769514
1830.4674627555028,1.1684409,0.054464016,1.1293424435365003
1830.5047475571248,1.1673353,0.054370176,1.1352554585440149
1830.5420323587468,1.2078722,0.055104442,1.141851873478959
1830.5793171603689,1.1069559,0.052936234,1.1493695563585569
1830.6166019619907,1.1544962,0.054421585,1.1579404789765244
1830.6538867636127,1.1392288,0.05350542,1.1668569961612205
1830.6911715652348,1.2805177,0.056048978,1.1750521748475908
1830.7284563668566,1.2833809,0.056334548,1.1819345316054073
1830.7657411684786,1.1441659,0.05378845,1.187186811853614
1830.8030259701006,1.2050177,0.055169027,1.1905116947598697
1830.8403107717224,1.1941408,0.055483345,1.1918517154424868
1830.8775955733445,1.1179463,0.053416535,1.1918095078764355
1830.9148803749665,1.239775,0.05594955,1.191072209208774
1830.9521651765886,1.2290393,0.054632537,1.1899575404896923
1830.9894499782104,1.2250984,0.05526458,1.1884634668529095
1831.0267347798324,1.2378993,0.056015965,1.1862207190960952
1831.0640195814544,1.1503937,0.05383527,1.1829777815597393
1831.1013043830762,1.1922385,0.05483231,1.1789617239017631
1831.1385891846983,1.2446039,0.0558938,1.1747215571508312
1831.1758739863203,1.1305751,0.052950334,1.1707695256440995
1831.2131587879421,1.23059,0.054476257,1.1671214846668105
1831.2504435895642,1.0970693,0.052127205,1.1634321471967928
1831.2877283911862,1.2275172,0.056493584,1.1595335778644391
1831.325013192808,1.1639383,0.05424726,1.155623460005169
1831.36229799443,1.1289054,0.052688513,1.1520085461608378
1831.399582796052,1.2359107,0.055731673,1.1487972956740942
1831.4368675976739,1.1347697,0.05333911,1.145930243687172
1831.474152399296,1.0900359,0.051587492,1.1433328915963519
1831.511437200918,1.1764324,0.05483754,1.1409843902498373
1831.54872200254,1.1997819,0.054089416,1.1388536680280545
1831.5860068041618,1.2008444,0.054761723,1.1369269865949851
1831.6232916057838,1.1400965,0.05336908,1.1351947418964572
1831.6605764074059,1.1885446,0.053865973,1.1336493910076832
1831.6978612090277,1.1409256,0.053821504,1.1322835359023768
1831.7351460106497,1.1054606,0.0524031,1.1310902916534664
1831.7724308122718,1.0860579,0.05240755,1.1300633260017552
1831.8097156138936,1.2157168,0.05507231,1.1292012809840377
1831.8470004155156,1.2322716,0.05524943,1.1284956720549724
1831.8842852171376,1.1184843,0.0526609,1.1279476488220188
1831.9215700187594,1.2066844,0.05521987,1.1275552744211104
1831.9588548203815,1.0997478,0.052990083,1.1273169741522522
1831.9961396220035,1.0803994,0.051763635,1.1272323528915822
1832.0334244236255,1.1458305,0.053581357,1.1272928182181536
1832.0707092252474,1.1147052,0.0533951,1.1274317206003217
1832.1079940268694,1.1040273,0.052863754,1.1273502994583333
1832.1452788284914,1.0903461,0.05232949,1.126444577746526
1832.1825636301132,1.0895488,0.05262748,1.1243429875064868
1832.2198484317353,1.1116439,0.05225879,1.1212451404839614
1832.2571332333573,1.1275384,0.05363079,1.1176937679987557
1832.2944180349791,1.1449637,0.053409137,1.1144248583366165
1832.3317028366012,1.1574136,0.053610075,1.111901454450777
1832.3689876382232,1.0859137,0.05325123,1.1100639020685628
1832.406272439845,1.1100187,0.05267621,1.1087755269994575
1832.443557241467,1.1184884,0.05338042,1.1079378976397614
1832.480842043089,1.0927793,0.052722998,1.10743954139611
1832.518126844711,1.1685815,0.05405651,1.107136950827401
1832.555411646333,1.1113162,0.053021707,1.1069784765476518
1832.592696447955,1.1473031,0.053745933,1.1071144178787606
1832.629981249577,1.0497438,0.05208102,1.107768608501915
1832.6672660511988,1.14245,0.0531839,1.1090090653972793
1832.7045508528208,1.1541116,0.05333168,1.1106917711970923
1832.7418356544429,1.1450367,0.054002594,1.1126447149564787
1832.7791204560647,1.2068129,0.054622546,1.114874710121845
1832.8164052576867,1.2148349,0.055087946,1.1175261387268964
1832.8536900593087,1.1600405,0.054283757,1.1205324347984025
1832.8909748609306,1.2129083,0.054813836,1.1233728547581698
1832.9282596625526,1.1874752,0.053775486,1.1255393783747134
1832.9655444641746,1.1889807,0.05491896,1.1268970970785401
1833.0028292657967,1.1022717,0.0529952,1.1277861450478843
1833.0401140674185,1.1531967,0.05343303,1.1287013387172549
1833.0773988690405,1.262154,0.055845447,1.129745125435617
1833.1146836706625,1.2255578,0.054763637,1.130641895274609
1833.1519684722844,1.1819654,0.054249782,1.1311646764035284
1833.1892532739064,1.1211467,0.053491592,1.1314058240914022
1833.2265380755284,1.1012621,0.052344084,1.131614421524638
1833.2638228771502,1.2297357,0.054919597,1.1319375900622848
1833.3011076787723,1.1928836,0.054879714,1.132407389856911
1833.3383924803943,1.2284441,0.05419984,1.1330292053812898
1833.375677282016,1.2125255,0.054598607,1.1338014988731153
1833.4129620836381,1.1780514,0.05467066,1.1347221199781208
1833.4502468852602,1.1744928,0.05384482,1.1357993671059299
1833.487531686882,1.0955191,0.052532997,1.1370350747456828
1833.524816488504,1.1167501,0.05270143,1.1384301460876238
1833.562101290126,1.0939789,0.051774446,1.1400008013797067
1833.599386091748,1.1968223,0.05439076,1.141749817129678
1833.63667089337,1.1617936,0.054122917,1.1436835491980974
1833.673955694992,1.1942501,0.05421607,1.1458115315976556
1833.711240496614,1.0818763,0.052012514,1.1481530855482498
1833.7485252982358,1.2157246,0.053827748,1.1507106264634723
1833.7858100998578,1.2292502,0.05518451,1.1535233251380752
1833.8230949014799,1.1850712,0.055577,1.156617744883469
1833.8603797031017,1.2280436,0.054765593,1.1600441168748934
1833.8976645047237,1.2109599,0.055149876,1.1639436448432479
1833.9349493063457,1.240175,0.05492309,1.168445551236904
1833.9722341079678,1.1784469,0.05383268,1.1733540747522095
1834.0095189095896,1.176223,0.05436563,1.1780020141668404
1834.0468037112116,1.1680689,0.05405803,1.1816870048111425
1834.0840885128337,1.2369696,0.055633333,1.1840920580536034
1834.1213733144555,1.2019535,0.054357693,1.185311423631186
1834.1586581160775,1.1604137,0.054025445,1.185925317936995
1834.1959429176995,1.2122259,0.05457238,1.1864170461732646
1834.2332277193213,1.2025151,0.05473229,1.1869344985123869
1834.2705125209434,1.2114817,0.05524364,1.187513577264456
1834.3077973225654,1.2318231,0.054689053,1.1881246799654845
1834.3450821241872,1.2408563,0.05608079,1.1886388456184367
1834.3823669258093,1.265047,0.05620027,1.1888640345329056
1834.4196517274313,1.252836,0.05574424,1.1887433951988684
1834.456936529053,1.209823,0.055380356,1.188400183383387
1834.4942213306751,1.1379676,0.053341843,1.1879907069978999
1834.5315061322972,1.1495049,0.05371165,1.1875891718129856
1834.5687909339192,1.2273964,0.055749264,1.1872108736302391
1834.606075735541,1.2227747,0.055328153,1.1868394732575562
1834.643360537163,1.220749,0.054983716,1.1864163397710383
1834.680645338785,1.1597205,0.053342078,1.1857749812907734
1834.717930140407,1.14771,0.05364907,1.18472644523801
1834.755214942029,1.1687574,0.05460568,1.1832929398391234
1834.792499743651,1.214558,0.05495226,1.1817620217023148
1834.8297845452728,1.2133353,0.05551246,1.1803761732639857
1834.8670693468948,1.175531,0.054035645,1.179184613887605
1834.9043541485169,1.1582325,0.053378843,1.1781294102856767
1834.9416389501387,1.1993076,0.05473844,1.1771745742628468
1834.9789237517607,1.2116847,0.055189624,1.1763105566811844
1835.0162085533827,1.2344257,0.054947995,1.1755232824121475
1835.0534933550048,1.2184218,0.054718666,1.174810755003426
1835.0907781566266,1.2225587,0.054496348,1.1741624441342424
1835.1280629582486,1.2245705,0.055301707,1.1735767069365792
1835.1653477598707,1.2162837,0.055091854,1.173044231648357
1835.2026325614925,1.2028646,0.054378856,1.1725628368357535
1835.2399173631145,1.20829,0.05476234,1.1721279620227467
1835.2772021647365,1.246381,0.055223383,1.1717336344009845
1835.3144869663583,1.2102696,0.05458812,1.171377326352515
1835.3517717679804,1.2203912,0.05517133,1.1710559438663593
1835.3890565696024,1.2608881,0.055524882,1.1707764698424965
1835.4263413712242,1.2575161,0.055383384,1.1705468993821029
1835.4636261728463,1.2450265,0.05503448,1.1703696071510576
1835.5009109744683,1.1968366,0.054545958,1.1702458881790099
1835.5381957760903,1.2194645,0.055083714,1.170175038748521
1835.5754805777121,1.2461845,0.05574651,1.170156843398455
1835.6127653793342,1.2302437,0.054801196,1.170190510457838
1835.6500501809562,1.1745058,0.05417775,1.1702743528260509
1835.687334982578,1.198924,0.054764397,1.170406941447895
1835.7246197842,1.1877159,0.053765822,1.17058472118061
1835.761904585822,1.2344174,0.054763053,1.1708068138151762
1835.799189387444,1.2695458,0.056295857,1.171074552408267
1835.836474189066,1.2260966,0.05531085,1.1713889232982126
1835.873758990688,1.1860796,0.054419003,1.1717529583547825
1835.9110437923098,1.2373284,0.05543764,1.172170214298911
1835.9483285939318,1.2447722,0.054854143,1.1726413251424606
1835.9856133955539,1.2208407,0.05485648,1.1731700634225666
1836.022898197176,1.1283937,0.05303712,1.1737609784832124
1836.0601829987977,1.1418192,0.053442206,1.1744242230153268
1836.0974678004197,1.1008017,0.052468635,1.1751728119427745
1836.1347526020418,1.2149884,0.055606317,1.1760152393516288
1836.1720374036636,1.241284,0.0558316,1.176910776412843
1836.2093222052856,1.2512184,0.05512602,1.1777601509349138
1836.2466070069077,1.2443817,0.054998316,1.1784980941897474
1836.2838918085295,1.1831949,0.053580236,1.1791627776598155
1836.3211766101515,1.226401,0.055302244,1.1798327375436934
1836.3584614117735,1.2723638,0.057118542,1.1805571941988573
1836.3957462133953,1.2490432,0.05532405,1.18136233840608
1836.4330310150174,1.2186843,0.054962516,1.1822743967335767
1836.4703158166394,1.2348354,0.054602988,1.1833371673660142
1836.5076006182612,1.2342107,0.055098787,1.1845509950313975
1836.5448854198833,1.2639449,0.056290895,1.1857441514689464
1836.5821702215053,1.2477509,0.055521417,1.1866070393282773
1836.6194550231273,1.1848108,0.05448601,1.1869886133061383
1836.6567398247491,1.1776192,0.05421507,1.1870396606972993
1836.6940246263712,1.2535592,0.056162458,1.1869816736034315
1836.7313094279932,1.2548051,0.055525403,1.1869073117547548
1836.768594229615,1.2217318,0.054687142,1.1868323926479818
1836.805879031237,1.2227856,0.05481987,1.1867587420122625
1836.843163832859,1.2551632,0.055339683,1.1866883724997446
1836.880448634481,1.2165285,0.054599803,1.1866224889859471
1836.917733436103,1.2282002,0.054972086,1.1865625694149522
1836.955018237725,1.2477565,0.055139612,1.1865086902783233
1836.992303039347,1.1820014,0.054140624,1.18646098164383
1837.0295878409688,1.1367013,0.053505782,1.1864193566704129
1837.0668726425909,1.2425544,0.06298676,1.186383392626941
1837.104157444213,1.2361584,0.064855844,1.1863522306080805
1837.1414422458347,1.2049487,0.06327811,1.1863223384419874
1837.1787270474567,1.148649,0.062012155,1.1862863284199032
1837.2160118490788,1.2006406,0.063098036,1.1862392336479881
1837.2532966507006,1.1977646,0.062918,1.1861837641712292
1837.2905814523226,1.2478395,0.06423745,1.1861265114542219
1837.3278662539446,1.240452,0.06429246,1.1860723934635784
1837.3651510555665,1.2330914,0.06397555,1.1860238592432313
1837.4024358571885,1.2551414,0.06442183,1.1859819720607432
1837.4397206588105,1.3122163,0.06469744,1.185946829098862
1837.4770054604323,1.2587124,0.06393494,1.1859179338354928
1837.5142902620544,1.2550703,0.06518004,1.1858957659506792
1837.5515750636764,1.2645755,0.065073155,1.185880047006941
1837.5888598652984,1.226562,0.06448364,1.1858702138934958
1837.6261446669203,1.2568513,0.06404219,1.1858656665538574
1837.6634294685423,1.2582703,0.06425853,1.1858658038921763
1837.7007142701643,1.2522281,0.06462824,1.1858693848828907
1837.7379990717861,1.2649555,0.06487454,1.1858744045610132
1837.7752838734082,1.2297834,0.063062854,1.1858779470094643
1837.8125686750302,1.1662095,0.06170189,1.1858785706080797
1837.849853476652,1.1903323,0.06303993,1.1858768866567546
1837.887138278274,1.1957846,0.062884346,1.1858746932879034
1837.924423079896,1.3053001,0.0661802,1.185873052786223
1837.961707881518,1.167087,0.06281876,1.1858714955201768
1837.99899268314,1.2274599,0.06316788,1.1858694015474711
1838.036277484762,1.3411216,0.06681904,1.1858663376449743
1838.073562286384,1.3147693,0.06552934,1.18586159639207
1838.1108470880058,1.3446774,0.06587774,1.1858540417657526
1838.1481318896278,1.1990604,0.0638783,1.1858404610771003
1838.1854166912499,1.2690556,0.06523064,1.185815309020255
1838.2227014928717,1.2249436,0.064372346,1.1857669099643084
1838.2599862944937,1.1359009,0.06150574,1.1856680550566767
1838.2972710961158,1.2158015,0.062772505,1.1854680068692605
1838.3345558977376,1.1582023,0.06204243,1.1850898726423476
1838.3718406993596,1.1547472,0.062336918,1.184399166043843
1838.4091255009816,1.301313,0.06664539,1.1832386748932402
1838.4464103026035,1.3047142,0.06606223,1.1816110819906487
1838.4836951042255,1.2279227,0.062663265,1.179714528469546
1838.5209799058475,1.1432631,0.062305287,1.1777538056235164
1838.5582647074696,1.1552188,0.062131952,1.1757822444331887
1838.5955495090914,1.1694494,0.06206037,1.1738443797980544
1838.6328343107134,1.2105271,0.06490181,1.1720258279235767
1838.6701191123354,1.1438351,0.062227733,1.1703825936228027
1838.7074039139573,1.2755369,0.06399079,1.168903036089164
1838.7446887155793,1.1902186,0.061957113,1.1675642002257376
1838.7819735172013,1.1285429,0.060419694,1.1663513681338002
1838.8192583188231,1.2237631,0.06301854,1.1652485014779832
1838.8565431204452,1.241926,0.0658352,1.1642472213957007
1838.8938279220672,1.226719,0.06528183,1.1633361629111691
1838.931112723689,1.1121897,0.06656619,1.1625034365016451
1838.968397525311,1.1932112,0.07837479,1.1617485085738137
1839.005682326933,0.9035884,0.06844875,1.1610620044545121
1839.0429671285551,1.1141884,0.07539711,1.1604205664284688
1839.080251930177,1.231874,0.07978319,1.1597740229755054
1839.117536731799,1.2217603,0.07896646,1.1590534162718424
1839.154821533421,1.3026677,0.080055244,1.1582470253963635
1839.1921063350428,1.2730833,0.08031348,1.15741623029467
1839.2293911366648,1.1348244,0.07628342,1.156622844627969
1839.2666759382869,1.1482155,0.076775074,1.1558800998805019
1839.3039607399087,1.2015342,0.078970775,1.1552048112727467
1839.3412455415307,1.1112736,0.0736206,1.1546198372188845
1839.3785303431528,1.1450099,0.07854879,1.1541421749319705
1839.4158151447746,1.1245868,0.07652974,1.1537733841076114
1839.4530999463966,1.1006676,0.073172815,1.153513587688199
1839.4903847480186,1.0148088,0.073889896,1.1533608598360336
1839.5276695496404,1.2000117,0.0762885,1.1533126753702179
1839.5649543512625,1.1474319,0.07636533,1.1533665464844753
1839.6022391528845,1.1191078,0.07656135,1.1535186275631495
1839.6395239545066,1.042323,0.07408406,1.1537636097579538
1839.6768087561284,1.1774731,0.07680855,1.1540990741012314
1839.7140935577504,1.176844,0.07826334,1.154523721106999
1839.7513783593724,1.1551803,0.077158034,1.1550397430835402
1839.7886631609942,1.1757253,0.07538191,1.1556491310593882
1839.8259479626163,1.0726972,0.07273204,1.1563350128906904
1839.8632327642383,1.0250965,0.07436527,1.1570351208102294
1839.9005175658601,1.1182523,0.07493071,1.1576300534015145
1839.9378023674822,1.1439095,0.07811229,1.158056390499354
1839.9750871691042,1.1357926,0.075920366,1.1584282699730346
1840.012371970726,1.0906775,0.072789565,1.1589382752991382
1840.049656772348,1.1071074,0.07478389,1.1596960767484612
1840.08694157397,1.3129097,0.08275874,1.1607059794013235
1840.1242263755921,1.2034394,0.07938066,1.1619427928588684
1840.161511177214,1.1967455,0.07753514,1.1633912590412612
1840.198795978836,1.1182684,0.07459724,1.1650234634268477
1840.236080780458,1.1444403,0.07660623,1.166697685974132
1840.2733655820798,0.97277397,0.07085258,1.168168133272209
1840.3106503837018,1.1356493,0.07645895,1.1692574185332254
1840.3479351853239,1.0584306,0.07579411,1.1700049471043434
1840.3852199869457,1.21603,0.07979143,1.1705147475626134
1840.4225047885677,1.1515254,0.07744658,1.1708223062783583
1840.4597895901898,1.1191359,0.07361235,1.1709498483905885
1840.4970743918116,1.130624,0.07510231,1.1709818214302594
1840.5343591934336,1.0893583,0.07448029,1.1710000792537811
1840.5716439950556,1.2049679,0.07922516,1.1710415317659544
1840.6089287966777,1.0227084,0.0749387,1.1711194947250094
1840.6462135982995,1.1659994,0.092434675,1.1712427449204266
1840.6834983999215,1.1138861,0.10865002,1.1714209681507342
1840.7207832015436,1.144351,0.11087432,1.1716598141992982
1840.7580680031654,1.2136021,0.11325664,1.1719599051448466
1840.7953528047874,1.1710931,0.11081329,1.1723206273556719
1840.8326376064094,1.0871259,0.11038035,1.1727482038109984
1840.8699224080312,1.1238889,0.11049939,1.1732463713641714
1840.9072072096533,1.1880767,0.11388949,1.1738016033722354
1840.9444920112753,1.1924803,0.112667516,1.1743237135927471
1840.9817768128971,1.1682453,0.11221056,1.1744961556857754
1841.0190616145192,1.0285639,0.10601477,1.173749682038393
1841.0563464161412,1.1323158,0.1098465,1.171710547281589
1841.0936312177632,1.0549258,0.108063914,1.1683500399819038
1841.130916019385,1.1632802,0.11177345,1.16367359707946
1841.168200821007,1.3632575,0.119755045,1.1577527970533765
1841.205485622629,1.1325283,0.10984876,1.150857196348075
1841.242770424251,1.0873874,0.1097847,1.1435679171098005
1841.280055225873,1.1118587,0.11027386,1.1366392276988486
1841.317340027495,1.079379,0.10772172,1.130580079745596
1841.3546248291168,1.0857619,0.1075442,1.1252738089186454
1841.3919096307388,1.0013664,0.10703699,1.1205684501175603
1841.4291944323609,1.0352044,0.10697119,1.1163405923043686
1841.4664792339827,1.1072832,0.108541735,1.1125150012439418
1841.5037640356047,1.1021388,0.10757566,1.1090726736888241
1841.5410488372268,1.1023402,0.10682774,1.1059822199209646
1841.5783336388486,1.1287632,0.109238885,1.1032294588599523
1841.6156184404706,1.0540029,0.10792665,1.1008279431023533
1841.6529032420926,1.1851867,0.11407239,1.0987772397274838
1841.6901880437147,1.0152249,0.10554717,1.097101995813666
1841.7274728453365,0.96874607,0.10381462,1.0957610097171635
1841.7647576469585,1.3186191,0.11661939,1.0946018424159345
1841.8020424485806,1.2941121,0.112233326,1.093451222817543
1841.8393272502024,1.1671647,0.10979634,1.0922733413445154
1841.8766120518244,1.2345957,0.11608675,1.0911784343323516
1841.9138968534464,1.1355653,0.11265246,1.090273523694067
1841.9511816550682,1.0738857,0.108757764,1.0895893117756312
1841.9884664566903,1.0878516,0.10670231,1.089121853351287
1842.0257512583123,1.2069668,0.10980218,1.0888639117494985
1842.0630360599343,1.1851976,0.11110614,1.0888187694025424
1842.1003208615562,1.0240431,0.107802,1.0889923315948062
1842.1376056631782,1.1088358,0.1088825,1.0893742681978265
1842.1748904648002,1.1160607,0.10722118,1.0898797299981313
1842.212175266422,1.0575882,0.10602182,1.0902390186499953
1842.249460068044,1.115789,0.10923543,1.0900884904732229
1842.286744869666,1.0262178,0.10488301,1.0893667871683625
1842.324029671288,0.98280245,0.10426954,1.088426593307326
1842.36131447291,1.0606824,0.109155186,1.0877715157532366
1842.398599274532,1.024789,0.10468188,1.0876870596860457
1842.4358840761538,1.0860513,0.10460585,1.0881595982699066
1842.4731688777758,1.1085725,0.106057,1.0891105201700229
1842.5104536793979,1.0937717,0.10598359,1.090502260279154
1842.5477384810197,1.0722448,0.10829878,1.0923091859577239
1842.5850232826417,0.93339217,0.10608767,1.0945303428143633
1842.6223080842638,0.9888332,0.12882379,1.0971737667905455
1842.6595928858858,1.0860031,0.24888116,1.100257105869241
1842.6968776875076,,,1.1038231032140589
1842.7341624891296,,,1.1079008713048393
1842.7714472907517,,,1.112585059998222
1842.8087320923735,,,1.1179979250092762
1842.8460168939955,,,1.1240324286668202
1842.8833016956175,,,1.1300689546419815
1842.9205864972394,,,1.1354712769481652
1842.9578712988614,,,1.1400238514633192
1842.9951561004834,,,1.143701209061458
1843.0324409021052,,,1.1463467851325273
1843.0697257037273,,,1.147717410414153
1843.1070105053493,,,1.1478016098831478
1843.1442953069713,,,1.1471473369854799
1843.1815801085932,,,1.146355314944596
1843.2188649102152,,,1.1456502375158817
1843.2561497118372,,,1.1450677010305492
1843.293434513459,,,1.1446048723780384
1843.330719315081,,,1.1442511792256154
1899.100071443145,,,1.0676272866449497
1899.1363986309752,,,1.0675852787263616
1899.1727258188057,,,1.0675682228158447
1899.209053006636,,,1.0675640029290057
1899.2453801944662,,,1.0675686119793621
1899.2817073822966,,,1.067581002013245
1899.3180345701269,,,1.0676030107812957
1899.3543617579573,,,1.067643414831111
1899.3906889457876,,,1.0677115733457334
1899.4270161336178,,,1.0678126011605948
1899.4633433214483,,,1.0679474999846934
1899.4996705092785,,,1.068118454600646
1899.5359976971088,,,1.0683265757554563
1899.5723248849392,,,1.0685629249279571
1899.6086520727695,,,1.0687685514887713
1899.6449792605997,,,1.068724697863457
1899.6813064484302,,,1.0680268553285492
1899.7176336362604,,,1.0664159953870824
1899.7539608240907,,,1.0640305455486636
1899.7902880119211,,,1.0612914314248751
1899.8266151997514,,,1.058723612981649
1899.8629423875818,,,1.056592214572562
1899.899269575412,,,1.054850782747698
1899.9355967632423,,,1.0533870631347813
1899.9719239510728,,,1.052140642197516
1900.008251138903,,,1.0510645402630225
1900.0445783267332,,,1.050114626889119
1900.0809055145637,,,1.0492440880672316
1900.117232702394,,,1.0484260583504281
1900.1535598902242,,,1.0476552090404256
1900.1898870780547,,,1.046947073538591
1900.226214265885,,,1.0463206512440102
1900.2625414537154,,,1.0457688059102004
1900.2988686415456,,,1.0452372294358214
1900.3351958293758,,,1.0446608458959978
1900.3715230172063,,,1.0440134780848012
1900.4078502050365,,,1.0433059814198848
1900.4441773928668,,,1.042568117829402
1900.4805045806972,,,1.0418427269744395
1900.5168317685275,,,1.0411857778673854
1900.5531589563577,,,1.0406341400361048
1900.5894861441882,,,1.0401916315566342
1900.6258133320184,,,1.039854710270001
1900.6621405198487,,,1.0396190238947352
1900.6984677076791,,,1.0394775116262758
1900.7347948955094,,,1.0394083942668744
1900.7711220833398,,,1.0393357620018406
1900.80744927117,,,1.0391286227148193
1900.8437764590003,,,1.0387093427217164
1900.8801036468308,,,1.0381690400175299
1900.916430834661,,,1.0376982561076855
1900.9527580224913,,,1.0374245398977324
1900.9890852103217,,,1.0373592695420604
1901.025412398152,,,1.0374756524796294
1901.0617395859822,,,1.0377527151573402
1901.0980667738127,,,1.038184105273952
1901.134393961643,,,1.038764650731488
1901.1707211494734,,,1.0394876171638288
1901.2070483373036,,,1.0403472094751227
1901.2433755251338,,,1.0413310792199821
1901.2797027129643,,,1.04245212359145
1901.3160299007945,,,1.0437151513427056
1901.3523570886248,,,1.0451435618355096
1901.3886842764553,,,1.0467439767551892
1901.4250114642855,,,1.0485534085534174
1901.4613386521157,,,1.050611309183787
1901.4976658399462,,,1.052990166388184
1901.5339930277764,,,1.0557914740378278
1901.5703202156067,,,1.05891056324031
1901.6066474034371,,,1.0619350151237992
1901.6429745912674,,,1.0643336828384766
1901.6793017790978,,,1.0658301001985728
1901.715628966928,,,1.066461843784054
1901.7519561547583,,,1.0666193573120364
1901.7882833425888,,,1.0666359483998933
1901.824610530419,,,1.0666430659714625
1901.8609377182493,,,1.0666688879134574
1901.8972649060797,,,1.0667195872308533
1901.93359209391,,,1.0667959688915507
1901.9699192817402,,,1.0668995527727654
1902.0062464695707,,,1.0670277878817496
1902.042573657401,,,1.0671792644880194
1902.0789008452314,,,1.067356325271898
1902.1152280330616,,,1.0675623615080823
1902.1515552208919,,,1.0678033221876697
1902.1878824087223,,,1.068075848097555
1902.2242095965526,0.50267065,0.12563226,1.0683758656927695
1902.2605367843828,0.67147136,0.08995691,1.068688631894154
1902.2968639722133,0.8422993,0.10173912,1.0689950920505091
1902.3331911600435,0.8740113,0.10000643,1.0692548611284316
1902.3695183478737,0.86007726,0.09812154,1.069394709020877
1902.4058455357042,0.77485925,0.09583473,1.0693472735910292
1902.4421727235344,0.88292253,0.09868583,1.069074369478679
1902.4784999113647,0.83184624,0.099452004,1.068555047192727
1902.5148270991951,0.8946918,0.09897357,1.0677709271631861
1902.5511542870254,0.84538555,0.10040998,1.0667538246844135
1902.5874814748558,0.74870574,0.09233187,1.0655847913803864
1902.623808662686,0.74273175,0.09230829,1.064380167943552
1902.6601358505163,0.8095777,0.09919008,1.0632465877168786
1902.6964630383468,0.7982445,0.097376056,1.062175888711915
1902.732790226177,0.761891,0.094465636,1.0610297166207983
1902.7691174140073,0.7541395,0.093827985,1.0596717074395363
1902.8054446018377,0.8057762,0.09665589,1.0581178976501417
1902.841771789668,0.84121066,0.09658956,1.0565001957953226
1902.8780989774982,0.9084697,0.10024128,1.0549513434319642
1902.9144261653287,0.880636,0.100893766,1.0535113320008582
1902.950753353159,0.86816645,0.09958269,1.0521788036610766
1902.9870805409892,0.8909317,0.1002188,1.0509543740030423
1903.0234077288196,1.0196006,0.10478356,1.0498272053468654
1903.0597349166499,0.97187877,0.10317625,1.0487857569278158
1903.0960621044803,0.8980058,0.09893103,1.047828667774232
1903.1323892923106,0.8623004,0.098932624,1.0469364523977676
1903.1687164801408,0.796039,0.09508763,1.0460854108677002
1903.2050436679713,0.7340246,0.09443375,1.0452618922781167
1903.2413708558015,0.7956093,0.09573306,1.0444886201983745
1903.2776980436317,0.8124083,0.09519337,1.0437925723349213
1903.3140252314622,0.78853816,0.094341405,1.04318650873617
1903.3503524192924,0.92491543,0.098395936,1.042665703443154
1903.3866796071227,0.888338,0.09723001,1.0422282822515148
1903.4230067949532,0.87165684,0.10331943,1.041870018277585
1903.4593339827834,0.79368055,0.09592469,1.0415887340268062
1903.4956611706139,0.7425806,0.09204549,1.041378490128787
1903.531988358444,0.860816,0.09625214,1.0412273266211411
1903.5683155462743,0.8842111,0.09542043,1.041119176741048
1903.6046427341048,0.8514903,0.101215035,1.0410535116696382
1903.640969921935,0.9072822,0.09972806,1.041050878746054
1903.6772971097653,0.868833,0.0992999,1.041133107481659
1903.7136242975957,0.8834434,0.09749589,1.0413055219448597
1903.749951485426,0.8612425,0.09825538,1.0415661466488124
1903.7862786732562,0.8617721,0.09551489,1.0419125481893372
1903.8226058610867,0.87809753,0.10126747,1.0423443442185023
1903.858933048917,0.6987121,0.09095799,1.042862133858935
1903.8952602367472,0.8355366,0.09263537,1.043465822803737
1903.9315874245776,0.95049435,0.101582706,1.0441567004859311
1903.9679146124079,1.0111245,0.10811618,1.0449352508650198
1904.0042418002383,0.91434985,0.09784654,1.045803122629479
1904.0405689880686,0.897526,0.09934808,1.0467674911611295
1904.0768961758988,0.99762625,0.10243582,1.047840558654344
1904.1132233637293,0.7063805,0.06178668,1.0490317279505488
1904.1495505515595,0.69708014,0.06278078,1.050353756070544
1904.1858777393898,0.90252286,0.06697184,1.051800097482083
1904.2222049272202,0.84317344,0.06822373,1.053375580681631
1904.2585321150505,0.8832715,0.06678241,1.05507453427982
1904.2948593028807,0.8920366,0.0700594,1.056870126343358
1904.3311864907112,0.8724578,0.06697236,1.0587131701578136
1904.3675136785414,0.81773806,0.06665429,1.060544278472423
1904.4038408663719,0.8572432,0.06886733,1.0623023531666762
1904.440168054202,0.8890512,0.066254094,1.0639093032026685
1904.4764952420323,0.8549006,0.06781408,1.0652875459916755
1904.5128224298628,0.8379971,0.06825641,1.0663923841755407
1904.549149617693,0.7750348,0.063381106,1.0672135903184596
1904.5854768055233,0.8545503,0.06704505,1.0677362983737266
1904.6218039933538,0.8686448,0.06807371,1.067978489414869
1904.658131181184,0.93653196,0.070545696,1.0679922953576955
1904.6944583690142,0.8556249,0.06554426,1.067861490822367
1904.7307855568447,0.92357147,0.07055051,1.0676637958641937
1904.767112744675,0.99094886,0.070520066,1.0674498025963097
1904.8034399325052,0.877856,0.06933386,1.0672440081515564
1904.8397671203356,0.8526848,0.06474383,1.067056602646359
1904.8760943081659,0.8687598,0.06792903,1.0668924439548448
1904.9124214959963,0.8586694,0.066126466,1.0667535708583706
1904.9487486838266,0.95770895,0.07038784,1.0666413184409602
1904.9850758716568,0.83122706,0.0667806,1.0665583169592896
1905.0214030594873,0.9171617,0.07010051,1.0665080102535207
1905.0577302473175,0.88446724,0.06877985,1.0664836758254832
1905.0940574351478,0.880265,0.06760936,1.0664581807340288
1905.1303846229782,0.901664,0.067973316,1.066396842993217
1905.1667118108085,0.9117084,0.069758534,1.066279561775268
1905.2030389986387,0.7703585,0.06226551,1.066082467279923
1905.2393661864692,0.88400275,0.06918206,1.0657705651119076
1905.2756933742994,0.9306659,0.0705534,1.0653340775041988
1905.3120205621299,0.80683404,0.06573677,1.0648054177563626
1905.34834774996,0.79108363,0.06460511,1.06421108282079
1905.3846749377904,0.8654592,0.06640803,1.0635884301802445
1905.4210021256208,0.96851826,0.071028195,1.0630040868941073
1905.457329313451,0.95876694,0.07054032,1.0624952244930892
1905.4936565012813,0.80180687,0.06542691,1.062040268062128
1905.5299836891118,0.8267916,0.06645263,1.0616071159091167
1905.566310876942,0.89085,0.06762086,1.061189530317977
1905.6026380647722,0.887697,0.0669098,1.0607987449643652
1905.6389652526027,0.74253726,0.0625761,1.0604427462684667
1905.675292440433,0.91564333,0.07092966,1.0601233992334367
1905.7116196282632,0.87245244,0.06625637,1.0598380414302202
1905.7479468160936,0.8069473,0.06484575,1.0595856393669936
1905.7842740039239,0.9511476,0.07086106,1.059363726511208
1905.8206011917543,0.9152731,0.061923802,1.059169942238099
1905.8569283795846,0.8622694,0.05429393,1.0590032248128218
1905.8932555674148,0.84210515,0.053486943,1.0588633547973316
1905.9295827552453,0.8726799,0.055814523,1.058750882336326
1905.9659099430755,0.8623037,0.054372776,1.0586673871243368
1906.0022371309058,0.9185821,0.056004122,1.0586156073076989
1906.0385643187362,0.834961,0.053418756,1.0585979892112054
1906.0748915065665,0.88139975,0.05443102,1.0586160775472777
1906.1112186943967,0.8437902,0.05354732,1.0586708440599528
1906.1475458822272,0.8765309,0.055211265,1.0587630218511879
1906.1838730700574,0.82942986,0.05320957,1.0588948720643083
1906.2202002578879,0.79345876,0.05326554,1.0590595197154204
1906.2565274457181,0.8795929,0.05462672,1.0592388842634664
1906.2928546335484,0.9366751,0.056491822,1.059417753437906
1906.3291818213788,0.9006191,0.055603504,1.059603810362937
1906.365509009209,0.92219824,0.05526416,1.0598173272704534
1906.4018361970393,0.93710655,0.05628452,1.0600795168449964
1906.4381633848698,0.9744451,0.057071526,1.0603998656627154
1906.4744905727,0.9050916,0.055707656,1.0607535287879473
1906.5108177605302,0.90398973,0.05545991,1.0610773547953354
1906.5471449483607,0.9560098,0.057062306,1.0613042418924905
1906.583472136191,0.95170975,0.05605922,1.0614100575525607
1906.6197993240212,0.868809,0.05429624,1.0614023513491684
1906.6561265118517,0.9036624,0.054680772,1.061317456132362
1906.692453699682,0.9039514,0.055007577,1.061216750674716
1906.7287808875124,0.9013579,0.055483274,1.061151250617237
1906.7651080753426,0.9101688,0.056046262,1.0611359421271336
1906.8014352631728,0.99101067,0.058126993,1.0611654477566197
1906.8377624510033,0.9089127,0.056119233,1.0612330559949636
1906.8740896388335,0.9006308,0.055597264,1.0613359503086348
1906.9104168266638,0.88434523,0.053771246,1.0614751640318671
1906.9467440144942,0.8881976,0.054261133,1.0616529094552778
1906.9830712023245,1.0087682,0.059739817,1.0618726372069278
1907.0193983901547,0.99744266,0.057762925,1.062144002463397
1907.0557255779852,0.89207035,0.05577184,1.0624794691132444
1907.0920527658154,0.9397853,0.05596761,1.0628884667342433
1907.128379953646,0.8999058,0.055112913,1.0633549042122021
1907.1647071414761,0.9739153,0.05750303,1.0638085101088794
1907.2010343293064,0.997063,0.057566058,1.0641864996238881
1907.2373615171368,0.9709642,0.05732593,1.0644695673722253
1907.273688704967,1.0023897,0.057356346,1.064634945767548
1907.3100158927973,0.9668663,0.057155576,1.0646728853444776
1907.3463430806278,0.938677,0.056738485,1.0646214506774876
1907.382670268458,0.9750069,0.057450503,1.0645353797133295
1907.4189974562883,1.0150388,0.058806323,1.0644423979053013
1907.4553246441187,1.0363661,0.058044933,1.0643498612944244
1907.491651831949,0.89289623,0.055153448,1.0642598757803443
1907.5279790197792,0.9645471,0.057557274,1.0641734806513932
1907.5643062076097,0.91649145,0.055349868,1.0640910674496336
1907.60063339544,1.0147833,0.058291428,1.0640129361831598
1907.6369605832704,1.0648524,0.060144655,1.0639395309600894
1907.6732877711006,1.0327449,0.05804861,1.063871496789838
1907.7096149589308,0.9451542,0.055534095,1.063808876749209
1907.7459421467613,0.9702582,0.0570031,1.063750931348023
1907.7822693345915,0.872293,0.04949832,1.063696601996275
1907.8185965224218,0.8904333,0.047402624,1.063645035405062
1907.8549237102523,0.8953133,0.048149608,1.0635950207730704
1907.8912508980825,0.86894304,0.04662951,1.0635396699872712
1907.9275780859127,0.88764024,0.047411293,1.0634566212276457
1907.9639052737432,0.911949,0.04829657,1.06330677928838
1908.0002324615734,0.95868796,0.049108785,1.0630678284248647
1908.036559649404,0.94654953,0.048553966,1.0627776043728228
1908.0728868372341,0.9752495,0.04949177,1.0625005565927372
1908.1092140250644,1.0088314,0.049600024,1.0622681796761375
1908.1455412128948,0.9202114,0.047965188,1.0620738267200072
1908.181868400725,0.94091314,0.048517648,1.061905596671558
1908.2181955885553,0.96088755,0.049284,1.061756834263614
1908.2545227763858,0.8660325,0.047178432,1.0616254368980325
1908.290849964216,0.89370286,0.047941342,1.06151198823233
1908.3271771520463,0.97061026,0.048726518,1.0614182519971953
1908.3635043398767,0.94622254,0.049168725,1.0613467665532577
1908.399831527707,0.9449287,0.048196778,1.061301551122873
1908.4361587155372,1.020658,0.050228562,1.0612881764241924
1908.4724859033677,1.0139388,0.050298512,1.0613041288745535
1908.508813091198,0.9982497,0.05037106,1.061321513383127
1908.5451402790284,1.0141797,0.050533973,1.0612879923489091
1908.5814674668586,0.95560235,0.048875064,1.06117218083274
1908.6177946546889,1.0020251,0.050052844,1.06099336901533
1908.6541218425193,1.0053499,0.049967617,1.0607945859641352
1908.6904490303496,0.97232974,0.049297996,1.0605993723768385
1908.7267762181798,0.9681201,0.049909826,1.0604141729325087
1908.7631034060103,0.9209463,0.04793486,1.0602384121417747
1908.7994305938405,0.9304718,0.048389908,1.060071807798692
1908.8357577816707,0.9340501,0.04832141,1.0599138316787746
1908.8720849695012,0.94931006,0.048662085,1.0597636198554936
1908.9084121573314,0.9486243,0.048757598,1.0596203780228137
1908.944739345162,0.94828767,0.04903816,1.0594819897372023
1908.9810665329921,0.9063157,0.048080824,1.059347536027805
1909.0173937208224,0.95453507,0.048794426,1.0592207107518055
1909.0537209086528,0.98836577,0.049546674,1.0591066196608494
1909.090048096483,1.0017025,0.05002827,1.0590072510044823
1909.1263752843133,0.9729195,0.049048197,1.0589117351704074
1909.1627024721438,0.930825,0.048957504,1.058771179396261
1909.199029659974,0.97986406,0.04934132,1.0584635448882702
1909.2353568478043,1.0193436,0.050465416,1.0578246298979856
1909.2716840356347,0.9441871,0.048717413,1.056757148910013
1909.308011223465,0.9075916,0.048226118,1.0553108835208072
1909.3443384112952,0.989478,0.049792804,1.0536056737087578
1909.3806655991257,0.9825842,0.049634375,1.0517158433738811
1909.416992786956,0.9781211,0.04840254,1.0496300016877775
1909.4533199747864,0.9980789,0.048834704,1.0473242808174053
1909.4896471626166,0.94953746,0.050070863,1.0448127312164885
1909.5259743504469,0.9763037,0.04893688,1.042169724101432
1909.5623015382773,0.9386586,0.048528668,1.0395146511713218
1909.5986287261076,0.89042014,0.047161423,1.0369426218558857
1909.6349559139378,0.9435974,0.048422184,1.0345224338322618
1909.6712831017683,1.0025461,0.04946283,1.0322963250260033
1909.7076102895985,0.9191952,0.048555166,1.0302733508658275
1909.7439374774287,0.99735165,0.04953405,1.028455272143021
1909.7802646652592,0.95717424,0.048588462,1.0268199167732637
1909.8165918530894,0.9535387,0.048478574,1.0253208137704402
1909.8529190409197,0.99664164,0.049853433,1.0238137158966645
1909.8892462287502,0.99493414,0.049179345,1.0219619284064445
1909.9255734165804,0.9961222,0.049802158,1.0194860819706013
1909.9619006044109,0.9352503,0.048916075,1.0164471290685857
1909.998227792241,0.98235565,0.049469635,1.0132347969771944
1910.0345549800713,0.9669219,0.04892603,1.0102450108731307
1910.0708821679018,0.9267683,0.04812968,1.0076465405202313
1910.107209355732,0.9656698,0.04917512,1.0053979682961158
1910.1435365435623,1.0316222,0.050614953,1.0034199747858408
1910.1798637313927,0.9911091,0.049950924,1.0016717092303093
1910.216190919223,0.9628598,0.049643632,1.0001250216863125
1910.2525181070532,0.9506542,0.048583675,0.9987702718363458
1910.2888452948837,1.0402486,0.050850708,0.9975973809830115
1910.325172482714,0.99502933,0.05018463,0.9966045764594896
1910.3614996705444,0.982958,0.050009537,0.995789409457873
1910.3978268583746,0.98336405,0.049513567,0.9951423214848384
1910.4341540462049,0.9572083,0.04910309,0.9946454193374179
1910.4704812340353,0.9840822,0.04899244,0.994284001242521
1910.5068084218656,1.0468389,0.050694183,0.9940546681481283
1910.5431356096958,1.0168247,0.050814033,0.9939659714699358
1910.5794627975263,1.0091233,0.04981753,0.9940276931357058
1910.6157899853565,1.0357305,0.05184896,0.9942402100983317
1910.6521171731868,1.0126146,0.0499318,0.9946018444254171
1910.6884443610172,0.98936725,0.049894065,0.9951126542635047
1910.7247715488475,1.0675633,0.05154144,0.9957755454842447
1910.7610987366777,1.0105582,0.049965046,0.9965953632858962
1910.7974259245082,1.0120349,0.04996994,0.9975772710955578
1910.8337531123384,0.96012545,0.049291592,0.9987282088868698
1910.8700803001689,0.97586995,0.049884062,1.0000526181961735
1910.906407487999,0.99412173,0.05024291,1.0015581461526317
1910.9427346758293,0.9477354,0.04858669,1.003251590232452
1910.9790618636598,0.9659089,0.04954759,1.0051363837138967
1911.01538905149,1.0322539,0.050706204,1.0072172912760178
1911.0517162393203,1.0714695,0.051475987,1.0095236647331258
1911.0880434271508,0.9685149,0.049395487,1.012101160678817
1911.124370614981,0.97815406,0.049445134,1.0149004754893836
1911.1606978028112,0.93729883,0.04833521,1.0177196715766312
1911.1970249906417,1.0191003,0.05096194,1.0203218261526232
1911.233352178472,1.0295438,0.050682988,1.022655911859281
1911.2696793663024,1.0257146,0.049804594,1.0248470073838842
1911.3060065541326,0.9903429,0.04966044,1.0269998715652082
1911.3423337419629,1.0223912,0.05018197,1.0290930103986753
1911.3786609297933,1.0459126,0.05064133,1.0310339091109018
1911.4149881176236,1.008256,0.050454736,1.0327385309950399
1911.4513153054538,1.0510123,0.050623294,1.0341894765244144
1911.4876424932843,1.0130605,0.05108769,1.0354147822580513
1911.5239696811145,1.0549215,0.05109814,1.0364773640628473
1911.5602968689448,1.0226429,0.050213892,1.0374566228304496
1911.5966240567752,1.0166191,0.050123252,1.0384305551933024
1911.6329512446055,1.0625986,0.05121453,1.03946780889104
1911.6692784324357,1.0402043,0.050599847,1.0406262180596266
1911.7056056202662,1.0756279,0.05173538,1.0419642865716376
1911.7419328080964,1.087501,0.052331097,1.0435534990989972
1911.7782599959269,1.0725058,0.050594192,1.0454115997628979
1911.814587183757,1.0255517,0.051342227,1.0473172539469058
1911.8509143715874,1.0506867,0.05129536,1.048872783425426
1911.8872415594178,1.0378311,0.049921736,1.049795216248588
1911.923568747248,1.0245812,0.050603393,1.0501008088845587
1911.9598959350783,1.0967884,0.052597214,1.0500439455283541
1911.9962231229088,1.0245218,0.050251916,1.0498778254646097
1912.032550310739,1.0761217,0.05220744,1.04970975527135
1912.0688774985692,1.1065781,0.052713428,1.0495630350053635
1912.1052046863997,1.058828,0.05111367,1.0494387301378985
1912.14153187423,1.0473324,0.050532423,1.0493337127556337
1912.1778590620604,1.0093218,0.050518006,1.0492442983896149
1912.2141862498906,1.0015261,0.049936507,1.049167924432428
1912.2505134377209,1.0562819,0.051575303,1.0491034036488198
1912.2868406255513,1.03719,0.051038343,1.0490513206814893
1912.3231678133816,1.0230758,0.05102652,1.0490137127883394
1912.3594950012118,0.98606896,0.049144298,1.0489944029554084
1912.3958221890423,1.0335425,0.050477963,1.0489967453095712
1912.4321493768725,1.0260445,0.05081439,1.0490220890534823
1912.4684765647028,0.9714854,0.04933022,1.0490705683707091
1912.5048037525332,1.0632213,0.05160915,1.0491414267415082
1912.5411309403635,0.9089038,0.04848321,1.0492338504051106
1912.5774581281937,1.0172946,0.04959739,1.049345601219601
1912.6137853160242,0.9605887,0.04929225,1.049473360410799
1912.6501125038544,1.0442303,0.050917014,1.049616087276158
1912.6864396916849,1.0190543,0.05133002,1.0497725201052703
1912.7227668795151,0.98202896,0.049549885,1.0499441874345707
1912.7590940673454,1.0253319,0.049986392,1.0501297015584914
1912.7954212551758,1.0123693,0.050240554,1.0503315028272067
1912.831748443006,0.9843998,0.049336027,1.0505564760520287
1912.8680756308363,1.0185744,0.050824862,1.0508129721420136
1912.9044028186668,0.9888948,0.04983516,1.05110493732864
1912.940730006497,1.0342809,0.051459394,1.0514255457413384
1912.9770571943272,1.0397177,0.05075449,1.0517632316660297
1913.0133843821577,1.0502216,0.051056225,1.0521270515724663
1913.049711569988,1.0188341,0.05026525,1.0525238966797759
1913.0860387578184,1.0706441,0.051065445,1.0529003982159018
1913.1223659456487,1.0627304,0.051161088,1.0531529821423762
1913.158693133479,1.0567443,0.051125098,1.0532348543801355
1913.1950203213094,1.0421791,0.051864248,1.053205251883596
1913.2313475091396,1.0473427,0.051348537,1.0531422003397581
1913.2676746969698,1.044645,0.05050209,1.0530751593971568
1913.3040018848003,1.0617691,0.051166,1.0530063882290686
1913.3403290726305,1.0122701,0.050608095,1.0529347660144437
1913.3766562604608,1.0846622,0.05172566,1.052860653966777
1913.4129834482912,1.0580924,0.051311772,1.0527844047909556
1913.4493106361215,1.0731286,0.05171418,1.0527053112932236
1913.4856378239517,1.0459244,0.051019825,1.0526233201755058
1913.5219650117822,1.0285629,0.0504132,1.0525395971337563
1913.5582921996124,0.9505819,0.0493562,1.0524554956669254
1913.594619387443,1.0730941,0.051260363,1.0523711980690322
1913.6309465752731,1.0667388,0.05113629,1.0522857986807082
1913.6672737631034,1.0576314,0.051576983,1.052198978467364
1913.7036009509338,1.0190037,0.050156552,1.0521120364248655
1913.739928138764,1.0678945,0.051898587,1.0520276019321406
1913.7762553265943,1.0419582,0.050686438,1.051946160237543
1913.8125825144248,1.1085322,0.052913833,1.0518671211405348
1913.848909702255,1.0363163,0.051636416,1.051789040492625
1913.8852368900853,0.9882189,0.049468175,1.0517107915488373
1913.9215640779157,1.0720843,0.052250143,1.051633181518587
1913.957891265746,1.0350076,0.051222764,1.0515578377873895
1913.9942184535764,1.0898839,0.051753215,1.0514856566284625
1914.0305456414067,0.99344283,0.05043731,1.0514161223556122
1914.066872829237,1.1486369,0.054131202,1.0513470161082996
1914.1032000170674,1.1231902,0.051521227,1.0512747138200835
1914.1395272048976,1.0807024,0.052541286,1.0511948592656541
1914.1758543927278,1.0416951,0.051140983,1.0511063714571371
1914.2121815805583,1.0262135,0.05020132,1.0510123817145325
1914.2485087683885,1.0743297,0.05217082,1.0509152115777796
1914.2848359562188,1.0609791,0.051730927,1.0508162294961902
1914.3211631440493,1.0644666,0.0521434,1.0507169653270687
1914.3574903318795,1.0387937,0.050448895,1.0506195596287893
1914.3938175197097,1.016958,0.050495304,1.0505257720225252
1914.4301447075402,1.1154785,0.053416003,1.0504360115482292
1914.4664718953704,1.031207,0.05057781,1.050350162063234
1914.502799083201,1.0356287,0.051290788,1.0502667458520465
1914.5391262710311,1.0737495,0.05207424,1.0501844153869553
1914.5754534588614,1.0180047,0.05021128,1.0501023706568244
1914.6117806466918,0.9636339,0.049564276,1.0500217473293132
1914.648107834522,1.0426979,0.051603593,1.0499433829169522
1914.6844350223523,1.0224501,0.050006133,1.0498649608004984
1914.7207622101828,1.021686,0.050468452,1.0497824018149606
1914.757089398013,1.074292,0.05152941,1.0496927985568025
1914.7934165858433,1.0747198,0.051995076,1.0495935380400263
1914.8297437736737,1.1368308,0.053404864,1.0494809931998048
1914.866070961504,1.1921389,0.05512697,1.0493556108156954
1914.9023981493342,1.1344596,0.05304914,1.0492225385684728
1914.9387253371647,1.0808103,0.051879823,1.0490785313915025
1914.975052524995,1.0182782,0.050201133,1.0488964009113475
1915.0113797128254,1.0316659,0.05126176,1.048635035977151
1915.0477069006556,1.1150209,0.052385222,1.048281657246968
1915.0840340884859,1.0882237,0.052279,1.04787801840231
1915.1203612763163,1.0191025,0.050488718,1.047481405029964
1915.1566884641466,1.0047791,0.05012275,1.047121056681196
1915.1930156519768,1.0602385,0.05233511,1.0468014352712631
1915.2293428398073,1.052619,0.050417375,1.0465142362726485
1915.2656700276375,1.0448878,0.05151702,1.0462533123252382
1915.3019972154677,0.9739478,0.049414374,1.0460129789186485
1915.3383244032982,1.0012374,0.049630642,1.045787159083966
1915.3746515911284,1.1365294,0.053676162,1.045570867979127
1915.410978778959,1.0392319,0.050436363,1.0453602838833775
1915.4473059667891,0.9973433,0.049757652,1.045156023662905
1915.4836331546194,1.062118,0.05185163,1.0449592189588974
1915.5199603424498,1.0302534,0.05076372,1.0447646783134563
1915.55628753028,1.0176631,0.050098203,1.0445611113443685
1915.5926147181103,1.0412536,0.051183343,1.044338590317406
1915.6289419059408,0.99976593,0.049845014,1.0441054463369097
1915.665269093771,0.9885,0.0503303,1.0438797130598574
1915.7015962816013,1.0916282,0.052309435,1.0436738607057383
1915.7379234694317,1.0132252,0.050431777,1.0434888756183909
1915.774250657262,1.0195338,0.05021766,1.0433225081170348
1915.8105778450922,0.9810661,0.049872,1.0431706865265868
1915.8469050329227,0.97154164,0.049549554,1.0430315049590286
1915.883232220753,1.0129396,0.05098861,1.0429046361104373
1915.9195594085834,1.0380181,0.050885852,1.042789543770653
1915.9558865964136,1.099977,0.052505586,1.042680483087874
1915.9922137842439,1.0869021,0.051625963,1.0425574477039867
1916.0285409720743,1.0420163,0.051042013,1.042390865122683
1916.0648681599046,0.9948221,0.050235804,1.0421668757339655
1916.1011953477348,0.97198164,0.04895577,1.0418989752528136
1916.1375225355653,0.9584715,0.049695913,1.0416024729863516
1916.1738497233955,1.0024589,0.050763447,1.0412869752995686
1916.2101769112257,0.94864714,0.048653558,1.0409742369753858
1916.2465040990562,0.90661603,0.048161916,1.040691888656678
1916.2828312868864,0.9990151,0.049720578,1.0404496179756342
1916.319158474717,0.9645512,0.0494344,1.0402449777393357
1916.3554856625472,1.0062871,0.05039757,1.0400720520209912
1916.3918128503774,0.9104734,0.048885398,1.0399272869941127
1916.4281400382079,0.98012346,0.048923176,1.0398086200000212
1916.464467226038,0.94065654,0.04826635,1.0397138351679471
1916.5007944138683,0.96718985,0.04935665,1.0396403422269893
1916.5371216016988,0.9585545,0.04901485,1.0395870292887897
1916.573448789529,0.9466313,0.04926698,1.0395551044269
1916.6097759773593,1.0582511,0.05138554,1.0395461764614313
1916.6461031651897,1.0871576,0.052419983,1.039561422026721
1916.68243035302,1.0595787,0.0513105,1.0396013501375334
1916.7187575408502,1.0456736,0.05112222,1.0396663265873132
1916.7550847286807,1.0116946,0.05047834,1.0397567951856104
1916.791411916511,1.0938512,0.05231558,1.039876396950924
1916.8277391043414,1.0285739,0.050319977,1.0400339251252453
1916.8640662921716,1.0389011,0.05060869,1.040239132843365
1916.9003934800019,1.0602062,0.052403286,1.0404843438702884
1916.9367206678323,1.0668794,0.05215812,1.0407213306600218
1916.9730478556626,1.0240536,0.050773855,1.04088446027859
1917.0093750434928,1.0649306,0.051287312,1.040946631843661
1917.0457022313233,1.0517168,0.050763343,1.0409314634519267
1917.0820294191535,1.0739025,0.051387727,1.040881368689551
1917.1183566069838,1.1103997,0.052936316,1.0408280135184595
1917.1546837948142,1.0066824,0.050434113,1.04078215000509
1917.1910109826445,0.9846853,0.05013069,1.040735038958708
1917.227338170475,1.0318816,0.05013787,1.0406714261336827
1917.2636653583052,1.0737445,0.051729433,1.0405883089788177
1917.2999925461354,0.96556526,0.048798807,1.0405017098235212
1917.3363197339659,1.0546873,0.05183636,1.0404300285587322
1917.372646921796,1.0233583,0.05076832,1.04038172874606
1917.4089741096263,0.98912066,0.049460713,1.0403585964000295
1917.4453012974568,1.0299311,0.050430983,1.0403590755985643
1917.481628485287,1.0297939,0.0508715,1.040374383706705
1917.5179556731173,1.0437465,0.051105082,1.0403884373830103
1917.5542828609478,1.0358664,0.050731618,1.0403909620634577
1917.590610048778,1.0613785,0.051808015,1.040387912864849
1917.6269372366082,1.0785395,0.05197466,1.040390970864575
1917.6632644244387,1.0160819,0.05073102,1.0404072952607306
1917.699591612269,1.0172737,0.0503346,1.0404390993978299
1917.7359188000994,1.0082012,0.049817055,1.0404877339533394
1917.7722459879296,1.0297046,0.050783746,1.0405545573815949
1917.8085731757599,0.99019116,0.049811456,1.0406428891252508
1917.8449003635903,1.039207,0.05161356,1.0407581176013359
1917.8812275514206,1.0084237,0.050372805,1.0409082509071714
1917.9175547392508,1.0786915,0.05149697,1.041090105771383
1917.9538819270813,1.1093853,0.052243754,1.0412785401919222
1917.9902091149115,1.1424303,0.053147953,1.0414399029143755
1918.0265363027418,1.0362067,0.05083292,1.0415600392039277
1918.0628634905722,1.0033383,0.05066642,1.0416390829985456
1918.0991906784025,1.0440959,0.050412882,1.0416664000305569
1918.135517866233,1.049828,0.051282275,1.0416384447036473
1918.1718450540632,1.0183619,0.0506942,1.0415714747864147
1918.2081722418934,1.0782188,0.051720027,1.0414841078479602
1918.2444994297239,1.0517577,0.05069205,1.0413835403563299
1918.280826617554,1.1297152,0.05307013,1.04127067014041
1918.3171538053844,1.0808147,0.051559534,1.0411486263955214
1918.3534809932148,1.1190746,0.052460726,1.0410230871500765
1918.389808181045,1.0894599,0.05268225,1.040897791926675
1918.4261353688753,1.0398606,0.050229646,1.0407743155174003
1918.4624625567058,1.0538672,0.05164967,1.0406554449682488
1918.498789744536,1.0994593,0.05290387,1.0405453933106048
1918.5351169323662,1.0545355,0.05129088,1.0404465294643805
1918.5714441201967,1.0751001,0.05157615,1.0403592216652258
1918.607771308027,1.0283414,0.051206294,1.040282879432179
1918.6440984958574,1.0835255,0.052219726,1.0402165243602202
1918.6804256836876,1.096672,0.052125383,1.0401599405890365
1918.7167528715179,1.0908626,0.052430786,1.0401131621235928
1918.7530800593483,1.0985657,0.05139439,1.0400765624249921
1918.7894072471786,1.0663015,0.05134228,1.0400507822007412
1918.8257344350088,1.0491377,0.051199228,1.0400365609975977
1918.8620616228393,1.0822828,0.05187795,1.0400341132845572
1918.8983888106695,1.0922242,0.052898146,1.040041308345809
1918.9347159984998,1.0526122,0.05067768,1.0400519868235318
1918.9710431863302,1.0826635,0.051578093,1.0400590139760326
1919.0073703741605,1.1156902,0.052353993,1.040061912077647
1919.043697561991,1.0468273,0.051015582,1.040063570162539
1919.0800247498212,1.0898782,0.052047856,1.0400618185197
1919.1163519376514,1.0578525,0.051023293,1.0400431376934471
1919.1526791254819,1.0594597,0.05115565,1.0399853098762026
1919.1890063133121,1.0428188,0.050955344,1.039871449264272
1919.2253335011424,1.0158921,0.050279118,1.0396966527558462
1919.2616606889728,0.99689615,0.050474312,1.039448917237662
1919.297987876803,1.0190887,0.050767142,1.03909705358389
1919.3343150646333,1.0231802,0.049884297,1.0386132864588629
1919.3706422524638,1.0573841,0.05171945,1.038017097707827
1919.406969440294,1.0280741,0.05070385,1.037349150542564
1919.4432966281242,0.9799438,0.049651682,1.0366411736406826
1919.4796238159547,1.0479912,0.051761527,1.0359063670397586
1919.515951003785,1.0022426,0.050246753,1.0351726188870907
1919.5522781916154,1.0389212,0.05045463,1.0344377523154056
1919.5886053794457,1.0004184,0.05029096,1.0336613453252401
1919.624932567276,1.0536134,0.05139748,1.032785353422952
1919.6612597551064,1.0087222,0.050372485,1.0317494030102927
1919.6975869429366,1.0630636,0.050901312,1.0305248422061004
1919.7339141307668,1.0295774,0.050588682,1.0290997689625974
1919.7702413185973,1.0182501,0.049748544,1.027516043832263
1919.8065685064275,0.9919556,0.049806654,1.025832086756675
1919.8428956942578,1.0656418,0.052095324,1.0241316856549205
1919.8792228820882,1.0126792,0.050036885,1.0224737157235249
1919.9155500699185,1.0348519,0.051182605,1.0209147713320088
1919.951877257749,1.0859919,0.051906627,1.0194813290791547
1919.9882044455792,1.086739,0.05136259,1.0181826824081677
1920.0245316334094,1.0330842,0.051029965,1.0170103819097516
1920.06085882124,0.9922269,0.049424008,1.01595767871204
1920.0971860090701,1.0269947,0.05047593,1.0150061520409386
1920.1335131969004,1.0572008,0.0519454,1.0141504888548094
1920.1698403847308,1.1240852,0.052524105,1.013375572173868
1920.206167572561,1.0649549,0.05130689,1.012675970709574
1920.2424947603913,1.066188,0.051867064,1.0120402753452737
1920.2788219482218,1.0398331,0.050946888,1.0114706978795522
1920.315149136052,1.025453,0.051096372,1.0109644106492217
1920.3514763238823,1.0648638,0.051890004,1.0105225117396275
1920.3878035117127,1.062153,0.05148856,1.0101406944448323
1920.424130699543,1.0592424,0.051273614,1.0098216112752643
1920.4604578873734,1.0522496,0.051231675,1.0095659451759642
1920.4967850752037,1.0801758,0.05170579,1.0093752342745628
1920.533112263034,1.0519052,0.051371865,1.009250341468119
1920.5694394508644,1.0363824,0.050508644,1.0091900101048739
1920.6057666386946,1.0589874,0.051856287,1.0091942505549334
1920.6420938265248,1.0580612,0.051722452,1.009263744550482
1920.6784210143553,1.0862197,0.051262386,1.0093990836871831
1920.7147482021855,1.0976539,0.051972672,1.0095986006719802
1920.7510753900158,1.0023172,0.049594626,1.0098596072844803
1920.7874025778463,1.027313,0.05111322,1.0101677294269784
1920.8237297656765,1.0165658,0.05107355,1.010502884361372
1920.860056953507,1.0736377,0.05150109,1.0108169686722042
1920.8963841413372,1.091519,0.05198814,1.0109995207263966
1920.9327113291674,1.089572,0.051812615,1.0108716629754735
1920.969038516998,1.0967256,0.051973928,1.010295726003726
1921.0053657048281,1.1368672,0.05340719,1.0093270597140038
1921.0416928926584,1.1010126,0.052945394,1.0081636924982091
1921.0780200804888,1.1302136,0.052413564,1.0070533343632515
1921.114347268319,1.0772128,0.05155386,1.006167867557873
1921.1506744561493,1.106181,0.052611776,1.0055493549222803
1921.1870016439798,1.1147732,0.051924415,1.005170398693094
1921.22332883181,1.0811076,0.051886395,1.0049622487609446
1921.2596560196403,1.110929,0.052503485,1.0048511123399864
1921.2959832074707,1.0532203,0.051307965,1.0047748651285975
1921.332310395301,1.0366708,0.051128957,1.0046897165028679
1921.3686375831314,1.0069456,0.050875273,1.004564768011403
1921.4049647709617,1.015154,0.050157662,1.004420488237601
1921.441291958792,1.0939153,0.05178433,1.0043516894310816
1921.4776191466224,1.0926535,0.052115425,1.0044432110352455
1921.5139463344526,1.0624489,0.050955474,1.0047074061225123
1921.5502735222829,1.0644486,0.051307563,1.0050997767429848
1921.5866007101133,1.0140887,0.05051457,1.005551199826668
1921.6229278979436,0.9927743,0.05014403,1.005995733139946
1921.6592550857738,1.0058922,0.04992931,1.0063634043908969
1921.6955822736043,0.99231386,0.049723886,1.0065901856020278
1921.7319094614345,1.0121391,0.050376065,1.0066389699448033
1921.768236649265,1.0170726,0.050035518,1.0065195070604265
1921.8045638370952,1.0340676,0.05030303,1.0062671473423137
1921.8408910249254,1.1240691,0.053643674,1.005921386712185
1921.877218212756,1.0484376,0.05101802,1.0055319756246133
1921.9135454005861,1.1029729,0.052112237,1.0051526107408593
1921.9498725884164,1.0310485,0.05098584,1.0048233523013022
1921.9861997762468,1.0114726,0.050220393,1.0045514224580023
1922.022526964077,1.0242316,0.050259974,1.0043108792913176
1922.0588541519073,1.0158383,0.050817456,1.0040694728979023
1922.0951813397378,1.0268002,0.05063127,1.0038302341729723
1922.131508527568,1.0734416,0.051166084,1.0036394402115811
1922.1678357153983,1.0182142,0.050755553,1.0035404618735324
1922.2041629032287,0.96452475,0.049017098,1.0035448600747552
1922.240490091059,1.0186075,0.050309,1.0036453618650174
1922.2768172788894,1.0376441,0.051243078,1.003831900353342
1922.3131444667197,0.95412004,0.049402405,1.0040852001849476
1922.34947165455,0.9478636,0.049243905,1.0043812107017427
1922.3857988423804,1.015743,0.050043907,1.0046804215797656
1922.4221260302106,1.0357765,0.050421536,1.0049274171834377
1922.4584532180409,0.9693809,0.0494815,1.0050776962184313
1922.4947804058713,0.9781356,0.049575493,1.0051395353108352
1922.5311075937016,1.0174693,0.050186798,1.0051812543259224
1922.5674347815318,1.0894996,0.052003846,1.0052837331112594
1922.6037619693623,1.0043571,0.050566874,1.0054975607897936
1922.6400891571925,0.9664389,0.049365267,1.0058307501552477
1922.6764163450227,0.91083837,0.047594108,1.006271590596452
1922.7127435328532,0.9885299,0.049974356,1.0068126050535553
1922.7490707206834,1.0911791,0.051719546,1.0074634875033313
1922.785397908514,1.0340284,0.051072028,1.0082617847296882
1922.8217250963442,1.0383637,0.05089492,1.0092338333747097
1922.8580522841744,1.0879941,0.051838648,1.0103032207048044
1922.8943794720049,1.0880167,0.051809486,1.011257979117231
1922.930706659835,1.0611235,0.051401798,1.0118703464638585
1922.9670338476653,0.97569984,0.049203157,1.012055734924093
1923.0033610354958,0.97888184,0.049786344,1.01190060276117
1923.039688223326,0.9785346,0.049531486,1.0115850365287764
1923.0760154111563,1.0466352,0.05048819,1.011253377515238
1923.1123425989867,1.0342721,0.051492274,1.0109649237394014
1923.148669786817,1.0351264,0.050843466,1.010730010757086
1923.1849969746474,0.9645012,0.048913058,1.0105533605537986
1923.2213241624777,1.0083228,0.05001297,1.0104505211561916
1923.257651350308,1.0242071,0.05024191,1.0104164413411763
1923.2939785381384,1.013834,0.050317325,1.0103987717642016
1923.3303057259686,0.9994516,0.049962718,1.0103374462475607
1923.3666329137989,1.0794828,0.052076712,1.0102326234276005
1923.4029601016293,1.0045878,0.0492922,1.0101338222726313
1923.4392872894596,1.0555406,0.05108312,1.0100759332695903
1923.4756144772898,1.1141775,0.05288992,1.0100561610908139
1923.5119416651203,1.0387131,0.0502117,1.0100465193534411
1923.5482688529505,1.0133598,0.050585333,1.0100122497977484
1923.5845960407808,1.0019132,0.049993537,1.0099142981955904
1923.6209232286112,1.0326886,0.05046408,1.009708174883934
1923.6572504164415,1.09425,0.05197018,1.0093668644465434
1923.693577604272,1.0763632,0.05158672,1.0089106623605413
1923.7299047921022,1.0505627,0.05107757,1.008391518485056
1923.7662319799324,1.0315696,0.05047563,1.0078507094623952
1923.8025591677629,1.0086246,0.0505853,1.0072704339157723
1923.838886355593,1.0631398,0.051608175,1.0065205834239157
1923.8752135434233,1.0792619,0.051391453,1.005397260653475
1923.9115407312538,1.0326447,0.050813496,1.0037696806334901
1923.947867919084,1.0943569,0.052119687,1.0016866363851384
1923.9841951069143,1.0522833,0.050921626,0.9993109400609187
1924.0205222947448,1.0020424,0.050253756,0.9968331793577572
1924.056849482575,0.9794584,0.049480814,0.9942932191583793
1924.0931766704055,1.0621271,0.051092003,0.9915437464020253
1924.1295038582357,1.0168526,0.050629284,0.9884704031541194
1924.165831046066,0.9944663,0.05053487,0.985126245717239
1924.2021582338964,1.0229417,0.050394446,0.9816138611985049
1924.2384854217266,0.952511,0.0482661,0.9780069207151306
1924.2748126095569,0.9371914,0.04795154,0.9742407486633022
1924.3111397973873,0.95398366,0.049587995,0.970252616333811
1924.3474669852176,0.99757487,0.05017216,0.9660565408790673
1924.3837941730478,0.9206613,0.048418842,0.9616895510316701
1924.4201213608783,0.91150254,0.048099063,0.9570240906038121
1924.4564485487085,0.8963127,0.047093816,0.9518917638405584
1924.4927757365388,0.9690672,0.04925206,0.9462481119333835
1924.5291029243692,1.042032,0.050886426,0.940266545178287
1924.5654301121995,0.9731099,0.049612716,0.9342262758191701
1924.60175730003,0.9489378,0.049164206,0.9283796325871265
1924.6380844878602,0.94166625,0.04857141,0.9228121621993918
1924.6744116756904,0.9776209,0.049720444,0.9174586934621499
1924.7107388635209,0.9314463,0.047975965,0.9121651862978274
1924.747066051351,0.9094399,0.04773503,0.9068349816451873
1924.7833932391814,0.8975295,0.048169885,0.9013971793491069
1924.8197204270118,0.91559535,0.048272517,0.8958930246406073
1924.856047614842,0.9383303,0.048491992,0.8903742854681672
1924.8923748026723,0.931542,0.04821419,0.8849399004307809
1924.9287019905028,0.90838695,0.04775218,0.8796717953058105
1924.965029178333,0.9142135,0.04831737,0.874716412419849
1925.0013563661635,0.8827054,0.047383327,0.8701798528834301
1925.0376835539937,0.85713506,0.04664329,0.8661440366071703
1925.074010741824,0.88589483,0.04739658,0.8626306975896356
1925.1103379296544,0.83197963,0.0460098,0.859655422942414
1925.1466651174846,0.851859,0.046523213,0.8572152612049914
1925.1829923053149,0.9299659,0.048717614,0.8552768330759205
1925.2193194931453,0.83521086,0.04598491,0.8538319491972954
1925.2556466809756,0.83204806,0.0462689,0.8528749436808368
1925.2919738688058,0.82455647,0.04575087,0.8523935759717388
1925.3283010566363,0.8295986,0.045561578,0.85238512408035
1925.3646282444665,0.86675596,0.04715999,0.8528520935249196
1925.4009554322968,0.88607705,0.04689798,0.8537990655928853
1925.4372826201272,0.86126363,0.04707514,0.855236177624477
1925.4736098079575,0.84366137,0.046954893,0.8571640876413165
1925.509936995788,0.85326385,0.046304557,0.8595750984972632
1925.5462641836182,0.85220414,0.046890877,0.8624184603885555
1925.5825913714484,0.8130249,0.046060104,0.8656174236315813
1925.6189185592789,0.80410624,0.04511391,0.8691499053078058
1925.6552457471091,0.8041617,0.04510206,0.8730078384197343
1925.6915729349394,0.87488955,0.047408447,0.877236394345769
1925.7279001227698,0.8217176,0.04522298,0.8819533303542434
1925.7642273106,0.8486564,0.046539437,0.8871958352968764
1925.8005544984303,0.89261025,0.04796555,0.8928705533268195
1925.8368816862608,0.9082825,0.047670454,0.8987382547581457
1925.873208874091,0.88505274,0.04798311,0.9045353684820785
1925.9095360619215,0.9062251,0.04804373,0.9102121572422888
1925.9458632497517,0.88580334,0.047394965,0.9158614377941909
1925.982190437582,0.8958164,0.047659814,0.921722322808348
1926.0185176254124,0.9238747,0.048702225,0.9278383569140262
1926.0548448132427,1.0143665,0.050435204,0.9340435326966248
1926.091172001073,0.9254165,0.048073627,0.9402046031569132
1926.1274991889034,0.8760045,0.047321353,0.946261536342704
1926.1638263767336,1.0283148,0.05037635,0.9523288339494353
1926.2001535645638,0.9410184,0.048702393,0.9583686665042668
1926.2364807523943,1.023987,0.050740518,0.9643204781827432
1926.2728079402245,1.0668982,0.05199938,0.9700519649533823
1926.3091351280548,1.0343289,0.05110061,0.9756079500871159
1926.3454623158852,1.0797893,0.051705964,0.9809858346691868
1926.3817895037155,1.0453874,0.050705515,0.9860577393810199
1926.418116691546,0.99625397,0.049880944,0.9905407578174307
1926.4544438793762,0.9861438,0.049734052,0.9943061379873512
1926.4907710672064,1.0412163,0.05153131,0.9974495367911024
1926.527098255037,1.0242642,0.050326817,1.000199321551491
1926.5634254428671,1.0502291,0.05091555,1.0027824037583033
1926.5997526306974,1.130539,0.053347453,1.0053565179323318
1926.6360798185278,1.067343,0.051924475,1.0079226609669776
1926.672407006358,1.0332552,0.05128034,1.01041916581344
1926.7087341941883,1.0802921,0.050884172,1.0127338331047708
1926.7450613820188,0.9913876,0.049047157,1.0147981900090044
1926.781388569849,1.0598336,0.051459998,1.0165365650875242
1926.8177157576793,1.0326093,0.05102178,1.017902193610555
1926.8540429455097,1.0607616,0.05116917,1.0188607604269824
1926.89037013334,1.0755671,0.052329063,1.019448387974084
1926.9266973211704,1.1054232,0.052068837,1.0197265088295582
1926.9630245090007,1.0871136,0.051677033,1.019773426505487
1926.999351696831,0.99815345,0.050552934,1.019669083784936
1927.0356788846614,0.985083,0.049220394,1.019481328442623
1927.0720060724916,0.9682302,0.049137607,1.0192614077755198
1927.1083332603218,1.0042185,0.050644103,1.0190411304214229
1927.1446604481523,1.0014886,0.05077634,1.0188338966986858
1927.1809876359825,1.0014995,0.050320543,1.0186400286101505
1927.2173148238128,0.9949709,0.050229065,1.0184488385328998
1927.2536420116433,1.0045055,0.050555106,1.0182390063073903
1927.2899691994735,0.9742579,0.049484823,1.017998773161159
1927.326296387304,1.0975176,0.052292123,1.0177435678141074
1927.3626235751342,1.0737131,0.05206232,1.0175042880593943
1927.3989507629644,0.98187464,0.049232274,1.0172997394017325
1927.435277950795,1.0465118,0.05129305,1.0171271808001356
1927.4716051386251,1.0754472,0.051417258,1.016980567387672
1927.5079323264554,1.0424455,0.05144,1.016857634977589
1927.5442595142858,1.0243924,0.0507189,1.0167575159184399
1927.580586702116,1.0053296,0.050222803,1.016678706015274
1927.6169138899463,1.0836225,0.051746238,1.0166163065887714
1927.6532410777768,1.0172386,0.05002094,1.016560220353101
1927.689568265607,1.0531723,0.051732775,1.0164897640499635
1927.7258954534373,0.9805216,0.049305264,1.016368045882305
1927.7622226412677,1.0480932,0.051852096,1.0161296619902305
1927.798549829098,1.0289751,0.05097275,1.0156640573462152
1927.8348770169284,1.0121117,0.05052647,1.0148327331799551
1927.8712042047587,1.0513735,0.051594622,1.0135258195486567
1927.907531392589,1.0573677,0.051891398,1.0117042842060806
1927.9438585804194,1.0282551,0.05122329,1.0094387665910378
1927.9801857682496,0.8949573,0.047730703,1.0069646360438123
1928.0165129560799,1.0102953,0.05074091,1.0045597666024393
1928.0528401439103,1.0977824,0.051843066,1.0023862447212137
1928.0891673317406,1.0887278,0.051804576,1.000477904905304
1928.1254945195708,1.0212162,0.050572254,0.9988107510177954
1928.1618217074013,0.9585085,0.04904126,0.9973508555227738
1928.1981488952315,1.0026573,0.05055637,0.9960823710014078
1928.234476083062,1.0123473,0.05067981,0.9950003475619756
1928.2708032708922,0.99964744,0.05037885,0.9941129398438789
1928.3071304587224,0.9893132,0.05002745,0.9933739634560541
1928.343457646553,1.0048231,0.050359737,0.9926666524259673
1928.3797848343831,1.0416619,0.05107608,0.991870813199891
1928.4161120222134,0.9664096,0.049289156,0.9909650967150758
1928.4524392100438,0.8955219,0.04759275,0.9900277804628277
1928.488766397874,1.0034556,0.050359428,0.9891274445388757
1928.5250935857043,1.0845428,0.051790766,0.9882981542468572
1928.5614207735348,1.1299744,0.052931793,0.9875508732582684
1928.597747961365,1.0603025,0.051960595,0.9868871502886278
1928.6340751491953,0.9536571,0.048568286,0.9863090580997133
1928.6704023370257,1.059083,0.051979534,0.9858088495201368
1928.706729524856,1.0251815,0.050437357,0.9853785249770853
1928.7430567126864,1.0201087,0.05095735,0.9850111351614732
1928.7793839005167,0.9617094,0.04966498,0.9847061746779646
1928.815711088347,1.0088971,0.05075229,0.9844683032437954
1928.8520382761774,0.98015296,0.048988707,0.9842984277905922
1928.8883654640076,0.95080477,0.04941863,0.9841977638153988
1928.9246926518379,0.9770703,0.049630664,0.9841653970589135
1928.9610198396683,1.0023507,0.05078714,0.984200270619726
1928.9973470274986,0.979511,0.04989172,0.9843039850171282
1929.0336742153288,0.9227585,0.048154578,0.9844842779673861
1929.0700014031593,0.97344756,0.049268685,0.9847509125358063
1929.1063285909895,1.0756494,0.051472288,0.985116789844375
1929.14265577882,1.0867873,0.053248577,0.9855872751300232
1929.1789829666502,1.0362766,0.05007833,0.9861532021664153
1929.2153101544804,1.005195,0.050401703,0.986780483680353
1929.251637342311,1.0093105,0.050976418,0.987412950928301
1929.2879645301412,0.97661597,0.049570806,0.9879860272746541
1929.3242917179714,0.99622846,0.05029311,0.9884555116472977
1929.3606189058019,1.0451376,0.051196456,0.9888529417185595
1929.396946093632,1.0255942,0.050127704,0.9892900281073705
1929.4332732814623,1.0737791,0.05187352,0.9898754021355424
1929.4696004692928,1.0160983,0.05121396,0.9906346144103424
1929.505927657123,1.0736489,0.051933367,0.9915512295045403
1929.5422548449533,0.97156537,0.049750812,0.9926160843394343
1929.5785820327837,0.9805499,0.049752582,0.9938474491984005
1929.614909220614,0.96172255,0.04974699,0.9952796432460069
1929.6512364084444,1.0151639,0.050283458,0.9969392390022067
1929.6875635962747,0.97758794,0.050116513,0.9988307788880341
1929.723890784105,0.97362965,0.049681567,1.0009300259090184
1929.7602179719354,1.0103754,0.05041659,1.0031464395137315
1929.7965451597656,1.0811545,0.05178396,1.005309104439534
1929.8328723475959,1.027736,0.050593168,1.0071899522241148
1929.8691995354263,1.00268,0.049822558,1.0085568949735313
1929.9055267232566,0.93706423,0.04925798,1.009253953738176
1929.9418539110868,0.9960295,0.04980415,1.0092923160644112
1929.9781810989173,1.0174279,0.050270304,1.008849137617217
1930.0145082867475,0.9871639,0.050284944,1.0081568728228525
1930.050835474578,1.0014223,0.049006168,1.0074031286165537
1930.0871626624082,0.8829668,0.04766461,1.0066839118906723
1930.1234898502385,1.0118088,0.051129647,1.0060257425197712
1930.159817038069,1.0290866,0.05033178,1.0054263160358186
1930.1961442258992,0.9493601,0.050208833,1.0048830417422148
1930.2324714137294,1.0816244,0.051804345,1.0043969134371664
1930.2687986015599,1.0341015,0.050986014,1.003964070216769
1930.30512578939,1.004242,0.050307248,1.003580843395228
1930.3414529772203,1.0668777,0.052099064,1.0032389940353004
1930.3777801650508,0.964404,0.048828952,1.0029311021107599
1930.414107352881,1.0677677,0.052521653,1.0026579282810488
1930.4504345407113,1.0863757,0.051658258,1.0024183798435495
1930.4867617285418,1.0056273,0.050337385,1.0021861337231377
1930.523088916372,1.0718536,0.05253471,1.0019022941736972
1930.5594161042025,0.9445133,0.048140503,1.0015139474825385
1930.5957432920327,1.0797213,0.05212434,1.0010395841234572
1930.632070479863,0.96648526,0.049841683,1.0005530326527328
1930.6683976676934,1.0067432,0.050483156,1.0000998677670854
1930.7047248555236,0.957058,0.04937267,0.9996353803871016
1930.7410520433539,0.9405687,0.04928786,0.9990418693127856
1930.7773792311843,1.0124958,0.05007956,0.9980963460946329
1930.8137064190146,1.0660543,0.05159113,0.9964772170220169
1930.8500336068448,1.0025507,0.050298907,0.9939523372828643
1930.8863607946753,1.0084443,0.050623145,0.9906443003470664
1930.9226879825055,0.9874232,0.04971538,0.9868868506589509
1930.959015170336,0.9727196,0.049858823,0.9831049115114896
1930.9953423581662,0.9585026,0.048715845,0.9795928424496866
1931.0316695459965,0.9341716,0.048816577,0.9764661078972594
1931.067996733827,1.0402807,0.051324893,0.9736996810431404
1931.1043239216572,0.96267426,0.049498916,0.9712705343885919
1931.1406511094874,0.95908034,0.04987756,0.9691630152283461
1931.1769782973179,1.0348577,0.050440434,0.9673573274195357
1931.213305485148,0.9906947,0.050180238,0.9658276541123206
1931.2496326729784,0.9773246,0.049843103,0.9644711154062232
1931.2859598608088,0.9288608,0.04880323,0.963151119289007
1931.322287048639,1.0061923,0.050060872,0.9617956590327538
1931.3586142364693,1.0350026,0.050414823,0.960434395627282
1931.3949414242998,1.0679046,0.05141553,0.9591485315182998
1931.43126861213,1.0480496,0.05123258,0.9580037710841397
1931.4675957999605,0.9527127,0.04948115,0.9570173324620445
1931.5039229877907,0.968976,0.0490484,0.9561692257971933
1931.540250175621,1.0702384,0.05242172,0.9554558354384032
1931.5765773634514,1.0777593,0.051811635,0.9548795453364254
1931.6129045512816,1.0344919,0.051037006,0.9544341556823689
1931.6492317391119,1.0680051,0.050847035,0.9541113476384467
1931.6855589269423,1.0096438,0.04972812,0.9539210994912827
1931.7218861147726,0.9919961,0.050331213,0.9538910276983761
1931.7582133026028,0.98895764,0.050266977,0.9540459008965754
1931.7945404904333,0.9707665,0.04995194,0.9543966835418949
1931.8308676782635,0.99768144,0.0505578,0.9549322806062505
1931.867194866094,0.99169946,0.04984869,0.9556003334843336
1931.9035220539242,1.0591397,0.051844373,0.9562958528553785
1931.9398492417545,1.0043678,0.050918266,0.9569462769839663
1931.976176429585,1.0069574,0.05008089,0.9575589680098122
1932.0125036174152,0.93827105,0.04853785,0.9581910695014635
1932.0488308052454,0.9997634,0.049948297,0.9588917573433051
1932.0851579930759,1.0264977,0.05118881,0.9596960616824993
1932.1214851809061,1.0070591,0.050539628,0.9606189126104191
1932.1578123687364,0.98267674,0.050143074,0.961673460805142
1932.1941395565668,0.9269468,0.0491747,0.9628692486770616
1932.230466744397,0.92005813,0.048326403,0.9642084258628458
1932.2667939322273,1.040747,0.050700966,0.9657038715250199
1932.3031211200578,1.0438707,0.05097906,0.967349960259779
1932.339448307888,1.0160466,0.050758205,0.9691486690581184
1932.3757754957185,1.0690417,0.05160005,0.9711179036206251
1932.4121026835487,0.9912828,0.050455716,0.9732825472456258
1932.448429871379,1.0184201,0.050830718,0.9756267827909102
1932.4847570592094,1.0325829,0.05089428,0.9780974478896125
1932.5210842470397,0.9866637,0.049745593,0.9806319029442678
1932.55741143487,0.9932259,0.050069295,0.9832369935024827
1932.5937386227004,0.99601,0.050051145,0.9859974309651092
1932.6300658105306,0.9471923,0.049281918,0.9890233614307401
1932.6663929983608,1.0208026,0.051866025,0.9923727301054432
1932.7027201861913,1.0135914,0.049815495,0.9960645456445631
1932.7390473740215,0.9250249,0.048869245,0.9999176826775575
1932.775374561852,0.9461932,0.04882279,1.0035361987528089
1932.8117017496822,1.0380052,0.05069243,1.006508298749856
1932.8480289375125,1.0409484,0.051849645,1.008569088409978
1932.884356125343,1.0212824,0.051223453,1.0097671485665378
1932.9206833131732,1.0486943,0.05100464,1.010370158642933
1932.9570105010034,1.0392466,0.05185129,1.0106500382375039
1932.993337688834,1.074909,0.05250647,1.0107720114807854
1933.0296648766641,1.0646166,0.051299926,1.0108205732569044
1933.0659920644944,1.06174,0.051537756,1.010840773894567
1933.1023192523248,1.0612237,0.05146771,1.0108581492751156
1933.138646440155,1.0322051,0.050785813,1.0108834635507624
1933.1749736279853,1.0564351,0.051421076,1.0109223661107025
1933.2113008158158,1.0554992,0.052237097,1.0109770241162133
1933.247628003646,1.0745857,0.051968902,1.011042837505318
1933.2839551914765,1.0893756,0.052228764,1.0110994986493067
1933.3202823793067,1.0686152,0.051408518,1.0111220253381168
1933.356609567137,1.0033097,0.05013736,1.0111053781923196
1933.3929367549674,1.0170261,0.05019168,1.0110658396348322
1933.4292639427977,1.0099221,0.05096649,1.0110191565285875
1933.465591130628,1.0537789,0.05154299,1.0109694978843042
1933.5019183184584,1.0148858,0.050191056,1.0109150500172692
1933.5382455062886,1.0235654,0.05078466,1.0108556525765175
1933.5745726941188,1.0345165,0.05056643,1.010787197931241
1933.6108998819493,1.0207419,0.05058905,1.0106969348584285
1933.6472270697795,1.0835632,0.051982425,1.0105776032493816
1933.68355425761,1.0674945,0.051593404,1.0104402085195787
1933.7198814454403,1.0831144,0.052171603,1.010297564912914
1933.7562086332705,1.0949948,0.052194703,1.0101539765404106
1933.792535821101,1.0515308,0.051764157,1.0100064031705802
1933.8288630089312,0.98182034,0.04958815,1.0098532911718074
1933.8651901967614,0.95350605,0.049892195,1.009698339890417
1933.901517384592,1.0469214,0.051926494,1.009547481091463
1933.9378445724221,1.0612462,0.0521353,1.0094034576306594
1933.9741717602524,1.1015676,0.052275445,1.009267135064878
1934.0104989480828,1.03558,0.050492696,1.0091379377907639
1934.046826135913,1.0360694,0.05162806,1.0090166798616886
1934.0831533237433,0.9308093,0.04886694,1.0089030300910944
1934.1194805115738,0.95750225,0.04898704,1.0087962840051394
1934.155807699404,1.0532202,0.051406104,1.0086962729475228
1934.1921348872345,1.094336,0.052978434,1.0086028246423457
1934.2284620750647,1.046439,0.05088742,1.0085153611771833
1934.264789262895,1.0756073,0.052264042,1.0084338264199104
1934.3011164507254,1.0457029,0.05130006,1.0083586429137008
1934.3374436385557,1.0176802,0.05025995,1.0082901122753902
1934.373770826386,1.0358443,0.050737176,1.0082246500899044
1934.4100980142164,1.0160303,0.05086694,1.0081502612383193
1934.4464252020466,1.0994987,0.05204607,1.0080537403570113
1934.4827523898769,1.0756525,0.05184,1.0079361091546462
1934.5190795777073,1.0698769,0.051703878,1.0078092477184122
1934.5554067655376,1.0403731,0.051257063,1.007684304665956
1934.591733953368,1.0910197,0.0519231,1.0075670446688214
1934.6280611411983,1.0762644,0.051983725,1.0074602633920202
1934.6643883290285,1.0619453,0.052273482,1.007364568590184
1934.700715516859,1.1292684,0.052960347,1.0072786989606994
1934.7370427046892,1.0443871,0.05190425,1.0072011439486226
1934.7733698925194,1.0970379,0.0525794,1.0071296296006587
1934.80969708035,1.1020552,0.05228266,1.0070623581060791
1934.8460242681801,1.1377019,0.053538878,1.0069981569425894
1934.8823514560104,1.0974019,0.052593254,1.0069366992119035
1934.9186786438408,1.0803678,0.05220483,1.0068779006306756
1934.955005831671,1.0722547,0.052399654,1.0068222226237087
1934.9913330195013,1.1428813,0.05336883,1.0067698235938969
1935.0276602073318,1.056688,0.050675705,1.00672093259815
1935.063987395162,1.012747,0.05097792,1.0066761062104517
1935.1003145829925,1.0070392,0.04977359,1.006635611508828
1935.1366417708227,1.0037619,0.05090816,1.0065977719858228
1935.172968958653,1.0304165,0.050836887,1.006558797927211
1935.2092961464834,1.0376132,0.05139061,1.0065164619236429
1935.2456233343137,1.07798,0.05220867,1.0064734284920505
1935.281950522144,1.131833,0.05309896,1.0064337362837574
1935.3182777099744,1.0851352,0.05235628,1.0064004200405008
1935.3546048978046,1.0816463,0.051634394,1.0063749555568613
1935.3909320856349,1.1302058,0.053039156,1.0063570907466648
1935.4272592734653,1.0626886,0.052026138,1.006338657165542
1935.4635864612956,1.018086,0.05044183,1.006306180899425
1935.499913649126,1.0056888,0.050258145,1.006252872242653
1935.5362408369563,1.1256737,0.052917235,1.0061843516780835
1935.5725680247865,1.0707458,0.0513804,1.0061100876733
1935.608895212617,1.0492927,0.051452506,1.006036325975432
1935.6452224004472,1.0507264,0.051203843,1.0059661062348488
1935.6815495882774,1.0533065,0.051569037,1.0058997447565885
1935.717876776108,1.0873641,0.052233797,1.00583469295931
1935.7542039639382,1.0527683,0.051571015,1.0057655215217467
1935.7905311517684,1.0883652,0.052033294,1.0056874345716142
1935.8268583395989,1.0842782,0.051428474,1.0056009752881334
1935.863185527429,1.0340539,0.05128624,1.00550990373162
1935.8995127152593,1.0656449,0.053014223,1.0054172168613065
1935.9358399030898,1.0049429,0.050334647,1.0053242590708131
1935.97216709092,1.0417401,0.05067286,1.0052313232251666
1936.0084942787505,1.1413391,0.052465796,1.0051385396444563
1936.0448214665807,1.1081415,0.051999684,1.0050457097042278
1936.081148654411,1.1060228,0.052607805,1.0049528510857244
1936.1174758422414,1.0681975,0.05201448,1.0048593275151365
1936.1538030300717,1.0698129,0.052131154,1.0047624565461437
1936.190130217902,1.1125683,0.052999053,1.0046548627457215
1936.2264574057324,1.0243521,0.050299607,1.0045212198563436
1936.2627845935626,1.032095,0.05079421,1.004331990632347
1936.2991117813929,1.0600644,0.05127408,1.0040322033548772
1936.3354389692233,1.0149466,0.050230425,1.0035656299530105
1936.3717661570536,1.0496188,0.052051153,1.0029430189824458
1936.408093344884,1.0235562,0.050810557,1.0022677165810063
1936.4444205327143,1.0884038,0.052297704,1.0016343366956981
1936.4807477205445,1.0786854,0.05159048,1.0010715007396611
1936.517074908375,1.078673,0.051967762,1.0005628391329051
1936.5534020962052,1.0873084,0.05219168,1.0000830760756134
1936.5897292840355,1.0764499,0.051535197,0.9995971464853315
1936.626056471866,1.101822,0.053251326,0.9990728812840362
1936.6623836596962,1.0324699,0.051077314,0.9985084245486671
1936.6987108475264,1.0549607,0.05129379,0.9979379448421889
1936.7350380353569,1.0678643,0.051788166,0.9973799232158704
1936.771365223187,1.0878397,0.051940985,0.9968025241333047
1936.8076924110173,1.1055685,0.052041747,0.996153196659514
1936.8440195988478,1.0550085,0.051506944,0.9954317789587963
1936.880346786678,1.0700666,0.05203299,0.9946744555314612
1936.9166739745085,1.1083481,0.052126456,0.9939001007779092
1936.9530011623388,1.0782199,0.05196806,0.9931245359194105
1936.989328350169,1.0224603,0.050152622,0.9923850602578412
1937.0256555379995,0.9965702,0.050238673,0.9917093431327296
1937.0619827258297,0.9599357,0.050079804,0.9910967979698818
1937.09830991366,1.0355722,0.051272497,0.9905389982528312
1937.1346371014904,1.049532,0.051224854,0.99002969997172
1937.1709642893206,1.010719,0.05025261,0.9895618653861518
1937.2072914771509,0.99380755,0.05011432,0.9891339246458801
1937.2436186649813,1.0008812,0.049759645,0.9887435090714385
1937.2799458528116,1.0305972,0.0512762,0.9883885660382962
1937.3162730406418,1.0268939,0.050276775,0.9880691392489941
1937.3526002284723,1.095455,0.052174307,0.9877866577746126
1937.3889274163025,1.1204302,0.05351134,0.9875386767505798
1937.425254604133,1.0361929,0.0504811,0.9873261784695964
1937.4615817919632,1.0412595,0.051363446,0.9871480195624092
1937.4979089797935,1.0852305,0.051591605,0.9870031246813203
1937.534236167624,1.1060508,0.052149437,0.9868911499729719
1937.5705633554542,1.0653934,0.05216428,0.9868113283293856
1937.6068905432844,1.0029216,0.050974023,0.9867636390832508
1937.6432177311149,1.0055637,0.04997381,0.9867481746574567
1937.679544918945,1.0096631,0.05010175,0.9867650048094495
1937.7158721067754,1.0561252,0.051208656,0.9868138506068408
1937.7521992946058,1.0305142,0.050445013,0.9868952386218109
1937.788526482436,1.025057,0.05073832,0.9870081923578691
1937.8248536702665,0.96166515,0.049225923,0.9871532551363165
1937.8611808580968,1.0710746,0.052200038,0.9873319504847793
1937.897508045927,1.0376652,0.05092064,0.9875433621480145
1937.9338352337575,1.0266311,0.05006591,0.9877892080769339
1937.9701624215877,1.0899792,0.05140814,0.9880637003577236
1938.006489609418,1.0267899,0.050690252,0.9883667622658006
1938.0428167972484,1.0044076,0.05036419,0.9886994073332875
1938.0791439850786,1.0411894,0.05174495,0.9890763018499906
1938.1154711729089,1.0643314,0.05133416,0.98951068242024
1938.1517983607393,1.0386317,0.05102907,0.9900155562264331
1938.1881255485696,0.986641,0.049879488,0.9905921622302135
1938.2244527363998,1.0587031,0.05168068,0.9912324581789509
1938.2607799242303,0.93719244,0.04884416,0.9918682877692867
1938.2971071120605,0.9995891,0.049766455,0.9923841970509555
1938.333434299891,1.0464108,0.051187273,0.9927084708195931
1938.3697614877212,0.97263706,0.04953121,0.9928956996145425
1938.4060886755515,0.96961945,0.04987642,0.9930439035160161
1938.442415863382,1.0498487,0.050863888,0.9932191800019914
1938.4787430512122,1.0651557,0.051795352,0.9934295397739356
1938.5150702390424,0.9541152,0.049168162,0.993620752619837
1938.5513974268729,1.0507444,0.051300563,0.9936487876625612
1938.5877246147031,1.0335461,0.05123113,0.9933616755930981
1938.6240518025334,0.99589074,0.050219852,0.9927592257315287
1938.6603789903638,0.9898024,0.049240015,0.9919865792438904
1938.696706178194,1.0217389,0.05100103,0.9911439559433374
1938.7330333660243,0.9997848,0.05024909,0.9901503383875067
1938.7693605538548,1.0447168,0.05118037,0.9888606962080427
1938.805687741685,1.0197445,0.050614405,0.9872159839287686
1938.8420149295155,0.96741265,0.049945626,0.985238409831719
1938.8783421173457,1.012003,0.05042601,0.9830190418333173
1938.914669305176,0.9840861,0.04990451,0.9806588795647952
1938.9509964930064,1.0099579,0.050055888,0.9782853789313242
1938.9873236808367,1.0109512,0.050300974,0.9760014877279695
1939.023650868667,0.95053154,0.04864353,0.9738551028591398
1939.0599780564974,0.97651625,0.048985574,0.9718723887999685
1939.0963052443276,1.0498812,0.05199247,0.9700233066020356
1939.1326324321578,1.0105616,0.05002896,0.968278140587236
1939.1689596199883,0.9795628,0.04998967,0.966645294409173
1939.2052868078185,1.0373125,0.051649846,0.9651307433446111
1939.241613995649,1.0832492,0.055844974,0.9637387824433311
1939.2779411834792,1.0157077,0.058331523,0.9624715672060842
1939.3142683713095,0.91091025,0.05501322,0.96131414433424
1939.35059555914,0.96456254,0.058132615,0.9602628281836674
1939.3869227469702,0.9933843,0.05772395,0.9593148262936283
1939.4232499348004,0.97429,0.05778757,0.9584639615697982
1939.459577122631,0.9547396,0.05680444,0.9577132729088874
1939.4959043104611,1.0059806,0.057399403,0.9570568017662715
1939.5322314982914,0.92624843,0.055456292,0.9564919751306155
1939.5685586861218,0.88766855,0.056133028,0.9560175929077702
1939.604885873952,0.9354903,0.056427285,0.9556334729937703
1939.6412130617823,1.0031664,0.0570406,0.9553379013974695
1939.6775402496128,1.0024031,0.05809956,0.9551232781890231
1939.713867437443,1.0054758,0.05779014,0.9549804022798197
1939.7501946252735,1.0263443,0.05833243,0.9548924184837811
1939.7865218131037,1.0085614,0.058212727,0.9548385476317307
1939.822849000934,1.048311,0.060197417,0.9547958292373478
1939.8591761887644,1.0057417,0.05800357,0.954741716305159
1939.8955033765947,0.95142347,0.057188768,0.9546661969513287
1939.931830564425,1.071949,0.059760783,0.9545729793661342
1939.9681577522554,1.0285066,0.05839941,0.9544755037953606
1940.0044849400856,1.0064304,0.057461604,0.9543929182817881
1940.0408121279158,0.9640376,0.057871845,0.9543550961387044
1940.0771393157463,1.0317689,0.058543865,0.9544052518846935
1940.1134665035765,0.92840976,0.055962596,0.9545891501468232
1940.149793691407,0.9937225,0.05838232,0.9549305044550452
1940.1861208792373,1.0466884,0.058849208,0.9554376355582237
1940.2224480670675,1.0824988,0.06073288,0.956102086013691
1940.258775254898,1.0123388,0.058128558,0.9569029054609689
1940.2951024427282,1.0039332,0.058013424,0.9578254014776636
1940.3314296305584,1.0943512,0.060519382,0.9588654317422425
1940.367756818389,1.0381045,0.060007613,0.9600542165840162
1940.4040840062191,1.0196341,0.05868498,0.9614317366726517
1940.4404111940494,0.9824249,0.057780568,0.9630349033137643
1940.4767383818798,0.94388837,0.05642558,0.9648703829853067
1940.51306556971,1.0099113,0.058400467,0.9668448999087146
1940.5493927575403,0.99238926,0.05882242,0.9687826612162483
1940.5857199453708,1.0808907,0.060513597,0.9705995042388271
1940.622047133201,0.97458416,0.056876577,0.9723525398230849
1940.6583743210315,0.9942924,0.05835547,0.9741009706216264
1940.6947015088617,1.0499822,0.059072066,0.9758130287815813
1940.731028696692,1.0567355,0.06091747,0.9774037227766311
1940.7673558845224,1.0175896,0.058725808,0.9787832353183628
1940.8036830723527,0.9917886,0.05846581,0.9798793194127134
1940.840010260183,1.0777283,0.06003104,0.9806752679528332
1940.8763374480134,1.0700796,0.05977609,0.9811776760741812
1940.9126646358436,0.94782215,0.0570969,0.9813813523982877
1940.9489918236739,1.0296998,0.05796809,0.9812537559556308
1940.9853190115043,1.1004106,0.061385732,0.9808378770041022
1941.0216461993346,0.9539899,0.05808935,0.9802675784856083
1941.057973387165,1.0002037,0.06612537,0.979693181266605
1941.0943005749953,0.98354465,0.07149677,0.9791802675605374
1941.1306277628255,0.9645073,0.07083686,0.9787283653683092
1941.166954950656,0.96268076,0.0709724,0.9783300394885878
1941.2032821384862,1.0397514,0.07223095,0.9779874220673261
1941.2396093263164,1.0344778,0.07295707,0.9777003988693427
1941.275936514147,0.9907996,0.07183798,0.9774663221844586
1941.3122637019771,0.93650824,0.069826335,0.9772812004064905
1941.3485908898074,1.03089,0.072204925,0.9771360136267802
1941.3849180776378,1.0120173,0.07283262,0.9770206155836288
1941.421245265468,1.0021409,0.072202064,0.9769338503415784
1941.4575724532983,1.0175257,0.07175068,0.976887187653701
1941.4938996411288,0.94575536,0.06855157,0.9768944720099567
1941.530226828959,0.934002,0.07015716,0.9769588628550632
1941.5665540167895,1.0258505,0.07438259,0.977073347186044
1941.6028812046197,0.9870752,0.071281105,0.9772241467275555
1941.63920839245,0.99205333,0.071140364,0.9773938610096214
1941.6755355802804,1.004393,0.07304458,0.977576824228076
1941.7118627681107,0.93744624,0.06933117,0.9777897453211062
1941.748189955941,1.0579145,0.07417813,0.9780519438966497
1941.7845171437714,1.0775107,0.07505453,0.9783589137782585
1941.8208443316016,1.0137539,0.072209075,0.978679554879393
1941.8571715194319,1.0185872,0.072484344,0.9789750446927948
1941.8934987072623,0.97254413,0.0725087,0.9792145878772472
1941.9298258950926,1.0561116,0.07364283,0.9793870808911453
1941.966153082923,0.9812579,0.06917734,0.9794826084120998
1942.0024802707533,0.981875,0.07233488,0.9794994457052075
1942.0388074585835,1.1112914,0.074851,0.9794529184344363
1942.075134646414,0.9823214,0.071634404,0.9793769746127705
1942.1114618342442,1.071791,0.07419403,0.9793023072434819
1942.1477890220744,0.96644354,0.07161424,0.9792443073074124
1942.184116209905,0.9483061,0.06846049,0.9792084667380572
1942.2204433977352,0.979358,0.07307995,0.9791936411179536
1942.2567705855654,0.9510106,0.07072221,0.9791935890173354
1942.2930977733959,0.93672454,0.06922237,0.9791948064894154
1942.329424961226,0.91583765,0.069094464,0.9791782089737562
1942.3657521490563,0.91481495,0.07030595,0.9791225199347628
1942.4020793368868,1.1092247,0.07472761,0.9790058751929331
1942.438406524717,1.0680759,0.074756116,0.9788129987910065
1942.4747337125475,1.0982198,0.0753025,0.9785507531309295
1942.5110609003777,1.0260581,0.073629014,0.9782439083030077
1942.547388088208,0.961375,0.07080114,0.977929461031404
1942.5837152760384,0.96233696,0.07130931,0.9776412482328171
1942.6200424638687,1.0254248,0.07306983,0.977395633785749
1942.656369651699,1.0394423,0.072673075,0.9771963522875995
1942.6926968395294,1.0167944,0.074228734,0.9770539938127947
1942.7290240273596,1.0422928,0.07615129,0.9769858214846622
1942.7653512151899,0.938492,0.08382451,0.9770078139471163
1942.8016784030203,0.99635166,0.10548652,0.9771403022728058
1942.8380055908506,0.9689839,0.1022518,0.9773921747331659
1942.874332778681,0.9818713,0.103396855,0.9777269470030852
1942.9106599665113,1.0829011,0.105115615,0.9780289534761706
1942.9469871543415,1.0643144,0.10654624,0.978170409488211
1942.983314342172,1.0716994,0.106576964,0.9781210247178471
1943.0196415300022,1.0937477,0.10920725,0.9779659131593443
1943.0559687178325,1.0610166,0.10857209,0.9777900080365456
1943.092295905663,1.0509748,0.10671479,0.9776319715499927
1943.1286230934932,1.0277734,0.105539165,0.977501463074014
1943.1649502813234,1.0416087,0.105053134,0.9774002545426977
1943.2012774691539,1.0745006,0.10686501,0.9773294107426874
1943.237604656984,1.0249243,0.104749575,0.9772910810934088
1943.2739318448143,1.0408952,0.10634525,0.977286815356227
1943.3102590326448,1.0259289,0.10544466,0.9773129351049322
1943.346586220475,0.9611803,0.10233854,0.9773559900706249
1943.3829134083055,1.0465064,0.10626562,0.9774030058907534
1943.4192405961358,1.0081556,0.10335507,0.9774554900918178
1943.455567783966,1.1282034,0.106341325,0.9775228978503363
1943.4918949717965,1.0657809,0.10793294,0.9776138641606978
1943.5282221596267,0.8932768,0.10203294,0.9777324981371424
1943.564549347457,0.9312826,0.10294628,0.9778734671113051
1943.6008765352874,1.0075334,0.10469432,0.9780127945061401
1943.6372037231176,0.99751437,0.10336005,0.9781223078129088
1943.6735309109479,0.9784579,0.10274268,0.978195184086593
1943.7098580987783,1.0047511,0.105130956,0.9782448937555546
1943.7461852866086,1.0661371,0.108103864,0.9782882406016129
1943.782512474439,1.1480173,0.11109874,0.9783333539533315
1943.8188396622693,1.0682329,0.10681724,0.9783810490200828
1943.8551668500995,1.035782,0.106875435,0.9784317693255412
1943.89149403793,1.1719838,0.112153746,0.9784902715418162
1943.9278212257602,1.1536851,0.107208125,0.9785633001750722
1943.9641484135905,0.8971719,0.10039723,0.9786588996571127
1944.000475601421,0.98298854,0.10378458,0.9787834917658891
1944.0368027892512,1.1070703,0.11143506,0.978940262902179
1944.0731299770814,1.0724876,0.10746078,0.9791349054302638
1944.1094571649119,1.0306185,0.10721519,0.9793697516123258
1944.145784352742,0.9437301,0.099068835,0.9796468432813128
1944.1821115405724,0.9018642,0.101485066,0.9799730140449554
1944.2184387284028,0.9785719,0.10550886,0.9803493284358957
1944.254765916233,1.179412,0.1109292,0.9807803486210642
1944.2910931040635,1.0869881,0.10671366,0.9812567631953824
1944.3274202918938,0.9455555,0.10377639,0.981760196373828
1944.363747479724,1.0240605,0.104922816,0.9822641784625332
1944.4000746675545,1.1680255,0.113289356,0.9827211951830525
1944.4364018553847,1.0692102,0.10806352,0.9830883684843098
1944.472729043215,1.1731558,0.1137467,0.9833391064081075
1944.5090562310454,0.9956393,0.102243975,0.9834873787054376
1944.5453834188756,0.9789857,0.10283401,0.9835577550789157
1944.5817106067059,0.85194767,0.09919544,0.9835740565638988
1944.6180377945363,0.9413881,0.101041,0.9835533165712855
1944.6543649823666,1.0408893,0.10956396,0.9835122297894985
1944.690692170197,1.079998,0.11533615,0.9834617264675526
1944.7270193580273,0.9007066,0.13515347,0.9834081967487074
1944.7633465458575,0.8675469,0.45706934,0.9833544727860781
1944.799673733688,,,0.9833008385220355
1944.8360009215182,,,0.9832479638921993
1944.8723281093485,,,0.9831965296055885
1944.908655297179,,,0.9831476503103178
1944.9449824850092,,,0.9831014791006807
1944.9813096728394,,,0.9830547919885926
1945.0176368606699,,,0.9829842779891973
1945.0539640485001,,,0.9827819429631861
1945.0902912363304,,,0.9821808572024544
1945.1266184241608,,,0.9808852652058426
1945.162945611991,,,0.978824633859861
1945.1992727998215,,,0.976276356965996
1945.2355999876518,,,0.9736367545713396
1945.271927175482,,,0.9712098443974614
1945.3082543633125,,,0.9690056049399287
1945.3445815511427,,,0.966956256577705
2004.2208708798519,,,0.88973029653246
2004.256047600327,,,0.8897255579421046
2004.291224320802,,,0.8897306261369003
2004.3264010412772,,,0.8897451038614943
2004.3615777617522,,,0.8897688578810856
2004.3967544822274,,,0.889801916727045
2004.4319312027023,,,0.8898441781179333
2004.4671079231775,,,0.8898964179489043
2004.5022846436525,,,0.8899574258096508
2004.5374613641277,,,0.8900223074526179
2004.5726380846027,,,0.8900787657597019
2004.6078148050779,,,0.8901144206899559
2004.6429915255528,,,0.8901250541634294
2004.678168246028,,,0.8901171020938679
2004.713344966503,,,0.8900994084203574
2004.7485216869782,,,0.8900774705603205
2004.7836984074531,,,0.8900544537654321
2004.8188751279283,,,0.8900306318847547
2004.8540518484033,,,0.8900038757580414
2004.8892285688785,,,0.8899695232032607
2004.9244052893534,,,0.8899228696939258
2004.9595820098286,,,0.8898650802098264
2004.9947587303038,,,0.8898041993764675
2005.0299354507788,,,0.8897464934815602
2005.065112171254,,,0.8896930810368662
2005.100288891729,,,0.8896413582351934
2005.1354656122041,,,0.8895880193192445
2005.170642332679,,,0.8895321871677795
2005.2058190531543,,,0.8894746841348122
2005.2409957736293,,,0.8894145554600469
2005.2761724941045,,,0.8893459666407462
2005.3113492145794,,,0.8892597719434145
2005.3465259350546,,,0.8891560494624412
2005.3817026555296,,,0.8890448860034315
2005.4168793760048,,,0.8889383639378698
2005.4520560964797,,,0.8888416856422608
2005.487232816955,,,0.8887540304115823
2005.52240953743,,,0.8886738598489248
2005.557586257905,,,0.888599789909741
2005.59276297838,,,0.8885318085543606
2005.6279396988552,,,0.8884695057190082
2005.6631164193304,,,0.888412561591496
2005.6982931398054,,,0.8883613898824956
2005.7334698602806,,,0.8883164592940074
2005.7686465807556,,,0.8882777240734189
2005.8038233012308,,,0.8882432654038287
2005.8390000217057,,,0.8882090186912068
2005.874176742181,,,0.8881727186721176
2005.9093534626559,,,0.8881350139930196
2005.944530183131,,,0.8880984932136636
2005.979706903606,,,0.888065084115147
2006.0148836240812,,,0.8880353924509822
2006.0500603445562,,,0.8880088878290481
2006.0852370650314,,,0.8879807898871642
2006.1204137855063,,,0.8879402986426502
2006.1555905059815,,,0.8878750594025802
2006.1907672264565,,,0.8877831413137154
2006.2259439469317,,,0.887678072654171
2006.2611206674067,,,0.8875742107682747
2006.2962973878819,,,0.8874778870265158
2006.3314741083568,,,0.8873852748819169
2006.366650828832,,,0.8872877252683876
2006.4018275493072,,,0.8871762568593109
2006.4370042697822,,,0.8870407542299524
2006.4721809902574,,,0.8868724387474108
2006.5073577107323,,,0.8866697176893394
2006.5425344312075,,,0.8864362028204827
2006.5777111516825,,,0.8861830143898226
2006.6128878721577,,,0.885924664179741
2006.6480645926326,,,0.8856752810598031
2006.6832413131078,,,0.8854408817647965
2006.7184180335828,,,0.8852254506738816
2006.753594754058,,,0.8850303694478916
2006.788771474533,,,0.8848546677145994
2006.8239481950081,,,0.884700024738705
2006.859124915483,,,0.8845674316879051
2006.8943016359583,,,0.8844531398854988
2006.9294783564333,,,0.8843514099038502
2006.9646550769085,,,0.8842533327633368
2006.9998317973834,,,0.8841564533260203
2007.0350085178586,,,0.8840644922377666
2007.0701852383338,,,0.8839811405397031
2007.1053619588088,,,0.8839096758165533
2007.140538679284,,,0.8838520369571355
2007.175715399759,,,0.8838062119762763
2007.2108921202341,,,0.8837700734273181
2007.246068840709,,,0.88374202270292
2007.2812455611843,0.39482704,0.1785746,0.8837216611656218
2007.3164222816592,0.47807938,0.08123225,0.8837041322936868
2007.3515990021344,0.7674399,0.101970434,0.8836794846942114
2007.3867757226094,0.7577206,0.100117505,0.8836411945356026
2007.4219524430846,0.79363096,0.095488295,0.883591818009811
2007.4571291635596,0.6803558,0.09784213,0.8835353791797529
2007.4923058840347,0.7626295,0.09311141,0.8834701880339912
2007.5274826045097,0.60720056,0.09332309,0.8833932763173566
2007.562659324985,0.6425731,0.08826355,0.8833074603687766
2007.5978360454599,0.68196094,0.093009785,0.8832221169869252
2007.633012765935,0.85860944,0.10360246,0.8831474667837494
2007.66818948641,0.7972371,0.09709429,0.8830879887942397
2007.7033662068852,0.6409809,0.092434235,0.8830446583427134
2007.7385429273602,0.647843,0.09314526,0.8830161064726039
2007.7737196478354,0.7917257,0.09996838,0.8830021253583327
2007.8088963683106,0.7389361,0.09758284,0.8830009319847822
2007.8440730887855,0.6198211,0.08919466,0.8830098786878032
2007.8792498092607,0.67064476,0.09039619,0.8830261162516604
2007.9144265297357,0.77837497,0.09666277,0.8830468334118139
2007.9496032502109,0.74242246,0.09791623,0.8830739975686581
2007.9847799706858,0.89303774,0.105336875,0.883111956062679
2008.019956691161,0.65735626,0.0915446,0.8831643053159808
2008.055133411636,0.5616463,0.083833665,0.883236263655776
2008.0903101321112,0.88651764,0.10420391,0.8833308605878645
2008.1254868525862,0.8368995,0.10100024,0.8834458939023786
2008.1606635730614,0.7180482,0.094361946,0.8835724676248539
2008.1958402935363,0.6615724,0.08940989,0.8836969794640664
2008.2310170140115,0.835848,0.10375255,0.8838150587242767
2008.2661937344865,0.6978396,0.09143105,0.8839331382880766
2008.3013704549617,0.6670471,0.090872526,0.8840611307655145
2008.3365471754366,0.7527674,0.09804858,0.8842063334165859
2008.3717238959118,0.7174167,0.09181776,0.8843694677875229
2008.4069006163868,0.66939473,0.08561498,0.8845473687903544
2008.442077336862,0.65455073,0.09237944,0.8847338425175725
2008.477254057337,0.72724104,0.09415272,0.8849174831646014
2008.5124307778121,0.7721901,0.0973961,0.8850855898644049
2008.5476074982873,0.7162075,0.092805706,0.8852239963686739
2008.5827842187623,0.63771176,0.08408046,0.8853272873790311
2008.6179609392375,0.715665,0.0992303,0.8853935197007132
2008.6531376597125,0.6235041,0.088997394,0.8854291650462773
2008.6883143801876,0.89109945,0.103916086,0.885442883819125
2008.7234911006626,0.7127773,0.09036637,0.8854426908093471
2008.7586678211378,0.6641192,0.09259131,0.8854368130324686
2008.7938445416128,0.800837,0.09421831,0.8854294149199281
2008.829021262088,0.81027174,0.100202456,0.885422887219552
2008.864197982563,0.653934,0.091592886,0.8854194693308008
2008.8993747030381,0.6515816,0.084574,0.8854205583222903
2008.934551423513,0.7713816,0.096440814,0.8854269795395557
2008.9697281439883,0.8340631,0.10062861,0.8854388458214386
2009.0049048644632,0.6902957,0.09064784,0.885456872273442
2009.0400815849384,0.8088144,0.097452655,0.885480154116295
2009.0752583054134,0.7967391,0.09794549,0.8855065485463373
2009.1104350258886,0.684154,0.0705327,0.8855341239437879
2009.1456117463636,0.72028905,0.06536772,0.8855632547357841
2009.1807884668387,0.7807504,0.067987815,0.8855966300580109
2009.215965187314,0.74786603,0.06536303,0.8856361848090998
2009.251141907789,0.6979858,0.06462725,0.8856798868278208
2009.286318628264,0.8033887,0.067804776,0.8857238491164056
2009.321495348739,0.87237966,0.0697639,0.8857661893963464
2009.3566720692143,0.7620995,0.06656726,0.8858085793142527
2009.3918487896892,0.79890406,0.067976825,0.8858543834434077
2009.4270255101644,0.7529354,0.065587215,0.8859067162113414
2009.4622022306394,0.76657337,0.06549903,0.8859656002909533
2009.4973789511146,0.7340852,0.065624736,0.8860268032913502
2009.5325556715895,0.7839302,0.06632662,0.8860812354762692
2009.5677323920647,0.77054304,0.067723826,0.886119799538955
2009.6029091125397,0.77664393,0.06729006,0.8861405508192005
2009.6380858330149,0.7293749,0.06557446,0.8861476373725021
2009.6732625534898,0.78775966,0.06556198,0.8861481589710628
2009.708439273965,0.8764521,0.070856065,0.8861475762995615
2009.74361599444,0.80899864,0.06696361,0.8861489131160032
2009.7787927149152,0.810353,0.06899074,0.8861539320649017
2009.8139694353902,0.8276272,0.06751092,0.8861638054746385
2009.8491461558654,0.715584,0.06365324,0.8861792340711083
2009.8843228763403,0.77199256,0.065390974,0.8861983326890959
2009.9194995968155,0.8379271,0.068706594,0.8862169961263247
2009.9546763172907,0.7541154,0.06632827,0.8862317194869789
2009.9898530377657,0.7784023,0.06681371,0.8862422508486616
2010.0250297582409,0.8637801,0.06996032,0.8862507621098317
2010.0602064787158,0.7662246,0.06634138,0.8862592434729921
2010.095383199191,0.72074175,0.06298478,0.886267417984269
2010.130559919666,0.7165557,0.06554456,0.8862743013648197
2010.1657366401412,0.70762765,0.06439062,0.8862797020283022
2010.2009133606161,0.748464,0.06395919,0.8862845604572405
2010.2360900810913,0.7465339,0.064722046,0.8862900109352747
2010.2712668015663,0.80439466,0.06786783,0.8862963896561133
2010.3064435220415,0.7535642,0.06442941,0.8863032945995548
2010.3416202425165,0.8843151,0.07006578,0.8863100704123114
2010.3767969629916,0.8200021,0.0668394,0.8863157290389078
2010.4119736834666,0.7952036,0.0664009,0.8863185146330308
2010.4471504039418,0.78806865,0.06845787,0.8863147091880825
2010.4823271244168,0.74712217,0.066004515,0.8862977316488744
2010.517503844892,0.7267886,0.06389269,0.886262291797858
2010.552680565367,0.7566468,0.06454976,0.8862112915373872
2010.5878572858421,0.81036335,0.06742978,0.8861545905223198
2010.6230340063173,0.87304366,0.069743015,0.8861023734722255
2010.6582107267923,0.83740896,0.06910786,0.8860567361010306
2010.6933874472675,0.8073867,0.06751983,0.8860158215483223
2010.7285641677424,0.8507122,0.06762215,0.8859762867675052
2010.7637408882176,0.83420396,0.06830303,0.8859372992426455
2010.7989176086926,0.75555074,0.05956037,0.8858990225191071
2010.8340943291678,0.70099086,0.050547898,0.885860723280739
2010.8692710496427,0.80742186,0.056162704,0.8858190346339185
2010.904447770118,0.8031669,0.054993346,0.8857648907979503
2010.939624490593,0.7818831,0.053165894,0.8856846508766019
2010.974801211068,0.74337167,0.053225745,0.8855651546200167
2011.009977931543,0.7218587,0.051352575,0.8854106542865492
2011.0451546520183,0.7796929,0.054029487,0.8852353665054593
2011.0803313724932,0.81736386,0.055206593,0.8850562489911162
2011.1155080929684,0.8181447,0.055127643,0.8848718648459215
2011.1506848134434,0.7968844,0.053884108,0.8846511129455149
2011.1858615339186,0.78266203,0.05333363,0.8843568468595822
2011.2210382543935,0.8154592,0.055486552,0.8839623251007248
2011.2562149748687,0.79055285,0.054065257,0.8834841513764548
2011.2913916953437,0.83738524,0.05523895,0.8829699619138361
2011.3265684158189,0.82729983,0.056145687,0.8824737110125846
2011.361745136294,0.80880284,0.054504298,0.8820190601582168
2011.396921856769,0.772213,0.053530432,0.8816100957245272
2011.4320985772442,0.75249547,0.05282823,0.8812390008523625
2011.4672752977192,0.72481805,0.052473433,0.8808998188368237
2011.5024520181944,0.7317419,0.052062433,0.8805855710843651
2011.5376287386694,0.82535625,0.055623755,0.8802920060270956
2011.5728054591445,0.7528485,0.052165464,0.8800119421734927
2011.6079821796195,0.72824764,0.05248779,0.8797348398838569
2011.6431589000947,0.76004386,0.052443374,0.8794365695074421
2011.6783356205697,0.71580344,0.051570762,0.879068103048529
2011.7135123410449,0.80869794,0.053576313,0.8785710057370272
2011.7486890615198,0.8317533,0.056197215,0.8779265412147166
2011.783865781995,0.845714,0.056536786,0.877167660775028
2011.81904250247,0.7711835,0.053536717,0.8763636255747674
2011.8542192229452,0.78878057,0.054033518,0.8755844416335604
2011.8893959434201,0.69595087,0.05076382,0.8748443463247046
2011.9245726638953,0.75840014,0.051875032,0.8741009001049704
2011.9597493843703,0.7392149,0.05370073,0.8733155869059398
2011.9949261048455,0.75978166,0.053086292,0.8724815283691914
2012.0301028253205,0.7473171,0.052640673,0.8716525739056068
2012.0652795457956,0.774404,0.053422585,0.870878488925031
2012.1004562662708,0.7328867,0.050984565,0.8701821739744746
2012.1356329867458,0.7461608,0.052541398,0.8695648575692627
2012.170809707221,0.7774063,0.053683415,0.8690161847738819
2012.205986427696,0.7352874,0.05224464,0.8685258938883618
2012.2411631481712,0.77296317,0.053423528,0.8680904838528143
2012.2763398686461,0.75700533,0.053073127,0.8677067814156972
2012.3115165891213,0.76279205,0.052788727,0.8673740951226583
2012.3466933095963,0.8428228,0.055728786,0.8670920693794459
2012.3818700300715,0.85746604,0.055962566,0.8668587652347239
2012.4170467505464,0.76161486,0.05240091,0.8666752154437971
2012.4522234710216,0.7647117,0.05371259,0.8665433494918557
2012.4874001914966,0.8305565,0.05457217,0.8664574538486479
2012.5225769119718,0.8000854,0.05418688,0.8664106207476491
2012.5577536324467,0.8240321,0.054889157,0.8663912848591412
2012.592930352922,0.7783353,0.053249482,0.866393829425939
2012.628107073397,0.8365438,0.054016504,0.8664236631161418
2012.663283793872,0.7469689,0.052183546,0.866487460167699
2012.698460514347,0.8128531,0.055598937,0.8665902028798568
2012.7336372348223,0.79234046,0.05365725,0.8667350638601017
2012.7688139552974,0.7703435,0.04925686,0.866921401191889
2012.8039906757724,0.7349138,0.045201983,0.8671521262515992
2012.8391673962476,0.7521187,0.045483626,0.8674276058913981
2012.8743441167226,0.77112025,0.045838412,0.8677505853817433
2012.9095208371978,0.8462614,0.049086843,0.8681277202107736
2012.9446975576727,0.7384847,0.044629537,0.8685558429870066
2012.979874278148,0.7630588,0.04545379,0.8690189107230712
2013.0150509986229,0.79119754,0.046449315,0.8695001038372505
2013.050227719098,0.78224516,0.046007782,0.8699909859200906
2013.085404439573,0.8020315,0.0467708,0.8705044517477322
2013.1205811600482,0.7520734,0.045311615,0.8710586671496547
2013.1557578805232,0.75789934,0.04725102,0.8716661048294481
2013.1909346009984,0.7789188,0.045767296,0.8723125542642663
2013.2261113214734,0.830279,0.048234954,0.8729500633016687
2013.2612880419485,0.78175986,0.046196107,0.8735293464712995
2013.2964647624235,0.786497,0.046659984,0.8740236519798787
2013.3316414828987,0.8199159,0.046276767,0.8744530702040779
2013.3668182033737,0.75843585,0.045743175,0.8748544070155296
2013.4019949238489,0.75525576,0.045573533,0.8752633468116466
2013.4371716443238,0.85785115,0.047663786,0.8756944259473595
2013.472348364799,0.827365,0.048019323,0.8761587740974376
2013.5075250852742,0.8281653,0.047389954,0.8766599657278271
2013.5427018057492,0.83752126,0.047501825,0.8772045300709606
2013.5778785262244,0.7935507,0.04723824,0.8778010155936498
2013.6130552466993,0.8169249,0.046867557,0.8784591529324798
2013.6482319671745,0.7974877,0.046927854,0.8791928933547619
2013.6834086876495,0.8560953,0.04797136,0.87999632090515
2013.7185854081247,0.767252,0.046066727,0.8808289498021753
2013.7537621285996,0.8182602,0.047239274,0.8816147588301168
2013.7889388490748,0.8102059,0.0476768,0.8822877177493172
2013.8241155695498,0.8270612,0.04639247,0.8828209975457143
2013.859292290025,0.8071267,0.046993595,0.8832491503666048
2013.8944690105,0.79330266,0.045881994,0.883636173271934
2013.9296457309752,0.83111507,0.047504485,0.8840172139078981
2013.9648224514501,0.8349626,0.04792162,0.8843704228946225
2013.9999991719253,0.80798286,0.04701397,0.8846434576039243
2014.0351758924003,0.82885027,0.04740262,0.8848058456594763
2014.0703526128755,0.82202697,0.047320887,0.8848768083342489
2014.1055293333504,0.823057,0.04705062,0.8848915370501396
2014.1407060538256,0.81148,0.047692697,0.8848823051504527
2014.1758827743008,0.82278097,0.047281407,0.8848627462135376
2014.2110594947758,0.7897294,0.04691333,0.8848380560771768
2014.246236215251,0.78114897,0.045807358,0.8848107073556144
2014.281412935726,0.89002585,0.048498023,0.8847817109795219
2014.3165896562011,0.85975945,0.04774135,0.884751251973238
2014.351766376676,0.8121239,0.04625558,0.8847197186950303
2014.3869430971513,0.9285295,0.05072604,0.8846877948667626
2014.4221198176263,0.882625,0.048760615,0.8846563421472127
2014.4572965381014,0.8948909,0.04897682,0.8846259926267684
2014.4924732585764,0.8766318,0.048619714,0.8845964637296138
2014.5276499790516,0.86342376,0.047839403,0.8845669474068386
2014.5628266995266,0.8413184,0.047546305,0.8845357416619748
2014.5980034200018,0.86252487,0.048610307,0.884500250513331
2014.6331801404767,0.911389,0.048866846,0.8844567920141189
2014.668356860952,0.8920025,0.048952524,0.8843975066497141
2014.7035335814269,0.86662686,0.048063025,0.8843064564533626
2014.738710301902,0.8849232,0.04907131,0.8841481688679836
2014.773887022377,0.8635575,0.048171494,0.8838599853466284
2014.8090637428522,0.8455235,0.047567207,0.8833397540034252
2014.8442404633272,0.89351404,0.04986471,0.8823744153084074
2014.8794171838024,0.84494865,0.047801215,0.8807458114247512
2014.9145939042776,0.8204902,0.04633115,0.8783198913400182
2014.9497706247525,0.8367205,0.048464473,0.875108530840412
2014.9849473452277,0.9031189,0.049284577,0.8712783919673611
2015.0201240657027,0.89824843,0.049022604,0.8670238847941962
2015.055300786178,0.86195296,0.04834461,0.8626429235704622
2015.0904775066529,0.9134132,0.04984262,0.858399846415586
2015.125654227128,0.88721627,0.04846787,0.854456332864739
2015.160830947603,0.84223515,0.04853607,0.8508190377019186
2015.1960076680782,0.7963424,0.046421792,0.847476450801892
2015.2311843885532,0.9157005,0.049035806,0.8444031956231349
2015.2663611090284,0.8699804,0.04855137,0.841563996218754
2015.3015378295033,0.8726521,0.04890852,0.8389415718564835
2015.3367145499785,0.8459288,0.04705406,0.8365061517469208
2015.3718912704535,0.877553,0.04804122,0.8342397371418362
2015.4070679909287,0.90470433,0.05081635,0.8321261940873538
2015.4422447114036,0.876801,0.048518017,0.8301404167446156
2015.4774214318788,0.8361735,0.04825223,0.8282857132313628
2015.5125981523538,0.82071817,0.04675614,0.8265541197321765
2015.547774872829,0.8118996,0.047092713,0.8249592230051421
2015.582951593304,0.87895,0.048805114,0.8235123052880706
2015.6181283137792,0.91129863,0.049357194,0.822203035487489
2015.6533050342543,0.84532225,0.048557546,0.821029855249289
2015.6884817547293,0.82732177,0.04752606,0.8199890969696817
2015.7236584752045,0.86784726,0.048268054,0.8190719221861339
2015.7588351956795,0.9015212,0.04964957,0.81827811871936
2015.7940119161547,0.9007623,0.04878182,0.8175835316886246
2015.8291886366296,0.8671553,0.048978,0.8169586865600649
2015.8643653571048,0.829953,0.04782515,0.8163748476604478
2015.8995420775798,0.943789,0.050747603,0.8158334409027276
2015.934718798055,0.8793314,0.04849963,0.8153783080868725
2015.96989551853,0.8802175,0.048806097,0.8150550938865209
2016.0050722390051,0.8678292,0.048340257,0.8148808161435281
2016.04024895948,0.83206797,0.0478731,0.8148615891806077
2016.0754256799553,0.83211684,0.047333725,0.8149833399814085
2016.1106024004303,0.8564562,0.047899783,0.8152443973758177
2016.1457791209054,0.8224657,0.04748967,0.8156439373463228
2016.1809558413804,0.8072921,0.047146294,0.816174730279509
2016.2161325618556,0.8666739,0.048078652,0.8168466781682215
2016.2513092823306,0.85848516,0.04802787,0.8176529385956158
2016.2864860028058,0.7996703,0.04667145,0.8185925844853917
2016.321662723281,0.8374072,0.04759118,0.8196691719659192
2016.356839443756,0.81264037,0.047095213,0.8208738678784446
2016.392016164231,0.7867879,0.04655816,0.822225224155095
2016.427192884706,0.8150311,0.047288124,0.8237246851181155
2016.4623696051813,0.81606096,0.04680377,0.8253746794525184
2016.4975463256562,0.8821298,0.048452523,0.8271855011493596
2016.5327230461314,0.8097157,0.04702163,0.82915971293565
2016.5678997666064,0.8716948,0.048989262,0.8313100803939009
2016.6030764870816,0.9051477,0.048989534,0.8336461924104698
2016.6382532075565,0.9067217,0.04890338,0.8361667430994838
2016.6734299280317,0.84698015,0.04819407,0.8389185553480087
2016.7086066485067,0.88357896,0.04824432,0.8419116005331053
2016.743783368982,0.96491855,0.0510855,0.8451754538489298
2016.7789600894569,0.87176883,0.049707014,0.8487379609813316
2016.814136809932,0.9162417,0.04973028,0.852635889532947
2016.849313530407,0.85563946,0.048275564,0.856853374844977
2016.8844902508822,0.915684,0.049774133,0.8612255289459665
2016.9196669713572,0.9341091,0.04980289,0.8655082689164182
2016.9548436918324,0.88358605,0.0485709,0.8693730813930638
2016.9900204123073,0.9563402,0.050737385,0.8726255864873727
2017.0251971327825,0.9174769,0.049499255,0.875120360316511
2017.0603738532577,0.91475445,0.049830064,0.8768352444439612
2017.0955505737327,0.9268059,0.050057832,0.8779049727874658
2017.1307272942079,0.94402885,0.050377533,0.8785260184724114
2017.1659040146828,0.9192561,0.049305502,0.8789109760429553
2017.201080735158,0.92828315,0.050157476,0.8791640735614648
2017.236257455633,0.9405053,0.050629225,0.8793491724565615
2017.2714341761082,0.9025216,0.049444705,0.8795094708808411
2017.3066108965832,0.9100831,0.049039856,0.8796656939477107
2017.3417876170583,0.9648522,0.051488385,0.8798291761097344
2017.3769643375333,0.9329642,0.050009124,0.8800057614764949
2017.4121410580085,0.9449879,0.050219465,0.8801974714092085
2017.4473177784835,0.9211215,0.05014978,0.8803980051835022
2017.4824944989587,0.89750814,0.049833376,0.8805926587584273
2017.5176712194336,0.93163526,0.049934585,0.8807699409939598
2017.5528479399088,0.98731875,0.051547512,0.8809334358957749
2017.5880246603838,0.9801997,0.05091836,0.8810925533071259
2017.623201380859,0.9171872,0.04860502,0.8812582139823499
2017.658378101334,0.878161,0.049825117,0.8814373315921338
2017.6935548218091,0.9035629,0.049869634,0.8816335764673146
2017.728731542284,0.9778269,0.051179502,0.8818507937818512
2017.7639082627593,0.91188055,0.049324766,0.8820932733936332
2017.7990849832345,0.99428385,0.051494863,0.8823676528266949
2017.8342617037094,0.9162751,0.049352296,0.8826697253917846
2017.8694384241846,0.9197793,0.049900386,0.8829695824860423
2017.9046151446596,0.94015086,0.050316326,0.8832199547169495
2017.9397918651348,0.87540674,0.048257466,0.8833851200306307
2017.9749685856098,0.9182124,0.04990844,0.8834751741138436
2018.010145306085,0.92193,0.049864,0.883522732952989
2018.04532202656,0.9249635,0.050021835,0.8835544375949871
2018.080498747035,0.91916823,0.050568894,0.883583876382638
2018.11567546751,0.870988,0.048152655,0.8836158783616228
2018.1508521879853,0.96275175,0.050163656,0.8836501956022899
2018.1860289084602,0.928739,0.04979913,0.8836855608986864
2018.2212056289354,0.97456443,0.05123549,0.8837204491649252
2018.2563823494104,0.982673,0.05150924,0.8837551563025134
2018.2915590698856,0.86034125,0.04873035,0.8837902292067957
2018.3267357903605,0.9465375,0.050078873,0.8838244162065823
2018.3619125108357,0.9208453,0.04969384,0.8838539435748282
2018.3970892313107,0.9224397,0.049797572,0.8838762494844261
2018.432265951786,0.9195611,0.049556527,0.8838922487133375
2018.467442672261,0.9661096,0.051097464,0.8839047789629428
2018.502619392736,0.9684225,0.05087924,0.8839156103036402
2018.5377961132112,0.88035333,0.04889905,0.8839254815421198
2018.5729728336862,0.9260731,0.05039399,0.8839348416378645
2018.6081495541614,0.926042,0.049962774,0.8839431606246346
2018.6433262746364,0.896425,0.049279086,0.8839498445683373
2018.6785029951116,0.916531,0.05014766,0.8839547552189425
2018.7136797155865,0.9057772,0.049563903,0.883958397178779
2018.7488564360617,0.8757497,0.048959043,0.8839602470296994
2018.7840331565367,0.83758855,0.0475403,0.8839593332517871
2018.8192098770119,0.9574373,0.0509055,0.8839563970792216
2018.8543865974868,0.9100103,0.048888527,0.8839521250737558
2018.889563317962,0.907712,0.049642753,0.8839465998109182
2018.924740038437,0.9391222,0.0511698,0.8839399266743054
2018.9599167589122,0.8948469,0.04931275,0.8839319984948282
2018.9950934793872,0.96190333,0.051420283,0.8839230623448452
2019.0302701998623,0.8820216,0.048966076,0.8839136485710737
2019.0654469203373,0.92420053,0.049538553,0.8839041914708157
2019.1006236408125,1.0287303,0.05228429,0.8838946365624869
2019.1358003612875,0.9490454,0.05043919,0.8838850363051883
2019.1709770817627,0.97926676,0.05254039,0.8838752453687919
2019.2061538022378,1.0058407,0.052535288,0.8838650202190664
2019.2413305227128,0.98764646,0.0516711,0.88385442201172
2019.276507243188,0.9745975,0.0515815,0.8838429234163555
2019.311683963663,0.9778204,0.050853692,0.8838301549613691
2019.3468606841382,0.9361169,0.050160203,0.8838160492956716
2019.3820374046131,0.9286157,0.050847955,0.8838008115236379
2019.4172141250883,0.99071115,0.051255077,0.883784834859192
2019.4523908455633,0.9438217,0.05063815,0.8837681276843697
2019.4875675660385,0.94914526,0.05066814,0.8837499404360877
2019.5227442865134,0.9293219,0.05028759,0.8837294394233511
2019.5579210069886,0.90161175,0.049784876,0.8837073288399732
2019.5930977274636,0.9058921,0.049738735,0.8836844783776185
2019.6282744479388,0.91973966,0.049979966,0.883661703836149
2019.6634511684138,0.88427955,0.04907357,0.8836354910357338
2019.698627888889,0.90046084,0.04925466,0.8835985726914432
2019.733804609364,0.8785306,0.0489192,0.8835481638351775
2019.768981329839,0.9487651,0.050409526,0.8834910931520518
2019.804158050314,1.0060706,0.051710412,0.883438796514141
2019.8393347707893,1.0525247,0.052941665,0.883396710356043
2019.8745114912645,0.9961065,0.051342946,0.8833641030072081
2019.9096882117394,0.9432934,0.05106896,0.8833368729877392
2019.9448649322146,0.9080372,0.050000798,0.8833126683426963
2019.9800416526896,0.94066423,0.050363675,0.8832897774628258
2020.0152183731648,0.853895,0.048145875,0.8832659987510896
2020.0503950936397,0.8244449,0.04712909,0.8832387938020616
2020.085571814115,0.8331552,0.047961075,0.8832064589358237
2020.12074853459,0.89933527,0.04920827,0.8831700062542381
2020.155925255065,0.9483084,0.050091993,0.8831333855218948
2020.19110197554,0.9282582,0.04993174,0.8831004248261474
2020.2262786960152,0.9413305,0.05034359,0.8830726675795492
2020.2614554164902,0.90547025,0.04999284,0.883048610661158
2020.2966321369654,0.88141197,0.048914377,0.8830271592188786
2020.3318088574404,0.87026256,0.048849877,0.8830076313280738
2020.3669855779156,0.8983833,0.04999074,0.8829895107949224
2020.4021622983905,0.96097964,0.050339118,0.8829724621833274
2020.4373390188657,0.88714784,0.048994675,0.8829558562616819
2020.4725157393407,0.9394487,0.050637346,0.882939400832647
2020.5076924598159,0.9027856,0.04930038,0.8829234358544261
2020.5428691802908,0.9448903,0.050522286,0.8829087115762695
2020.578045900766,0.9059758,0.050034553,0.8828955920428003
2020.6132226212412,0.93596226,0.049829066,0.8828838309668984
2020.6483993417162,0.95062184,0.0508687,0.8828728964265727
2020.6835760621914,0.84782153,0.04814462,0.882862844121913
2020.7187527826663,0.92038834,0.049908817,0.8828540975529273
2020.7539295031415,0.92445153,0.04988226,0.8828471437421588
2020.7891062236165,0.88887006,0.048721682,0.8828419626248828
2020.8242829440917,0.9090367,0.04963386,0.8828386278503854
2020.8594596645667,0.9260254,0.050042942,0.8828372917129473
2020.8946363850418,0.9306708,0.050334815,0.8828378005863969
2020.9298131055168,0.9423256,0.051208258,0.882840062414069
2020.964989825992,0.9111253,0.049830765,0.8828436989090285
2021.000166546467,0.8924097,0.049427286,0.8828481270687806
2021.0353432669422,0.8663105,0.04801365,0.8828533770397835
2021.0705199874171,0.8915697,0.049546044,0.8828604372316471
2021.1056967078923,0.8143239,0.047090575,0.8828698894014528
2021.1408734283673,0.94174063,0.049764168,0.8828814195032954
2021.1760501488425,0.9548741,0.051108297,0.8828942609508352
2021.2112268693174,0.9756888,0.05078607,0.8829082063001563
2021.2464035897926,1.0211483,0.05241576,0.8829235131719045
2021.2815803102676,0.9460231,0.051197223,0.8829405961615849
2021.3167570307428,0.9095497,0.049942326,0.8829592486907138
2021.351933751218,0.9189186,0.050056946,0.8829791455741646
2021.387110471693,0.91995275,0.05007944,0.8829999293312698
2021.4222871921681,0.9137819,0.04954985,0.8830216373029557
2021.457463912643,0.89535326,0.04880042,0.8830444346783186
2021.4926406331183,0.9840759,0.05113314,0.883068921400219
2021.5278173535933,0.9424991,0.04983621,0.8830947359996941
2021.5629940740685,0.97284144,0.051611777,0.8831211342246681
2021.5981707945434,0.9613786,0.051311854,0.8831485542858424
2021.6333475150186,0.9007824,0.04978283,0.8831782377660669
2021.6685242354936,0.9848612,0.051568776,0.8832140653807056
2021.7037009559688,0.9737358,0.050733756,0.8832551661468917
2021.7388776764437,0.91873676,0.050150033,0.8832937198374187
2021.774054396919,0.90957004,0.04981677,0.883319968978509
2021.809231117394,0.94317925,0.050506018,0.88333257415397
2021.844407837869,0.9347426,0.05022855,0.8833384791920371
2021.879584558344,0.8992329,0.049362306,0.8833456126768962
2021.9147612788192,0.9495861,0.05027556,0.8833569957714096
2021.9499379992942,0.8776612,0.04903734,0.8833720842045681
2021.9851147197694,0.92746794,0.04980117,0.8833900354579795
2022.0202914402446,0.9912577,0.051495563,0.8834110408021729
2022.0554681607196,0.9663292,0.05109149,0.8834346491703546
2022.0906448811947,0.9185413,0.049089763,0.8834591094966879
2022.1258216016697,0.95962536,0.05007095,0.8834816421240627
2022.160998322145,0.9059209,0.050207376,0.8835000106550026
2022.1961750426199,0.8933059,0.049438726,0.883513311184711
2022.231351763095,0.93364394,0.049841505,0.8835230777576293
2022.26652848357,0.96955097,0.051604547,0.8835307306427087
2022.3017052040452,0.8853635,0.0485913,0.8835379525388307
2022.3368819245202,0.9326109,0.04999763,0.8835463574916999
2022.3720586449954,0.99827814,0.05159711,0.8835564064360261
2022.4072353654703,0.9304173,0.050189193,0.8835678765847021
2022.4424120859455,0.98401433,0.05135984,0.8835806005707073
2022.4775888064205,0.9376675,0.050412048,0.8835940600533924
2022.5127655268957,0.91821194,0.0505162,0.8836075677786956
2022.5479422473707,0.8866673,0.04880684,0.8836208475660536
2022.5831189678458,0.91885465,0.05003449,0.8836344638032915
2022.6182956883208,0.95783836,0.051196292,0.8836485402814926
2022.653472408796,1.0233823,0.051946077,0.8836623489312964
2022.6886491292712,0.9758003,0.051612984,0.8836748592315502
2022.7238258497462,0.99721986,0.0513497,0.8836858915750146
2022.7590025702214,0.86835885,0.04871459,0.8836961070714923
2022.7941792906963,0.87853175,0.04841192,0.883705832454875
2022.8293560111715,0.90115833,0.04953845,0.8837152435958463
2022.8645327316465,0.9239934,0.049696915,0.8837246493786586
2022.8997094521217,0.8980117,0.04918414,0.8837339362129124
2022.9348861725966,0.95017576,0.049884934,0.8837430613341001
2022.9700628930718,0.98350126,0.051480785,0.883751989552456
2023.0052396135468,0.9376979,0.050469838,0.8837603091208742
2023.040416334022,0.87708896,0.049045593,0.8837678819476504
2023.075593054497,0.9792273,0.05163232,0.8837742521076417
2023.1107697749721,0.98054135,0.050907325,0.8837803799772053
2023.145946495447,0.9812397,0.051308714,0.8837866392504854
2023.1811232159223,1.0196846,0.05224397,0.883793738019526
2023.2162999363973,0.93475825,0.050085437,0.8838016433077822
2023.2514766568725,0.8923264,0.048874695,0.8838099504123301
2023.2866533773474,0.971757,0.05054259,0.8838186897800844
2023.3218300978226,0.9899439,0.05198244,0.8838278185591995
2023.3570068182976,0.9744261,0.05138812,0.8838372168044798
2023.3921835387728,0.8851537,0.048495594,0.8838468720849273
2023.427360259248,0.9046298,0.04960596,0.8838567479824994
2023.462536979723,0.9055187,0.049758546,0.8838665872801899
2023.4977137001981,0.9273072,0.050438154,0.8838762078105603
2023.532890420673,1.0069169,0.052048944,0.8838856082446268
2023.5680671411483,1.0552003,0.05302836,0.8838956532192652
2023.6032438616232,1.0020179,0.051878035,0.8839063567667602
2023.6384205820984,0.93152606,0.050306015,0.8839172696657223
2023.6735973025734,0.98836315,0.05196788,0.8839280452023608
2023.7087740230486,0.9745863,0.05123719,0.8839381649173043
2023.7439507435236,0.9618313,0.0509604,0.8839466959912791
2023.7791274639987,0.9081573,0.04959515,0.8839513294524611
2023.8143041844737,0.9881905,0.05117436,0.8839487243613854
2023.849480904949,0.9721364,0.051120486,0.8839366985994668
2023.8846576254239,0.93620306,0.050244853,0.8839134621343074
2023.919834345899,0.9277593,0.049156766,0.8838780098939509
2023.955011066374,0.90617454,0.04971719,0.8838314161094964
2023.9901877868492,0.89747953,0.050048288,0.8837782282653098
2024.0253645073242,0.9066076,0.049083605,0.8837255761472339
2024.0605412277994,0.9790901,0.05145674,0.8836784065050154
2024.0957179482743,0.9756704,0.050944548,0.8836374417558669
2024.1308946687495,0.9234034,0.049626235,0.8836015227129406
2024.1660713892247,0.9350757,0.050302923,0.8835692245808519
2024.2012481096997,0.87018156,0.049009982,0.8835385703032591
2024.2364248301749,0.86177856,0.04841666,0.883508178021342
2024.2716015506498,0.94758195,0.0502452,0.88347720305059
2024.306778271125,0.91044176,0.049696833,0.8834464576982265
2024.3419549916,0.91448367,0.049618665,0.8834174343699528
2024.3771317120752,0.96331596,0.05045225,0.8833915907485829
2024.4123084325502,0.9507095,0.05092613,0.8833695021531991
2024.4474851530254,0.9902441,0.05246072,0.8833507868815222
2024.4826618735003,0.9747816,0.05056619,0.8833350435211541
2024.5178385939755,0.9786045,0.0517553,0.8833223760105969
2024.5530153144505,0.95776266,0.050904077,0.8833121017447919
2024.5881920349257,0.972907,0.050960544,0.8833031459089501
2024.6233687554006,0.99049085,0.051199332,0.883295143686583
2024.6585454758758,0.9339208,0.05058154,0.8832889361418302
2024.6937221963508,0.95566523,0.05069085,0.883284675063907
2024.728898916826,0.8915159,0.04820112,0.8832823236402679
2024.764075637301,0.8911178,0.04938719,0.8832832148476489
2024.7992523577761,0.919473,0.049912874,0.8832872926932249
2024.834429078251,0.89038926,0.04954241,0.8832939682630867
2024.8696057987263,0.97468716,0.051883116,0.8833030821923172
2024.9047825192015,0.89007056,0.04854831,0.8833140602844602
2024.9399592396765,0.92370373,0.049397748,0.8833267615174717
2024.9751359601516,0.89663047,0.049621083,0.8833409050052757
2025.0103126806266,0.92123604,0.050124966,0.883356589034812
2025.0454894011018,0.94468176,0.050349895,0.8833733753027811
2025.0806661215768,0.9785948,0.05169897,0.8833913426311972
2025.115842842052,0.9522483,0.04989837,0.8834110585057573
2025.151019562527,0.9073354,0.05012556,0.8834321851416052
2025.1861962830021,0.89007336,0.048979446,0.8834544336917337
2025.221373003477,0.9459437,0.05027237,0.8834776524723869
2025.2565497239523,0.9087832,0.050349887,0.8835018836072651
2025.2917264444272,0.90467244,0.04934479,0.8835277017550803
2025.3269031649024,0.91777796,0.049990866,0.8835550856866055
2025.3620798853774,0.8830588,0.0492328,0.8835849987223298
2025.3972566058526,0.9204862,0.049647484,0.8836175769004149
2025.4324333263276,0.8947254,0.049723513,0.883651455585727
2025.4676100468027,0.9547952,0.05081172,0.8836853643677742
2025.5027867672777,0.90566725,0.04960244,0.8837190135472066
2025.537963487753,0.8514452,0.04812083,0.8837533344141132
2025.573140208228,0.8618988,0.048495296,0.8837903418195829
2025.608316928703,0.93827355,0.04998301,0.883831723278889
2025.6434936491783,0.90641177,0.04887803,0.8838772264570874
2025.6786703696532,0.8947509,0.049261473,0.883926092625301
2025.7138470901284,0.86130565,0.04829546,0.8839787521472797
2025.7490238106034,0.9587501,0.05100751,0.8840358955362948
2025.7842005310786,0.8389795,0.048426878,0.8840983313849042
2025.8193772515535,0.8711604,0.048449773,0.8841654130716079
2025.8545539720287,0.9498678,0.050540414,0.8842350734994375
2025.8897306925037,0.90651476,0.04955715,0.8843040040318169
2025.9249074129789,0.9061346,0.049438667,0.8843688020302549
2025.9600841334538,0.9328893,0.049978167,0.884425182968501
2025.995260853929,0.86410433,0.048365038,0.884468669145889
2026.030437574404,0.77484214,0.04609278,0.8844975042130933
2026.0656142948792,0.7407309,0.045566056,0.8845160229268003
2026.1007910153542,0.6924807,0.044035733,0.8845291427617972
2026.1359677358294,0.63689667,0.04282903,0.8845410409488901
2026.1711444563043,0.5721238,0.04067701,0.8845533988069217
2026.2063211767795,0.5155324,0.038625225,0.8845670130933277
2026.2414978972547,0.5497236,0.040086567,0.8845816543896803
2026.2766746177297,0.6289643,0.041499455,0.8845959817793865
2026.3118513382049,0.70525646,0.044145923,0.8846085745916188
2026.3470280586798,0.8242827,0.048744973,0.8846190989643201
2026.382204779155,0.8067269,0.047673564,0.8846291687537753
2026.41738149963,0.7969732,0.04618554,0.8846408003976823
2026.4525582201052,0.76303643,0.046008866,0.8846542538064653
2026.4877349405801,0.75918615,0.045933284,0.8846695885093365
2026.5229116610553,0.7538838,0.04527179,0.8846866480964748
2026.5580883815303,0.8508464,0.048155874,0.8847060758185411
2026.5932651020055,0.7825134,0.04588039,0.8847274859895891
2026.6284418224805,0.8403629,0.04701023,0.884748649994409
2026.6636185429556,0.86704206,0.04920395,0.884767000955032
2026.6987952634306,0.83318204,0.04804218,0.8847824000332929
2026.7339719839058,0.85703135,0.04840975,0.8847950846238245
2026.7691487043808,0.8428734,0.04828673,0.8848058169972924
2026.804325424856,0.89865553,0.04881405,0.88481583904491
2026.839502145331,0.9188106,0.050123516,0.8848254015641995
2026.8746788658061,0.8611047,0.048155397,0.8848346568737319
2026.909855586281,0.83713406,0.047952395,0.8848442216626348
2026.9450323067563,0.8586954,0.048783913,0.8848543725515365
2026.9802090272315,0.8949794,0.048659023,0.8848649192393205
2027.0153857477064,0.8917283,0.04939592,0.8848757048053876
2027.0505624681816,0.84556895,0.04849999,0.8848868921550483
2027.0857391886566,0.8456088,0.048306555,0.8848976016836112
2027.1209159091318,0.86823684,0.049142867,0.8849078458528203
2027.1560926296067,0.8925826,0.0488304,0.8849182065252014
2027.191269350082,0.90689653,0.049374614,0.8849294536710115
2027.226446070557,0.8943709,0.049149487,0.8849412230612752
2027.261622791032,0.96756935,0.05134216,0.8849526969157487
2027.296799511507,0.922229,0.050258085,0.8849610371384403
2027.3319762319823,0.91991854,0.049924005,0.8849549850126358
2027.3671529524572,0.87852263,0.048371077,0.8849072432322227
2027.4023296729324,0.8564254,0.048081394,0.8847910193411905
2027.4375063934074,0.9032269,0.048886485,0.8846002775570266
2027.4726831138826,0.8791051,0.0489907,0.8843751410368585
2027.5078598343575,0.83400005,0.047892693,0.8841576283084773
2027.5430365548327,0.8501894,0.04823238,0.8839680439579006
2027.5782132753077,0.8957394,0.049499378,0.8838040757098063
2027.6133899957829,0.8595166,0.04826079,0.8836605551582659
2027.6485667162578,0.8601136,0.04867199,0.8835322746782626
2027.683743436733,0.7958681,0.046802398,0.8834161901200519
2027.7189201572082,0.8192487,0.046997406,0.8833095301607218
2027.7540968776832,0.8290408,0.04750328,0.883210950539986
2027.7892735981584,0.80255795,0.04619736,0.8831208986806445
2027.8244503186334,0.71922714,0.044891253,0.8830391484731281
2027.8596270391085,0.67195183,0.043423537,0.8829657170171457
2027.8948037595835,0.50545543,0.038131993,0.8828996140668759
2027.9299804800587,0.40614408,0.035309363,0.8828402907561954
2027.9651572005337,0.38696375,0.03416761,0.8827877419435982
2028.0003339210089,0.43686008,0.036448948,0.8827413642553537
2028.0355106414838,0.41737875,0.03576825,0.8827007428107237
2028.070687361959,0.48564792,0.037770107,0.882664672497438
2028.105864082434,0.6252897,0.041999266,0.8826301580056277
2028.1410408029092,0.7635674,0.046272222,0.8825904322314098
2028.1762175233841,0.7019458,0.044658028,0.8825404662803534
2028.2113942438593,0.6949157,0.04340178,0.8824816862235533
2028.2465709643343,0.6970378,0.04380309,0.8824231254558637
2028.2817476848095,0.66082066,0.04332836,0.882372253645746
2028.3169244052845,0.62494224,0.04208148,0.8823324675899344
2028.3521011257596,0.6708703,0.04346456,0.882302446779326
2028.3872778462346,0.72243243,0.044731945,0.8822797709493385
2028.4224545667098,0.77172023,0.04603287,0.8822632337680456
2028.457631287185,0.8487979,0.048367783,0.8822534223730275
2028.49280800766,0.9059623,0.04972252,0.8822510327524735
2028.5279847281352,0.8591503,0.048303913,0.882256126449433
2028.5631614486101,0.8340893,0.04782539,0.8822690163882055
2028.5983381690853,0.85376227,0.048288107,0.882290112698094
2028.6335148895603,0.90373147,0.04938922,0.8823196569280622
2028.6686916100355,0.93041533,0.04960527,0.8823574653608832
2028.7038683305104,0.8476051,0.047896843,0.8824016727093785
2028.7390450509856,0.8641652,0.04915468,0.8824514566187838
2028.7742217714606,0.88317084,0.049619436,0.8825070700802548
2028.8093984919358,0.8921238,0.04940359,0.88256846240343
2028.8445752124107,0.7914464,0.04662234,0.8826353164667509
2028.879751932886,0.82087874,0.046395965,0.8827068058025206
2028.914928653361,0.9148493,0.049755905,0.8827820980724717
2028.950105373836,0.91934454,0.05073759,0.8828622806423687
2028.985282094311,0.80095327,0.04702604,0.8829477662485617
2029.0204588147863,0.8270131,0.051784687,0.8830381766395667
2029.0556355352612,0.8368125,0.055178437,0.8831316895257869
2029.0908122557364,0.8580144,0.056078725,0.8832162085622279
2029.1259889762116,0.8895371,0.05730172,0.8832351059087249
2029.1611656966866,0.91864324,0.05791421,0.8830254282780018
2029.1963424171618,0.94319206,0.05907866,0.882259682277647
2029.2315191376367,0.9284658,0.05334241,0.8807602759646571
2029.266695858112,0.84502876,0.048095915,0.8785769848814562
2029.3018725785869,0.9014098,0.049089063,0.8759647336494312
2029.337049299062,0.897404,0.049360014,0.8733178945426981
2029.372226019537,0.88170373,0.04904569,0.8709462193003601
2029.4074027400122,0.8234284,0.047222495,0.868911598568929
2029.4425794604872,0.92208284,0.050214663,0.8671049066638494
2029.4777561809624,0.9508311,0.050360918,0.8654273518876682
2029.5129329014374,0.8923953,0.049322136,0.8638171605421977
2029.5481096219125,0.8847728,0.049205657,0.8622931439925916
2029.5832863423875,0.8785777,0.048819833,0.8608555144828417
2029.6184630628627,0.8456698,0.047563758,0.8595232546476116
2029.6536397833377,0.89308923,0.049211312,0.8582844493490249
2029.6888165038129,0.95402193,0.05093042,0.8571402094090557
2029.7239932242878,0.89749,0.048990957,0.856082116474332
2029.759169944763,0.9117854,0.050332963,0.8551075857454238
2029.7943466652382,0.924291,0.049732793,0.8542086388777423
2029.8295233857132,0.8944415,0.049446505,0.8533890459367899
2029.8647001061884,0.9182391,0.050086774,0.8526397743970576
2029.8998768266633,0.9034386,0.049156778,0.8519692133682333
2029.9350535471385,0.9367047,0.051008537,0.8513690164456339
2029.9702302676135,0.8793704,0.049086228,0.8508400466823225
2030.0054069880887,0.8778475,0.04898609,0.8503831066748588
2030.0405837085636,0.9435934,0.050231565,0.8499951699197845
2030.0757604290388,0.8360903,0.047857095,0.8496811688218008
2030.1109371495138,0.8538804,0.047466576,0.8494363494106226
2030.146113869989,0.8530542,0.047778163,0.8492646505862718
2030.181290590464,0.88706315,0.04921462,0.8491599712021519
2030.2164673109392,0.8910945,0.04937507,0.849112727290221
2030.2516440314141,0.89395434,0.049924284,0.8491175730145744
2030.2868207518893,0.87791884,0.049021915,0.8491719620224427
2030.3219974723643,0.8914876,0.04931675,0.8492835349911885
2030.3571741928395,0.84420824,0.048276886,0.8494571329430707
2030.3923509133144,0.85111356,0.04879874,0.8496952013391038
2030.4275276337896,0.9041933,0.049412355,0.850000564686665
2030.4627043542646,0.88969254,0.048808645,0.8503711197952675
2030.4978810747398,0.84485805,0.04819421,0.8508070650293607
2030.533057795215,0.83260477,0.04832846,0.8513096150615018
2030.56823451569,0.8737273,0.04902966,0.85187927524947
2030.6034112361651,0.8842212,0.048967626,0.852517596592655
2030.63858795664,0.890028,0.049287364,0.8532239276696193
2030.6737646771153,0.8238749,0.04734566,0.8540046630619731
2030.7089413975903,0.90147436,0.049336758,0.8548550418212715
2030.7441181180654,0.9458521,0.050875314,0.8557821199948326
2030.7792948385404,0.8493503,0.04805601,0.8567851333497697
2030.8144715590156,0.9360427,0.050149776,0.8578656308343465
2030.8496482794906,0.85956943,0.050226156,0.8590336909474141
2030.8848249999658,0.87202996,0.05725166,0.8602866318783842
2030.9200017204407,0.85102063,0.05677037,0.8616291195710137
2030.955178440916,0.8975178,0.05823867,0.86307145660289
2030.9903551613909,0.8619335,0.056099173,0.8646237116299222
2031.025531881866,0.828402,0.05301937,0.8662935810915788
2031.060708602341,0.9001247,0.049196854,0.868101063503822
2031.0958853228162,0.9117628,0.048811324,0.8700837402334591
2031.1310620432912,0.83367664,0.047505353,0.872286607554746
2031.1662387637664,0.86182827,0.049487863,0.8747764019237224
2031.2014154842414,0.91493833,0.05048073,0.8775725335195961
2031.2365922047165,0.85877013,0.04886558,0.8804540515111396
2031.2717689251917,0.8935593,0.04894505,0.8830230412820753
2031.3069456456667,0.8998002,0.04885087,0.8849587366940774
2031.342122366142,0.8836342,0.04893902,0.886154854595959
2031.3772990866169,0.8889023,0.049032085,0.8866778489410154
2031.412475807092,0.90214336,0.049524095,0.8868479119417283
2031.447652527567,0.8363423,0.048158083,0.8868941445036223
2031.4828292480422,0.8908475,0.049075793,0.8869135362440134
2031.5180059685172,0.9098723,0.050444104,0.8869276284087274
2031.5531826889924,0.93431395,0.05016257,0.8869401068726419
2031.5883594094673,0.95414984,0.051135175,0.8869520597567577
2031.6235361299425,0.8852613,0.049669135,0.8869638009572476
2031.6587128504175,0.9168035,0.04945864,0.8869754544878025
2031.6938895708927,0.9514473,0.05094039,0.8869871025821472
2031.7290662913676,0.9597799,0.050931036,0.8869990769534942
2031.7642430118428,0.9307825,0.050304793,0.8870112678461646
2031.7994197323178,0.9306323,0.050257493,0.887023545596321
2031.834596452793,0.91194654,0.050207745,0.8870352818426506
2031.869773173268,0.9238233,0.04982782,0.8870453543220385
2031.9049498937432,0.9371937,0.050631184,0.8870517012464099
2031.9401266142181,0.9422955,0.050310023,0.8870528614842143
2031.9753033346933,0.93936074,0.05017943,0.8870484798854539
2032.0104800551685,0.92858404,0.050281562,0.8870410293216575
2032.0456567756435,0.9194007,0.050130006,0.8870332905431423
2032.0808334961187,0.9275804,0.0504445,0.8870269124122332
2032.1160102165936,0.9456993,0.050332457,0.8870223837613592
2032.1511869370688,0.8708442,0.048984352,0.8870195109029693
2032.1863636575438,0.88426965,0.049381513,0.8870181963328388
2032.221540378019,0.86100525,0.048860665,0.8870182232422565
2032.256717098494,0.92980796,0.05073287,0.887019803972825
2032.2918938189691,0.92806345,0.050340522,0.8870230022791559
2032.327070539444,0.87426275,0.049514033,0.8870277741233248
2032.3622472599193,0.9183447,0.04943657,0.8870337700548826
2032.3974239803943,0.9505319,0.050310016,0.8870405657939009
2032.4326007008694,0.9982961,0.052967686,0.8870478549511533
2032.4677774213444,0.9325304,0.05010207,0.8870556984615787
2032.5029541418196,0.9028853,0.049815197,0.8870647605810045
2032.5381308622946,0.9168764,0.052814,0.8870755491681319
2032.5733075827698,1.014808,0.061162923,0.8870882735507851
2032.6084843032447,0.9595562,0.059760515,0.887102452047183
2032.64366102372,0.88873273,0.05751135,0.8871177077428084
2032.678837744195,0.91349727,0.057657305,0.8871337217230058
2032.71401446467,0.9356007,0.055148534,0.88715080368435
2032.7491911851453,0.94723403,0.05085777,0.8871699311246177
2032.7843679056202,0.89409566,0.049343042,0.8871923432741097
2032.8195446260954,0.87668395,0.048813995,0.8872190815259828
2032.8547213465704,0.930835,0.050501693,0.8872512808066026
2032.8898980670456,0.9184844,0.050283838,0.8872892127877283
2032.9250747875205,0.8487464,0.048314404,0.8873324514538291
2032.9602515079957,0.9390363,0.050195713,0.8873797698716548
2032.9954282284707,0.8892976,0.04950747,0.8874294525182718
2033.030604948946,0.929831,0.050389323,0.8874797808628304
2033.0657816694209,0.940115,0.050776385,0.8875293797088448
2033.100958389896,0.84606844,0.048490144,0.887577401776879
2033.136135110371,0.8634598,0.048740953,0.8876233947814361
2033.1713118308462,0.8877998,0.049097713,0.8876677562145159
2033.2064885513212,0.949227,0.05096593,0.8877102906017306
2033.2416652717964,0.96390575,0.050976638,0.8877511127019231
2033.2768419922713,0.8891293,0.049296647,0.8877895749354173
2033.3120187127465,0.97246933,0.05147431,0.8878255679774616
2033.3471954332217,0.9192671,0.050339438,0.887859049346322
2033.3823721536967,0.91706204,0.049334247,0.8878902827866388
2033.4175488741719,0.9549131,0.051501494,0.8879197948891783
2033.4527255946468,0.9209591,0.05036862,0.8879482764253196
2033.487902315122,0.96742934,0.050946683,0.8879763874506292
2033.523079035597,0.91492265,0.050629858,0.8880047455917719
2033.5582557560722,0.9122676,0.05006814,0.8880337305249792
2033.5934324765472,0.89841163,0.04942988,0.8880634678566219
2033.6286091970223,0.92921335,0.050165303,0.8880940743405674
2033.6637859174973,0.9203933,0.050044462,0.8881257769761521
2033.6989626379725,0.89412063,0.049137186,0.8881584573138843
2033.7341393584475,0.88248086,0.049402755,0.8881921450102404
2033.7693160789227,0.87655807,0.049365547,0.8882267396328042
2033.8044927993976,0.8825092,0.04895459,0.8882623963600499
2033.8396695198728,0.901613,0.049767878,0.8882991495544064
2033.8748462403478,0.98803186,0.05155211,0.8883372070906277
2033.910022960823,0.91444314,0.049616344,0.8883767450238953
2033.945199681298,0.89353937,0.04938017,0.8884166069037293
2033.9803764017731,0.9136197,0.05049495,0.8884543622803438
2034.015553122248,0.8928344,0.049545906,0.8884871039041018
2034.0507298427233,0.91986114,0.04994946,0.888513685502613
2034.0859065631985,0.7970909,0.04710671,0.888535295070886
2034.1210832836734,0.83762753,0.04769048,0.8885537821645412
2034.1562600041486,0.91783166,0.049613435,0.8885701669090912
2034.1914367246236,0.92600745,0.05053972,0.8885854087577411
2034.2266134450988,0.84462637,0.04874396,0.888599693317885
2034.2617901655738,0.87690717,0.04909824,0.8886132266214777
2034.296966886049,0.9067834,0.04963077,0.8886263233450413
2034.332143606524,0.8853102,0.04890687,0.8886388213109344
2034.367320326999,0.90294003,0.04964699,0.8886509461209466
2034.402497047474,0.904188,0.049780186,0.8886624906114163
2034.4376737679493,0.94204473,0.0514097,0.8886732418051301
2034.4728504884242,0.982087,0.060127255,0.8886827171807876
2034.5080272088994,0.9414042,0.05890246,0.8886903053328974
2034.5432039293744,0.89345276,0.057204258,0.8886963404710952
2034.5783806498496,0.89672637,0.05739084,0.8887008749906176
2034.6135573703245,0.96267486,0.058575924,0.8887045421225328
2034.6487340907997,0.95245856,0.05866672,0.888706820672811
2034.6839108112747,0.8810855,0.04960821,0.8887070240228749
2034.71908753175,0.8711999,0.049055304,0.8887046682909788
2034.7542642522249,0.928503,0.050386593,0.888699811028109
2034.7894409727,0.90982944,0.0501096,0.8886933111987144
2034.8246176931752,0.91715074,0.05027198,0.8886861778451359
2034.8597944136502,0.9110213,0.049673732,0.8886795498914952
2034.8949711341254,0.85976505,0.048476055,0.8886747114967707
2034.9301478546004,0.87022537,0.048830856,0.8886732633621345
2034.9653245750756,0.84631234,0.048294745,0.8886768051832721
2035.0005012955505,0.9073168,0.050445564,0.8886862822457692
2035.0356780160257,0.99520075,0.052345496,0.8887017238301149
2035.0708547365007,0.92519695,0.050015107,0.8887220908725381
2035.1060314569759,0.9151874,0.05004287,0.8887466023438628
2035.1412081774508,0.87528217,0.049215227,0.8887735751272368
2035.176384897926,0.9521389,0.050699644,0.8888023672791008
2035.211561618401,0.92637396,0.050228287,0.8888323052960698
2035.2467383388762,0.9053902,0.0498877,0.8888631617064847
2035.2819150593511,0.84936196,0.04854112,0.8888945963883201
2035.3170917798263,0.8778734,0.04927672,0.8889258044418018
2035.3522685003013,0.9267071,0.050104015,0.8889552428253886
2035.3874452207765,0.88722533,0.048904657,0.8889821321081937
2035.4226219412515,0.8376706,0.047771085,0.8890062844400147
2035.4577986617267,0.92171144,0.050415073,0.8890282248490331
2035.4929753822016,0.98984224,0.052311905,0.889048776651271
2035.5281521026768,0.87182444,0.048903555,0.8890681997653155
2035.563328823152,0.85577434,0.04816108,0.8890868706418783
2035.598505543627,0.90534216,0.049371284,0.88910526970317
2035.6336822641022,0.88732785,0.04888034,0.8891239434559066
2035.6688589845771,0.9414592,0.05154181,0.8891432279338014
2035.7040357050523,0.9971381,0.052435026,0.8891634691781963
2035.7392124255273,0.9570304,0.051558517,0.8891847972972271
2035.7743891460025,0.8934615,0.04967139,0.8892071696119024
2035.8095658664774,0.86712444,0.04848444,0.8892304004091682
2035.8447425869526,0.9082775,0.048970867,0.8892543795809945
2035.8799193074276,0.8662657,0.04849093,0.8892788471132277
2035.9150960279028,0.89705855,0.050716665,0.8893034250633275
2035.9502727483778,0.9125704,0.049765248,0.8893277842916915
2035.985449468853,0.8840283,0.049093835,0.8893520797351382
2036.020626189328,0.935818,0.05098963,0.8893769275449264
2036.055802909803,0.91455203,0.049763747,0.8894032868187551
2036.090979630278,0.8207143,0.048182815,0.8894316076728198
2036.1261563507533,0.8683577,0.04904032,0.8894616996849543
2036.1613330712282,0.90165746,0.049159393,0.8894928907985633
2036.1965097917034,0.9264033,0.05035604,0.8895232279601765
2036.2316865121786,0.89599454,0.049459912,0.8895494787800686
2036.2668632326536,0.91871136,0.050220583,0.8895677829745573
2036.3020399531288,0.91253275,0.05069238,0.8895741927933055
2036.3372166736037,0.81144106,0.047495205,0.8895706317632883
2036.372393394079,0.85307,0.04905988,0.8895616696380702
2036.407570114554,0.9626846,0.051355135,0.8895528353335568
2036.442746835029,0.9100652,0.049690068,0.8895472291315665
2036.477923555504,0.8125764,0.04769836,0.8895457823409041
2036.5131002759792,0.87512726,0.04897492,0.8895483598514955
2036.5482769964542,0.9328169,0.04979665,0.8895545908279705
2036.5834537169294,0.9509079,0.051209748,0.8895640680061286
2036.6186304374044,0.98278105,0.051747963,0.8895762497137473
2036.6538071578796,0.8697164,0.04865519,0.8895910966812353
2036.6889838783545,0.82851094,0.048146926,0.8896080149902519
2036.7241605988297,0.8939488,0.04930991,0.8896264654527952
2036.7593373193047,0.84841144,0.048216097,0.8896455130391366
2036.7945140397799,0.8771751,0.048885535,0.8896648131427691
2036.8296907602548,0.8542999,0.049364507,0.8896846959271609
2036.86486748073,0.87804127,0.047931567,0.8897057717502488
2036.9000442012052,0.86194927,0.048560727,0.8897282995212689
2036.9352209216802,0.9304027,0.051122386,0.8897523357587547
2036.9703976421554,0.8726282,0.048942074,0.8897777863712295
2037.0055743626303,0.8902104,0.050074514,0.8898042785830859
2037.0407510831055,0.8890633,0.049309637,0.8898318802430214
2037.0759278035805,0.8260506,0.047696695,0.8898606230393711
2037.1111045240557,0.88367957,0.049653962,0.8898905191092177
2037.1462812445307,0.87052375,0.04888911,0.8899218622532553
2037.1814579650058,0.9343623,0.051037636,0.8899543237754429
2037.2166346854808,0.92491627,0.05004442,0.8899881099106508
2037.251811405956,0.93829834,0.050247442,0.8900232449085084
2037.286988126431,0.8571886,0.048625663,0.8900600118313048
2037.3221648469062,0.9111253,0.04977763,0.8900986736513385
2037.3573415673811,0.85911477,0.04885183,0.8901391326474133
2037.3925182878563,0.90989894,0.05020176,0.8901808366883863
2037.4276950083313,0.86299723,0.04862821,0.890222572089174
2037.4628717288065,0.8792212,0.048967376,0.8902635593753995
2037.4980484492814,0.8632528,0.048664108,0.890303441598644
2037.5332251697566,0.8293148,0.048194252,0.8903421907354849
2037.5684018902316,0.8478993,0.048328947,0.8903788107509457
2037.6035786107068,0.88333315,0.049407948,0.8904115890208845
2037.638755331182,0.88112044,0.048652362,0.8904401516928963
2037.673932051657,0.9014161,0.050826576,0.8904644873278424
2037.7091087721321,0.8643084,0.049541607,0.8904845254952698
2037.744285492607,0.92518646,0.050086413,0.8904965312006001
2037.7794622130823,0.87515604,0.048822585,0.8904964199601051
2037.8146389335573,0.89318186,0.048942138,0.8904849680947946
2037.8498156540325,0.9394298,0.050183374,0.8904690436016773
2037.8849923745074,0.95711863,0.05083398,0.8904568408543622
2037.9201690949826,0.93877196,0.05161457,0.8904528253791897
2037.9553458154576,0.9319166,0.0503629,0.8904562905102287
2037.9905225359328,0.8667573,0.04942595,0.8904656893119773
2038.0256992564077,0.83580273,0.04814643,0.8904798219680493
2038.060875976883,0.9032046,0.04980362,0.8904978408669609
2038.096052697358,0.8686226,0.04909178,0.8905203427748127
2038.131229417833,0.86609083,0.048958838,0.8905478277767009
2038.166406138308,0.8488451,0.048756726,0.8905817351135719
2038.2015828587832,0.83701664,0.047406483,0.8906226296974863
2038.2367595792582,0.9392068,0.05051832,0.8906710577583316
2038.2719362997334,0.9232701,0.05066377,0.8907265756424354
2038.3071130202084,0.9430418,0.05143071,0.8907857578783536
2038.3422897406836,0.8850822,0.04974707,0.8908428343601065
2038.3774664611587,0.84028757,0.047726948,0.8908919708993313
2038.4126431816337,0.8730081,0.048789933,0.8909311639207675
2038.447819902109,0.91291595,0.049965695,0.8909619649847057
2038.4829966225839,0.91908824,0.050627746,0.8909879359055798
2038.518173343059,0.8842745,0.049715105,0.8910112309816267
2038.553350063534,0.8742648,0.048927546,0.8910337555834102
2038.5885267840092,0.8654842,0.048848804,0.8910568648177686
2038.6237035044842,0.83806914,0.048460014,0.8910812316430942
2038.6588802249594,0.8483065,0.048079032,0.8911071697976172
2038.6940569454343,0.9113398,0.04966014,0.8911348588856494
2038.7292336659095,0.90127563,0.04985168,0.8911639677718859
2038.7644103863845,0.9215318,0.050538428,0.8911943451887078
2038.7995871068597,0.8636208,0.049309727,0.8912257063056156
2038.8347638273347,0.8876733,0.04882503,0.8912583378268827
2038.8699405478098,0.86894256,0.04940083,0.8912925068912403
2038.9051172682848,0.8405562,0.04827146,0.8913283801228956
2038.94029398876,0.8838726,0.04905866,0.8913661858748725
2038.975470709235,0.83942,0.048565086,0.8914060774148685
2039.0106474297102,0.85461354,0.04858356,0.891448924128304
2039.0458241501851,0.88976574,0.049362253,0.8914962702647384
2039.0810008706603,0.9032795,0.05027405,0.8915488084020081
2039.1161775911355,0.8674459,0.0481999,0.8916066501492168
2039.1513543116105,0.87570673,0.049049564,0.8916686367187139
2039.1865310320857,0.87826157,0.04961568,0.8917337474481987
2039.2217077525606,0.81546414,0.04798287,0.891800918074198
2039.2568844730358,0.8265484,0.04800642,0.8918693813942908
2039.2920611935108,0.9366967,0.050355006,0.8919389486624314
2039.327237913986,0.9703503,0.05108751,0.8920098497155835
2039.362414634461,0.88773745,0.049094863,0.8920824134851214
2039.3975913549361,0.87258774,0.049621955,0.8921572082878324
2039.432768075411,0.89672065,0.048836775,0.8922342940027463
2039.4679447958863,0.8737006,0.049039397,0.8923142090073095
2039.5031215163613,0.976674,0.05147063,0.8923968124874357
2039.5382982368365,0.86575496,0.04881453,0.8924826890848456
2039.5734749573114,0.851098,0.049056,0.8925717246647473
2039.6086516777866,0.81701726,0.047777448,0.8926631463102266
2039.6438283982616,0.870579,0.048270904,0.8927555411466361
2039.6790051187368,0.90191376,0.04957205,0.8928454071369706
2039.7141818392117,0.82445705,0.048012596,0.8929296262600701
2039.749358559687,0.8941593,0.049663186,0.8930074903076819
2039.7845352801621,0.8819861,0.04998778,0.8930791747653543
2039.819712000637,0.8846606,0.049321692,0.8931425388499831
2039.8548887211123,0.87054497,0.04859302,0.8931938104047087
2039.8900654415872,0.85704285,0.04835368,0.8932309650429661
2039.9252421620624,0.8787872,0.05007564,0.8932582042490186
2039.9604188825374,0.80477613,0.047623843,0.8932811096265434
2039.9955956030126,0.86207515,0.04862048,0.8933033230274061
2040.0307723234876,0.8728127,0.048494294,0.8933262272817842
2040.0659490439627,0.9743278,0.05137884,0.8933499049225042
2040.1011257644377,0.89481616,0.049112927,0.8933742607836032
2040.136302484913,0.8483695,0.047912885,0.8933990300788377
2040.1714792053879,0.8452313,0.049077787,0.8934236740036209
2040.206655925863,0.91277874,0.049795963,0.8934473478708519
2040.241832646338,0.9076257,0.050394416,0.893469529695812
2040.2770093668132,0.8757788,0.04852368,0.8934903427248024
2040.3121860872882,0.93728304,0.050881173,0.893511251397306
2040.3473628077634,0.87075555,0.047897924,0.8935332525788444
2040.3825395282383,0.8921649,0.049860783,0.8935570853805803
2040.4177162487135,0.9178754,0.050210815,0.8935825666795516
2040.4528929691887,0.87508446,0.049165964,0.8936095659626299
2040.4880696896637,0.87967527,0.049511,0.8936379614827954
2040.5232464101389,0.80089283,0.047145247,0.8936670407402416
2040.5584231306138,0.9078199,0.049674615,0.8936953951456719
2040.593599851089,0.8434696,0.049148895,0.8937216383423638
2040.628776571564,0.91014385,0.048889875,0.893745436582208
2040.6639532920392,0.8754515,0.049302347,0.8937683327192857
2040.6991300125142,0.8569594,0.049144305,0.8937918747008704
2040.7343067329894,0.7754704,0.046495736,0.8938171034120953
2040.7694834534643,0.88234067,0.049268942,0.8938436356433213
2040.8046601739395,0.9564949,0.051101174,0.893871249055541
2040.8398368944145,0.8551339,0.047885455,0.8938990183234425
2040.8750136148897,0.86432886,0.049309112,0.8939253026178064
2040.9101903353646,0.8615089,0.048839033,0.8939471411547599
2040.9453670558398,0.84099954,0.047797993,0.8939581029187083
2040.9805437763148,0.8746673,0.04941874,0.89394097774023
2041.01572049679,0.90191424,0.049493156,0.8938690575639113
2041.050897217265,0.92585397,0.050758023,0.8936977794865602
2041.0860739377401,0.88789946,0.049239248,0.8933756464591214
2041.121250658215,0.9178379,0.0500517,0.8928508486150211
2041.1564273786903,0.8225916,0.04904101,0.8920510520905102
2041.1916040991655,0.8992999,0.05000036,0.8909546738225922
2041.2267808196405,0.89460546,0.049619775,0.8895428748175802
2041.2619575401156,0.93030155,0.05019558,0.887881125660047
2041.2971342605906,0.9050322,0.049735032,0.886053864744683
2041.3323109810658,0.92558044,0.04989393,0.8841596214037395
2041.3674877015408,0.8709192,0.048891928,0.8822763928299967
2041.402664422016,0.8732081,0.049250424,0.8804619128790165
2041.437841142491,0.85891503,0.048622876,0.8787549660259895
2041.4730178629661,0.8936882,0.049738217,0.8771789529214231
2041.508194583441,0.9577793,0.051325407,0.8757369967261022
2041.5433713039163,0.87471515,0.048747927,0.8744177090761504
2041.5785480243912,0.8595609,0.04886792,0.8732072411835793
2041.6137247448664,0.8519184,0.04877773,0.8720969714251099
2041.6489014653414,0.8139839,0.047404367,0.8710770651682207
2041.6840781858166,0.82874745,0.047841027,0.8701405940005114
2041.7192549062916,0.8572444,0.0484761,0.8692834306519386
2041.7544316267667,0.8601107,0.048732203,0.8684987050863543
2041.7896083472417,0.8277674,0.04824952,0.8677784751111026
2041.824785067717,0.83115584,0.048018474,0.8671209179654192
2041.8599617881919,0.8281112,0.048306085,0.8665196132928561
2041.895138508667,0.85980713,0.048352953,0.8659771192836698
2041.9303152291423,0.87106824,0.048563067,0.8654922999117651
2041.9654919496172,0.8787212,0.049487647,0.8650653598231764
2042.0006686700924,0.9051778,0.04956983,0.8646994419213482
2042.0358453905674,0.9174736,0.050036382,0.8643900330983775
2042.0710221110426,0.8545393,0.048803218,0.8641388436284744
2042.1061988315175,0.9095164,0.049472116,0.8639438432924116
2042.1413755519927,0.8975868,0.049811658,0.8638056092544528
2042.1765522724677,0.8529457,0.0488189,0.8637240668826605
2042.2117289929429,0.8600144,0.04914832,0.8636971682722557
2042.2469057134178,0.87233853,0.048616126,0.863727714921814
2042.282082433893,0.887734,0.049413305,0.8638113625596068
2042.317259154368,0.8657317,0.048508145,0.8639498436465922
2042.3524358748432,0.79967487,0.046725232,0.8641418186604151
2042.3876125953182,0.8167738,0.04803095,0.8643874679999564
2042.4227893157934,0.87278336,0.049235977,0.8646899332896716
2042.4579660362683,0.84202933,0.048235413,0.8650473442871747
2042.4931427567435,0.8345068,0.04859714,0.8654633415404996
2042.5283194772185,0.8873944,0.048861727,0.86593829638752
2042.5634961976937,0.9007968,0.049370807,0.8664764676481638
2042.5986729181686,0.8654924,0.048708037,0.8670800046438019
2042.6338496386438,0.88516915,0.049506187,0.8677499561542756
2042.669026359119,0.8916426,0.049467076,0.8684941575871168
2042.704203079594,0.8157443,0.047140017,0.8693095658624079
2042.7393798000692,0.8535119,0.04871023,0.8702009052014675
2042.7745565205441,0.8676344,0.048843067,0.8711692903352837
2042.8097332410193,0.8719953,0.04921296,0.8722149506885123
2042.8449099614943,0.7592053,0.046369284,0.8733418269408236
2042.8800866819695,0.8055945,0.047178674,0.8745468554203077
2042.9152634024445,0.78868866,0.046665747,0.8758364763635063
2042.9504401229196,0.91788656,0.049659617,0.8772163939969893
2042.9856168433946,0.91167474,0.04965977,0.8787008889050429
2043.0207935638698,0.8213501,0.04748538,0.8803051004929612
2043.0559702843448,0.8577502,0.049519837,0.882035321614133
2043.09114700482,0.86145777,0.049261436,0.8838908894354844
2043.126323725295,0.7948575,0.05302288,0.8858486163086361
2043.1615004457701,0.92862254,0.058233656,0.8878747002021518
2043.196677166245,0.89466435,0.057327073,0.8899049381676514
2043.2318538867203,0.891853,0.057253562,0.8918492201315301
2043.2670306071952,0.9300906,0.058365103,0.8935911197424563
2043.3022073276704,0.83852756,0.056504868,0.8950718228986665
2043.3373840481456,0.88571227,0.05778361,0.8962286822152065
2043.3725607686206,0.92407894,0.058470346,0.8970946259189232
2043.4077374890958,0.91214526,0.058027394,0.8976997704921911
2043.4429142095707,0.88985324,0.057271097,0.8981016465371429
2043.478090930046,0.9013886,0.057502404,0.8983554542923861
2043.513267650521,0.8576875,0.056972113,0.8985109619995697
2043.548444370996,0.8987032,0.05869772,0.8986126670715546
2043.583621091471,0.8556233,0.055449065,0.8986862210778449
2043.6187978119463,0.87027365,0.056314673,0.8987478778000456
2043.6539745324212,0.84856474,0.056105826,0.8988039398756433
2043.6891512528964,0.86171246,0.056212652,0.8988572854746106
2043.7243279733714,0.88252443,0.05755833,0.8989090811417855
2043.7595046938466,0.8534147,0.056517273,0.8989595962681596
2043.7946814143215,0.8143211,0.055060547,0.8990090954270461
2043.8298581347967,0.93933344,0.059294593,0.8990573041425761
2043.8650348552717,0.873311,0.057008214,0.8991041377947586
2043.9002115757469,0.87673825,0.05677654,0.8991497010803278
2043.9353882962218,0.9007992,0.05726271,0.8991946490529602
2043.970565016697,0.88796693,0.05813233,0.899239214977243
2044.0057417371722,0.86432177,0.05662317,0.8992839328421091
2044.0409184576472,0.82437295,0.055465214,0.8993288706354146
2044.0760951781224,0.8807069,0.05759742,0.899373954117219
2044.1112718985974,0.8523992,0.05663702,0.8994190175270528
2044.1464486190725,0.88959193,0.057334196,0.8994634712770407
2044.1816253395475,0.82459426,0.056415003,0.8995068323220496
2044.2168020600227,0.82347864,0.05516037,0.8995486440061775
2044.2519787804977,0.7967689,0.05474688,0.899588237194927
2044.2871555009729,0.90639675,0.058208045,0.8996250125085943
2044.3223322214478,0.94461006,0.058988754,0.8996583921757042
2044.357508941923,0.86798364,0.05626889,0.8996885576619107
2044.392685662398,0.85502094,0.056640122,0.8997156543759343
2044.4278623828732,0.886959,0.057674516,0.899739766711713
2044.4630391033481,0.8964161,0.05729809,0.8997605312751968
2044.4982158238233,0.8788,0.057010125,0.899777218752808
2044.5333925442983,0.8964175,0.057474207,0.8997891212664523
2044.5685692647735,0.91747403,0.0578709,0.8997958971528148
2044.6037459852485,0.86484855,0.056306016,0.8997972724041965
2044.6389227057236,0.8576135,0.056933444,0.8997935621405171
2044.6740994261986,0.8912367,0.05766861,0.8997863166559056
2044.7092761466738,0.9091096,0.05816663,0.8997781826590795
2044.744452867149,0.90179145,0.057096172,0.899772735764793
2044.779629587624,0.90686584,0.05809255,0.8997741322371449
2044.8148063080992,0.93189585,0.05867462,0.8997852635887649
2044.8499830285741,0.86274534,0.056259666,0.8998081156671289
2044.8851597490493,0.93550307,0.059288073,0.899841919934087
2044.9203364695243,0.9272641,0.06237137,0.8998854827250825
2044.9555131899995,0.8164434,0.067165636,0.8999357489668134
2044.9906899104744,0.8511888,0.070869885,0.899990497941928
2045.0258666309496,0.83739656,0.06937347,0.9000475869322184
2045.0610433514246,0.85320127,0.07010674,0.9001058807693247
2045.0962200718998,0.8802445,0.07070781,0.90016469095311
2045.1313967923747,0.8488696,0.07074259,0.9002235609788398
2045.16657351285,0.872381,0.07120493,0.9002823718544555
2045.201750233325,0.92025185,0.07309468,0.9003411771065744
2045.2369269538,0.850045,0.06965492,0.9004002321142692
2045.272103674275,0.8970262,0.07174263,0.9004602063281282
2045.3072803947503,1.0065258,0.0749144,0.9005214040750633
2045.3424571152252,0.9601484,0.07373735,0.9005846213022249
2045.3776338357004,0.93083817,0.07194889,0.9006497321975835
2045.4128105561754,0.8518099,0.07008568,0.9007146181716059
2045.4479872766506,0.7170657,0.06574614,0.9007749616504416
2045.4831639971258,0.8410336,0.0702849,0.900826663969891
2045.5183407176007,0.913911,0.07165144,0.9008689210283958
2045.553517438076,0.8932062,0.07119802,0.9009065188190092
2045.5886941585509,0.8938784,0.07121523,0.9009456095167344
2045.623870879026,0.94468474,0.07407287,0.9009902892377162
2045.659047599501,0.93473214,0.07353259,0.9010411443391999
2045.6942243199762,0.8722395,0.070375144,0.9010961579775807
2045.7294010404512,0.8937555,0.0705184,0.9011532975428242
2045.7645777609264,0.96866035,0.07519429,0.9012111557435384
2045.7997544814014,0.8757132,0.0708854,0.9012690682545567
2045.8349312018765,0.7243229,0.06404876,0.9013268725303659
2045.8701079223515,0.73753136,0.06602508,0.9013842426844361
2045.9052846428267,0.7662493,0.06753547,0.9014406380088043
2045.9404613633017,0.8133833,0.06862413,0.901495327667542
2045.9756380837769,0.84551024,0.070437215,0.9015484304144019
2046.0108148042518,0.8965352,0.07121565,0.901601355130308
2046.045991524727,0.887741,0.070551455,0.9016548318619826
2046.081168245202,0.96936214,0.07494238,0.9017098360460254
2046.1163449656772,0.9011332,0.07306051,0.9017662324043842
2046.1515216861521,0.8656744,0.06917532,0.9018238978635988
2046.1866984066273,0.83150834,0.06897031,0.9018824202106833
2046.2218751271025,0.80524266,0.068096526,0.9019416056627482
2046.2570518475775,0.8887278,0.07104624,0.9020007935452832
2046.2922285680527,0.9684659,0.07324538,0.902060191069209
2046.3274052885276,0.87312144,0.070327975,0.902119878620989
2046.3625820090028,0.8734503,0.07107413,0.9021796642781746
2046.3977587294778,0.72278565,0.0650143,0.9022397067906143
2046.432935449953,0.89499754,0.07109081,0.9022998620181597
2046.468112170428,0.9819328,0.07485709,0.9023598341032975
2046.5032888909031,0.84365976,0.06898679,0.9024192958834132
2046.5384656113781,0.80548334,0.069592156,0.9024767167406399
2046.5736423318533,0.8966798,0.074050985,0.9025272028219096
2046.6088190523283,0.89375615,0.08293037,0.9025578048595285
2046.6439957728035,0.93911624,0.10639697,0.9025496738654335
2046.6791724932784,0.86892146,0.10210626,0.9024886914055082
2046.7143492137536,0.8844566,0.10330406,0.9023895188956411
2046.7495259342286,0.77099484,0.09654866,0.9022796737743579
2046.7847026547038,0.7830365,0.09730456,0.902183852427367
2046.8198793751787,0.9204607,0.10428689,0.9021071990021525
2046.855056095654,0.8813429,0.10305777,0.902045970624799
2046.8902328161291,0.8730795,0.10412718,0.901994947151473
2046.925409536604,0.80814976,0.1000994,0.9019499479510404
2046.9605862570793,0.76718843,0.097713,0.901908012647277
2046.9957629775543,0.7852385,0.09800576,0.9018683019953604
2047.0309396980294,0.7946014,0.09958924,0.9018281030546031
2047.0661164185044,0.83270186,0.10092889,0.9017821398182984
2047.1012931389796,0.83936864,0.10163175,0.9017155359825383
2047.1364698594546,0.7579384,0.09747658,0.901602225112307
2047.1716465799298,0.7747484,0.09843597,0.9013935848541355
2047.2068233004047,0.7380418,0.09605141,0.9010265702130345
2047.24200002088,0.80278593,0.09906512,0.9003923328187443
2047.2771767413549,0.86717653,0.10092631,0.899361368550286
2047.31235346183,0.8485832,0.10111909,0.8978311328446962
2047.347530182305,0.7638447,0.0976115,0.8957855853356156
2047.3827069027802,0.85209733,0.10416846,0.8933312319156799
2047.4178836232552,0.85083693,0.10357846,0.8906380663820532
2047.4530603437304,0.8144485,0.099435106,0.8879112846725665
2047.4882370642054,0.91568416,0.10390976,0.8852844936066742
2047.5234137846805,0.8970883,0.10485547,0.8828304876640418
2047.5585905051557,0.9874772,0.109786786,0.880547988139997
2047.5937672256307,0.81532925,0.101165846,0.8784531222819405
2047.628943946106,0.88484925,0.10296236,0.8765125070306627
2047.6641206665809,0.9523312,0.107360534,0.874736654341727
2047.699297387056,0.87998664,0.10395682,0.8730962292835125
2047.734474107531,0.91382056,0.10325702,0.8715954187740549
2047.7696508280062,0.8983267,0.103225626,0.8702140421196765
2047.8048275484812,0.92850935,0.10703907,0.8689486385902885
2047.8400042689564,0.78983504,0.10031611,0.8677816712015951
2047.8751809894313,0.8517771,0.103505574,0.8666974653293955
2047.9103577099065,0.7877793,0.09855157,0.8656762823957951
2047.9455344303815,0.91651726,0.1038244,0.8647177700338857
2047.9807111508567,0.77928287,0.09807468,0.8638206280758433
2048.015887871332,0.9437739,0.108895905,0.8629942938893811
2048.0510645918066,0.8551712,0.101634376,0.8622334046432991
2048.086241312282,0.87876856,0.101532124,0.8615595795934656
2048.121418032757,0.8008911,0.09899308,0.8609746117189131
2048.156594753232,0.72977513,0.095362015,0.8604909372309926
2048.191771473707,0.9811082,0.10661646,0.8600996804458535
2048.226948194182,0.76844984,0.096202195,0.8597998330715511
2048.2621249146573,0.8094329,0.09978054,0.8595881430898377
2048.2973016351325,0.94027174,0.10634415,0.859460194160848
2048.3324783556077,0.83836913,0.098571725,0.8594206117897977
2048.3676550760824,0.86169994,0.102283016,0.8594634913617563
2048.4028317965576,0.8367605,0.10090805,0.8595925106443953
2048.438008517033,0.8372278,0.10242511,0.859806773816712
2048.473185237508,0.8107991,0.10432358,0.8601055055273967
2048.5083619579827,0.8869352,0.12751223,0.8604930388481359
2048.543538678458,0.89833087,0.49995428,0.8609671532598264
2048.578715398933,,,0.8615354583593928
2048.6138921194083,,,0.8622000696652788
2048.649068839883,,,0.8629631198074991
2048.6842455603582,,,0.8638178778493418
2048.7194222808334,,,0.8647405316984232
2048.7545990013086,,,0.8657028572683257
2048.7897757217834,,,0.8667021456578788
2048.8249524422586,,,0.8677520150705953
2048.8601291627338,,,0.868875556408858
2048.895305883209,,,0.8700941125025261
2048.9304826036837,,,0.871406469882774
2048.965659324159,,,0.8728200021561593
2049.000836044634,,,0.874348213868408
